Age,Income,CreditScore,AccountAgeMonths,NumTransactions,AvgTransactionAmount,CustomerTier,Region,Feedback,SignupDate,Target,IsDrifted
46.0,82.85,732.4,0.8,10,67.93,Gold,East,Average,2023-08-25,0,0
33.1,51.7,569.4,1.7,16,42.96,Bronze,South,Good,2021-11-17,0,0
45.0,148.34,685.3,14.3,16,19.61,Bronze,North,Good,2022-08-13,1,0
49.9,43.27,710.4,4.0,21,4.19,Platinum,North,Good,2022-10-13,0,0
45.5,94.78,624.5,1.8,10,35.77,Silver,South,Good,2022-12-22,0,0
37.5,61.92,624.6,0.3,13,48.41,Gold,East,Poor,2022-08-18,1,0
30.6,54.25,692.5,1.1,21,9.28,Silver,East,Good,2020-08-18,1,0
30.3,,745.8,8.1,15,26.13,Gold,South,Good,2023-11-01,1,0
41.5,42.54,797.3,1.6,12,17.77,Bronze,East,Good,2021-03-17,0,0
40.7,394.63,690.4,0.8,12,25.57,Gold,North,Average,2020-10-06,1,0
34.7,112.95,796.7,9.8,13,21.43,Gold,West,Good,2021-05-03,1,0
30.6,74.2,740.7,8.5,16,7.5,Bronze,North,Poor,2022-11-26,0,0
41.3,,746.0,9.5,22,16.75,Silver,East,Good,2024-02-05,1,0
52.6,199.35,736.7,1.4,13,9.36,Silver,West,Average,2022-11-22,1,0
43.8,,745.5,2.8,13,19.61,Silver,West,Good,2022-03-26,1,0
37.3,138.16,723.7,16.6,20,18.95,Bronze,West,Good,2020-05-07,1,0
26.2,207.22,657.2,1.9,20,8.83,Gold,East,Good,2021-06-21,1,0
57.2,90.41,766.5,7.9,21,44.28,Bronze,North,Average,2022-05-03,1,0
35.0,128.69,600.4,8.8,14,28.24,Bronze,South,Average,2022-07-24,0,0
32.1,150.12,660.4,0.1,17,18.32,Bronze,North,Good,2023-02-15,0,0
44.5,242.45,633.7,1.4,13,87.79,Bronze,North,Good,2022-10-05,1,0
48.4,129.02,675.9,5.2,20,3.76,Bronze,West,Average,2022-10-12,0,0
40.8,71.44,705.7,2.5,17,34.11,Silver,West,Good,2023-12-11,0,0
35.0,84.2,622.8,5.3,14,49.08,Bronze,South,Good,2022-04-05,0,0
32.4,152.33,727.6,8.2,13,11.38,Bronze,West,Poor,2023-10-24,1,0
36.1,634.22,622.8,0.5,20,10.23,Platinum,East,Good,2023-10-22,1,0
35.9,104.54,716.2,6.1,19,76.73,Bronze,South,Poor,2023-05-02,1,0
53.9,67.6,666.8,0.4,18,59.63,Silver,West,Good,2024-01-14,1,0
47.8,124.17,742.0,1.4,14,49.73,Bronze,East,Good,2020-02-27,1,0
42.7,90.7,704.9,17.4,15,10.82,Silver,South,Average,2023-07-06,0,0
38.7,161.71,627.4,1.0,15,37.61,Silver,North,Poor,2021-05-16,1,0
32.2,70.66,784.2,12.6,16,5.03,Silver,West,Good,2023-06-16,1,0
43.3,106.4,577.4,1.6,20,9.77,Silver,North,Poor,2021-12-17,1,0
-1.7,76.63,674.1,8.5,26,41.03,Gold,East,Good,2022-07-07,1,0
52.7,31.34,640.8,11.7,13,3.93,Gold,South,Average,2020-03-21,0,0
36.6,33.15,699.7,2.0,17,27.73,Bronze,North,Good,2020-04-04,0,0
52.0,78.16,723.4,4.6,13,20.33,Bronze,East,Average,2021-06-07,1,0
31.6,102.35,694.4,8.2,18,16.83,Bronze,South,Good,2021-04-18,0,0
50.4,119.42,682.1,2.5,9,41.33,Bronze,East,Poor,2020-03-26,1,0
52.7,133.24,656.3,3.9,16,20.03,Silver,North,Good,2021-11-22,1,0
23.2,126.19,667.5,1.0,12,13.6,Gold,North,Average,2022-11-29,1,0
39.9,118.02,740.8,6.3,15,31.61,Gold,North,Poor,2022-04-15,1,0
21.7,145.28,643.0,3.3,15,24.88,Bronze,North,Good,2020-06-20,1,0
68.7,62.64,689.3,9.5,18,22.82,Platinum,West,Good,2021-05-27,1,0
32.9,128.12,684.1,8.4,17,15.56,Bronze,West,Good,2020-10-22,1,0
12.1,222.85,607.0,2.5,15,44.59,Bronze,East,Good,2021-08-01,1,0
47.6,351.57,709.1,0.8,13,24.5,Gold,North,Average,2021-05-31,1,0
55.4,68.94,678.6,6.4,18,12.91,Silver,East,Good,2020-03-09,0,0
19.8,62.61,738.1,0.7,9,23.81,Gold,East,Good,2022-10-04,1,0
62.6,201.79,779.7,13.6,22,13.34,Bronze,West,Poor,2023-04-20,1,0
21.0,210.46,660.2,7.8,16,34.08,Silver,West,Poor,2023-05-18,1,0
37.7,108.61,640.3,0.2,13,25.07,Bronze,North,Good,2022-12-08,1,0
70.9,93.27,700.7,1.2,21,19.7,Bronze,North,Good,2023-12-18,0,0
21.6,,779.6,0.5,13,19.8,Gold,South,Poor,2020-06-10,1,0
38.9,91.65,664.8,5.6,19,11.22,Silver,North,Good,2020-04-05,0,0
19.7,52.44,711.5,6.7,20,11.33,Gold,East,Average,2022-03-25,1,0
54.2,60.22,747.5,1.2,9,15.05,Platinum,South,Good,2023-02-12,1,0
47.4,43.81,647.8,11.5,17,16.81,Gold,East,Poor,2020-02-10,1,0
43.1,162.33,783.3,1.0,21,45.22,Bronze,East,Good,2022-10-16,0,0
49.9,83.53,737.4,14.9,14,66.74,Bronze,South,Good,2022-01-20,1,0
,,682.4,0.4,18,24.39,Silver,South,Good,2020-05-10,1,0
36.3,60.62,733.2,3.7,9,45.07,Gold,East,Average,2021-01-08,1,0
36.6,96.86,684.5,4.4,15,22.03,Bronze,East,Good,2022-04-06,0,0
51.3,66.05,704.8,1.3,10,13.88,Silver,South,Average,2020-12-29,0,0
41.7,251.68,750.5,2.7,14,17.17,Bronze,North,Good,2021-04-21,1,0
30.3,79.8,714.3,6.6,18,3.79,Bronze,West,Good,2021-02-02,1,0
51.8,79.17,697.5,4.8,12,34.46,Silver,East,Average,2023-09-15,1,0
45.6,122.11,637.5,3.7,16,31.73,Bronze,East,Good,2023-03-14,1,0
68.3,158.02,658.0,10.5,12,22.91,Gold,West,Poor,2021-06-04,1,0
37.2,95.71,727.6,0.6,15,20.72,Silver,East,Average,2023-08-05,0,0
44.9,138.24,725.1,5.7,16,39.88,Bronze,West,Poor,2022-11-20,0,0
44.4,71.09,701.4,0.0,12,55.86,Platinum,East,Good,2021-11-30,1,0
39.4,73.85,682.4,1.0,11,48.71,Platinum,North,Average,2021-02-04,1,0
44.4,65.66,693.4,7.4,17,3.94,Bronze,West,Good,2021-01-31,0,0
45.6,127.32,675.8,10.1,25,15.12,Gold,West,Poor,2020-03-24,1,0
37.1,111.19,637.4,10.0,11,63.75,Gold,West,Poor,2020-07-17,1,0
55.0,120.89,648.5,0.7,17,19.3,Bronze,South,Good,2022-10-10,1,0
38.6,44.4,653.1,18.4,18,73.34,Gold,West,Poor,2022-02-17,1,0
40.0,44.92,775.2,4.1,15,40.52,Bronze,North,Good,2022-07-06,1,0
44.2,97.48,785.1,4.7,23,60.73,Gold,East,Good,2021-04-03,0,0
44.8,333.45,681.5,0.3,12,23.66,Gold,North,Poor,2023-10-11,1,0
24.3,184.76,675.5,0.4,14,238.71,Silver,North,Poor,2022-05-11,0,0
50.5,142.72,855.2,3.6,16,26.52,Bronze,East,Average,2022-07-20,1,0
46.4,42.42,768.8,0.7,11,37.4,Platinum,North,Poor,2022-10-01,1,0
61.7,153.06,713.4,1.9,14,11.35,Bronze,East,Average,2020-10-27,1,0
32.9,27.9,655.7,3.0,12,28.2,Bronze,East,Good,2023-05-12,0,0
36.4,113.05,683.7,0.3,5,12.93,Silver,West,Good,2022-10-05,1,0
21.5,121.76,593.9,3.8,10,25.39,Bronze,West,Average,2022-10-28,0,0
37.7,102.56,743.5,14.5,17,29.86,Silver,West,Average,2021-08-10,1,0
50.1,267.53,650.5,4.6,13,14.13,Platinum,West,Good,2023-03-28,1,0
52.6,126.72,736.1,2.9,19,33.39,Silver,North,Good,2023-01-04,1,0
52.8,346.43,684.8,4.4,11,19.54,Gold,East,Average,2020-11-23,1,0
23.3,33.54,751.1,4.7,21,141.43,Platinum,North,Poor,2021-04-14,1,0
46.3,101.91,822.8,0.5,18,43.95,Platinum,West,Average,2023-07-10,1,0
41.9,51.3,769.9,4.0,24,18.91,Gold,West,Good,2021-06-04,1,0
43.8,222.69,657.1,6.6,10,8.61,Bronze,North,Poor,2021-11-03,1,0
51.6,339.11,672.1,4.5,10,6.71,Silver,South,Average,2021-04-03,0,0
20.5,126.22,645.0,2.2,8,11.37,Bronze,West,Good,2020-05-28,1,0
23.7,80.36,692.8,2.3,13,13.16,Bronze,West,Average,2023-08-19,1,0
31.2,188.98,754.6,13.1,12,32.7,Bronze,West,Poor,2020-12-29,1,0
45.1,110.1,707.8,0.9,7,144.4,Bronze,South,Good,2022-02-08,0,0
65.9,45.66,741.8,3.4,14,20.59,Gold,West,Average,2022-08-05,0,0
48.5,96.75,663.9,1.9,16,164.58,Gold,West,Good,2021-04-27,1,0
40.7,123.69,696.5,1.9,15,29.64,Bronze,East,Good,2020-09-10,0,0
33.2,62.74,782.0,4.8,12,18.55,Bronze,North,Average,2022-06-01,1,0
31.2,57.63,670.4,5.3,19,13.38,Silver,South,Average,2022-09-08,0,0
33.1,19.02,672.7,3.8,11,27.48,Bronze,West,Poor,2020-06-21,1,0
19.1,89.75,680.5,5.3,19,31.28,Gold,South,Poor,2021-09-16,0,0
20.8,70.52,695.6,5.1,17,41.98,Bronze,East,Good,2023-12-10,0,0
49.5,188.04,693.8,0.2,15,21.66,Silver,West,Poor,2023-05-19,1,0
54.2,138.57,749.8,4.9,14,10.96,Bronze,East,Average,2020-06-17,0,0
39.1,47.46,698.2,12.6,15,8.92,Bronze,North,Good,2023-11-26,1,0
47.0,98.36,675.8,1.1,12,15.41,Gold,West,Poor,2020-05-28,0,0
48.0,182.01,709.1,20.9,23,7.12,Bronze,North,Average,2020-10-09,0,0
57.7,,733.0,0.6,10,63.32,Silver,West,Good,2020-05-15,0,0
55.5,69.85,713.0,6.6,16,6.55,Bronze,West,Average,2021-08-20,0,0
,145.28,756.3,9.2,15,37.61,Bronze,South,Average,2021-06-19,1,0
35.3,70.31,627.8,10.4,15,5.32,Bronze,North,Average,2022-02-04,1,0
53.1,38.38,722.8,6.9,19,10.44,Bronze,North,Average,2021-04-25,1,0
27.7,273.82,761.1,0.6,14,32.0,Bronze,East,Average,2021-05-14,1,0
33.7,143.0,605.2,14.1,12,23.02,Gold,West,Good,2020-02-18,1,0
41.2,98.26,676.8,2.5,22,15.23,Bronze,South,Good,2023-09-27,1,0
51.0,55.59,774.6,0.3,15,16.17,Bronze,West,Good,2020-07-14,1,0
44.2,248.13,758.0,7.7,16,14.86,Platinum,North,Average,2022-09-10,1,0
32.7,239.27,713.2,3.9,14,12.52,Gold,East,Average,2020-07-16,1,0
37.6,82.68,693.8,6.9,12,49.18,Bronze,South,Poor,2020-08-30,0,0
53.9,56.77,627.7,10.5,12,21.67,Platinum,West,Good,2023-07-01,1,0
30.4,25.08,659.3,2.9,11,17.04,Bronze,South,Average,2021-04-29,0,0
25.4,96.61,749.1,1.9,10,33.96,Bronze,West,Average,2021-09-04,1,0
40.3,210.05,696.0,20.7,17,28.84,Bronze,West,Good,2020-09-03,1,0
34.0,125.87,714.7,2.1,17,18.92,Bronze,West,Poor,2022-09-12,1,0
50.3,81.34,660.8,4.8,14,32.68,Gold,West,Poor,2022-07-19,1,0
45.6,49.21,688.8,10.1,11,12.49,Bronze,West,Good,2021-04-04,1,0
50.3,,622.0,1.3,14,6.41,Silver,West,Good,2020-10-07,1,0
46.5,153.06,,4.9,15,104.11,Silver,North,Good,2021-11-06,1,0
49.6,34.13,647.3,6.8,16,8.55,Bronze,North,Good,2022-05-30,1,0
62.3,150.74,659.6,3.4,18,11.33,Bronze,West,Good,2021-04-24,0,0
57.7,72.88,744.3,2.9,16,24.14,Silver,East,Good,2024-01-18,1,0
29.2,51.49,717.7,1.6,14,19.77,Bronze,North,Average,2020-10-09,1,0
23.1,85.64,624.8,1.2,15,36.89,Bronze,North,Good,2022-06-10,1,0
33.9,84.01,741.5,1.7,19,12.61,Gold,East,Good,2022-02-17,1,0
57.8,58.81,717.2,1.5,17,37.16,Gold,West,Average,2023-03-22,0,0
59.3,154.18,686.6,3.0,13,9.85,Silver,West,Good,2023-11-02,1,0
49.7,108.11,,0.7,9,154.08,Bronze,East,Average,2021-01-21,0,0
38.5,29.1,672.6,0.7,16,21.63,Gold,East,Poor,2024-01-01,0,0
43.1,169.14,671.9,3.0,16,6.94,Bronze,West,Good,2023-02-15,0,0
26.7,79.13,684.6,0.8,17,37.48,Bronze,South,Good,2021-07-29,0,0
62.7,68.22,697.7,0.1,14,8.03,Bronze,South,Good,2020-09-18,0,0
48.4,73.68,758.7,20.7,14,27.0,Bronze,East,Good,2020-10-31,1,0
52.7,68.0,657.0,3.5,17,31.36,Gold,East,Good,2023-07-27,0,0
48.5,150.36,647.6,7.9,14,7.68,Bronze,West,Average,2020-03-04,1,0
31.9,94.2,681.9,0.2,15,96.96,Gold,South,Good,2023-06-05,1,0
14.4,591.49,,19.7,14,24.01,Gold,East,Poor,2022-12-07,1,0
27.7,55.89,644.9,0.2,27,10.18,Gold,West,Poor,2021-11-13,0,0
33.7,165.42,710.6,7.9,13,79.9,Bronze,North,Poor,2020-07-06,1,0
39.7,53.03,691.8,2.6,8,11.07,Bronze,West,Poor,2023-08-06,1,0
38.4,34.1,722.4,5.5,14,10.97,Bronze,South,Good,2023-06-08,0,0
20.2,185.28,657.3,11.0,15,26.26,Silver,East,Good,2020-06-08,1,0
46.3,31.72,665.2,0.9,20,69.8,Gold,South,Good,2024-01-04,1,0
36.1,98.8,741.3,1.9,9,10.04,Bronze,West,Good,2021-09-03,0,0
42.2,118.66,736.9,9.3,17,21.95,Bronze,West,Good,2021-06-06,0,0
47.4,185.37,693.0,15.7,15,14.01,Silver,North,Good,2023-06-13,1,0
59.5,61.99,746.7,6.6,17,15.48,Gold,North,Good,2022-02-14,1,0
58.6,57.01,709.6,1.7,13,17.84,Bronze,East,Good,2020-02-22,0,0
42.1,94.58,733.0,1.6,18,16.11,Bronze,North,Good,2020-06-23,0,0
51.8,57.67,591.9,2.3,20,24.64,Gold,West,Average,2024-01-19,1,0
41.8,131.82,664.7,5.6,12,19.41,Silver,East,Average,2020-10-04,1,0
55.4,125.79,644.4,8.3,17,24.46,Silver,South,Good,2021-07-17,1,0
53.4,175.63,699.8,1.3,6,37.28,Bronze,West,Good,2023-02-19,0,0
66.3,28.88,671.8,0.9,14,18.79,Bronze,West,Poor,2020-11-28,0,0
39.6,353.19,727.3,3.7,11,18.35,Platinum,North,Good,2020-06-02,1,0
,232.74,,7.4,13,15.58,Silver,West,Poor,2022-01-23,1,0
47.4,79.48,,1.3,13,7.28,Gold,North,Good,2022-06-07,1,0
39.9,130.19,554.9,5.0,9,99.51,Bronze,South,Good,2022-11-06,0,0
25.5,139.55,700.7,1.2,5,9.36,Bronze,West,Good,2022-01-02,1,0
51.1,67.75,689.1,11.7,20,8.26,Gold,West,Poor,2022-01-23,1,0
35.6,117.49,700.6,2.6,13,35.44,Gold,East,Good,2021-03-08,1,0
44.2,67.2,666.2,18.1,11,20.64,Bronze,North,Good,2022-04-23,1,0
19.3,59.95,759.7,8.5,11,9.16,Platinum,West,Poor,2021-05-18,1,0
58.0,66.5,612.6,5.0,15,22.34,Platinum,East,Good,2022-05-18,1,0
53.0,163.58,740.8,5.9,12,18.93,Bronze,South,Good,2023-08-24,1,0
59.6,24.88,690.9,3.5,14,4.17,Bronze,West,Good,2020-03-18,0,0
50.7,127.12,725.0,0.3,15,20.9,Gold,North,Poor,2021-10-20,1,0
26.6,49.05,718.8,8.0,12,38.39,Silver,West,Poor,2023-05-18,1,0
25.3,69.35,733.8,2.8,20,18.0,Bronze,South,Good,2020-01-19,0,0
33.3,110.39,733.6,4.6,29,34.09,Silver,West,Average,2023-01-10,1,0
30.1,60.48,612.6,1.7,16,18.13,Bronze,West,Good,2022-08-07,0,0
56.5,159.68,750.4,3.0,17,4.04,Silver,North,Good,2024-01-15,0,0
46.6,110.43,719.5,6.0,17,6.95,Bronze,East,Good,2023-04-02,0,0
30.0,136.8,,6.8,13,108.26,Bronze,West,Poor,2021-10-05,1,0
58.8,195.24,740.4,0.5,18,9.22,Bronze,North,Good,2022-08-01,0,0
59.1,239.97,626.1,10.8,14,8.12,Bronze,West,Good,2022-05-19,1,0
48.2,79.39,753.6,1.6,13,133.1,Silver,West,Good,2021-03-20,0,0
26.2,96.37,680.2,3.5,19,61.39,Bronze,East,Good,2022-05-24,1,0
61.0,,665.0,0.9,8,13.55,Silver,West,Poor,2022-03-13,0,0
20.5,111.28,686.4,10.3,19,22.75,Gold,West,Average,2023-04-15,1,0
52.8,24.92,630.0,9.8,17,20.32,Gold,East,Good,2021-12-26,1,0
37.3,21.21,779.7,9.9,15,13.83,Bronze,East,Good,2021-09-29,1,0
37.4,74.81,821.3,1.4,7,28.4,Bronze,North,Poor,2020-12-28,0,0
53.0,169.55,700.0,2.7,20,7.12,Silver,North,Average,2022-04-11,0,0
,69.76,754.6,15.1,18,35.61,Gold,East,Good,2021-06-24,1,0
43.4,258.57,,9.3,15,27.42,Gold,South,Good,2022-08-19,1,0
29.2,60.11,698.7,1.0,14,12.55,Platinum,North,Poor,2020-11-18,1,0
32.7,23.97,744.9,6.2,17,55.7,Bronze,West,Average,2021-12-19,1,0
14.0,108.07,756.3,0.1,11,37.29,Bronze,East,Good,2022-07-13,1,0
46.4,115.28,779.5,1.8,14,24.66,Bronze,East,Good,2023-06-14,1,0
29.1,223.98,725.5,8.0,12,45.81,Bronze,West,Average,2023-02-26,1,0
52.5,121.27,692.2,20.5,18,57.21,Bronze,South,Good,2022-06-11,0,0
,181.05,733.5,27.8,12,15.9,Bronze,North,Poor,2020-10-25,1,0
69.4,44.44,646.2,16.2,14,7.94,Bronze,South,Good,2023-12-09,0,0
44.6,173.22,800.6,10.0,16,45.56,Platinum,West,Good,2020-03-14,1,0
22.2,38.9,775.8,3.2,14,59.2,Gold,South,Poor,2022-11-03,1,0
46.7,81.76,700.1,5.9,17,7.23,Bronze,North,Average,2023-07-07,1,0
47.6,86.48,708.5,0.1,11,14.58,Silver,East,Poor,2023-03-25,1,0
44.6,79.62,787.8,2.2,7,70.7,Silver,North,Average,2021-09-19,1,0
54.6,66.55,669.8,5.9,16,12.07,Platinum,West,Good,2021-01-14,1,0
32.0,80.91,667.0,3.2,12,11.43,Bronze,North,Poor,2021-08-06,1,0
27.8,57.01,680.9,2.2,17,12.63,Bronze,West,Good,2020-06-14,0,0
46.9,30.83,682.0,4.3,15,25.56,Silver,South,Good,2023-03-14,1,0
29.6,39.25,673.0,4.0,11,8.38,Bronze,East,Average,2020-02-09,1,0
0.1,37.29,678.8,9.8,14,46.0,Silver,West,Good,2022-05-26,0,0
66.6,81.82,714.8,2.3,17,5.97,Silver,North,Good,2023-12-06,0,0
58.7,305.22,762.3,1.5,13,12.81,Silver,South,Poor,2023-02-24,1,0
43.6,112.75,767.7,0.8,14,34.85,Bronze,South,Poor,2020-04-18,0,0
48.9,163.91,768.6,3.6,13,32.65,Silver,East,Average,2022-04-28,1,0
32.2,90.12,702.8,2.9,19,13.33,Bronze,South,Good,2020-05-19,0,0
35.0,45.69,677.5,6.9,10,54.91,Bronze,East,Average,2023-12-01,0,0
30.0,82.8,669.2,1.7,13,5.4,Bronze,East,Average,2022-10-26,0,0
44.0,123.97,651.9,16.5,17,9.16,Platinum,South,Good,2022-03-06,1,0
34.4,45.02,645.2,17.2,14,25.5,Bronze,South,Average,2023-07-29,1,0
37.7,218.6,680.3,6.3,20,31.83,Gold,South,Good,2021-01-02,1,0
54.7,77.07,717.6,3.8,12,12.73,Bronze,East,Good,2022-02-27,0,0
29.1,100.79,703.3,6.0,14,47.54,Platinum,North,Good,2020-07-10,1,0
41.8,59.88,721.2,0.5,11,106.12,Bronze,West,Poor,2021-08-28,1,0
35.0,279.39,727.8,1.5,16,6.9,Gold,West,Good,2023-05-16,1,0
39.2,,761.7,1.3,14,19.07,Gold,South,Good,2023-06-22,1,0
62.0,38.14,691.2,1.4,17,27.84,Bronze,West,Poor,2022-06-21,0,0
33.0,102.98,735.7,2.6,16,3.9,Bronze,North,Good,2023-03-10,1,0
45.6,31.41,678.1,3.7,17,13.06,Bronze,West,Good,2022-08-19,0,0
24.8,250.01,710.1,5.7,14,74.11,Gold,North,Poor,2021-05-08,1,0
43.7,34.21,725.0,1.2,20,16.05,Gold,East,Average,2022-08-16,1,0
56.2,67.72,703.7,5.4,17,15.35,Platinum,North,Average,2023-04-13,1,0
42.2,47.8,769.5,6.4,17,16.18,Gold,North,Good,2020-02-17,1,0
45.9,72.62,693.0,0.3,14,36.3,Silver,North,Average,2021-03-06,1,0
69.1,196.41,672.0,3.6,11,27.27,Silver,North,Good,2021-04-09,1,0
16.2,62.43,733.9,0.3,15,10.8,Bronze,South,Average,2021-04-05,0,0
34.5,59.34,642.3,5.7,7,4.95,Bronze,East,Good,2022-04-09,0,0
50.3,110.42,678.1,3.9,9,26.68,Silver,East,Good,2022-09-15,0,0
54.9,,813.3,21.1,18,22.05,Silver,East,Average,2020-05-23,1,0
46.7,386.67,690.2,3.4,11,5.31,Gold,West,Average,2023-02-05,1,0
48.2,87.07,758.0,5.3,12,7.28,Bronze,North,Average,2023-07-30,0,0
35.0,26.7,646.5,4.0,11,92.68,Silver,West,Good,2021-06-07,0,0
54.6,99.51,713.2,9.9,16,15.46,Gold,East,Average,2021-10-24,1,0
54.6,254.91,758.3,4.1,13,7.42,Bronze,West,Poor,2021-09-01,1,0
47.6,73.97,642.4,0.5,16,23.16,Bronze,East,Poor,2021-12-31,1,0
57.0,20.23,763.8,2.0,13,26.32,Silver,East,Good,2022-08-04,1,0
21.1,119.42,683.8,26.2,9,58.21,Silver,West,Good,2020-04-20,1,0
70.7,61.23,657.3,0.3,9,21.5,Silver,North,Average,2021-02-14,0,0
60.3,173.06,644.8,11.2,18,22.39,Platinum,East,Average,2021-12-20,1,0
28.4,239.15,685.8,2.7,22,71.7,Bronze,East,Poor,2021-06-21,1,0
40.0,58.37,715.4,0.0,16,19.6,Silver,South,Good,2020-08-04,0,0
69.3,65.02,610.2,2.1,10,66.18,Bronze,East,Good,2021-12-30,1,0
36.0,66.12,713.6,5.7,16,4.54,Bronze,West,Average,2023-04-25,1,0
43.3,12.14,668.8,7.8,21,8.96,Bronze,North,Average,2021-01-17,0,0
38.8,,831.7,13.7,17,30.73,Gold,West,Good,2022-06-23,1,0
54.3,34.46,689.0,3.1,19,16.25,Silver,North,Good,2023-01-26,0,0
45.6,201.89,726.1,3.9,16,18.57,Silver,East,Good,2021-02-19,1,0
13.9,140.47,721.6,1.4,16,12.08,Gold,West,Poor,2021-06-03,1,0
41.5,57.93,750.7,4.1,25,23.14,Bronze,North,Good,2023-12-02,0,0
,27.95,732.3,5.7,11,36.45,Silver,East,Good,2023-04-28,1,0
53.8,206.81,684.9,2.7,11,2.5,Platinum,East,Average,2023-12-26,1,0
24.9,122.05,653.3,2.0,18,23.79,Silver,East,Poor,2022-09-25,1,0
21.7,32.42,670.1,6.6,14,47.58,Gold,West,Poor,2023-04-15,0,0
52.4,226.17,666.6,5.0,16,21.82,Bronze,South,Good,2021-09-18,1,0
58.0,274.41,694.8,4.0,16,7.45,Gold,North,Good,2022-12-09,1,0
24.4,71.92,645.1,2.9,13,20.72,Bronze,East,Good,2020-02-27,1,0
40.8,72.53,655.4,4.9,16,19.12,Silver,West,Good,2021-03-04,1,0
54.1,120.39,623.3,1.5,13,39.29,Bronze,West,Good,2020-12-10,0,0
40.9,41.43,665.2,2.6,19,9.64,Silver,East,Average,2023-11-12,1,0
52.8,126.14,703.1,0.1,18,21.32,Bronze,East,Good,2022-02-06,0,0
40.0,179.53,643.4,7.1,18,36.87,Silver,North,Poor,2023-03-20,1,0
34.7,52.35,696.3,5.0,18,29.62,Bronze,North,Good,2020-11-20,1,0
41.3,94.2,767.1,11.4,20,11.54,Platinum,South,Good,2023-03-13,1,0
43.1,102.27,739.1,9.7,18,14.23,Silver,West,Average,2024-01-02,1,0
51.9,62.23,693.6,5.4,23,26.38,Gold,North,Average,2020-07-09,1,0
49.5,69.72,727.0,5.1,14,43.93,Bronze,South,Average,2020-08-11,0,0
45.4,102.68,678.4,0.7,16,10.67,Bronze,North,Good,2021-07-15,0,0
52.0,58.1,648.9,0.1,13,15.76,Bronze,East,Good,2022-02-03,0,0
52.9,82.66,586.3,2.6,10,110.83,Bronze,West,Average,2022-05-11,0,0
34.5,81.81,681.5,1.2,11,6.83,Bronze,East,Poor,2020-04-06,0,0
50.4,164.17,738.5,12.5,9,10.42,Gold,South,Average,2024-01-03,1,0
53.7,91.54,689.4,22.5,18,66.91,Silver,West,Poor,2020-12-28,1,0
23.9,99.07,666.1,1.3,13,18.38,Platinum,West,Average,2021-07-07,1,0
27.5,44.55,723.2,0.7,17,12.93,Bronze,West,Good,2022-03-30,0,0
32.4,115.79,660.3,1.2,15,2.18,Gold,West,Average,2020-04-17,1,0
45.9,53.47,674.4,3.5,17,9.79,Silver,North,Good,2020-02-14,1,0
49.6,117.97,717.5,3.5,19,11.91,Silver,South,Good,2020-03-19,1,0
48.6,124.63,723.6,8.6,16,23.92,Platinum,East,Poor,2021-10-31,1,0
30.6,48.67,759.2,6.0,13,76.64,Bronze,South,Poor,2020-05-09,1,0
31.3,82.38,,6.5,13,24.31,Bronze,East,Good,2021-08-31,1,0
,58.14,716.0,10.8,16,75.41,Bronze,North,Poor,2023-01-10,1,0
72.1,93.58,668.9,1.9,15,21.94,Gold,North,Good,2023-03-23,1,0
48.4,77.34,775.7,8.4,13,27.62,Gold,South,Average,2022-12-05,1,0
38.5,63.98,672.3,6.9,13,94.82,Bronze,East,Average,2020-03-30,0,0
40.9,50.38,,8.2,13,6.19,Silver,East,Average,2022-01-17,1,0
51.5,118.81,641.0,6.5,16,23.05,Gold,West,Average,2021-11-04,0,0
21.2,166.59,712.1,4.4,8,6.84,Silver,South,Poor,2021-08-03,1,0
47.6,29.19,720.5,2.9,22,40.62,Bronze,North,Average,2022-08-20,1,0
35.2,46.46,717.4,6.5,16,21.53,Silver,East,Average,2022-04-20,1,0
32.9,142.3,672.2,3.5,19,58.24,Bronze,West,Good,2022-06-23,1,0
47.2,78.31,701.5,6.7,15,16.18,Platinum,East,Average,2023-11-06,1,0
54.3,82.32,683.9,8.8,15,13.38,Silver,South,Good,2021-07-29,1,0
59.0,37.76,680.7,5.3,13,41.48,Gold,North,Good,2020-06-25,0,0
27.2,163.55,663.6,3.3,18,112.03,Bronze,West,Good,2020-02-26,1,0
41.0,36.16,713.2,11.8,18,14.4,Gold,East,Good,2020-10-08,0,0
34.5,115.22,631.4,6.4,12,22.94,Gold,South,Average,2022-07-12,1,0
21.5,82.52,677.7,2.0,15,21.99,Platinum,North,Good,2023-03-13,1,0
21.9,52.48,700.3,2.6,17,12.86,Bronze,West,Good,2021-09-06,0,0
29.1,43.33,750.9,13.3,11,37.2,Gold,North,Good,2020-11-02,1,0
27.9,32.28,732.6,5.1,15,6.99,Bronze,East,Good,2023-07-02,1,0
37.1,28.96,677.3,2.6,7,8.74,Gold,North,Average,2020-10-20,0,0
41.4,86.47,714.5,3.5,18,15.05,Silver,West,Good,2021-04-18,1,0
11.7,66.09,661.7,4.0,14,19.54,Bronze,West,Average,2020-07-25,0,0
45.3,163.66,642.4,3.6,11,27.85,Bronze,South,Poor,2020-02-24,0,0
61.8,73.28,713.9,1.7,11,13.36,Bronze,West,Good,2021-04-23,0,0
28.4,98.77,761.7,7.9,15,97.39,Gold,South,Poor,2020-03-20,0,0
20.2,129.38,666.2,33.6,7,5.71,Bronze,North,Good,2022-09-24,1,0
61.9,78.04,627.0,2.1,19,11.96,Platinum,East,Average,2020-02-11,0,0
53.1,148.05,720.9,15.6,12,15.46,Bronze,North,Good,2020-07-22,0,0
33.6,76.75,657.9,9.5,19,27.36,Gold,North,Good,2022-07-08,1,0
29.2,128.41,659.1,0.8,11,37.36,Silver,West,Good,2021-06-13,1,0
42.6,127.16,651.1,1.5,16,15.86,Bronze,East,Average,2023-11-22,1,0
43.5,27.19,,6.7,7,42.25,Bronze,South,Good,2020-05-19,0,0
58.3,94.26,810.5,7.7,14,26.63,Gold,South,Good,2021-12-10,1,0
51.5,126.75,614.0,13.9,17,11.05,Bronze,South,Good,2023-07-16,1,0
34.9,39.67,,2.3,12,35.26,Bronze,South,Average,2023-08-12,1,0
33.3,60.58,665.0,1.0,20,35.4,Bronze,West,Poor,2021-01-30,0,0
53.0,235.68,721.1,1.6,15,69.79,Silver,West,Average,2023-02-13,1,0
28.7,64.3,598.2,1.5,15,20.86,Platinum,West,Average,2023-01-19,1,0
33.6,86.28,779.7,1.5,19,20.04,Gold,North,Poor,2021-04-23,1,0
36.6,79.93,682.3,3.7,17,164.87,Platinum,South,Good,2021-10-21,1,0
32.7,70.62,665.7,14.3,16,6.38,Gold,North,Average,2020-12-14,1,0
45.6,198.33,613.0,0.1,9,8.65,Gold,East,Average,2023-12-06,0,0
53.0,68.45,681.4,0.3,14,88.12,Platinum,East,Good,2021-05-16,0,0
52.5,123.75,741.8,1.8,7,46.35,Silver,North,Good,2020-09-15,0,0
42.7,64.27,672.3,2.7,12,35.05,Bronze,North,Poor,2022-05-02,0,0
47.2,26.73,710.0,4.4,11,15.56,Bronze,North,Average,2023-01-21,1,0
26.1,40.45,622.4,0.1,18,34.11,Silver,East,Average,2022-12-01,1,0
26.2,,793.4,7.6,17,54.3,Bronze,East,Poor,2023-10-23,1,0
47.9,136.2,727.5,0.2,15,7.2,Platinum,West,Good,2020-01-16,1,0
52.3,68.31,744.1,13.2,11,19.86,Platinum,West,Good,2022-08-24,1,0
43.5,57.65,697.5,14.6,17,29.7,Bronze,South,Good,2021-03-14,1,0
44.2,52.53,675.6,5.3,15,47.44,Silver,East,Good,2022-04-01,1,0
17.8,53.12,797.2,1.3,12,15.24,Gold,West,Good,2021-06-24,1,0
41.6,84.03,655.7,0.3,17,39.69,Bronze,East,Good,2020-09-16,0,0
27.2,252.5,655.2,0.1,21,23.94,Gold,West,Good,2021-12-08,1,0
47.5,195.03,703.7,3.7,11,17.99,Bronze,South,Good,2021-01-20,0,0
35.9,81.18,736.3,3.4,20,22.41,Gold,East,Good,2023-03-31,1,0
39.9,98.97,686.1,8.0,16,56.43,Silver,East,Average,2022-09-12,1,0
35.3,,648.6,4.9,11,13.62,Silver,South,Good,2020-07-29,1,0
37.1,90.49,782.7,2.9,18,12.56,Gold,East,Good,2020-04-15,1,0
,148.81,666.0,1.1,16,1.95,Platinum,South,Good,2021-02-25,1,0
59.0,135.24,664.1,1.2,12,23.65,Silver,South,Poor,2023-07-25,0,0
24.2,81.23,687.5,3.2,22,18.39,Bronze,North,Poor,2022-01-28,1,0
45.8,47.8,741.1,7.5,17,9.3,Gold,North,Good,2023-04-11,1,0
45.4,113.65,679.6,1.2,22,22.11,Bronze,East,Good,2023-05-23,0,0
55.3,144.68,739.4,4.9,10,24.79,Gold,North,Average,2021-07-09,1,0
32.7,128.45,720.5,1.7,24,26.72,Bronze,East,Average,2023-04-12,1,0
40.5,76.39,709.9,8.6,14,30.39,Bronze,East,Average,2022-07-16,1,0
35.7,117.89,662.4,5.2,18,23.47,Bronze,North,Good,2022-03-31,0,0
64.7,104.83,670.7,1.8,8,37.21,Bronze,North,Average,2021-11-30,1,0
49.4,50.41,713.1,0.7,14,45.54,Gold,West,Good,2021-03-08,1,0
45.4,24.29,766.8,2.1,19,27.22,Bronze,East,Average,2020-01-17,0,0
44.6,92.53,683.1,7.5,11,24.24,Bronze,East,Poor,2020-01-16,1,0
23.3,58.87,686.9,7.1,11,5.6,Bronze,South,Average,2022-09-19,0,0
55.9,81.99,651.6,8.6,14,31.46,Bronze,South,Average,2023-12-14,1,0
48.2,79.89,614.6,6.1,12,26.21,Bronze,North,Good,2021-03-08,0,0
30.0,37.73,712.4,0.4,14,72.32,Silver,West,Good,2020-05-02,0,0
39.1,71.99,651.4,6.5,15,30.31,Bronze,East,Poor,2021-07-13,0,0
23.6,58.77,,21.6,7,15.71,Bronze,East,Good,2021-07-08,1,0
17.9,144.22,703.1,3.5,9,84.44,Bronze,North,Good,2023-09-29,1,0
29.8,119.73,731.6,1.2,8,13.74,Silver,West,Average,2021-11-05,0,0
47.9,168.59,716.7,1.4,22,34.48,Bronze,East,Average,2023-07-29,1,0
30.3,76.35,655.2,21.3,18,25.6,Silver,West,Average,2021-01-01,1,0
60.0,108.11,729.4,0.9,8,62.26,Bronze,South,Good,2023-04-29,1,0
63.3,18.26,691.6,11.7,13,6.74,Platinum,East,Average,2023-10-04,1,0
52.3,70.66,724.4,4.1,18,13.94,Bronze,East,Poor,2022-06-12,0,0
52.1,43.54,654.0,0.1,17,64.03,Silver,North,Average,2021-02-24,0,0
44.7,23.75,640.1,1.6,22,40.84,Silver,East,Good,2020-04-24,0,0
29.5,21.27,715.6,3.6,12,83.59,Bronze,North,Good,2022-03-08,0,0
45.9,118.72,688.0,6.0,11,45.78,Bronze,West,Good,2020-03-30,1,0
39.3,57.91,690.7,3.0,16,5.59,Bronze,East,Poor,2023-03-09,0,0
61.6,102.28,730.2,0.3,9,21.93,Silver,East,Poor,2022-04-18,0,0
29.9,97.48,775.4,5.9,15,13.25,Silver,West,Average,2021-09-26,0,0
34.8,91.14,616.4,6.9,11,11.31,Bronze,North,Good,2021-11-18,1,0
39.8,107.07,641.1,14.7,18,16.85,Silver,East,Poor,2021-11-26,1,0
45.7,83.38,719.1,6.3,12,34.85,Bronze,North,Poor,2023-02-01,1,0
70.4,88.9,706.3,1.3,23,16.44,Gold,West,Good,2020-11-10,0,0
42.7,209.89,762.6,4.9,15,36.3,Gold,East,Good,2023-09-05,1,0
25.2,28.81,737.5,1.8,14,69.37,Platinum,North,Good,2021-06-20,1,0
41.1,76.8,724.3,1.6,13,5.0,Bronze,West,Good,2022-09-15,1,0
34.7,64.4,731.6,1.0,13,12.2,Silver,West,Poor,2021-07-26,1,0
41.6,76.27,716.0,4.1,13,21.48,Platinum,East,Average,2021-06-13,1,0
27.7,53.23,731.4,4.5,16,15.09,Silver,North,Poor,2021-12-17,0,0
24.9,80.74,710.5,8.7,7,21.08,Platinum,East,Average,2022-12-25,1,0
32.4,87.81,727.8,3.0,13,12.52,Gold,East,Good,2021-04-06,1,0
48.0,94.19,705.2,3.2,12,6.15,Gold,West,Good,2020-06-03,0,0
29.9,132.35,701.5,6.5,9,3.12,Silver,East,Poor,2021-07-01,1,0
55.5,77.38,737.8,14.8,8,21.53,Silver,South,Good,2021-01-20,1,0
32.8,35.33,741.0,0.5,20,28.19,Bronze,North,Good,2022-04-18,1,0
16.3,57.43,723.1,7.1,13,25.31,Bronze,North,Good,2023-07-17,0,0
46.2,381.36,728.7,7.0,15,15.0,Bronze,East,Good,2023-03-07,1,0
59.4,115.53,639.2,8.3,12,59.78,Gold,South,Good,2022-03-12,0,0
31.8,44.75,555.2,1.2,10,18.76,Bronze,East,Good,2021-04-08,0,0
62.9,38.03,687.0,0.5,14,11.88,Platinum,South,Good,2021-10-05,0,0
44.9,64.61,,9.6,14,52.34,Platinum,East,Good,2020-11-15,1,0
43.1,184.19,661.4,0.9,12,13.49,Platinum,West,Good,2022-11-17,1,0
49.6,32.47,689.0,4.0,16,8.47,Silver,West,Poor,2020-04-19,0,0
20.4,52.3,609.6,16.3,13,16.12,Silver,North,Good,2022-09-18,1,0
17.9,55.21,753.6,0.3,15,11.31,Bronze,West,Poor,2020-09-21,0,0
30.1,142.89,701.4,0.7,25,11.37,Gold,South,Good,2023-09-15,0,0
24.0,24.37,665.0,1.3,18,22.86,Bronze,East,Good,2023-02-01,0,0
33.2,134.71,732.2,1.9,13,9.8,Bronze,South,Average,2021-02-19,1,0
47.0,60.06,743.9,1.2,13,10.85,Platinum,West,Good,2022-07-01,1,0
37.9,133.42,748.2,8.2,14,19.77,Bronze,North,Average,2023-06-13,1,0
8.7,65.68,665.1,0.9,14,9.36,Silver,South,Poor,2020-07-31,0,0
22.3,55.85,734.5,5.3,15,28.17,Bronze,South,Good,2021-06-23,0,0
44.7,147.78,704.3,7.2,10,12.56,Gold,North,Average,2023-06-01,0,0
26.8,264.11,656.0,3.6,22,6.25,Silver,East,Poor,2022-04-09,1,0
51.8,114.41,658.1,2.4,13,13.22,Silver,East,Average,2021-07-11,1,0
33.9,182.37,717.2,2.1,17,27.76,Gold,South,Good,2020-01-10,1,0
46.1,131.1,638.0,3.8,11,6.04,Gold,South,Good,2020-10-05,1,0
37.2,110.55,656.5,9.8,17,48.32,Bronze,East,Average,2021-10-25,1,0
24.0,324.2,674.5,3.0,15,36.0,Gold,South,Average,2020-05-05,1,0
35.3,108.94,,1.8,15,17.12,Silver,West,Good,2020-09-13,1,0
63.9,51.06,600.7,2.5,15,12.31,Bronze,West,Good,2020-04-02,1,0
29.9,186.83,680.9,3.3,17,67.0,Silver,East,Good,2023-08-13,0,0
39.1,80.48,745.5,5.3,13,13.63,Silver,East,Poor,2021-10-29,0,0
50.8,92.08,733.0,11.9,10,82.53,Gold,South,Good,2020-10-04,1,0
63.9,68.49,697.5,6.7,20,7.39,Silver,North,Poor,2022-02-27,0,0
30.6,137.58,804.2,7.3,21,8.97,Gold,East,Good,2020-08-31,1,0
5.3,88.92,778.2,0.7,18,61.43,Platinum,West,Good,2020-05-28,1,0
31.5,133.66,620.6,2.6,18,20.22,Bronze,West,Average,2023-01-17,1,0
24.2,91.11,709.0,0.7,23,58.92,Bronze,East,Good,2023-04-07,1,0
47.6,84.07,686.4,0.6,9,23.44,Silver,West,Good,2023-11-04,1,0
38.1,88.66,670.5,3.9,13,18.92,Silver,West,Average,2022-06-29,0,0
50.8,124.49,698.5,3.8,11,11.6,Silver,West,Poor,2021-01-29,1,0
34.8,252.98,661.6,5.5,8,12.39,Bronze,South,Good,2020-11-20,1,0
42.5,64.29,775.4,24.5,17,14.68,Bronze,West,Average,2023-03-27,1,0
43.5,84.8,663.9,5.1,16,21.39,Silver,South,Poor,2023-03-14,1,0
51.6,59.99,604.8,2.3,12,24.68,Silver,East,Good,2021-06-22,0,0
57.9,320.98,701.5,8.9,13,7.95,Bronze,North,Average,2020-04-26,1,0
77.2,77.1,725.5,21.0,23,11.95,Gold,East,Good,2022-05-17,1,0
40.6,181.08,715.9,3.7,12,11.99,Bronze,South,Good,2022-10-08,1,0
46.6,117.97,792.9,1.7,21,54.41,Bronze,East,Good,2021-11-18,0,0
26.8,147.28,709.2,4.2,14,14.35,Bronze,East,Poor,2023-04-21,1,0
16.8,99.06,739.7,1.8,11,27.88,Silver,South,Good,2020-01-28,1,0
53.0,42.31,638.1,3.1,11,43.31,Bronze,West,Good,2020-10-11,1,0
59.1,74.74,723.5,0.9,19,32.9,Gold,South,Average,2023-07-14,0,0
31.2,54.57,586.7,12.3,13,15.17,Bronze,West,Average,2022-05-19,0,0
40.7,74.3,739.8,0.8,15,28.73,Bronze,North,Average,2021-04-11,0,0
41.2,119.31,694.0,2.5,13,21.65,Gold,North,Good,2022-08-22,0,0
32.3,135.67,643.6,10.8,16,39.05,Bronze,South,Poor,2023-05-26,1,0
41.2,22.46,783.7,2.2,16,28.6,Silver,East,Good,2021-09-30,1,0
33.4,89.53,724.6,8.9,18,13.92,Gold,West,Good,2020-03-29,1,0
60.8,50.14,810.4,3.0,11,12.48,Silver,West,Average,2022-11-26,1,0
48.2,24.72,722.3,0.0,11,12.05,Gold,West,Average,2021-05-10,1,0
11.2,78.86,730.1,4.7,19,13.3,Bronze,East,Good,2023-09-23,0,0
45.2,125.8,709.6,4.6,19,24.31,Bronze,East,Good,2020-12-10,1,0
55.9,46.12,649.9,2.6,9,15.06,Bronze,East,Poor,2023-05-05,0,0
16.4,63.29,618.3,0.9,17,14.3,Bronze,South,Average,2023-04-16,1,0
49.9,161.02,686.1,5.1,18,103.8,Bronze,South,Average,2022-04-13,0,0
40.1,109.79,702.0,1.7,11,36.49,Silver,East,Good,2022-04-29,0,0
,36.41,709.2,2.7,17,28.85,Bronze,West,Average,2022-02-20,0,0
35.8,89.21,686.4,2.9,12,12.05,Bronze,North,Average,2023-10-20,0,0
42.0,50.86,784.3,3.1,19,12.06,Platinum,South,Good,2021-08-29,1,0
42.2,58.04,725.5,1.8,15,11.23,Bronze,East,Good,2022-08-18,1,0
72.5,146.16,712.2,4.6,16,21.58,Bronze,East,Poor,2022-10-17,0,0
43.6,64.82,793.4,1.4,13,20.65,Bronze,South,Poor,2021-11-05,1,0
23.4,154.1,,9.6,15,5.64,Bronze,South,Poor,2023-06-11,1,0
34.1,62.21,664.1,0.6,12,15.25,Bronze,North,Good,2020-08-12,0,0
33.2,101.71,723.1,3.9,18,22.36,Gold,West,Good,2023-02-18,1,0
40.4,65.22,644.5,11.8,19,32.83,Silver,North,Average,2022-06-16,1,0
43.8,54.39,,3.6,10,13.46,Silver,East,Poor,2021-05-17,1,0
33.4,46.61,814.6,5.3,14,89.48,Bronze,North,Good,2022-11-06,1,0
46.7,82.46,834.2,8.7,12,11.61,Gold,South,Poor,2022-05-19,1,0
31.3,53.24,677.2,3.4,20,56.12,Silver,North,Good,2023-01-24,0,0
38.1,50.98,642.8,5.0,9,8.12,Bronze,North,Average,2024-02-03,0,0
71.7,107.89,680.7,2.3,10,3.44,Bronze,East,Average,2023-08-27,0,0
52.1,135.91,739.8,4.4,21,10.81,Bronze,East,Average,2023-05-19,0,0
40.4,155.5,740.5,6.2,11,41.29,Silver,North,Good,2023-11-18,1,0
44.9,55.69,710.1,4.1,12,37.09,Gold,East,Good,2020-08-08,0,0
35.1,99.12,745.9,2.5,15,29.07,Bronze,West,Good,2021-05-06,0,0
22.9,67.78,759.8,1.3,15,15.25,Bronze,East,Good,2023-05-29,0,0
41.7,203.3,696.9,14.3,21,11.93,Gold,West,Good,2024-01-19,1,0
43.0,135.1,,1.0,17,53.96,Gold,North,Good,2020-06-23,1,0
32.8,27.7,613.4,2.7,18,91.92,Gold,North,Average,2022-04-26,1,0
48.7,149.55,693.7,3.8,14,43.13,Bronze,North,Good,2023-05-29,0,0
36.9,40.36,762.9,22.2,14,26.3,Gold,East,Good,2022-10-14,1,0
15.2,,656.7,8.8,16,48.83,Platinum,East,Poor,2020-11-19,1,0
35.6,121.82,726.1,17.7,13,58.53,Bronze,South,Poor,2023-12-05,1,0
45.9,82.87,688.3,1.5,15,31.14,Bronze,West,Average,2021-11-22,0,0
31.2,443.42,790.0,13.9,9,19.0,Gold,North,Poor,2022-04-12,1,0
23.4,154.63,739.2,0.2,9,9.79,Bronze,North,Poor,2022-04-03,0,0
44.9,56.8,684.5,2.2,18,14.17,Silver,East,Average,2022-06-09,1,0
33.2,72.08,692.4,0.9,11,15.23,Bronze,East,Good,2021-12-24,1,0
34.0,60.22,649.9,4.4,14,13.71,Bronze,East,Good,2020-09-12,1,0
27.7,113.17,749.9,0.1,14,51.7,Silver,North,Average,2024-01-10,1,0
32.2,57.01,688.6,2.0,11,17.15,Silver,West,Good,2020-07-29,1,0
27.5,195.48,729.5,6.8,15,153.29,Bronze,North,Good,2023-07-12,1,0
48.3,107.84,597.0,7.7,9,5.05,Gold,West,Poor,2023-04-16,0,0
33.7,67.01,654.8,3.6,15,4.76,Bronze,East,Good,2020-11-06,1,0
33.6,47.85,789.7,1.2,17,26.98,Silver,West,Good,2023-07-01,0,0
48.4,86.87,550.5,7.7,19,8.4,Bronze,South,Poor,2022-11-20,1,0
46.2,86.23,698.0,7.2,19,55.41,Gold,South,Average,2022-11-13,1,0
36.3,227.46,725.9,0.6,10,55.34,Bronze,East,Average,2020-06-06,1,0
24.6,44.93,665.6,8.9,16,22.44,Gold,South,Good,2020-08-25,1,0
48.2,160.37,638.7,9.8,24,116.43,Platinum,East,Average,2022-01-12,1,0
40.1,85.22,736.7,15.5,21,37.05,Bronze,East,Good,2021-08-30,0,0
39.7,31.62,635.0,2.0,18,15.33,Bronze,East,Good,2020-12-13,0,0
47.9,172.59,717.3,2.9,23,11.61,Silver,South,Poor,2022-10-28,1,0
45.3,97.62,684.9,4.7,25,12.12,Bronze,North,Good,2020-08-19,0,0
35.9,46.82,650.1,2.7,13,19.68,Bronze,West,Good,2021-01-12,1,0
25.0,102.15,663.5,1.9,10,4.85,Bronze,East,Poor,2023-02-22,0,0
34.0,19.01,660.1,0.9,15,7.01,Silver,North,Good,2022-10-28,0,0
57.2,106.79,601.8,0.7,21,29.04,Gold,East,Average,2023-01-16,0,0
23.4,35.29,712.7,2.7,14,11.46,Bronze,East,Average,2020-04-02,0,0
32.0,158.44,698.8,1.9,14,10.35,Bronze,South,Poor,2023-08-15,1,0
34.2,53.19,682.0,7.5,19,25.58,Bronze,North,Average,2022-12-04,0,0
65.6,106.61,782.5,9.9,10,12.14,Silver,East,Good,2022-10-13,1,0
50.6,,712.0,7.1,15,19.26,Bronze,West,Average,2022-02-09,0,0
34.9,137.54,755.9,1.3,12,52.4,Gold,South,Average,2020-04-20,1,0
37.6,538.66,723.0,4.4,14,17.0,Gold,West,Good,2023-06-03,1,0
16.4,37.01,699.9,4.0,16,13.0,Bronze,South,Poor,2020-01-26,1,0
29.6,69.84,714.7,0.8,11,86.56,Bronze,East,Good,2022-09-08,1,0
32.8,81.32,691.8,3.1,13,38.3,Gold,East,Average,2022-08-30,0,0
32.6,154.33,658.7,11.0,20,87.98,Silver,West,Good,2022-04-28,1,0
44.9,174.17,644.4,5.4,14,33.63,Gold,East,Poor,2022-04-20,0,0
60.3,227.5,620.0,0.3,15,4.36,Bronze,North,Good,2023-04-13,0,0
34.7,169.84,674.2,6.7,14,7.16,Bronze,West,Good,2022-07-10,1,0
50.7,94.62,698.3,0.2,15,52.89,Bronze,North,Good,2020-09-26,1,0
49.6,282.31,675.2,6.6,9,1.38,Gold,North,Good,2020-08-11,1,0
25.3,86.89,697.8,2.1,10,71.99,Gold,South,Good,2022-11-23,1,0
55.5,41.65,733.9,2.2,16,74.97,Bronze,West,Good,2023-02-01,0,0
54.6,96.86,666.9,5.3,17,22.22,Bronze,West,Average,2023-04-07,0,0
42.3,124.27,671.1,12.6,15,18.88,Silver,South,Good,2023-02-16,1,0
47.6,66.91,,6.4,19,30.16,Silver,East,Average,2021-05-25,1,0
26.5,36.88,720.5,2.9,19,6.67,Gold,East,Good,2022-04-03,1,0
49.4,34.31,666.9,14.3,15,20.15,Bronze,South,Good,2023-12-28,0,0
43.5,91.77,743.6,10.3,11,36.08,Silver,East,Poor,2023-06-18,1,0
40.4,332.17,755.5,2.2,9,25.44,Gold,North,Good,2023-08-22,1,0
35.3,28.34,750.2,13.2,13,15.76,Gold,West,Good,2020-03-24,1,0
45.3,109.14,702.8,1.2,13,14.28,Bronze,East,Average,2023-12-03,0,0
57.4,24.26,748.3,2.5,12,72.34,Silver,East,Average,2023-11-16,1,0
36.9,91.57,653.3,14.3,19,65.67,Bronze,North,Good,2022-05-04,1,0
52.0,26.87,741.4,9.6,16,8.41,Silver,North,Good,2020-06-09,1,0
37.4,83.39,705.1,1.6,20,15.83,Bronze,East,Good,2020-07-14,0,0
28.5,55.11,681.0,3.7,14,20.87,Gold,East,Poor,2022-07-14,1,0
39.0,71.51,729.0,3.6,19,21.61,Bronze,South,Average,2020-03-21,1,0
47.5,96.42,729.8,6.7,11,37.16,Bronze,West,Good,2021-03-22,0,0
56.4,57.82,734.3,6.4,11,36.34,Silver,South,Average,2022-04-05,0,0
38.6,68.97,748.8,0.6,14,24.82,Gold,East,Average,2021-08-04,0,0
30.9,68.9,671.6,6.3,23,33.43,Silver,South,Good,2022-05-05,1,0
39.0,163.16,737.4,2.5,25,25.49,Silver,East,Poor,2022-11-06,1,0
56.0,113.82,772.5,2.2,23,18.2,Silver,North,Good,2023-01-30,1,0
64.3,309.81,644.0,3.4,11,19.95,Platinum,East,Average,2022-03-15,1,0
39.8,36.21,713.8,2.1,10,4.91,Silver,North,Average,2023-07-20,1,0
38.6,90.83,,0.6,17,6.19,Gold,East,Good,2022-02-07,0,0
45.2,114.52,712.2,16.1,17,14.39,Platinum,South,Average,2021-12-18,1,0
44.6,203.48,692.6,0.1,13,11.88,Platinum,West,Good,2021-05-04,1,0
38.1,137.62,687.1,6.7,15,40.24,Platinum,South,Average,2021-09-10,1,0
37.1,87.77,702.4,0.7,12,53.94,Bronze,South,Average,2023-10-02,1,0
31.4,176.43,666.9,7.5,10,13.3,Silver,East,Average,2022-09-02,1,0
27.2,59.47,756.3,1.3,21,37.3,Gold,West,Poor,2020-08-20,0,0
40.8,36.0,789.2,4.2,23,123.72,Gold,West,Poor,2021-04-28,1,0
39.5,233.67,687.3,1.6,13,42.64,Silver,West,Average,2020-08-22,1,0
43.7,78.36,640.4,1.0,23,95.09,Bronze,South,Poor,2020-10-29,0,0
46.7,43.2,799.1,3.9,9,14.08,Gold,North,Good,2021-03-17,1,0
38.4,84.4,789.8,0.3,8,27.67,Gold,North,Average,2020-06-16,0,0
,146.0,,10.6,19,22.25,Bronze,North,Average,2021-11-27,0,0
29.2,14.6,725.7,1.8,11,4.89,Bronze,East,Good,2023-06-07,1,0
47.6,74.73,762.3,0.8,19,33.85,Bronze,East,Good,2020-09-25,0,0
54.8,77.27,677.1,6.0,12,29.38,Bronze,East,Good,2023-10-29,1,0
40.4,81.21,646.1,0.8,12,23.29,Bronze,North,Average,2020-01-31,0,0
56.4,87.01,701.3,2.2,15,41.05,Gold,North,Poor,2023-11-13,0,0
35.9,61.78,761.4,11.5,16,29.05,Bronze,North,Good,2021-05-25,1,0
62.4,234.91,814.0,0.5,11,11.51,Bronze,East,Good,2023-01-05,1,0
48.5,41.87,655.2,1.5,19,11.38,Bronze,South,Poor,2020-01-02,0,0
52.2,70.67,625.7,5.0,18,3.9,Silver,North,Good,2021-01-09,0,0
24.4,23.92,649.8,1.9,22,55.23,Silver,South,Average,2023-12-28,0,0
12.8,131.94,757.7,11.1,15,5.93,Silver,North,Good,2021-11-14,1,0
44.4,32.05,682.1,2.2,19,7.54,Bronze,East,Good,2020-08-24,1,0
57.7,95.74,697.2,2.2,19,5.78,Bronze,North,Poor,2022-12-04,1,0
45.1,146.15,705.8,1.1,14,24.12,Bronze,East,Good,2020-06-11,0,0
26.5,167.48,688.2,8.1,22,28.43,Gold,West,Good,2020-10-22,1,0
42.0,220.75,634.4,1.7,10,27.53,Bronze,East,Average,2022-01-15,0,0
51.9,76.67,759.8,0.6,7,5.24,Silver,South,Average,2021-03-29,0,0
47.2,96.03,,2.0,15,10.86,Bronze,West,Average,2022-09-04,1,0
43.7,56.98,754.8,1.2,21,11.09,Bronze,South,Good,2023-11-15,1,0
15.4,59.78,633.5,9.8,12,24.23,Silver,South,Good,2021-07-01,1,0
58.3,95.67,664.4,2.1,16,13.41,Bronze,South,Good,2022-01-17,1,0
68.4,101.19,769.2,2.8,14,13.04,Gold,East,Good,2020-11-29,1,0
39.8,50.06,663.5,1.6,11,35.27,Platinum,North,Poor,2021-02-02,0,0
31.4,182.56,685.0,7.9,15,7.47,Platinum,South,Average,2023-05-17,1,0
43.3,59.24,686.2,0.0,16,21.54,Silver,East,Poor,2022-10-16,0,0
35.8,76.02,732.1,7.8,18,90.67,Platinum,East,Good,2023-03-11,1,0
18.6,90.75,765.8,9.9,16,40.71,Bronze,North,Good,2020-10-10,1,0
36.5,117.51,740.8,9.8,17,32.52,Silver,West,Good,2021-11-27,1,0
52.9,102.63,658.8,4.1,13,19.51,Gold,East,Poor,2020-08-31,0,0
31.6,132.23,731.3,0.9,12,76.1,Silver,West,Average,2020-06-06,1,0
41.9,70.88,705.9,1.0,12,22.67,Bronze,West,Average,2020-03-20,0,0
44.9,130.17,661.4,2.6,22,2.71,Platinum,West,Average,2022-04-09,1,0
28.0,335.68,616.0,10.2,16,13.47,Silver,North,Good,2021-09-14,1,0
38.5,122.14,726.6,0.4,19,55.55,Bronze,North,Poor,2020-09-25,1,0
5.8,124.8,802.7,2.4,12,22.61,Bronze,East,Average,2020-10-23,1,0
34.1,540.12,785.4,0.6,18,30.42,Bronze,West,Poor,2023-06-08,1,0
58.9,37.55,710.6,5.5,16,8.99,Silver,East,Good,2023-01-31,1,0
23.9,67.26,625.6,1.0,16,8.16,Gold,North,Average,2022-11-11,0,0
35.6,77.93,,0.1,21,12.87,Gold,North,Poor,2021-12-16,0,0
24.9,,684.1,4.1,10,32.48,Silver,West,Average,2020-07-18,1,0
44.2,134.61,753.7,0.7,13,1.74,Gold,West,Average,2020-07-01,1,0
53.5,145.96,748.8,13.8,19,20.23,Bronze,West,Good,2022-01-09,1,0
51.3,143.04,686.2,4.8,7,19.33,Silver,South,Good,2022-05-25,0,0
28.7,145.96,709.2,2.1,17,20.82,Bronze,East,Good,2021-07-11,1,0
42.9,,711.0,0.1,12,15.15,Gold,North,Poor,2023-04-22,0,0
37.8,82.83,648.6,3.3,16,17.63,Silver,North,Good,2024-01-01,0,0
41.7,98.21,634.1,3.2,15,18.83,Silver,South,Good,2021-06-30,0,0
11.4,64.13,609.4,3.4,14,9.39,Bronze,East,Good,2021-03-12,0,0
14.2,41.41,618.3,11.1,13,24.58,Bronze,North,Good,2023-03-15,1,0
59.9,76.73,741.0,4.6,18,9.27,Gold,South,Average,2021-07-14,1,0
46.6,193.16,721.7,0.5,17,4.32,Platinum,South,Good,2020-01-02,1,0
15.1,98.73,695.9,8.0,16,49.85,Bronze,West,Good,2021-03-03,1,0
26.9,91.62,679.8,9.1,22,24.58,Platinum,West,Poor,2021-01-20,1,0
28.9,47.03,791.9,13.0,22,22.19,Bronze,West,Average,2022-04-30,0,0
53.3,115.45,651.8,2.6,19,4.28,Bronze,South,Good,2021-10-31,0,0
17.7,162.33,726.1,3.9,10,32.3,Gold,West,Good,2023-08-02,0,0
43.4,80.76,705.0,3.8,15,16.93,Gold,North,Average,2020-02-18,1,0
45.6,30.08,740.9,2.2,13,5.99,Bronze,West,Poor,2021-08-10,0,0
45.2,56.99,692.9,3.3,22,40.54,Silver,East,Average,2023-11-03,0,0
54.4,135.6,724.1,4.6,14,11.62,Silver,South,Good,2023-11-24,1,0
41.2,89.64,633.6,3.6,12,19.66,Gold,North,Good,2023-05-21,0,0
47.7,313.06,810.3,3.5,15,21.41,Bronze,North,Good,2022-07-18,1,0
42.9,79.33,730.5,0.4,12,21.5,Silver,South,Good,2022-07-20,0,0
53.2,60.02,676.3,9.1,10,41.76,Silver,South,Poor,2023-10-31,1,0
52.7,144.46,745.7,2.5,17,9.12,Platinum,East,Poor,2020-04-18,0,0
43.0,46.62,686.3,3.1,15,7.63,Platinum,North,Good,2021-06-14,1,0
44.8,59.34,,0.3,15,12.93,Bronze,East,Average,2020-03-09,1,0
22.3,169.81,673.4,4.7,11,14.72,Silver,South,Good,2020-04-22,1,0
49.3,158.27,715.6,0.3,12,39.81,Bronze,East,Average,2023-06-02,1,0
43.7,272.15,739.1,2.8,14,27.11,Silver,North,Poor,2022-11-27,1,0
22.9,283.43,667.9,4.1,15,16.25,Silver,East,Average,2021-01-19,1,0
33.8,41.97,611.7,0.7,17,137.44,Bronze,East,Good,2023-05-31,0,0
49.5,118.73,737.3,4.5,16,18.32,Bronze,South,Poor,2022-03-24,1,0
34.6,44.73,687.1,0.9,13,100.18,Gold,South,Average,2020-12-22,1,0
66.3,159.72,697.2,1.1,11,9.85,Platinum,South,Good,2023-10-06,0,0
32.9,115.29,641.7,3.6,10,5.58,Bronze,South,Average,2023-05-16,1,0
39.8,59.67,793.1,2.6,13,54.89,Gold,East,Poor,2023-08-03,0,0
48.1,88.0,711.7,2.4,22,51.01,Silver,South,Average,2023-10-01,0,0
62.2,51.09,689.7,2.7,14,18.32,Gold,North,Good,2022-02-13,1,0
37.6,92.21,653.0,12.9,9,14.73,Bronze,West,Good,2022-04-07,0,0
41.9,101.19,698.8,6.5,13,30.22,Silver,North,Poor,2022-12-07,1,0
43.2,59.59,755.8,0.7,21,10.43,Bronze,West,Average,2022-09-01,1,0
44.1,135.02,618.9,3.0,11,6.88,Bronze,West,Average,2023-10-25,1,0
32.1,63.01,723.9,1.3,15,12.66,Silver,West,Poor,2020-06-17,1,0
,163.55,699.4,0.2,12,4.65,Silver,North,Poor,2021-07-24,0,0
36.1,125.11,752.5,0.9,14,31.83,Bronze,South,Good,2023-12-03,0,0
40.3,177.53,600.8,6.1,17,8.5,Silver,South,Good,2021-02-09,1,0
29.4,37.88,724.0,5.2,18,60.74,Gold,East,Average,2021-04-27,1,0
36.9,48.46,705.0,2.1,11,113.08,Platinum,North,Good,2022-03-15,1,0
43.7,144.51,758.3,3.2,20,18.82,Bronze,West,Average,2022-01-23,0,0
54.8,123.53,722.3,6.2,10,5.06,Silver,West,Good,2022-09-11,1,0
46.9,44.88,695.2,6.5,18,52.64,Bronze,West,Good,2022-06-28,0,0
44.1,404.71,684.1,1.7,19,22.45,Gold,North,Poor,2020-09-02,1,0
47.2,170.74,772.1,3.4,13,23.36,Silver,West,Good,2021-03-14,1,0
39.9,50.06,625.1,6.3,16,35.92,Bronze,West,Good,2021-06-30,0,0
20.2,259.74,753.2,3.3,19,24.96,Platinum,West,Good,2022-08-15,1,0
36.6,169.3,725.3,9.6,13,84.2,Silver,South,Poor,2021-04-24,1,0
36.2,48.82,642.8,12.8,20,15.84,Gold,South,Average,2022-02-27,0,0
44.6,145.35,756.0,9.5,15,70.51,Bronze,West,Average,2023-01-11,0,0
21.6,91.81,643.7,10.2,9,22.47,Gold,South,Good,2023-06-24,1,0
33.5,102.13,694.0,0.5,17,53.15,Bronze,North,Good,2022-11-01,0,0
60.9,134.04,710.2,2.3,18,27.86,Bronze,South,Good,2020-12-17,0,0
47.7,98.29,726.2,7.0,9,10.59,Gold,North,Good,2023-03-22,1,0
43.7,85.09,696.8,7.9,18,30.43,Bronze,North,Good,2023-07-12,1,0
42.9,72.82,755.1,6.6,15,39.99,Silver,West,Average,2022-12-28,0,0
32.1,192.78,675.1,7.8,15,25.41,Silver,East,Good,2022-08-20,1,0
59.5,100.58,780.0,1.1,13,14.65,Bronze,East,Poor,2024-01-12,0,0
38.1,128.2,618.6,5.4,13,15.13,Bronze,North,Good,2023-01-06,1,0
40.8,76.29,,8.9,13,4.7,Bronze,East,Average,2023-04-14,0,0
51.8,30.02,639.7,4.9,11,86.61,Silver,East,Good,2020-09-23,0,0
61.2,151.09,638.5,5.1,16,42.91,Bronze,East,Good,2023-05-06,0,0
68.4,104.16,727.7,22.1,12,34.54,Platinum,West,Good,2023-09-23,1,0
62.4,57.25,616.7,0.3,14,4.05,Platinum,South,Good,2023-05-08,0,0
29.4,104.56,642.1,3.6,15,29.3,Silver,South,Good,2020-05-12,1,0
41.6,87.25,634.9,4.5,16,7.16,Platinum,East,Good,2021-05-21,0,0
26.5,307.17,726.5,5.6,12,25.63,Bronze,East,Good,2020-09-03,1,0
45.4,55.19,713.9,1.3,7,38.66,Bronze,East,Good,2021-07-18,1,0
39.7,76.34,718.9,1.2,14,10.2,Silver,North,Good,2021-08-23,0,0
40.3,,731.3,14.5,18,19.32,Silver,South,Poor,2022-04-13,0,0
51.0,208.91,721.4,0.4,19,12.78,Silver,West,Good,2021-10-29,1,0
20.4,35.41,680.1,10.3,23,8.17,Bronze,West,Good,2021-08-13,1,0
41.6,103.31,771.4,2.8,18,29.4,Bronze,East,Good,2024-01-12,1,0
36.3,204.68,695.1,6.8,15,38.91,Bronze,South,Average,2022-02-28,1,0
38.4,88.69,723.7,4.7,19,8.85,Gold,East,Good,2023-02-06,0,0
37.6,360.5,748.0,0.5,19,11.77,Bronze,East,Average,2023-11-02,1,0
62.0,66.44,708.5,4.5,17,11.0,Silver,South,Poor,2023-06-14,1,0
31.7,160.97,624.8,2.9,15,24.44,Gold,South,Good,2021-03-09,1,0
19.1,59.49,690.8,4.9,13,18.32,Bronze,North,Average,2023-01-08,0,0
41.9,196.52,676.7,22.1,19,6.61,Bronze,South,Good,2020-04-26,1,0
57.1,65.04,735.5,1.7,14,19.64,Silver,East,Good,2020-06-09,1,0
42.0,26.57,683.8,0.6,23,39.68,Silver,East,Good,2023-05-02,0,0
28.1,73.27,737.9,5.8,8,28.74,Gold,North,Poor,2021-12-21,0,0
52.7,74.14,700.7,4.5,17,41.63,Bronze,West,Good,2021-03-09,0,0
60.6,124.28,693.6,7.2,15,53.17,Bronze,South,Good,2023-03-18,1,0
32.7,145.16,699.9,0.5,18,17.43,Silver,North,Good,2022-07-14,1,0
39.5,91.85,722.2,6.3,17,16.05,Silver,North,Average,2023-12-18,1,0
43.3,110.54,645.1,1.2,17,20.81,Gold,West,Poor,2020-09-25,0,0
42.8,104.5,672.9,1.2,22,51.39,Bronze,East,Good,2023-03-30,1,0
14.3,80.01,736.2,12.1,13,17.99,Silver,East,Good,2022-04-28,1,0
46.3,22.24,641.2,1.5,14,44.0,Platinum,West,Good,2020-10-11,0,0
54.6,123.93,669.1,4.3,19,52.55,Bronze,South,Good,2020-09-13,0,0
42.4,50.43,666.3,10.9,11,16.87,Bronze,West,Good,2020-06-20,0,0
57.6,113.19,693.1,2.0,15,24.46,Platinum,North,Good,2020-04-22,0,0
56.4,32.3,694.9,1.1,16,17.39,Bronze,East,Good,2023-02-14,0,0
73.2,77.41,603.7,1.1,18,66.35,Bronze,East,Good,2020-06-29,0,0
39.1,142.57,724.3,1.9,18,62.78,Silver,West,Average,2021-12-13,1,0
63.3,95.15,708.1,1.4,14,9.29,Bronze,North,Good,2020-12-28,1,0
41.6,47.57,721.1,1.8,16,39.55,Gold,East,Poor,2022-03-11,0,0
45.4,155.75,729.4,3.0,18,70.25,Silver,West,Average,2023-10-05,1,0
25.2,95.56,749.6,17.0,13,46.8,Silver,East,Poor,2021-12-17,1,0
42.7,129.55,770.5,8.5,12,15.68,Platinum,North,Good,2020-02-27,1,0
47.1,113.28,751.4,1.5,9,27.68,Silver,South,Average,2021-07-28,1,0
44.6,227.56,704.4,2.2,21,8.76,Gold,West,Average,2023-03-21,1,0
,259.99,576.9,0.2,12,4.12,Gold,South,Good,2022-08-05,1,0
32.9,109.8,659.5,4.1,14,8.84,Bronze,North,Good,2022-02-23,1,0
46.8,157.66,717.0,0.5,14,105.78,Platinum,East,Good,2021-01-10,1,0
44.1,111.58,684.7,19.4,15,17.05,Silver,East,Good,2021-06-02,1,0
47.6,109.71,688.6,1.0,12,28.26,Bronze,North,Good,2022-11-03,0,0
41.3,77.48,714.6,5.7,24,25.13,Platinum,West,Poor,2022-11-22,1,0
,69.02,681.5,1.9,14,24.14,Bronze,West,Good,2023-01-12,0,0
28.3,94.42,771.7,1.6,11,5.0,Platinum,North,Good,2022-08-17,1,0
40.4,107.71,703.7,11.1,17,10.89,Bronze,North,Good,2023-10-17,0,0
49.0,73.7,679.7,4.9,11,29.65,Silver,East,Poor,2023-10-04,1,0
57.8,51.37,747.7,7.0,11,11.56,Silver,South,Average,2020-07-24,0,0
34.8,113.92,653.7,5.3,18,7.63,Silver,West,Good,2022-03-04,1,0
37.5,77.26,701.0,2.6,16,19.23,Platinum,North,Good,2021-11-09,0,0
35.0,92.32,722.5,4.9,7,65.24,Bronze,South,Average,2020-05-28,1,0
31.4,174.97,731.1,2.1,13,27.95,Bronze,South,Good,2023-11-26,0,0
30.4,165.86,635.5,0.6,18,15.78,Gold,West,Good,2023-02-17,1,0
50.7,64.7,677.7,3.6,11,9.55,Silver,North,Average,2022-11-11,1,0
54.7,58.87,657.5,9.6,17,24.16,Silver,East,Good,2020-06-25,0,0
33.0,130.99,711.2,7.6,19,3.97,Silver,West,Good,2022-03-24,1,0
15.3,145.34,743.8,0.2,17,15.65,Silver,South,Good,2023-11-12,0,0
53.2,119.77,670.1,0.3,21,10.9,Silver,West,Poor,2021-11-10,0,0
18.1,164.25,729.4,3.6,17,6.85,Silver,East,Good,2021-03-16,1,0
26.5,36.03,593.3,1.5,20,3.46,Bronze,North,Good,2023-09-30,0,0
53.5,135.12,709.6,8.0,16,67.68,Silver,East,Poor,2021-01-30,1,0
31.1,85.18,723.3,5.2,16,13.13,Gold,West,Good,2023-11-14,1,0
36.8,20.88,616.6,7.2,18,11.86,Bronze,North,Good,2021-09-25,0,0
39.6,282.09,728.7,1.2,13,18.73,Bronze,South,Poor,2023-01-12,1,0
41.5,95.83,682.6,3.1,14,44.57,Gold,West,Poor,2020-10-04,1,0
45.5,43.07,693.9,0.6,11,26.63,Gold,North,Average,2022-04-16,0,0
30.0,109.77,713.0,15.5,15,6.0,Silver,West,Good,2021-12-30,1,0
27.1,110.16,677.1,1.7,19,46.4,Bronze,South,Good,2022-04-27,0,0
35.6,102.77,717.7,3.0,20,5.37,Silver,West,Good,2023-01-02,0,0
41.5,43.58,737.9,3.8,14,10.27,Platinum,North,Good,2021-02-06,0,0
42.2,50.72,670.5,19.1,14,54.38,Silver,East,Poor,2022-10-16,1,0
20.9,114.38,698.9,2.0,11,32.78,Gold,East,Poor,2020-07-27,1,0
38.9,65.3,772.3,3.2,16,17.2,Silver,South,Good,2020-03-02,1,0
27.8,55.21,677.2,4.0,16,15.13,Silver,South,Good,2023-03-16,1,0
57.0,79.05,623.4,0.1,14,6.18,Silver,East,Poor,2022-02-03,0,0
58.7,104.38,719.8,0.1,11,28.56,Bronze,West,Average,2022-08-14,1,0
28.9,47.99,716.3,11.1,13,41.65,Gold,South,Poor,2022-03-09,0,0
38.5,110.06,600.0,2.5,11,59.34,Gold,North,Poor,2023-03-02,1,0
32.4,161.76,680.5,6.6,14,19.7,Bronze,West,Good,2021-01-29,1,0
24.0,31.24,754.6,5.5,21,34.14,Platinum,North,Average,2024-01-06,1,0
36.8,85.35,587.9,0.5,11,39.1,Bronze,West,Poor,2023-04-09,1,0
38.9,368.42,689.7,7.5,19,4.88,Silver,East,Good,2020-02-11,1,0
33.6,116.2,744.5,21.5,15,45.71,Silver,West,Average,2022-10-10,1,0
31.7,41.92,707.4,6.7,15,38.51,Bronze,East,Average,2020-08-10,0,0
49.4,46.59,,9.7,16,16.1,Bronze,North,Poor,2023-03-15,1,0
32.0,148.8,782.1,5.3,14,44.86,Gold,West,Good,2022-11-20,1,0
54.4,56.68,750.0,6.8,12,10.75,Gold,South,Good,2020-08-26,1,0
48.3,51.86,790.4,0.6,12,31.27,Bronze,South,Average,2021-06-11,1,0
38.3,99.64,689.8,2.0,10,62.21,Silver,East,Good,2023-01-09,0,0
44.4,174.85,700.4,6.6,10,13.35,Bronze,North,Good,2024-02-03,1,0
45.7,37.95,,5.5,16,24.31,Bronze,West,Good,2023-05-08,1,0
45.4,116.44,731.8,7.9,17,39.56,Silver,East,Good,2022-07-20,1,0
65.8,142.9,691.4,2.2,18,27.06,Bronze,South,Good,2021-05-12,1,0
39.4,79.32,755.5,2.8,17,47.99,Platinum,North,Average,2022-02-13,1,0
31.6,275.48,666.4,6.0,19,21.57,Bronze,South,Average,2021-09-07,1,0
39.6,96.77,681.1,4.8,11,6.98,Gold,West,Good,2021-12-26,1,0
34.8,46.17,615.3,5.3,22,11.47,Bronze,South,Poor,2022-02-21,0,0
72.6,35.45,770.9,5.5,10,19.49,Bronze,East,Good,2022-05-08,0,0
34.3,112.32,684.8,6.5,15,47.28,Silver,North,Average,2021-11-03,1,0
46.7,296.36,732.7,8.1,16,10.98,Bronze,North,Good,2023-08-03,1,0
59.4,60.37,564.7,2.8,20,13.78,Bronze,South,Good,2021-12-18,1,0
55.5,108.22,714.6,4.0,15,23.84,Silver,North,Average,2021-05-16,0,0
38.6,88.73,681.6,4.2,20,10.68,Silver,North,Good,2022-12-18,1,0
51.3,132.85,648.2,0.6,19,33.54,Silver,North,Average,2022-12-29,0,0
36.4,141.71,678.9,6.6,16,6.06,Silver,West,Poor,2020-08-07,1,0
38.8,79.08,695.3,9.5,8,11.3,Gold,North,Good,2021-11-05,0,0
47.1,81.95,738.2,2.3,13,27.68,Silver,West,Poor,2022-01-15,0,0
34.3,85.42,755.6,16.1,12,10.99,Silver,West,Average,2021-09-13,1,0
26.3,150.68,605.5,2.0,12,16.71,Bronze,East,Good,2020-09-16,1,0
62.7,50.44,711.9,19.9,15,7.25,Silver,West,Average,2022-11-15,1,0
18.7,245.61,685.9,6.1,18,16.14,Bronze,East,Good,2022-06-06,1,0
53.8,118.3,749.4,14.5,12,28.73,Silver,East,Good,2022-02-01,1,0
28.8,53.89,686.2,7.0,7,24.15,Silver,West,Average,2022-12-08,0,0
41.7,36.05,693.3,4.4,15,10.09,Silver,West,Good,2022-04-18,1,0
61.1,126.02,730.4,1.0,16,8.51,Silver,West,Poor,2022-10-01,0,0
44.4,83.39,718.7,3.6,10,90.0,Silver,West,Poor,2020-06-20,1,0
37.9,82.44,817.5,3.9,9,42.94,Bronze,South,Good,2023-02-03,0,0
34.7,124.6,744.5,2.7,12,38.4,Bronze,North,Good,2023-03-23,0,0
41.5,88.52,,2.3,14,12.14,Bronze,South,Poor,2021-04-09,1,0
55.3,102.56,742.7,4.9,19,20.24,Gold,East,Good,2020-02-10,1,0
49.4,168.27,676.9,10.2,12,15.59,Bronze,South,Poor,2023-08-25,1,0
52.7,158.61,641.2,0.9,16,54.63,Gold,South,Good,2021-01-01,0,0
39.0,68.31,674.1,1.7,12,13.46,Bronze,East,Poor,2023-10-05,1,0
28.1,179.78,795.0,2.7,12,27.51,Platinum,West,Good,2021-12-05,1,0
29.7,196.32,701.9,1.2,15,9.75,Silver,East,Average,2023-05-29,0,0
45.9,45.67,651.9,1.1,15,20.09,Silver,East,Good,2023-01-17,0,0
48.9,42.69,692.3,5.7,17,54.93,Bronze,West,Poor,2023-02-09,1,0
39.0,79.95,733.6,2.9,15,87.76,Silver,East,Poor,2022-05-08,0,0
35.4,138.03,665.5,2.2,13,6.5,Silver,North,Poor,2022-09-26,1,0
53.5,100.05,734.3,1.0,13,12.44,Silver,North,Good,2022-11-06,1,0
26.3,58.5,709.7,3.3,6,7.16,Platinum,East,Good,2022-04-12,1,0
44.8,72.1,686.0,0.2,14,14.93,Platinum,West,Average,2021-11-17,1,0
56.0,63.85,682.4,5.8,16,14.29,Platinum,South,Good,2023-02-07,0,0
15.9,,716.6,7.0,12,23.56,Bronze,East,Poor,2022-08-06,0,0
32.5,99.71,719.4,3.7,12,86.41,Bronze,North,Average,2020-05-28,0,0
36.0,35.98,715.5,1.4,13,8.23,Bronze,North,Average,2021-06-01,1,0
42.8,169.45,688.6,1.6,12,15.67,Platinum,South,Average,2023-08-13,1,0
37.1,56.89,651.5,5.3,10,36.3,Bronze,West,Average,2020-10-09,0,0
34.6,70.52,702.2,0.7,28,6.25,Platinum,West,Poor,2024-01-20,1,0
27.5,78.93,715.1,2.5,14,16.33,Bronze,South,Good,2023-10-26,0,0
53.4,99.37,685.7,3.9,19,11.09,Gold,South,Good,2023-03-25,1,0
14.6,190.1,626.8,3.0,10,14.82,Platinum,East,Average,2021-09-26,1,0
50.1,107.83,772.3,17.8,13,14.53,Platinum,North,Good,2022-03-16,1,0
12.5,46.29,621.5,0.3,23,26.29,Bronze,South,Good,2021-12-03,0,0
48.3,73.26,752.0,23.1,13,10.16,Bronze,North,Poor,2020-08-01,0,0
57.8,26.45,704.9,4.3,17,41.68,Bronze,East,Good,2020-03-10,0,0
50.5,202.19,799.7,3.0,12,23.88,Silver,East,Poor,2020-01-29,1,0
32.7,65.45,841.3,1.5,8,59.63,Gold,West,Poor,2022-07-01,0,0
63.0,80.98,702.5,1.8,12,11.91,Bronze,South,Good,2024-01-26,0,0
31.4,103.11,,1.3,15,23.85,Bronze,East,Good,2021-08-07,1,0
26.6,45.92,663.7,1.2,9,8.48,Gold,South,Good,2021-12-25,0,0
32.5,45.7,712.2,7.8,18,18.58,Platinum,West,Good,2023-05-02,1,0
42.1,125.43,661.2,9.8,10,3.79,Silver,East,Average,2020-02-12,1,0
38.2,40.36,699.4,0.3,15,15.45,Silver,West,Good,2021-06-08,0,0
29.9,43.02,716.1,1.2,22,12.01,Bronze,South,Average,2021-05-11,0,0
29.9,54.23,765.8,10.5,15,33.7,Bronze,South,Good,2021-03-31,0,0
51.4,64.26,692.5,15.1,20,17.41,Silver,West,Good,2021-03-25,1,0
27.7,75.84,781.3,16.5,19,6.76,Gold,North,Average,2022-02-13,1,0
26.0,95.74,712.4,21.0,9,8.53,Gold,North,Poor,2022-04-09,1,0
33.8,136.89,700.3,0.1,21,3.79,Bronze,East,Average,2022-11-27,1,0
29.2,50.22,646.9,3.5,17,16.36,Gold,North,Good,2020-09-21,1,0
44.5,80.7,791.5,4.5,10,29.8,Gold,East,Poor,2021-01-14,1,0
40.6,84.68,633.9,0.3,9,26.78,Gold,South,Good,2020-02-22,1,0
42.2,45.85,612.4,11.2,16,49.55,Silver,West,Good,2023-01-10,0,0
55.2,144.73,646.0,9.5,17,13.02,Bronze,East,Good,2021-09-29,1,0
46.7,33.98,738.2,16.6,22,42.01,Silver,North,Average,2022-07-18,1,0
34.4,96.12,682.4,2.5,16,24.14,Silver,West,Good,2021-01-19,1,0
51.3,72.49,740.4,3.4,14,17.86,Bronze,North,Average,2023-12-01,1,0
50.3,132.46,744.4,2.1,9,47.79,Silver,West,Good,2023-03-31,0,0
18.5,164.72,763.6,11.0,12,15.46,Gold,South,Good,2023-02-03,1,0
45.2,120.13,714.3,5.6,17,10.33,Bronze,East,Good,2020-10-04,0,0
40.2,,781.2,10.6,25,17.57,Gold,North,Average,2020-05-09,1,0
28.0,35.68,654.5,5.0,18,103.3,Gold,East,Good,2022-06-19,0,0
53.1,161.14,720.7,5.8,18,20.98,Bronze,West,Good,2022-02-11,1,0
7.9,67.56,697.0,1.0,10,10.8,Silver,East,Good,2023-12-14,0,0
21.7,27.91,792.6,1.8,13,15.84,Silver,East,Good,2022-09-04,1,0
32.3,97.43,698.3,13.1,13,29.01,Gold,East,Average,2021-09-16,1,0
-0.5,68.73,738.2,0.9,13,14.7,Bronze,East,Poor,2022-01-17,1,0
43.4,93.32,666.6,7.0,19,3.61,Platinum,West,Good,2020-03-30,1,0
45.4,63.2,724.3,3.2,17,76.85,Gold,West,Good,2022-04-02,0,0
,94.21,,9.8,16,44.98,Gold,West,Average,2022-11-28,1,0
28.7,133.42,703.8,1.0,20,4.88,Gold,North,Good,2021-06-14,1,0
54.1,20.61,697.1,1.7,19,22.32,Gold,North,Good,2020-08-27,0,0
36.3,130.62,563.5,0.9,13,20.17,Bronze,North,Good,2022-01-29,1,0
42.6,,713.4,2.2,19,77.52,Bronze,South,Good,2022-05-29,0,0
45.1,49.99,,0.8,11,15.34,Bronze,North,Good,2021-07-13,0,0
41.9,109.08,694.7,8.3,24,14.58,Gold,West,Good,2021-10-25,1,0
36.4,68.84,711.0,2.3,14,20.66,Bronze,North,Poor,2022-01-09,1,0
29.1,73.65,614.0,2.2,9,15.46,Platinum,South,Poor,2021-03-22,0,0
33.5,58.08,739.0,2.6,19,35.93,Bronze,West,Good,2021-07-02,1,0
43.2,75.9,719.6,5.2,13,28.07,Bronze,West,Good,2020-07-17,0,0
23.7,164.85,710.2,1.2,12,40.28,Bronze,North,Average,2020-03-03,1,0
58.7,204.77,736.7,17.4,15,62.67,Bronze,South,Average,2022-12-20,1,0
56.0,52.85,798.5,2.1,13,11.16,Bronze,West,Good,2022-05-18,0,0
40.1,44.75,646.5,9.8,15,28.81,Silver,East,Good,2022-09-08,1,0
44.2,108.67,734.0,0.2,18,23.63,Bronze,East,Average,2022-02-09,0,0
36.7,91.94,663.6,2.6,11,17.81,Gold,East,Good,2020-01-19,1,0
55.7,138.48,660.5,0.1,7,51.35,Silver,West,Poor,2023-03-05,0,0
37.2,73.32,642.3,3.4,14,14.94,Platinum,West,Good,2020-06-29,1,0
52.7,161.81,644.1,5.1,18,17.3,Silver,North,Average,2022-03-08,1,0
32.4,33.65,718.5,4.6,16,3.53,Bronze,North,Average,2021-04-04,1,0
36.1,96.35,687.9,3.2,19,22.16,Bronze,West,Poor,2021-08-23,1,0
35.0,157.07,642.8,1.2,15,21.23,Silver,South,Average,2021-06-12,1,0
43.5,175.06,757.5,1.2,9,56.34,Bronze,North,Good,2021-03-16,1,0
47.1,191.63,793.1,2.5,19,22.19,Silver,East,Poor,2021-02-14,0,0
60.7,149.1,691.3,2.0,13,8.23,Silver,East,Good,2023-09-17,1,0
46.1,333.58,737.6,4.8,19,37.59,Gold,East,Poor,2021-11-01,1,0
43.5,123.12,578.7,2.9,12,153.61,Silver,North,Good,2022-05-17,0,0
42.2,77.58,728.5,2.6,20,11.69,Bronze,East,Good,2020-05-21,0,0
35.8,46.56,718.9,4.9,12,28.22,Bronze,West,Good,2021-08-10,1,0
77.0,116.11,613.2,0.3,14,16.94,Silver,South,Average,2020-10-28,0,0
42.8,87.41,639.0,4.7,12,6.18,Bronze,North,Average,2023-10-25,0,0
35.6,91.74,682.5,11.1,16,41.37,Silver,North,Good,2021-01-07,0,0
37.1,18.88,680.7,0.9,18,35.89,Bronze,East,Good,2020-08-06,0,0
39.0,173.82,763.0,6.7,12,20.96,Silver,West,Poor,2023-10-26,1,0
71.5,246.67,677.6,6.3,14,4.46,Silver,North,Poor,2020-09-28,1,0
41.2,57.27,742.1,5.6,27,13.05,Silver,East,Good,2023-02-01,1,0
39.9,36.19,721.9,7.9,19,28.76,Silver,South,Poor,2021-08-07,0,0
60.8,61.99,602.2,7.1,11,5.79,Bronze,South,Good,2023-10-23,0,0
45.4,39.81,708.2,6.1,13,15.39,Silver,East,Good,2020-08-18,0,0
44.5,57.92,657.7,0.7,14,81.07,Silver,South,Average,2023-12-11,1,0
47.6,225.52,635.8,0.4,23,9.65,Bronze,West,Good,2021-09-30,1,0
27.9,33.68,738.6,2.5,8,22.81,Bronze,East,Good,2022-11-23,0,0
43.6,33.34,732.3,2.5,13,65.34,Silver,East,Poor,2023-11-15,0,0
27.2,83.74,648.2,3.5,16,17.3,Bronze,West,Average,2020-10-03,0,0
47.1,110.77,701.2,5.0,14,39.32,Bronze,South,Average,2021-08-19,0,0
26.3,142.81,582.8,14.0,16,40.31,Silver,West,Average,2020-05-01,1,0
60.1,337.95,732.5,6.8,12,9.16,Platinum,South,Average,2020-03-16,1,0
31.9,419.29,630.8,4.0,14,24.04,Gold,North,Poor,2022-04-09,1,0
22.7,91.07,698.9,10.1,20,26.44,Gold,North,Average,2021-07-21,1,0
,136.89,691.3,2.3,16,112.89,Bronze,South,Poor,2021-05-05,0,0
47.0,50.56,697.3,5.4,18,11.09,Silver,East,Good,2021-11-05,1,0
35.7,36.05,690.3,0.5,17,15.73,Silver,North,Poor,2020-07-14,0,0
31.1,51.91,752.8,3.2,22,23.71,Silver,North,Good,2023-10-22,1,0
58.6,33.06,603.5,4.1,17,18.75,Silver,North,Good,2020-01-26,0,0
71.6,45.18,662.6,3.3,15,18.63,Platinum,South,Poor,2024-01-21,1,0
69.3,107.85,669.4,5.1,15,10.32,Bronze,South,Poor,2021-02-01,0,0
20.1,53.27,647.3,0.2,7,35.92,Bronze,East,Average,2022-02-03,1,0
22.2,130.18,666.2,3.8,14,4.3,Bronze,North,Good,2020-11-19,0,0
56.8,85.78,688.8,7.3,16,14.53,Bronze,South,Average,2022-08-11,1,0
43.2,37.71,651.7,1.4,13,10.49,Platinum,North,Average,2021-11-24,1,0
55.7,69.3,674.0,0.5,21,27.12,Gold,North,Average,2022-04-11,1,0
45.2,168.72,719.4,3.1,26,18.88,Platinum,North,Average,2021-01-09,1,0
38.8,51.02,758.7,2.9,15,4.47,Platinum,North,Good,2023-02-18,1,0
23.1,94.39,735.0,12.9,19,55.85,Gold,East,Average,2021-08-18,1,0
41.8,76.62,679.6,2.5,12,58.09,Silver,North,Good,2024-01-20,0,0
60.1,22.06,743.3,11.1,13,47.23,Silver,East,Good,2022-01-25,0,0
33.9,156.97,597.8,2.8,13,33.54,Silver,North,Average,2024-01-28,1,0
35.1,19.43,643.7,1.2,13,64.66,Bronze,East,Good,2023-09-28,0,0
37.3,31.88,,2.5,12,14.11,Gold,West,Good,2020-02-11,1,0
47.9,103.23,,4.6,22,12.41,Bronze,West,Good,2022-02-05,1,0
38.6,89.41,638.1,4.9,17,14.72,Bronze,East,Poor,2022-09-23,0,0
42.5,115.76,743.3,8.8,18,23.22,Bronze,East,Average,2020-06-05,1,0
54.1,65.74,798.0,4.9,12,25.81,Bronze,South,Good,2020-07-20,0,0
36.3,46.78,589.6,1.9,17,16.28,Gold,West,Average,2023-01-04,1,0
20.7,41.47,,11.5,15,20.98,Silver,East,Poor,2023-10-29,0,0
40.0,102.9,639.7,11.2,12,24.8,Bronze,West,Average,2022-07-24,0,0
49.4,105.93,768.3,9.1,16,36.22,Silver,North,Average,2020-12-13,1,0
30.4,78.79,673.2,3.9,22,8.97,Gold,South,Average,2021-07-27,1,0
40.6,97.15,727.9,5.4,14,17.49,Bronze,South,Average,2023-03-22,0,0
50.5,63.3,729.0,0.3,12,40.65,Bronze,West,Poor,2022-08-01,0,0
51.1,,818.4,2.7,13,39.84,Gold,East,Average,2022-11-11,1,0
32.5,74.95,690.9,8.2,15,13.18,Gold,North,Good,2023-11-18,1,0
42.3,166.71,689.2,0.9,16,24.89,Silver,West,Average,2021-03-29,1,0
2.8,105.7,667.8,2.4,14,22.85,Bronze,East,Average,2023-06-27,1,0
29.9,59.83,734.1,5.7,16,46.22,Gold,South,Good,2021-07-14,1,0
19.0,104.15,699.1,9.2,15,37.94,Bronze,East,Good,2022-03-23,1,0
35.6,86.23,655.8,9.0,18,22.52,Silver,West,Good,2024-01-08,1,0
32.0,35.85,678.8,1.1,19,29.38,Silver,South,Average,2023-12-03,0,0
33.3,,777.0,1.1,19,43.59,Silver,West,Good,2022-09-02,1,0
36.4,69.56,716.5,0.4,12,96.99,Gold,East,Average,2022-01-14,1,0
48.5,86.48,695.2,13.9,12,9.18,Gold,East,Average,2021-09-19,1,0
31.7,81.81,789.2,2.5,11,17.6,Gold,West,Good,2021-09-17,1,0
17.0,38.22,722.6,5.5,15,24.15,Silver,North,Good,2023-05-24,1,0
51.8,83.95,648.3,10.8,17,58.11,Gold,South,Average,2020-05-12,1,0
43.7,79.23,711.5,0.2,17,34.41,Bronze,East,Good,2020-11-22,0,0
18.8,114.34,709.1,1.2,16,27.97,Silver,North,Average,2021-10-18,1,0
35.0,75.77,706.8,6.3,13,12.78,Gold,West,Good,2020-08-27,1,0
37.4,70.58,726.7,1.5,8,4.84,Bronze,South,Good,2021-09-14,0,0
67.7,54.72,636.4,0.2,15,8.92,Silver,South,Good,2020-10-13,1,0
39.9,69.0,623.7,4.1,13,31.24,Bronze,East,Average,2020-12-11,1,0
50.4,107.05,675.3,1.7,12,54.21,Silver,South,Good,2020-10-11,1,0
50.6,153.77,649.2,3.8,14,17.17,Platinum,South,Average,2024-01-31,1,0
32.2,57.12,688.6,9.0,14,22.97,Silver,West,Average,2020-01-24,1,0
27.4,49.15,697.2,0.8,10,4.56,Platinum,South,Average,2020-08-13,0,0
34.9,61.37,621.9,5.7,15,25.03,Platinum,North,Good,2022-07-12,1,0
31.6,93.31,,4.3,12,24.94,Bronze,East,Good,2022-01-21,0,0
62.9,96.12,694.7,9.0,11,50.61,Silver,West,Poor,2023-04-15,0,0
42.2,268.08,660.3,3.6,9,20.71,Silver,West,Average,2020-11-18,1,0
38.2,36.18,701.8,2.4,6,11.31,Bronze,West,Good,2023-10-07,1,0
57.1,28.42,762.4,0.9,12,57.17,Platinum,North,Good,2021-04-20,0,0
42.4,45.14,724.4,0.2,12,11.42,Bronze,East,Poor,2021-03-17,0,0
31.6,190.5,697.2,0.7,10,17.21,Bronze,East,Good,2020-07-16,1,0
42.6,58.0,683.8,4.0,17,39.03,Platinum,South,Good,2023-04-25,1,0
52.5,101.59,723.9,1.7,16,22.76,Bronze,West,Poor,2023-10-20,1,0
28.2,100.07,639.0,5.4,14,24.68,Gold,East,Average,2023-06-11,1,0
24.6,49.28,731.6,5.7,12,13.36,Silver,East,Poor,2020-02-23,0,0
28.2,83.63,643.1,0.8,14,48.09,Silver,North,Good,2021-07-29,0,0
35.6,70.93,710.1,0.8,14,28.06,Silver,West,Average,2022-12-27,0,0
38.9,191.95,698.4,5.2,16,24.73,Silver,North,Poor,2021-11-22,1,0
32.9,72.25,755.5,2.1,15,14.67,Bronze,East,Poor,2022-04-13,1,0
38.2,108.99,645.7,17.2,9,55.43,Silver,South,Average,2023-04-14,1,0
23.2,45.98,669.2,14.5,10,20.46,Gold,South,Average,2020-11-03,1,0
42.1,67.97,644.9,9.6,13,14.37,Bronze,South,Average,2021-08-16,1,0
57.2,75.05,708.5,1.0,16,35.93,Bronze,South,Average,2020-01-25,0,0
52.3,93.44,,11.9,18,42.98,Silver,East,Poor,2023-06-27,1,0
46.3,,676.2,2.0,12,34.6,Silver,East,Good,2023-10-25,1,0
35.7,77.14,669.7,8.0,13,89.13,Silver,South,Good,2023-02-18,1,0
,107.21,716.4,1.0,17,22.73,Platinum,East,Poor,2022-12-25,1,0
50.9,148.5,661.0,3.7,13,54.34,Silver,North,Good,2022-02-28,1,0
37.9,143.65,676.1,7.9,19,16.14,Bronze,East,Poor,2022-01-26,1,0
57.8,122.15,618.6,0.5,11,4.88,Silver,East,Poor,2023-05-18,1,0
44.6,244.87,663.7,5.1,16,7.3,Gold,South,Good,2021-11-24,0,0
58.3,53.49,737.4,3.8,13,14.58,Silver,North,Good,2021-11-28,0,0
41.1,113.89,656.8,5.5,12,55.71,Gold,East,Average,2022-08-20,1,0
46.6,118.76,812.8,3.8,22,8.13,Bronze,North,Good,2020-03-29,1,0
34.5,49.41,678.9,4.7,15,51.06,Bronze,West,Average,2020-11-25,1,0
46.3,53.14,635.9,6.5,12,18.97,Silver,South,Good,2021-08-02,0,0
37.5,129.73,652.6,0.0,14,47.26,Bronze,East,Good,2020-10-05,1,0
38.2,52.88,659.2,1.8,20,15.18,Gold,East,Good,2020-06-21,0,0
41.1,57.42,629.9,3.2,14,27.04,Bronze,East,Good,2023-05-01,1,0
65.8,262.85,653.4,5.7,18,100.99,Bronze,North,Good,2023-08-16,0,0
21.9,68.93,722.8,9.4,15,3.33,Silver,North,Good,2022-07-21,0,0
40.0,82.79,715.8,0.6,22,16.26,Bronze,West,Average,2022-01-06,0,0
48.4,118.64,700.3,6.0,15,12.07,Gold,South,Poor,2020-01-27,1,0
46.6,174.55,797.3,0.3,11,10.51,Silver,West,Good,2023-09-11,1,0
41.3,38.25,717.9,1.3,13,3.66,Bronze,North,Poor,2022-11-20,0,0
27.4,106.97,745.7,1.7,14,27.06,Bronze,North,Poor,2022-03-14,0,0
46.3,106.62,695.5,4.8,16,7.28,Bronze,North,Good,2020-02-24,0,0
26.5,114.3,675.8,3.6,19,91.37,Gold,East,Average,2020-05-09,1,0
51.7,136.34,768.3,3.4,24,21.0,Bronze,West,Average,2021-07-29,1,0
47.8,32.32,670.8,6.3,13,228.73,Bronze,West,Average,2023-11-01,1,0
38.5,37.74,626.8,4.7,18,21.27,Silver,East,Good,2020-01-15,1,0
38.2,105.49,661.9,2.9,13,8.97,Silver,West,Average,2020-01-05,0,0
57.9,51.59,685.2,3.1,12,33.99,Gold,North,Average,2022-03-28,1,0
41.6,36.51,672.2,8.3,16,30.38,Silver,East,Average,2021-09-04,0,0
49.4,186.52,601.0,7.0,13,10.38,Silver,East,Good,2020-07-14,1,0
45.7,85.33,615.9,6.1,11,7.5,Bronze,East,Good,2020-06-11,0,0
29.3,84.15,622.1,1.7,8,35.38,Silver,East,Good,2020-11-11,1,0
47.9,94.25,763.8,7.1,15,21.22,Silver,East,Average,2021-02-22,0,0
40.4,47.94,707.9,0.2,9,10.92,Silver,North,Average,2021-05-25,0,0
32.4,49.59,664.7,7.3,12,17.01,Silver,West,Good,2023-10-14,0,0
17.6,65.31,675.8,2.4,17,5.42,Bronze,North,Average,2020-05-30,1,0
35.8,46.94,723.4,22.0,18,23.19,Gold,South,Good,2020-03-27,1,0
37.1,90.62,726.5,5.4,8,39.84,Platinum,West,Good,2021-12-12,1,0
52.6,85.56,677.0,11.7,6,21.24,Gold,West,Good,2023-08-07,1,0
49.1,83.09,673.9,0.3,19,11.05,Bronze,North,Good,2023-05-24,0,0
61.1,96.52,694.9,3.3,11,15.15,Gold,West,Good,2021-08-19,1,0
18.9,100.75,696.8,4.8,8,51.16,Silver,East,Good,2020-03-14,0,0
37.8,246.31,746.4,6.0,23,12.13,Silver,North,Poor,2022-03-29,1,0
46.6,42.39,671.9,1.0,11,45.9,Bronze,West,Good,2023-06-18,0,0
31.0,115.69,728.4,11.0,14,44.5,Gold,South,Good,2023-04-07,1,0
40.1,116.06,773.3,2.3,14,48.89,Gold,North,Good,2022-05-14,1,0
42.3,26.54,601.8,9.4,15,11.73,Bronze,North,Poor,2020-12-26,0,0
41.7,55.26,741.1,3.7,10,22.47,Bronze,North,Good,2023-10-07,1,0
33.9,93.47,629.4,0.1,22,100.93,Silver,West,Good,2020-11-05,0,0
48.6,30.17,672.1,2.3,14,14.44,Bronze,West,Average,2021-03-23,0,0
43.2,62.92,658.7,2.0,20,36.88,Bronze,North,Average,2023-06-17,0,0
27.1,284.38,713.7,2.5,8,36.01,Silver,South,Good,2022-02-03,1,0
27.7,182.82,735.5,9.6,14,4.43,Bronze,North,Poor,2021-08-18,1,0
60.5,186.04,722.0,6.6,12,41.39,Bronze,East,Good,2021-10-20,1,0
58.4,153.88,721.4,5.0,19,4.73,Silver,North,Good,2020-01-06,1,0
47.7,121.9,702.5,3.1,13,23.02,Bronze,South,Poor,2021-11-19,1,0
27.6,48.0,688.2,1.7,20,9.41,Bronze,East,Average,2021-08-20,0,0
46.2,135.58,717.3,0.4,17,8.97,Bronze,West,Average,2020-12-29,1,0
42.8,42.73,741.5,2.5,17,23.81,Bronze,North,Good,2022-12-02,0,0
34.7,41.03,656.2,6.0,15,39.88,Bronze,South,Good,2020-07-10,1,0
49.8,144.59,770.8,2.4,21,12.19,Bronze,East,Good,2021-04-08,1,0
37.4,60.32,748.9,2.9,9,39.46,Bronze,South,Good,2024-01-06,0,0
37.6,34.64,713.4,1.5,10,6.67,Silver,South,Average,2021-04-20,0,0
61.1,227.66,701.6,3.6,18,68.61,Silver,West,Good,2020-08-22,1,0
37.3,,693.2,1.1,13,3.45,Bronze,South,Average,2023-11-09,1,0
27.9,135.69,742.5,2.3,14,75.39,Silver,East,Good,2022-03-15,1,0
,177.66,695.2,1.9,10,77.6,Bronze,North,Good,2020-10-19,1,0
26.3,154.45,675.2,3.3,26,48.87,Gold,West,Good,2022-12-01,1,0
47.3,54.1,744.3,0.2,15,4.84,Silver,North,Good,2023-10-15,1,0
48.4,175.95,695.4,0.6,15,4.5,Bronze,North,Good,2020-06-17,1,0
55.7,40.17,719.3,1.9,15,33.03,Gold,North,Average,2021-07-04,0,0
9.7,66.87,640.8,13.6,15,103.98,Gold,North,Good,2023-01-10,1,0
10.1,151.98,710.2,13.8,12,62.5,Silver,South,Good,2023-12-26,1,0
31.8,173.98,581.5,2.1,10,13.13,Gold,East,Good,2023-08-05,0,0
37.5,56.8,759.8,4.4,17,13.87,Gold,West,Poor,2022-09-18,1,0
29.2,123.97,664.0,3.9,18,17.56,Platinum,South,Average,2021-04-18,1,0
47.3,55.3,734.1,1.3,17,42.21,Silver,South,Average,2023-07-22,0,0
41.7,91.0,,7.9,15,14.95,Silver,South,Good,2020-05-13,1,0
60.5,407.38,737.8,14.3,15,28.34,Gold,North,Poor,2023-03-06,1,0
38.8,50.15,700.4,2.3,9,81.93,Bronze,South,Average,2020-05-14,1,0
33.0,68.23,735.3,1.0,18,43.27,Silver,North,Average,2021-07-23,1,0
62.3,176.03,768.6,3.4,19,10.83,Bronze,East,Poor,2023-06-11,0,0
42.4,94.85,676.8,0.9,14,82.59,Bronze,East,Good,2021-02-06,1,0
42.2,30.74,662.3,15.9,20,15.86,Gold,South,Poor,2023-09-26,1,0
42.6,,691.7,0.2,11,11.39,Silver,West,Good,2022-09-11,0,0
42.1,50.11,790.9,0.4,16,34.64,Silver,West,Average,2023-12-10,0,0
23.8,92.25,714.5,33.3,24,57.8,Silver,North,Average,2022-07-20,1,0
45.1,60.78,705.5,1.7,13,48.73,Bronze,North,Average,2020-08-27,1,0
41.6,45.22,679.4,4.6,11,134.94,Silver,South,Average,2023-11-16,0,0
28.6,129.55,652.4,3.9,13,42.25,Silver,South,Good,2022-03-23,1,0
53.0,32.14,673.9,0.1,18,9.69,Gold,East,Poor,2023-08-07,0,0
46.2,35.42,719.3,5.5,16,3.81,Gold,West,Good,2021-08-27,1,0
38.3,81.66,715.3,12.5,12,7.78,Bronze,East,Good,2021-12-06,0,0
28.1,51.94,694.4,4.7,10,16.98,Silver,West,Good,2022-09-03,1,0
33.7,119.78,632.0,6.8,14,6.17,Platinum,South,Good,2020-02-26,1,0
37.7,33.27,633.7,9.2,16,6.86,Bronze,West,Average,2024-01-25,0,0
46.8,51.59,709.4,5.1,14,43.16,Bronze,South,Good,2022-03-22,0,0
7.8,75.48,745.1,3.3,17,12.31,Silver,South,Average,2022-07-26,1,0
48.3,92.7,738.3,2.5,16,22.31,Gold,West,Good,2021-10-22,0,0
24.8,82.69,702.5,12.7,9,16.88,Bronze,West,Good,2020-11-26,1,0
29.6,44.68,752.6,0.3,15,6.82,Gold,South,Average,2022-08-31,0,0
24.5,216.01,760.8,2.5,13,91.9,Silver,South,Good,2020-12-30,1,0
30.6,177.87,698.7,2.2,15,17.23,Gold,South,Good,2021-04-13,1,0
30.9,25.32,,7.0,11,9.87,Bronze,East,Good,2022-01-04,1,0
37.6,56.1,615.2,6.1,18,54.68,Platinum,North,Good,2023-10-07,0,0
47.8,112.72,656.2,13.3,16,7.32,Silver,West,Poor,2022-12-12,1,0
47.2,74.77,670.4,1.4,19,15.97,Silver,East,Average,2023-06-09,0,0
62.4,74.18,742.1,4.0,20,53.68,Bronze,West,Average,2022-06-04,1,0
31.4,443.52,714.0,5.8,10,6.45,Bronze,North,Poor,2022-06-26,1,0
44.0,172.52,671.9,5.7,13,17.79,Silver,West,Poor,2023-09-08,0,0
52.9,72.96,670.3,1.8,13,2.2,Bronze,East,Average,2022-04-07,0,0
56.5,80.99,748.1,8.7,8,14.97,Silver,North,Poor,2020-01-23,1,0
39.5,263.97,602.7,3.5,13,6.17,Gold,West,Good,2023-08-10,1,0
68.5,86.18,790.5,1.9,10,26.44,Silver,West,Good,2021-04-30,1,0
52.7,59.29,759.8,8.4,16,40.67,Bronze,East,Poor,2021-07-01,0,0
48.0,149.31,706.0,4.6,15,19.7,Silver,South,Good,2020-11-11,1,0
58.1,110.38,738.3,3.0,21,50.65,Platinum,West,Good,2020-10-17,0,0
41.2,36.8,753.4,1.3,11,32.46,Bronze,North,Good,2023-02-04,0,0
39.3,41.34,,7.7,12,36.41,Silver,East,Good,2023-07-07,1,0
24.1,77.74,729.0,2.0,7,36.52,Silver,West,Average,2022-06-25,1,0
52.6,56.99,660.8,1.8,15,5.31,Silver,East,Good,2021-07-31,1,0
53.5,186.38,679.3,0.2,12,9.43,Silver,West,Average,2020-02-04,0,0
14.5,55.14,762.4,5.4,10,17.88,Silver,North,Good,2021-06-01,1,0
60.5,95.9,676.7,2.0,9,4.71,Gold,South,Average,2022-05-07,0,0
47.7,55.29,686.3,0.4,13,27.55,Bronze,East,Average,2023-03-14,0,0
50.1,23.93,667.4,8.3,18,128.25,Gold,West,Average,2021-02-09,1,0
28.0,111.62,638.9,0.7,13,20.31,Bronze,North,Poor,2023-05-31,1,0
46.0,98.71,716.0,5.4,17,51.92,Bronze,West,Average,2020-02-22,1,0
16.3,89.61,703.5,6.0,8,38.53,Bronze,South,Average,2020-12-19,1,0
32.7,96.92,677.9,4.8,16,44.0,Silver,East,Good,2023-10-06,0,0
53.2,62.51,707.3,3.5,9,7.45,Bronze,South,Poor,2022-08-17,0,0
31.3,117.27,667.6,1.1,14,4.35,Silver,East,Good,2022-08-23,1,0
54.6,47.26,683.4,16.7,12,44.62,Platinum,West,Good,2023-08-06,1,0
50.5,,783.0,1.5,16,92.56,Bronze,West,Poor,2022-02-27,0,0
25.5,149.54,706.3,0.3,14,6.38,Platinum,South,Good,2021-02-16,1,0
61.9,343.58,691.2,3.9,14,10.52,Platinum,West,Good,2021-12-26,1,0
38.4,183.35,755.8,8.4,17,25.66,Silver,North,Good,2020-10-24,1,0
25.1,92.25,684.2,6.6,15,32.5,Bronze,East,Good,2022-12-29,1,0
34.9,103.82,734.3,4.1,12,16.46,Gold,East,Average,2020-02-10,0,0
40.8,163.75,716.4,4.5,15,42.98,Silver,East,Average,2021-11-13,1,0
47.1,54.12,759.1,1.0,10,38.19,Bronze,West,Average,2023-09-17,1,0
35.0,52.98,783.7,2.4,15,34.93,Bronze,South,Average,2023-11-19,0,0
46.3,203.53,743.7,2.4,11,19.9,Silver,South,Good,2022-01-30,1,0
30.7,76.76,677.6,2.9,13,40.79,Gold,East,Average,2023-12-09,0,0
53.4,70.84,617.7,3.5,10,19.09,Bronze,South,Poor,2023-01-21,1,0
26.6,74.82,760.4,3.7,5,22.6,Silver,South,Average,2023-12-13,0,0
24.9,155.83,676.7,7.2,14,25.99,Gold,South,Poor,2020-04-28,1,0
38.8,45.34,736.4,6.1,17,3.87,Silver,South,Poor,2022-12-03,1,0
50.4,,597.9,7.3,9,28.67,Bronze,West,Poor,2023-02-21,1,0
40.2,36.22,733.4,3.5,21,23.22,Bronze,West,Good,2022-03-14,1,0
27.2,69.21,610.4,0.7,18,29.2,Bronze,South,Average,2024-02-02,0,0
47.0,52.8,755.3,7.8,14,12.37,Bronze,West,Good,2023-08-29,1,0
39.6,103.0,769.2,6.7,26,29.33,Silver,East,Poor,2023-09-17,0,0
21.4,67.17,722.3,16.1,12,51.25,Silver,North,Good,2024-02-02,1,0
2.7,110.32,725.1,3.1,13,8.93,Bronze,East,Good,2020-05-10,1,0
34.6,62.12,674.6,0.0,18,8.2,Platinum,North,Good,2021-12-15,1,0
33.9,92.31,721.6,6.6,13,18.7,Silver,North,Good,2020-08-19,1,0
34.0,77.75,626.8,9.1,18,49.72,Gold,West,Good,2023-01-02,1,0
57.7,46.09,775.9,8.6,17,14.63,Gold,South,Good,2020-10-08,1,0
37.3,33.72,768.4,3.4,13,45.26,Silver,West,Good,2020-08-06,0,0
33.2,114.61,711.4,0.0,15,57.2,Bronze,West,Poor,2022-06-20,0,0
37.8,54.21,695.2,21.1,16,34.17,Platinum,North,Poor,2021-03-22,1,0
51.0,70.69,750.6,1.9,12,37.11,Bronze,West,Good,2022-07-17,0,0
50.2,74.42,767.6,1.6,19,41.71,Bronze,East,Average,2022-05-26,1,0
49.2,115.05,727.5,9.4,14,49.63,Gold,North,Poor,2021-09-09,1,0
45.0,63.3,,0.4,14,63.92,Bronze,West,Average,2023-06-13,1,0
19.3,,721.8,3.0,18,22.82,Silver,North,Average,2022-09-23,0,0
40.5,40.39,643.4,1.1,14,20.34,Bronze,North,Good,2022-04-06,0,0
29.2,150.32,713.4,3.5,17,11.52,Bronze,East,Good,2020-03-20,1,0
46.5,100.29,701.1,7.3,22,51.65,Bronze,West,Average,2021-01-19,1,0
20.9,123.22,754.1,0.6,10,73.17,Bronze,South,Good,2021-10-14,1,0
49.1,23.41,624.1,3.1,12,7.11,Silver,West,Good,2020-09-26,1,0
38.8,141.53,734.2,2.4,16,7.18,Silver,South,Good,2023-07-28,1,0
39.9,113.48,704.0,4.7,18,35.24,Silver,East,Average,2022-03-28,1,0
48.0,42.48,807.9,0.7,8,4.79,Gold,West,Good,2022-05-03,1,0
44.3,261.98,673.1,11.7,18,37.33,Silver,North,Average,2022-02-11,1,0
15.9,165.5,818.7,7.0,7,6.72,Gold,North,Average,2024-01-10,1,0
55.7,37.22,678.9,24.1,12,13.57,Silver,South,Good,2023-09-21,1,0
38.3,260.44,643.3,12.3,22,21.42,Bronze,East,Average,2020-06-17,0,0
53.0,36.9,664.2,0.8,18,28.54,Gold,South,Good,2023-05-30,0,0
37.8,94.3,638.7,0.5,12,12.85,Platinum,South,Good,2021-03-05,1,0
25.6,50.18,714.3,2.1,14,7.26,Platinum,West,Good,2021-10-31,0,0
72.4,,746.8,7.2,12,13.78,Silver,South,Good,2023-04-09,1,0
35.3,,679.3,0.3,20,28.06,Bronze,South,Good,2023-07-10,0,0
34.2,77.4,713.4,11.6,15,46.89,Silver,South,Poor,2020-12-30,1,0
41.5,42.74,653.5,4.5,21,11.49,Bronze,West,Good,2024-01-26,0,0
51.0,170.84,642.7,15.9,13,5.9,Gold,South,Average,2022-10-28,1,0
47.1,228.67,754.1,10.7,14,22.36,Silver,South,Poor,2023-11-16,1,0
48.1,138.35,637.2,6.4,15,6.22,Gold,West,Good,2024-01-14,1,0
78.6,53.26,726.2,7.7,19,27.71,Silver,South,Poor,2023-03-30,1,0
34.7,87.23,731.8,3.6,16,26.52,Bronze,North,Good,2023-05-07,0,0
46.9,166.79,694.2,5.7,20,15.11,Gold,South,Average,2020-07-01,1,0
29.1,41.16,718.5,2.3,15,21.7,Gold,West,Average,2021-04-03,1,0
30.8,51.4,619.3,13.5,13,21.23,Bronze,West,Poor,2022-07-13,1,0
46.2,79.8,696.0,2.2,17,47.73,Bronze,South,Good,2022-09-16,0,0
48.7,108.01,660.0,2.2,18,79.1,Silver,South,Poor,2020-09-04,0,0
56.1,154.82,687.4,0.6,14,7.82,Bronze,North,Good,2023-11-02,0,0
38.8,91.06,692.6,13.4,15,45.34,Bronze,East,Good,2021-06-10,1,0
32.5,70.29,789.7,17.5,20,18.59,Gold,South,Average,2021-06-15,1,0
48.9,51.51,782.9,3.6,9,19.06,Gold,West,Average,2020-03-18,0,0
19.6,106.06,713.0,0.8,11,52.47,Gold,West,Average,2021-11-02,0,0
50.2,240.56,697.8,6.8,11,17.59,Bronze,West,Average,2020-07-18,1,0
27.4,334.89,782.8,5.1,14,29.32,Bronze,South,Poor,2021-08-25,1,0
63.5,81.24,714.9,0.8,12,51.88,Silver,North,Average,2022-09-08,1,0
34.4,174.64,763.7,3.4,20,12.65,Bronze,East,Good,2023-03-16,1,0
38.8,77.54,681.0,0.8,19,16.11,Silver,West,Good,2021-05-21,0,0
38.2,123.91,638.0,0.7,16,39.73,Silver,East,Good,2024-01-04,1,0
30.6,72.76,693.3,2.6,9,19.94,Gold,West,Good,2022-05-31,1,0
42.3,86.33,673.6,3.1,11,11.77,Silver,South,Good,2021-10-29,0,0
40.6,54.38,667.9,4.4,16,16.19,Bronze,South,Good,2023-05-02,0,0
24.0,34.01,711.7,2.3,17,15.11,Bronze,East,Good,2021-04-27,1,0
65.7,213.53,662.9,11.2,16,18.14,Silver,South,Good,2020-03-23,1,0
33.3,62.0,703.0,3.5,12,18.49,Bronze,West,Average,2023-06-06,0,0
44.3,30.21,753.5,13.3,13,11.36,Silver,South,Poor,2021-02-20,1,0
41.7,39.85,728.0,6.4,12,14.37,Bronze,South,Average,2024-01-02,0,0
38.7,92.68,629.8,0.3,15,12.59,Gold,North,Poor,2023-04-22,1,0
49.1,164.38,687.4,3.0,20,51.41,Bronze,North,Good,2021-02-23,1,0
49.3,154.02,718.6,3.8,16,7.88,Bronze,North,Average,2020-05-12,0,0
18.8,91.51,715.9,0.8,25,143.91,Bronze,North,Good,2023-01-14,1,0
26.3,60.8,638.8,4.3,18,6.78,Silver,West,Good,2022-06-12,0,0
50.1,62.31,714.8,0.6,15,33.63,Bronze,West,Good,2021-03-07,0,0
5.9,38.95,731.3,4.6,16,20.58,Platinum,West,Poor,2021-06-06,1,0
42.6,71.97,738.9,5.9,13,6.42,Silver,West,Average,2020-08-30,0,0
41.4,43.75,658.1,7.1,17,45.55,Platinum,South,Good,2023-01-16,1,0
38.9,79.66,637.1,6.5,11,16.88,Silver,South,Average,2020-05-24,1,0
27.0,237.53,709.4,1.7,11,22.47,Platinum,East,Poor,2020-03-21,1,0
42.4,76.14,716.6,2.4,16,12.68,Gold,North,Good,2023-12-23,0,0
27.3,53.07,683.6,5.3,18,33.99,Gold,North,Good,2020-03-18,1,0
21.7,265.65,694.7,5.9,19,7.7,Bronze,South,Average,2023-08-31,1,0
35.9,26.26,655.8,4.2,8,6.43,Bronze,East,Good,2023-03-16,0,0
26.7,49.29,652.8,10.7,19,26.02,Silver,West,Poor,2021-01-16,1,0
30.3,86.16,768.8,15.3,25,9.01,Silver,North,Average,2021-04-19,1,0
33.2,47.97,745.7,3.7,16,19.65,Platinum,West,Average,2022-07-19,1,0
52.3,89.11,732.1,1.5,11,7.17,Silver,North,Good,2020-08-19,0,0
71.6,188.4,659.5,1.2,16,3.13,Silver,West,Good,2022-10-31,1,0
47.5,105.11,699.9,1.3,11,29.42,Gold,North,Good,2021-02-04,1,0
44.9,124.05,703.3,3.8,21,41.93,Silver,East,Good,2023-01-11,1,0
52.1,68.0,765.9,2.9,12,11.55,Silver,West,Average,2023-02-05,0,0
23.5,62.99,709.1,2.3,13,23.04,Gold,East,Poor,2020-07-22,1,0
23.0,127.59,621.3,8.3,14,22.68,Bronze,West,Good,2021-01-06,1,0
57.0,34.29,738.2,12.6,16,74.28,Silver,South,Average,2020-11-20,1,0
28.7,52.34,747.2,0.1,12,14.0,Silver,North,Good,2021-07-29,0,0
45.9,155.42,618.7,1.3,14,56.5,Bronze,North,Average,2020-12-15,0,0
25.1,63.85,762.8,2.0,12,22.5,Platinum,South,Good,2021-09-21,1,0
41.2,18.14,684.4,1.1,15,90.7,Bronze,South,Good,2022-12-18,0,0
54.8,,702.8,17.5,14,13.44,Gold,East,Good,2020-01-01,1,0
42.1,58.01,661.5,10.4,9,10.0,Silver,North,Good,2020-05-16,0,0
38.3,90.19,657.1,2.7,19,16.1,Silver,East,Average,2022-11-25,1,0
30.8,76.6,724.8,9.4,13,8.58,Gold,South,Good,2023-05-24,1,0
44.7,171.58,659.2,14.4,17,55.98,Silver,West,Average,2023-03-13,1,0
29.7,203.25,679.0,2.2,15,26.27,Silver,South,Poor,2020-04-13,1,0
53.3,84.69,713.3,2.0,14,11.44,Silver,South,Good,2021-01-05,1,0
26.7,134.36,668.8,0.8,15,24.92,Gold,West,Average,2022-10-12,0,0
49.0,72.93,635.5,3.1,17,44.4,Bronze,East,Average,2023-03-19,1,0
44.4,195.6,636.6,2.1,20,28.81,Gold,South,Poor,2021-01-02,1,0
42.9,105.41,678.6,5.4,14,26.12,Silver,West,Good,2023-12-12,1,0
33.7,64.14,664.0,5.4,16,12.85,Bronze,West,Poor,2020-10-25,0,0
37.4,102.28,731.7,3.8,12,24.64,Bronze,South,Average,2021-05-22,1,0
33.4,100.18,770.0,7.8,22,28.93,Silver,North,Average,2020-12-14,1,0
28.0,,618.4,11.8,14,36.08,Silver,North,Average,2021-09-15,1,0
55.8,122.24,698.5,6.3,19,104.48,Bronze,North,Good,2021-04-19,1,0
53.5,96.21,800.4,0.4,11,18.47,Silver,West,Poor,2023-10-31,1,0
34.9,72.1,668.5,0.9,19,6.37,Platinum,West,Poor,2021-07-30,1,0
29.5,60.47,689.9,12.3,13,11.43,Bronze,South,Average,2022-11-16,1,0
37.9,53.98,,0.2,13,21.78,Silver,South,Poor,2021-07-17,0,0
50.4,147.67,706.1,18.5,16,6.84,Silver,North,Poor,2024-01-25,1,0
29.2,74.33,675.7,1.6,14,18.53,Silver,South,Average,2020-04-26,0,0
50.9,153.55,739.8,1.7,10,22.21,Gold,North,Average,2020-06-22,0,0
41.4,156.03,679.0,3.6,9,5.6,Bronze,South,Poor,2020-08-21,1,0
57.3,19.87,635.2,7.3,16,23.12,Platinum,North,Average,2020-09-18,1,0
43.3,164.94,652.1,2.6,15,12.68,Silver,South,Average,2022-07-24,1,0
28.4,48.16,681.8,3.0,14,41.33,Platinum,West,Average,2022-08-11,1,0
37.0,90.78,711.3,1.8,21,9.16,Bronze,East,Average,2020-04-30,0,0
21.5,160.85,745.4,13.6,13,35.47,Silver,East,Poor,2021-11-29,1,0
13.9,78.89,691.1,1.1,18,22.25,Gold,East,Good,2023-05-28,1,0
47.9,34.33,712.9,6.0,11,20.39,Bronze,South,Average,2020-11-24,0,0
49.4,104.07,721.0,15.7,17,12.73,Silver,North,Poor,2021-04-12,1,0
35.0,32.02,726.7,1.0,9,18.8,Gold,West,Average,2021-12-19,1,0
42.6,112.39,629.3,5.8,14,9.37,Silver,West,Good,2021-05-17,1,0
53.9,73.19,,12.5,12,30.48,Gold,North,Good,2022-05-26,1,0
51.4,59.86,713.6,2.4,17,40.86,Silver,East,Good,2020-08-21,0,0
22.3,108.45,707.3,1.4,13,26.15,Gold,South,Good,2022-01-05,1,0
55.7,91.52,717.2,0.9,15,26.61,Silver,East,Poor,2023-03-08,0,0
45.9,91.15,715.5,1.9,13,22.4,Bronze,West,Average,2023-12-16,0,0
27.0,77.82,723.8,6.2,14,77.42,Bronze,South,Good,2022-04-09,0,0
25.9,82.24,673.0,3.0,14,42.49,Silver,West,Good,2023-10-12,1,0
49.8,102.16,742.1,6.2,10,10.75,Silver,South,Average,2020-03-04,0,0
46.5,69.44,680.3,4.4,12,52.63,Bronze,West,Good,2020-02-04,0,0
39.9,104.16,744.1,0.0,13,26.06,Gold,West,Good,2021-06-17,1,0
57.5,329.77,703.1,9.4,13,31.2,Silver,South,Good,2023-03-22,1,0
28.2,107.72,697.2,0.1,12,18.64,Bronze,South,Poor,2023-01-29,0,0
41.9,149.78,706.6,0.8,18,11.31,Silver,North,Average,2023-03-17,1,0
39.3,124.56,801.7,1.4,18,64.77,Bronze,North,Poor,2022-01-26,1,0
28.2,175.7,698.9,1.6,14,11.44,Bronze,South,Poor,2021-09-02,1,0
41.0,109.52,711.4,4.6,17,8.4,Gold,West,Good,2020-03-11,0,0
69.2,204.21,708.1,0.7,16,16.04,Silver,North,Poor,2021-10-19,0,0
48.3,82.7,737.3,3.5,20,14.55,Gold,East,Poor,2022-10-20,1,0
44.7,80.78,648.5,3.2,16,6.56,Bronze,West,Average,2023-05-07,1,0
29.2,21.34,773.8,10.4,9,13.59,Bronze,South,Poor,2021-10-15,1,0
35.3,139.65,731.2,5.7,14,28.7,Bronze,East,Good,2020-04-24,1,0
,24.56,666.4,8.7,15,13.15,Platinum,South,Good,2020-10-31,1,0
41.3,47.41,682.6,2.2,12,16.9,Platinum,North,Good,2021-04-26,1,0
45.9,223.67,718.0,6.1,15,11.62,Bronze,North,Good,2022-05-03,1,0
49.3,227.45,676.2,12.2,18,38.27,Bronze,South,Poor,2021-01-03,1,0
53.5,55.14,650.1,2.0,12,43.9,Gold,North,Good,2023-04-26,1,0
52.5,98.26,770.0,1.3,11,33.01,Bronze,North,Good,2020-02-22,0,0
35.1,85.19,641.4,1.4,21,29.25,Silver,North,Good,2021-01-01,1,0
19.8,139.57,753.2,31.3,19,28.83,Bronze,East,Poor,2021-11-03,1,0
29.2,60.27,716.2,2.0,9,128.2,Bronze,South,Poor,2020-03-23,0,0
47.5,102.52,726.0,0.4,16,11.62,Bronze,West,Good,2021-07-10,0,0
40.4,,629.7,2.8,21,44.81,Bronze,North,Average,2022-05-27,0,0
57.3,102.27,696.4,4.7,12,6.39,Silver,South,Poor,2021-05-23,0,0
59.7,133.67,740.2,8.7,11,17.63,Gold,West,Poor,2023-12-12,1,0
23.6,99.47,672.0,6.2,13,15.01,Silver,North,Poor,2020-11-12,1,0
56.5,55.61,680.4,0.3,16,19.14,Bronze,South,Good,2022-02-23,1,0
42.0,129.84,,7.6,18,11.13,Bronze,West,Good,2023-06-25,1,0
46.5,73.71,754.0,2.3,11,54.37,Silver,South,Good,2020-12-08,1,0
37.7,82.34,660.9,4.6,20,22.52,Gold,South,Good,2020-07-04,1,0
71.9,98.19,701.5,1.3,16,23.05,Gold,West,Poor,2020-02-08,0,0
35.2,34.1,668.1,1.9,20,14.92,Gold,North,Good,2023-08-04,0,0
23.7,134.64,753.5,0.5,14,8.85,Bronze,South,Average,2023-03-26,1,0
43.1,41.25,772.4,4.4,11,55.56,Bronze,East,Average,2022-02-10,0,0
44.8,132.92,,8.4,13,54.69,Gold,West,Good,2023-06-26,1,0
25.6,94.18,737.6,1.8,17,51.49,Silver,West,Average,2020-10-11,0,0
36.1,119.42,704.1,1.4,15,27.54,Platinum,West,Good,2022-03-14,1,0
18.1,186.14,716.8,1.1,13,37.19,Bronze,West,Good,2021-12-26,1,0
44.8,72.27,791.6,1.2,12,25.78,Bronze,South,Average,2023-07-16,0,0
33.8,48.17,,13.3,18,44.22,Bronze,North,Poor,2022-02-10,1,0
30.1,75.91,672.0,9.8,18,22.22,Silver,South,Average,2021-02-05,1,0
32.0,52.0,550.1,3.7,15,14.53,Bronze,West,Good,2021-01-15,1,0
51.8,36.1,727.0,3.2,17,77.08,Bronze,South,Poor,2020-09-27,1,0
36.6,67.8,704.0,7.0,11,12.38,Bronze,West,Average,2021-10-18,1,0
40.9,80.92,529.0,5.9,17,31.64,Silver,North,Average,2023-07-16,1,0
39.8,86.82,,3.9,17,58.55,Silver,North,Good,2022-06-15,1,0
61.4,193.56,,8.9,18,10.66,Silver,West,Poor,2023-06-04,1,0
38.4,87.44,762.8,0.5,23,97.02,Gold,South,Good,2022-03-09,1,0
49.2,112.32,694.4,4.2,16,16.43,Silver,East,Poor,2022-09-02,1,0
46.3,114.71,789.9,0.3,15,10.15,Bronze,East,Good,2021-08-15,0,0
46.1,39.89,688.2,2.8,13,33.41,Bronze,East,Average,2020-09-15,0,0
69.8,184.1,710.2,0.8,14,34.53,Gold,West,Good,2022-11-24,1,0
33.6,113.3,542.3,1.4,11,29.94,Bronze,East,Poor,2020-08-16,1,0
27.1,91.69,708.6,9.3,9,52.57,Platinum,North,Good,2022-06-14,1,0
29.4,88.82,732.6,0.6,13,29.09,Bronze,West,Average,2020-08-19,0,0
42.0,149.08,758.1,21.2,8,46.86,Bronze,East,Poor,2022-06-01,1,0
26.0,277.36,679.0,9.3,22,5.34,Silver,South,Average,2022-12-02,1,0
26.6,227.83,610.6,1.3,14,8.96,Gold,West,Good,2021-06-26,1,0
66.1,71.21,707.1,8.0,16,40.18,Bronze,East,Average,2021-11-12,0,0
45.1,221.39,665.4,1.6,15,77.71,Bronze,West,Good,2023-07-08,1,0
47.7,70.92,666.1,4.3,10,17.49,Gold,South,Average,2023-07-04,1,0
42.0,144.7,666.0,12.7,14,9.67,Silver,South,Good,2022-10-09,1,0
49.4,69.75,681.1,2.7,14,38.39,Bronze,West,Average,2022-04-21,1,0
35.4,112.01,741.0,33.5,12,19.28,Gold,West,Poor,2020-12-05,1,0
34.4,53.39,698.1,6.2,11,143.68,Platinum,West,Good,2023-08-16,1,0
25.5,102.11,686.6,2.9,12,7.03,Platinum,North,Good,2022-12-09,1,0
40.2,148.82,658.5,8.9,12,13.55,Gold,South,Average,2021-09-22,0,0
36.3,82.3,705.2,1.0,9,27.39,Bronze,South,Good,2021-03-20,1,0
47.4,187.43,680.8,10.0,15,18.03,Gold,West,Good,2023-12-10,1,0
33.2,60.68,656.7,5.4,9,10.94,Silver,South,Good,2021-02-24,1,0
23.3,23.98,698.4,6.9,13,32.87,Bronze,South,Good,2021-02-28,0,0
22.7,192.78,725.5,2.3,15,27.18,Silver,South,Good,2023-07-17,1,0
32.1,,709.7,7.3,16,62.66,Platinum,East,Good,2022-03-24,1,0
58.5,155.52,673.8,0.6,16,56.52,Bronze,East,Average,2022-12-16,0,0
29.5,206.82,667.5,1.5,14,45.82,Gold,East,Poor,2023-09-25,1,0
39.9,188.33,724.2,6.2,12,11.87,Silver,East,Good,2023-05-11,1,0
55.0,136.8,625.2,8.3,13,4.06,Bronze,South,Average,2020-05-13,1,0
50.0,82.11,612.0,2.5,14,20.26,Bronze,South,Average,2020-03-31,0,0
36.0,74.2,737.9,0.4,14,6.29,Silver,East,Good,2022-02-19,0,0
30.3,102.16,705.8,0.2,22,45.02,Gold,West,Poor,2022-08-17,0,0
37.5,142.45,,6.8,10,7.35,Bronze,South,Poor,2023-05-03,1,0
27.6,112.37,702.6,1.3,13,12.3,Silver,East,Good,2021-01-11,1,0
22.1,322.12,748.6,1.7,9,29.56,Bronze,South,Poor,2021-09-13,1,0
16.6,89.84,774.2,0.1,12,202.86,Platinum,East,Poor,2020-05-27,1,0
52.0,61.56,708.4,1.6,16,9.38,Gold,North,Poor,2023-04-20,0,0
42.2,122.66,703.6,8.6,19,28.23,Platinum,North,Average,2020-09-15,1,0
43.4,164.68,671.7,1.3,14,43.09,Bronze,East,Good,2021-07-03,0,0
32.3,148.35,731.4,7.0,17,16.57,Silver,West,Good,2021-05-03,0,0
36.5,68.61,684.5,4.8,17,39.74,Bronze,South,Good,2020-11-25,1,0
52.1,55.47,723.2,1.1,18,6.37,Gold,North,Good,2021-09-16,1,0
36.7,179.11,712.4,3.8,17,20.35,Gold,West,Good,2023-11-21,0,0
20.7,44.37,779.6,3.5,14,14.04,Gold,East,Poor,2023-10-10,1,0
22.1,148.22,723.0,5.9,13,56.9,Bronze,West,Poor,2023-09-20,1,0
41.4,81.02,794.5,2.0,14,35.36,Platinum,South,Poor,2023-08-22,1,0
,59.54,600.8,20.7,8,13.89,Bronze,South,Good,2020-01-25,1,0
20.9,91.67,639.3,2.2,23,40.08,Bronze,North,Average,2022-12-20,1,0
45.9,47.77,772.1,0.3,12,19.99,Bronze,East,Average,2020-06-23,1,0
31.9,84.78,785.3,9.6,18,2.08,Bronze,South,Good,2023-05-16,0,0
35.1,121.47,724.6,0.9,18,26.11,Silver,South,Good,2022-09-30,1,0
21.7,52.48,721.3,2.1,14,32.38,Gold,East,Average,2020-11-09,0,0
38.0,135.47,749.5,28.9,18,41.38,Silver,South,Good,2020-11-08,1,0
40.8,36.63,,4.4,15,45.59,Gold,North,Average,2022-06-08,1,0
31.8,107.16,754.1,3.2,14,71.63,Bronze,South,Good,2022-04-02,0,0
52.6,147.89,767.6,12.5,20,36.86,Platinum,East,Good,2020-06-23,1,0
37.3,134.77,550.2,7.2,17,19.64,Bronze,South,Good,2022-02-12,1,0
30.5,,731.9,10.1,12,9.25,Silver,East,Good,2021-11-29,1,0
46.8,104.77,712.2,1.7,13,249.41,Silver,North,Good,2022-01-29,0,0
39.6,66.46,684.2,7.8,12,20.77,Silver,West,Good,2023-08-27,1,0
58.7,45.23,712.5,0.2,11,14.23,Bronze,West,Poor,2021-02-05,1,0
30.9,87.34,609.4,0.5,11,41.67,Gold,North,Good,2022-12-20,1,0
34.0,50.75,667.7,4.0,18,15.49,Gold,North,Good,2020-07-23,1,0
38.2,27.5,733.0,1.4,23,22.67,Bronze,South,Good,2022-03-31,0,0
30.6,144.19,642.5,0.0,17,45.84,Silver,West,Poor,2023-03-25,0,0
48.3,116.9,649.6,5.5,21,11.36,Bronze,North,Good,2024-01-15,0,0
27.2,44.58,638.4,3.4,17,16.52,Silver,North,Poor,2020-06-03,0,0
19.6,52.8,615.9,5.1,13,35.88,Silver,North,Good,2022-04-29,1,0
46.9,71.01,685.1,8.6,18,17.39,Bronze,North,Average,2023-12-23,0,0
58.9,137.18,747.8,7.2,21,8.88,Bronze,West,Good,2021-06-06,1,0
34.1,141.71,678.8,1.2,16,25.32,Silver,West,Good,2020-12-13,1,0
40.2,104.69,746.3,0.9,12,11.7,Silver,North,Average,2020-01-14,1,0
,44.04,734.8,6.2,18,83.93,Bronze,South,Good,2023-01-13,1,0
50.7,37.22,690.9,9.7,6,55.38,Bronze,North,Good,2022-02-22,0,0
33.9,38.74,753.6,0.7,32,21.66,Gold,South,Good,2020-01-24,0,0
57.4,122.7,778.7,7.8,23,64.66,Silver,North,Good,2023-06-23,1,0
32.2,135.75,678.1,3.8,15,16.42,Bronze,West,Poor,2023-06-16,1,0
,153.39,656.5,1.2,24,15.49,Silver,East,Average,2020-05-10,1,0
35.7,20.36,693.0,12.9,12,21.39,Bronze,East,Average,2021-12-16,0,0
50.2,78.77,667.3,3.5,16,6.21,Silver,West,Average,2024-02-03,1,0
45.0,81.51,734.2,2.5,17,19.67,Platinum,South,Average,2021-12-30,0,0
23.9,67.66,730.1,2.9,17,24.06,Bronze,East,Good,2022-02-01,0,0
60.2,75.17,675.5,1.3,14,11.16,Bronze,East,Average,2022-02-08,1,0
43.1,45.39,675.9,0.4,18,30.04,Gold,North,Good,2023-10-25,1,0
46.7,78.41,674.6,4.2,14,13.42,Bronze,East,Average,2022-11-16,1,0
33.9,247.0,730.6,2.6,11,48.77,Platinum,South,Poor,2021-06-16,1,0
30.4,67.39,697.4,0.7,15,7.77,Gold,South,Average,2021-04-04,1,0
56.5,107.37,729.6,4.5,15,11.0,Bronze,West,Good,2022-10-23,1,0
47.4,219.36,710.6,0.4,15,16.02,Bronze,North,Good,2020-02-21,1,0
42.7,,695.8,5.2,9,7.67,Bronze,West,Average,2020-07-18,1,0
18.9,110.76,637.0,6.8,9,22.88,Gold,North,Good,2022-12-25,0,0
49.8,543.66,705.3,11.5,18,12.11,Bronze,South,Good,2022-02-03,1,0
37.5,84.24,697.4,2.1,11,6.85,Silver,East,Poor,2020-11-02,0,0
36.9,93.38,660.6,3.9,16,29.51,Gold,East,Poor,2023-01-18,1,0
32.4,243.57,693.2,7.8,17,34.49,Silver,East,Poor,2022-08-19,1,0
48.4,101.33,802.0,18.0,18,12.86,Bronze,West,Good,2023-03-04,0,0
38.4,57.92,730.0,11.1,7,31.73,Bronze,North,Poor,2020-11-13,0,0
35.3,54.87,709.4,17.7,16,13.06,Silver,West,Good,2021-01-28,1,0
55.7,41.4,687.4,5.9,10,40.0,Platinum,North,Good,2020-07-07,1,0
36.3,33.94,743.8,3.7,13,25.99,Bronze,North,Good,2021-02-09,1,0
28.0,50.34,600.1,6.7,17,10.33,Gold,West,Good,2020-07-14,1,0
68.6,287.5,758.3,7.2,18,29.59,Gold,South,Good,2022-10-22,1,0
71.7,105.12,724.7,11.5,15,6.2,Platinum,North,Good,2020-01-16,1,0
44.5,80.93,689.6,5.1,15,13.2,Gold,North,Poor,2022-04-01,1,0
45.6,94.03,698.2,9.4,13,26.48,Bronze,North,Average,2023-12-01,1,0
23.0,38.75,727.2,8.0,16,31.3,Silver,South,Average,2023-12-31,1,0
47.2,73.26,709.3,9.8,22,11.14,Bronze,South,Average,2022-02-12,0,0
27.6,193.83,700.5,4.6,11,11.06,Silver,South,Good,2023-12-30,1,0
32.9,65.11,698.4,3.2,18,18.81,Bronze,North,Poor,2021-10-27,0,0
54.1,167.86,697.4,5.0,15,30.39,Silver,East,Poor,2020-09-03,1,0
53.0,100.89,716.7,7.7,10,52.93,Platinum,North,Average,2023-02-27,0,0
55.4,93.02,669.9,7.9,15,6.98,Bronze,West,Poor,2020-10-30,1,0
46.6,84.82,661.9,6.9,12,6.5,Gold,East,Good,2022-03-22,1,0
26.5,59.71,665.4,6.3,13,19.47,Silver,West,Average,2022-03-10,1,0
39.3,150.13,722.0,5.4,25,11.08,Bronze,North,Average,2020-09-29,0,0
31.3,48.97,713.4,1.0,12,11.07,Bronze,East,Good,2022-04-15,1,0
55.4,64.82,736.7,15.4,19,33.42,Gold,East,Good,2020-09-19,1,0
44.2,27.12,646.5,1.2,15,52.22,Silver,South,Average,2022-03-25,1,0
49.8,116.05,747.2,2.1,11,16.01,Silver,South,Average,2023-02-25,1,0
55.3,102.1,764.0,9.3,19,11.76,Gold,West,Average,2020-06-11,1,0
47.0,89.29,756.4,0.7,19,2.84,Bronze,North,Average,2023-09-28,0,0
38.1,117.34,753.0,8.2,13,8.05,Gold,West,Good,2022-01-18,1,0
22.2,49.22,711.8,6.5,12,46.7,Bronze,East,Good,2020-08-06,0,0
47.5,55.38,718.0,4.5,12,7.09,Bronze,North,Good,2021-08-16,0,0
50.3,200.39,725.2,1.8,10,12.85,Bronze,South,Good,2023-10-07,1,0
34.8,42.32,721.5,3.0,12,7.28,Bronze,South,Average,2022-08-01,0,0
,41.65,781.4,4.3,22,48.71,Bronze,South,Good,2021-04-27,1,0
25.0,90.3,907.4,0.3,12,10.4,Silver,South,Average,2020-07-12,1,0
39.3,88.68,733.7,2.6,12,4.9,Gold,West,Good,2020-07-06,0,0
54.8,56.93,696.0,2.3,14,30.65,Silver,East,Average,2020-02-23,0,0
39.6,171.03,646.1,22.8,15,34.15,Silver,South,Poor,2023-12-28,1,0
26.7,84.52,698.3,0.2,16,16.12,Gold,North,Good,2021-11-25,1,0
16.7,45.55,732.1,5.8,15,7.26,Platinum,West,Good,2024-02-03,1,0
51.7,102.15,669.8,7.4,12,13.05,Bronze,South,Poor,2020-08-11,0,0
37.1,46.47,707.2,0.4,7,14.38,Platinum,South,Good,2023-11-11,1,0
6.0,126.39,663.0,1.9,15,13.47,Bronze,West,Average,2022-11-08,1,0
55.5,148.84,711.9,0.7,9,14.2,Bronze,East,Good,2023-07-05,1,0
43.2,86.92,659.1,6.3,11,48.18,Bronze,South,Average,2023-09-06,0,0
64.8,192.74,638.9,5.8,13,6.21,Bronze,North,Good,2021-11-16,0,0
28.1,58.28,,15.0,16,6.43,Silver,East,Average,2020-03-12,1,0
33.3,109.99,725.8,4.5,18,5.37,Silver,West,Good,2023-04-17,1,0
36.1,140.16,758.3,4.7,18,21.47,Bronze,North,Good,2022-10-30,1,0
32.3,126.75,678.0,9.0,12,77.65,Bronze,South,Good,2020-08-27,1,0
41.2,78.6,721.7,4.2,17,44.56,Bronze,West,Good,2022-01-06,0,0
45.0,163.4,706.4,6.5,17,29.58,Bronze,South,Good,2020-01-31,1,0
24.3,112.09,669.3,1.9,20,43.37,Gold,South,Good,2023-07-29,1,0
45.4,84.52,662.3,15.1,17,48.59,Silver,South,Good,2022-09-18,1,0
21.5,61.49,701.0,5.5,21,6.44,Silver,North,Poor,2022-08-16,1,0
26.3,108.59,730.3,0.3,15,10.03,Silver,East,Good,2021-11-02,1,0
32.5,98.7,623.3,2.0,16,4.99,Silver,West,Good,2023-06-21,0,0
49.5,31.7,595.8,0.5,16,17.09,Bronze,West,Good,2022-12-08,0,0
6.0,68.19,658.2,2.2,17,6.08,Bronze,East,Average,2022-10-29,1,0
36.1,98.41,642.2,1.9,11,36.89,Silver,East,Average,2022-05-02,0,0
47.1,218.07,736.4,10.2,14,16.93,Bronze,North,Average,2021-12-28,1,0
47.0,43.86,758.2,2.4,22,24.99,Silver,North,Good,2020-01-27,1,0
53.6,49.63,679.1,0.1,16,9.59,Bronze,South,Average,2022-05-04,0,0
27.6,29.58,771.2,0.7,19,28.76,Platinum,East,Average,2023-09-14,1,0
47.9,95.3,708.7,8.2,16,18.64,Bronze,West,Average,2021-05-27,0,0
33.8,76.18,820.6,0.2,14,9.9,Bronze,North,Good,2020-07-31,1,0
39.4,69.2,726.7,2.7,18,36.3,Platinum,East,Good,2023-12-25,1,0
12.0,129.98,735.1,0.4,17,77.33,Bronze,West,Poor,2021-08-22,0,0
9.7,97.2,,1.5,13,22.98,Platinum,North,Poor,2020-03-04,0,0
36.1,72.29,663.3,17.4,17,35.42,Bronze,West,Average,2021-01-29,0,0
42.9,168.3,771.3,1.8,12,7.37,Bronze,South,Poor,2023-12-10,0,0
27.5,133.82,697.9,9.7,15,30.45,Bronze,North,Good,2020-11-30,1,0
57.1,143.46,685.7,3.7,14,62.14,Bronze,North,Average,2023-12-02,1,0
39.1,192.28,750.2,1.8,17,24.18,Bronze,South,Poor,2020-09-22,1,0
64.8,48.68,685.3,9.5,9,34.95,Silver,North,Good,2020-02-27,1,0
50.1,125.44,691.2,1.9,19,41.69,Silver,North,Average,2022-07-09,1,0
16.3,25.92,837.0,15.0,17,109.86,Silver,East,Average,2020-06-03,1,0
48.1,38.61,742.1,2.7,20,20.19,Gold,West,Poor,2020-12-22,1,0
41.3,62.29,601.1,11.2,10,45.69,Platinum,South,Average,2021-03-22,1,0
35.0,70.36,755.2,1.0,9,101.23,Silver,West,Average,2021-04-05,0,0
56.9,76.41,735.5,0.6,10,21.63,Gold,South,Poor,2023-09-14,0,0
34.4,134.76,669.8,3.0,20,9.09,Silver,South,Good,2023-10-06,1,0
43.4,84.33,729.7,10.6,18,19.39,Silver,West,Average,2021-03-08,1,0
38.0,87.85,760.2,3.9,12,13.94,Silver,West,Good,2023-01-22,0,0
40.0,62.65,701.7,3.7,12,8.92,Bronze,West,Average,2020-04-03,1,0
41.7,104.16,762.1,16.9,8,8.79,Bronze,West,Good,2021-01-19,1,0
48.2,114.06,728.0,2.2,10,9.36,Silver,East,Good,2022-01-20,1,0
34.8,33.18,774.8,2.3,10,15.88,Bronze,East,Good,2021-08-08,1,0
52.0,113.55,713.0,6.8,16,14.0,Bronze,South,Average,2022-01-14,0,0
50.8,76.75,714.9,1.6,15,47.25,Bronze,North,Average,2020-08-27,1,0
62.5,72.19,753.6,2.1,13,13.54,Silver,North,Good,2022-07-24,0,0
43.8,158.48,839.3,2.0,12,44.06,Bronze,South,Average,2021-11-11,1,0
32.1,77.96,,8.1,15,37.59,Bronze,South,Average,2021-01-16,1,0
36.1,76.75,758.0,0.6,12,11.5,Platinum,East,Average,2022-12-09,1,0
34.4,36.67,768.5,4.7,15,9.19,Silver,East,Average,2022-05-05,1,0
39.3,289.48,745.8,6.7,14,25.22,Platinum,North,Average,2021-04-05,1,0
38.7,185.95,724.6,5.6,14,31.85,Gold,East,Average,2023-01-01,0,0
38.9,28.35,776.8,18.4,16,8.38,Bronze,East,Good,2021-05-05,1,0
42.2,175.5,632.5,3.1,8,4.96,Gold,East,Average,2021-10-18,1,0
31.6,221.77,626.2,12.4,11,23.4,Bronze,East,Poor,2020-08-13,1,0
41.4,94.63,612.8,6.5,12,72.66,Bronze,South,Average,2021-12-16,1,0
42.2,103.13,664.7,1.7,14,97.04,Platinum,North,Good,2020-09-24,1,0
20.3,73.94,799.4,1.9,18,24.18,Bronze,East,Good,2023-02-21,1,0
41.8,79.37,564.8,1.6,19,34.43,Gold,South,Poor,2023-10-16,1,0
31.5,62.74,675.2,21.2,13,51.02,Silver,West,Poor,2022-08-05,1,0
68.4,76.33,819.2,11.0,13,62.75,Silver,North,Good,2020-02-24,1,0
35.2,94.88,723.6,0.4,15,22.45,Silver,North,Average,2020-10-23,1,0
63.0,31.19,698.5,10.3,18,6.92,Gold,South,Average,2021-02-18,0,0
38.6,45.17,693.0,10.5,10,28.94,Silver,West,Good,2023-03-22,0,0
44.1,307.47,794.9,1.2,18,11.48,Silver,East,Good,2020-11-24,1,0
29.3,141.73,639.9,0.2,14,10.28,Gold,West,Poor,2021-08-25,1,0
40.6,,658.5,3.5,10,15.22,Bronze,South,Poor,2022-01-15,1,0
39.7,213.7,826.2,1.2,15,10.01,Silver,South,Average,2022-09-23,1,0
65.0,81.15,718.3,3.0,12,17.48,Gold,East,Average,2021-05-02,1,0
39.8,232.1,667.1,0.7,14,38.53,Silver,East,Average,2022-07-28,1,0
49.8,153.46,692.5,0.5,13,11.96,Gold,South,Average,2020-07-19,0,0
48.2,385.85,648.8,4.3,17,9.83,Silver,North,Good,2021-06-28,0,0
23.3,169.16,726.2,1.1,17,14.46,Bronze,North,Average,2022-05-25,1,0
46.1,201.41,666.9,8.5,11,10.56,Silver,East,Good,2021-05-11,1,0
22.4,152.99,647.1,2.2,10,38.5,Bronze,North,Good,2020-12-21,1,0
5.5,58.14,735.8,4.7,22,42.68,Gold,South,Poor,2020-10-03,1,0
53.0,44.47,716.3,8.8,15,35.92,Bronze,East,Good,2024-01-02,1,0
50.7,154.7,747.6,4.3,19,27.39,Silver,North,Poor,2021-12-08,0,0
38.6,66.76,613.3,2.2,12,5.74,Gold,East,Good,2021-04-21,1,0
40.4,161.29,674.4,5.9,17,22.97,Bronze,West,Good,2020-06-05,1,0
41.8,38.42,658.5,12.9,20,38.0,Platinum,East,Good,2020-04-27,0,0
54.6,,682.6,3.2,14,18.96,Bronze,North,Good,2023-03-29,0,0
31.2,40.11,702.1,3.4,15,25.62,Platinum,South,Good,2020-12-14,1,0
48.3,147.38,684.8,2.7,9,7.4,Gold,West,Good,2020-11-17,1,0
38.1,101.8,768.8,1.1,14,93.82,Bronze,North,Average,2023-12-08,1,0
27.2,82.91,690.6,0.4,15,44.54,Bronze,West,Average,2021-08-15,1,0
32.0,208.85,681.4,12.7,18,22.57,Bronze,East,Poor,2021-08-24,1,0
31.1,60.72,751.7,0.3,10,15.85,Bronze,East,Good,2021-04-12,0,0
83.2,92.29,771.0,5.3,16,45.16,Bronze,South,Poor,2023-07-05,0,0
37.0,208.25,758.1,4.8,18,10.13,Bronze,South,Good,2023-09-12,0,0
40.8,,755.3,0.5,16,13.58,Platinum,South,Average,2021-06-01,1,0
35.9,42.44,774.7,0.3,17,38.11,Bronze,North,Average,2023-05-29,1,0
50.6,51.37,770.2,7.0,12,28.25,Silver,North,Good,2022-05-02,1,0
32.0,138.1,697.6,8.4,14,9.55,Silver,East,Average,2024-01-23,1,0
44.3,91.75,689.5,2.9,17,14.96,Platinum,West,Good,2020-03-10,1,0
77.4,138.84,668.6,0.1,17,6.59,Silver,South,Average,2022-11-23,1,0
9.2,29.58,858.4,0.2,17,11.8,Gold,West,Good,2021-07-02,0,0
60.6,76.53,667.8,0.8,9,58.18,Platinum,East,Good,2023-06-12,0,0
41.8,208.65,739.7,4.7,10,3.21,Bronze,South,Good,2020-07-09,1,0
48.7,133.73,656.8,9.8,6,42.73,Silver,North,Good,2022-07-21,0,0
20.4,111.84,752.5,0.8,16,6.97,Bronze,West,Good,2023-10-25,0,0
30.6,43.99,718.6,1.3,20,17.09,Bronze,East,Poor,2020-06-30,0,0
21.0,44.43,707.8,1.2,14,18.31,Bronze,East,Good,2023-10-14,0,0
47.1,89.68,689.5,13.0,13,12.9,Silver,East,Good,2023-01-29,0,0
41.1,286.87,714.3,10.9,13,8.41,Gold,South,Average,2021-04-02,1,0
38.0,90.55,666.7,7.3,21,45.02,Bronze,East,Average,2022-12-13,1,0
27.8,182.8,706.1,14.4,8,52.75,Gold,East,Good,2020-01-25,1,0
54.7,73.01,684.0,3.3,15,25.07,Platinum,East,Poor,2023-12-05,1,0
66.2,241.42,721.4,0.5,20,14.22,Silver,North,Average,2023-02-04,1,0
60.1,102.49,748.6,0.2,10,15.82,Bronze,West,Good,2022-01-09,1,0
46.9,43.25,681.4,4.9,16,14.44,Platinum,East,Good,2021-03-21,1,0
26.3,39.95,719.9,2.6,13,14.83,Silver,West,Poor,2021-02-06,0,0
59.6,75.59,638.8,2.1,13,25.82,Bronze,East,Poor,2021-08-21,1,0
26.6,216.03,738.8,0.1,21,17.6,Bronze,North,Good,2021-11-24,1,0
15.8,45.42,649.0,22.4,8,10.46,Bronze,South,Poor,2021-08-25,0,0
7.5,49.1,698.5,0.4,18,34.21,Gold,East,Average,2021-10-03,1,0
44.1,87.5,725.1,8.7,15,14.44,Silver,South,Good,2020-11-13,1,0
51.3,106.55,655.8,3.1,19,21.04,Bronze,South,Good,2023-03-09,1,0
47.2,335.39,619.7,3.7,16,25.8,Bronze,North,Good,2023-10-08,1,0
40.7,59.85,650.3,6.7,7,14.9,Silver,South,Good,2023-03-26,0,0
42.6,175.8,579.5,2.1,18,44.56,Silver,East,Good,2022-09-04,0,0
38.3,129.24,664.1,9.6,15,8.2,Silver,North,Good,2020-07-16,1,0
58.4,64.27,692.8,1.2,12,8.71,Bronze,East,Good,2021-02-20,0,0
46.1,208.3,691.9,0.3,11,14.54,Silver,North,Average,2021-12-31,1,0
37.1,71.02,684.6,3.9,11,11.6,Bronze,North,Average,2022-02-18,0,0
30.8,81.89,767.4,0.1,16,27.12,Platinum,East,Good,2023-08-24,1,0
28.9,158.07,623.8,9.1,15,28.22,Gold,West,Average,2021-10-03,1,0
34.2,99.3,,0.8,13,37.36,Bronze,North,Poor,2021-05-09,1,0
26.3,39.3,699.2,6.1,18,3.71,Silver,East,Good,2023-12-05,0,0
43.2,194.82,737.7,0.2,18,6.02,Silver,West,Average,2022-08-04,1,0
39.5,142.73,772.3,2.5,13,43.37,Bronze,East,Average,2023-05-08,1,0
36.8,59.31,696.7,2.6,18,8.8,Platinum,South,Good,2022-07-06,1,0
19.0,160.61,626.1,1.8,14,13.34,Gold,South,Good,2021-03-05,1,0
30.5,110.36,709.7,1.7,16,20.75,Silver,West,Good,2021-11-11,0,0
32.7,131.91,,21.4,13,90.95,Bronze,South,Good,2022-05-02,1,0
56.7,82.42,756.6,3.5,9,27.31,Silver,East,Poor,2020-08-04,1,0
38.9,74.17,660.0,3.5,18,4.47,Bronze,West,Poor,2023-05-15,0,0
61.4,109.89,725.7,0.8,16,10.23,Bronze,North,Average,2022-03-13,0,0
24.9,76.31,778.9,5.6,11,13.41,Silver,East,Average,2023-05-14,1,0
36.3,57.94,674.5,6.5,14,22.17,Silver,West,Poor,2023-02-08,1,0
30.8,45.68,661.4,0.5,14,9.83,Silver,West,Good,2021-02-01,1,0
43.3,159.0,704.6,4.6,9,59.28,Gold,West,Poor,2020-01-27,1,0
19.4,184.52,640.0,0.2,25,37.71,Gold,East,Average,2023-04-22,1,0
44.7,64.16,638.9,1.6,13,9.11,Bronze,East,Good,2023-06-16,0,0
36.9,70.82,622.0,15.8,14,34.09,Gold,East,Good,2021-07-27,1,0
22.9,87.94,710.3,5.5,10,82.3,Bronze,South,Average,2022-07-01,1,0
20.9,136.09,656.5,6.7,21,27.92,Bronze,East,Average,2021-09-19,1,0
53.7,98.17,637.7,0.2,24,8.93,Silver,West,Good,2020-04-05,1,0
37.5,142.55,551.7,13.1,10,58.09,Silver,North,Good,2020-12-13,1,0
28.2,128.66,794.1,10.3,14,7.89,Gold,South,Average,2022-12-27,1,0
61.5,346.05,752.9,3.1,15,4.19,Silver,South,Average,2022-11-24,1,0
38.7,97.92,744.9,0.0,11,42.24,Silver,West,Good,2021-07-19,1,0
56.7,177.12,658.8,6.0,8,18.76,Bronze,South,Poor,2023-02-25,1,0
54.4,106.21,728.1,0.5,14,13.73,Gold,East,Good,2023-06-22,1,0
42.5,23.52,825.6,16.2,20,19.77,Bronze,West,Poor,2021-06-13,0,0
37.7,163.33,615.7,10.5,15,11.08,Silver,South,Good,2020-02-01,1,0
40.5,83.93,660.3,4.2,12,16.66,Silver,East,Poor,2021-07-11,0,0
29.7,91.7,631.3,6.5,16,32.97,Gold,North,Good,2020-03-13,0,0
40.8,154.89,758.5,8.2,17,22.4,Silver,South,Poor,2023-12-03,1,0
25.2,70.87,640.1,3.2,17,28.06,Platinum,North,Good,2021-04-09,1,0
22.2,217.09,753.4,0.1,15,56.04,Silver,West,Good,2020-12-26,1,0
54.3,94.86,668.6,3.5,18,23.71,Platinum,North,Good,2023-02-16,0,0
51.5,27.3,635.5,5.5,23,52.42,Bronze,East,Average,2022-09-07,0,0
37.1,178.82,766.7,0.2,19,28.66,Bronze,South,Poor,2022-04-23,1,0
28.3,84.67,728.7,26.0,14,29.73,Platinum,North,Good,2023-11-13,1,0
40.4,84.86,692.5,6.4,12,16.39,Platinum,North,Poor,2021-09-03,1,0
54.8,26.31,740.0,7.4,21,20.48,Platinum,West,Poor,2022-09-15,0,0
17.3,80.73,789.2,1.2,13,9.81,Silver,South,Average,2022-11-24,1,0
46.5,41.13,681.7,4.6,17,25.72,Bronze,West,Good,2022-11-03,0,0
47.2,40.18,641.4,4.6,15,36.41,Silver,West,Good,2020-03-22,1,0
25.5,60.43,664.9,1.4,14,30.6,Silver,South,Good,2022-03-05,1,0
54.0,104.97,774.6,2.0,19,21.62,Silver,North,Poor,2022-04-02,1,0
33.1,56.42,738.4,0.1,16,28.71,Bronze,East,Average,2021-01-26,0,0
53.5,192.32,753.3,3.0,11,34.87,Platinum,West,Good,2022-06-05,1,0
27.3,100.77,614.9,1.2,22,9.5,Bronze,South,Average,2020-10-18,0,0
50.0,73.5,707.0,0.5,20,14.35,Bronze,West,Average,2023-09-16,1,0
41.0,28.07,710.8,5.7,11,22.23,Silver,East,Poor,2023-04-22,1,0
46.7,106.32,676.8,13.4,17,2.62,Bronze,North,Good,2021-07-27,1,0
28.7,59.44,800.3,6.5,18,28.22,Bronze,West,Poor,2021-01-24,1,0
49.2,61.77,669.7,6.0,12,48.0,Silver,South,Good,2023-05-27,0,0
44.8,32.29,651.3,1.5,22,25.62,Bronze,East,Average,2022-09-29,0,0
6.3,148.59,744.8,3.1,7,13.4,Bronze,West,Average,2021-03-01,1,0
55.0,209.16,746.0,6.6,17,38.2,Bronze,South,Good,2024-01-14,1,0
53.5,116.03,652.1,1.4,13,20.21,Bronze,North,Good,2022-08-19,1,0
45.0,96.93,740.7,4.1,16,26.0,Bronze,East,Good,2020-07-03,1,0
43.5,71.13,773.2,5.6,12,8.62,Bronze,North,Average,2023-10-16,0,0
40.9,56.22,721.6,3.0,21,16.69,Bronze,West,Good,2021-03-13,0,0
32.6,,707.9,1.6,12,15.28,Gold,East,Good,2020-10-28,1,0
43.6,75.12,635.5,3.6,26,52.62,Silver,East,Good,2022-05-24,0,0
51.8,242.3,795.8,10.7,10,12.42,Gold,West,Good,2022-02-13,1,0
65.4,85.14,744.7,5.6,19,36.1,Gold,South,Average,2021-11-28,1,0
47.2,216.27,646.0,4.5,18,14.05,Bronze,North,Average,2022-06-27,1,0
48.8,107.3,690.0,15.4,20,65.97,Bronze,North,Average,2022-03-19,1,0
40.0,57.44,658.3,8.6,13,9.53,Silver,East,Good,2020-10-18,0,0
42.8,129.11,750.6,3.4,13,11.96,Bronze,East,Poor,2022-01-24,0,0
45.3,59.06,699.0,8.0,16,12.53,Silver,West,Average,2022-10-25,0,0
30.9,41.21,605.3,15.2,14,7.14,Gold,East,Average,2023-05-11,1,0
48.4,92.41,772.5,1.7,16,37.06,Silver,North,Good,2020-09-05,1,0
41.6,326.98,706.1,0.3,17,18.9,Silver,North,Good,2020-05-24,1,0
57.1,182.37,710.8,10.0,14,26.65,Silver,North,Good,2021-06-20,1,0
33.4,94.83,725.5,7.6,15,135.98,Platinum,North,Average,2020-08-19,1,0
35.2,169.64,,2.1,18,31.09,Platinum,South,Good,2022-08-23,1,0
36.1,59.06,724.2,0.9,19,46.23,Silver,South,Poor,2021-01-01,1,0
38.8,85.88,763.5,2.3,11,50.76,Bronze,East,Good,2024-01-01,1,0
31.9,83.15,746.4,1.7,12,6.79,Bronze,East,Average,2021-12-20,1,0
42.5,20.59,704.7,8.6,13,9.22,Bronze,West,Good,2021-11-02,0,0
55.1,39.09,735.8,7.3,15,5.5,Silver,North,Good,2022-10-25,0,0
37.8,124.38,665.3,6.3,18,3.34,Silver,North,Good,2022-03-15,1,0
15.5,149.22,696.6,7.4,15,13.82,Silver,East,Good,2022-02-26,1,0
25.4,274.34,703.3,0.2,11,46.84,Silver,North,Poor,2020-07-03,1,0
42.2,21.19,721.4,6.0,15,123.37,Gold,West,Good,2023-03-27,0,0
60.3,83.2,601.0,0.5,15,17.27,Gold,West,Good,2022-01-31,1,0
32.7,102.08,727.9,1.9,14,5.14,Bronze,South,Good,2021-01-16,0,0
42.3,100.24,628.7,7.1,12,6.31,Bronze,South,Good,2021-06-26,1,0
53.7,89.9,639.2,21.9,17,8.48,Bronze,South,Average,2021-01-12,1,0
51.3,123.59,745.2,12.4,7,58.61,Silver,South,Good,2021-10-04,1,0
47.8,107.49,689.3,0.1,10,19.02,Gold,South,Average,2022-11-03,1,0
32.3,293.76,726.9,3.3,11,10.55,Silver,North,Average,2022-06-28,1,0
35.5,174.0,,22.1,16,32.11,Silver,West,Good,2021-12-19,1,0
32.5,54.97,680.6,7.6,17,26.99,Silver,South,Good,2022-11-14,0,0
52.5,81.97,660.9,6.4,15,58.02,Silver,North,Good,2021-06-01,1,0
66.9,83.06,611.8,1.3,18,8.95,Bronze,South,Good,2022-09-12,0,0
29.9,114.94,707.6,9.8,21,35.76,Silver,East,Good,2020-06-09,1,0
31.7,,676.5,4.8,16,19.7,Silver,West,Average,2020-05-30,1,0
40.4,134.72,664.2,0.8,19,40.21,Gold,North,Poor,2023-12-15,1,0
34.2,58.17,751.9,0.5,18,17.84,Silver,East,Good,2020-04-03,1,0
27.2,71.91,615.3,0.5,26,11.33,Silver,North,Poor,2023-04-21,0,0
47.8,162.45,650.2,0.9,16,23.47,Bronze,South,Good,2023-05-17,1,0
38.1,50.68,706.6,2.6,11,25.66,Silver,North,Good,2021-07-08,0,0
36.7,55.88,747.5,10.7,14,6.47,Bronze,West,Good,2022-02-10,1,0
42.1,50.3,671.9,2.7,17,63.4,Bronze,North,Average,2023-09-07,0,0
20.4,101.96,765.7,1.3,16,107.03,Gold,North,Good,2021-08-07,1,0
28.9,157.68,676.1,2.1,15,20.03,Bronze,West,Good,2020-03-29,1,0
46.9,109.37,700.2,8.3,16,25.25,Silver,South,Good,2021-08-30,0,0
20.9,51.91,706.8,2.4,19,29.52,Bronze,East,Average,2020-07-25,1,0
34.0,41.94,681.3,8.3,12,29.3,Bronze,East,Good,2022-03-28,0,0
38.3,111.25,676.1,5.5,20,8.16,Silver,East,Poor,2021-07-17,0,0
50.6,61.33,692.3,0.9,16,76.77,Platinum,East,Good,2020-06-06,1,0
31.7,237.9,,0.1,12,52.08,Bronze,East,Good,2022-08-09,1,0
47.3,57.6,638.3,1.5,15,18.8,Silver,East,Average,2023-08-16,0,0
59.4,89.7,661.6,2.0,12,20.81,Bronze,East,Good,2023-11-20,1,0
30.2,81.13,793.0,0.7,16,13.14,Platinum,South,Good,2022-06-14,1,0
34.6,154.31,717.3,4.2,14,22.47,Platinum,East,Average,2020-02-05,1,0
38.6,89.14,687.3,3.6,13,23.71,Silver,West,Good,2020-07-23,0,0
57.2,35.73,808.3,0.2,11,17.99,Bronze,East,Average,2020-04-28,1,0
57.0,89.87,651.6,9.0,10,9.34,Platinum,West,Good,2020-07-02,1,0
51.2,118.83,666.2,0.1,14,12.66,Platinum,North,Good,2021-07-17,1,0
22.5,181.24,,11.2,13,35.83,Bronze,South,Good,2021-07-17,1,0
49.2,63.59,664.9,0.6,13,15.51,Silver,North,Average,2023-11-27,0,0
27.5,55.99,773.5,5.0,10,80.58,Bronze,East,Good,2021-01-17,1,0
35.8,83.38,716.1,0.1,19,3.21,Platinum,South,Good,2020-10-25,1,0
25.0,81.37,674.4,11.0,11,17.03,Bronze,South,Good,2021-03-20,1,0
35.0,41.71,625.3,5.4,13,44.97,Bronze,North,Poor,2021-03-17,0,0
50.9,33.03,747.9,6.4,16,9.67,Bronze,South,Good,2021-12-22,0,0
34.9,105.44,681.2,2.6,19,34.44,Bronze,North,Poor,2022-01-20,0,0
47.3,38.12,669.3,22.1,9,17.54,Bronze,West,Poor,2023-05-18,1,0
31.6,193.13,708.5,1.5,7,16.83,Gold,West,Poor,2024-01-08,1,0
22.9,98.95,677.5,1.4,11,30.14,Platinum,East,Average,2023-01-30,1,0
27.1,27.47,629.6,3.4,11,8.63,Platinum,North,Good,2020-08-14,0,0
30.7,26.66,705.6,1.2,17,29.24,Bronze,North,Good,2022-08-01,0,0
32.6,81.06,710.7,6.5,15,31.1,Platinum,South,Average,2022-10-12,1,0
34.4,56.49,761.3,2.3,13,25.56,Silver,West,Good,2021-06-08,1,0
46.8,310.23,748.3,6.2,12,14.52,Bronze,South,Poor,2021-12-17,1,0
61.2,86.56,646.7,4.4,11,14.77,Gold,North,Good,2021-04-14,0,0
38.7,25.38,693.0,1.3,11,19.81,Bronze,North,Good,2022-11-27,0,0
54.2,237.1,749.7,2.6,11,10.9,Silver,South,Poor,2023-11-12,1,0
37.1,214.41,754.8,1.6,7,35.18,Bronze,South,Poor,2022-11-27,1,0
58.0,100.11,689.4,1.2,14,30.68,Bronze,West,Poor,2021-08-08,1,0
15.7,108.84,660.3,19.2,18,48.23,Silver,East,Average,2023-02-05,1,0
30.8,256.28,712.3,2.2,16,11.17,Gold,West,Good,2020-11-25,1,0
29.7,130.4,731.3,20.0,19,103.22,Silver,North,Good,2020-10-31,1,0
36.9,88.94,727.1,2.7,17,13.8,Silver,West,Average,2022-05-03,0,0
46.0,148.81,748.4,3.3,11,13.49,Silver,West,Poor,2024-01-31,1,0
17.0,243.56,810.8,20.1,19,4.25,Bronze,North,Good,2024-01-05,1,0
56.7,85.38,766.7,0.5,17,15.33,Gold,North,Average,2021-11-03,0,0
48.2,65.59,754.8,5.4,12,28.69,Bronze,East,Good,2021-08-22,0,0
66.0,163.12,725.6,7.7,10,24.33,Gold,North,Poor,2020-05-31,1,0
46.9,55.73,675.6,0.1,13,22.95,Bronze,East,Average,2023-07-27,0,0
61.7,47.51,653.0,3.5,19,28.58,Bronze,South,Good,2022-01-01,0,0
36.2,70.82,734.5,11.9,16,21.5,Silver,East,Poor,2023-03-22,1,0
44.4,59.83,614.1,8.2,15,12.73,Gold,South,Good,2023-12-10,1,0
34.8,102.81,686.6,4.1,13,20.89,Silver,South,Good,2022-11-12,1,0
18.4,123.74,727.8,1.4,15,7.45,Silver,West,Good,2023-10-25,0,0
47.9,28.26,685.7,0.6,12,13.26,Silver,North,Poor,2022-05-31,0,0
24.6,63.32,748.4,4.5,22,22.51,Silver,East,Average,2020-11-14,1,0
48.1,34.52,773.3,0.9,12,5.75,Bronze,South,Average,2023-06-02,1,0
22.3,51.08,599.6,6.3,11,11.9,Platinum,South,Average,2022-10-12,1,0
32.3,195.8,700.6,5.3,6,7.28,Gold,East,Good,2020-09-05,1,0
41.7,59.2,618.9,0.4,23,38.1,Silver,East,Poor,2021-05-10,0,0
23.3,53.48,688.9,1.9,15,14.62,Bronze,West,Poor,2020-11-20,0,0
51.4,,666.8,10.9,16,30.27,Bronze,South,Poor,2021-08-21,0,0
38.2,101.28,779.4,5.1,14,14.77,Silver,South,Average,2021-01-14,0,0
47.0,113.69,651.9,1.0,17,30.15,Bronze,South,Good,2023-09-01,0,0
,325.4,748.9,8.0,18,117.83,Silver,South,Poor,2023-06-03,1,0
45.5,252.12,566.3,3.7,10,13.1,Bronze,East,Average,2022-08-28,1,0
42.6,151.57,682.9,7.1,16,90.26,Gold,South,Good,2022-02-07,1,0
64.9,171.31,710.1,5.2,12,31.46,Silver,North,Average,2020-01-22,1,0
30.9,87.01,731.5,30.9,14,31.23,Bronze,East,Poor,2021-11-10,1,0
36.9,102.72,688.2,1.0,15,12.26,Silver,East,Good,2021-04-06,0,0
26.2,121.61,752.7,1.2,10,142.02,Bronze,North,Average,2021-08-14,1,0
45.8,95.37,724.9,8.4,13,4.04,Silver,West,Good,2020-10-11,0,0
53.1,28.79,661.3,1.8,12,13.0,Gold,East,Average,2021-06-28,1,0
41.2,136.91,723.4,5.4,15,32.84,Silver,South,Good,2023-04-29,1,0
34.8,155.24,678.1,11.5,10,11.31,Silver,West,Poor,2023-08-13,0,0
23.7,,775.3,8.8,20,19.09,Gold,East,Average,2022-09-06,1,0
26.4,206.3,702.1,2.0,13,59.3,Gold,East,Good,2021-04-16,1,0
45.2,158.13,675.7,2.5,15,31.05,Platinum,North,Poor,2023-05-18,1,0
35.3,55.87,626.1,2.2,19,6.19,Bronze,South,Good,2022-10-30,0,0
52.0,95.86,692.5,1.4,11,45.92,Gold,South,Good,2021-05-15,0,0
39.1,48.27,758.2,0.8,17,61.02,Silver,West,Good,2021-12-23,1,0
44.3,26.3,743.6,11.5,13,15.07,Bronze,South,Good,2021-03-12,1,0
33.3,84.63,754.0,0.7,13,7.74,Silver,North,Good,2020-04-28,0,0
56.6,37.56,815.5,6.2,6,10.88,Bronze,North,Average,2021-01-22,1,0
31.2,110.94,665.0,5.8,14,30.21,Silver,North,Good,2023-09-14,1,0
50.0,39.8,727.4,9.3,14,72.95,Silver,East,Average,2020-11-01,0,0
47.8,70.17,759.6,2.2,17,27.98,Bronze,East,Poor,2021-10-02,1,0
41.1,179.49,639.6,3.9,13,9.11,Bronze,West,Average,2024-01-17,1,0
49.0,211.64,695.9,2.1,15,16.27,Bronze,East,Poor,2023-04-24,1,0
35.2,235.32,627.1,3.5,14,14.85,Silver,South,Poor,2023-12-22,1,0
58.0,,727.7,0.4,12,13.15,Gold,East,Average,2022-11-19,0,0
39.6,135.84,620.0,2.2,11,3.61,Bronze,East,Good,2022-12-14,0,0
21.8,54.63,732.8,0.7,20,7.51,Gold,West,Poor,2023-09-11,1,0
26.7,45.24,586.5,0.4,14,6.6,Bronze,East,Poor,2020-10-11,0,0
33.7,55.24,805.4,5.0,19,69.89,Bronze,South,Poor,2023-07-26,1,0
47.2,266.67,722.3,0.8,14,10.31,Silver,West,Good,2023-04-25,0,0
42.4,,650.4,2.9,14,5.85,Gold,South,Poor,2022-11-07,1,0
53.8,124.12,679.5,0.1,12,4.96,Silver,South,Good,2023-06-19,0,0
41.0,32.96,644.9,5.2,14,50.52,Silver,West,Average,2021-09-21,0,0
35.7,98.18,715.0,2.8,16,45.9,Bronze,South,Good,2022-07-11,1,0
60.1,83.29,587.8,3.2,16,16.55,Bronze,West,Poor,2023-01-01,1,0
1.1,53.18,705.3,0.4,13,18.44,Silver,West,Good,2021-07-18,0,0
29.1,288.3,731.7,1.9,17,35.92,Bronze,South,Poor,2021-05-15,1,0
42.4,414.68,664.6,0.1,14,39.96,Bronze,South,Good,2020-05-16,1,0
22.9,39.56,798.2,3.2,16,48.89,Silver,West,Good,2021-04-12,1,0
48.2,101.12,794.4,5.1,16,45.96,Silver,North,Average,2022-01-06,1,0
52.0,56.19,690.4,6.3,14,73.28,Bronze,West,Average,2021-11-27,0,0
15.0,139.27,584.2,9.1,8,44.45,Silver,South,Good,2020-06-27,1,0
35.8,181.66,747.8,10.8,12,27.02,Bronze,North,Good,2020-06-29,1,0
38.3,126.13,650.6,0.2,15,92.58,Gold,West,Good,2023-01-21,1,0
28.2,52.42,725.6,12.7,13,20.47,Platinum,South,Poor,2020-06-19,1,0
27.3,94.37,720.1,4.4,16,5.65,Gold,West,Average,2021-07-07,1,0
28.1,66.55,546.7,7.4,9,20.46,Silver,South,Poor,2020-04-03,1,0
50.5,89.38,750.3,6.5,17,51.7,Bronze,North,Good,2020-01-12,1,0
46.9,130.19,707.8,2.1,13,20.34,Silver,East,Good,2023-06-21,1,0
33.3,57.35,669.9,1.8,12,18.89,Bronze,West,Good,2023-07-28,1,0
63.5,66.98,737.6,5.5,16,27.15,Gold,North,Good,2022-04-13,1,0
61.3,143.84,624.3,5.1,18,124.5,Silver,South,Good,2023-11-17,1,0
36.8,125.8,691.7,11.4,11,74.06,Gold,East,Average,2020-04-17,1,0
44.3,128.23,679.2,1.4,24,17.06,Bronze,East,Poor,2020-07-11,0,0
44.5,25.11,748.0,2.7,13,8.58,Bronze,South,Good,2023-04-01,0,0
47.0,29.9,685.0,11.6,9,14.98,Gold,West,Good,2022-07-13,1,0
37.6,,673.9,6.1,14,16.95,Bronze,North,Good,2020-08-27,0,0
43.7,62.77,691.8,5.0,13,8.52,Gold,West,Good,2020-06-10,0,0
46.1,89.23,670.1,4.5,17,7.33,Silver,North,Good,2022-11-03,1,0
36.3,186.81,675.7,1.4,12,8.65,Bronze,East,Average,2021-03-06,1,0
28.4,92.89,681.1,0.4,12,9.41,Bronze,East,Average,2021-07-12,0,0
49.5,80.2,694.4,2.5,19,22.44,Gold,West,Poor,2022-04-08,1,0
27.8,247.52,692.2,3.5,13,6.82,Bronze,East,Average,2022-01-02,1,0
49.2,68.37,691.4,2.8,20,16.56,Platinum,South,Good,2021-07-22,1,0
35.9,30.15,723.9,2.2,18,47.47,Gold,South,Poor,2022-06-04,1,0
39.3,76.58,737.8,3.1,25,6.95,Silver,East,Poor,2020-08-14,1,0
30.5,114.63,677.1,2.5,23,11.98,Bronze,North,Average,2021-08-07,0,0
48.4,36.02,731.2,0.7,13,8.57,Bronze,West,Average,2022-10-05,1,0
27.4,115.97,722.5,12.3,19,64.61,Silver,West,Average,2020-06-06,1,0
35.0,59.97,710.0,0.6,10,21.0,Gold,South,Good,2020-09-16,1,0
40.9,96.97,710.3,0.7,18,1.99,Platinum,North,Average,2023-01-02,0,0
54.0,105.77,705.2,0.9,10,33.94,Silver,South,Average,2023-12-02,1,0
33.2,104.17,642.9,1.1,14,23.16,Bronze,South,Good,2021-01-22,1,0
66.9,172.63,737.1,15.2,21,25.93,Gold,North,Average,2021-05-31,1,0
59.6,62.61,752.0,0.4,15,10.44,Bronze,South,Poor,2020-07-28,0,0
20.7,81.81,728.5,2.8,14,8.88,Silver,South,Average,2023-04-29,1,0
46.3,41.91,628.8,0.5,19,135.04,Bronze,East,Good,2022-08-02,0,0
31.3,191.6,693.8,4.3,18,45.55,Gold,South,Poor,2023-12-10,1,0
36.4,109.01,750.7,1.7,14,30.07,Silver,North,Good,2023-11-16,1,0
32.0,46.75,701.9,5.0,12,14.61,Platinum,West,Good,2022-07-24,1,0
40.6,58.64,688.8,3.3,15,20.01,Platinum,West,Average,2023-03-28,1,0
47.9,275.27,715.1,4.3,14,44.97,Platinum,North,Good,2022-03-11,1,0
25.9,138.4,693.1,1.5,13,24.82,Bronze,East,Good,2023-03-12,0,0
20.9,154.36,764.9,1.4,13,16.71,Silver,West,Good,2022-03-24,1,0
32.6,94.06,659.1,1.7,20,23.18,Bronze,South,Poor,2020-12-24,1,0
39.3,96.64,,6.0,13,14.23,Platinum,North,Poor,2020-12-23,0,0
43.1,139.5,652.7,2.0,12,6.57,Silver,South,Good,2022-03-13,0,0
30.7,173.99,686.1,3.5,11,3.1,Silver,North,Average,2022-08-08,1,0
33.9,126.87,657.5,0.1,10,31.55,Bronze,North,Average,2023-12-23,0,0
11.3,319.44,654.5,7.8,14,35.04,Bronze,North,Poor,2021-05-13,1,0
51.4,202.49,796.6,4.0,16,9.0,Bronze,North,Good,2022-11-22,1,0
53.7,123.98,733.8,10.9,11,41.15,Silver,West,Average,2020-07-20,0,0
51.6,88.99,684.8,0.6,16,35.43,Platinum,South,Poor,2020-12-01,0,0
60.3,182.56,671.0,19.9,14,40.25,Bronze,East,Poor,2020-10-01,1,0
51.0,148.82,,2.4,22,17.14,Bronze,South,Good,2020-08-09,0,0
29.5,376.78,726.4,5.4,11,19.42,Gold,South,Good,2021-02-01,1,0
54.8,79.09,734.0,12.7,18,29.04,Bronze,South,Good,2022-01-12,1,0
35.0,32.27,592.1,3.9,23,24.32,Bronze,North,Good,2023-02-16,0,0
51.8,90.07,671.7,12.0,15,36.06,Bronze,South,Average,2022-12-29,1,0
35.7,144.65,679.3,1.5,21,49.07,Platinum,South,Poor,2020-01-29,1,0
33.6,87.95,678.2,0.5,20,22.98,Bronze,East,Average,2021-03-27,1,0
51.9,158.69,702.7,7.6,9,11.49,Gold,East,Good,2021-06-09,1,0
37.6,155.69,698.9,6.4,20,62.32,Silver,West,Good,2021-02-16,1,0
50.4,88.07,672.1,0.3,17,53.12,Bronze,West,Good,2020-01-21,0,0
41.8,31.7,770.7,13.4,15,10.03,Silver,South,Poor,2020-11-14,1,0
50.6,322.86,780.7,1.2,11,52.25,Bronze,North,Good,2022-05-07,1,0
27.3,69.36,742.5,1.6,11,30.07,Silver,West,Good,2022-05-24,1,0
48.4,31.32,696.0,1.4,15,15.51,Bronze,West,Good,2023-09-04,0,0
51.9,143.38,723.5,9.4,14,28.24,Gold,West,Poor,2022-05-07,1,0
62.2,292.25,715.7,0.3,16,19.5,Silver,West,Good,2022-08-02,0,0
57.4,71.0,672.2,5.4,9,35.09,Silver,North,Good,2021-05-13,1,0
26.9,52.87,635.9,8.4,15,28.36,Silver,West,Good,2022-11-27,1,0
40.5,52.88,815.5,1.4,14,24.86,Platinum,North,Average,2022-10-22,1,0
39.4,35.49,725.3,2.3,13,9.29,Silver,North,Average,2021-07-28,0,0
36.6,52.22,742.2,15.5,23,34.48,Bronze,West,Good,2020-12-27,1,0
49.0,87.36,759.9,0.1,17,6.21,Gold,West,Good,2020-11-09,1,0
50.7,70.52,683.8,1.3,16,15.16,Platinum,North,Poor,2020-08-27,1,0
34.7,157.23,718.1,1.6,14,25.85,Bronze,West,Good,2023-09-27,0,0
25.7,226.14,702.3,1.3,14,2.63,Silver,North,Good,2022-10-18,1,0
48.3,47.22,644.6,0.7,16,7.13,Silver,East,Average,2022-11-14,0,0
46.4,89.58,601.9,0.5,15,30.82,Gold,East,Good,2021-01-31,0,0
34.2,85.44,736.2,2.6,20,42.28,Bronze,South,Good,2020-05-08,1,0
45.1,51.81,766.8,4.0,14,30.74,Platinum,East,Average,2021-01-05,1,0
61.9,72.68,674.6,3.1,26,53.41,Bronze,South,Good,2021-02-16,0,0
29.8,28.02,712.1,2.4,12,20.24,Bronze,West,Good,2021-12-24,0,0
46.6,46.03,748.1,10.4,17,30.12,Bronze,North,Poor,2021-03-13,1,0
24.8,110.25,690.2,0.8,13,22.24,Silver,North,Average,2021-07-10,1,0
49.3,135.14,723.8,13.5,13,2.07,Gold,East,Poor,2022-10-09,1,0
20.3,49.15,673.6,5.2,16,20.17,Bronze,North,Average,2021-12-14,1,0
42.8,99.12,728.6,2.6,17,16.29,Silver,East,Good,2023-04-10,1,0
27.0,127.11,665.0,0.3,15,30.89,Bronze,South,Poor,2020-08-08,1,0
8.7,40.32,720.9,6.4,10,7.71,Gold,North,Average,2021-12-31,1,0
43.0,44.51,632.6,3.9,15,23.62,Silver,North,Average,2020-10-08,1,0
32.3,115.86,727.4,2.1,14,217.66,Bronze,South,Average,2022-11-30,1,0
41.9,151.51,810.6,9.0,16,5.74,Bronze,West,Good,2022-08-25,1,0
33.4,180.04,652.2,8.4,17,31.9,Gold,North,Poor,2022-05-29,1,0
49.7,79.58,796.3,0.5,16,29.58,Bronze,East,Good,2022-11-11,0,0
45.6,144.78,580.5,2.5,14,10.33,Gold,West,Average,2020-09-29,1,0
41.8,21.98,654.0,20.3,17,44.79,Bronze,North,Good,2021-12-28,1,0
35.6,123.77,600.9,6.1,19,11.63,Platinum,East,Good,2022-08-18,1,0
34.5,,717.9,1.7,16,40.06,Bronze,South,Good,2021-09-01,1,0
36.2,174.18,751.0,7.1,17,3.61,Bronze,West,Average,2020-01-30,1,0
,72.89,678.8,1.7,17,6.11,Gold,East,Good,2022-05-09,1,0
55.2,157.99,677.1,0.9,17,12.15,Silver,North,Poor,2022-09-07,1,0
29.2,59.84,635.8,3.5,14,30.21,Bronze,South,Good,2022-05-04,0,0
54.6,57.5,730.0,6.1,18,7.07,Gold,South,Good,2020-11-22,1,0
44.9,47.06,801.9,11.2,14,30.72,Gold,West,Good,2021-05-03,1,0
43.4,61.29,659.6,6.9,11,26.51,Bronze,West,Good,2020-06-18,0,0
28.6,103.05,739.2,3.9,13,33.24,Silver,West,Good,2020-05-21,1,0
30.3,70.47,638.8,6.7,18,9.51,Silver,West,Good,2023-12-19,0,0
52.0,58.23,701.6,20.4,17,19.88,Bronze,East,Poor,2020-06-16,1,0
36.5,62.3,709.6,11.7,13,40.78,Bronze,North,Poor,2022-01-23,0,0
35.9,199.51,699.7,0.1,24,27.12,Gold,East,Good,2022-04-27,1,0
35.8,,606.7,1.0,9,101.86,Gold,South,Average,2022-06-05,1,0
34.1,23.99,748.7,10.4,13,12.89,Silver,South,Average,2020-04-06,0,0
37.3,132.13,695.1,6.6,14,13.32,Silver,South,Good,2023-06-25,1,0
51.0,33.78,699.0,8.6,11,103.52,Silver,North,Good,2023-05-22,0,0
27.2,106.08,616.6,33.1,12,22.34,Silver,East,Good,2023-11-25,1,0
30.2,58.12,693.9,0.2,12,27.78,Gold,South,Average,2020-10-26,0,0
28.7,28.41,774.8,5.1,20,44.91,Bronze,South,Average,2020-02-29,1,0
57.0,107.99,707.7,2.6,11,5.45,Platinum,South,Average,2020-07-26,1,0
64.9,126.26,747.6,6.2,22,5.73,Bronze,North,Poor,2022-10-04,0,0
47.2,90.45,729.8,3.1,15,18.87,Gold,East,Good,2024-01-08,1,0
43.9,103.59,776.2,1.0,15,20.29,Silver,North,Average,2022-08-30,1,0
52.7,57.88,625.9,2.6,13,6.51,Bronze,North,Good,2022-05-30,1,0
48.6,35.95,701.1,5.2,22,24.22,Bronze,South,Good,2020-08-15,0,0
32.6,166.97,784.5,2.5,10,21.49,Gold,North,Average,2023-03-19,1,0
44.5,91.56,641.4,0.8,16,20.91,Gold,East,Good,2022-08-05,1,0
43.0,20.81,702.4,26.6,15,32.8,Platinum,West,Good,2020-11-27,1,0
33.2,194.87,736.3,1.1,20,8.49,Bronze,South,Average,2021-10-12,1,0
53.8,,622.2,2.1,18,32.48,Bronze,South,Good,2022-09-22,0,0
24.8,29.58,671.0,0.6,12,16.08,Bronze,East,Good,2021-06-16,0,0
44.7,122.61,647.5,0.6,15,70.07,Silver,West,Poor,2022-01-31,1,0
43.6,75.96,647.0,9.4,26,16.59,Bronze,South,Poor,2022-07-15,1,0
40.5,54.1,719.9,1.5,11,170.84,Bronze,East,Average,2024-02-08,0,0
32.2,106.59,727.3,3.2,18,8.7,Silver,North,Average,2021-11-21,1,0
42.2,22.93,706.0,3.5,14,24.08,Bronze,South,Good,2022-12-27,0,0
51.4,85.77,737.9,1.8,18,4.89,Bronze,West,Good,2021-02-01,0,0
27.4,96.75,732.3,1.8,12,33.31,Bronze,West,Average,2022-09-08,0,0
44.2,126.07,654.5,5.5,21,5.54,Silver,North,Good,2021-01-03,1,0
43.3,81.11,677.2,0.1,12,17.11,Bronze,East,Good,2021-06-24,1,0
55.9,85.97,673.4,0.0,21,42.78,Bronze,East,Good,2023-05-18,0,0
33.6,100.55,646.0,3.3,11,6.18,Silver,West,Poor,2021-07-13,1,0
28.9,128.66,735.2,2.1,14,22.0,Bronze,West,Poor,2020-08-17,0,0
34.3,391.29,775.4,17.5,15,14.37,Silver,East,Poor,2022-09-16,1,0
52.7,91.73,762.5,15.7,6,7.09,Bronze,South,Good,2022-06-27,1,0
59.5,348.66,691.8,8.4,13,8.83,Silver,West,Average,2023-09-22,1,0
38.4,,728.2,11.1,14,26.6,Bronze,North,Average,2021-05-24,1,0
62.3,65.27,590.1,4.9,18,16.81,Gold,North,Good,2020-08-31,0,0
45.7,130.4,683.6,0.1,14,13.57,Gold,West,Poor,2023-11-14,1,0
49.8,68.97,733.5,15.1,16,13.62,Gold,South,Good,2021-07-23,1,0
57.2,128.76,682.8,6.5,11,47.43,Bronze,North,Average,2023-09-03,0,0
28.5,79.99,677.2,0.7,16,43.84,Silver,West,Good,2022-01-16,1,0
9.9,74.6,758.1,22.2,17,23.99,Silver,South,Average,2021-08-15,1,0
53.9,126.16,669.6,1.3,19,10.21,Gold,South,Good,2022-02-16,1,0
24.4,,707.5,5.3,19,13.52,Silver,South,Good,2021-07-27,1,0
50.6,126.93,705.7,1.2,12,119.73,Bronze,West,Poor,2023-01-21,1,0
55.4,48.06,669.8,6.9,19,39.64,Platinum,North,Good,2020-06-15,1,0
38.5,47.66,698.9,3.0,19,43.07,Bronze,North,Average,2022-05-09,1,0
38.0,69.41,643.2,10.3,15,70.51,Gold,East,Average,2022-06-25,1,0
44.9,33.93,769.7,2.8,20,17.05,Silver,North,Average,2021-10-14,1,0
53.1,83.67,,1.8,14,9.0,Bronze,West,Average,2020-10-28,0,0
40.7,401.32,621.8,5.6,12,22.88,Bronze,East,Good,2023-05-20,0,0
38.0,142.15,619.9,0.0,17,14.93,Silver,South,Average,2021-02-11,1,0
46.9,,680.5,5.1,15,9.64,Bronze,West,Good,2022-10-11,0,0
32.3,79.23,623.8,6.6,15,50.37,Bronze,North,Good,2020-07-21,1,0
42.4,89.35,706.7,8.2,17,80.56,Silver,East,Good,2020-12-15,1,0
53.0,40.38,799.2,2.8,14,36.46,Silver,North,Average,2022-09-22,1,0
50.4,50.98,734.5,1.0,13,14.03,Silver,North,Poor,2020-05-27,0,0
49.4,157.45,684.5,1.0,11,11.31,Bronze,East,Good,2023-07-30,1,0
5.7,158.51,710.4,2.1,18,31.1,Bronze,West,Average,2023-07-23,0,0
43.9,147.94,716.1,1.6,8,20.96,Silver,South,Average,2023-03-14,1,0
34.9,,688.2,18.9,14,95.65,Gold,West,Good,2021-07-25,1,0
30.1,137.99,715.4,20.6,16,10.46,Silver,West,Poor,2023-11-13,1,0
26.6,35.69,656.8,2.4,21,34.96,Gold,East,Good,2023-06-06,0,0
54.0,258.8,644.7,1.6,12,27.85,Platinum,West,Good,2020-05-21,1,0
30.6,52.97,668.0,8.2,17,7.75,Silver,South,Good,2022-08-04,0,0
38.3,51.21,767.3,5.7,10,18.52,Bronze,North,Good,2020-07-04,1,0
23.6,451.51,664.0,4.3,21,30.58,Silver,East,Poor,2020-07-11,1,0
33.8,81.13,642.4,0.3,17,42.84,Bronze,North,Average,2022-07-24,0,0
58.8,77.97,600.2,0.0,11,19.21,Bronze,West,Good,2021-10-25,1,0
38.7,65.14,682.4,12.0,20,45.59,Bronze,West,Good,2022-03-02,1,0
38.8,82.65,704.2,1.2,17,6.83,Bronze,East,Good,2022-09-07,0,0
12.9,58.36,648.8,0.4,21,50.92,Bronze,North,Average,2020-05-13,1,0
32.7,198.29,698.5,3.1,16,6.31,Bronze,North,Poor,2021-02-21,1,0
29.1,90.4,709.6,17.2,17,17.83,Silver,West,Average,2023-03-02,1,0
44.0,57.54,703.7,3.8,19,8.32,Bronze,South,Poor,2023-09-24,0,0
34.2,64.35,817.3,2.0,16,7.48,Bronze,East,Average,2021-02-08,1,0
46.5,180.76,627.8,2.2,21,28.67,Silver,West,Good,2023-06-06,1,0
25.5,178.03,670.6,4.5,17,6.97,Gold,North,Average,2021-03-07,1,0
46.2,99.85,654.0,4.8,16,12.46,Gold,East,Good,2021-09-18,0,0
48.0,176.68,667.3,4.3,13,17.62,Silver,South,Average,2022-06-27,0,0
18.4,119.53,709.7,3.3,18,11.54,Platinum,South,Good,2021-08-03,1,0
27.2,165.67,730.5,14.6,12,12.57,Gold,West,Poor,2020-03-26,1,0
40.4,37.06,600.4,1.5,9,20.41,Bronze,East,Good,2021-04-08,0,0
30.6,102.16,661.4,0.8,17,75.93,Bronze,West,Poor,2023-08-01,1,0
40.8,45.08,770.7,2.0,10,12.36,Gold,South,Poor,2020-05-28,1,0
44.5,97.68,645.3,7.9,10,133.54,Silver,South,Good,2022-06-28,0,0
30.6,29.59,616.5,2.9,12,82.48,Silver,North,Good,2023-02-09,0,0
47.2,63.81,796.1,3.1,12,54.58,Gold,South,Average,2024-01-19,1,0
50.1,202.6,702.4,3.8,17,43.56,Bronze,North,Good,2023-07-05,1,0
26.0,35.51,645.1,0.5,12,31.29,Bronze,West,Good,2020-12-23,0,0
45.7,50.75,713.5,2.5,14,22.82,Bronze,South,Poor,2023-09-08,0,0
30.1,109.78,604.4,2.1,13,57.88,Gold,North,Good,2020-12-15,1,0
36.6,88.4,748.1,4.5,14,19.23,Bronze,North,Average,2022-03-24,0,0
29.4,210.07,675.2,1.4,10,92.22,Gold,North,Average,2023-12-21,1,0
41.8,98.61,768.6,9.5,14,14.9,Gold,West,Poor,2023-01-14,1,0
55.6,78.1,765.9,7.0,16,26.43,Gold,West,Average,2021-03-18,1,0
59.7,109.29,746.8,1.9,13,32.06,Bronze,North,Average,2022-11-16,0,0
52.9,39.25,770.4,3.7,11,84.13,Silver,West,Good,2023-03-30,0,0
24.3,59.65,715.6,2.2,17,121.49,Platinum,East,Average,2022-01-08,1,0
65.7,55.51,630.3,4.8,12,84.04,Silver,West,Good,2020-03-24,1,0
15.7,68.06,748.0,5.9,22,48.95,Bronze,South,Good,2022-08-21,1,0
36.9,75.9,657.8,0.7,29,30.65,Bronze,North,Poor,2020-06-13,0,0
38.1,28.36,581.8,5.4,14,56.9,Bronze,East,Average,2022-01-04,0,0
26.0,70.34,590.8,0.7,10,6.55,Gold,West,Good,2022-07-28,0,0
37.4,113.44,695.9,2.2,28,8.77,Platinum,West,Good,2021-01-20,1,0
44.0,94.53,769.6,0.2,19,145.33,Platinum,East,Good,2020-04-27,0,0
,54.28,622.6,1.6,14,48.87,Gold,East,Average,2023-02-05,0,0
23.1,64.39,692.9,5.3,18,33.86,Silver,East,Average,2022-02-23,1,0
48.6,57.75,747.5,4.5,16,25.18,Silver,West,Good,2022-11-14,1,0
21.6,112.74,717.2,3.7,11,53.41,Bronze,West,Good,2021-07-06,1,0
19.8,45.69,735.3,13.8,18,56.02,Silver,East,Good,2022-01-09,1,0
41.0,53.98,720.3,11.2,9,14.24,Silver,East,Average,2021-08-28,0,0
32.6,100.95,651.3,0.0,10,11.71,Bronze,East,Average,2023-03-29,1,0
15.0,125.42,655.9,4.5,16,15.04,Bronze,South,Good,2022-09-21,1,0
34.1,61.8,615.8,7.8,15,8.98,Silver,South,Poor,2020-08-17,0,0
30.2,193.34,664.2,10.0,10,3.63,Silver,North,Average,2021-06-03,1,0
65.5,155.59,727.9,3.6,10,21.82,Silver,West,Average,2021-09-14,0,0
34.5,71.35,730.1,3.8,15,15.4,Bronze,West,Good,2023-11-14,1,0
32.6,75.26,707.0,4.6,13,9.47,Silver,South,Poor,2020-01-11,1,0
39.7,148.66,658.9,2.8,13,22.77,Bronze,East,Good,2022-10-31,0,0
41.0,79.06,707.5,6.6,20,6.23,Platinum,West,Poor,2021-01-29,1,0
54.5,117.49,659.1,1.5,13,38.54,Bronze,North,Good,2020-03-17,0,0
22.1,62.47,698.1,4.2,5,15.76,Bronze,East,Poor,2020-01-10,1,0
26.2,133.91,702.3,25.0,14,3.92,Silver,North,Poor,2023-12-05,1,0
,121.18,703.9,5.7,20,30.89,Platinum,East,Good,2023-11-18,1,0
43.4,51.94,667.2,0.2,17,89.93,Bronze,East,Good,2023-08-01,1,0
35.2,,749.7,2.7,15,23.38,Bronze,North,Good,2023-05-23,0,0
31.3,69.49,662.7,3.1,14,4.84,Gold,East,Good,2021-03-20,0,0
34.9,58.24,698.6,13.5,9,8.38,Bronze,West,Average,2022-06-21,0,0
50.8,162.57,666.0,17.5,19,258.33,Bronze,West,Average,2023-03-05,1,0
37.5,52.67,738.7,4.8,16,85.63,Bronze,East,Poor,2023-02-15,0,0
30.5,57.16,716.9,9.6,18,28.3,Silver,South,Average,2021-06-13,1,0
47.6,55.68,697.3,2.0,15,4.72,Platinum,South,Average,2023-08-19,1,0
25.5,136.94,737.2,0.6,20,10.37,Bronze,West,Good,2022-11-18,1,0
40.4,54.38,624.9,15.3,15,40.08,Bronze,East,Good,2022-12-04,0,0
36.0,80.05,674.2,2.2,18,5.01,Gold,North,Good,2023-11-04,1,0
39.8,109.1,625.1,3.6,12,23.09,Bronze,North,Average,2022-07-25,0,0
34.7,111.3,654.2,2.3,14,8.75,Platinum,North,Average,2021-05-04,1,0
52.5,182.6,792.1,5.1,18,28.68,Silver,North,Good,2021-06-04,1,0
40.2,75.27,700.3,1.9,14,248.29,Bronze,North,Average,2020-04-19,1,0
61.0,74.59,744.0,0.1,14,3.82,Silver,East,Average,2021-12-05,0,0
46.1,349.99,757.9,1.1,18,12.11,Bronze,East,Good,2023-04-23,1,0
30.6,127.95,698.5,4.4,18,4.3,Bronze,South,Good,2022-12-07,1,0
34.8,,762.3,4.5,14,22.48,Bronze,North,Good,2024-01-23,1,0
45.9,51.31,692.7,6.6,13,29.46,Bronze,West,Good,2023-12-23,1,0
35.1,55.91,656.1,2.2,14,20.56,Silver,North,Good,2023-10-26,1,0
30.9,65.31,707.6,5.6,11,12.79,Platinum,North,Good,2023-01-28,1,0
30.8,149.96,687.5,1.8,16,23.28,Silver,West,Good,2021-01-19,1,0
11.9,189.12,657.2,8.6,18,81.9,Gold,West,Average,2021-03-14,1,0
38.1,47.89,707.7,6.6,14,46.32,Silver,East,Good,2022-04-28,1,0
42.0,53.63,679.6,0.2,17,32.98,Bronze,South,Good,2023-12-03,0,0
37.3,91.08,714.3,1.5,9,12.12,Bronze,North,Good,2021-11-14,1,0
25.6,119.25,,4.3,15,10.26,Silver,West,Good,2021-07-15,1,0
41.3,59.73,649.5,2.0,13,28.36,Bronze,East,Average,2023-03-20,1,0
41.2,123.8,779.2,6.4,14,7.66,Bronze,South,Good,2022-10-07,0,0
45.9,54.06,680.9,8.9,13,36.62,Bronze,East,Average,2023-09-12,1,0
40.3,134.95,745.8,4.2,13,42.3,Bronze,West,Good,2023-03-05,0,0
34.0,29.27,621.0,1.7,11,13.49,Silver,South,Average,2021-04-29,0,0
24.2,100.46,745.0,2.7,14,11.42,Bronze,East,Good,2020-01-30,1,0
37.1,73.97,650.9,3.5,17,6.52,Platinum,North,Average,2020-02-11,1,0
48.7,145.63,756.1,7.7,15,10.74,Gold,West,Good,2020-03-12,0,0
61.5,108.6,742.2,21.4,11,87.62,Gold,South,Good,2022-10-09,1,0
36.0,72.26,718.4,10.4,10,34.49,Bronze,North,Good,2024-01-04,1,0
52.5,157.16,697.3,17.3,21,55.28,Silver,North,Average,2022-07-28,0,0
33.5,187.58,719.8,4.8,22,23.52,Platinum,West,Good,2023-11-29,1,0
14.5,89.68,733.3,1.0,14,24.24,Silver,East,Poor,2023-05-02,1,0
30.8,,700.5,2.2,15,7.32,Bronze,West,Average,2022-02-06,0,0
43.1,55.25,655.4,0.1,14,63.91,Bronze,East,Average,2020-03-30,1,0
55.1,129.74,677.5,7.2,15,12.81,Silver,West,Average,2023-10-17,1,0
22.5,76.36,678.2,2.7,16,13.67,Bronze,West,Poor,2023-04-02,0,0
27.5,110.25,690.6,8.5,7,16.73,Gold,North,Good,2022-10-13,1,0
27.3,84.19,639.5,7.0,11,16.88,Silver,North,Good,2023-06-25,0,0
34.7,71.15,673.9,14.9,23,58.16,Silver,North,Poor,2021-01-08,1,0
31.6,71.47,738.5,9.3,14,5.54,Bronze,East,Average,2022-10-15,1,0
29.0,145.87,793.3,7.6,14,32.66,Gold,South,Poor,2023-08-29,1,0
22.2,86.81,631.1,3.4,10,52.72,Silver,North,Average,2022-02-19,1,0
20.3,40.54,781.6,1.4,14,11.56,Bronze,East,Good,2020-02-22,1,0
34.9,53.96,681.1,7.6,18,27.37,Silver,South,Good,2022-03-11,1,0
35.7,60.65,751.4,1.9,19,29.82,Bronze,West,Average,2020-08-15,0,0
55.3,447.01,699.3,7.1,15,10.73,Gold,North,Good,2022-04-12,1,0
43.7,44.27,669.7,6.1,12,10.29,Platinum,West,Good,2021-08-02,1,0
10.8,38.29,644.8,10.1,14,28.08,Gold,North,Good,2021-06-13,1,0
51.5,54.66,738.7,8.6,14,12.55,Silver,West,Good,2020-07-03,0,0
48.9,38.41,658.0,0.1,16,11.13,Bronze,North,Good,2021-10-19,1,0
31.5,55.35,689.7,9.8,9,14.28,Bronze,East,Poor,2022-02-10,1,0
37.5,,658.9,2.6,18,5.51,Bronze,East,Average,2021-06-30,0,0
43.0,98.96,607.1,3.3,18,60.51,Silver,North,Poor,2023-03-18,1,0
34.2,67.18,694.1,9.9,9,22.15,Bronze,East,Good,2023-05-11,1,0
33.1,54.6,712.6,0.6,11,7.28,Bronze,East,Good,2021-01-10,0,0
38.3,366.62,611.9,9.7,18,30.94,Platinum,East,Average,2022-02-01,1,0
52.8,43.76,679.3,10.6,17,13.22,Bronze,South,Average,2020-08-22,1,0
32.3,98.09,659.8,0.7,11,24.23,Silver,South,Good,2021-08-06,1,0
41.6,,644.5,4.2,17,11.93,Gold,West,Average,2022-07-04,0,0
33.1,232.41,684.7,5.0,17,38.09,Bronze,West,Good,2022-01-07,1,0
47.5,150.23,673.5,1.4,15,55.41,Bronze,East,Good,2022-12-19,1,0
56.2,58.96,719.7,5.2,18,32.06,Silver,South,Good,2023-10-01,1,0
36.4,108.28,628.4,0.8,16,8.93,Silver,West,Average,2021-10-25,0,0
23.4,55.13,671.8,0.7,16,12.78,Gold,East,Poor,2020-05-19,0,0
43.0,143.97,689.3,4.9,11,33.3,Platinum,West,Average,2022-05-15,1,0
55.3,23.32,792.7,0.0,20,42.72,Silver,West,Poor,2023-01-09,1,0
50.7,119.86,734.8,0.3,20,6.61,Gold,West,Good,2023-10-29,1,0
38.8,31.5,605.0,1.5,19,16.45,Bronze,West,Good,2022-04-07,1,0
47.9,226.07,702.8,0.0,19,11.45,Silver,South,Good,2021-06-08,0,0
38.7,132.13,755.2,3.9,15,28.28,Silver,South,Average,2020-05-18,1,0
45.9,58.97,734.4,2.4,15,29.63,Bronze,East,Average,2020-05-12,1,0
45.7,77.67,761.5,0.8,10,9.95,Bronze,North,Poor,2023-05-25,1,0
47.8,79.36,722.4,4.2,15,3.99,Bronze,West,Good,2023-05-10,1,0
30.0,139.41,621.4,1.4,16,12.05,Gold,East,Poor,2023-06-27,1,0
,155.03,706.5,1.8,12,23.66,Bronze,North,Good,2023-10-06,1,0
73.2,281.14,684.2,7.7,15,13.99,Bronze,East,Good,2021-11-19,0,0
33.8,75.05,698.0,0.5,11,20.77,Bronze,East,Good,2021-10-28,1,0
53.7,71.38,754.1,1.5,11,19.61,Silver,South,Good,2021-03-12,0,0
42.6,303.6,708.8,0.7,13,44.41,Platinum,East,Poor,2021-10-31,1,0
45.4,188.16,672.8,6.9,11,35.8,Silver,East,Good,2024-01-28,1,0
23.5,41.24,655.3,1.8,12,22.13,Silver,South,Good,2020-05-29,1,0
27.6,82.33,766.6,6.1,17,1.6,Bronze,South,Good,2020-11-03,1,0
40.0,79.06,786.6,2.4,19,12.64,Silver,North,Average,2021-06-11,1,0
20.1,95.16,630.2,0.6,19,22.2,Bronze,West,Good,2021-02-26,1,0
36.5,163.93,751.5,1.8,12,41.82,Gold,South,Poor,2020-08-16,1,0
48.7,212.87,687.3,3.2,18,12.97,Silver,North,Good,2023-07-29,0,0
39.1,139.53,665.7,6.6,17,17.75,Silver,South,Good,2023-04-25,1,0
14.5,59.79,736.3,1.0,14,9.49,Bronze,East,Good,2021-10-14,1,0
48.4,75.5,805.5,0.6,15,17.16,Bronze,North,Poor,2023-05-07,0,0
26.6,21.96,,13.1,14,27.36,Gold,North,Good,2021-09-07,1,0
63.2,22.09,661.8,6.0,11,12.82,Bronze,East,Average,2023-09-24,0,0
25.2,87.95,746.1,6.1,14,31.3,Bronze,South,Good,2022-01-11,1,0
27.9,122.4,719.8,10.8,12,12.72,Bronze,East,Good,2021-09-14,1,0
31.4,101.18,691.0,2.8,12,14.57,Bronze,East,Average,2022-10-06,1,0
11.2,32.49,697.2,2.3,12,5.8,Gold,North,Good,2021-11-27,1,0
41.9,89.64,733.8,0.5,12,28.93,Silver,East,Good,2021-04-07,1,0
28.5,49.74,707.5,4.7,13,46.61,Bronze,South,Good,2022-06-02,0,0
46.2,52.1,708.2,2.4,18,13.72,Bronze,East,Poor,2021-04-07,0,0
43.8,,665.7,6.0,8,35.8,Bronze,East,Poor,2022-11-26,0,0
25.6,50.87,747.0,5.1,12,23.95,Silver,North,Good,2021-07-21,1,0
24.1,24.98,648.6,0.0,12,7.17,Bronze,West,Average,2022-06-08,0,0
45.6,38.12,690.6,7.1,14,112.78,Gold,North,Good,2023-04-21,1,0
63.8,,764.5,3.6,17,15.84,Bronze,North,Average,2024-01-11,1,0
44.6,174.27,723.4,5.4,13,13.53,Bronze,West,Average,2023-10-01,0,0
69.7,51.28,770.7,1.1,12,36.93,Bronze,North,Average,2020-07-11,0,0
30.9,94.85,705.5,12.6,21,10.85,Bronze,East,Poor,2021-05-17,1,0
35.0,95.67,744.4,0.4,21,44.67,Platinum,West,Good,2020-10-12,1,0
30.3,,,1.2,12,173.35,Gold,South,Poor,2023-09-23,0,0
33.1,41.98,706.6,2.2,7,20.56,Gold,East,Average,2023-05-02,1,0
36.3,,672.0,8.3,18,58.08,Platinum,North,Average,2023-11-21,1,0
47.3,50.64,724.7,0.7,18,27.7,Silver,West,Good,2020-01-12,0,0
61.4,87.73,694.7,0.6,15,6.6,Silver,South,Average,2020-07-25,0,0
36.6,80.34,697.0,0.0,15,27.33,Gold,West,Poor,2024-01-09,0,0
47.1,94.14,722.8,3.2,13,9.12,Gold,East,Good,2023-06-16,0,0
23.9,23.81,624.7,7.3,9,33.84,Silver,North,Poor,2023-12-16,1,0
41.7,45.05,693.0,4.7,19,48.07,Gold,South,Average,2021-02-05,1,0
54.3,59.04,627.4,7.8,12,14.12,Silver,East,Good,2023-11-06,0,0
35.3,98.91,736.3,1.8,22,57.33,Silver,West,Good,2023-11-19,0,0
30.5,109.27,678.0,4.5,18,11.57,Gold,North,Good,2022-06-26,0,0
46.7,36.76,705.0,6.6,14,111.56,Bronze,West,Average,2021-05-22,1,0
51.7,258.4,703.7,8.5,15,109.22,Silver,West,Good,2023-09-21,1,0
32.7,87.79,674.9,0.6,9,17.4,Gold,East,Average,2021-09-29,1,0
31.1,64.64,731.7,2.7,14,11.48,Bronze,South,Good,2021-10-06,1,0
59.7,101.21,763.5,1.4,18,19.43,Bronze,South,Good,2022-12-19,0,0
26.9,94.2,,1.7,15,19.27,Silver,North,Good,2023-12-29,0,0
9.9,222.4,634.6,4.1,17,48.01,Bronze,East,Poor,2021-01-25,1,0
22.5,50.53,673.0,3.5,19,10.98,Bronze,South,Good,2020-10-31,1,0
19.8,65.6,746.1,6.3,23,6.47,Bronze,West,Good,2022-09-10,1,0
35.0,112.38,794.3,7.6,17,18.8,Silver,South,Good,2020-03-14,1,0
25.0,85.24,710.6,1.4,14,15.18,Platinum,West,Average,2021-07-28,1,0
49.2,148.4,671.0,2.1,11,9.64,Bronze,West,Average,2022-05-10,0,0
41.8,60.7,654.9,2.7,17,4.23,Silver,North,Average,2023-09-28,1,0
37.1,78.64,788.8,2.9,17,11.68,Bronze,South,Poor,2021-09-28,1,0
35.0,148.66,650.7,7.3,11,7.66,Bronze,West,Good,2021-11-19,1,0
43.7,37.7,638.5,3.7,12,59.44,Bronze,West,Poor,2022-11-17,1,0
31.9,264.07,756.1,2.1,16,28.58,Gold,East,Good,2023-05-27,1,0
36.0,37.75,710.8,4.0,14,14.34,Silver,West,Average,2023-04-01,1,0
47.2,92.35,744.2,0.7,15,134.42,Bronze,West,Good,2021-07-25,1,0
41.0,89.8,723.8,2.6,17,18.29,Bronze,East,Good,2023-12-21,1,0
51.5,125.56,727.4,2.4,20,15.4,Bronze,South,Average,2022-12-29,0,0
67.3,74.77,751.6,5.6,19,6.6,Bronze,South,Good,2021-07-06,0,0
39.2,66.92,684.5,1.7,12,17.72,Bronze,South,Good,2021-09-29,0,0
48.0,59.87,636.7,6.8,13,32.6,Silver,East,Poor,2020-02-18,0,0
28.1,81.43,682.1,5.1,14,17.67,Bronze,South,Good,2020-07-27,1,0
39.0,89.96,661.8,4.9,19,12.18,Silver,North,Good,2023-10-12,0,0
30.9,62.21,741.0,0.1,13,15.24,Gold,East,Poor,2023-09-24,0,0
49.4,45.37,717.9,1.4,16,11.39,Gold,North,Good,2020-12-27,0,0
54.3,246.53,785.8,9.4,17,22.71,Platinum,West,Good,2021-03-06,1,0
59.4,144.23,729.5,11.5,12,8.77,Gold,West,Good,2023-09-06,1,0
39.6,123.87,742.6,11.6,13,17.51,Bronze,East,Good,2020-10-25,1,0
50.2,32.69,730.5,1.6,16,100.31,Bronze,West,Good,2020-07-23,0,0
30.2,45.52,655.7,10.1,16,13.12,Silver,West,Average,2021-09-11,1,0
38.5,46.32,738.3,9.6,14,70.05,Bronze,South,Good,2021-08-09,1,0
41.8,183.96,726.1,17.3,13,18.88,Silver,South,Poor,2022-06-29,0,0
43.5,37.2,713.3,4.6,14,8.02,Bronze,South,Good,2022-02-05,1,0
35.4,38.45,755.6,4.0,9,27.84,Platinum,East,Average,2021-11-04,1,0
44.3,28.5,699.4,4.0,15,21.76,Bronze,North,Average,2022-11-03,0,0
35.9,188.6,692.3,4.1,18,7.13,Bronze,North,Good,2022-11-11,0,0
34.1,150.75,736.1,9.7,13,21.42,Bronze,East,Average,2023-06-28,1,0
30.8,101.4,648.3,0.2,29,41.79,Gold,North,Good,2020-01-21,1,0
59.0,90.81,687.6,0.3,13,9.31,Bronze,East,Poor,2023-04-28,0,0
46.5,170.11,727.2,1.7,14,28.5,Silver,West,Good,2023-08-21,1,0
29.6,35.43,647.0,7.8,13,7.04,Silver,West,Poor,2020-11-16,1,0
40.3,38.75,760.3,10.8,16,27.33,Silver,West,Average,2020-11-11,1,0
59.2,104.15,650.7,3.6,13,15.56,Silver,West,Average,2021-09-14,0,0
46.6,77.75,714.9,12.2,11,53.51,Silver,East,Good,2021-03-25,0,0
37.2,26.65,,2.2,18,26.21,Bronze,West,Good,2023-08-05,0,0
51.1,254.35,652.8,2.2,19,23.25,Gold,North,Good,2021-08-17,1,0
15.4,102.26,747.3,0.8,13,29.42,Gold,West,Average,2021-11-11,1,0
26.5,41.14,673.2,3.3,10,14.57,Gold,South,Good,2021-07-28,1,0
44.2,92.91,618.4,0.8,10,10.38,Gold,East,Poor,2022-10-06,1,0
28.3,177.53,713.6,1.2,12,7.79,Gold,East,Good,2023-10-14,1,0
18.0,148.09,732.3,0.1,11,30.89,Bronze,North,Good,2021-04-23,0,0
58.7,55.11,772.1,2.4,16,11.02,Silver,North,Good,2022-09-28,0,0
,85.81,680.8,6.2,19,7.84,Bronze,South,Good,2021-07-20,1,0
24.9,77.04,722.8,1.2,18,27.23,Gold,West,Average,2021-09-16,1,0
46.4,222.17,697.8,1.0,16,16.23,Bronze,South,Average,2022-09-18,1,0
42.4,37.26,527.3,3.1,9,27.32,Bronze,North,Good,2021-11-13,0,0
43.2,171.89,717.7,1.5,16,3.73,Platinum,North,Poor,2020-04-25,1,0
55.9,132.71,651.7,1.4,14,19.02,Bronze,South,Good,2024-01-04,0,0
39.1,27.87,643.5,6.1,17,31.87,Bronze,West,Good,2021-05-15,1,0
24.7,67.86,624.3,4.8,10,13.57,Gold,South,Average,2022-02-28,0,0
38.7,60.95,708.6,5.4,14,28.34,Bronze,East,Average,2020-02-28,1,0
16.5,107.29,694.4,0.7,18,39.63,Bronze,South,Average,2021-01-07,0,0
59.0,158.61,623.9,1.1,14,43.05,Bronze,East,Good,2023-05-17,0,0
47.9,54.66,522.8,3.3,23,11.68,Platinum,West,Good,2022-06-26,0,0
42.0,195.37,697.3,1.1,13,26.33,Silver,West,Good,2023-01-01,1,0
30.6,113.29,645.0,3.9,13,11.31,Gold,South,Good,2023-04-25,1,0
48.4,162.97,711.1,10.4,17,11.02,Bronze,West,Good,2021-12-19,0,0
41.2,170.66,756.4,0.3,14,25.75,Silver,North,Average,2020-01-24,1,0
51.9,140.5,617.9,2.6,20,29.91,Bronze,East,Good,2021-08-23,0,0
17.6,91.37,714.8,0.4,13,5.22,Bronze,West,Good,2022-08-06,0,0
36.2,35.58,666.3,3.9,9,37.29,Bronze,North,Good,2022-04-05,0,0
53.2,90.88,704.4,2.2,17,25.51,Silver,North,Good,2022-10-14,0,0
24.9,107.64,719.6,14.7,16,9.68,Bronze,East,Average,2021-11-18,0,0
32.2,62.71,716.0,22.6,10,44.63,Bronze,West,Good,2022-06-23,1,0
43.5,264.8,649.6,19.0,7,12.9,Gold,East,Average,2023-04-24,1,0
40.4,45.96,644.9,0.4,11,26.96,Gold,East,Average,2023-01-23,0,0
26.0,156.63,653.8,5.9,17,5.49,Silver,East,Good,2020-11-10,1,0
38.6,149.91,671.6,1.4,6,6.35,Gold,East,Good,2020-08-15,1,0
12.3,43.08,696.8,0.4,5,3.0,Bronze,South,Good,2023-07-06,0,0
40.2,67.82,687.7,19.6,12,18.57,Silver,East,Good,2021-11-05,1,0
35.2,190.9,619.5,10.7,18,31.02,Silver,North,Good,2020-07-08,1,0
48.2,61.89,682.9,4.1,21,5.98,Silver,South,Average,2023-03-18,1,0
50.5,110.04,666.6,2.6,11,8.9,Gold,North,Good,2020-01-27,0,0
55.5,45.01,738.1,4.8,11,21.4,Bronze,South,Good,2021-07-16,0,0
27.9,61.29,646.9,1.8,9,13.46,Platinum,West,Poor,2023-08-11,0,0
21.7,164.95,719.5,0.6,9,18.6,Bronze,South,Good,2020-11-30,1,0
67.9,54.49,689.1,0.9,12,61.01,Bronze,East,Good,2022-08-18,0,0
54.3,44.73,794.2,2.8,20,21.81,Bronze,East,Average,2022-04-30,1,0
19.8,95.95,707.0,1.3,14,30.62,Bronze,West,Good,2022-02-10,1,0
41.8,38.64,738.5,4.4,23,7.58,Gold,East,Poor,2021-04-02,1,0
33.0,30.06,724.7,10.8,16,7.02,Gold,East,Good,2023-10-04,1,0
42.7,53.11,796.0,2.3,14,33.23,Bronze,West,Poor,2022-05-13,0,0
47.1,38.17,739.6,8.2,13,8.05,Gold,South,Good,2021-02-16,1,0
37.4,104.14,680.3,6.4,15,12.27,Silver,East,Good,2021-04-16,0,0
47.0,140.75,630.4,0.9,6,31.99,Bronze,North,Average,2022-06-05,1,0
37.3,48.86,717.5,0.8,14,15.81,Silver,South,Good,2021-09-01,1,0
38.6,79.7,754.7,6.2,20,6.41,Bronze,South,Poor,2024-01-23,1,0
31.9,149.51,773.2,24.8,21,9.06,Silver,East,Good,2023-06-28,1,0
18.3,168.02,765.1,4.3,14,12.5,Gold,North,Good,2021-11-27,1,0
52.4,153.65,703.1,1.4,19,11.4,Bronze,North,Good,2023-10-28,0,0
41.2,,661.2,7.3,13,8.35,Silver,North,Good,2022-04-23,1,0
55.1,109.45,810.8,5.5,19,23.04,Platinum,South,Good,2021-09-09,1,0
37.9,106.16,680.7,5.8,11,56.51,Bronze,East,Good,2020-06-25,1,0
31.6,75.43,599.5,4.5,12,60.35,Platinum,West,Poor,2023-08-07,1,0
39.0,68.52,665.2,1.9,22,18.25,Silver,South,Poor,2021-02-15,0,0
28.9,392.42,546.2,9.1,13,11.24,Bronze,South,Average,2022-06-02,1,0
49.3,88.48,799.3,6.1,13,13.83,Bronze,West,Good,2023-03-02,0,0
45.4,46.07,714.7,5.5,9,39.77,Silver,East,Good,2022-04-01,0,0
35.9,91.49,694.2,6.7,16,19.99,Gold,East,Good,2020-09-14,1,0
31.9,158.9,720.3,9.0,17,34.31,Bronze,East,Average,2022-03-26,0,0
49.9,157.44,722.9,0.2,18,14.34,Silver,East,Average,2020-01-28,0,0
42.2,100.32,715.6,3.2,13,48.7,Gold,South,Good,2021-11-30,1,0
37.9,209.59,693.2,5.8,6,17.53,Bronze,East,Average,2023-06-24,1,0
20.0,134.87,693.2,1.2,16,31.42,Bronze,South,Poor,2021-09-19,1,0
20.9,159.01,724.2,2.7,16,13.7,Gold,South,Average,2024-01-31,1,0
34.5,,657.3,0.8,12,17.0,Bronze,South,Good,2021-10-08,1,0
23.1,149.34,700.5,4.2,14,9.94,Silver,East,Good,2023-01-25,1,0
40.8,70.63,726.3,3.1,19,14.24,Gold,South,Poor,2021-05-15,0,0
35.3,147.25,720.2,0.2,14,9.01,Bronze,West,Poor,2022-02-28,0,0
9.0,79.88,778.5,6.9,17,50.08,Silver,South,Good,2021-12-03,1,0
41.1,113.96,704.4,1.6,13,11.85,Gold,East,Good,2022-08-22,1,0
48.2,31.44,687.6,11.7,16,4.03,Bronze,West,Good,2023-09-22,0,0
33.8,118.97,672.5,4.0,7,22.34,Bronze,South,Good,2020-03-26,1,0
49.5,34.93,667.2,3.7,10,51.98,Platinum,South,Good,2020-12-16,0,0
,58.99,692.8,4.8,11,11.37,Silver,East,Poor,2023-06-15,1,0
39.9,108.35,708.1,8.4,14,23.01,Bronze,South,Good,2022-11-19,0,0
38.1,57.43,779.4,11.1,13,18.85,Silver,South,Poor,2022-09-18,1,0
41.3,91.14,680.2,2.0,20,25.83,Silver,West,Good,2022-02-23,0,0
34.8,72.06,754.2,4.5,14,20.64,Bronze,South,Good,2023-01-09,0,0
36.1,153.11,627.4,2.8,12,15.3,Silver,West,Good,2023-05-22,1,0
51.2,51.75,777.7,3.2,18,35.68,Bronze,North,Poor,2023-08-10,1,0
38.8,45.31,689.9,3.5,8,21.09,Gold,East,Average,2023-03-31,1,0
40.0,302.78,721.2,0.0,15,29.14,Bronze,West,Poor,2023-04-01,1,0
58.5,,734.0,3.8,17,39.35,Silver,East,Poor,2023-04-23,1,0
22.3,84.96,699.2,2.8,14,14.17,Platinum,North,Poor,2021-11-27,0,0
39.1,165.09,755.5,8.0,13,21.93,Bronze,South,Good,2020-03-12,0,0
38.9,151.04,668.7,5.9,14,37.43,Silver,East,Good,2021-09-25,1,0
47.2,123.75,639.6,1.5,24,22.57,Bronze,East,Good,2022-12-05,1,0
48.8,133.08,712.2,3.3,10,13.51,Bronze,South,Good,2020-02-09,0,0
40.2,33.05,654.5,1.7,14,15.2,Gold,South,Good,2023-11-20,0,0
34.5,59.14,679.4,7.3,18,19.85,Gold,East,Average,2021-12-24,1,0
19.1,53.38,733.1,2.0,15,15.77,Platinum,West,Average,2020-03-23,1,0
52.2,123.43,740.3,2.2,15,12.03,Silver,East,Average,2020-07-12,1,0
33.4,93.5,,11.9,15,30.59,Gold,South,Average,2021-01-01,0,0
30.5,98.47,667.4,4.2,17,22.4,Silver,West,Poor,2021-05-29,1,0
41.9,62.19,662.4,1.3,22,21.24,Silver,South,Good,2020-12-20,0,0
33.6,84.4,674.8,5.5,15,161.01,Gold,North,Average,2024-01-02,1,0
,132.65,638.2,7.0,17,7.35,Bronze,North,Average,2022-08-17,1,0
52.7,103.37,666.2,4.4,12,8.16,Bronze,East,Good,2022-06-17,1,0
45.6,110.16,669.7,9.2,15,29.14,Bronze,South,Average,2023-06-23,1,0
48.1,134.34,733.1,6.1,17,28.28,Silver,South,Average,2020-05-08,1,0
24.5,99.57,759.1,5.2,14,9.31,Gold,South,Good,2022-08-20,1,0
45.0,71.29,696.1,6.5,15,7.87,Silver,South,Poor,2022-04-17,1,0
36.8,32.02,642.4,3.6,14,14.55,Bronze,North,Poor,2021-09-28,0,0
41.4,36.7,626.4,9.3,16,13.63,Silver,South,Poor,2021-10-11,0,0
39.2,,731.0,3.2,8,18.97,Bronze,North,Poor,2023-03-21,1,0
57.0,162.16,671.3,10.8,14,14.31,Bronze,North,Average,2021-03-22,0,0
45.0,104.86,755.4,3.9,16,22.76,Bronze,East,Poor,2023-10-15,0,0
48.2,89.58,744.1,15.6,12,5.13,Gold,East,Poor,2023-08-05,1,0
44.4,188.0,683.2,2.6,10,71.69,Gold,West,Average,2022-02-12,1,0
47.1,255.53,670.5,7.8,12,34.87,Bronze,North,Average,2023-03-18,1,0
70.4,90.51,685.4,2.7,20,16.49,Silver,West,Poor,2021-05-18,0,0
42.0,36.19,668.5,0.6,10,16.04,Bronze,East,Average,2022-01-29,0,0
48.4,103.75,652.1,2.4,13,4.38,Silver,West,Good,2023-09-08,0,0
56.9,62.04,708.9,1.0,15,21.09,Platinum,North,Poor,2020-06-25,1,0
54.7,200.52,667.6,8.2,12,17.01,Silver,South,Average,2021-08-28,1,0
47.0,67.92,686.0,5.9,21,10.65,Silver,South,Good,2020-08-04,0,0
43.4,73.98,764.2,3.3,14,40.07,Bronze,North,Poor,2021-06-15,0,0
8.9,57.67,707.3,0.4,13,25.3,Bronze,West,Average,2021-05-13,0,0
54.2,58.05,736.6,0.2,8,41.21,Gold,East,Good,2020-06-17,1,0
39.1,38.42,659.0,4.1,12,24.3,Bronze,North,Good,2022-05-07,0,0
40.4,164.31,677.3,10.1,7,15.34,Bronze,South,Average,2021-11-08,1,0
39.3,99.74,724.0,4.6,17,38.4,Silver,East,Poor,2020-01-05,1,0
30.7,88.97,704.6,1.4,16,31.86,Silver,North,Good,2021-03-27,0,0
32.9,149.96,632.6,2.2,20,15.11,Bronze,North,Good,2021-01-11,0,0
37.9,41.21,715.6,0.3,16,17.04,Bronze,East,Good,2023-11-25,0,0
39.2,122.63,670.4,0.2,14,17.53,Bronze,West,Good,2022-05-10,0,0
49.6,40.79,694.3,3.2,17,19.86,Silver,East,Good,2020-06-16,0,0
36.3,80.31,567.6,9.4,14,84.95,Bronze,North,Poor,2020-11-06,0,0
30.6,52.4,699.3,13.1,10,21.37,Silver,South,Average,2021-06-16,0,0
51.9,196.79,623.6,4.8,23,11.45,Gold,East,Average,2023-01-14,1,0
56.1,42.31,,4.4,17,7.66,Bronze,East,Good,2022-06-18,0,0
21.3,74.18,695.1,3.8,18,17.49,Silver,East,Poor,2020-04-26,0,0
46.7,88.6,777.5,25.6,9,68.55,Silver,South,Good,2020-08-31,1,0
26.3,88.17,671.2,18.2,13,23.65,Silver,North,Average,2023-11-30,1,0
30.4,29.09,694.6,1.8,7,37.21,Silver,South,Average,2021-02-02,0,0
40.9,53.67,698.3,1.0,13,15.8,Bronze,South,Poor,2024-01-15,0,0
33.4,118.39,693.0,0.8,15,21.01,Platinum,East,Average,2021-11-05,1,0
35.2,49.04,680.1,20.9,17,58.25,Bronze,West,Poor,2021-11-11,1,0
40.9,50.59,,2.9,15,12.08,Silver,North,Good,2024-01-24,1,0
40.9,226.8,752.8,3.0,12,12.67,Gold,North,Good,2022-01-22,1,0
48.6,125.61,800.3,4.8,14,16.42,Bronze,North,Average,2023-05-09,1,0
5.1,69.38,607.1,11.7,14,24.32,Silver,South,Poor,2021-10-13,1,0
48.4,46.9,807.1,13.5,15,4.83,Bronze,West,Poor,2021-10-13,1,0
33.6,35.06,743.7,0.7,12,22.06,Bronze,East,Average,2023-06-15,0,0
9.0,111.31,739.0,12.5,12,22.43,Bronze,West,Good,2020-04-01,1,0
40.3,106.12,676.4,2.2,9,80.21,Platinum,North,Average,2023-10-28,0,0
35.1,39.54,727.4,12.7,12,292.53,Platinum,North,Good,2022-06-11,1,0
45.5,274.52,644.1,1.1,19,61.57,Silver,South,Poor,2022-12-19,1,0
33.7,284.04,727.4,12.2,8,38.82,Gold,North,Good,2020-11-19,1,0
48.1,30.14,689.3,11.7,10,8.07,Bronze,East,Good,2022-03-19,0,0
48.4,99.2,722.9,11.8,16,59.66,Bronze,West,Good,2020-12-10,1,0
18.1,99.54,713.7,4.0,11,43.87,Silver,East,Good,2020-10-26,1,0
46.7,169.23,642.5,0.1,14,40.22,Platinum,North,Average,2021-09-26,1,0
28.6,60.14,681.0,0.2,16,9.55,Bronze,South,Average,2020-07-17,0,0
29.3,48.93,698.6,2.9,13,35.99,Silver,South,Good,2020-08-23,1,0
30.3,91.07,690.4,2.1,17,31.15,Bronze,South,Average,2021-11-10,0,0
30.4,85.83,720.0,3.4,17,59.66,Silver,West,Average,2022-10-24,1,0
51.0,115.04,634.5,1.5,19,11.07,Gold,East,Good,2022-08-31,1,0
57.0,78.82,643.5,1.6,20,30.18,Silver,West,Average,2023-06-23,1,0
47.0,80.31,626.9,10.9,16,69.35,Bronze,East,Good,2021-03-11,0,0
38.7,183.8,606.6,2.5,16,20.18,Bronze,West,Good,2022-06-18,0,0
23.7,40.67,631.9,7.2,17,8.72,Bronze,East,Poor,2024-02-05,1,0
48.9,52.94,690.5,14.7,18,76.36,Gold,North,Good,2023-09-20,1,0
34.1,150.58,701.6,3.4,7,15.68,Platinum,South,Poor,2020-09-22,0,0
59.8,184.88,652.3,3.3,13,11.45,Silver,South,Average,2022-09-02,0,0
60.7,136.99,711.1,2.8,25,31.6,Bronze,East,Average,2020-02-14,0,0
38.7,126.25,708.8,0.6,13,92.92,Silver,East,Good,2020-05-30,1,0
58.9,244.67,696.4,3.8,12,12.72,Bronze,South,Good,2020-01-19,1,0
45.9,101.65,741.0,4.7,22,28.54,Gold,West,Good,2020-11-18,1,0
49.4,84.7,762.9,7.7,9,40.15,Bronze,North,Good,2021-05-10,0,0
17.6,46.05,650.3,8.1,12,8.98,Silver,South,Good,2020-09-28,1,0
47.4,71.39,702.5,2.4,16,14.46,Gold,North,Good,2020-09-04,0,0
21.0,41.91,650.8,1.6,10,10.52,Silver,South,Good,2020-10-14,0,0
27.0,58.5,696.4,0.0,19,29.87,Bronze,North,Good,2021-07-08,0,0
57.0,25.85,714.3,9.5,20,7.84,Bronze,West,Poor,2020-08-03,1,0
40.5,62.72,648.0,5.2,12,59.25,Bronze,West,Good,2020-07-24,1,0
61.4,102.45,663.6,1.4,13,26.39,Silver,North,Average,2021-04-21,1,0
42.7,63.59,782.3,1.1,12,18.92,Silver,South,Average,2021-12-27,0,0
39.5,69.14,708.5,3.5,19,23.44,Silver,South,Good,2022-03-29,0,0
56.0,142.49,695.0,4.6,21,14.55,Bronze,East,Good,2020-08-02,0,0
58.1,76.46,673.7,1.9,10,13.33,Bronze,North,Average,2021-07-06,0,0
33.6,68.4,626.3,2.6,10,7.52,Bronze,South,Good,2024-01-16,0,0
36.7,104.42,787.4,5.4,13,18.75,Silver,East,Average,2022-06-07,1,0
31.4,180.6,682.3,6.1,15,9.16,Gold,East,Average,2020-08-31,1,0
39.3,103.9,673.3,1.3,12,16.26,Silver,North,Good,2022-11-28,1,0
26.9,248.65,625.2,1.9,13,65.53,Silver,West,Poor,2023-02-22,1,0
43.8,36.43,628.1,1.2,18,40.94,Silver,East,Average,2023-09-13,0,0
43.6,,726.0,1.6,11,33.27,Bronze,South,Average,2022-05-19,1,0
40.3,30.89,672.2,0.1,16,26.85,Silver,South,Good,2022-03-23,0,0
45.5,193.04,684.8,2.3,10,69.63,Silver,North,Poor,2021-06-22,1,0
59.0,42.6,722.1,1.7,12,11.72,Silver,North,Good,2020-03-28,0,0
27.3,101.93,673.2,0.2,18,19.3,Bronze,North,Good,2023-08-12,1,0
53.2,82.95,620.5,1.2,18,26.04,Platinum,North,Average,2022-04-01,1,0
54.2,55.93,732.1,4.4,17,24.2,Bronze,West,Good,2022-09-22,0,0
28.3,97.91,724.4,3.5,14,14.64,Silver,East,Average,2023-09-10,1,0
24.0,72.51,718.9,2.2,12,60.3,Silver,North,Average,2023-06-13,0,0
27.2,140.9,600.1,1.4,21,39.01,Bronze,West,Good,2023-04-05,0,0
48.2,89.65,663.1,1.3,20,12.62,Gold,East,Poor,2020-01-22,0,0
31.8,37.03,668.7,16.1,18,26.62,Bronze,West,Average,2020-09-21,0,0
36.0,255.37,730.1,6.7,12,10.99,Silver,North,Average,2023-10-19,1,0
48.6,180.28,628.1,5.0,9,62.48,Bronze,East,Good,2021-03-27,1,0
28.7,39.84,797.2,3.1,16,13.99,Bronze,West,Poor,2022-02-27,1,0
47.1,52.18,728.5,12.4,14,8.46,Platinum,North,Poor,2021-06-12,0,0
61.3,97.39,631.1,6.2,14,19.21,Bronze,East,Poor,2022-01-30,0,0
51.2,169.88,728.1,0.8,10,5.77,Silver,West,Good,2021-03-04,1,0
,50.71,726.9,7.9,14,14.07,Platinum,South,Average,2021-11-03,1,0
27.4,155.26,673.4,17.0,21,10.77,Bronze,South,Average,2020-06-13,1,0
39.3,41.74,781.2,3.5,13,2.36,Bronze,West,Good,2020-06-18,0,0
49.3,383.57,743.8,0.8,12,89.24,Silver,South,Good,2021-07-28,1,0
16.2,21.13,729.6,0.6,18,6.27,Gold,East,Average,2020-12-27,0,0
50.8,37.49,741.8,3.5,9,11.05,Silver,South,Good,2023-07-31,0,0
35.3,63.94,730.6,2.5,10,56.43,Gold,South,Good,2021-06-14,0,0
42.9,138.27,694.0,0.1,21,4.44,Bronze,West,Good,2021-07-17,0,0
45.0,154.85,752.8,3.4,12,34.22,Bronze,East,Good,2021-12-24,0,0
49.4,52.84,757.2,1.6,13,18.05,Gold,East,Good,2022-02-20,1,0
28.7,44.3,688.4,9.1,12,42.38,Silver,West,Good,2022-01-25,0,0
36.5,56.2,657.7,1.9,9,55.69,Bronze,West,Good,2020-03-11,0,0
39.4,80.64,712.5,0.6,9,15.18,Platinum,West,Good,2022-11-17,1,0
47.4,45.39,617.9,7.8,16,54.32,Silver,North,Good,2022-05-11,1,0
24.3,142.57,659.9,3.5,28,9.48,Silver,East,Good,2023-06-04,1,0
29.9,70.94,801.6,6.9,11,32.58,Silver,East,Poor,2022-08-31,1,0
53.3,145.03,701.5,0.9,24,29.17,Gold,East,Good,2021-11-12,0,0
37.4,68.0,710.8,4.1,14,7.67,Gold,West,Good,2023-04-23,1,0
37.0,60.88,718.5,5.7,15,48.52,Silver,North,Poor,2020-07-25,0,0
26.3,105.51,614.4,1.5,19,21.94,Silver,West,Good,2020-02-16,1,0
34.4,112.55,581.1,4.6,15,14.59,Bronze,North,Average,2024-02-04,0,0
57.1,21.42,682.9,2.9,13,24.76,Gold,North,Average,2023-11-17,1,0
44.5,61.61,674.9,1.0,17,56.62,Bronze,West,Average,2022-12-20,0,0
19.9,40.92,698.0,6.4,13,13.49,Bronze,West,Good,2022-10-03,1,0
29.9,25.36,748.7,10.6,22,33.23,Bronze,West,Good,2022-10-22,1,0
35.8,101.52,784.1,15.7,10,11.36,Silver,West,Poor,2022-11-07,1,0
49.8,84.55,656.6,7.4,17,19.47,Gold,West,Average,2023-07-15,1,0
36.8,160.08,704.5,2.9,21,4.2,Bronze,West,Poor,2020-02-20,1,0
63.0,82.2,686.3,2.9,12,25.36,Bronze,East,Good,2020-03-15,1,0
8.4,116.23,715.2,2.7,15,57.85,Bronze,West,Poor,2022-05-10,1,0
41.5,130.09,661.0,0.8,14,20.77,Silver,West,Good,2022-01-18,1,0
20.3,65.81,703.2,1.8,14,21.07,Bronze,West,Average,2022-12-10,0,0
41.7,179.52,606.6,5.2,16,11.35,Bronze,East,Poor,2020-10-23,1,0
41.5,186.6,657.5,2.5,20,26.96,Bronze,South,Good,2022-11-12,1,0
,156.36,689.4,4.5,13,9.5,Silver,East,Poor,2023-09-12,1,0
34.2,84.36,762.0,7.7,15,63.93,Bronze,North,Average,2022-04-17,1,0
45.3,99.09,605.7,1.9,16,27.8,Silver,West,Good,2021-02-09,1,0
45.1,118.36,691.4,4.0,14,33.78,Silver,South,Average,2022-05-28,0,0
41.4,153.86,704.9,0.6,19,40.73,Bronze,South,Poor,2020-07-30,0,0
32.7,,775.6,4.0,16,21.99,Bronze,South,Average,2023-08-19,0,0
41.2,135.32,772.7,2.6,13,31.27,Bronze,West,Good,2020-04-16,1,0
34.9,133.97,641.4,4.9,21,35.14,Platinum,West,Average,2020-05-23,1,0
18.9,82.59,739.6,8.6,12,33.03,Silver,West,Good,2021-12-10,1,0
52.0,74.5,683.5,0.9,17,7.55,Bronze,South,Good,2023-05-02,1,0
52.3,113.46,676.6,3.4,17,41.66,Platinum,South,Good,2021-11-29,1,0
27.6,120.05,683.9,0.5,14,4.46,Platinum,West,Good,2020-01-25,1,0
35.5,109.48,737.0,10.5,22,32.03,Silver,North,Average,2021-09-17,0,0
59.5,55.3,705.4,14.6,18,12.44,Platinum,South,Good,2022-12-30,1,0
37.2,217.28,654.7,2.7,15,3.73,Gold,South,Average,2020-09-27,1,0
30.6,60.12,636.9,0.7,13,14.53,Bronze,North,Good,2022-04-20,0,0
37.1,53.48,714.0,4.9,20,7.91,Bronze,North,Average,2020-04-16,1,0
48.6,96.55,721.1,2.9,14,11.06,Silver,North,Average,2021-02-04,1,0
49.0,189.22,768.6,1.1,14,27.9,Silver,East,Average,2022-08-07,1,0
38.8,61.29,767.1,0.3,14,3.78,Platinum,East,Poor,2022-10-09,1,0
34.9,146.75,677.1,3.7,10,1.69,Bronze,North,Average,2021-06-21,1,0
42.2,99.58,748.1,1.5,12,13.44,Bronze,South,Good,2023-12-02,0,0
47.1,17.61,608.3,1.4,15,30.73,Silver,West,Good,2022-07-07,0,0
48.9,79.57,720.3,0.9,18,3.31,Silver,West,Poor,2022-02-08,0,0
38.9,100.2,697.3,0.2,13,25.33,Bronze,North,Good,2022-12-26,1,0
41.3,88.41,686.5,2.6,19,28.34,Bronze,North,Average,2020-01-03,1,0
41.7,51.5,669.7,1.3,12,14.12,Bronze,North,Average,2020-10-29,1,0
51.7,120.27,706.0,0.7,7,28.82,Platinum,East,Average,2021-10-05,1,0
29.2,46.85,672.7,3.4,10,12.47,Bronze,South,Poor,2023-11-30,1,0
34.1,103.03,713.0,5.9,21,24.98,Bronze,South,Good,2022-08-17,1,0
52.3,102.73,766.8,8.1,7,15.15,Silver,South,Average,2023-04-12,1,0
40.9,138.79,768.1,5.7,20,17.19,Platinum,West,Poor,2021-06-29,1,0
,72.19,608.1,7.3,10,17.05,Bronze,North,Average,2020-10-30,0,0
39.6,201.79,776.9,0.3,13,15.14,Silver,North,Good,2021-02-02,1,0
45.4,99.0,684.5,5.3,23,21.34,Platinum,East,Good,2021-12-08,1,0
45.1,77.68,665.3,0.3,11,9.63,Silver,East,Good,2022-11-05,1,0
38.2,42.52,659.2,5.8,15,34.94,Silver,South,Poor,2020-04-12,0,0
40.5,52.0,751.2,15.5,15,28.76,Silver,East,Average,2023-09-03,1,0
25.3,78.08,686.1,1.1,15,20.89,Bronze,West,Average,2020-09-10,1,0
35.6,113.87,703.6,0.8,17,46.41,Bronze,South,Average,2020-03-26,1,0
22.8,169.26,637.6,2.7,10,10.96,Gold,North,Poor,2020-04-25,1,0
33.5,48.54,665.2,4.2,17,27.15,Gold,North,Good,2020-08-24,1,0
53.0,43.82,608.1,5.5,11,26.83,Gold,West,Good,2020-11-02,1,0
20.3,109.66,658.7,1.3,10,52.57,Bronze,West,Average,2023-12-28,1,0
42.5,75.51,791.6,7.2,17,27.51,Silver,South,Poor,2021-07-24,1,0
51.2,83.73,739.2,0.1,11,229.2,Gold,West,Good,2020-10-10,1,0
30.3,144.7,732.7,2.8,20,30.46,Silver,West,Good,2020-11-12,0,0
48.3,46.47,655.3,2.1,18,6.29,Platinum,West,Good,2022-12-08,1,0
43.1,96.24,659.2,2.4,12,12.87,Gold,South,Good,2020-10-10,1,0
29.3,162.0,769.6,12.8,21,15.55,Silver,East,Poor,2023-10-20,1,0
37.4,72.22,802.7,2.0,15,7.01,Silver,South,Poor,2023-09-10,0,0
28.4,66.71,731.3,7.9,17,199.98,Bronze,North,Poor,2022-05-17,1,0
30.7,244.54,709.4,6.9,14,39.53,Bronze,East,Good,2023-03-02,1,0
27.1,82.83,771.2,2.2,22,4.99,Bronze,North,Good,2023-09-07,0,0
37.2,28.36,616.5,0.9,15,13.31,Gold,South,Good,2021-12-10,0,0
41.1,89.72,652.2,2.8,12,4.39,Silver,East,Good,2021-10-17,1,0
44.6,58.56,610.1,1.0,17,24.14,Platinum,West,Good,2022-12-16,1,0
40.2,194.06,753.7,5.1,12,78.33,Bronze,East,Good,2022-03-23,1,0
24.1,166.76,746.8,5.7,17,53.26,Gold,East,Good,2021-10-13,1,0
46.1,116.22,719.5,5.5,14,27.04,Gold,South,Good,2021-07-04,1,0
58.6,,747.2,4.4,18,122.68,Silver,East,Good,2022-06-29,1,0
24.0,282.81,764.4,13.2,13,20.9,Gold,West,Average,2022-12-28,1,0
55.4,67.97,635.0,13.4,12,34.89,Silver,East,Poor,2023-08-01,1,0
40.4,6.18,662.8,45.6,15,26.27,Platinum,East,Good,2021-09-18,1,0
41.3,49.0,683.9,8.1,9,11.41,Silver,West,Average,2022-10-11,1,0
47.9,121.74,662.3,7.8,13,34.33,Bronze,East,Good,2020-01-23,0,0
28.8,61.76,703.7,2.1,6,33.01,Silver,East,Average,2021-08-30,1,0
35.3,70.46,671.9,3.2,22,19.07,Bronze,West,Good,2020-03-01,1,0
28.2,212.25,682.2,1.7,17,22.81,Bronze,North,Good,2020-12-24,0,0
53.0,90.43,701.6,0.3,16,41.78,Bronze,North,Average,2023-03-04,0,0
44.3,56.52,718.2,3.6,15,6.51,Platinum,North,Average,2021-09-14,1,0
37.4,40.85,738.1,28.2,16,29.04,Bronze,West,Poor,2021-06-08,1,0
22.8,324.75,685.5,5.3,15,44.86,Bronze,South,Average,2021-12-03,1,0
14.2,105.69,649.2,5.3,14,28.55,Silver,South,Average,2020-02-08,1,0
43.2,300.42,707.7,6.2,16,9.56,Gold,North,Good,2023-02-22,1,0
60.0,57.46,727.4,1.6,13,6.62,Gold,East,Average,2024-02-04,1,0
46.2,49.43,651.9,2.0,15,9.87,Silver,South,Poor,2020-01-04,0,0
46.7,73.37,625.1,1.6,13,11.0,Bronze,North,Poor,2023-05-23,0,0
36.3,137.63,735.1,8.3,17,24.01,Platinum,West,Average,2023-11-25,1,0
44.4,63.81,688.2,4.5,17,35.63,Bronze,East,Average,2022-07-22,0,0
36.3,32.58,723.5,2.7,18,27.28,Platinum,South,Good,2021-12-27,0,0
44.2,35.59,685.2,2.8,23,6.21,Platinum,East,Poor,2022-10-26,0,0
24.0,58.69,767.6,9.3,24,16.34,Silver,East,Good,2020-09-22,0,0
65.9,61.93,707.5,1.6,6,45.41,Silver,North,Good,2022-08-15,0,0
48.4,103.12,574.3,1.2,10,26.29,Silver,East,Good,2022-10-20,0,0
23.7,136.1,644.3,13.9,11,9.21,Bronze,East,Poor,2021-06-19,1,0
29.4,91.57,605.1,1.5,20,92.22,Silver,West,Good,2020-08-24,0,0
47.1,169.11,695.4,4.6,22,6.53,Silver,North,Good,2022-07-25,1,0
31.4,47.94,855.9,7.8,17,3.96,Bronze,West,Good,2021-03-27,1,0
54.5,119.15,682.0,2.0,25,12.54,Bronze,South,Good,2020-02-14,1,0
62.1,120.01,776.9,0.9,10,12.09,Bronze,South,Poor,2020-02-13,1,0
27.9,51.67,765.7,10.2,12,31.43,Bronze,East,Good,2022-05-25,0,0
36.9,32.52,747.3,0.0,11,25.93,Bronze,West,Poor,2021-08-12,0,0
38.7,192.59,621.7,5.2,21,20.42,Silver,South,Average,2020-10-05,0,0
40.7,171.16,771.3,1.1,9,6.28,Silver,South,Good,2023-10-09,1,0
48.8,146.71,747.2,3.4,11,27.69,Platinum,South,Average,2020-08-17,1,0
29.7,40.52,695.5,2.8,15,5.12,Silver,North,Average,2020-01-20,1,0
51.7,87.74,668.6,0.4,18,4.3,Silver,South,Good,2021-04-26,0,0
34.5,85.32,710.9,5.0,16,24.99,Bronze,West,Good,2021-09-09,0,0
47.0,217.48,692.4,9.1,13,11.06,Silver,East,Poor,2020-06-05,0,0
38.2,,632.7,6.9,12,60.04,Gold,West,Poor,2022-02-19,0,0
28.6,,818.8,2.8,8,10.7,Gold,North,Good,2022-10-16,1,0
38.9,54.76,593.4,2.7,16,21.88,Silver,East,Poor,2023-08-21,0,0
21.9,202.31,693.8,2.8,14,9.87,Gold,East,Average,2020-06-02,1,0
39.2,51.31,644.3,16.8,16,42.51,Bronze,North,Average,2021-10-30,1,0
49.1,72.01,703.0,4.6,21,70.46,Bronze,West,Good,2020-05-10,0,0
33.0,108.27,639.7,7.8,12,88.31,Bronze,South,Good,2022-09-09,1,0
54.3,146.62,599.3,6.0,16,45.0,Silver,North,Good,2021-12-27,1,0
30.5,115.06,740.6,6.7,14,19.71,Silver,North,Good,2023-07-01,1,0
48.8,30.25,675.3,4.4,17,20.39,Bronze,North,Average,2023-12-07,0,0
26.1,155.44,669.6,13.0,14,10.1,Gold,South,Poor,2023-02-05,0,0
56.8,70.97,734.6,7.7,14,10.14,Bronze,North,Average,2023-07-11,0,0
47.6,129.57,693.9,0.5,16,81.78,Platinum,North,Average,2022-01-26,1,0
27.3,135.29,667.7,24.8,14,19.53,Platinum,South,Good,2022-07-20,1,0
49.3,82.72,679.8,1.4,13,10.38,Gold,West,Good,2020-02-07,1,0
49.0,82.4,722.8,1.9,22,14.67,Bronze,East,Poor,2023-02-11,0,0
28.1,114.96,756.6,3.2,19,26.95,Bronze,West,Poor,2021-03-11,0,0
44.9,183.84,817.3,1.1,17,18.43,Platinum,West,Poor,2023-09-23,1,0
26.4,94.13,709.6,27.8,13,4.67,Silver,South,Average,2022-06-25,1,0
51.9,34.57,640.3,16.1,10,98.14,Silver,South,Good,2023-07-07,1,0
46.5,175.97,648.5,14.2,23,6.58,Silver,West,Poor,2022-05-16,1,0
42.9,160.09,743.3,5.5,10,19.11,Silver,West,Good,2020-12-23,1,0
19.4,31.55,760.9,5.1,15,135.02,Silver,North,Good,2023-12-28,1,0
69.4,66.13,776.2,1.9,13,26.92,Gold,South,Good,2021-11-06,0,0
41.0,87.49,674.8,1.9,14,119.15,Bronze,South,Good,2022-03-04,1,0
50.5,201.41,755.4,4.6,8,8.96,Silver,West,Poor,2021-03-02,1,0
38.7,157.97,624.6,2.5,13,14.53,Bronze,West,Average,2023-06-26,1,0
38.1,133.6,757.8,1.0,15,28.64,Silver,East,Good,2021-05-20,1,0
39.0,,668.6,2.9,13,23.39,Silver,West,Good,2023-03-19,0,0
15.1,77.49,728.0,0.1,24,117.62,Gold,East,Good,2021-08-23,1,0
44.5,62.83,692.7,1.7,17,37.82,Bronze,West,Average,2020-03-20,0,0
43.8,89.33,654.7,1.0,13,8.59,Bronze,North,Good,2023-09-30,1,0
55.1,,685.9,0.2,13,8.88,Silver,North,Good,2021-08-31,0,0
38.8,132.39,752.0,5.3,17,19.42,Silver,West,Good,2021-10-20,0,0
37.4,54.63,679.6,8.3,11,85.2,Bronze,East,Average,2022-11-06,1,0
33.6,114.06,714.5,1.8,12,1.57,Bronze,East,Good,2020-09-04,0,0
47.9,70.45,684.4,3.2,12,56.15,Platinum,West,Good,2020-09-26,1,0
25.6,80.45,661.0,1.9,14,9.59,Bronze,East,Good,2022-02-13,0,0
44.3,81.29,727.7,18.5,15,40.68,Silver,North,Good,2021-06-17,1,0
40.0,156.26,722.0,4.6,20,3.05,Bronze,East,Poor,2021-06-06,0,0
46.2,131.83,720.5,2.6,13,5.63,Gold,West,Average,2023-05-22,1,0
64.5,117.77,757.4,2.9,10,16.26,Gold,West,Poor,2021-11-04,0,0
46.5,27.79,705.7,5.4,20,5.71,Platinum,South,Average,2022-01-07,1,0
28.0,74.65,655.2,1.8,18,15.29,Silver,North,Good,2021-02-21,0,0
34.9,60.21,692.3,11.0,12,15.54,Silver,North,Good,2021-03-31,1,0
39.9,33.96,723.8,8.0,9,18.86,Gold,North,Poor,2022-09-10,1,0
35.4,61.32,646.4,0.9,8,37.07,Gold,North,Average,2020-11-15,1,0
61.4,83.59,663.2,0.3,19,28.03,Gold,South,Poor,2022-10-04,1,0
26.5,156.88,658.8,0.5,13,31.83,Bronze,West,Average,2023-05-17,0,0
26.2,57.37,700.6,3.9,16,10.37,Platinum,West,Good,2021-12-14,1,0
39.6,90.85,704.8,3.0,18,50.03,Gold,West,Average,2023-11-26,1,0
50.0,217.22,723.0,0.4,16,15.48,Bronze,West,Average,2022-10-29,1,0
55.8,11.45,677.9,2.8,15,5.6,Silver,West,Good,2020-06-08,1,0
37.1,59.62,648.7,3.9,14,80.14,Bronze,North,Average,2020-07-24,0,0
45.3,58.96,707.0,1.6,19,93.48,Bronze,West,Average,2021-08-20,1,0
25.5,139.69,723.0,3.8,19,9.44,Bronze,North,Average,2022-03-20,1,0
34.2,70.75,691.1,4.5,14,12.6,Platinum,West,Good,2020-10-12,1,0
42.6,116.42,672.7,2.0,11,17.01,Gold,South,Poor,2023-01-11,1,0
41.9,138.86,646.4,1.4,14,12.14,Gold,South,Good,2020-06-06,1,0
53.9,37.45,746.8,2.5,14,13.14,Gold,South,Good,2022-06-18,1,0
20.5,184.7,659.6,19.4,24,68.95,Gold,South,Average,2022-04-18,1,0
47.8,73.82,635.5,4.2,21,119.75,Platinum,East,Poor,2020-05-17,1,0
29.5,112.28,662.5,1.3,18,50.7,Silver,East,Average,2022-11-19,1,0
54.4,100.06,657.8,8.3,15,23.44,Platinum,South,Good,2021-11-09,1,0
45.6,75.25,723.5,2.1,14,22.0,Silver,East,Average,2022-12-26,1,0
18.6,95.11,650.9,12.0,15,19.57,Silver,South,Good,2023-01-02,1,0
42.3,200.5,669.7,0.9,20,16.47,Bronze,South,Good,2024-01-18,1,0
45.0,31.78,803.8,19.1,9,17.36,Silver,East,Poor,2022-06-27,1,0
31.7,71.07,701.1,1.2,18,74.67,Silver,South,Average,2022-12-11,1,0
21.6,111.4,652.2,6.0,12,9.32,Silver,North,Poor,2024-01-25,0,0
40.0,149.16,652.9,0.1,16,42.09,Platinum,West,Average,2021-06-28,0,0
28.1,128.45,758.6,9.5,14,10.95,Bronze,South,Average,2020-02-04,0,0
34.4,117.59,757.1,12.0,13,55.33,Gold,South,Good,2022-01-26,1,0
23.7,108.41,645.6,24.3,15,7.72,Bronze,North,Poor,2021-10-06,0,0
37.4,136.68,677.5,5.2,10,11.3,Silver,North,Good,2020-12-14,1,0
33.4,117.35,709.1,6.9,6,44.62,Silver,West,Poor,2020-07-30,0,0
45.2,46.27,722.3,0.2,18,27.81,Platinum,South,Average,2020-09-05,1,0
47.5,74.78,695.9,0.4,17,28.27,Platinum,North,Good,2023-04-14,1,0
43.3,131.74,663.8,3.6,12,218.03,Gold,West,Average,2022-01-06,0,0
35.1,180.74,658.2,2.1,13,12.42,Bronze,West,Good,2023-02-05,1,0
31.6,168.14,687.9,9.9,13,32.26,Bronze,South,Average,2023-04-01,1,0
31.4,38.99,706.1,4.9,16,22.04,Silver,West,Average,2023-10-12,0,0
55.4,103.66,691.4,3.7,10,7.55,Silver,South,Average,2021-10-22,1,0
43.2,198.03,654.2,6.7,7,20.22,Bronze,East,Average,2023-09-05,1,0
30.0,121.39,712.9,0.7,16,3.55,Platinum,West,Average,2020-11-25,1,0
47.5,62.32,688.6,11.1,10,4.22,Silver,South,Poor,2021-03-13,1,0
57.6,81.12,696.2,5.2,18,17.59,Silver,North,Good,2023-06-06,0,0
31.5,68.28,,3.5,13,3.99,Silver,West,Good,2020-10-08,1,0
31.6,179.53,695.1,8.2,17,64.02,Silver,East,Good,2020-06-06,1,0
32.1,162.59,729.5,9.4,22,5.16,Silver,East,Good,2023-08-05,1,0
52.9,55.65,699.8,3.5,9,11.79,Silver,East,Good,2021-03-15,1,0
34.3,339.38,680.7,2.7,18,8.55,Platinum,East,Average,2021-10-10,1,0
42.7,174.89,706.3,2.2,13,29.15,Gold,North,Average,2021-11-30,1,0
35.8,47.05,716.6,6.7,19,5.4,Gold,West,Good,2022-04-18,1,0
60.8,38.94,628.1,8.0,13,11.61,Bronze,North,Average,2023-03-14,1,0
24.7,85.33,690.3,2.9,14,46.02,Gold,South,Average,2023-02-12,1,0
37.8,270.71,652.6,0.3,14,17.09,Bronze,East,Average,2023-11-10,1,0
37.7,44.32,676.1,0.4,18,5.92,Gold,East,Good,2022-10-27,1,0
45.6,166.35,623.8,2.5,16,20.24,Gold,West,Good,2024-01-18,0,0
43.9,89.92,773.4,2.2,23,21.44,Bronze,North,Poor,2021-06-14,1,0
32.6,162.07,678.8,4.1,11,18.74,Bronze,West,Good,2022-12-17,1,0
38.3,44.07,612.0,4.7,16,38.38,Gold,North,Good,2022-10-23,1,0
40.3,113.75,645.7,1.8,13,57.81,Bronze,North,Good,2023-03-19,0,0
31.3,71.42,726.4,1.8,15,49.66,Bronze,East,Average,2022-10-25,1,0
31.8,72.17,679.0,0.5,12,124.31,Bronze,West,Good,2021-02-16,0,0
,138.69,676.6,9.0,9,66.02,Platinum,West,Good,2020-10-18,1,0
34.8,124.83,725.2,1.8,11,8.04,Platinum,North,Average,2024-01-11,1,0
42.4,60.75,634.2,16.7,19,36.87,Gold,South,Average,2022-03-17,1,0
39.4,48.81,715.0,0.0,12,6.79,Gold,South,Good,2020-06-17,0,0
34.2,77.96,666.0,32.4,18,19.79,Bronze,North,Average,2021-07-19,1,0
41.8,83.16,711.1,6.6,15,7.74,Silver,South,Good,2023-01-16,0,0
33.2,153.31,705.8,2.2,14,34.57,Bronze,North,Good,2023-03-08,0,0
41.9,135.51,702.0,8.0,15,14.1,Gold,West,Good,2023-04-30,1,0
14.9,160.36,659.0,7.7,19,21.58,Bronze,East,Good,2021-10-12,1,0
14.8,84.85,679.0,6.7,17,11.3,Gold,East,Good,2022-10-25,1,0
23.3,60.7,698.0,2.7,15,24.92,Bronze,South,Good,2021-07-15,0,0
47.0,115.51,745.7,2.2,18,12.05,Bronze,East,Average,2021-04-04,1,0
,128.34,705.9,1.9,20,8.83,Bronze,North,Good,2023-09-25,1,0
35.4,85.56,732.1,13.4,14,4.8,Silver,West,Good,2020-04-26,0,0
26.0,96.08,696.7,5.0,6,89.34,Silver,South,Good,2021-05-10,0,0
29.3,232.2,775.5,9.5,18,7.58,Silver,South,Good,2022-06-24,1,0
46.0,59.95,642.4,19.0,14,132.88,Silver,North,Good,2022-05-01,1,0
50.4,232.82,,4.8,13,138.17,Bronze,South,Average,2020-08-25,1,0
33.1,55.29,743.1,12.0,17,15.63,Silver,East,Poor,2021-12-16,0,0
14.9,119.16,697.8,4.2,16,10.69,Silver,East,Poor,2020-03-31,1,0
51.5,66.8,682.4,2.8,11,44.71,Bronze,North,Good,2022-11-23,1,0
43.5,196.31,690.6,9.1,19,17.77,Silver,East,Average,2021-12-17,1,0
33.4,93.81,762.7,9.8,9,38.06,Bronze,West,Average,2023-01-24,1,0
38.9,96.78,635.9,0.2,20,11.08,Gold,South,Good,2020-03-13,1,0
44.9,471.7,589.0,3.2,16,13.8,Platinum,North,Average,2024-01-17,1,0
40.5,175.68,583.8,0.5,13,25.22,Silver,East,Good,2020-02-28,0,0
41.0,52.48,710.5,7.9,8,43.06,Silver,West,Good,2021-05-11,1,0
52.8,71.42,733.7,0.0,22,14.29,Silver,East,Poor,2023-01-19,1,0
21.8,163.61,656.7,4.5,14,36.88,Silver,South,Good,2020-02-17,1,0
29.6,105.56,700.2,0.3,8,10.1,Bronze,West,Average,2023-12-09,1,0
35.8,115.81,650.9,13.1,18,13.15,Bronze,East,Average,2021-12-05,1,0
21.4,47.87,753.9,1.5,18,5.26,Silver,North,Good,2021-10-30,0,0
36.6,104.5,711.3,4.0,22,18.54,Platinum,South,Good,2021-06-13,1,0
49.5,54.03,752.1,0.7,13,10.93,Silver,East,Good,2022-05-23,0,0
14.6,,700.7,6.7,14,13.63,Silver,West,Average,2022-11-08,1,0
22.7,105.19,575.6,18.4,19,14.11,Bronze,South,Good,2022-05-01,1,0
40.1,231.77,733.8,9.7,15,44.02,Silver,South,Good,2023-03-27,1,0
38.5,83.59,673.5,2.0,16,45.62,Bronze,North,Good,2023-03-09,1,0
47.0,162.19,733.3,0.2,12,21.82,Silver,North,Good,2022-03-17,1,0
42.1,213.61,711.0,19.9,14,15.01,Bronze,North,Average,2023-04-01,1,0
45.4,68.46,719.3,0.6,20,71.19,Silver,North,Poor,2020-08-25,1,0
45.1,98.2,617.9,8.3,14,29.69,Silver,South,Good,2020-06-23,0,0
64.8,68.53,756.0,3.4,14,20.67,Gold,West,Poor,2022-04-18,1,0
29.3,74.45,769.2,5.5,15,50.91,Bronze,West,Good,2021-11-22,1,0
49.3,27.04,715.5,0.1,19,27.92,Bronze,East,Poor,2020-08-28,0,0
48.8,144.95,629.9,10.5,15,25.72,Silver,North,Good,2021-07-18,1,0
55.7,55.96,574.5,8.4,21,47.6,Bronze,South,Average,2022-12-08,0,0
43.1,196.8,681.1,0.8,8,89.99,Bronze,South,Good,2021-11-17,0,0
38.6,63.5,689.1,11.5,13,76.13,Gold,North,Good,2021-09-14,0,0
48.5,76.66,658.8,0.6,16,39.51,Gold,East,Good,2023-01-04,1,0
29.5,148.27,747.5,0.1,19,3.33,Bronze,South,Good,2022-11-18,1,0
16.1,65.46,745.2,5.3,17,105.41,Bronze,South,Good,2021-10-18,0,0
45.9,94.04,677.6,4.4,13,18.22,Silver,West,Good,2020-01-01,1,0
57.0,198.1,687.5,2.9,8,21.64,Gold,East,Poor,2023-07-09,1,0
16.8,43.74,698.3,9.9,21,27.21,Gold,South,Good,2020-11-12,1,0
57.9,128.64,711.3,7.9,17,3.92,Silver,South,Average,2021-10-07,1,0
53.6,123.57,691.3,9.0,18,141.35,Gold,West,Good,2021-07-16,1,0
31.1,503.63,739.7,0.0,7,17.78,Bronze,South,Poor,2021-08-19,1,0
43.6,214.45,701.2,1.1,13,12.01,Bronze,North,Average,2020-06-30,1,0
45.4,140.49,676.5,0.2,20,30.2,Bronze,North,Average,2020-09-24,0,0
45.2,355.2,712.2,3.7,16,30.81,Silver,East,Good,2021-03-25,1,0
37.0,148.26,728.5,0.2,15,16.34,Bronze,South,Average,2021-05-01,1,0
49.5,186.59,730.9,5.7,18,25.51,Platinum,South,Good,2021-10-01,1,0
47.0,113.6,761.1,0.1,14,22.54,Silver,West,Good,2021-02-06,1,0
48.9,35.18,611.8,1.4,11,11.9,Bronze,West,Good,2020-10-01,0,0
46.1,86.69,687.2,10.6,18,26.71,Platinum,South,Good,2022-08-29,0,0
31.9,56.91,698.0,0.2,9,9.03,Bronze,East,Average,2023-02-27,0,0
45.2,140.71,659.8,5.9,11,5.89,Gold,East,Average,2021-01-28,1,0
43.0,234.1,706.3,0.8,15,28.01,Gold,East,Good,2021-07-29,1,0
42.2,193.22,722.1,8.9,12,30.32,Bronze,East,Average,2023-01-01,1,0
57.3,48.25,666.7,12.6,19,31.74,Platinum,South,Good,2021-11-28,1,0
26.6,193.03,699.2,1.9,17,23.58,Gold,East,Poor,2024-01-25,1,0
39.2,149.54,702.2,1.3,20,30.7,Silver,South,Poor,2021-08-14,0,0
48.7,136.72,755.1,9.8,11,12.93,Bronze,South,Good,2020-10-22,1,0
33.9,21.84,656.8,26.3,15,25.68,Platinum,North,Average,2020-08-23,1,0
19.5,88.83,684.1,0.9,14,18.7,Bronze,North,Average,2022-09-26,1,0
43.8,67.0,662.2,5.3,13,19.17,Gold,North,Good,2022-02-28,1,0
44.1,273.15,703.4,0.8,17,20.25,Bronze,East,Average,2022-06-06,1,0
34.8,87.38,696.5,6.3,13,16.82,Gold,West,Good,2020-12-26,1,0
30.7,73.7,680.6,5.6,15,3.8,Silver,North,Good,2020-01-05,1,0
60.8,138.83,724.5,1.9,16,32.38,Silver,South,Good,2022-10-15,1,0
32.9,49.25,633.1,9.6,13,9.62,Platinum,West,Good,2022-03-02,1,0
42.4,40.77,724.9,8.5,13,17.0,Platinum,East,Good,2022-10-11,0,0
57.6,92.5,709.9,0.8,23,12.24,Silver,North,Average,2021-08-02,0,0
44.9,37.9,848.9,0.2,17,8.3,Gold,East,Average,2020-08-09,1,0
30.3,70.8,671.4,2.7,19,33.34,Bronze,North,Average,2020-11-04,1,0
34.9,278.51,728.2,7.1,12,37.4,Bronze,West,Average,2022-03-23,1,0
24.9,52.64,697.3,1.1,19,19.35,Platinum,North,Poor,2021-04-24,1,0
25.9,87.06,754.5,9.0,17,35.9,Bronze,North,Poor,2024-01-09,0,0
70.9,38.58,699.0,2.2,19,46.5,Platinum,South,Average,2021-06-04,1,0
44.4,166.29,718.9,7.1,20,12.83,Gold,East,Good,2022-05-07,1,0
34.1,66.24,766.0,6.7,13,40.15,Silver,South,Poor,2020-02-06,0,0
42.2,115.65,638.2,15.7,14,90.06,Gold,South,Good,2020-08-10,1,0
54.2,54.17,734.5,4.0,10,6.32,Bronze,East,Average,2023-08-30,0,0
,84.92,702.6,3.5,16,9.72,Platinum,South,Average,2021-12-11,1,0
41.7,264.7,718.7,2.2,8,64.67,Bronze,West,Good,2022-01-18,1,0
21.0,81.39,721.7,23.9,16,9.72,Bronze,North,Good,2020-05-13,1,0
45.1,212.96,825.0,0.0,8,8.59,Bronze,East,Good,2021-11-26,0,0
53.5,122.78,719.7,13.4,15,10.64,Silver,East,Average,2024-01-03,0,0
35.6,54.97,620.4,0.1,15,17.74,Silver,West,Good,2022-03-29,1,0
61.0,94.89,666.3,2.2,17,10.62,Silver,North,Good,2023-04-25,0,0
47.3,71.01,722.1,0.1,19,83.08,Silver,North,Poor,2022-04-23,0,0
51.9,,702.1,10.3,13,25.75,Silver,North,Average,2020-05-25,1,0
41.7,32.5,648.2,4.7,18,38.82,Bronze,East,Poor,2021-03-16,0,0
50.3,194.93,648.6,0.1,17,84.0,Bronze,South,Good,2022-03-27,0,0
14.8,174.69,751.2,7.1,15,22.55,Silver,North,Good,2020-03-12,1,0
30.0,39.3,688.4,4.0,9,9.88,Gold,North,Good,2022-10-16,1,0
29.3,118.85,699.5,2.9,15,4.88,Bronze,North,Poor,2021-12-22,1,0
50.9,24.03,653.8,2.0,20,16.77,Silver,North,Good,2020-07-02,0,0
16.4,109.29,635.5,1.3,8,49.26,Bronze,East,Good,2022-06-19,1,0
34.8,186.5,720.2,2.6,23,10.76,Silver,West,Good,2023-06-14,1,0
44.3,137.68,704.2,6.9,23,13.29,Gold,East,Good,2021-08-04,1,0
39.3,49.24,623.9,1.1,12,15.67,Silver,South,Good,2022-02-03,0,0
38.8,65.65,655.6,0.6,19,16.39,Silver,West,Good,2020-09-14,1,0
43.1,71.58,649.3,3.2,7,27.94,Silver,North,Good,2023-08-08,1,0
33.6,131.51,709.7,3.7,15,10.76,Silver,North,Good,2022-10-08,1,0
41.1,125.28,732.2,10.0,26,38.71,Bronze,East,Poor,2021-04-21,1,0
44.3,142.88,743.1,3.1,12,46.55,Gold,East,Average,2020-09-08,1,0
43.3,32.54,684.6,7.6,7,13.14,Platinum,East,Average,2020-04-10,1,0
54.1,106.29,764.5,0.2,14,18.0,Platinum,South,Good,2023-12-31,0,0
50.7,240.64,725.1,0.6,15,20.12,Bronze,South,Average,2023-11-20,1,0
41.0,116.96,740.6,5.5,15,23.38,Platinum,North,Good,2022-01-25,1,0
34.9,480.17,670.7,2.6,23,8.08,Silver,West,Average,2022-04-27,1,0
55.6,170.21,662.1,19.6,11,18.18,Bronze,South,Average,2020-07-26,1,0
34.4,71.44,669.2,4.8,14,20.87,Bronze,West,Good,2020-04-25,0,0
63.9,280.63,755.0,5.2,11,6.68,Bronze,East,Average,2020-09-25,1,0
40.4,45.92,641.5,0.2,24,29.06,Bronze,South,Good,2020-01-01,0,0
23.4,181.56,744.1,2.7,9,45.8,Bronze,North,Average,2021-02-08,1,0
39.3,190.66,689.0,2.8,17,11.37,Silver,East,Good,2021-04-19,1,0
38.4,43.94,703.1,2.8,16,38.71,Silver,North,Average,2022-11-02,1,0
57.7,231.22,763.9,8.4,14,24.24,Bronze,North,Good,2023-09-07,1,0
34.4,95.76,676.5,16.3,13,26.6,Silver,East,Good,2023-01-26,0,0
17.5,136.04,679.2,0.2,13,23.1,Gold,West,Average,2021-12-15,1,0
31.5,68.74,658.8,9.0,11,47.25,Bronze,West,Good,2020-04-20,1,0
45.9,74.95,690.2,3.9,16,17.0,Bronze,North,Good,2022-06-22,1,0
43.5,67.7,693.5,3.5,15,19.41,Bronze,West,Average,2020-01-19,1,0
,46.57,763.4,1.4,14,16.16,Gold,East,Good,2023-10-24,0,0
35.4,57.7,761.5,2.5,17,13.54,Bronze,North,Average,2020-01-28,1,0
27.8,246.45,683.2,0.3,23,75.71,Platinum,South,Good,2021-05-08,1,0
31.0,111.05,727.3,0.9,14,47.82,Bronze,West,Poor,2020-05-19,0,0
30.5,189.58,706.5,5.6,13,6.15,Silver,East,Poor,2020-08-27,1,0
,530.12,707.7,6.3,9,31.9,Bronze,North,Poor,2024-01-05,1,0
28.6,70.48,759.8,0.6,18,16.05,Bronze,East,Good,2022-09-16,1,0
38.6,74.75,674.3,15.0,13,55.43,Gold,North,Good,2020-08-20,0,0
33.0,16.29,703.5,0.8,17,4.69,Bronze,North,Poor,2020-07-28,0,0
31.9,61.9,776.5,20.2,17,31.64,Silver,East,Average,2020-08-09,1,0
60.4,119.63,,4.2,21,41.04,Bronze,West,Good,2021-04-14,0,0
39.7,,721.3,3.0,14,43.5,Bronze,West,Average,2023-08-02,0,0
8.8,118.8,788.3,5.1,9,100.28,Bronze,East,Good,2022-12-30,1,0
19.1,111.14,663.5,0.1,17,51.9,Silver,North,Poor,2022-02-01,1,0
32.1,52.56,791.3,0.4,18,13.27,Bronze,East,Average,2024-01-21,0,0
47.4,32.95,633.7,8.3,12,15.73,Bronze,East,Average,2023-02-13,1,0
22.7,173.57,627.4,2.0,17,10.01,Platinum,West,Poor,2024-01-15,1,0
34.8,151.5,,4.4,7,23.72,Gold,West,Average,2020-06-30,1,0
44.7,31.4,671.9,2.2,12,11.82,Silver,South,Good,2022-02-28,1,0
35.2,167.93,742.7,10.0,20,15.14,Platinum,West,Good,2020-05-07,1,0
36.0,53.02,823.9,1.8,19,13.91,Silver,South,Poor,2022-05-13,1,0
42.6,88.85,649.5,0.0,22,27.9,Bronze,East,Good,2020-10-06,0,0
24.8,137.45,760.8,3.5,20,12.97,Silver,North,Average,2021-05-21,1,0
31.0,81.76,688.5,4.0,16,15.62,Silver,South,Poor,2023-06-11,1,0
34.6,52.12,769.2,0.2,8,58.4,Platinum,West,Poor,2020-11-09,1,0
27.8,93.55,656.6,8.5,15,30.4,Bronze,North,Average,2023-12-01,1,0
38.7,135.11,681.8,3.2,15,14.9,Bronze,South,Average,2021-07-02,0,0
35.8,44.79,633.4,5.3,15,7.64,Bronze,South,Good,2023-05-12,0,0
49.0,40.39,708.9,3.5,18,44.84,Bronze,East,Good,2024-01-11,0,0
25.3,51.61,662.4,0.5,14,17.78,Bronze,West,Average,2020-07-29,0,0
49.0,56.01,665.8,3.5,18,28.45,Silver,North,Good,2023-04-08,1,0
36.1,55.58,642.8,0.4,18,45.36,Silver,South,Average,2023-09-16,0,0
34.4,71.56,614.4,10.0,20,13.91,Bronze,West,Good,2021-12-19,1,0
54.5,94.19,720.9,4.2,16,25.84,Gold,North,Good,2023-06-28,0,0
42.4,84.79,764.8,7.1,13,48.02,Bronze,West,Average,2020-09-10,1,0
31.2,89.58,805.4,13.4,12,8.04,Bronze,West,Good,2023-01-03,1,0
49.4,155.58,663.6,10.2,18,8.04,Bronze,West,Good,2021-10-06,1,0
50.8,90.96,807.6,1.3,8,16.98,Gold,South,Good,2022-05-08,0,0
12.3,256.31,708.4,5.7,19,26.87,Bronze,North,Good,2021-10-18,1,0
65.4,574.11,609.2,2.2,12,10.74,Gold,West,Poor,2022-04-27,1,0
34.4,76.37,672.0,14.1,10,6.96,Bronze,West,Good,2021-03-14,1,0
46.9,116.3,589.4,14.8,11,54.91,Bronze,East,Average,2022-01-15,0,0
56.1,64.02,701.5,3.3,17,23.3,Silver,South,Good,2020-06-20,1,0
39.0,44.23,627.7,7.1,10,27.84,Silver,North,Good,2022-03-04,1,0
21.8,46.59,702.2,8.5,11,20.82,Platinum,West,Good,2022-01-19,1,0
52.4,74.63,671.4,0.3,17,34.9,Platinum,North,Good,2021-09-04,1,0
47.7,155.26,725.1,7.0,13,42.75,Gold,North,Good,2023-05-24,1,0
25.3,42.18,792.8,5.0,16,22.34,Gold,West,Good,2022-08-26,1,0
44.7,62.62,662.7,8.6,17,76.23,Gold,East,Poor,2020-11-18,1,0
34.5,83.29,684.5,12.1,12,10.3,Silver,West,Average,2023-11-01,0,0
42.9,45.76,642.8,11.1,16,5.64,Silver,East,Average,2022-08-13,1,0
47.1,166.01,725.4,2.8,20,49.53,Bronze,East,Poor,2023-03-18,0,0
34.3,98.78,735.3,4.5,12,15.3,Gold,North,Good,2022-01-02,1,0
28.4,65.43,717.5,0.9,12,54.32,Gold,North,Average,2023-08-31,1,0
27.0,45.4,721.1,1.7,8,30.12,Gold,North,Average,2023-04-12,1,0
53.3,,595.6,1.0,12,34.54,Bronze,West,Good,2020-12-25,0,0
19.1,109.3,744.4,2.1,15,195.9,Bronze,West,Average,2022-08-23,1,0
46.3,,734.7,10.0,17,32.69,Silver,West,Good,2023-11-15,0,0
42.6,130.82,765.4,1.6,16,32.61,Silver,North,Good,2021-02-28,1,0
54.7,551.66,662.2,1.9,15,14.51,Platinum,East,Average,2023-06-13,1,0
37.2,52.92,763.9,5.5,16,13.44,Bronze,West,Poor,2021-11-19,0,0
17.4,67.18,675.0,10.9,14,22.62,Gold,South,Good,2022-01-12,1,0
30.8,46.71,747.7,3.4,11,11.34,Silver,South,Good,2021-03-24,0,0
36.7,52.25,698.0,1.0,10,9.36,Silver,North,Good,2020-06-15,0,0
38.8,106.72,692.7,0.0,22,53.23,Silver,West,Poor,2021-11-13,0,0
15.6,72.01,678.0,12.2,13,27.32,Platinum,West,Good,2022-05-07,1,0
56.6,50.39,669.4,4.5,26,86.14,Silver,East,Good,2020-10-19,1,0
29.4,153.71,675.4,5.0,13,79.9,Bronze,East,Poor,2020-01-02,0,0
47.1,95.1,688.9,6.8,21,54.01,Platinum,South,Good,2021-04-20,1,0
38.0,23.43,616.8,4.9,13,16.28,Bronze,East,Average,2021-09-18,0,0
48.5,155.72,735.1,0.8,13,13.78,Silver,South,Good,2022-12-30,1,0
44.6,206.01,647.6,14.1,15,56.1,Platinum,West,Poor,2020-07-20,1,0
41.2,70.64,752.5,4.7,15,29.8,Silver,North,Good,2020-03-22,1,0
25.7,115.16,698.4,2.0,16,13.78,Silver,East,Good,2021-06-25,0,0
53.1,63.68,675.7,10.8,17,21.19,Silver,East,Poor,2022-08-15,1,0
35.4,27.32,720.7,2.1,14,8.45,Bronze,West,Average,2023-07-12,0,0
43.3,145.58,715.8,8.5,11,80.36,Gold,East,Poor,2020-03-07,1,0
35.7,52.38,707.5,2.0,12,13.42,Gold,South,Average,2020-12-11,1,0
41.1,170.1,719.6,6.6,18,3.57,Gold,East,Good,2023-08-22,1,0
44.8,88.46,673.8,5.1,13,6.11,Bronze,West,Poor,2021-02-28,0,0
,178.13,823.2,7.5,15,40.67,Bronze,North,Good,2022-12-31,0,0
8.5,78.09,675.7,10.0,9,60.63,Platinum,North,Good,2021-03-06,1,0
50.3,108.81,744.4,4.5,15,2.81,Silver,North,Average,2020-03-03,1,0
33.8,200.09,773.3,3.3,18,9.88,Silver,West,Average,2022-05-20,1,0
35.8,62.89,744.0,1.8,11,21.83,Bronze,South,Poor,2021-02-02,1,0
41.2,45.2,694.0,1.8,14,9.66,Silver,North,Poor,2020-01-17,0,0
43.0,62.35,732.4,8.9,28,10.34,Gold,South,Good,2023-08-13,0,0
38.2,125.88,668.7,0.7,15,71.11,Gold,South,Good,2024-01-18,1,0
41.9,48.94,771.8,0.7,17,20.28,Gold,East,Average,2021-09-16,0,0
66.6,121.28,676.6,1.3,25,24.91,Bronze,South,Good,2024-02-02,1,0
23.3,179.87,751.2,1.0,13,20.05,Bronze,South,Good,2023-01-25,1,0
49.5,79.79,750.3,13.4,18,33.82,Bronze,South,Good,2021-08-27,1,0
44.9,124.95,674.9,5.9,16,22.18,Bronze,West,Good,2021-12-16,0,0
42.0,91.35,714.3,6.9,10,20.42,Bronze,East,Average,2022-06-05,1,0
36.1,123.33,779.5,4.0,11,6.59,Bronze,North,Poor,2021-02-20,1,0
49.6,94.13,654.8,0.3,15,6.56,Silver,North,Good,2020-10-05,0,0
50.8,33.89,585.2,0.6,26,39.68,Silver,North,Average,2022-06-22,1,0
19.2,101.2,722.9,1.2,19,19.14,Bronze,North,Poor,2022-02-28,1,0
32.8,85.49,724.0,0.5,13,33.03,Bronze,East,Good,2022-07-02,0,0
21.5,71.86,720.2,4.9,24,22.31,Platinum,North,Good,2021-11-19,1,0
28.9,84.55,729.7,0.8,15,5.61,Silver,East,Good,2023-07-28,1,0
39.9,61.96,745.2,11.0,17,10.24,Gold,West,Poor,2023-07-18,1,0
45.8,61.84,743.2,0.2,11,4.54,Silver,West,Good,2020-12-11,1,0
33.7,44.72,706.7,1.4,12,40.42,Platinum,East,Good,2020-11-23,1,0
45.1,62.44,689.4,2.2,19,17.58,Bronze,South,Good,2022-08-29,1,0
40.8,65.94,612.4,0.2,14,63.36,Gold,South,Average,2021-01-31,0,0
19.8,59.39,665.5,5.0,11,16.89,Bronze,North,Poor,2021-05-11,0,0
28.1,56.48,764.9,1.1,14,13.53,Platinum,South,Good,2020-08-21,1,0
38.5,78.58,685.5,0.2,16,22.51,Bronze,North,Average,2021-06-13,1,0
36.4,60.78,713.2,1.3,24,27.41,Bronze,East,Good,2023-06-06,0,0
55.6,93.43,720.8,1.8,23,10.36,Silver,East,Good,2023-04-15,1,0
25.1,175.89,658.8,28.4,13,38.22,Gold,North,Average,2021-11-13,1,0
21.9,104.69,685.3,0.7,18,2.63,Bronze,East,Good,2022-05-25,0,0
40.6,164.57,598.1,2.6,22,40.87,Bronze,West,Average,2023-10-24,0,0
37.4,167.13,719.6,1.1,18,46.49,Bronze,West,Poor,2020-05-30,0,0
23.1,88.95,757.9,9.0,13,18.13,Silver,South,Good,2020-04-13,0,0
27.1,66.48,835.6,4.3,20,21.64,Gold,South,Good,2022-02-18,1,0
27.4,34.38,718.5,6.4,18,17.49,Gold,East,Good,2022-12-08,1,0
44.3,79.75,749.6,1.9,11,26.39,Silver,North,Good,2020-01-02,0,0
56.6,69.25,698.7,0.9,13,17.19,Silver,East,Average,2023-12-03,0,0
32.1,,608.4,1.8,17,82.02,Bronze,East,Poor,2022-12-22,0,0
34.2,161.78,772.1,7.1,13,20.75,Silver,West,Good,2023-05-06,1,0
52.5,101.75,673.5,4.2,12,10.42,Gold,West,Good,2020-04-15,1,0
33.4,60.63,664.8,0.5,16,8.65,Gold,North,Good,2021-12-14,1,0
35.6,159.9,696.5,0.2,16,5.99,Silver,East,Poor,2021-03-04,0,0
33.2,95.27,551.9,6.0,14,13.93,Silver,East,Poor,2023-11-16,1,0
50.8,47.67,712.1,13.4,13,19.82,Bronze,North,Good,2023-03-19,1,0
41.2,82.75,702.5,2.0,18,17.57,Bronze,North,Good,2023-08-17,1,0
37.7,137.79,636.9,7.7,11,239.57,Silver,North,Good,2020-11-22,1,0
33.8,83.13,715.5,6.4,10,83.04,Bronze,South,Poor,2021-05-24,0,0
41.5,83.2,741.8,0.9,20,31.54,Silver,East,Average,2022-12-25,1,0
48.7,48.92,661.8,11.0,10,13.11,Silver,South,Good,2021-09-01,0,0
48.7,49.08,729.8,0.9,15,30.09,Gold,South,Good,2023-01-18,1,0
38.3,119.09,730.6,2.5,13,21.74,Platinum,West,Good,2023-01-18,0,0
36.8,175.7,643.5,0.3,18,13.08,Platinum,South,Average,2023-04-02,1,0
,23.65,673.2,1.2,10,8.23,Platinum,West,Good,2022-08-20,1,0
32.1,40.96,706.9,1.1,18,17.58,Silver,East,Good,2021-09-20,0,0
51.4,73.72,665.5,2.1,18,27.01,Gold,West,Good,2022-02-02,1,0
31.7,128.12,704.5,8.6,21,11.31,Bronze,North,Average,2023-07-21,1,0
51.1,,731.9,1.6,16,25.81,Bronze,South,Good,2023-01-11,1,0
38.2,199.76,634.9,6.8,12,61.5,Bronze,East,Good,2021-01-07,1,0
51.9,40.31,753.2,4.5,16,46.05,Gold,North,Good,2023-03-14,1,0
43.1,162.07,705.2,1.3,15,5.26,Gold,South,Average,2020-06-28,0,0
,119.1,693.5,5.5,20,37.01,Bronze,South,Good,2023-12-22,1,0
36.1,141.74,749.2,1.7,13,34.63,Silver,South,Poor,2023-08-17,1,0
27.7,64.32,638.9,3.4,12,12.27,Silver,North,Average,2021-11-26,1,0
38.4,46.6,717.6,1.5,12,21.34,Gold,North,Good,2020-07-17,1,0
20.3,87.61,682.8,0.4,18,13.37,Gold,West,Good,2021-11-16,0,0
54.8,35.13,622.2,2.0,15,23.76,Silver,West,Average,2021-02-09,1,0
8.6,60.35,683.9,3.8,17,10.72,Silver,East,Good,2021-04-17,1,0
31.9,56.64,707.7,5.8,13,5.94,Gold,North,Average,2023-08-25,0,0
49.4,,726.8,11.9,22,69.69,Gold,West,Good,2020-05-19,1,0
28.6,138.79,658.7,13.0,14,48.48,Silver,West,Average,2022-09-03,1,0
46.5,75.32,721.7,1.9,8,8.45,Gold,West,Good,2023-07-24,0,0
61.2,208.07,725.4,10.5,20,32.7,Platinum,East,Good,2020-02-26,1,0
46.2,144.46,677.4,4.9,8,24.29,Platinum,West,Average,2021-06-04,1,0
43.9,93.8,675.0,4.4,11,9.27,Silver,West,Average,2022-07-05,1,0
38.7,27.2,676.3,1.0,15,51.86,Bronze,North,Good,2024-01-27,0,0
36.8,59.28,769.9,13.0,15,16.55,Bronze,South,Poor,2020-04-22,1,0
32.4,,723.9,0.3,13,202.89,Bronze,North,Average,2022-07-03,1,0
19.5,42.99,716.9,12.5,11,8.03,Bronze,South,Good,2023-10-28,0,0
17.8,38.91,652.3,16.7,17,7.08,Bronze,South,Good,2020-08-06,1,0
61.4,42.0,665.0,1.0,7,3.9,Bronze,South,Poor,2022-11-11,1,0
28.6,61.48,745.6,0.8,12,12.53,Gold,West,Poor,2023-06-25,1,0
42.5,119.69,654.4,9.5,9,19.14,Silver,South,Poor,2021-06-11,0,0
56.1,112.58,718.1,7.2,11,14.52,Platinum,East,Good,2020-11-01,1,0
,160.81,759.1,0.2,16,28.12,Silver,East,Average,2022-10-16,0,0
25.8,78.76,711.1,10.6,13,19.76,Silver,North,Poor,2023-03-31,1,0
34.5,,728.0,9.4,17,25.57,Silver,North,Good,2022-05-26,0,0
16.0,165.47,673.8,1.7,18,26.09,Silver,South,Good,2023-03-01,0,0
40.6,47.75,705.9,6.9,15,49.49,Bronze,North,Good,2020-05-24,1,0
59.3,87.21,708.4,2.4,19,34.69,Gold,North,Good,2022-02-08,1,0
43.5,171.96,650.1,1.4,15,19.27,Gold,South,Average,2021-07-15,0,0
46.5,56.19,773.3,0.4,18,15.66,Bronze,East,Average,2023-07-01,0,0
36.8,37.47,656.9,8.2,14,20.91,Silver,West,Poor,2021-01-08,0,0
47.7,75.51,716.8,6.6,17,9.5,Silver,East,Poor,2023-10-12,1,0
41.8,154.94,672.2,4.4,14,52.32,Gold,South,Good,2023-05-13,1,0
32.0,54.05,671.6,9.8,15,21.3,Bronze,North,Good,2020-07-06,1,0
58.7,74.53,678.0,1.9,12,6.24,Bronze,West,Average,2023-09-06,0,0
31.0,246.43,688.1,24.4,16,10.52,Gold,East,Average,2020-05-10,1,0
40.1,17.21,,0.5,14,220.44,Silver,West,Average,2020-09-28,0,0
35.1,54.94,737.6,0.5,22,38.33,Bronze,South,Average,2020-12-13,1,0
47.3,78.44,,2.0,13,13.97,Bronze,North,Poor,2023-07-25,0,0
31.4,223.94,623.7,0.8,18,6.13,Bronze,East,Good,2020-02-18,0,0
42.8,65.29,779.1,8.4,12,54.39,Gold,North,Poor,2023-12-31,1,0
29.0,56.46,614.5,4.0,12,22.35,Bronze,East,Average,2023-04-01,0,0
53.8,139.23,720.4,5.4,21,199.44,Gold,South,Average,2021-01-13,0,0
39.9,31.18,720.3,2.4,17,67.69,Bronze,North,Poor,2020-12-24,1,0
48.0,63.14,737.4,11.8,13,25.63,Gold,South,Poor,2020-06-03,1,0
31.7,65.77,752.9,9.1,16,3.72,Platinum,South,Good,2021-07-19,1,0
39.0,94.43,645.1,3.0,20,28.6,Silver,West,Good,2023-01-02,0,0
39.2,34.95,640.3,6.0,14,64.33,Gold,West,Good,2021-06-03,0,0
41.8,76.42,662.0,6.2,16,116.52,Bronze,North,Average,2021-10-28,1,0
37.3,225.91,,4.1,20,12.24,Silver,North,Poor,2023-08-14,1,0
36.3,47.37,648.2,0.7,12,12.21,Silver,South,Good,2022-12-07,0,0
29.6,89.83,674.0,6.1,15,32.38,Silver,East,Good,2020-06-20,0,0
63.2,22.74,740.7,8.8,21,9.82,Silver,West,Average,2023-09-20,0,0
42.5,73.42,646.5,0.8,10,25.53,Bronze,North,Good,2021-12-16,1,0
21.4,36.73,657.3,3.3,16,15.25,Gold,East,Good,2020-10-10,1,0
56.9,68.41,664.6,2.5,20,18.14,Gold,East,Poor,2023-04-27,0,0
52.0,201.1,726.9,0.8,14,11.06,Gold,East,Poor,2021-05-17,1,0
33.3,31.6,651.9,2.2,16,11.28,Bronze,West,Good,2021-07-14,0,0
15.0,46.66,774.6,5.2,10,33.02,Bronze,West,Average,2020-01-05,0,0
42.5,,700.9,5.4,18,64.76,Platinum,South,Poor,2023-11-10,1,0
17.9,32.97,608.0,3.4,13,18.67,Silver,West,Average,2020-11-07,0,0
17.6,111.06,712.4,6.2,13,22.22,Gold,South,Good,2022-06-18,1,0
49.6,205.24,639.5,1.9,13,30.47,Gold,South,Good,2021-12-09,1,0
51.3,58.93,663.7,2.0,14,10.63,Silver,East,Average,2023-05-30,1,0
41.0,45.91,673.3,7.5,17,7.47,Silver,East,Good,2021-06-30,1,0
42.6,119.29,775.6,2.5,18,55.74,Gold,East,Average,2020-06-18,1,0
26.9,254.46,664.9,0.9,13,94.38,Bronze,South,Poor,2021-06-16,1,0
36.3,95.35,728.6,0.2,9,7.54,Silver,North,Good,2022-08-22,1,0
57.5,89.56,714.7,7.0,14,18.41,Gold,South,Poor,2021-06-16,1,0
32.2,65.18,662.2,0.8,18,14.86,Silver,South,Poor,2023-08-07,0,0
20.3,112.69,680.0,3.3,11,56.09,Bronze,North,Good,2024-01-22,1,0
39.8,224.38,702.4,9.6,10,19.49,Silver,West,Poor,2023-10-12,1,0
27.7,45.92,791.3,0.3,17,89.15,Silver,West,Good,2022-06-24,1,0
63.2,98.12,692.3,6.3,20,11.78,Gold,North,Average,2020-01-06,1,0
39.1,104.44,702.7,6.2,14,16.83,Bronze,East,Good,2021-02-17,1,0
49.5,69.03,612.3,7.3,10,12.31,Bronze,South,Good,2021-08-19,0,0
17.4,159.8,701.3,4.9,14,38.94,Bronze,West,Good,2020-12-15,1,0
46.4,88.59,659.3,14.4,18,46.06,Silver,South,Good,2021-01-01,1,0
26.2,40.96,641.6,2.4,9,23.94,Platinum,South,Good,2021-11-10,0,0
65.2,174.91,667.0,0.6,15,9.3,Gold,North,Good,2020-09-12,0,0
45.6,21.27,692.1,0.6,12,1.95,Platinum,West,Good,2022-11-19,0,0
37.2,53.59,629.1,0.4,15,18.12,Bronze,East,Good,2020-02-26,0,0
42.0,86.32,674.2,7.0,13,4.75,Silver,South,Good,2023-09-07,1,0
45.6,108.63,749.6,2.7,19,11.31,Bronze,North,Poor,2021-07-08,0,0
43.1,67.61,780.8,1.5,14,19.38,Bronze,West,Poor,2023-05-27,0,0
25.6,148.98,703.9,6.1,23,16.86,Silver,East,Good,2021-06-05,1,0
25.8,91.69,796.3,0.0,22,16.42,Silver,North,Good,2021-09-06,1,0
58.9,202.02,683.6,1.8,13,12.48,Bronze,South,Good,2022-12-24,1,0
44.5,61.69,722.6,6.0,12,69.35,Bronze,North,Good,2022-05-06,0,0
23.5,69.98,628.1,8.3,13,11.26,Silver,East,Good,2022-08-23,1,0
47.1,81.27,730.6,0.0,18,12.91,Bronze,North,Good,2021-07-21,0,0
47.8,90.64,689.2,2.7,15,23.28,Bronze,East,Good,2020-01-14,0,0
77.2,119.88,644.0,5.4,15,66.1,Gold,West,Good,2020-01-14,1,0
17.5,86.32,703.1,5.8,15,37.51,Silver,West,Good,2020-09-03,0,0
40.7,61.01,736.1,6.7,16,2.8,Silver,North,Good,2021-09-21,1,0
36.2,74.29,647.3,1.7,8,17.94,Silver,East,Poor,2020-06-03,1,0
28.2,174.22,750.9,0.3,13,57.47,Platinum,South,Average,2020-04-05,1,0
63.0,88.96,749.5,1.4,14,54.2,Gold,East,Poor,2023-07-20,1,0
34.0,17.28,660.1,15.6,13,14.71,Platinum,West,Poor,2021-06-05,1,0
50.9,213.49,720.2,1.4,16,5.14,Bronze,East,Good,2022-05-31,1,0
21.8,22.6,674.5,9.1,14,29.78,Platinum,North,Poor,2022-04-28,1,0
55.2,133.03,656.0,5.7,15,31.28,Silver,East,Poor,2020-03-17,1,0
36.6,29.64,689.5,11.4,10,55.9,Bronze,East,Good,2023-06-01,1,0
50.4,100.5,723.2,5.3,15,6.76,Gold,North,Good,2023-09-20,0,0
52.4,89.26,692.9,4.8,18,22.29,Gold,East,Average,2022-10-28,1,0
20.7,139.19,692.3,3.6,19,5.42,Silver,South,Good,2021-07-12,1,0
52.2,106.72,631.4,4.3,15,107.24,Gold,East,Good,2020-02-01,1,0
64.5,297.7,663.2,0.9,23,21.11,Gold,East,Good,2020-03-30,1,0
30.2,105.46,659.1,8.0,16,50.26,Bronze,East,Average,2024-01-12,1,0
41.3,125.17,760.0,0.4,17,20.16,Silver,West,Good,2020-10-22,0,0
75.1,73.64,666.7,6.2,18,5.15,Silver,South,Poor,2020-11-13,0,0
13.5,118.69,806.6,1.6,16,14.46,Bronze,West,Good,2022-12-23,1,0
51.3,91.97,745.9,5.5,21,14.85,Gold,West,Good,2021-07-09,1,0
51.0,90.42,690.2,5.5,11,6.96,Bronze,West,Average,2022-08-12,1,0
20.2,58.25,749.7,0.9,11,22.78,Bronze,East,Good,2020-06-23,0,0
42.6,57.8,739.1,3.4,11,7.47,Bronze,East,Average,2022-03-26,0,0
25.1,61.44,620.1,0.1,15,66.88,Bronze,North,Good,2022-10-14,0,0
57.2,18.6,779.0,4.5,8,13.47,Bronze,East,Good,2021-03-10,1,0
25.8,227.62,707.4,4.9,7,43.97,Gold,West,Good,2023-03-12,1,0
46.8,25.2,678.6,2.9,16,12.29,Bronze,West,Good,2020-11-26,1,0
49.7,43.23,743.2,0.5,19,23.85,Bronze,West,Good,2022-08-10,0,0
36.7,131.46,724.2,1.7,16,15.54,Silver,East,Good,2023-04-25,1,0
44.9,164.84,656.9,14.0,19,29.05,Silver,South,Average,2020-12-22,1,0
59.9,317.78,734.7,15.5,18,57.54,Silver,East,Good,2022-05-11,1,0
61.4,60.82,634.1,7.1,22,25.74,Platinum,South,Good,2022-11-26,1,0
41.6,67.25,593.9,6.1,17,15.13,Gold,South,Good,2023-06-08,1,0
29.6,172.75,656.7,1.3,19,33.2,Bronze,West,Good,2021-02-04,1,0
40.7,237.93,664.5,0.1,22,51.02,Silver,South,Average,2021-04-28,1,0
39.5,,716.1,12.5,16,19.21,Silver,West,Good,2022-12-14,1,0
24.9,117.37,772.9,8.6,12,14.69,Bronze,West,Good,2020-06-12,1,0
35.7,159.0,590.7,11.1,21,16.25,Gold,North,Good,2020-03-29,0,0
59.2,136.2,716.9,12.1,20,4.54,Bronze,West,Good,2020-10-11,1,0
40.4,33.27,739.6,5.2,14,9.56,Bronze,East,Average,2023-03-29,1,0
43.1,50.59,,0.6,17,29.58,Bronze,East,Good,2020-01-09,1,0
29.4,64.04,777.4,1.9,19,52.55,Bronze,North,Good,2021-09-07,0,0
31.4,101.16,711.8,5.1,13,10.17,Gold,North,Average,2020-04-22,0,0
39.1,63.26,715.7,31.9,21,40.06,Bronze,North,Average,2021-12-08,1,0
63.9,62.37,689.9,10.3,13,8.89,Gold,North,Good,2023-10-01,1,0
38.8,40.31,762.7,0.3,12,68.5,Bronze,South,Good,2020-04-09,0,0
19.3,154.98,677.6,2.6,12,33.15,Gold,South,Poor,2023-10-29,1,0
63.5,150.15,720.1,34.9,8,13.33,Silver,South,Average,2020-09-30,1,0
32.2,,727.2,8.3,12,27.72,Bronze,North,Average,2020-08-24,0,0
36.1,286.16,686.6,4.0,21,14.37,Bronze,East,Good,2023-08-26,1,0
30.7,195.96,667.2,6.5,17,20.92,Silver,East,Good,2022-05-22,1,0
35.4,84.04,671.7,10.1,15,7.01,Bronze,East,Poor,2020-07-31,1,0
40.4,97.9,794.1,1.7,7,31.58,Bronze,West,Poor,2021-09-27,0,0
34.3,86.5,730.8,0.5,18,12.46,Gold,South,Good,2021-08-05,1,0
56.0,62.01,735.3,1.0,15,11.05,Silver,West,Average,2022-10-24,0,0
14.5,119.71,766.3,7.8,17,37.38,Bronze,South,Good,2021-10-21,1,0
39.1,121.16,750.0,1.3,20,26.46,Silver,East,Average,2020-12-10,1,0
51.3,92.58,772.0,7.6,19,2.09,Bronze,South,Good,2020-10-27,0,0
38.2,68.67,620.6,0.9,14,23.04,Silver,West,Poor,2020-02-23,1,0
56.5,87.64,707.0,2.9,16,25.15,Gold,West,Average,2023-10-06,1,0
48.3,83.46,743.3,1.7,19,45.33,Silver,East,Poor,2021-10-15,1,0
35.9,180.35,707.8,13.7,13,72.3,Platinum,East,Average,2021-04-11,1,0
43.8,71.04,698.1,2.8,19,10.03,Silver,South,Average,2023-07-02,1,0
39.6,90.11,676.2,1.5,11,13.96,Platinum,East,Average,2023-05-22,1,0
44.7,117.94,681.8,16.8,11,20.56,Silver,West,Good,2021-09-03,1,0
18.9,54.38,780.4,2.6,12,32.73,Bronze,West,Good,2020-08-03,1,0
35.1,84.23,744.6,3.8,14,44.11,Gold,East,Average,2021-09-13,1,0
47.7,44.43,753.5,4.8,19,48.98,Silver,West,Good,2021-10-31,1,0
22.3,50.9,772.0,0.1,21,12.62,Platinum,West,Good,2022-08-19,1,0
41.9,62.89,651.2,19.2,17,49.19,Gold,West,Good,2023-11-28,1,0
25.8,30.86,650.6,1.8,16,47.95,Platinum,South,Good,2020-01-30,1,0
38.6,101.52,796.6,4.7,15,22.4,Silver,South,Average,2021-01-26,1,0
31.4,37.73,675.6,1.7,12,51.59,Platinum,South,Good,2023-09-27,1,0
21.7,262.96,778.6,15.0,20,10.32,Silver,North,Average,2020-05-02,1,0
41.0,134.04,720.2,7.2,15,6.65,Silver,East,Good,2020-10-18,1,0
46.6,,700.7,1.2,15,65.71,Silver,West,Average,2020-07-27,1,0
74.6,194.78,676.5,4.0,17,40.71,Platinum,East,Good,2021-05-05,1,0
50.3,48.03,714.0,0.6,13,46.88,Bronze,North,Average,2020-12-30,1,0
42.2,127.5,706.1,0.3,12,33.77,Bronze,North,Average,2020-05-28,0,0
,111.36,727.9,0.5,16,22.56,Bronze,North,Average,2024-01-23,1,0
32.2,15.29,717.3,0.8,13,5.1,Gold,East,Good,2021-06-10,1,0
35.8,49.5,715.3,3.8,14,28.84,Gold,East,Good,2023-05-03,0,0
5.3,100.3,679.7,3.5,12,107.65,Platinum,North,Good,2022-09-05,1,0
54.5,87.47,714.9,7.9,12,11.74,Silver,East,Poor,2024-01-14,0,0
54.9,109.29,694.6,9.8,15,22.63,Platinum,South,Average,2024-01-10,1,0
68.6,97.66,751.1,4.1,17,43.44,Bronze,West,Average,2022-05-06,0,0
56.3,89.74,723.1,8.5,10,3.92,Gold,West,Average,2020-07-06,0,0
9.4,77.81,701.6,0.4,12,34.09,Platinum,East,Average,2023-03-16,1,0
29.4,101.55,660.9,14.4,12,5.33,Silver,East,Good,2020-05-10,1,0
47.9,33.8,709.5,1.8,16,30.35,Bronze,South,Good,2020-01-24,0,0
50.8,130.81,671.9,3.3,12,51.14,Silver,East,Good,2020-01-13,1,0
28.5,85.45,647.0,7.3,13,7.26,Gold,North,Poor,2020-08-23,1,0
54.6,82.72,801.9,5.6,20,58.25,Bronze,West,Good,2020-02-20,1,0
41.5,112.27,621.3,13.1,17,24.42,Gold,West,Average,2020-04-03,1,0
36.8,94.21,658.9,10.7,13,10.33,Gold,South,Good,2023-09-26,1,0
27.9,133.97,828.5,7.8,26,13.75,Bronze,North,Good,2020-10-17,1,0
44.0,92.3,745.9,0.9,13,8.05,Gold,South,Good,2020-01-27,0,0
55.2,58.42,765.1,6.8,19,13.01,Silver,East,Good,2022-01-18,0,0
38.0,101.74,669.4,4.0,10,23.05,Bronze,East,Good,2021-03-30,0,0
52.6,99.17,686.4,6.9,15,14.6,Silver,South,Average,2023-11-21,0,0
38.1,153.81,670.4,6.9,12,13.44,Gold,South,Good,2020-09-14,1,0
50.2,129.03,741.1,6.8,13,18.8,Silver,West,Poor,2022-11-30,1,0
55.0,47.3,772.2,5.4,16,96.88,Gold,North,Average,2022-07-26,0,0
17.4,209.85,695.4,5.3,25,8.67,Bronze,East,Poor,2020-08-20,1,0
53.4,40.04,649.2,10.9,16,21.83,Gold,South,Good,2023-10-21,1,0
21.2,52.02,716.8,9.1,19,20.57,Gold,East,Poor,2021-10-20,1,0
30.2,71.14,786.8,13.4,12,4.19,Silver,North,Poor,2021-08-29,1,0
55.7,72.63,719.4,1.8,15,30.06,Bronze,East,Average,2020-10-24,0,0
44.0,82.47,689.1,2.9,9,31.66,Platinum,East,Average,2022-02-16,1,0
23.9,101.12,715.9,1.1,24,63.6,Silver,West,Poor,2022-01-15,0,0
36.2,166.52,638.2,21.2,22,25.58,Silver,South,Good,2022-03-24,1,0
54.7,88.66,633.4,24.6,22,20.68,Bronze,East,Poor,2020-06-29,0,0
37.8,106.31,605.6,7.3,14,49.7,Bronze,West,Poor,2021-06-19,0,0
30.6,200.72,691.0,0.3,12,8.69,Silver,West,Good,2021-07-24,1,0
39.4,88.41,747.7,5.3,16,8.25,Bronze,West,Good,2024-02-04,1,0
39.7,90.07,675.6,0.7,19,5.43,Silver,North,Good,2024-02-02,1,0
52.7,84.58,808.3,2.8,20,24.0,Bronze,South,Poor,2020-06-16,1,0
42.5,79.89,,4.5,17,62.32,Gold,South,Average,2023-07-22,0,0
41.9,99.51,644.8,0.6,24,26.22,Silver,West,Poor,2020-10-19,1,0
33.4,89.24,695.9,1.9,19,11.21,Bronze,North,Average,2021-12-19,1,0
40.9,55.3,769.0,2.2,12,59.08,Bronze,North,Poor,2020-03-06,1,0
31.0,147.07,758.4,1.7,15,7.44,Silver,South,Good,2022-08-26,1,0
40.9,100.4,765.9,4.7,20,14.47,Gold,East,Good,2023-02-23,1,0
53.8,49.37,726.9,6.9,23,12.19,Gold,South,Good,2020-03-09,1,0
28.0,59.12,631.2,5.8,15,21.98,Bronze,North,Good,2020-08-09,0,0
55.5,108.14,685.6,0.7,13,11.47,Bronze,East,Good,2023-05-19,0,0
23.6,28.16,680.1,4.9,19,33.24,Bronze,East,Average,2020-11-06,1,0
,179.15,727.7,4.9,13,18.48,Gold,North,Poor,2022-08-29,1,0
27.3,70.69,669.7,6.1,12,72.33,Bronze,North,Good,2020-03-22,1,0
34.8,29.35,744.6,4.1,10,12.15,Bronze,South,Good,2022-02-08,0,0
15.0,44.75,664.8,3.4,16,24.27,Gold,West,Good,2022-12-25,0,0
40.6,54.83,635.4,0.3,18,4.01,Silver,East,Average,2020-12-13,1,0
38.1,198.47,743.8,11.1,21,24.19,Gold,North,Poor,2023-06-18,1,0
46.9,344.11,659.7,2.1,14,3.23,Platinum,South,Good,2023-01-08,1,0
54.5,56.93,717.5,2.4,16,48.13,Platinum,North,Good,2023-08-16,1,0
43.3,72.02,697.9,0.7,13,12.84,Platinum,East,Good,2020-01-19,1,0
29.7,157.42,669.0,3.9,17,5.81,Bronze,South,Good,2020-02-12,1,0
35.6,249.37,680.1,0.5,19,33.79,Bronze,North,Poor,2022-08-05,1,0
34.2,60.91,705.9,2.7,16,34.59,Gold,East,Good,2022-02-22,0,0
5.1,60.55,681.8,1.1,13,5.42,Gold,East,Good,2021-08-15,1,0
28.0,35.65,651.2,6.8,13,24.89,Platinum,West,Average,2020-06-07,1,0
26.6,91.64,674.8,7.7,19,25.8,Gold,East,Good,2023-11-13,1,0
58.6,63.37,755.4,6.4,20,53.71,Silver,East,Good,2022-10-26,0,0
37.9,98.76,700.0,0.6,15,27.7,Bronze,South,Good,2020-01-29,0,0
55.6,128.88,719.8,3.0,16,11.12,Bronze,North,Poor,2023-06-23,0,0
40.6,48.4,695.5,0.9,21,50.52,Bronze,South,Good,2023-10-26,0,0
29.1,100.77,602.6,9.1,12,20.16,Bronze,West,Average,2022-04-19,0,0
26.8,60.0,640.5,3.2,14,25.11,Gold,West,Good,2020-10-04,1,0
48.4,284.98,725.9,3.1,9,9.69,Silver,East,Poor,2020-04-01,1,0
23.3,69.14,728.0,7.6,16,48.16,Bronze,East,Good,2021-04-19,1,0
41.3,118.0,684.3,2.4,15,32.38,Gold,North,Average,2023-04-07,1,0
60.7,48.24,719.2,5.1,11,69.94,Silver,South,Good,2024-01-22,1,0
41.1,63.05,759.4,0.0,8,20.48,Silver,North,Good,2023-01-13,0,0
29.1,137.27,736.7,6.9,16,23.7,Silver,South,Good,2022-04-04,0,0
34.1,113.28,850.5,20.5,15,71.4,Bronze,West,Average,2020-06-11,1,0
32.4,76.86,672.1,1.3,14,20.31,Silver,South,Good,2020-01-25,1,0
43.3,116.6,651.7,7.0,9,21.09,Bronze,South,Good,2023-10-07,0,0
55.1,107.46,740.5,5.6,11,13.41,Bronze,North,Average,2022-04-25,1,0
50.0,66.49,836.9,7.4,12,10.95,Bronze,West,Average,2022-06-02,1,0
33.3,64.09,621.9,4.5,13,81.56,Gold,West,Average,2022-06-21,0,0
34.9,69.42,728.8,4.5,9,19.84,Bronze,East,Good,2020-07-08,1,0
40.5,72.45,663.0,1.7,18,56.54,Silver,North,Good,2021-06-22,1,0
28.6,38.82,682.2,5.3,13,65.89,Silver,East,Good,2022-11-04,1,0
31.1,121.97,750.3,0.7,17,9.92,Bronze,West,Good,2020-01-28,1,0
58.0,103.32,698.8,2.9,10,54.98,Bronze,East,Average,2022-02-10,1,0
32.3,43.83,655.2,19.3,12,10.41,Gold,North,Poor,2020-06-29,1,0
17.5,176.69,736.4,9.6,12,15.35,Gold,East,Good,2022-07-27,1,0
38.3,193.45,780.0,19.1,21,85.54,Bronze,North,Average,2022-01-03,1,0
55.5,128.45,601.1,3.9,28,14.93,Silver,South,Good,2021-05-06,0,0
54.6,46.3,623.5,4.9,13,9.4,Gold,West,Good,2023-02-27,1,0
52.2,240.58,637.1,2.5,17,150.8,Silver,West,Average,2020-12-25,1,0
38.6,80.54,693.9,0.7,16,28.35,Bronze,South,Average,2020-02-11,0,0
30.3,48.51,760.2,1.5,12,11.35,Silver,West,Good,2023-12-23,1,0
35.8,142.87,702.0,20.4,17,35.33,Gold,South,Good,2023-12-21,1,0
41.9,51.17,653.1,1.6,18,19.53,Silver,North,Poor,2022-10-27,1,0
48.7,72.09,726.8,2.3,18,6.05,Bronze,East,Average,2020-12-18,0,0
33.8,78.49,674.3,6.1,12,51.88,Bronze,North,Good,2021-07-04,1,0
33.4,45.3,734.3,0.8,11,26.51,Silver,West,Good,2023-08-22,0,0
34.8,13.73,619.3,8.5,20,33.52,Gold,West,Average,2021-09-06,0,0
46.2,167.09,794.5,3.1,18,42.18,Silver,West,Good,2023-07-20,1,0
36.9,162.87,773.8,12.6,15,7.05,Silver,North,Good,2021-06-24,1,0
66.3,54.19,686.3,8.8,9,38.33,Silver,East,Poor,2021-11-30,0,0
44.3,105.15,658.9,2.8,7,10.7,Gold,South,Good,2022-10-13,0,0
34.9,80.88,637.2,2.6,14,14.89,Silver,South,Poor,2021-01-03,0,0
51.2,87.57,765.8,1.7,20,13.29,Bronze,East,Average,2022-04-28,1,0
40.5,111.71,750.3,0.1,15,17.48,Bronze,South,Good,2023-04-11,1,0
49.4,50.97,650.1,2.3,21,30.45,Gold,East,Average,2023-12-21,0,0
38.3,59.55,674.4,2.3,11,28.0,Gold,West,Poor,2021-09-01,1,0
54.9,45.25,632.8,0.9,11,13.89,Platinum,West,Good,2020-10-21,1,0
26.6,163.08,688.3,15.3,15,19.18,Gold,North,Good,2020-02-26,1,0
31.9,64.92,785.9,0.0,14,34.64,Bronze,West,Average,2023-08-19,1,0
63.8,91.25,593.8,5.9,12,31.11,Silver,West,Poor,2022-12-17,0,0
45.4,91.72,649.2,5.5,12,48.2,Bronze,East,Average,2022-12-25,0,0
51.9,313.04,718.3,5.9,15,8.84,Gold,East,Poor,2021-04-10,1,0
31.8,109.02,807.5,0.1,9,11.98,Bronze,East,Poor,2020-03-27,0,0
46.3,228.05,639.3,1.5,15,10.42,Gold,East,Average,2022-05-17,1,0
60.0,51.83,,7.7,9,11.12,Silver,East,Average,2021-02-20,0,0
35.6,,671.6,2.7,14,12.98,Bronze,East,Good,2021-01-21,0,0
47.5,73.43,717.1,0.6,14,7.33,Silver,East,Good,2022-07-13,0,0
53.3,73.85,678.8,4.5,23,33.62,Gold,South,Average,2020-08-20,0,0
43.4,26.65,670.2,4.0,22,19.63,Bronze,South,Average,2020-08-03,0,0
51.9,152.83,754.0,3.2,7,35.12,Silver,East,Good,2022-01-25,0,0
30.7,113.25,758.3,2.9,14,16.13,Bronze,East,Average,2022-05-17,0,0
32.2,429.85,616.1,1.4,14,38.21,Gold,South,Good,2020-12-14,1,0
54.5,142.08,734.4,3.8,17,31.03,Bronze,South,Good,2021-02-05,1,0
23.4,67.91,742.1,14.2,20,15.28,Bronze,West,Good,2020-09-18,1,0
33.2,46.24,,3.1,17,12.21,Bronze,North,Good,2022-07-03,0,0
36.7,197.06,606.4,3.6,20,76.11,Bronze,West,Average,2020-08-02,0,0
51.5,69.57,753.5,8.3,12,41.46,Gold,West,Good,2021-05-31,1,0
41.2,47.21,683.5,4.9,13,12.51,Gold,East,Average,2020-09-12,0,0
30.9,132.71,684.9,10.9,17,10.68,Bronze,East,Average,2021-01-27,1,0
18.0,105.02,722.7,2.3,14,10.61,Silver,West,Good,2023-01-12,1,0
48.8,76.17,598.8,7.5,8,29.3,Bronze,North,Good,2022-01-14,0,0
40.6,157.54,715.6,1.4,13,21.48,Bronze,East,Good,2021-07-01,1,0
37.6,755.96,721.1,1.9,13,25.11,Silver,East,Good,2023-10-14,1,0
31.4,117.02,633.6,2.1,18,17.42,Silver,South,Good,2023-01-20,1,0
29.8,160.28,,22.2,7,19.54,Silver,South,Average,2021-11-13,1,0
34.6,181.58,722.1,12.0,8,13.85,Platinum,East,Poor,2023-02-07,1,0
49.9,429.13,690.5,1.7,21,17.54,Gold,North,Good,2020-08-07,1,0
33.9,139.44,730.4,2.9,12,12.62,Silver,East,Good,2021-12-13,1,0
50.5,,797.4,4.5,13,5.96,Silver,West,Average,2022-01-27,1,0
26.5,69.63,597.1,37.9,26,13.85,Gold,North,Good,2023-03-30,1,0
57.1,28.52,653.8,6.0,12,20.42,Bronze,East,Good,2023-02-08,0,0
50.9,97.1,697.9,3.5,14,13.3,Gold,East,Good,2023-06-24,0,0
32.8,83.9,695.4,6.0,16,24.36,Silver,South,Poor,2021-01-17,1,0
28.9,383.74,721.8,10.8,21,69.35,Silver,East,Average,2021-10-24,1,0
44.1,82.83,609.1,5.1,15,10.97,Bronze,North,Good,2023-03-30,0,0
47.7,273.99,817.4,25.6,15,16.82,Platinum,East,Poor,2021-08-30,1,0
27.6,111.88,686.5,0.4,17,4.68,Silver,East,Good,2020-07-27,0,0
29.9,119.07,756.2,4.7,21,19.94,Bronze,West,Average,2021-11-29,1,0
60.4,64.04,689.4,1.1,17,6.87,Gold,West,Good,2021-06-22,0,0
57.1,58.01,682.2,2.6,7,21.11,Bronze,West,Poor,2022-03-01,0,0
39.7,82.73,728.0,21.4,12,17.2,Gold,North,Average,2021-01-03,1,0
47.0,195.96,717.4,3.4,12,17.59,Bronze,South,Good,2021-03-12,1,0
36.2,71.23,784.6,1.9,15,5.16,Silver,South,Average,2023-11-07,1,0
23.0,148.62,637.1,0.5,12,6.68,Gold,North,Good,2021-05-11,1,0
51.8,78.94,763.6,8.2,14,65.15,Bronze,South,Average,2023-11-22,0,0
25.7,44.62,,8.0,12,13.17,Silver,North,Average,2021-01-10,1,0
62.7,138.02,635.2,3.4,18,4.6,Silver,North,Good,2023-03-15,0,0
15.0,70.43,756.6,5.8,14,34.98,Gold,South,Average,2023-12-14,1,0
37.7,188.76,630.3,4.2,13,23.96,Platinum,North,Average,2020-07-06,1,0
39.6,210.17,678.5,1.0,14,62.58,Gold,West,Good,2020-11-13,1,0
23.2,99.32,694.8,5.7,12,4.67,Gold,South,Average,2021-06-17,1,0
31.7,141.43,735.6,12.1,12,16.04,Platinum,South,Good,2020-03-24,1,0
43.3,130.78,713.3,4.0,16,13.35,Platinum,North,Good,2020-01-20,1,0
50.1,160.36,654.3,4.9,17,13.32,Bronze,South,Average,2022-04-29,1,0
33.0,61.11,648.8,2.9,9,40.86,Bronze,North,Good,2021-09-09,1,0
34.6,75.82,647.7,9.0,15,15.72,Bronze,East,Poor,2021-01-19,1,0
38.5,255.95,767.7,0.9,15,17.35,Gold,North,Poor,2023-01-17,1,0
37.0,86.46,662.2,2.9,30,21.94,Bronze,East,Good,2023-10-13,1,0
36.0,215.99,750.4,7.1,19,30.64,Bronze,South,Poor,2022-10-05,0,0
38.4,164.13,683.7,9.7,15,91.36,Bronze,West,Average,2021-12-27,1,0
34.4,64.25,680.7,1.5,15,14.88,Bronze,South,Average,2022-06-22,0,0
22.0,31.26,690.9,3.5,18,51.01,Silver,North,Good,2022-10-10,1,0
44.5,101.1,760.1,0.2,14,20.58,Silver,South,Poor,2022-04-19,0,0
22.7,394.51,719.8,4.0,24,24.32,Bronze,West,Average,2022-01-09,1,0
26.3,63.13,714.2,0.5,12,22.19,Silver,South,Average,2020-02-29,0,0
39.0,191.31,651.1,0.0,17,14.36,Bronze,North,Good,2021-02-09,0,0
50.8,188.01,686.6,1.6,22,29.24,Platinum,North,Poor,2023-12-29,1,0
9.0,257.39,691.3,5.4,21,29.62,Bronze,East,Good,2022-11-09,1,0
35.9,137.32,679.2,8.9,12,23.91,Silver,South,Average,2020-04-26,1,0
46.6,27.64,657.1,7.2,15,2.97,Bronze,East,Average,2020-03-29,0,0
41.8,85.03,710.2,3.0,12,5.44,Gold,North,Poor,2020-12-09,1,0
28.7,157.05,671.6,0.2,16,39.64,Silver,West,Good,2020-05-03,1,0
46.4,41.87,598.7,15.5,13,52.04,Platinum,East,Good,2022-11-08,0,0
29.4,40.74,549.8,0.9,19,3.15,Gold,North,Good,2023-02-10,0,0
33.8,161.18,747.8,2.9,13,68.65,Bronze,West,Good,2023-01-06,1,0
31.3,79.1,706.9,5.0,11,22.57,Gold,East,Good,2021-10-19,1,0
36.3,98.72,804.0,0.9,14,16.03,Gold,East,Good,2022-01-21,1,0
54.6,139.16,629.5,8.0,17,9.26,Bronze,North,Average,2023-09-05,0,0
53.7,85.85,737.4,1.2,17,30.57,Silver,West,Poor,2022-07-20,0,0
23.7,25.09,589.5,7.6,15,143.86,Bronze,West,Good,2021-10-31,1,0
55.6,170.32,594.9,7.3,16,9.94,Bronze,South,Average,2020-03-28,1,0
42.0,134.35,772.2,3.5,19,10.59,Bronze,South,Good,2021-06-03,1,0
53.8,94.76,745.5,4.6,13,17.5,Gold,East,Average,2023-03-21,1,0
52.0,72.76,739.3,7.9,20,19.0,Bronze,North,Average,2021-06-25,1,0
54.7,70.61,724.1,4.1,19,6.05,Bronze,West,Poor,2023-10-13,0,0
55.6,101.74,692.4,2.6,11,36.36,Bronze,East,Good,2020-06-18,1,0
29.0,27.84,655.4,0.5,12,18.91,Bronze,North,Good,2023-07-22,1,0
47.5,122.41,744.7,0.1,15,20.91,Platinum,East,Average,2020-07-24,1,0
22.2,97.02,593.7,6.7,14,97.89,Bronze,East,Average,2023-07-10,1,0
47.1,111.91,555.2,8.2,13,9.02,Gold,East,Good,2022-11-15,1,0
51.9,33.89,697.9,6.5,16,13.97,Silver,South,Good,2021-06-25,1,0
61.3,58.99,692.1,3.4,20,4.37,Gold,West,Average,2020-10-14,1,0
49.7,52.92,745.3,19.2,12,29.44,Platinum,West,Poor,2021-05-01,1,0
45.2,91.1,800.0,7.8,19,4.32,Bronze,North,Poor,2021-07-24,0,0
57.3,110.86,637.7,11.1,16,7.68,Gold,South,Good,2023-04-05,1,0
59.6,194.75,744.3,10.5,8,47.8,Gold,West,Good,2023-05-07,1,0
22.6,40.84,748.1,2.5,17,32.26,Silver,East,Average,2022-09-11,1,0
33.4,97.05,671.0,10.9,15,10.66,Bronze,North,Poor,2023-11-01,0,0
35.5,,675.3,4.5,8,48.01,Bronze,South,Good,2022-10-14,0,0
15.4,109.61,679.4,1.4,15,14.77,Bronze,West,Average,2023-10-26,1,0
62.2,65.39,743.2,2.5,19,12.82,Bronze,North,Good,2022-02-18,0,0
27.2,97.6,720.5,3.1,13,14.65,Bronze,North,Average,2022-04-13,0,0
48.7,165.8,666.2,4.7,19,8.53,Gold,North,Good,2020-10-22,1,0
49.5,83.29,732.4,5.2,14,9.13,Silver,North,Poor,2023-05-08,0,0
56.1,90.75,728.5,3.0,22,11.4,Bronze,West,Poor,2022-05-26,0,0
54.9,151.34,691.3,5.5,19,20.07,Gold,North,Average,2022-12-05,1,0
33.1,52.63,698.8,0.3,21,23.19,Silver,South,Poor,2021-01-28,1,0
40.7,66.47,654.8,8.8,18,25.36,Bronze,North,Poor,2022-01-31,0,0
41.4,165.73,688.7,12.9,19,7.67,Gold,South,Good,2023-06-26,1,0
28.4,33.58,784.9,2.1,14,16.47,Gold,West,Average,2022-06-12,1,0
39.0,60.15,710.8,2.0,16,26.0,Platinum,East,Good,2020-12-30,1,0
34.7,64.75,757.6,4.9,12,89.31,Silver,East,Average,2021-07-23,1,0
34.8,99.5,755.9,4.6,11,32.45,Gold,South,Good,2020-01-24,1,0
22.6,212.75,699.8,0.6,15,26.32,Bronze,North,Good,2021-02-26,1,0
48.1,259.44,675.9,10.3,13,26.7,Silver,West,Good,2020-06-12,1,0
39.7,190.59,696.9,13.0,12,35.35,Platinum,South,Good,2021-03-07,1,0
66.0,71.04,640.1,0.9,12,33.21,Bronze,South,Average,2021-05-28,1,0
21.2,108.0,696.2,0.8,16,25.99,Silver,West,Good,2021-07-09,1,0
35.5,,754.7,3.4,14,17.61,Bronze,East,Good,2023-01-03,1,0
27.2,140.69,718.6,9.2,7,14.93,Silver,North,Average,2020-11-21,0,0
47.7,93.12,702.4,7.0,12,15.18,Gold,West,Good,2022-10-26,0,0
25.9,60.36,607.9,3.0,14,5.78,Silver,West,Average,2022-03-02,0,0
23.7,123.33,648.7,2.0,21,36.45,Gold,North,Good,2020-04-12,1,0
55.7,34.31,630.2,2.8,12,12.93,Silver,South,Poor,2020-03-31,0,0
47.1,88.87,654.9,9.7,11,171.96,Gold,West,Good,2023-12-08,1,0
47.5,80.78,642.6,5.1,9,9.53,Bronze,South,Poor,2023-10-09,1,0
33.9,69.28,708.7,15.0,10,9.96,Silver,South,Poor,2021-06-24,1,0
29.5,98.38,660.9,1.9,11,32.78,Silver,North,Good,2021-03-09,0,0
46.3,119.84,695.8,3.2,19,72.59,Bronze,East,Poor,2021-04-20,1,0
37.4,49.7,735.2,3.5,16,14.84,Gold,West,Average,2023-01-09,1,0
53.3,158.24,671.5,2.7,21,5.77,Silver,North,Good,2023-10-27,0,0
38.6,21.38,660.8,11.6,18,13.78,Silver,East,Poor,2020-11-18,0,0
33.2,118.42,702.1,4.7,9,30.33,Gold,East,Good,2021-01-07,1,0
20.5,41.36,738.1,4.4,20,17.5,Gold,West,Poor,2020-03-19,1,0
32.6,125.43,642.5,1.9,15,96.06,Silver,East,Average,2023-08-09,1,0
35.4,45.92,672.1,0.6,12,29.97,Platinum,North,Good,2021-12-10,1,0
37.5,142.52,681.4,16.8,19,6.35,Gold,North,Average,2022-07-23,1,0
42.6,51.45,736.0,7.0,9,39.92,Silver,North,Poor,2022-05-02,1,0
41.1,145.05,652.8,8.6,19,23.04,Silver,South,Poor,2021-09-09,1,0
50.4,91.32,768.5,9.3,16,5.23,Silver,South,Poor,2021-12-23,1,0
44.9,110.21,671.1,0.4,12,5.46,Bronze,East,Poor,2023-02-20,0,0
37.4,338.69,767.1,0.8,22,65.86,Gold,South,Good,2023-06-30,1,0
52.1,130.4,536.6,13.9,18,47.36,Bronze,North,Poor,2022-11-29,1,0
41.8,32.33,658.8,7.2,17,19.04,Bronze,East,Average,2020-07-31,0,0
39.0,195.55,638.0,2.4,11,36.43,Bronze,South,Good,2021-09-08,1,0
20.3,130.36,664.7,0.2,14,13.54,Silver,West,Good,2020-01-21,1,0
52.3,31.65,742.5,1.4,21,26.29,Platinum,South,Good,2023-10-06,1,0
23.1,260.23,590.8,0.4,17,64.11,Bronze,West,Good,2021-10-28,0,0
39.7,224.2,706.4,4.3,10,16.0,Bronze,East,Average,2023-08-17,0,0
46.9,35.89,704.0,3.3,22,73.01,Silver,West,Good,2021-07-25,1,0
61.8,236.42,,1.3,14,52.94,Gold,South,Good,2021-03-05,1,0
33.4,91.58,735.9,6.7,10,26.38,Gold,West,Good,2021-09-11,0,0
39.5,105.41,846.0,1.3,13,23.25,Bronze,North,Good,2022-02-14,1,0
49.3,96.29,689.9,6.5,12,13.04,Bronze,East,Poor,2020-05-24,1,0
29.3,49.95,703.3,0.1,18,11.32,Bronze,West,Average,2020-07-22,0,0
48.9,192.91,718.7,0.8,16,32.47,Bronze,South,Poor,2021-12-06,1,0
14.9,59.61,703.1,1.2,10,20.94,Silver,South,Good,2023-10-04,1,0
53.6,113.21,641.7,1.8,20,18.43,Bronze,North,Good,2021-05-22,1,0
20.0,208.25,651.9,0.2,20,16.6,Bronze,North,Good,2021-07-08,1,0
59.9,102.14,628.1,0.3,19,5.11,Bronze,South,Good,2021-05-17,1,0
42.1,102.33,670.2,8.3,15,17.62,Silver,North,Good,2021-05-24,1,0
33.9,102.27,648.1,5.4,10,79.55,Bronze,South,Good,2024-01-17,1,0
30.1,148.51,801.5,9.6,20,6.94,Platinum,East,Average,2022-12-30,1,0
25.7,55.83,702.4,7.2,21,26.7,Gold,West,Poor,2020-12-19,1,0
40.9,215.67,653.1,8.5,11,41.03,Bronze,East,Average,2022-02-15,0,0
48.4,152.33,617.0,1.5,17,11.51,Silver,East,Good,2022-04-18,1,0
40.8,87.4,780.0,0.5,13,8.47,Silver,West,Good,2022-12-02,1,0
69.6,125.64,697.1,1.9,14,16.42,Bronze,East,Good,2022-06-19,0,0
44.2,65.92,667.3,3.0,15,24.2,Silver,North,Good,2023-10-11,1,0
39.0,125.03,610.1,0.8,13,9.3,Silver,West,Good,2022-11-11,1,0
25.3,72.85,724.3,6.8,14,30.76,Bronze,South,Good,2022-05-01,1,0
50.8,44.66,704.7,3.5,19,6.83,Platinum,East,Good,2023-02-15,1,0
37.9,147.89,701.6,7.7,15,20.23,Silver,South,Poor,2022-06-05,1,0
32.4,68.27,690.1,8.0,14,60.86,Silver,South,Good,2021-03-15,0,0
8.7,54.57,592.1,4.5,13,11.01,Bronze,West,Average,2020-06-09,0,0
32.7,154.02,685.7,1.1,15,35.08,Silver,West,Poor,2020-08-22,1,0
40.6,36.5,695.6,2.3,12,15.16,Gold,South,Poor,2020-04-20,1,0
30.1,103.09,,0.4,15,5.57,Gold,North,Good,2020-03-24,1,0
,51.97,660.4,3.2,14,16.15,Gold,South,Average,2021-03-04,1,0
30.1,47.06,729.2,2.5,10,35.13,Gold,South,Good,2021-07-25,1,0
43.5,156.89,778.3,1.7,16,5.99,Bronze,North,Good,2023-01-13,0,0
54.5,100.52,691.9,17.6,18,10.43,Bronze,West,Good,2021-11-22,1,0
45.4,67.41,655.4,1.3,15,21.8,Platinum,East,Poor,2021-07-29,1,0
39.2,43.53,661.7,5.0,12,9.76,Gold,West,Average,2024-02-04,0,0
46.1,,779.4,4.6,13,34.94,Silver,East,Poor,2022-06-13,1,0
47.9,41.51,659.2,8.6,15,25.24,Silver,North,Poor,2021-01-24,0,0
63.6,67.06,706.9,5.3,19,28.14,Bronze,West,Good,2023-09-03,1,0
34.9,223.99,771.6,7.2,11,16.3,Gold,South,Average,2020-09-16,1,0
35.6,88.92,700.2,1.6,15,6.97,Gold,West,Average,2020-11-24,1,0
44.1,88.92,736.3,2.9,21,29.43,Gold,North,Average,2022-06-30,1,0
44.9,270.56,777.7,13.6,14,12.85,Bronze,West,Average,2021-02-05,1,0
43.6,184.53,683.9,4.4,16,38.4,Platinum,East,Average,2021-04-06,1,0
36.2,73.07,744.8,5.6,10,32.76,Gold,North,Good,2020-12-17,1,0
45.9,,716.1,5.2,18,11.97,Bronze,West,Good,2023-01-20,1,0
34.4,70.07,772.3,1.3,16,28.67,Bronze,North,Good,2021-08-05,0,0
34.0,80.11,700.1,1.0,8,85.27,Platinum,East,Good,2021-10-02,1,0
26.3,43.6,654.3,1.5,17,26.18,Gold,East,Average,2021-09-13,1,0
27.9,130.78,762.5,1.4,9,25.94,Silver,West,Average,2020-01-30,1,0
48.2,124.03,745.2,2.7,19,16.31,Bronze,East,Good,2021-06-18,0,0
51.7,62.22,653.6,6.1,13,12.82,Bronze,West,Good,2023-05-28,0,0
27.7,40.48,,0.6,17,7.18,Gold,East,Poor,2021-03-21,1,0
27.5,32.83,650.5,1.4,15,46.44,Bronze,North,Good,2021-09-09,1,0
34.0,66.39,617.5,3.2,15,18.2,Platinum,East,Good,2022-02-13,1,0
42.7,49.41,683.2,11.2,15,23.28,Silver,East,Good,2020-02-01,1,0
39.0,82.19,684.2,8.4,7,13.37,Silver,West,Good,2021-12-28,1,0
34.4,43.01,672.8,10.7,18,19.54,Bronze,North,Good,2023-11-01,0,0
33.9,164.5,678.7,5.4,26,70.66,Gold,East,Poor,2023-10-18,1,0
45.9,86.24,682.7,0.3,21,6.79,Platinum,East,Good,2022-08-12,1,0
18.1,66.33,693.6,12.2,11,14.31,Bronze,East,Good,2020-08-23,1,0
31.6,83.91,650.6,6.3,7,8.63,Bronze,East,Good,2020-05-19,1,0
52.8,56.86,649.0,3.0,13,122.87,Silver,West,Good,2022-07-02,1,0
,127.04,663.7,0.8,14,9.37,Silver,North,Good,2021-10-04,1,0
35.6,70.4,732.0,0.1,20,20.87,Bronze,East,Good,2021-11-26,0,0
36.0,109.05,660.8,7.8,20,20.2,Bronze,North,Good,2020-06-22,1,0
40.3,,688.6,18.5,12,12.89,Silver,North,Average,2020-05-22,1,0
46.7,123.21,730.9,2.5,9,12.57,Bronze,North,Good,2020-11-28,0,0
58.5,70.45,673.3,0.2,19,31.4,Bronze,North,Average,2023-08-26,0,0
54.5,50.63,739.8,1.4,10,18.35,Gold,West,Good,2022-05-19,0,0
33.9,157.49,642.7,5.0,19,24.59,Bronze,South,Poor,2020-06-10,1,0
37.1,33.43,850.9,3.6,13,18.33,Bronze,North,Good,2023-11-10,0,0
40.1,61.9,671.9,7.6,12,20.62,Silver,West,Good,2020-07-09,0,0
54.1,251.72,696.0,3.7,19,54.79,Gold,South,Poor,2022-11-28,1,0
52.0,50.71,726.0,6.5,15,26.61,Gold,North,Good,2020-05-04,0,0
40.5,200.95,770.7,7.8,14,6.99,Platinum,South,Poor,2020-01-23,1,0
46.8,131.09,562.1,1.5,15,33.51,Bronze,South,Good,2022-04-05,0,0
48.4,34.1,767.2,1.6,17,41.93,Bronze,East,Average,2023-04-12,1,0
49.5,89.14,606.8,0.4,11,2.86,Silver,South,Good,2023-06-05,0,0
38.4,87.13,726.6,0.3,17,36.16,Bronze,East,Average,2023-10-20,0,0
23.8,121.55,688.4,8.9,16,21.68,Gold,West,Poor,2023-07-28,0,0
33.6,80.6,758.7,14.4,21,24.78,Gold,East,Poor,2023-12-02,1,0
31.4,62.01,625.9,6.4,23,20.86,Bronze,North,Good,2023-02-09,1,0
28.3,18.05,801.9,4.4,16,5.55,Silver,East,Poor,2021-01-02,0,0
41.3,75.52,686.2,5.3,15,5.7,Gold,West,Average,2020-08-13,1,0
50.0,116.8,711.5,0.0,16,39.71,Bronze,West,Poor,2020-06-02,0,0
29.8,60.93,702.6,0.7,18,28.68,Bronze,West,Good,2023-04-26,0,0
33.2,225.75,717.0,1.1,16,12.99,Silver,West,Good,2023-09-26,1,0
50.5,22.2,668.9,15.8,11,5.01,Bronze,West,Good,2020-09-21,1,0
50.9,114.41,691.7,1.5,19,72.93,Gold,North,Average,2020-10-10,0,0
37.9,78.33,620.2,8.5,16,12.83,Bronze,East,Good,2021-07-23,1,0
59.0,97.94,673.0,3.6,11,23.98,Bronze,North,Average,2022-05-18,0,0
55.4,165.51,729.3,10.3,12,5.25,Gold,East,Good,2023-04-26,0,0
48.3,28.11,723.0,0.7,18,21.33,Gold,West,Good,2022-05-17,0,0
55.9,103.03,759.2,0.8,11,29.37,Bronze,South,Average,2023-05-09,1,0
38.2,126.11,778.5,1.4,12,24.14,Bronze,North,Average,2020-09-23,0,0
44.5,85.48,665.7,3.8,16,25.43,Gold,North,Average,2021-01-15,1,0
38.3,63.38,698.8,22.5,18,21.18,Silver,West,Average,2021-11-10,1,0
40.8,201.67,690.5,4.9,14,13.45,Bronze,North,Good,2021-01-16,1,0
60.9,163.89,712.7,1.3,17,38.55,Silver,South,Good,2021-06-25,1,0
33.9,88.09,730.1,0.6,16,9.33,Silver,East,Poor,2022-01-11,0,0
54.0,113.01,720.1,9.1,17,24.79,Bronze,South,Average,2023-07-16,0,0
33.9,118.94,675.6,2.0,21,12.91,Bronze,West,Average,2020-10-25,0,0
27.5,60.05,746.2,9.2,17,10.74,Bronze,South,Poor,2021-06-11,1,0
55.0,116.81,711.6,5.1,12,66.1,Bronze,West,Average,2021-10-28,0,0
33.7,168.44,723.1,1.8,17,16.72,Bronze,East,Good,2022-06-10,1,0
29.1,137.29,636.0,5.1,17,11.22,Gold,North,Poor,2021-01-18,1,0
20.2,100.25,700.4,0.4,23,37.09,Bronze,East,Good,2023-11-20,0,0
43.2,81.5,820.7,1.3,13,6.96,Bronze,East,Good,2023-04-03,1,0
43.6,106.9,683.1,1.0,17,9.11,Silver,West,Good,2020-05-07,0,0
35.1,122.82,652.9,1.9,20,5.62,Platinum,South,Good,2023-12-06,1,0
57.3,25.95,662.8,7.1,12,5.0,Bronze,West,Good,2020-03-06,0,0
30.8,66.97,682.5,19.0,14,9.74,Silver,West,Good,2020-06-15,1,0
46.2,60.46,693.1,8.7,14,40.12,Silver,West,Poor,2022-01-19,1,0
25.3,,683.3,0.3,21,7.05,Silver,North,Good,2020-06-14,1,0
46.0,76.16,728.8,9.4,18,10.3,Platinum,West,Good,2022-09-05,1,0
34.8,99.37,742.1,12.2,18,7.32,Bronze,West,Good,2023-04-03,0,0
47.2,110.42,699.3,4.2,17,10.82,Silver,North,Good,2023-12-18,0,0
41.4,22.7,720.4,3.7,8,1.43,Silver,West,Average,2020-09-01,1,0
34.5,123.15,638.1,0.1,11,34.44,Platinum,North,Poor,2023-11-13,1,0
30.2,59.88,644.5,6.9,16,18.85,Gold,East,Good,2022-06-13,1,0
29.1,100.29,757.9,3.7,11,25.87,Bronze,South,Good,2020-09-25,0,0
39.2,110.75,671.9,6.2,11,8.15,Silver,South,Good,2022-02-14,1,0
24.5,77.37,786.2,3.3,13,55.24,Gold,South,Average,2023-12-27,0,0
35.4,36.96,789.8,0.8,19,24.91,Silver,East,Good,2022-06-02,1,0
22.1,184.71,670.1,2.4,15,16.03,Silver,South,Average,2022-05-11,1,0
34.7,42.76,798.9,6.8,17,22.33,Bronze,South,Good,2022-03-22,1,0
28.8,130.16,753.0,15.7,21,13.76,Silver,North,Good,2023-09-30,0,0
20.6,89.32,760.7,3.5,12,31.75,Bronze,East,Good,2023-12-07,1,0
11.7,34.87,701.0,2.7,15,6.73,Bronze,West,Good,2021-10-22,0,0
37.1,97.63,675.0,4.6,18,43.97,Silver,West,Good,2022-12-30,0,0
48.4,89.28,658.8,5.7,14,14.7,Gold,West,Average,2023-02-26,0,0
38.9,123.52,723.0,8.3,19,5.59,Platinum,East,Average,2023-10-30,1,0
49.5,181.56,609.2,1.5,17,31.99,Platinum,North,Poor,2020-09-14,0,0
40.8,31.26,719.0,4.3,9,22.0,Bronze,South,Average,2023-06-13,0,0
44.2,273.42,656.1,4.7,15,32.4,Gold,East,Good,2021-10-26,1,0
21.8,160.94,704.8,4.5,10,29.01,Bronze,South,Average,2020-11-29,0,0
18.5,148.29,682.4,2.1,10,21.9,Bronze,South,Good,2024-02-05,1,0
49.6,194.06,637.1,1.5,20,57.55,Bronze,North,Poor,2020-05-21,1,0
40.1,211.5,585.9,1.7,14,11.19,Gold,South,Good,2022-12-02,1,0
57.9,146.64,750.6,14.4,16,15.31,Gold,West,Good,2022-08-18,1,0
61.0,126.95,729.6,4.4,20,20.06,Bronze,North,Good,2021-07-02,0,0
37.5,98.18,717.9,7.5,18,2.79,Bronze,East,Average,2020-06-29,1,0
33.8,352.19,710.4,9.7,24,41.41,Silver,West,Poor,2023-07-01,1,0
40.2,54.66,627.5,3.8,14,65.66,Silver,West,Good,2024-01-05,0,0
77.3,242.46,668.0,8.9,21,9.27,Silver,North,Average,2020-06-03,1,0
37.1,64.0,653.8,6.3,16,21.88,Bronze,South,Poor,2022-05-11,0,0
31.3,120.91,631.3,2.1,15,14.6,Gold,South,Poor,2022-12-14,0,0
62.6,,737.7,6.4,11,29.23,Gold,North,Poor,2020-03-08,1,0
55.9,129.96,738.3,0.5,14,42.11,Silver,East,Good,2020-09-03,0,0
5.1,67.11,808.7,17.1,17,14.05,Silver,East,Poor,2020-06-02,1,0
29.7,46.76,789.1,1.5,15,31.38,Bronze,South,Average,2020-01-03,1,0
53.3,61.31,662.8,24.3,16,56.89,Bronze,North,Average,2023-05-21,1,0
45.8,128.4,784.0,4.6,13,18.35,Gold,North,Good,2021-07-25,1,0
39.9,68.06,675.8,8.8,13,22.9,Bronze,East,Good,2022-08-23,0,0
45.3,46.39,675.7,10.6,14,16.1,Gold,East,Average,2023-05-16,1,0
45.6,68.07,710.4,3.1,15,20.19,Bronze,West,Poor,2020-06-26,0,0
25.0,95.49,724.3,5.2,22,17.43,Bronze,South,Average,2021-01-20,1,0
36.5,213.42,675.2,3.4,14,20.91,Gold,North,Good,2023-11-23,1,0
59.6,60.63,655.7,14.0,17,20.26,Bronze,South,Good,2021-07-17,1,0
49.6,107.83,708.4,0.5,17,48.78,Bronze,West,Good,2020-03-23,1,0
35.1,128.62,628.0,6.3,12,4.34,Platinum,West,Average,2022-03-02,1,0
50.3,56.96,745.6,1.2,10,20.02,Silver,South,Good,2020-06-22,1,0
45.7,85.85,731.3,1.6,16,38.03,Silver,East,Poor,2022-06-10,1,0
46.6,120.2,663.3,2.9,20,9.72,Silver,North,Good,2021-01-08,1,0
39.1,154.67,706.4,1.3,11,12.51,Bronze,East,Average,2024-01-06,1,0
19.9,59.66,766.9,4.7,8,8.5,Platinum,North,Good,2020-05-16,0,0
40.4,92.07,793.7,16.6,14,23.16,Gold,South,Poor,2022-10-17,1,0
51.6,78.93,600.5,5.6,16,31.62,Bronze,North,Average,2023-06-28,0,0
28.1,87.24,819.5,0.8,14,16.37,Bronze,West,Average,2022-03-19,1,0
27.9,196.2,709.5,4.2,16,39.91,Gold,East,Good,2020-09-13,1,0
34.5,97.63,713.1,6.6,13,16.53,Silver,South,Good,2022-01-11,1,0
33.6,148.42,634.7,2.2,16,11.78,Silver,East,Good,2020-12-26,1,0
53.3,90.73,762.7,5.1,12,40.18,Silver,West,Good,2020-10-11,1,0
31.2,304.97,724.3,8.5,13,21.21,Bronze,South,Average,2022-07-22,1,0
34.8,34.6,686.9,16.0,26,20.66,Bronze,South,Average,2022-10-15,0,0
47.8,,677.4,11.3,24,15.05,Silver,East,Good,2022-07-29,0,0
68.3,254.42,738.6,1.8,15,15.27,Bronze,South,Average,2020-09-06,1,0
43.0,,629.5,5.6,16,23.06,Gold,East,Average,2023-01-26,1,0
33.4,189.73,679.9,6.5,13,9.15,Silver,East,Poor,2023-10-02,1,0
49.6,100.83,706.5,7.8,21,21.43,Platinum,North,Average,2021-03-06,1,0
36.5,91.15,745.0,4.4,20,105.83,Silver,North,Good,2022-07-24,1,0
43.7,135.16,627.5,3.7,11,20.13,Gold,East,Good,2023-12-22,0,0
45.4,,733.7,0.0,13,30.62,Silver,West,Good,2023-11-11,1,0
25.0,37.98,682.3,7.6,15,16.75,Platinum,South,Good,2023-06-17,1,0
33.2,192.41,712.4,6.0,14,15.32,Platinum,North,Poor,2021-07-27,1,0
52.7,147.48,672.3,11.8,21,10.95,Gold,East,Average,2021-10-19,1,0
62.8,37.9,716.0,8.0,16,20.36,Bronze,East,Poor,2020-08-13,0,0
30.3,153.89,684.4,7.6,12,13.72,Gold,South,Average,2020-08-05,1,0
33.3,38.25,693.5,4.9,13,4.23,Bronze,West,Good,2023-10-27,1,0
50.7,37.29,668.4,6.4,17,19.64,Silver,South,Good,2022-05-11,1,0
39.9,50.64,660.4,9.1,15,19.06,Gold,North,Good,2021-12-29,1,0
39.5,85.82,659.4,5.1,17,8.87,Gold,South,Average,2023-07-08,1,0
30.1,60.35,692.0,1.5,15,21.9,Bronze,East,Average,2021-10-16,1,0
41.0,74.44,701.3,0.9,20,22.61,Bronze,South,Good,2023-04-04,0,0
67.6,61.95,644.3,5.7,18,195.11,Bronze,South,Good,2024-01-25,0,0
49.2,95.72,668.8,2.5,14,7.96,Bronze,East,Good,2022-11-29,0,0
45.5,123.33,638.7,2.2,17,11.89,Bronze,West,Good,2023-03-02,1,0
41.8,165.79,728.5,5.2,11,31.55,Bronze,North,Average,2020-09-17,1,0
68.1,51.09,702.3,0.7,21,23.17,Bronze,North,Good,2021-09-01,1,0
48.8,51.25,749.8,2.7,19,10.81,Bronze,South,Good,2022-03-11,0,0
24.4,127.24,748.6,11.7,17,45.69,Bronze,West,Good,2022-12-21,1,0
41.9,16.33,724.6,0.1,14,59.57,Gold,North,Poor,2023-12-05,0,0
52.9,59.29,726.0,4.6,14,17.96,Bronze,West,Good,2022-06-15,1,0
41.4,186.62,604.4,0.9,13,13.29,Silver,South,Poor,2021-09-11,1,0
28.1,74.22,732.4,5.5,16,21.72,Silver,West,Good,2021-09-15,1,0
31.9,,746.9,2.6,7,39.52,Silver,North,Average,2023-11-25,1,0
35.8,111.3,645.6,4.1,15,24.71,Silver,East,Average,2022-09-28,1,0
39.8,72.2,728.4,3.9,11,32.01,Bronze,South,Good,2020-06-17,0,0
48.4,128.94,771.1,6.3,13,10.08,Bronze,West,Poor,2022-09-18,1,0
19.4,176.77,810.5,6.2,18,13.68,Gold,South,Good,2020-12-24,1,0
40.2,64.13,637.1,3.4,13,45.54,Gold,East,Average,2020-05-08,1,0
43.5,74.78,756.7,2.8,15,21.56,Bronze,North,Average,2021-06-25,1,0
46.3,91.78,684.7,3.5,15,26.19,Bronze,South,Average,2023-05-07,0,0
57.9,150.47,701.5,18.0,12,147.19,Gold,North,Average,2022-07-06,0,0
35.3,45.48,711.0,16.2,8,9.98,Gold,South,Good,2020-02-15,0,0
21.0,245.99,603.1,0.3,10,6.68,Bronze,North,Average,2023-09-23,1,0
50.6,410.92,683.0,2.9,9,99.27,Bronze,North,Good,2020-09-10,1,0
45.5,88.9,668.7,3.6,19,29.12,Bronze,South,Good,2023-03-06,1,0
35.4,103.28,718.9,3.8,14,33.06,Bronze,East,Good,2020-06-10,0,0
37.8,71.47,687.1,3.6,11,44.67,Bronze,West,Good,2020-06-07,1,0
34.9,82.81,698.0,10.7,14,11.28,Bronze,East,Good,2022-06-12,0,0
42.3,76.09,656.0,2.7,15,22.57,Gold,North,Good,2021-12-03,1,0
57.0,95.73,684.5,6.8,19,46.88,Gold,West,Average,2022-02-02,1,0
56.5,101.32,775.0,11.5,12,12.02,Bronze,South,Good,2021-03-23,1,0
38.4,86.97,642.8,9.0,11,23.66,Bronze,South,Good,2024-01-12,1,0
67.8,76.55,750.0,1.1,11,9.16,Gold,North,Average,2021-04-27,0,0
52.4,105.96,710.7,3.6,13,11.75,Silver,South,Good,2020-03-08,1,0
51.5,45.19,647.2,16.0,13,19.63,Gold,South,Good,2022-07-10,1,0
78.4,598.81,718.0,7.2,23,73.1,Bronze,East,Good,2020-03-27,1,0
49.1,46.77,836.0,2.0,13,6.27,Bronze,East,Good,2020-03-13,0,0
60.0,77.73,744.5,9.9,12,8.15,Silver,North,Good,2022-11-22,1,0
44.7,181.52,768.8,5.1,22,31.12,Silver,North,Poor,2022-07-30,0,0
31.4,288.73,728.4,15.9,25,3.75,Silver,East,Average,2023-10-18,1,0
49.8,87.7,739.4,10.3,14,3.44,Bronze,North,Average,2021-11-14,1,0
26.2,89.31,711.7,0.6,8,22.83,Silver,East,Good,2022-04-29,1,0
54.1,99.53,618.1,2.2,17,41.74,Bronze,West,Good,2023-11-13,0,0
55.7,282.75,761.1,1.2,18,13.41,Gold,East,Good,2023-12-04,0,0
41.8,54.55,732.7,2.7,13,48.0,Silver,South,Poor,2022-04-05,0,0
60.3,,708.7,5.5,17,6.67,Bronze,West,Good,2021-05-01,0,0
40.8,268.6,731.4,1.7,16,18.36,Bronze,East,Average,2022-09-10,1,0
39.9,88.68,734.0,8.6,13,41.53,Bronze,North,Good,2023-01-28,0,0
43.0,228.11,697.6,8.1,23,85.28,Gold,North,Good,2021-07-08,1,0
37.8,37.68,675.6,2.4,13,47.56,Silver,West,Good,2022-01-24,0,0
39.7,39.26,622.3,7.7,12,7.73,Bronze,West,Good,2022-08-31,1,0
34.9,107.34,691.3,7.9,19,26.49,Silver,East,Good,2021-08-22,1,0
43.8,78.51,594.0,11.2,21,88.2,Bronze,West,Good,2021-10-27,0,0
28.6,83.87,664.5,6.9,17,13.27,Silver,North,Poor,2022-03-20,1,0
20.2,71.47,658.7,3.4,18,11.27,Platinum,West,Good,2023-10-24,1,0
44.9,32.65,637.1,0.1,18,8.11,Gold,South,Average,2020-09-07,0,0
56.9,30.79,633.2,30.1,16,12.13,Gold,East,Average,2020-03-21,1,0
47.7,163.0,733.2,4.4,17,9.31,Silver,West,Poor,2020-01-07,1,0
45.3,88.65,716.7,2.4,13,6.97,Platinum,South,Average,2021-03-16,1,0
50.1,61.39,766.5,2.5,19,40.57,Bronze,East,Good,2020-07-21,1,0
32.0,69.38,714.0,0.1,15,19.26,Gold,East,Good,2022-12-23,0,0
20.1,96.07,730.5,2.3,21,10.54,Bronze,North,Good,2022-11-23,0,0
29.8,141.94,666.8,0.5,12,26.88,Bronze,South,Good,2022-07-25,0,0
39.0,92.4,731.3,4.3,21,16.62,Silver,South,Good,2023-10-06,1,0
59.0,88.25,662.2,14.3,19,33.16,Silver,West,Good,2021-06-01,0,0
8.6,75.42,742.7,1.1,16,12.27,Bronze,West,Poor,2021-04-24,0,0
27.9,85.12,703.5,5.5,15,15.88,Silver,South,Poor,2021-07-31,0,0
44.1,76.24,721.2,9.0,19,26.6,Platinum,North,Good,2023-05-08,1,0
38.8,34.49,705.0,8.7,18,15.5,Silver,North,Poor,2020-01-05,1,0
68.0,236.61,699.4,5.8,11,9.6,Gold,North,Poor,2021-03-23,1,0
32.1,126.11,665.2,9.0,17,10.09,Silver,West,Average,2021-03-11,0,0
18.2,,721.5,3.2,12,13.13,Bronze,South,Good,2022-01-24,0,0
46.9,138.1,716.8,8.8,9,14.67,Silver,South,Poor,2021-09-17,1,0
35.5,,717.8,11.9,21,11.4,Bronze,South,Good,2022-12-17,1,0
46.6,98.33,639.9,0.4,10,3.68,Bronze,West,Average,2020-08-04,0,0
22.6,97.25,677.1,0.1,21,6.74,Bronze,South,Poor,2020-08-10,0,0
37.1,44.79,790.9,0.3,14,5.52,Silver,South,Good,2023-05-02,1,0
59.6,68.99,682.0,13.1,9,42.15,Silver,West,Good,2022-11-18,1,0
59.4,82.07,734.1,5.1,13,36.55,Silver,North,Good,2022-01-09,1,0
28.4,71.32,692.6,1.1,16,11.75,Silver,North,Good,2022-08-29,0,0
,109.23,736.7,4.1,17,76.75,Bronze,West,Good,2022-02-18,0,0
24.5,37.83,714.4,2.6,21,94.88,Bronze,West,Good,2023-07-24,0,0
36.1,85.59,798.1,4.4,11,60.34,Platinum,East,Good,2021-01-05,1,0
40.7,86.25,707.5,1.0,15,53.97,Gold,South,Good,2020-01-06,1,0
48.9,,704.9,1.3,15,27.63,Bronze,East,Average,2020-03-05,1,0
30.0,90.23,672.7,12.1,14,54.18,Silver,South,Good,2020-02-19,1,0
42.6,63.24,723.9,0.2,17,28.51,Bronze,East,Good,2022-07-10,1,0
26.6,81.41,635.5,2.1,20,18.95,Bronze,West,Average,2023-04-18,1,0
36.9,122.79,705.1,0.9,18,10.44,Bronze,East,Good,2020-04-28,0,0
42.4,199.54,679.5,2.1,13,47.49,Silver,East,Poor,2023-05-06,1,0
34.5,73.48,682.6,1.8,26,4.22,Bronze,South,Average,2023-02-22,0,0
47.3,121.66,784.9,10.8,17,42.73,Bronze,East,Average,2022-09-22,1,0
45.6,90.39,642.9,2.4,14,43.12,Bronze,North,Average,2023-11-23,0,0
27.5,96.87,694.6,8.0,10,15.88,Silver,West,Good,2021-10-24,1,0
49.3,48.32,732.0,9.0,12,13.51,Gold,East,Good,2021-02-24,0,0
48.4,73.22,609.8,16.9,17,18.59,Bronze,North,Good,2021-09-17,1,0
30.5,119.93,718.1,3.3,18,8.02,Silver,East,Good,2022-11-08,1,0
42.3,93.67,637.6,6.3,16,25.19,Bronze,East,Good,2021-06-06,1,0
16.0,112.59,668.5,0.7,11,4.02,Bronze,East,Good,2021-12-22,1,0
27.9,496.25,709.6,10.7,20,3.99,Silver,North,Average,2021-07-26,1,0
56.3,64.37,584.8,1.0,19,21.6,Platinum,West,Good,2020-10-29,1,0
25.0,65.8,723.8,11.2,21,47.33,Silver,South,Poor,2020-05-12,1,0
49.2,66.03,653.3,1.0,16,3.54,Silver,East,Poor,2021-08-14,1,0
25.9,44.8,686.7,3.2,15,12.6,Bronze,West,Good,2021-02-17,0,0
24.8,69.69,693.8,3.1,17,5.38,Silver,West,Average,2023-06-11,1,0
54.5,352.69,656.0,14.7,13,33.18,Bronze,West,Good,2022-03-08,1,0
29.7,65.09,650.3,4.6,14,48.93,Silver,South,Poor,2023-06-21,0,0
39.9,61.84,691.6,4.5,22,78.26,Bronze,East,Good,2023-10-01,1,0
37.3,44.6,721.7,4.3,17,188.85,Bronze,North,Poor,2020-06-08,1,0
26.6,62.11,668.3,3.5,16,8.18,Bronze,North,Good,2022-10-18,0,0
43.2,171.24,647.1,0.5,15,40.8,Silver,North,Good,2021-01-18,1,0
52.9,81.76,772.4,2.5,17,18.26,Platinum,West,Poor,2021-04-19,1,0
23.4,181.34,675.4,10.2,20,13.62,Bronze,West,Good,2020-07-20,1,0
,41.92,685.4,1.0,16,43.77,Bronze,North,Good,2022-05-09,1,0
42.5,202.63,669.6,5.1,13,10.6,Gold,South,Good,2021-06-13,1,0
51.6,124.82,657.1,10.7,14,12.02,Platinum,South,Poor,2022-04-29,1,0
44.8,53.48,665.6,17.6,17,50.11,Platinum,East,Average,2021-03-09,1,0
55.2,171.94,738.2,5.5,12,25.84,Silver,North,Average,2020-08-08,1,0
73.0,66.84,623.4,0.6,15,28.38,Platinum,West,Good,2024-01-02,1,0
51.4,112.86,691.1,3.0,12,3.72,Bronze,East,Average,2020-02-04,0,0
33.8,89.05,708.8,12.4,21,12.96,Bronze,East,Good,2022-03-09,1,0
28.3,286.27,797.4,15.1,20,10.11,Silver,South,Average,2021-03-04,1,0
51.4,216.77,689.7,5.7,21,7.09,Bronze,North,Poor,2021-04-23,1,0
43.7,111.73,667.8,0.1,12,32.63,Bronze,West,Average,2021-11-25,0,0
45.6,88.52,750.5,3.5,16,28.34,Gold,South,Good,2020-05-02,1,0
40.7,112.01,688.6,4.6,13,8.22,Bronze,South,Good,2020-01-07,0,0
32.9,72.16,714.5,1.9,13,29.16,Gold,North,Average,2022-10-26,1,0
26.1,80.44,722.2,10.6,8,52.72,Bronze,North,Good,2023-10-10,0,0
39.9,54.7,730.3,4.4,16,58.63,Bronze,North,Poor,2022-06-22,1,0
43.3,81.97,693.1,5.3,18,13.86,Silver,East,Good,2020-04-27,1,0
11.4,131.3,710.0,5.6,7,26.16,Bronze,East,Good,2020-12-31,1,0
45.8,20.98,673.9,2.2,15,13.43,Silver,South,Good,2023-12-05,0,0
47.8,73.36,749.1,8.8,12,4.92,Silver,East,Average,2020-12-30,1,0
52.2,58.48,727.6,8.8,15,60.22,Silver,West,Good,2021-03-10,1,0
49.7,146.01,,2.2,15,10.37,Silver,West,Poor,2023-12-27,1,0
71.5,55.52,673.4,12.1,12,9.01,Bronze,East,Good,2021-02-27,1,0
43.9,93.91,637.7,1.6,11,4.46,Bronze,South,Good,2022-09-15,0,0
55.0,191.56,689.9,2.0,12,29.73,Gold,West,Good,2022-09-20,1,0
49.4,208.6,732.3,2.7,13,3.32,Silver,East,Good,2021-01-08,1,0
29.0,83.87,635.9,6.6,21,17.13,Gold,North,Good,2021-06-19,1,0
50.2,133.68,754.3,1.0,19,6.0,Bronze,West,Good,2020-10-07,1,0
43.9,140.46,736.1,6.4,9,9.78,Bronze,East,Average,2024-01-12,1,0
45.9,92.87,736.1,2.2,16,14.42,Platinum,South,Average,2023-11-15,1,0
30.1,80.13,709.8,1.1,12,21.97,Bronze,South,Good,2024-01-05,0,0
42.8,134.75,673.7,1.6,14,3.62,Bronze,South,Good,2021-07-28,0,0
39.7,126.8,695.1,6.1,8,17.96,Silver,East,Good,2024-01-17,1,0
33.7,160.43,735.9,3.0,20,3.34,Gold,East,Good,2020-04-24,0,0
37.5,87.72,758.5,0.2,12,40.0,Bronze,West,Good,2021-11-17,1,0
38.1,109.7,772.2,0.5,24,4.96,Bronze,South,Good,2020-12-25,0,0
41.2,181.82,670.2,4.8,9,12.05,Bronze,South,Good,2023-07-03,1,0
51.9,63.83,790.5,8.9,15,8.66,Bronze,West,Good,2023-09-28,1,0
36.8,78.89,699.2,0.9,21,22.57,Platinum,North,Poor,2020-09-27,1,0
29.6,50.47,780.5,12.9,16,15.5,Gold,South,Average,2021-12-02,1,0
57.8,38.93,658.1,2.2,14,6.31,Gold,East,Good,2020-12-10,1,0
33.3,66.64,755.5,11.9,11,11.58,Bronze,South,Good,2023-01-27,0,0
28.0,49.52,716.4,0.4,14,49.71,Bronze,North,Good,2021-04-06,0,0
28.7,53.41,683.9,9.1,15,9.3,Bronze,West,Good,2020-10-20,0,0
40.3,77.23,676.6,0.7,17,9.52,Platinum,East,Poor,2021-02-24,0,0
45.5,79.95,680.1,5.2,11,11.33,Silver,West,Good,2020-05-15,1,0
18.4,62.84,711.6,3.2,11,306.18,Silver,North,Good,2023-04-21,1,0
42.2,86.25,713.6,1.8,8,22.93,Silver,East,Average,2020-07-03,0,0
45.8,33.32,693.1,4.6,17,45.54,Platinum,West,Average,2020-12-19,1,0
52.0,113.97,681.4,3.6,17,26.99,Silver,South,Poor,2023-07-03,0,0
30.7,110.6,705.0,4.5,20,8.88,Gold,East,Good,2020-06-06,1,0
32.6,127.68,677.5,1.3,17,13.27,Bronze,East,Good,2022-02-15,1,0
32.9,85.0,723.3,2.8,11,84.97,Bronze,South,Good,2022-09-28,1,0
59.3,40.76,743.4,2.1,12,5.49,Bronze,West,Good,2022-06-18,1,0
50.3,93.64,761.6,5.8,13,10.97,Platinum,East,Average,2022-08-31,0,0
49.8,122.41,720.7,7.5,15,10.84,Bronze,South,Poor,2021-04-24,0,0
23.0,135.39,635.4,8.0,13,15.92,Gold,West,Good,2021-12-17,1,0
22.7,54.49,646.5,17.2,15,36.25,Bronze,East,Average,2022-06-29,1,0
28.1,221.9,658.5,4.3,13,12.79,Platinum,West,Average,2021-05-23,1,0
39.8,71.28,714.3,1.0,7,5.2,Bronze,East,Good,2023-10-18,0,0
38.6,102.7,684.3,1.8,10,6.35,Silver,North,Poor,2024-02-01,0,0
46.5,91.9,738.0,1.1,19,4.05,Silver,South,Average,2022-06-14,1,0
32.3,48.61,691.0,6.8,11,11.25,Silver,South,Good,2022-12-16,1,0
43.9,73.99,692.5,3.9,19,4.55,Bronze,East,Good,2023-01-07,0,0
54.3,88.94,691.7,0.6,19,29.96,Gold,East,Average,2021-06-12,0,0
17.0,49.02,730.4,0.8,11,29.39,Bronze,West,Poor,2022-11-14,0,0
41.2,52.07,721.2,5.6,13,21.83,Silver,South,Poor,2021-03-28,1,0
33.4,78.35,679.3,11.0,10,60.93,Bronze,West,Average,2021-11-12,1,0
60.2,114.2,659.5,6.4,18,7.76,Bronze,West,Average,2022-04-06,1,0
27.8,117.21,732.0,0.1,18,10.0,Silver,West,Poor,2022-05-27,1,0
37.5,157.83,636.4,1.7,15,21.93,Bronze,South,Poor,2021-08-01,0,0
40.5,104.9,740.3,2.5,10,39.14,Bronze,South,Good,2021-04-29,1,0
54.8,82.8,802.1,0.4,10,5.3,Bronze,North,Average,2021-08-29,0,0
46.7,61.98,716.2,3.3,27,15.81,Silver,East,Average,2021-05-31,1,0
34.3,177.4,671.5,1.0,8,35.74,Bronze,South,Good,2020-01-03,1,0
61.4,44.32,702.9,0.7,17,3.42,Bronze,West,Good,2021-06-08,1,0
22.6,104.26,710.2,1.5,14,28.25,Bronze,South,Good,2022-05-05,1,0
52.8,69.48,639.3,6.1,19,19.61,Bronze,North,Good,2020-03-26,1,0
45.3,84.21,664.4,7.0,21,33.29,Silver,East,Poor,2022-02-08,0,0
42.3,54.53,650.5,1.1,14,29.94,Bronze,South,Good,2022-02-19,1,0
46.0,110.47,643.8,6.9,10,11.77,Platinum,West,Average,2023-08-22,0,0
42.1,423.11,717.4,9.8,9,31.33,Bronze,East,Average,2020-06-07,1,0
41.5,65.75,787.6,2.2,11,7.18,Platinum,North,Poor,2022-02-28,1,0
36.5,75.82,735.2,5.8,14,30.75,Bronze,West,Good,2022-12-20,0,0
50.2,192.51,683.0,6.9,18,28.22,Gold,East,Average,2021-06-07,1,0
46.1,80.64,700.0,4.7,13,12.39,Gold,South,Average,2020-02-01,1,0
34.2,121.74,674.9,6.7,18,4.93,Silver,North,Average,2022-12-12,0,0
49.8,187.08,750.5,5.5,14,6.38,Bronze,South,Average,2021-05-17,1,0
30.2,104.1,613.1,0.1,16,9.75,Bronze,West,Good,2020-08-02,0,0
22.2,26.92,703.6,1.2,16,33.72,Bronze,South,Average,2020-03-04,1,0
35.4,72.99,668.4,1.3,9,15.74,Gold,South,Good,2020-06-24,1,0
50.9,134.98,658.8,4.2,18,10.05,Silver,South,Good,2022-03-17,1,0
31.5,64.57,683.0,2.2,17,27.84,Gold,East,Good,2023-09-17,1,0
6.1,49.94,781.1,2.3,20,185.02,Silver,South,Good,2022-02-07,1,0
55.6,163.41,791.6,0.1,10,102.01,Silver,South,Poor,2022-06-05,1,0
45.4,130.75,782.2,6.8,18,97.9,Bronze,West,Good,2020-10-23,1,0
33.4,40.4,631.9,0.2,23,24.39,Gold,East,Poor,2022-02-28,1,0
27.5,174.82,687.1,0.0,11,21.28,Silver,North,Average,2023-05-14,1,0
37.9,23.19,647.7,5.0,19,18.71,Silver,West,Good,2023-02-06,0,0
51.5,96.91,691.6,0.9,12,62.05,Bronze,North,Good,2022-10-28,1,0
32.5,23.52,605.5,12.2,21,17.03,Silver,North,Average,2020-11-24,0,0
68.0,183.53,723.4,3.5,10,25.14,Bronze,North,Good,2022-09-28,0,0
40.9,102.26,772.1,5.1,17,15.96,Bronze,North,Good,2021-04-02,0,0
37.2,119.67,725.4,1.4,21,26.04,Silver,West,Average,2020-11-08,1,0
34.3,29.79,691.0,7.6,14,28.94,Bronze,South,Good,2022-06-12,0,0
27.4,53.15,686.0,7.4,14,14.2,Bronze,South,Average,2023-06-05,1,0
36.4,162.41,723.0,4.2,12,26.9,Gold,South,Good,2023-07-23,1,0
10.5,177.35,659.5,2.7,11,19.68,Gold,East,Poor,2021-09-22,1,0
47.7,125.37,712.9,1.6,10,44.16,Bronze,West,Good,2022-07-16,0,0
44.6,32.21,658.5,4.9,8,26.41,Bronze,East,Good,2020-08-04,1,0
44.0,305.83,687.9,2.6,12,22.89,Silver,South,Good,2023-08-11,1,0
45.3,57.05,672.3,10.6,14,23.11,Bronze,West,Good,2022-02-19,1,0
26.2,82.91,,4.0,9,23.24,Bronze,West,Good,2020-01-25,1,0
42.9,131.67,613.6,16.9,11,37.24,Silver,North,Good,2021-02-10,1,0
30.5,132.51,602.0,18.4,15,31.51,Silver,North,Average,2024-01-26,1,0
43.3,130.18,766.1,0.9,16,4.96,Bronze,South,Good,2022-08-21,1,0
39.5,54.3,750.5,16.3,16,6.91,Bronze,North,Good,2020-12-12,1,0
52.2,38.14,676.2,10.8,16,11.09,Bronze,West,Good,2022-11-27,0,0
45.3,226.71,717.9,1.8,9,6.99,Bronze,East,Poor,2024-01-12,1,0
43.2,63.01,620.9,13.2,14,24.38,Silver,North,Average,2021-01-17,1,0
46.7,129.74,733.9,17.6,17,8.22,Bronze,East,Good,2020-09-04,1,0
34.6,164.17,741.0,5.2,20,36.21,Gold,East,Poor,2021-08-11,1,0
36.4,199.17,801.2,8.6,15,19.21,Bronze,South,Average,2021-11-01,1,0
41.0,125.69,753.7,2.8,16,12.44,Bronze,North,Poor,2023-03-31,1,0
55.3,84.59,618.3,1.2,20,10.63,Bronze,East,Good,2021-02-17,0,0
16.8,60.21,657.5,8.6,14,39.94,Silver,North,Good,2022-01-03,1,0
46.0,414.97,663.4,0.3,11,22.87,Bronze,South,Good,2020-08-29,1,0
43.1,122.4,630.8,5.1,9,6.15,Gold,North,Average,2020-01-09,1,0
51.9,112.02,763.1,3.4,12,41.82,Bronze,West,Poor,2021-07-08,1,0
43.6,99.42,701.4,4.1,16,45.83,Gold,West,Average,2023-10-04,1,0
40.7,79.64,702.5,5.7,22,38.39,Silver,East,Good,2023-12-21,0,0
43.6,84.39,676.2,6.9,12,5.52,Bronze,North,Poor,2022-11-16,1,0
26.6,40.52,703.8,4.6,24,16.53,Platinum,West,Good,2021-04-23,0,0
44.2,107.52,692.2,6.4,19,22.32,Bronze,West,Good,2020-02-19,1,0
34.6,75.97,639.7,0.0,18,4.71,Platinum,East,Average,2020-08-27,1,0
39.0,121.16,596.4,7.8,9,8.65,Gold,North,Average,2020-09-16,1,0
27.4,50.28,690.9,9.7,15,6.04,Gold,South,Poor,2023-10-20,1,0
62.3,79.21,676.1,4.7,16,45.38,Silver,North,Poor,2021-11-07,1,0
49.9,39.93,732.8,3.0,15,16.64,Bronze,South,Average,2024-01-02,0,0
34.6,28.06,644.0,2.3,14,9.23,Gold,North,Good,2022-09-18,0,0
31.6,94.82,742.6,6.5,18,74.78,Bronze,West,Poor,2020-11-07,1,0
57.3,46.71,671.5,2.4,9,13.29,Platinum,West,Average,2020-01-09,1,0
22.5,170.12,671.4,6.7,17,17.62,Silver,South,Good,2020-09-03,1,0
36.8,308.63,685.5,11.2,22,14.74,Silver,South,Average,2023-10-15,1,0
42.2,64.22,762.4,7.9,18,19.97,Bronze,South,Poor,2022-10-05,1,0
43.2,71.41,687.4,28.3,8,10.35,Bronze,West,Good,2022-12-20,1,0
63.0,270.82,664.1,3.5,16,27.71,Silver,East,Poor,2020-05-16,1,0
17.2,63.61,722.7,0.2,29,51.36,Gold,South,Good,2022-09-09,1,0
43.3,77.17,667.1,3.1,16,22.43,Bronze,South,Average,2022-08-24,1,0
67.2,77.08,738.9,16.3,17,14.58,Silver,North,Average,2021-03-06,1,0
51.1,37.98,628.0,3.4,21,12.11,Silver,West,Average,2021-08-18,1,0
35.3,67.13,624.4,9.8,16,20.23,Bronze,North,Average,2022-09-19,1,0
32.0,151.47,703.7,0.4,17,6.61,Gold,West,Poor,2021-12-03,1,0
28.1,321.69,656.8,2.1,15,17.32,Bronze,South,Average,2022-03-31,1,0
60.6,43.24,664.2,11.0,9,5.69,Silver,South,Good,2022-08-27,0,0
48.6,104.97,659.7,7.9,18,7.27,Gold,West,Good,2020-01-08,1,0
35.5,251.84,720.9,5.6,13,7.88,Platinum,South,Average,2021-06-25,1,0
38.5,99.19,703.7,0.8,12,19.58,Platinum,East,Good,2022-02-17,1,0
26.6,119.93,731.6,7.5,8,22.99,Silver,South,Poor,2022-04-18,1,0
41.4,59.35,675.1,2.9,12,42.05,Bronze,North,Average,2021-03-08,1,0
39.3,74.16,741.2,8.7,15,8.66,Bronze,North,Good,2021-03-15,1,0
26.4,68.74,667.6,5.5,24,28.21,Bronze,West,Average,2020-11-09,0,0
57.0,32.42,781.8,6.8,9,77.62,Bronze,West,Good,2020-04-03,1,0
27.7,65.36,662.7,14.2,6,23.39,Bronze,East,Good,2023-08-07,0,0
40.3,179.72,748.4,8.9,12,40.88,Gold,West,Average,2020-02-14,0,0
52.4,39.11,651.0,7.9,13,21.08,Bronze,East,Good,2022-05-11,0,0
50.2,97.17,692.8,1.3,14,5.85,Gold,West,Average,2021-07-29,0,0
55.2,70.85,681.0,4.2,19,6.26,Silver,South,Poor,2022-03-08,1,0
60.0,131.42,699.4,3.4,19,42.25,Gold,East,Average,2020-09-06,1,0
30.1,234.47,706.0,7.0,18,38.14,Bronze,East,Good,2021-02-25,1,0
25.3,55.53,605.5,2.8,17,10.36,Silver,West,Poor,2021-09-30,0,0
50.4,92.96,764.9,1.2,26,21.82,Gold,West,Poor,2022-03-15,1,0
47.5,32.82,715.1,14.4,17,9.68,Silver,South,Good,2024-01-26,1,0
29.8,131.32,723.9,1.0,14,26.1,Silver,West,Good,2022-12-12,0,0
47.1,111.0,679.4,2.0,8,6.14,Gold,North,Good,2020-09-29,0,0
33.3,109.51,725.5,3.0,14,22.57,Silver,South,Good,2023-12-19,1,0
51.5,94.17,652.8,1.1,15,14.37,Gold,West,Average,2021-11-17,1,0
33.2,51.45,792.2,2.2,18,27.55,Gold,East,Good,2020-05-23,0,0
41.2,60.42,,4.5,14,4.87,Gold,South,Poor,2020-12-27,1,0
36.4,43.53,780.6,4.2,11,44.14,Bronze,North,Good,2023-09-08,1,0
17.7,109.4,677.5,7.8,10,3.13,Bronze,North,Average,2021-07-02,1,0
59.4,35.82,693.5,2.2,18,17.05,Bronze,South,Poor,2020-07-24,1,0
44.8,28.49,756.3,0.9,16,60.63,Gold,South,Poor,2020-10-23,1,0
46.8,33.52,666.4,9.1,12,48.61,Bronze,East,Good,2021-07-15,0,0
54.1,84.59,663.0,0.7,19,8.41,Platinum,West,Good,2021-04-29,1,0
51.6,141.78,679.1,1.2,16,16.67,Bronze,West,Good,2020-05-17,1,0
55.2,159.78,725.0,4.2,16,27.15,Bronze,North,Average,2022-06-05,0,0
50.8,212.63,619.5,4.8,11,14.78,Bronze,South,Good,2022-07-24,0,0
36.4,12.68,701.2,5.7,18,13.72,Silver,East,Poor,2021-12-21,0,0
57.3,140.61,752.2,2.6,17,11.51,Gold,East,Average,2021-11-11,1,0
38.7,132.56,741.6,6.2,11,19.89,Silver,South,Good,2023-06-21,1,0
37.8,53.32,649.1,9.0,20,15.19,Bronze,East,Poor,2020-10-18,0,0
22.8,92.39,773.3,0.5,6,9.56,Bronze,East,Good,2021-05-03,0,0
54.6,61.59,721.6,11.0,13,83.16,Bronze,West,Good,2023-12-14,0,0
48.1,81.9,670.7,0.6,13,13.59,Silver,South,Good,2024-01-29,0,0
35.9,222.75,575.8,17.4,15,21.02,Bronze,West,Average,2020-12-09,0,0
45.9,97.8,,1.0,16,21.56,Bronze,North,Poor,2024-02-03,0,0
53.0,193.81,607.8,8.4,11,4.17,Bronze,South,Good,2023-01-02,0,0
49.6,96.08,757.1,1.6,14,24.57,Silver,North,Good,2021-07-19,0,0
22.1,137.49,683.1,0.5,13,9.13,Silver,North,Good,2020-12-17,0,0
50.6,76.5,722.9,9.4,18,20.41,Gold,West,Good,2022-12-20,1,0
45.7,74.56,701.6,8.3,12,21.4,Bronze,West,Average,2020-05-28,1,0
29.0,85.95,666.9,0.5,13,25.67,Platinum,West,Good,2020-06-09,1,0
49.5,88.72,756.7,6.4,10,150.84,Bronze,West,Poor,2021-04-11,1,0
41.1,38.88,592.1,5.5,14,20.81,Silver,West,Poor,2020-10-20,1,0
39.2,140.68,833.9,2.4,19,119.23,Bronze,South,Poor,2020-05-18,1,0
35.7,112.21,638.3,1.9,11,5.1,Bronze,East,Average,2020-06-16,1,0
29.4,141.84,790.2,7.4,17,16.67,Silver,East,Good,2021-08-31,1,0
31.4,160.4,684.3,4.9,17,8.74,Bronze,West,Good,2021-08-02,1,0
34.7,58.55,728.8,6.8,14,2.48,Platinum,West,Good,2022-06-11,1,0
55.5,59.74,661.3,2.8,14,30.37,Silver,East,Poor,2021-07-01,0,0
42.8,48.51,721.2,7.0,17,15.18,Bronze,West,Poor,2021-09-10,0,0
57.5,67.28,763.0,0.3,19,23.85,Bronze,West,Poor,2023-06-07,1,0
37.4,320.68,723.2,1.3,12,53.45,Platinum,East,Good,2020-02-28,1,0
33.5,124.2,665.4,8.2,18,17.01,Silver,South,Average,2020-03-13,1,0
47.7,39.29,716.2,7.5,20,64.62,Bronze,East,Good,2021-04-12,0,0
39.4,35.72,760.4,0.6,19,1.72,Platinum,West,Good,2023-10-12,1,0
45.3,67.88,781.0,1.2,14,28.43,Platinum,North,Average,2023-12-15,1,0
48.5,82.84,654.8,2.1,14,17.36,Bronze,South,Average,2023-06-13,0,0
40.1,126.05,701.0,5.5,14,45.37,Silver,North,Good,2020-04-02,1,0
33.9,209.74,737.0,3.0,14,16.54,Bronze,East,Good,2022-03-26,0,0
44.9,54.39,671.1,3.6,10,8.19,Bronze,West,Good,2023-04-15,0,0
14.8,108.41,684.2,1.7,20,16.02,Bronze,East,Good,2020-01-11,1,0
34.5,69.46,663.3,2.0,10,11.41,Silver,East,Good,2023-11-11,0,0
43.2,50.19,710.5,1.1,14,66.96,Bronze,South,Good,2020-09-02,0,0
26.9,52.99,693.6,4.2,15,28.4,Silver,East,Good,2021-10-01,1,0
35.9,200.28,690.7,2.4,11,27.75,Bronze,South,Good,2020-06-18,1,0
47.2,124.48,672.6,3.8,15,8.02,Bronze,East,Average,2023-08-18,0,0
36.2,83.57,794.1,3.1,15,9.0,Bronze,South,Good,2022-10-09,1,0
,57.91,738.8,6.7,18,19.35,Bronze,East,Good,2020-06-10,0,0
58.0,84.28,726.8,1.0,18,12.09,Bronze,North,Good,2020-03-03,1,0
27.3,64.4,675.2,4.7,19,13.48,Gold,South,Good,2022-08-18,0,0
44.9,83.62,725.1,8.3,23,21.83,Silver,West,Average,2020-02-05,0,0
22.1,57.84,602.5,3.6,13,16.99,Platinum,West,Poor,2023-10-03,1,0
35.3,113.81,750.6,4.1,16,30.98,Silver,North,Poor,2023-03-23,1,0
57.3,142.47,754.6,2.5,16,26.88,Silver,West,Average,2022-05-25,0,0
25.4,303.08,680.4,2.0,17,34.97,Bronze,South,Good,2021-12-12,1,0
61.3,52.59,667.8,9.7,14,31.4,Gold,East,Good,2022-10-09,1,0
33.1,58.65,674.2,5.9,12,33.01,Bronze,South,Good,2023-11-25,0,0
31.1,74.06,703.0,17.8,14,34.22,Bronze,West,Good,2022-07-19,1,0
36.8,206.99,649.3,1.3,14,12.2,Silver,West,Average,2020-06-14,1,0
48.6,66.23,738.2,11.6,12,63.16,Bronze,West,Good,2022-06-01,1,0
32.6,68.46,714.7,4.0,17,23.83,Bronze,West,Good,2022-07-15,1,0
47.9,86.86,819.1,5.8,14,24.24,Platinum,East,Average,2021-02-26,1,0
43.7,162.88,762.3,3.1,19,16.03,Silver,East,Good,2023-08-13,1,0
45.5,90.97,721.5,5.7,20,26.54,Silver,West,Good,2020-10-04,1,0
38.9,51.9,696.5,12.0,15,14.68,Bronze,North,Poor,2022-01-29,0,0
47.3,,661.4,3.8,10,27.49,Gold,East,Poor,2020-03-04,1,0
47.4,77.8,794.8,0.9,24,20.11,Bronze,North,Average,2020-10-30,1,0
29.2,95.98,663.6,9.5,9,18.59,Silver,East,Average,2022-03-22,1,0
49.3,63.31,,2.0,16,13.55,Gold,North,Poor,2020-06-30,1,0
46.8,103.22,656.9,1.8,17,16.92,Bronze,South,Good,2022-01-09,0,0
11.3,134.67,661.4,11.3,17,40.65,Silver,North,Average,2023-04-21,1,0
23.9,126.59,761.7,2.6,11,31.68,Silver,East,Good,2021-11-25,0,0
33.8,81.91,729.5,18.7,13,63.13,Platinum,East,Good,2023-10-11,1,0
37.5,166.26,704.6,0.9,18,35.31,Bronze,North,Good,2023-12-04,1,0
26.7,95.46,719.6,0.8,17,27.87,Gold,West,Poor,2023-12-10,0,0
41.9,91.55,757.9,0.6,9,57.53,Silver,East,Good,2021-04-14,1,0
52.9,198.21,686.4,5.0,8,85.36,Bronze,North,Average,2023-04-25,0,0
63.6,79.49,693.3,15.2,6,35.25,Silver,West,Good,2021-04-08,1,0
44.9,98.59,644.5,2.3,20,10.73,Platinum,North,Good,2022-02-26,0,0
34.0,99.29,702.2,0.2,11,7.54,Bronze,West,Good,2023-02-04,1,0
26.7,99.24,736.1,15.6,15,25.82,Bronze,West,Poor,2023-03-14,1,0
20.1,137.77,699.4,0.0,17,11.8,Platinum,West,Poor,2022-02-12,1,0
45.4,66.25,709.3,8.0,10,10.34,Silver,East,Good,2021-10-23,0,0
50.5,47.38,690.3,4.1,11,48.28,Gold,South,Good,2021-02-01,1,0
35.7,70.03,611.6,1.2,15,27.38,Platinum,West,Good,2023-04-18,1,0
24.8,91.8,697.6,3.2,15,21.81,Bronze,West,Average,2020-01-23,1,0
53.0,146.61,728.3,1.7,16,17.63,Platinum,South,Good,2023-07-15,1,0
53.2,123.13,668.9,3.6,21,13.99,Silver,North,Average,2021-07-19,0,0
60.6,47.87,650.0,4.6,23,6.29,Bronze,North,Good,2020-01-08,0,0
36.2,64.0,735.8,0.6,11,32.18,Gold,East,Poor,2023-02-13,1,0
38.2,89.53,716.6,5.3,15,23.68,Silver,West,Good,2023-06-14,0,0
49.4,194.95,826.5,6.5,20,9.51,Bronze,South,Average,2020-07-21,1,0
34.5,126.59,696.8,0.1,17,3.26,Bronze,North,Poor,2020-01-05,1,0
40.7,38.47,720.8,1.4,13,15.57,Bronze,West,Good,2020-06-05,1,0
48.4,210.4,619.7,4.5,19,28.59,Gold,South,Average,2021-07-17,0,0
,46.57,729.0,13.1,19,12.3,Silver,West,Poor,2021-04-12,1,0
37.6,40.7,687.7,4.9,9,44.15,Gold,South,Good,2022-09-02,1,0
51.9,64.44,756.1,6.8,11,103.22,Bronze,East,Good,2023-04-29,0,0
41.2,83.9,760.7,2.5,14,19.11,Platinum,South,Average,2023-03-09,1,0
41.7,86.34,624.3,4.8,16,5.88,Silver,South,Average,2020-09-14,1,0
34.1,105.12,709.5,15.4,13,17.5,Bronze,West,Good,2022-06-01,1,0
63.0,46.4,762.6,1.1,16,14.28,Silver,East,Good,2022-02-13,0,0
33.0,157.33,666.9,13.0,12,53.3,Bronze,East,Good,2021-04-18,0,0
34.2,63.64,797.6,1.2,14,63.89,Gold,South,Good,2021-11-13,1,0
30.5,58.01,726.9,15.0,18,23.3,Bronze,East,Good,2022-01-03,1,0
28.0,56.74,628.9,12.1,18,24.01,Silver,East,Good,2021-04-30,0,0
37.6,122.23,671.3,9.0,10,60.67,Platinum,West,Average,2023-06-04,0,0
53.6,280.5,615.5,3.8,13,12.87,Bronze,East,Poor,2023-06-04,0,0
43.4,41.72,635.3,0.2,17,53.55,Platinum,West,Poor,2022-06-19,0,0
37.9,,698.5,1.6,15,9.6,Silver,North,Good,2020-08-25,0,0
31.8,104.45,757.5,2.2,8,20.06,Silver,South,Poor,2022-03-24,1,0
45.3,171.29,784.0,2.2,10,27.32,Gold,North,Average,2020-01-05,1,0
22.6,95.86,654.9,0.5,15,17.58,Bronze,East,Good,2022-11-08,0,0
41.0,109.62,695.1,1.9,15,5.79,Bronze,South,Good,2021-07-20,0,0
39.5,63.16,758.4,3.9,22,11.81,Bronze,South,Good,2023-07-28,0,0
58.5,40.58,669.1,1.1,18,9.76,Silver,West,Average,2020-08-01,0,0
41.5,34.44,667.4,9.3,18,25.7,Bronze,East,Good,2020-09-18,0,0
17.0,118.77,606.4,0.4,21,7.52,Gold,West,Good,2023-03-16,0,0
46.7,142.56,832.1,3.9,20,15.87,Bronze,South,Poor,2021-09-25,1,0
21.9,40.37,757.8,3.3,13,16.24,Bronze,South,Average,2022-12-31,1,0
50.7,247.23,648.3,3.6,18,27.63,Silver,North,Poor,2022-09-28,1,0
47.8,165.37,749.8,2.0,10,17.03,Platinum,North,Good,2023-01-02,1,0
23.6,34.58,711.4,8.2,18,24.28,Bronze,East,Average,2021-04-11,1,0
37.7,40.22,739.2,3.7,22,25.14,Silver,West,Good,2022-05-21,0,0
34.6,38.09,696.8,2.4,23,14.88,Gold,West,Good,2021-12-23,1,0
42.6,76.02,635.7,6.1,18,13.07,Bronze,West,Poor,2020-01-18,0,0
39.5,57.15,662.0,0.0,18,4.72,Bronze,South,Good,2020-02-22,0,0
43.6,127.66,775.6,3.6,13,23.65,Silver,South,Average,2020-03-07,0,0
19.6,,756.1,0.0,22,26.77,Gold,North,Poor,2022-09-02,1,0
27.9,225.94,682.3,1.6,18,10.09,Gold,East,Good,2023-02-19,1,0
43.9,83.84,709.7,3.3,10,9.68,Bronze,South,Good,2020-07-18,0,0
38.8,188.99,746.3,6.0,10,22.77,Bronze,West,Average,2023-05-12,1,0
57.7,205.49,753.9,11.4,7,20.1,Silver,South,Good,2020-10-06,1,0
28.6,41.0,702.9,10.3,23,69.46,Bronze,South,Average,2023-01-09,0,0
47.8,51.27,574.2,8.4,10,15.74,Silver,South,Poor,2022-10-08,1,0
46.7,51.03,670.8,4.5,12,61.91,Gold,South,Average,2022-07-09,0,0
38.1,71.46,704.2,2.2,11,6.4,Silver,North,Good,2023-08-12,1,0
46.5,110.27,701.7,4.2,14,12.3,Gold,South,Poor,2023-03-29,1,0
28.1,88.29,704.7,1.8,14,41.43,Silver,South,Good,2023-03-08,1,0
53.7,87.07,672.2,3.5,11,6.43,Silver,East,Good,2021-05-30,0,0
41.8,139.83,674.0,3.2,15,79.94,Silver,West,Good,2022-01-31,1,0
35.8,134.88,712.5,1.5,14,20.11,Bronze,East,Good,2023-12-14,1,0
62.1,50.68,686.8,7.9,13,19.16,Silver,North,Poor,2023-05-14,1,0
38.2,,753.9,6.5,13,142.2,Silver,East,Average,2024-01-07,1,0
36.4,124.27,749.4,6.3,15,56.15,Silver,South,Poor,2023-03-11,1,0
35.6,241.49,748.6,0.6,18,28.91,Gold,West,Good,2021-01-13,1,0
36.4,127.63,633.8,0.7,18,7.59,Gold,West,Poor,2023-12-15,1,0
36.9,78.95,710.5,8.5,15,33.11,Bronze,West,Good,2022-10-20,0,0
37.5,74.32,713.0,1.2,15,11.2,Gold,North,Good,2022-01-18,1,0
42.4,78.14,735.4,0.6,10,18.89,Bronze,East,Average,2022-09-10,0,0
42.1,111.19,634.1,1.6,14,13.68,Bronze,West,Average,2023-07-05,0,0
43.9,102.36,691.7,1.8,14,18.65,Bronze,South,Good,2023-11-25,0,0
43.6,127.78,672.5,1.0,17,50.52,Bronze,East,Good,2021-04-14,1,0
31.5,,604.3,3.0,15,36.3,Bronze,South,Average,2024-02-05,1,0
60.0,34.22,667.8,6.0,21,10.27,Silver,South,Average,2020-07-17,1,0
48.6,40.97,680.8,3.7,21,37.42,Silver,North,Average,2021-08-04,0,0
45.2,147.4,774.7,1.7,17,22.11,Bronze,West,Good,2021-02-16,1,0
33.2,94.36,778.6,4.5,13,19.38,Gold,South,Poor,2021-10-27,1,0
37.1,150.87,703.8,2.8,16,31.16,Bronze,North,Good,2023-09-15,1,0
53.7,80.91,651.0,3.5,22,28.75,Silver,West,Good,2024-01-25,1,0
43.1,30.35,689.4,9.5,17,36.97,Gold,South,Good,2023-07-07,0,0
28.8,78.66,625.5,4.9,14,51.31,Bronze,North,Good,2021-08-13,1,0
61.1,73.23,687.8,25.4,20,56.23,Silver,South,Average,2022-04-28,1,0
30.3,220.74,769.0,10.3,13,9.11,Bronze,South,Good,2023-01-03,0,0
56.1,100.45,811.5,9.1,15,33.63,Silver,West,Good,2021-06-11,1,0
25.4,72.31,654.3,8.4,16,7.36,Bronze,South,Average,2022-04-20,1,0
37.7,115.05,665.9,2.3,16,24.53,Bronze,West,Good,2023-10-10,1,0
23.6,67.44,731.3,0.9,19,95.1,Bronze,West,Good,2021-10-23,0,0
40.3,53.43,689.1,1.7,8,5.1,Bronze,East,Average,2023-10-25,0,0
54.0,186.61,728.4,1.3,17,8.57,Bronze,West,Good,2020-04-29,1,0
27.6,114.95,730.1,0.5,20,74.12,Silver,North,Average,2023-07-12,1,0
26.2,61.63,720.8,8.9,17,15.24,Bronze,East,Good,2022-04-15,1,0
32.6,54.42,747.2,3.0,22,29.0,Bronze,North,Poor,2022-03-21,0,0
55.8,78.54,720.2,7.3,15,26.61,Silver,South,Good,2023-04-04,1,0
36.4,113.48,666.8,4.3,15,10.46,Silver,West,Good,2022-07-29,1,0
33.4,191.43,664.8,13.8,13,61.0,Bronze,West,Average,2021-03-12,1,0
36.6,53.71,673.2,4.9,16,25.48,Gold,South,Average,2020-01-11,0,0
52.0,48.19,744.5,4.2,11,5.99,Bronze,East,Average,2021-11-18,1,0
37.0,96.52,592.4,6.9,16,42.38,Bronze,South,Good,2022-03-21,1,0
54.6,48.28,752.8,7.4,12,65.36,Silver,East,Average,2021-01-12,1,0
27.6,169.54,731.6,0.8,16,8.19,Bronze,East,Poor,2023-06-23,1,0
37.8,37.35,723.7,6.5,18,25.18,Bronze,East,Average,2021-06-10,0,0
53.9,142.88,716.4,13.5,12,22.12,Bronze,East,Poor,2023-06-20,1,0
48.9,110.04,743.9,2.1,14,13.87,Gold,East,Poor,2020-12-28,1,0
31.8,40.83,679.2,21.3,14,39.53,Silver,West,Good,2022-01-14,0,0
29.2,96.54,663.7,0.2,9,10.38,Bronze,North,Good,2021-07-15,0,0
51.2,48.33,674.2,0.8,13,19.64,Bronze,North,Good,2023-06-05,1,0
30.1,93.05,717.3,10.5,19,15.75,Silver,South,Average,2022-03-28,1,0
37.1,156.47,691.7,3.9,19,25.25,Bronze,South,Average,2021-07-15,1,0
64.6,115.8,611.1,3.9,21,6.85,Bronze,East,Good,2023-12-11,0,0
43.5,92.23,695.9,3.9,19,11.64,Platinum,East,Poor,2020-08-01,0,0
28.0,51.16,672.9,0.6,9,30.31,Silver,South,Average,2023-12-15,0,0
33.4,119.37,687.4,1.2,11,21.03,Silver,West,Good,2021-05-18,0,0
49.9,48.63,708.9,2.1,17,11.08,Bronze,East,Good,2023-08-02,0,0
50.2,222.19,760.1,4.0,16,27.26,Silver,North,Good,2022-11-02,0,0
28.3,71.19,726.4,3.1,15,32.92,Silver,East,Poor,2023-01-11,1,0
34.3,69.77,693.2,4.5,13,15.42,Platinum,West,Average,2022-10-03,0,0
20.5,72.41,750.0,11.0,15,15.49,Silver,North,Average,2022-03-03,1,0
15.6,85.61,704.3,4.0,18,3.3,Gold,East,Poor,2022-03-28,1,0
32.7,171.24,749.6,5.4,17,15.23,Silver,West,Poor,2021-07-08,1,0
49.6,133.64,575.6,2.1,22,11.59,Silver,West,Good,2021-12-22,1,0
21.9,119.49,750.7,11.5,15,73.3,Bronze,East,Average,2022-08-05,1,0
44.8,73.07,645.7,3.7,18,12.34,Platinum,West,Poor,2023-04-21,1,0
42.8,73.98,720.2,1.4,20,29.45,Bronze,South,Good,2022-10-05,0,0
48.8,91.75,675.1,4.5,18,15.62,Silver,North,Poor,2021-02-14,1,0
40.5,68.81,660.4,0.5,9,6.77,Silver,South,Good,2024-01-11,0,0
30.1,206.56,652.8,3.1,12,12.1,Gold,East,Good,2023-10-06,1,0
41.1,48.54,682.2,1.5,17,28.17,Bronze,South,Average,2020-07-18,1,0
61.6,40.89,670.8,5.2,15,11.63,Gold,West,Good,2021-06-25,1,0
65.6,66.99,691.1,0.5,13,12.69,Bronze,East,Average,2021-05-13,0,0
54.6,51.98,617.8,4.7,11,15.53,Gold,West,Good,2022-01-08,0,0
44.7,176.73,689.4,6.6,10,36.12,Bronze,South,Average,2021-02-07,1,0
54.6,92.96,696.3,7.4,22,35.21,Silver,West,Good,2020-09-07,1,0
66.9,90.29,614.0,4.0,13,9.93,Bronze,West,Good,2023-08-08,0,0
32.9,22.95,639.1,2.9,14,12.84,Gold,South,Average,2023-05-05,1,0
39.0,56.41,742.9,8.8,13,89.55,Bronze,West,Good,2023-01-03,0,0
43.6,65.6,775.1,3.7,10,19.41,Platinum,North,Good,2022-07-20,0,0
47.3,,723.2,0.2,14,31.61,Gold,East,Good,2020-10-22,1,0
35.3,33.46,566.1,2.3,17,28.88,Silver,West,Good,2020-09-05,1,0
35.5,36.3,704.1,10.5,6,15.74,Bronze,South,Good,2021-06-07,0,0
29.3,47.79,732.8,3.7,23,6.12,Bronze,North,Good,2023-02-16,0,0
18.3,46.68,745.3,2.2,14,29.68,Bronze,North,Good,2022-08-29,0,0
49.4,103.19,713.4,3.9,19,17.01,Bronze,West,Good,2021-01-09,1,0
39.6,30.26,767.2,3.8,13,14.48,Silver,North,Average,2023-06-02,1,0
43.8,77.63,819.5,1.5,11,27.5,Bronze,South,Good,2021-03-23,1,0
55.6,94.21,777.5,0.8,9,63.9,Bronze,South,Average,2023-01-30,1,0
44.3,39.12,684.7,7.3,11,15.23,Silver,South,Good,2021-02-10,1,0
44.1,107.68,731.8,1.9,15,29.81,Silver,West,Good,2022-01-31,1,0
53.9,172.61,733.4,7.0,14,45.82,Gold,North,Poor,2021-07-18,1,0
50.0,375.15,700.4,4.2,22,12.63,Gold,East,Average,2022-10-07,1,0
38.2,44.47,720.3,9.0,15,26.36,Silver,East,Poor,2020-05-30,1,0
50.4,114.16,774.0,5.4,17,9.1,Gold,West,Good,2022-10-01,1,0
26.6,88.57,710.0,6.0,20,24.29,Platinum,West,Good,2023-08-14,1,0
28.6,93.92,669.7,8.2,15,60.09,Gold,West,Good,2020-02-04,1,0
69.9,59.06,689.3,11.4,20,11.34,Bronze,East,Good,2023-10-14,1,0
37.8,133.87,624.8,3.1,15,4.96,Bronze,South,Average,2022-07-21,0,0
61.3,81.21,657.8,15.6,15,17.31,Platinum,East,Average,2022-02-04,1,0
45.6,171.53,710.7,2.9,11,28.84,Bronze,North,Good,2021-03-31,0,0
43.0,288.18,689.3,3.6,16,43.1,Gold,South,Poor,2022-08-16,1,0
31.3,65.31,678.1,11.4,13,10.16,Bronze,East,Good,2024-01-08,0,0
34.0,83.91,790.6,1.8,23,5.06,Bronze,East,Good,2023-03-28,1,0
,61.57,763.4,2.5,9,4.71,Silver,West,Good,2023-09-24,1,0
33.7,114.19,642.1,4.3,20,56.85,Gold,North,Poor,2023-05-13,1,0
36.5,85.19,755.3,14.3,14,8.79,Silver,North,Average,2020-10-12,1,0
66.2,95.78,671.5,0.3,12,20.07,Bronze,North,Poor,2023-12-06,1,0
47.7,181.17,703.9,2.1,25,11.03,Platinum,North,Good,2020-04-15,1,0
36.4,68.44,744.3,3.0,11,26.5,Bronze,East,Good,2022-12-12,0,0
40.6,117.91,726.0,4.7,16,16.29,Bronze,North,Good,2021-05-07,0,0
50.1,68.96,731.1,1.0,9,19.6,Bronze,East,Average,2020-07-09,0,0
40.2,38.42,714.0,0.5,15,9.43,Bronze,South,Average,2021-12-08,0,0
61.0,13.0,651.4,2.9,21,115.43,Bronze,South,Average,2023-02-08,0,0
45.2,55.97,742.7,1.4,17,37.24,Bronze,South,Good,2021-12-20,1,0
8.8,374.56,674.8,3.0,14,39.91,Gold,East,Good,2022-10-20,1,0
59.6,70.05,692.0,0.5,4,33.18,Platinum,West,Good,2020-07-12,1,0
34.7,89.97,668.4,5.3,17,15.55,Bronze,West,Average,2021-06-02,1,0
21.7,134.41,741.3,19.7,10,10.25,Silver,South,Average,2020-12-14,1,0
44.7,85.37,649.7,3.3,9,17.97,Silver,South,Average,2020-05-25,1,0
52.6,38.64,682.7,1.5,16,81.52,Platinum,North,Average,2023-04-09,1,0
44.5,170.18,637.8,7.5,10,68.76,Bronze,North,Good,2023-09-30,1,0
35.8,97.95,675.0,0.9,11,8.63,Bronze,South,Good,2023-05-07,0,0
57.5,180.76,682.1,4.6,17,6.8,Platinum,North,Poor,2021-10-22,0,0
45.8,115.14,691.5,2.4,24,14.22,Bronze,East,Good,2020-05-20,1,0
23.9,63.6,753.8,9.9,16,31.35,Gold,North,Poor,2021-04-19,1,0
42.2,41.08,610.3,5.5,24,38.91,Platinum,West,Average,2023-02-05,1,0
40.8,126.78,741.8,2.4,12,24.31,Silver,North,Good,2021-05-09,1,0
33.9,162.97,754.0,2.1,26,60.88,Silver,South,Good,2023-11-13,1,0
36.0,162.74,757.7,11.4,13,6.08,Bronze,East,Average,2022-05-18,1,0
35.5,159.75,651.6,3.3,11,12.82,Silver,East,Good,2021-09-29,1,0
53.3,26.75,698.7,0.8,14,35.33,Gold,North,Good,2021-11-23,0,0
29.9,155.23,721.6,5.4,8,21.75,Silver,North,Average,2022-05-19,1,0
62.3,46.08,734.8,1.2,18,20.63,Gold,East,Good,2022-04-26,1,0
48.7,25.94,773.2,0.4,14,104.36,Platinum,South,Good,2021-12-21,1,0
58.0,158.36,712.2,2.6,18,27.25,Silver,North,Average,2020-02-10,1,0
30.4,110.22,631.0,2.6,20,99.95,Silver,West,Average,2023-08-07,0,0
45.0,53.55,715.0,3.8,11,29.35,Silver,South,Poor,2022-03-29,1,0
42.2,190.58,737.7,7.3,16,18.05,Silver,West,Poor,2021-10-03,1,0
49.4,39.07,727.0,8.1,10,221.65,Silver,South,Good,2023-09-29,0,0
45.7,72.78,678.4,13.2,19,10.53,Silver,West,Good,2021-07-06,1,0
52.1,173.94,774.7,0.2,17,121.42,Bronze,North,Good,2022-12-23,1,0
43.5,49.44,688.0,2.2,15,14.97,Gold,West,Good,2023-07-06,0,0
49.6,238.43,758.3,13.2,17,87.67,Bronze,North,Poor,2021-08-21,1,0
53.8,154.83,725.8,3.4,12,20.19,Gold,South,Average,2020-03-10,1,0
47.9,85.05,768.5,0.1,24,9.38,Bronze,East,Average,2021-09-29,1,0
25.8,44.55,849.1,5.2,16,9.64,Bronze,South,Average,2021-05-28,0,0
44.6,96.92,699.4,1.4,12,9.19,Silver,North,Average,2020-08-07,1,0
27.7,161.12,701.4,0.2,16,78.19,Silver,South,Average,2023-08-18,0,0
46.1,93.84,694.4,8.1,13,12.03,Bronze,North,Average,2020-03-08,0,0
54.0,256.88,737.3,8.9,17,7.73,Bronze,East,Good,2020-10-27,1,0
26.7,196.06,664.9,24.7,10,7.09,Silver,South,Good,2023-07-10,1,0
30.0,103.24,701.8,2.8,14,31.62,Silver,South,Poor,2022-12-21,1,0
56.0,100.14,627.7,4.6,17,70.68,Gold,East,Poor,2023-10-05,1,0
27.6,181.49,676.0,8.1,7,30.23,Gold,North,Good,2020-07-31,1,0
38.5,76.78,668.1,3.3,11,53.7,Bronze,West,Average,2021-01-22,1,0
25.3,131.26,672.3,3.9,10,35.37,Silver,South,Good,2020-11-17,1,0
37.0,157.04,685.0,0.6,12,27.7,Platinum,South,Average,2021-03-06,1,0
47.4,190.94,710.5,3.1,11,67.26,Silver,West,Good,2022-06-17,1,0
49.1,194.82,625.6,10.7,12,22.21,Bronze,North,Good,2022-09-15,1,0
41.7,201.42,706.8,0.6,18,18.55,Bronze,West,Good,2022-08-04,1,0
34.5,51.29,682.4,2.7,13,7.96,Gold,East,Good,2022-10-21,1,0
24.0,80.89,654.1,6.5,14,9.88,Silver,North,Average,2022-05-23,0,0
33.2,256.29,772.0,0.2,12,18.86,Silver,South,Good,2022-05-27,1,0
42.1,101.03,749.4,3.3,11,40.65,Gold,North,Poor,2021-08-14,0,0
31.3,114.43,722.1,2.9,19,15.99,Gold,South,Poor,2022-04-04,1,0
36.7,76.28,740.2,13.9,16,12.34,Platinum,West,Poor,2020-11-25,1,0
25.9,99.53,667.1,1.2,15,12.28,Bronze,North,Average,2023-03-15,1,0
52.2,196.46,704.6,1.0,11,42.16,Platinum,East,Poor,2020-10-17,1,0
34.2,71.5,645.6,0.5,16,8.57,Bronze,West,Good,2021-02-27,0,0
27.6,62.33,751.2,22.3,18,9.03,Silver,South,Good,2023-07-15,1,0
44.5,83.67,614.0,0.2,15,53.26,Bronze,West,Average,2022-12-06,0,0
68.6,60.79,606.1,9.9,19,16.77,Bronze,North,Good,2020-07-01,0,0
39.1,160.28,677.6,12.2,17,98.44,Silver,West,Average,2023-04-27,0,0
61.4,57.59,622.2,1.0,9,6.5,Bronze,North,Average,2020-12-18,1,0
52.0,73.72,694.3,7.9,12,17.4,Gold,West,Good,2020-09-04,1,0
42.8,543.2,764.1,8.0,10,38.57,Gold,South,Poor,2023-04-13,1,0
34.9,85.57,730.5,5.0,16,11.3,Bronze,North,Good,2020-12-25,0,0
46.3,,645.3,14.5,18,33.11,Gold,East,Good,2020-03-23,1,0
54.1,86.69,740.6,8.5,16,21.83,Gold,East,Average,2021-06-29,1,0
36.5,50.48,644.2,1.5,5,18.05,Platinum,South,Good,2023-02-15,0,0
32.3,74.71,676.6,2.0,12,48.73,Gold,North,Good,2022-05-19,1,0
27.4,180.69,640.1,1.1,15,41.55,Silver,East,Poor,2020-10-13,0,0
72.5,131.56,641.3,3.8,15,22.26,Silver,South,Average,2022-06-05,0,0
40.4,109.78,755.8,5.4,19,7.37,Silver,East,Good,2021-06-01,0,0
60.8,236.54,728.4,2.8,11,14.44,Bronze,North,Good,2023-02-14,1,0
49.5,23.6,721.4,6.6,11,6.25,Silver,South,Good,2021-03-13,1,0
44.6,143.5,676.8,8.4,16,69.97,Platinum,West,Good,2021-03-07,1,0
47.7,140.32,622.0,10.8,11,5.96,Gold,East,Good,2022-12-13,1,0
58.9,96.08,614.8,1.7,12,3.26,Silver,South,Good,2021-08-04,1,0
52.0,74.41,624.4,3.3,21,12.96,Platinum,East,Poor,2023-07-06,0,0
49.4,84.34,651.8,14.3,18,1.79,Bronze,West,Good,2021-03-05,0,0
40.0,110.47,676.7,18.7,17,13.75,Bronze,South,Good,2021-06-09,1,0
38.0,114.38,763.0,3.2,18,29.29,Gold,West,Good,2023-05-07,1,0
32.0,42.84,767.9,1.9,16,23.71,Bronze,West,Average,2022-10-10,0,0
26.0,80.2,780.1,3.4,20,15.28,Bronze,West,Good,2022-02-25,1,0
32.5,228.2,701.4,0.8,11,22.38,Gold,South,Good,2021-05-29,1,0
50.1,61.07,737.3,10.0,14,78.96,Silver,North,Average,2020-12-18,1,0
42.6,133.19,761.8,15.5,18,12.8,Bronze,North,Poor,2020-04-18,1,0
43.4,98.04,728.5,1.4,13,27.38,Silver,South,Average,2021-07-07,0,0
28.2,47.66,703.7,7.4,16,19.32,Bronze,West,Average,2020-12-09,0,0
30.0,89.95,640.6,2.7,13,11.7,Silver,North,Average,2022-04-21,1,0
63.9,97.88,669.3,5.7,17,23.72,Gold,East,Poor,2022-05-05,0,0
44.0,92.82,740.3,1.9,11,31.84,Silver,West,Good,2021-06-07,0,0
54.6,113.35,659.5,0.6,15,18.68,Bronze,North,Average,2020-09-18,0,0
28.1,58.24,670.2,1.8,8,18.24,Silver,East,Average,2022-09-30,1,0
46.3,,647.7,2.3,15,9.58,Silver,East,Average,2021-06-01,0,0
50.0,108.68,,9.4,14,14.72,Silver,North,Average,2021-09-03,1,0
36.6,83.43,608.8,9.1,12,20.77,Bronze,North,Good,2022-10-29,1,0
28.6,39.84,700.1,1.0,19,45.21,Bronze,South,Good,2021-11-17,0,0
49.1,60.39,705.4,5.0,13,24.4,Bronze,East,Average,2022-11-28,1,0
47.3,156.45,726.1,3.3,14,65.25,Bronze,North,Good,2020-05-12,1,0
10.6,34.21,731.3,2.7,13,36.16,Gold,West,Average,2022-07-19,1,0
6.2,153.96,751.7,2.2,13,13.87,Silver,West,Poor,2022-04-30,1,0
29.6,151.29,704.5,1.2,12,25.71,Platinum,North,Good,2020-08-12,0,0
37.0,37.87,665.8,0.4,10,20.1,Platinum,North,Poor,2021-10-08,1,0
32.3,63.22,658.3,3.8,14,16.15,Gold,West,Good,2020-06-13,1,0
46.2,103.92,752.3,0.1,15,48.48,Bronze,North,Average,2022-12-08,0,0
6.5,121.88,648.7,2.4,15,15.76,Silver,North,Good,2022-11-01,1,0
44.1,93.91,692.1,3.2,10,51.49,Bronze,North,Good,2021-11-08,1,0
33.9,,652.6,2.3,16,1.19,Gold,East,Good,2020-07-20,1,0
13.7,68.52,783.2,6.0,14,13.5,Silver,North,Average,2023-01-27,0,0
30.9,46.66,738.7,2.5,13,13.71,Silver,South,Average,2022-01-28,0,0
,,798.2,1.0,12,6.46,Silver,South,Good,2023-01-13,0,0
35.0,94.57,698.2,5.8,20,35.45,Silver,West,Average,2023-07-09,1,0
47.7,47.62,726.5,2.5,12,7.72,Bronze,North,Poor,2023-01-11,0,0
37.9,222.77,683.0,10.0,14,18.13,Bronze,West,Poor,2021-07-20,1,0
38.9,109.84,638.3,7.4,18,8.62,Bronze,East,Good,2022-02-22,1,0
49.5,102.34,638.3,9.1,15,12.53,Silver,East,Good,2020-12-17,1,0
45.1,313.2,600.7,4.5,12,22.68,Silver,East,Average,2020-04-19,1,0
49.8,74.53,617.4,6.7,19,15.93,Platinum,South,Poor,2022-06-01,1,0
59.9,82.63,715.8,0.5,13,15.7,Bronze,North,Average,2021-05-02,0,0
41.5,97.25,678.1,2.7,17,9.67,Gold,West,Poor,2021-05-08,0,0
24.8,248.52,647.6,7.2,11,35.21,Platinum,West,Good,2020-02-09,1,0
61.6,65.36,717.0,2.9,9,66.84,Platinum,South,Average,2023-07-23,0,0
54.6,46.59,672.7,10.2,8,39.74,Bronze,East,Good,2022-10-12,0,0
34.7,92.84,583.0,1.1,15,10.22,Bronze,East,Poor,2021-07-11,0,0
53.9,46.14,683.3,9.7,9,4.79,Silver,South,Average,2020-11-10,1,0
65.3,125.41,695.9,4.2,13,20.69,Bronze,North,Average,2023-07-03,1,0
27.7,74.19,716.7,12.3,22,65.66,Silver,North,Good,2023-04-12,0,0
28.8,76.63,707.2,1.5,14,23.31,Platinum,North,Average,2021-10-09,1,0
55.2,35.46,734.9,11.1,19,36.32,Gold,West,Poor,2023-01-31,0,0
59.5,99.57,665.8,1.8,7,36.93,Gold,North,Poor,2022-10-24,1,0
35.9,44.45,720.7,5.4,19,42.68,Gold,North,Good,2023-06-06,0,0
48.8,89.02,709.8,23.5,21,79.8,Bronze,East,Good,2021-07-31,1,0
41.2,99.2,707.6,0.6,18,13.38,Bronze,West,Average,2020-04-04,0,0
11.0,256.08,695.2,0.6,12,10.87,Bronze,East,Poor,2021-07-04,1,0
41.5,84.0,773.7,11.1,14,76.06,Silver,East,Average,2024-02-07,1,0
68.9,256.56,695.3,6.2,15,8.1,Platinum,East,Poor,2022-04-28,1,0
38.8,69.96,710.8,2.1,13,8.0,Gold,West,Good,2020-05-05,1,0
26.6,202.33,623.5,1.2,21,10.91,Bronze,South,Poor,2020-06-22,0,0
,60.11,682.2,0.9,8,46.82,Platinum,North,Good,2022-01-28,1,0
40.8,70.89,673.9,0.7,10,78.06,Silver,East,Good,2022-08-04,0,0
39.6,186.52,823.9,1.9,18,41.54,Gold,West,Good,2021-08-13,1,0
46.6,72.44,784.0,2.2,13,11.19,Silver,West,Good,2022-01-05,1,0
55.5,103.73,703.2,1.2,16,33.36,Bronze,East,Good,2020-07-17,0,0
60.6,231.39,646.1,18.9,18,30.91,Silver,West,Good,2022-04-25,1,0
56.4,263.41,731.7,0.6,7,11.63,Bronze,South,Good,2023-05-08,0,0
35.7,102.38,711.7,1.3,19,160.86,Silver,North,Good,2021-09-07,1,0
39.6,111.04,692.9,4.7,15,29.41,Gold,South,Average,2021-08-23,1,0
37.6,106.0,742.0,2.5,9,31.96,Bronze,East,Average,2022-10-16,1,0
46.0,69.64,712.4,3.7,16,6.27,Gold,South,Good,2024-01-08,0,0
56.6,95.34,698.0,0.2,14,11.45,Bronze,North,Good,2021-05-13,0,0
51.2,46.43,743.3,1.8,8,7.18,Gold,North,Good,2022-09-08,1,0
57.2,72.41,669.6,6.5,17,111.05,Bronze,East,Average,2022-11-06,1,0
48.0,64.43,626.2,0.5,17,12.07,Bronze,South,Average,2023-09-22,0,0
52.1,49.89,724.7,4.9,25,21.66,Silver,South,Poor,2020-12-12,0,0
52.4,56.79,613.3,5.2,12,20.61,Silver,East,Average,2020-05-10,1,0
44.4,87.68,727.3,1.3,18,16.7,Bronze,North,Average,2022-04-08,1,0
53.0,62.16,683.7,1.3,17,25.61,Platinum,North,Average,2023-08-02,0,0
42.0,70.81,692.9,7.6,16,3.75,Silver,South,Good,2021-03-17,1,0
56.2,,663.8,7.1,12,33.01,Bronze,West,Poor,2021-11-29,0,0
26.6,82.45,803.1,2.3,12,16.31,Bronze,South,Average,2022-06-12,0,0
42.4,29.65,758.1,0.7,15,25.75,Gold,South,Good,2021-04-22,0,0
9.3,72.07,642.4,4.8,11,43.88,Gold,North,Average,2022-12-22,1,0
31.9,127.49,,1.4,18,17.24,Bronze,North,Good,2022-09-25,1,0
34.1,47.96,677.9,9.8,13,22.79,Bronze,South,Good,2020-10-19,1,0
50.6,282.5,705.3,2.5,12,11.14,Silver,South,Good,2023-01-29,1,0
44.7,66.64,815.0,2.3,11,14.41,Bronze,West,Poor,2020-08-04,1,0
25.0,110.17,725.9,4.1,18,36.18,Bronze,West,Poor,2020-05-06,0,0
32.7,68.31,670.9,8.0,21,14.51,Gold,North,Average,2022-06-19,1,0
27.8,164.81,774.4,0.6,14,11.56,Platinum,East,Average,2020-01-17,1,0
28.8,187.89,693.2,8.6,13,28.98,Gold,South,Good,2023-09-12,0,0
43.4,37.82,702.7,0.0,14,7.06,Silver,North,Poor,2021-11-25,1,0
39.2,131.33,697.4,5.0,15,51.96,Silver,North,Good,2020-11-15,1,0
52.9,112.79,667.3,3.1,15,9.72,Silver,South,Good,2021-06-18,1,0
31.0,55.07,716.5,0.1,17,21.23,Silver,North,Average,2020-11-28,0,0
17.7,29.7,643.9,6.8,13,21.03,Bronze,South,Good,2023-01-10,0,0
52.3,160.18,817.6,25.6,16,4.97,Platinum,East,Good,2021-02-03,1,0
58.3,80.87,717.5,2.4,16,8.35,Silver,North,Average,2023-12-22,1,0
34.4,172.18,679.9,18.7,19,58.19,Gold,North,Good,2022-04-08,1,0
30.5,110.67,618.5,7.2,19,27.21,Silver,South,Good,2022-03-02,1,0
21.1,111.8,666.9,0.5,8,10.78,Platinum,East,Good,2023-07-05,1,0
12.6,391.33,682.7,0.1,20,26.51,Gold,East,Average,2023-06-15,1,0
28.2,175.11,733.4,0.3,10,43.85,Gold,South,Average,2022-08-31,0,0
36.1,152.72,736.4,7.0,18,15.82,Bronze,East,Good,2023-11-09,1,0
32.7,167.57,698.8,4.2,18,32.44,Gold,South,Good,2021-03-04,1,0
35.7,119.5,594.3,7.2,13,9.64,Bronze,South,Poor,2023-07-21,0,0
66.3,63.95,,6.2,13,11.61,Gold,South,Good,2021-10-23,1,0
45.6,73.5,734.6,8.8,12,35.75,Bronze,East,Good,2023-02-15,0,0
27.3,180.11,665.4,1.4,13,16.56,Silver,West,Good,2022-10-30,1,0
22.8,228.04,619.7,0.7,13,12.69,Bronze,South,Good,2022-06-27,1,0
4.0,64.14,645.3,3.5,14,17.64,Gold,West,Good,2020-12-18,1,0
34.2,21.4,744.5,9.3,10,9.79,Bronze,South,Average,2022-08-21,0,0
33.0,38.51,779.7,1.3,19,33.18,Silver,East,Good,2021-07-09,0,0
31.7,70.0,631.8,1.7,11,34.45,Bronze,East,Poor,2021-03-20,0,0
48.6,49.89,766.4,8.9,17,57.13,Gold,South,Average,2023-08-20,0,0
39.9,135.9,708.3,10.1,18,25.31,Platinum,West,Average,2023-10-17,1,0
44.8,31.44,766.9,5.2,13,21.78,Platinum,North,Poor,2020-01-21,0,0
34.4,108.82,689.4,4.2,9,25.21,Silver,East,Good,2021-01-16,1,0
34.6,356.99,680.8,6.3,15,8.97,Bronze,East,Average,2020-05-31,1,0
27.3,121.5,715.1,3.2,14,36.92,Bronze,North,Good,2022-11-04,1,0
51.0,,660.6,10.8,15,7.0,Silver,East,Good,2020-07-02,1,0
20.4,103.62,764.4,14.2,24,122.17,Gold,West,Average,2021-08-03,1,0
42.4,93.59,761.6,11.8,14,18.43,Gold,North,Good,2022-11-11,0,0
40.2,61.6,651.4,6.4,13,43.14,Bronze,West,Poor,2021-12-20,0,0
41.8,188.2,672.2,2.8,18,6.44,Gold,South,Average,2022-12-24,1,0
33.9,87.44,809.9,1.3,21,19.32,Bronze,West,Average,2023-12-09,1,0
12.9,52.78,698.9,5.0,13,6.42,Bronze,East,Average,2023-04-10,1,0
45.2,34.18,629.7,3.7,17,10.74,Silver,East,Average,2023-10-31,1,0
20.9,178.07,645.3,4.0,13,15.67,Silver,West,Poor,2021-01-24,1,0
34.3,113.36,762.7,1.2,12,10.02,Silver,North,Poor,2022-12-11,1,0
26.9,73.15,,0.0,20,18.24,Silver,East,Average,2020-11-17,0,0
39.1,44.54,734.7,2.4,12,21.11,Silver,East,Average,2020-09-01,0,0
40.1,61.2,673.4,2.5,15,10.17,Silver,South,Good,2020-05-29,1,0
58.0,336.86,650.3,26.3,10,28.58,Bronze,South,Good,2023-06-23,1,0
20.9,71.19,742.1,5.3,11,25.9,Silver,East,Good,2021-07-22,1,0
35.4,87.38,775.0,0.6,15,22.87,Bronze,North,Good,2021-05-07,1,0
41.9,123.51,672.8,4.4,18,53.61,Silver,East,Good,2021-11-22,0,0
28.4,49.16,628.0,0.4,18,58.66,Platinum,West,Good,2022-09-18,1,0
69.0,72.15,602.8,7.6,20,13.98,Gold,South,Good,2021-10-28,1,0
48.4,72.41,782.0,12.2,16,17.7,Platinum,West,Good,2021-12-19,1,0
51.6,123.98,726.8,2.1,26,17.04,Silver,West,Good,2021-02-28,0,0
26.2,47.33,674.9,0.7,20,8.56,Silver,North,Good,2023-04-02,1,0
13.6,136.92,695.7,0.4,11,19.12,Bronze,South,Average,2020-02-24,1,0
21.5,39.86,668.9,8.8,7,13.69,Bronze,South,Average,2023-02-11,0,0
36.2,42.92,686.0,5.0,11,16.16,Platinum,South,Poor,2022-02-11,1,0
69.1,101.01,751.2,0.9,17,7.02,Silver,East,Poor,2023-10-21,0,0
47.6,112.3,729.6,1.3,22,22.41,Silver,West,Poor,2021-06-06,1,0
38.7,71.74,708.7,9.0,10,8.38,Bronze,South,Good,2021-10-31,1,0
43.5,58.02,636.3,3.9,12,144.3,Bronze,East,Good,2021-01-10,1,0
45.4,133.06,660.3,0.3,20,64.88,Bronze,North,Average,2022-02-05,1,0
38.6,101.11,684.7,0.6,8,5.67,Bronze,East,Poor,2020-12-17,1,0
21.6,37.49,604.5,1.6,13,5.42,Bronze,North,Poor,2023-12-17,0,0
41.6,94.29,751.1,1.5,15,16.55,Gold,South,Average,2023-09-17,0,0
29.4,334.23,609.4,8.9,15,9.67,Bronze,South,Good,2022-09-15,1,0
15.8,113.29,617.0,1.8,15,10.79,Silver,South,Good,2020-01-20,0,0
68.1,52.79,646.7,14.7,17,17.4,Silver,East,Average,2021-06-06,1,0
64.6,115.36,670.0,5.0,21,42.0,Silver,West,Average,2021-12-01,0,0
52.0,98.4,685.6,0.9,14,92.52,Bronze,East,Good,2020-04-07,1,0
34.4,101.71,701.4,9.1,13,31.41,Platinum,North,Good,2023-07-10,1,0
25.0,135.43,722.8,2.9,9,37.61,Gold,North,Poor,2021-09-24,1,0
47.8,140.27,741.7,5.1,17,15.29,Silver,South,Good,2022-01-26,1,0
51.6,100.56,708.2,2.1,13,13.34,Bronze,East,Average,2020-12-17,0,0
24.5,43.11,592.4,1.2,19,29.25,Silver,West,Good,2022-08-04,0,0
36.0,121.24,677.4,2.2,17,14.19,Bronze,North,Good,2023-04-01,1,0
49.8,31.1,703.2,6.7,14,14.12,Platinum,South,Good,2021-01-18,1,0
43.9,67.75,652.4,8.3,18,8.8,Bronze,South,Average,2021-06-16,0,0
41.0,147.99,658.5,7.0,16,5.41,Platinum,West,Average,2022-03-18,1,0
45.8,95.9,714.3,0.3,16,7.78,Gold,South,Poor,2021-04-17,0,0
28.3,54.08,672.4,4.8,21,13.23,Bronze,North,Poor,2023-09-12,0,0
62.4,79.6,597.4,8.5,21,22.45,Bronze,East,Poor,2021-07-02,1,0
48.8,145.22,711.4,2.8,13,10.63,Bronze,North,Average,2020-04-14,0,0
40.1,155.24,711.8,2.0,8,15.07,Silver,West,Good,2023-06-14,1,0
67.5,76.02,739.7,1.9,11,39.11,Silver,South,Good,2023-10-26,0,0
,89.9,735.7,0.2,23,9.96,Bronze,West,Good,2020-12-22,0,0
57.5,129.99,729.6,4.2,9,33.43,Gold,North,Good,2020-10-22,1,0
49.7,159.28,821.7,7.4,13,37.66,Gold,West,Good,2020-11-07,0,0
54.4,51.96,792.0,1.6,12,7.16,Bronze,North,Good,2021-02-09,0,0
58.5,78.04,698.6,6.4,13,86.55,Bronze,North,Poor,2020-02-19,0,0
29.9,26.59,639.3,3.7,14,9.85,Silver,North,Good,2022-12-09,0,0
56.2,77.92,737.7,1.1,17,11.53,Gold,East,Good,2020-09-23,0,0
31.1,63.63,599.9,6.7,11,35.93,Gold,North,Poor,2023-02-24,0,0
48.6,32.96,762.2,3.0,15,54.47,Silver,North,Average,2022-11-26,0,0
22.6,92.64,806.4,0.3,12,12.55,Silver,East,Average,2023-04-04,1,0
49.1,177.31,701.1,7.3,8,22.15,Silver,West,Good,2021-12-27,1,0
53.2,29.06,729.5,0.7,22,7.54,Platinum,East,Average,2020-04-16,1,0
27.0,122.87,695.4,7.3,12,20.16,Bronze,East,Good,2020-01-31,1,0
45.6,91.6,802.0,0.2,17,19.79,Gold,West,Good,2020-08-15,1,0
26.0,127.0,586.6,1.4,13,40.36,Bronze,South,Poor,2023-07-27,0,0
19.1,78.31,640.6,1.2,13,105.84,Platinum,East,Average,2022-04-19,1,0
49.9,240.03,623.8,5.1,12,14.71,Bronze,East,Good,2021-11-11,0,0
21.5,186.73,632.3,3.7,12,39.01,Gold,West,Average,2023-05-24,1,0
52.3,505.46,690.3,3.5,17,99.11,Platinum,North,Good,2021-05-05,1,0
20.0,80.74,692.1,1.9,11,16.97,Bronze,South,Good,2020-04-22,1,0
28.3,68.13,585.8,1.5,10,28.21,Bronze,North,Good,2023-02-16,1,0
26.2,35.6,777.6,3.0,17,8.32,Platinum,West,Good,2021-06-28,1,0
48.8,163.27,713.2,6.3,11,191.04,Silver,West,Good,2021-01-02,0,0
45.7,283.03,750.9,1.6,14,51.02,Bronze,South,Average,2021-10-04,1,0
15.3,53.89,675.4,2.0,15,7.71,Gold,West,Average,2023-07-04,0,0
48.3,86.17,,0.6,15,21.6,Bronze,East,Good,2021-01-19,1,0
20.3,120.83,661.0,1.5,20,7.05,Gold,West,Good,2022-10-30,1,0
28.5,87.92,688.8,31.2,14,8.11,Silver,North,Good,2022-12-27,1,0
46.0,125.18,682.0,21.3,14,39.31,Gold,West,Good,2020-04-08,1,0
17.9,302.84,803.7,9.9,17,20.91,Bronze,South,Average,2023-03-24,1,0
51.2,99.81,641.2,0.4,23,13.64,Gold,South,Good,2022-05-30,1,0
29.8,147.4,658.8,9.0,21,70.43,Silver,East,Good,2022-11-28,1,0
52.7,93.87,713.7,1.4,15,13.53,Gold,South,Good,2022-12-24,1,0
42.3,201.24,699.2,2.6,18,5.13,Silver,South,Good,2021-08-21,1,0
39.6,184.13,663.7,4.6,17,48.75,Gold,South,Good,2022-01-01,1,0
25.6,64.3,807.7,9.6,17,11.83,Platinum,North,Good,2022-09-19,1,0
50.4,116.72,,0.2,18,15.49,Silver,East,Average,2020-09-25,1,0
39.4,68.2,712.1,0.1,15,22.14,Silver,West,Poor,2023-03-09,1,0
29.2,58.69,630.1,13.7,13,32.61,Silver,West,Good,2023-06-02,1,0
38.0,55.84,781.6,0.3,16,14.28,Bronze,East,Average,2022-12-23,0,0
28.6,70.09,719.7,0.4,13,42.08,Platinum,South,Good,2020-05-15,1,0
26.9,69.77,664.4,4.3,17,62.11,Silver,East,Good,2020-10-27,0,0
31.1,172.71,716.4,5.4,12,10.99,Silver,South,Good,2023-05-19,1,0
29.3,43.87,757.9,4.1,18,9.61,Silver,South,Good,2021-04-08,0,0
37.1,72.87,734.2,2.3,15,23.8,Bronze,East,Good,2023-04-18,1,0
35.1,225.83,705.9,7.8,17,45.76,Bronze,West,Average,2020-10-06,1,0
43.8,53.1,703.3,2.6,14,21.75,Platinum,West,Good,2022-09-14,1,0
36.3,41.04,639.8,2.0,14,19.54,Bronze,South,Average,2023-08-22,1,0
44.0,190.09,726.3,3.3,20,25.46,Gold,West,Poor,2020-11-22,1,0
,60.95,745.3,2.3,18,19.55,Gold,North,Good,2020-06-11,1,0
35.7,65.54,694.5,0.3,18,59.57,Gold,North,Good,2022-08-01,1,0
51.5,196.87,709.4,6.4,19,32.58,Silver,South,Poor,2022-12-02,1,0
43.1,62.26,695.3,2.7,17,22.36,Bronze,South,Average,2023-01-06,0,0
36.4,154.19,783.7,15.2,10,52.69,Silver,West,Good,2023-10-18,1,0
39.9,77.01,742.8,6.7,23,43.08,Gold,North,Good,2024-01-24,1,0
45.3,158.82,735.3,0.1,15,30.5,Bronze,South,Average,2021-07-02,0,0
43.2,108.15,695.4,14.0,14,42.36,Gold,West,Average,2021-03-16,1,0
36.2,123.56,734.6,0.8,20,11.71,Silver,South,Poor,2023-08-03,0,0
38.7,139.61,740.0,8.0,15,51.98,Silver,East,Average,2020-07-25,1,0
17.0,32.43,670.8,1.5,16,26.09,Silver,North,Average,2020-07-25,1,0
42.0,67.45,733.0,0.3,12,7.44,Bronze,South,Good,2022-01-10,1,0
40.9,65.63,593.1,0.9,13,20.55,Silver,North,Good,2020-11-14,0,0
41.5,143.38,630.3,13.0,11,17.91,Bronze,South,Good,2023-05-06,1,0
36.4,73.87,660.3,8.7,17,17.83,Silver,South,Average,2023-02-26,1,0
50.8,109.4,784.4,5.3,14,35.71,Silver,West,Average,2023-11-13,1,0
56.7,131.38,708.4,0.9,14,15.35,Silver,South,Average,2021-04-04,1,0
44.8,198.83,709.4,3.6,15,35.44,Silver,East,Poor,2021-08-06,1,0
10.4,300.62,700.0,5.5,12,51.49,Gold,North,Good,2020-06-12,1,0
44.8,35.07,700.5,3.0,14,17.25,Silver,South,Good,2021-03-17,1,0
42.0,70.64,739.8,0.9,13,31.58,Gold,South,Average,2020-08-08,1,0
49.8,103.73,714.4,2.4,16,15.05,Gold,North,Good,2023-03-07,1,0
56.1,287.52,748.8,1.3,10,32.98,Gold,West,Average,2023-03-02,1,0
40.3,98.95,682.2,0.0,8,25.56,Silver,West,Good,2020-01-03,1,0
44.9,65.22,761.9,5.6,13,96.67,Bronze,West,Average,2022-02-22,1,0
40.9,69.17,688.9,1.8,21,41.0,Silver,South,Good,2021-08-05,0,0
57.5,65.86,701.7,3.5,16,14.49,Silver,North,Poor,2021-03-30,1,0
52.7,37.43,676.2,1.4,15,13.21,Gold,North,Good,2023-07-26,0,0
41.1,128.34,745.3,28.9,19,5.84,Gold,East,Poor,2023-12-04,1,0
50.4,185.89,662.6,9.0,11,18.93,Bronze,South,Poor,2021-09-14,1,0
43.6,46.67,671.1,0.8,23,11.86,Platinum,South,Poor,2021-09-25,1,0
36.5,150.62,620.1,0.4,22,4.79,Silver,East,Poor,2023-08-05,0,0
35.4,297.49,761.0,9.3,17,6.25,Gold,West,Average,2020-03-24,1,0
39.1,107.67,683.9,5.3,14,6.92,Silver,South,Poor,2023-06-24,1,0
27.7,227.24,707.7,3.6,21,24.91,Bronze,East,Good,2023-01-26,1,0
40.5,98.1,644.9,0.5,9,52.16,Bronze,West,Average,2023-10-08,1,0
26.8,109.29,725.9,9.0,10,31.56,Platinum,South,Average,2021-03-21,1,0
19.3,109.12,683.2,10.5,11,27.92,Gold,South,Good,2022-07-27,1,0
47.8,58.99,770.1,2.3,10,36.45,Bronze,South,Average,2022-07-13,0,0
48.6,66.93,763.2,1.9,13,8.58,Platinum,East,Good,2022-10-24,0,0
42.3,121.95,699.4,2.0,14,23.09,Silver,West,Average,2023-09-08,0,0
35.8,175.79,583.8,1.7,15,48.87,Bronze,East,Poor,2020-12-25,1,0
37.0,162.32,723.3,17.5,20,23.69,Platinum,East,Good,2020-02-06,1,0
26.4,238.08,729.0,2.8,10,6.95,Silver,South,Poor,2023-08-22,1,0
48.9,57.51,712.0,5.6,16,15.28,Silver,North,Good,2023-06-21,1,0
35.9,102.1,650.8,26.6,16,28.6,Gold,North,Good,2021-02-13,1,0
44.4,86.27,731.1,7.3,18,27.13,Silver,East,Good,2020-03-25,0,0
28.0,67.38,760.3,0.8,16,42.85,Platinum,East,Average,2022-10-20,1,0
56.6,76.39,710.8,2.4,13,22.0,Gold,South,Good,2022-02-18,1,0
37.3,46.95,612.3,7.3,18,15.72,Gold,West,Average,2023-12-10,0,0
59.7,102.99,655.3,2.5,14,14.28,Bronze,West,Average,2023-08-18,0,0
25.5,30.62,754.8,3.1,13,23.72,Gold,South,Good,2024-01-09,1,0
18.5,135.95,602.3,0.6,19,28.66,Platinum,East,Poor,2021-04-09,1,0
27.0,63.82,762.4,0.7,15,18.67,Silver,North,Average,2021-09-29,1,0
59.6,98.64,716.1,16.1,15,17.63,Bronze,East,Good,2023-09-19,0,0
32.3,270.44,779.3,7.0,19,19.33,Platinum,South,Good,2023-10-21,1,0
47.3,47.02,709.2,0.0,12,118.13,Bronze,West,Good,2023-11-02,0,0
25.3,38.3,637.8,0.9,12,28.46,Silver,East,Average,2021-08-05,0,0
51.0,136.33,727.4,2.5,13,11.41,Silver,West,Poor,2023-05-22,1,0
43.4,145.53,720.5,3.6,16,47.85,Bronze,West,Good,2022-02-23,0,0
35.4,39.66,685.1,6.4,14,18.22,Gold,North,Average,2020-12-02,1,0
44.7,154.86,727.0,8.7,20,12.44,Silver,North,Average,2022-07-18,1,0
52.0,107.13,711.1,0.5,21,45.37,Silver,South,Average,2020-09-15,0,0
40.2,47.77,671.4,3.4,10,3.74,Gold,West,Good,2020-12-16,0,0
33.0,136.88,638.9,0.7,16,7.69,Bronze,North,Good,2020-10-17,1,0
45.9,120.71,625.8,3.2,10,31.86,Bronze,North,Average,2021-12-05,0,0
41.4,97.08,716.1,18.5,10,18.99,Bronze,South,Good,2022-04-13,1,0
46.9,97.15,716.7,6.4,11,21.27,Platinum,North,Good,2021-03-28,1,0
35.7,44.7,674.3,6.9,13,34.45,Silver,West,Good,2022-04-09,0,0
58.9,91.94,717.1,4.8,11,15.59,Platinum,South,Good,2021-01-16,0,0
46.0,46.36,659.1,6.7,17,71.13,Bronze,West,Average,2020-06-16,0,0
37.7,162.59,716.1,18.0,8,6.69,Bronze,West,Good,2021-06-13,1,0
59.1,27.08,688.5,2.9,17,9.84,Silver,North,Good,2020-01-29,0,0
35.4,115.47,783.4,0.3,16,27.43,Silver,South,Average,2022-09-14,0,0
36.4,95.73,716.6,11.8,16,16.88,Gold,East,Average,2022-08-10,1,0
56.1,232.09,668.3,0.6,11,4.92,Silver,North,Poor,2021-03-06,0,0
20.0,146.33,717.0,10.6,9,3.75,Silver,South,Poor,2021-05-17,1,0
30.2,117.03,696.5,1.5,13,7.19,Bronze,South,Average,2023-09-10,0,0
40.9,62.65,681.8,8.1,15,12.63,Platinum,North,Good,2023-01-11,0,0
16.3,39.33,739.8,4.2,13,42.81,Bronze,North,Good,2022-03-27,0,0
26.4,241.38,709.2,7.4,23,14.16,Bronze,West,Average,2020-01-25,1,0
29.2,100.74,708.0,1.9,9,9.8,Bronze,North,Good,2022-01-17,1,0
37.2,66.25,638.3,8.4,14,43.78,Silver,South,Good,2023-03-24,1,0
27.6,63.73,681.2,4.4,11,53.37,Silver,South,Average,2021-10-26,1,0
37.3,98.5,721.0,3.9,18,9.71,Silver,South,Poor,2021-01-13,1,0
54.2,147.53,694.8,9.1,15,9.87,Gold,West,Poor,2021-05-22,1,0
44.8,45.22,595.3,12.3,23,15.29,Gold,West,Poor,2021-07-30,1,0
27.9,81.52,694.5,3.4,20,36.53,Bronze,East,Average,2023-06-05,0,0
55.0,127.85,725.4,3.8,18,13.5,Gold,South,Poor,2023-05-22,1,0
26.8,179.7,704.8,9.6,14,93.1,Bronze,South,Average,2020-04-05,1,0
63.6,228.64,690.8,1.5,15,14.84,Platinum,East,Good,2021-03-04,1,0
42.7,32.45,,3.0,18,8.06,Gold,West,Poor,2020-04-06,1,0
25.9,116.01,764.6,1.0,15,18.17,Gold,North,Good,2023-07-12,1,0
38.8,44.84,801.7,9.4,15,48.69,Gold,West,Good,2023-06-03,1,0
52.5,161.89,700.6,4.1,14,10.67,Bronze,South,Poor,2021-01-08,1,0
43.9,42.92,744.0,1.6,13,8.47,Platinum,South,Good,2022-09-20,1,0
30.7,32.68,638.8,11.4,14,82.08,Bronze,South,Average,2021-12-11,1,0
30.1,73.93,705.9,5.6,21,11.01,Platinum,North,Good,2023-11-17,0,0
50.9,62.24,692.4,9.0,18,30.41,Bronze,South,Good,2020-10-19,0,0
29.8,86.43,736.3,2.1,15,51.84,Bronze,West,Good,2020-05-01,1,0
60.3,85.16,703.8,32.1,18,11.71,Bronze,East,Good,2022-01-28,1,0
42.7,105.37,699.8,0.8,14,95.0,Silver,East,Good,2023-04-05,1,0
60.2,120.39,665.5,3.8,13,17.52,Bronze,East,Poor,2022-11-24,1,0
30.0,48.66,626.4,0.8,14,26.83,Gold,South,Good,2024-01-11,1,0
33.6,191.71,,0.7,9,17.41,Platinum,East,Average,2021-12-28,1,0
54.0,48.36,777.3,8.4,17,16.26,Platinum,South,Average,2022-11-15,1,0
51.2,109.42,655.5,8.9,18,14.78,Silver,West,Poor,2023-02-05,1,0
43.3,424.44,760.3,3.9,22,26.89,Silver,South,Good,2023-07-02,1,0
24.1,81.65,702.1,4.2,11,21.44,Bronze,West,Good,2022-03-22,1,0
40.4,84.84,645.6,0.6,11,12.96,Gold,West,Good,2021-05-17,0,0
35.4,87.34,736.7,4.9,12,12.5,Gold,East,Good,2023-10-29,1,0
32.4,119.02,788.5,3.7,15,22.14,Gold,North,Good,2022-06-15,1,0
28.4,63.26,718.8,0.1,18,4.77,Platinum,West,Average,2023-03-15,1,0
27.2,98.3,751.6,1.2,14,4.59,Bronze,East,Average,2020-10-05,0,0
22.7,115.15,715.6,41.5,20,104.14,Silver,South,Average,2023-02-16,1,0
51.4,225.37,701.3,0.8,15,19.07,Platinum,South,Average,2020-02-23,1,0
34.8,42.36,715.4,21.0,18,17.42,Bronze,South,Average,2023-09-24,0,0
46.4,,742.6,9.8,10,8.14,Bronze,South,Good,2020-08-31,0,0
28.2,308.5,752.7,0.8,12,24.71,Bronze,West,Average,2021-09-05,1,0
27.9,119.52,743.2,4.9,14,18.42,Gold,South,Average,2021-04-10,1,0
53.1,171.46,672.3,6.9,13,21.95,Bronze,East,Average,2021-08-30,1,0
35.9,102.64,523.4,2.9,13,10.78,Silver,East,Good,2023-11-14,1,0
34.9,56.56,702.5,1.7,17,92.05,Bronze,North,Average,2022-09-03,0,0
36.5,53.99,670.6,7.9,12,13.76,Platinum,West,Average,2020-01-02,0,0
42.0,59.42,712.0,12.8,16,19.25,Gold,West,Average,2023-03-29,1,0
54.0,71.15,630.0,5.4,13,4.41,Bronze,West,Good,2023-08-05,0,0
38.0,,662.7,3.3,16,5.76,Silver,North,Good,2020-08-05,0,0
42.4,137.93,697.4,1.1,15,31.38,Bronze,North,Average,2021-02-04,1,0
53.5,84.82,693.2,5.1,17,27.02,Silver,West,Poor,2023-02-24,0,0
21.2,66.23,730.4,7.8,12,56.11,Bronze,East,Good,2020-09-20,1,0
12.9,118.38,674.2,2.4,12,34.03,Bronze,East,Good,2023-09-13,1,0
30.4,144.84,618.6,3.4,13,10.0,Bronze,South,Poor,2022-04-05,1,0
47.0,104.74,640.8,6.3,14,13.63,Silver,East,Average,2020-01-30,1,0
52.3,163.3,666.7,2.7,12,39.58,Platinum,South,Poor,2022-02-19,1,0
34.1,78.93,591.9,6.2,14,13.0,Bronze,West,Good,2022-06-02,1,0
26.7,315.61,672.9,0.8,12,5.19,Bronze,West,Good,2021-08-08,1,0
50.5,109.07,654.4,1.9,9,52.24,Silver,South,Average,2021-10-09,0,0
34.6,101.39,767.8,1.0,11,10.18,Bronze,South,Average,2023-08-06,1,0
52.5,66.13,718.4,3.1,17,32.13,Gold,South,Poor,2023-06-09,1,0
57.1,149.29,682.0,0.2,13,15.49,Gold,West,Good,2021-05-05,1,0
36.6,103.36,710.5,6.6,16,8.47,Platinum,North,Poor,2021-09-03,1,0
34.6,162.32,730.7,1.5,13,115.75,Bronze,West,Poor,2022-09-11,1,0
30.3,49.21,677.6,10.9,17,24.05,Silver,East,Average,2020-04-01,1,0
58.8,75.24,833.5,9.3,17,10.17,Silver,North,Good,2020-02-25,1,0
44.3,111.83,739.0,3.1,20,17.27,Silver,West,Good,2020-12-10,1,0
36.4,49.2,747.6,14.1,19,17.08,Silver,West,Good,2022-08-06,1,0
48.3,,681.7,2.7,11,18.54,Gold,East,Good,2024-01-21,1,0
43.1,159.21,712.2,1.2,13,211.33,Bronze,West,Good,2023-01-24,1,0
36.6,37.89,726.6,2.1,21,14.58,Bronze,East,Average,2023-09-29,0,0
22.3,227.82,654.6,11.0,16,21.06,Gold,South,Good,2023-03-19,1,0
48.0,126.4,662.4,1.1,11,13.57,Bronze,North,Good,2022-12-09,0,0
46.0,27.27,729.3,0.6,15,11.82,Silver,South,Poor,2022-10-25,0,0
50.9,65.95,678.0,3.8,15,28.88,Silver,South,Average,2023-03-07,0,0
63.3,85.32,782.6,0.8,12,12.48,Platinum,South,Poor,2023-03-04,1,0
30.9,29.59,711.0,18.3,16,35.17,Gold,East,Average,2021-06-18,1,0
30.4,221.15,721.6,4.3,15,18.51,Silver,West,Good,2022-07-21,1,0
20.7,174.38,620.4,5.7,14,18.72,Platinum,East,Average,2020-09-11,1,0
44.7,61.87,721.2,0.0,19,49.97,Gold,East,Good,2022-08-24,0,0
38.4,150.7,780.0,4.4,15,68.33,Silver,East,Poor,2023-12-18,1,0
28.0,,662.0,1.5,12,57.11,Silver,South,Good,2020-04-25,1,0
46.3,105.0,612.9,0.9,21,4.18,Bronze,East,Good,2022-08-15,1,0
43.4,81.13,627.8,2.7,22,21.6,Gold,North,Poor,2020-07-04,0,0
55.1,30.72,652.2,0.2,11,11.88,Bronze,North,Good,2020-02-09,0,0
40.2,82.56,711.6,2.7,8,4.05,Bronze,North,Good,2021-02-08,0,0
33.7,82.84,634.3,12.6,19,9.27,Platinum,East,Good,2020-04-20,0,0
30.8,178.86,692.0,2.1,11,25.06,Platinum,East,Good,2022-10-10,1,0
58.1,397.02,766.4,20.9,10,3.73,Silver,South,Good,2020-06-06,1,0
39.2,165.59,717.2,3.7,13,36.98,Silver,East,Good,2020-12-17,0,0
27.2,54.73,706.2,0.2,19,98.23,Bronze,North,Average,2021-03-28,0,0
64.7,42.09,561.7,3.9,13,28.63,Bronze,South,Good,2024-02-05,1,0
45.2,61.68,593.6,5.4,20,38.79,Gold,North,Average,2023-07-07,0,0
22.3,59.77,702.6,11.6,22,17.9,Bronze,West,Average,2021-01-20,1,0
36.0,54.29,671.3,5.8,17,16.08,Bronze,South,Good,2021-12-15,0,0
43.3,63.75,662.6,5.6,13,5.2,Bronze,North,Poor,2020-05-04,0,0
39.0,50.16,699.7,6.0,16,124.7,Silver,South,Good,2023-05-25,1,0
27.9,207.66,669.5,1.6,20,9.39,Gold,South,Average,2022-09-22,1,0
45.8,169.77,711.2,0.5,13,14.82,Platinum,North,Good,2021-08-14,1,0
41.0,107.87,604.8,9.9,13,27.35,Bronze,South,Average,2021-06-19,1,0
70.0,95.01,753.0,8.9,13,5.53,Bronze,West,Average,2020-11-11,1,0
50.7,83.05,763.5,1.2,11,25.53,Silver,East,Good,2022-05-09,1,0
24.8,140.07,746.9,0.5,18,5.05,Gold,West,Average,2022-02-14,0,0
51.8,25.52,707.6,0.8,17,17.77,Gold,South,Good,2023-03-19,1,0
45.3,123.21,673.6,0.7,14,19.93,Bronze,North,Good,2022-09-05,1,0
47.0,37.82,714.3,2.0,11,11.49,Silver,North,Good,2021-10-13,1,0
41.3,118.46,753.8,11.8,9,21.47,Silver,North,Good,2023-04-14,1,0
12.5,44.16,788.3,2.2,14,26.07,Gold,South,Average,2024-01-17,1,0
41.0,149.94,681.2,7.3,12,69.1,Gold,East,Poor,2021-02-12,1,0
53.0,110.06,708.2,11.1,12,25.89,Platinum,East,Good,2023-08-07,1,0
26.8,67.01,631.0,9.3,16,39.18,Gold,West,Poor,2021-07-03,0,0
40.0,54.65,646.4,0.5,15,52.03,Bronze,West,Average,2022-03-17,0,0
40.6,138.51,662.1,3.7,11,9.98,Silver,North,Average,2021-05-16,1,0
26.6,42.67,743.0,1.1,14,29.31,Silver,North,Good,2020-10-11,1,0
53.6,150.2,559.1,3.5,18,26.24,Bronze,West,Good,2021-12-01,1,0
32.1,,635.2,3.1,19,93.58,Bronze,South,Good,2020-12-02,0,0
37.9,91.87,756.3,0.5,13,17.9,Bronze,East,Good,2021-10-13,1,0
25.9,229.29,660.9,0.7,10,10.59,Platinum,East,Average,2021-06-19,1,0
51.8,107.23,637.9,21.8,17,21.59,Gold,South,Poor,2020-09-04,0,0
34.0,110.27,598.3,1.0,9,7.08,Silver,North,Average,2020-10-04,1,0
33.6,39.55,682.7,0.5,24,21.64,Silver,North,Good,2022-05-06,1,0
37.0,204.62,716.7,3.7,18,21.17,Bronze,West,Good,2021-03-11,1,0
35.8,258.24,687.5,0.5,26,36.87,Gold,North,Good,2023-03-31,1,0
37.4,190.52,709.3,3.8,17,14.4,Bronze,South,Good,2022-06-28,1,0
53.6,157.34,723.7,1.2,10,16.69,Platinum,North,Average,2023-12-01,1,0
53.6,78.04,689.9,9.4,14,5.64,Silver,South,Good,2022-10-12,0,0
23.4,53.86,748.2,0.2,12,25.78,Platinum,West,Good,2021-09-14,1,0
30.3,60.81,707.9,1.4,9,13.18,Bronze,East,Good,2023-07-29,1,0
38.2,121.41,643.4,1.1,18,16.47,Gold,East,Good,2023-09-11,1,0
53.9,79.81,678.1,4.5,14,41.35,Bronze,East,Average,2020-02-08,1,0
34.8,48.84,785.1,11.7,10,29.59,Silver,South,Average,2021-08-15,1,0
38.8,97.5,668.2,3.9,17,25.04,Gold,South,Average,2023-02-07,1,0
46.0,57.46,681.0,8.7,10,27.61,Gold,South,Good,2020-08-20,0,0
25.0,40.97,692.9,3.0,15,24.82,Silver,East,Good,2021-10-06,1,0
50.8,47.52,713.8,0.8,12,13.81,Silver,North,Average,2021-04-23,1,0
31.3,7.43,641.0,1.2,14,12.52,Bronze,South,Good,2020-07-03,1,0
33.0,83.11,688.2,3.3,18,41.44,Gold,North,Good,2023-01-28,1,0
34.9,100.86,756.3,3.1,9,15.57,Silver,East,Average,2022-11-19,1,0
15.4,68.29,661.0,12.0,15,66.67,Bronze,North,Good,2022-05-09,0,0
23.2,88.84,731.2,3.6,10,7.29,Bronze,North,Poor,2022-08-14,0,0
9.2,219.84,653.2,13.7,12,20.18,Bronze,South,Average,2022-08-30,1,0
30.0,223.75,709.5,0.4,19,5.56,Gold,East,Average,2020-02-29,1,0
52.1,41.61,677.8,0.3,12,23.75,Platinum,East,Good,2023-08-22,1,0
37.3,157.68,737.8,2.1,17,17.69,Silver,East,Average,2021-07-25,1,0
52.5,87.41,771.0,3.1,11,35.58,Silver,South,Average,2023-10-10,0,0
25.3,162.06,633.7,11.8,20,12.08,Bronze,West,Good,2021-01-17,1,0
50.7,68.29,775.0,27.3,17,21.93,Gold,South,Good,2020-12-22,1,0
37.4,217.51,741.8,13.3,13,57.74,Gold,West,Good,2021-06-08,1,0
48.6,60.73,705.0,0.1,21,51.97,Bronze,West,Good,2022-11-24,1,0
51.9,70.81,797.7,11.0,15,3.37,Bronze,West,Good,2023-09-20,0,0
71.1,95.23,746.2,6.0,14,34.03,Silver,East,Poor,2022-04-29,0,0
46.5,175.45,740.4,17.2,18,45.16,Bronze,South,Good,2021-06-06,1,0
39.1,147.54,716.8,4.6,12,53.42,Bronze,East,Average,2023-09-01,1,0
30.4,157.55,625.8,1.2,11,12.54,Gold,North,Average,2022-12-29,1,0
33.7,73.26,786.5,4.9,16,20.62,Silver,West,Good,2021-09-16,1,0
34.5,67.03,707.3,2.8,12,46.19,Silver,East,Good,2021-10-11,0,0
9.4,84.58,675.0,2.0,19,12.26,Bronze,East,Good,2020-01-04,1,0
49.0,105.44,733.2,4.7,14,21.13,Gold,South,Good,2021-06-23,1,0
22.9,48.83,721.7,4.1,16,13.35,Bronze,North,Average,2023-10-23,1,0
30.0,114.18,697.3,1.1,11,11.47,Gold,North,Good,2022-01-24,1,0
58.7,369.72,716.8,2.0,13,21.67,Silver,East,Average,2020-09-18,1,0
45.4,77.73,704.6,8.4,20,14.04,Silver,North,Average,2022-04-02,1,0
42.6,61.88,671.9,5.3,12,17.61,Platinum,North,Good,2022-11-20,1,0
50.6,87.35,722.6,0.2,12,28.35,Bronze,East,Poor,2021-07-06,1,0
34.1,80.12,659.5,0.1,19,11.35,Platinum,North,Good,2020-09-26,1,0
31.5,65.07,644.9,3.4,18,46.09,Bronze,East,Poor,2023-07-21,0,0
36.0,90.39,738.6,13.6,24,7.88,Bronze,South,Average,2021-09-11,1,0
32.2,77.22,727.0,1.9,12,25.28,Gold,West,Average,2024-01-19,1,0
40.3,36.32,663.2,1.8,10,22.12,Bronze,East,Good,2023-12-04,1,0
38.0,124.69,708.7,6.1,11,54.33,Bronze,East,Good,2020-04-29,1,0
37.4,83.84,725.7,1.6,10,10.52,Silver,North,Poor,2021-11-11,0,0
33.8,98.7,623.0,5.4,20,3.59,Bronze,East,Good,2023-03-11,1,0
45.8,308.94,,5.2,15,11.52,Silver,South,Good,2023-01-29,1,0
38.1,235.95,697.8,0.5,6,49.66,Silver,North,Good,2020-09-30,1,0
36.6,59.22,751.7,21.6,19,11.36,Bronze,East,Good,2022-07-20,1,0
39.5,38.18,702.2,7.7,18,18.29,Bronze,East,Average,2021-02-17,1,0
29.4,66.61,660.2,2.7,15,33.93,Gold,West,Good,2020-11-18,0,0
34.5,153.35,825.5,6.8,19,22.04,Silver,North,Average,2022-01-27,1,0
18.8,82.69,756.2,3.1,12,65.58,Bronze,West,Average,2020-09-29,0,0
,241.09,691.3,0.0,19,93.51,Bronze,South,Average,2021-11-08,1,0
43.0,95.66,671.9,10.4,20,72.11,Silver,South,Good,2023-01-16,1,0
24.9,106.72,813.2,2.5,15,18.7,Bronze,South,Average,2021-06-10,0,0
58.1,224.32,699.2,5.1,19,19.71,Gold,West,Good,2023-03-19,1,0
41.5,61.31,649.5,5.2,9,8.93,Silver,West,Average,2022-05-01,1,0
44.0,,710.4,5.6,21,121.37,Gold,West,Poor,2021-07-02,1,0
26.8,132.9,798.1,0.1,17,11.13,Bronze,North,Good,2020-08-06,1,0
51.2,143.45,743.8,3.8,12,6.52,Silver,North,Good,2022-01-19,1,0
34.9,38.16,614.7,0.8,16,16.06,Silver,West,Average,2024-01-12,0,0
,79.0,758.8,1.3,13,50.83,Bronze,South,Average,2021-03-21,1,0
40.3,43.87,726.3,0.2,9,38.36,Silver,East,Good,2022-01-13,1,0
41.9,61.75,768.2,0.6,15,7.78,Silver,West,Good,2023-02-06,1,0
52.6,133.85,652.2,5.5,14,18.5,Bronze,North,Good,2022-05-21,1,0
37.7,111.4,720.7,3.9,20,19.76,Silver,East,Good,2020-07-29,1,0
70.4,186.45,714.3,5.7,14,9.85,Bronze,East,Average,2020-10-20,1,0
44.2,118.92,667.1,3.7,15,21.39,Gold,South,Average,2022-03-03,0,0
32.1,122.8,666.8,1.9,13,12.5,Bronze,East,Poor,2020-04-26,1,0
29.2,63.32,727.5,0.9,16,52.54,Bronze,East,Average,2021-10-28,0,0
41.0,95.66,724.1,21.7,13,12.88,Bronze,East,Poor,2021-05-19,1,0
55.1,184.02,816.8,4.0,17,26.02,Bronze,East,Good,2022-01-22,0,0
24.9,152.49,731.2,1.7,10,11.28,Silver,South,Good,2020-12-12,1,0
46.9,96.32,648.2,0.2,14,75.95,Bronze,North,Poor,2023-10-11,0,0
50.1,114.92,731.8,2.2,20,62.23,Gold,South,Average,2021-07-18,1,0
38.7,85.65,687.0,1.6,16,17.22,Bronze,North,Good,2022-06-03,0,0
41.0,55.25,714.3,0.6,13,3.84,Silver,South,Good,2022-11-28,1,0
56.1,15.85,707.8,0.8,18,8.69,Silver,West,Average,2021-11-09,0,0
51.1,78.85,661.5,2.7,13,19.72,Silver,West,Good,2020-11-05,1,0
25.9,69.65,644.9,1.9,9,19.08,Bronze,East,Good,2020-11-30,1,0
64.4,40.02,732.4,5.6,17,39.02,Silver,North,Average,2020-02-28,1,0
25.3,106.26,672.6,10.5,19,19.86,Bronze,North,Good,2020-11-14,1,0
41.5,47.48,640.0,5.2,14,12.89,Silver,North,Good,2023-09-05,1,0
46.8,61.1,613.7,5.2,13,86.66,Platinum,West,Good,2020-08-03,1,0
38.0,44.14,614.3,1.0,12,11.93,Silver,West,Good,2020-05-07,0,0
24.8,111.69,754.4,0.0,20,3.76,Silver,North,Average,2022-04-27,1,0
46.9,63.33,649.4,2.7,10,39.26,Silver,South,Good,2022-11-15,0,0
31.7,66.69,588.5,9.8,6,5.31,Gold,West,Good,2021-02-28,1,0
31.9,63.32,717.4,1.9,25,20.33,Gold,East,Good,2023-04-25,1,0
41.1,206.1,701.7,17.9,17,21.49,Gold,North,Good,2021-10-17,1,0
25.4,46.87,737.8,3.2,17,93.95,Gold,South,Poor,2022-01-31,1,0
33.9,99.16,623.7,0.4,12,26.83,Silver,South,Average,2023-02-02,1,0
23.9,171.01,762.9,9.1,17,23.49,Bronze,South,Average,2021-11-11,1,0
49.6,192.11,706.0,2.1,11,9.52,Gold,West,Average,2022-04-06,1,0
28.2,122.44,683.1,4.5,19,19.69,Bronze,North,Average,2020-07-13,0,0
57.2,,736.7,2.9,14,25.41,Bronze,East,Good,2021-10-09,1,0
38.5,239.75,753.7,1.3,13,42.88,Gold,South,Average,2020-02-22,1,0
43.9,69.94,815.5,23.6,13,11.0,Bronze,North,Good,2021-05-14,1,0
34.1,68.3,705.2,4.3,14,39.16,Gold,South,Good,2021-04-22,1,0
46.8,111.52,716.3,13.3,11,16.1,Silver,South,Average,2020-02-23,1,0
57.3,74.48,775.9,7.3,11,56.22,Gold,East,Poor,2020-06-25,0,0
55.2,51.58,677.4,44.6,19,12.12,Platinum,East,Average,2023-02-05,1,0
32.2,40.21,746.6,1.9,20,34.13,Platinum,South,Good,2022-07-04,1,0
40.1,71.36,,5.8,12,39.07,Silver,North,Poor,2022-02-13,1,0
48.8,79.54,663.0,2.4,18,27.96,Bronze,North,Average,2022-01-02,1,0
40.8,331.52,641.6,3.3,11,13.39,Silver,North,Poor,2023-07-21,1,0
58.3,71.29,766.5,20.6,18,21.01,Silver,South,Poor,2021-08-01,1,0
21.0,38.37,693.6,0.5,15,30.04,Silver,West,Good,2024-01-07,1,0
42.0,91.65,722.3,2.0,14,9.31,Bronze,West,Average,2021-01-10,0,0
41.5,180.55,686.2,4.0,19,7.74,Bronze,South,Poor,2020-02-16,1,0
32.4,63.45,770.5,2.5,21,4.08,Silver,East,Poor,2020-06-13,0,0
60.1,160.53,747.2,1.1,15,51.35,Silver,West,Good,2021-06-25,1,0
48.2,118.21,683.4,0.0,11,16.69,Silver,West,Poor,2023-09-12,0,0
60.1,82.42,720.6,4.7,19,20.33,Silver,West,Good,2022-01-28,0,0
45.7,82.08,726.8,6.0,14,16.68,Platinum,East,Good,2023-11-26,1,0
43.0,121.15,664.2,1.7,13,14.48,Silver,West,Good,2020-09-11,1,0
33.2,96.28,772.0,4.2,15,41.03,Bronze,South,Average,2020-10-08,1,0
30.3,52.7,668.6,4.1,14,26.09,Gold,East,Good,2021-07-09,1,0
44.8,133.57,,10.2,12,5.04,Gold,North,Poor,2023-12-20,1,0
47.1,392.99,728.5,1.4,15,13.58,Platinum,North,Poor,2021-01-01,1,0
19.8,23.58,726.7,7.9,12,7.46,Bronze,West,Good,2024-01-23,0,0
57.8,174.5,677.4,5.3,16,179.69,Platinum,South,Good,2023-11-11,1,0
51.6,134.72,696.4,17.1,12,19.98,Platinum,East,Good,2020-09-12,1,0
35.3,64.9,673.0,2.2,11,8.66,Bronze,West,Average,2022-06-11,1,0
33.5,75.91,739.7,0.4,14,23.38,Bronze,North,Good,2020-10-26,0,0
32.4,73.54,723.8,35.1,15,42.29,Bronze,South,Good,2021-08-23,1,0
28.0,33.52,709.9,8.7,16,36.33,Silver,West,Poor,2020-12-10,1,0
44.9,52.42,694.7,1.2,19,47.95,Silver,North,Average,2023-04-10,0,0
33.6,137.16,673.4,8.4,8,42.16,Gold,South,Good,2023-11-19,1,0
31.8,122.46,725.4,0.2,17,6.05,Silver,South,Good,2022-11-06,1,0
42.8,48.67,646.9,7.9,15,9.97,Gold,West,Good,2022-03-27,1,0
27.0,95.16,739.1,0.1,11,28.27,Gold,South,Average,2022-06-24,0,0
32.4,47.51,648.0,5.1,12,11.42,Platinum,East,Good,2021-07-28,0,0
26.3,177.27,666.4,4.0,16,28.03,Silver,East,Poor,2022-10-15,0,0
5.3,46.98,754.0,2.0,10,33.44,Bronze,West,Good,2023-01-24,0,0
37.3,144.76,757.2,1.2,17,4.75,Bronze,North,Good,2021-01-05,0,0
30.5,68.3,773.8,0.1,17,8.79,Silver,West,Good,2024-01-29,0,0
24.3,,733.3,2.0,11,2.8,Gold,West,Good,2021-02-09,1,0
29.7,82.98,679.4,6.6,18,9.45,Bronze,North,Average,2020-08-07,1,0
45.1,42.03,736.6,4.2,17,38.03,Gold,South,Good,2022-01-21,0,0
40.2,110.58,716.9,2.2,13,8.45,Bronze,North,Average,2020-08-23,1,0
44.4,101.0,691.4,7.9,15,32.13,Gold,North,Good,2021-10-20,1,0
42.9,109.11,654.6,1.0,8,68.05,Gold,South,Average,2021-10-25,0,0
17.7,68.77,679.5,29.3,17,39.42,Bronze,East,Good,2020-03-02,1,0
27.5,172.56,736.0,21.3,15,33.5,Gold,North,Poor,2021-11-23,1,0
36.6,85.43,706.3,1.7,11,13.49,Bronze,North,Good,2023-07-05,0,0
58.5,51.01,742.9,19.5,17,11.7,Bronze,West,Good,2022-01-21,1,0
39.8,142.32,742.3,4.0,13,61.79,Bronze,North,Average,2022-03-01,1,0
44.3,73.63,612.0,0.6,17,14.25,Silver,East,Average,2023-03-26,0,0
37.0,54.78,680.1,2.9,16,34.15,Silver,North,Average,2021-12-05,1,0
35.4,279.17,693.1,7.1,23,17.67,Silver,South,Average,2020-08-25,1,0
51.9,67.39,735.0,2.9,15,6.97,Silver,North,Average,2023-01-23,0,0
52.6,269.93,,0.8,11,18.31,Gold,West,Good,2022-02-06,1,0
24.8,172.5,632.8,10.6,17,16.06,Bronze,East,Average,2020-06-06,1,0
29.6,102.85,721.0,1.3,16,80.09,Gold,East,Average,2023-12-22,1,0
60.5,116.74,750.9,3.3,13,19.04,Bronze,South,Poor,2020-05-17,1,0
24.4,130.9,679.8,6.3,20,52.3,Silver,West,Good,2021-10-26,1,0
55.3,40.19,703.7,5.7,11,48.33,Gold,West,Average,2021-07-15,1,0
48.2,100.5,683.8,6.9,18,10.73,Silver,West,Poor,2023-10-07,0,0
54.1,74.92,651.5,5.5,13,7.59,Gold,South,Poor,2022-05-27,1,0
11.7,96.2,841.7,8.6,13,49.07,Bronze,East,Average,2020-09-08,1,0
66.4,71.41,645.6,3.4,15,29.06,Bronze,South,Good,2022-01-28,0,0
52.4,41.87,693.8,2.7,12,26.16,Platinum,North,Good,2023-05-10,1,0
13.0,56.63,632.0,0.2,12,6.6,Gold,North,Good,2020-03-09,1,0
29.8,39.31,746.5,0.1,23,43.97,Platinum,East,Good,2021-09-25,1,0
30.9,,784.1,10.1,9,15.8,Silver,South,Good,2021-07-10,1,0
31.0,92.36,641.8,6.1,14,6.6,Bronze,East,Good,2023-10-17,1,0
44.0,157.14,720.3,0.3,16,16.93,Bronze,North,Poor,2023-08-11,0,0
52.4,274.91,727.8,1.1,14,24.33,Silver,South,Average,2023-06-24,1,0
62.0,92.66,653.6,12.8,17,24.61,Bronze,North,Good,2023-09-07,1,0
44.3,30.5,807.5,1.2,8,15.13,Bronze,West,Average,2021-07-22,0,0
43.4,100.5,737.7,2.0,10,5.4,Silver,East,Poor,2022-12-15,1,0
32.6,124.13,697.0,3.2,12,27.63,Bronze,South,Good,2022-02-10,0,0
41.9,201.08,697.0,4.0,11,10.0,Gold,West,Average,2023-12-20,1,0
39.5,172.88,722.9,3.1,26,8.72,Bronze,North,Good,2020-04-26,0,0
58.1,95.91,645.8,1.2,15,27.12,Bronze,North,Average,2023-10-17,0,0
48.4,128.4,730.5,3.2,17,5.9,Silver,North,Poor,2022-08-28,0,0
61.2,210.11,645.3,3.5,15,14.15,Silver,East,Good,2021-05-20,1,0
34.9,91.27,683.2,3.6,14,58.43,Bronze,South,Average,2020-08-18,0,0
40.8,61.14,776.9,4.5,14,50.83,Bronze,East,Poor,2022-12-27,0,0
37.1,73.7,741.7,0.1,15,36.79,Silver,West,Good,2023-08-30,1,0
61.6,65.13,722.0,4.4,21,30.62,Gold,South,Average,2023-02-16,0,0
22.9,140.99,638.6,0.6,17,16.28,Silver,North,Good,2020-10-18,0,0
48.6,439.43,687.7,3.3,18,14.9,Bronze,East,Good,2020-09-19,1,0
11.1,79.87,638.7,1.4,18,112.31,Silver,South,Poor,2021-09-07,1,0
43.3,31.96,722.1,7.7,16,14.59,Platinum,West,Good,2020-03-10,1,0
35.4,50.88,744.1,0.1,23,11.65,Bronze,West,Good,2023-04-28,0,0
40.5,198.25,604.2,1.0,17,16.21,Silver,West,Good,2021-11-29,1,0
40.3,178.9,731.2,0.8,15,21.52,Gold,West,Average,2023-06-26,1,0
31.7,28.46,696.0,2.5,15,29.72,Bronze,East,Good,2020-04-10,1,0
48.7,137.43,757.0,4.0,11,15.57,Silver,South,Good,2021-02-18,0,0
53.8,51.25,614.6,1.9,19,14.3,Gold,South,Poor,2020-11-09,1,0
43.2,19.53,640.9,1.5,16,11.73,Silver,West,Average,2020-01-14,1,0
45.7,167.93,707.3,0.6,14,2.4,Gold,West,Average,2023-06-26,1,0
47.3,150.14,736.0,0.4,15,5.34,Bronze,North,Good,2020-11-05,1,0
40.8,,661.8,9.4,17,47.78,Bronze,South,Good,2023-01-18,1,0
44.0,151.22,758.8,2.0,24,32.49,Gold,West,Good,2022-05-13,1,0
48.8,15.1,,3.8,21,31.84,Silver,South,Good,2023-05-08,0,0
50.2,40.31,679.2,6.5,12,20.12,Bronze,West,Average,2022-08-26,0,0
41.2,59.15,735.9,3.0,12,10.59,Bronze,West,Good,2022-04-09,0,0
31.4,36.05,712.8,2.7,15,53.55,Bronze,North,Average,2022-02-12,0,0
42.8,49.32,801.2,24.3,15,37.19,Silver,North,Poor,2020-07-24,1,0
37.7,46.37,767.0,7.2,13,19.86,Silver,East,Poor,2022-01-03,0,0
36.9,40.49,706.6,18.1,9,70.7,Silver,North,Average,2020-02-01,1,0
45.7,78.47,741.0,3.0,17,41.17,Bronze,East,Good,2021-05-12,1,0
60.0,68.92,770.8,7.3,20,7.27,Gold,East,Good,2021-03-27,1,0
28.5,94.48,675.8,11.5,11,46.29,Silver,North,Good,2020-03-03,1,0
31.1,75.93,644.0,1.9,14,19.48,Bronze,West,Good,2023-12-01,0,0
63.6,124.54,755.0,4.8,20,33.9,Platinum,West,Average,2023-12-20,1,0
43.7,83.06,740.0,0.6,9,86.16,Bronze,East,Good,2021-04-28,1,0
38.3,59.4,733.7,1.5,9,15.5,Silver,East,Average,2022-08-17,0,0
46.0,310.26,738.4,2.9,19,18.97,Gold,South,Good,2023-10-20,1,0
32.1,66.19,649.1,9.1,19,46.04,Gold,South,Good,2020-05-02,1,0
42.0,132.58,694.0,1.5,15,17.69,Platinum,North,Good,2021-11-09,1,0
40.8,86.58,639.9,0.8,22,14.03,Bronze,East,Good,2020-12-27,1,0
35.4,118.1,676.9,11.7,23,60.8,Platinum,North,Average,2020-07-06,1,0
55.2,57.99,657.6,2.2,19,18.65,Gold,North,Good,2022-10-13,0,0
47.7,44.56,730.9,0.4,14,30.51,Platinum,East,Good,2022-01-08,1,0
57.4,121.73,751.9,6.3,18,56.58,Silver,East,Average,2020-06-17,1,0
32.8,99.48,668.9,0.3,6,20.78,Gold,South,Average,2021-12-24,0,0
22.9,64.0,618.7,2.8,16,21.73,Silver,North,Good,2020-10-18,1,0
23.3,47.61,631.3,6.9,15,14.63,Bronze,North,Poor,2022-07-14,1,0
34.0,89.43,711.3,28.2,11,22.24,Platinum,North,Average,2021-06-06,1,0
22.3,86.24,683.6,1.6,15,47.69,Bronze,South,Good,2020-12-22,0,0
48.5,83.39,649.2,1.7,12,19.49,Bronze,West,Good,2022-12-29,0,0
57.1,95.5,722.4,19.0,18,91.55,Bronze,East,Average,2022-09-24,1,0
22.6,36.32,698.4,2.3,10,12.75,Gold,North,Good,2023-03-28,1,0
45.3,158.42,691.3,0.5,15,16.1,Platinum,East,Poor,2022-07-06,1,0
53.2,30.65,700.9,1.1,23,35.67,Silver,South,Average,2022-01-03,0,0
40.2,47.13,656.9,12.0,15,78.79,Silver,East,Good,2021-12-01,0,0
,46.32,756.5,2.2,15,12.77,Gold,East,Good,2022-11-09,1,0
23.6,49.45,,4.1,11,46.04,Gold,North,Average,2020-03-16,1,0
49.9,71.08,690.7,4.8,18,16.84,Gold,North,Average,2021-05-19,0,0
20.9,90.51,635.5,5.7,14,15.89,Silver,West,Good,2021-01-10,1,0
39.6,382.89,616.2,3.0,10,77.52,Platinum,West,Good,2023-01-17,1,0
58.1,67.77,652.4,18.8,21,24.55,Gold,North,Good,2022-09-21,1,0
45.2,171.15,768.7,1.1,17,20.66,Bronze,North,Average,2020-04-02,0,0
33.6,109.12,670.0,1.9,15,5.07,Silver,East,Good,2024-01-26,0,0
49.1,35.1,728.7,3.3,14,11.8,Silver,South,Good,2020-05-29,0,0
30.0,72.17,779.7,7.4,19,2.51,Platinum,West,Good,2024-01-05,1,0
36.4,75.4,686.5,4.8,18,46.52,Platinum,West,Average,2020-04-11,1,0
28.3,176.87,725.9,0.6,16,23.86,Silver,North,Good,2020-02-14,1,0
20.8,,746.0,27.3,20,61.51,Bronze,North,Good,2023-03-07,1,0
29.9,127.82,686.3,0.6,21,19.52,Silver,North,Average,2021-05-08,1,0
55.5,77.63,636.8,9.5,17,10.68,Silver,South,Average,2021-02-25,1,0
40.1,63.25,753.2,3.6,15,8.87,Gold,West,Good,2023-05-26,1,0
31.5,79.0,699.4,1.3,20,19.89,Bronze,North,Good,2023-06-06,0,0
37.9,62.91,705.6,0.0,17,4.95,Bronze,South,Good,2020-04-08,1,0
57.9,250.61,821.6,3.9,16,66.14,Gold,South,Good,2023-10-15,1,0
24.8,183.21,713.1,7.9,25,10.28,Silver,South,Good,2021-11-10,1,0
33.1,366.18,712.3,10.0,11,29.15,Bronze,West,Average,2020-07-06,1,0
38.4,46.5,655.3,0.4,17,44.55,Silver,West,Good,2023-09-14,0,0
36.1,68.19,771.2,3.6,13,37.82,Silver,East,Good,2020-12-22,1,0
27.3,66.92,745.2,1.4,15,23.33,Platinum,South,Average,2020-09-07,1,0
32.4,123.7,736.8,11.0,25,34.38,Bronze,West,Good,2022-07-26,1,0
36.1,55.04,710.1,6.5,13,20.47,Bronze,South,Average,2024-01-06,0,0
39.2,56.08,646.1,1.3,15,8.68,Gold,North,Good,2021-02-09,1,0
44.3,98.76,659.2,2.0,15,70.15,Silver,West,Good,2020-08-03,0,0
23.5,197.24,709.4,3.1,14,25.23,Silver,South,Good,2020-08-31,1,0
42.3,85.2,754.7,1.6,16,21.07,Silver,East,Poor,2023-10-06,1,0
29.9,81.94,736.9,9.1,14,19.41,Gold,East,Poor,2020-11-28,1,0
43.9,130.93,647.5,2.4,19,6.09,Platinum,West,Poor,2022-12-21,1,0
40.0,42.45,725.9,2.9,14,59.37,Bronze,West,Good,2021-12-22,0,0
62.7,214.12,586.4,0.4,17,23.31,Silver,South,Good,2021-01-31,1,0
22.6,797.04,668.2,1.1,14,20.25,Gold,South,Good,2020-10-08,1,0
36.6,95.38,696.2,2.0,12,57.84,Bronze,East,Good,2021-03-28,0,0
63.9,65.91,670.3,5.0,9,11.08,Bronze,North,Poor,2023-09-21,0,0
55.2,49.13,673.4,6.3,14,3.51,Bronze,South,Good,2023-12-01,0,0
69.9,259.37,682.5,1.4,11,28.86,Silver,North,Average,2023-02-03,0,0
45.0,85.15,701.4,5.0,13,10.62,Silver,West,Average,2021-05-31,0,0
46.3,65.8,671.4,4.2,15,21.5,Silver,North,Poor,2020-09-15,1,0
41.0,111.4,678.7,0.3,21,9.25,Bronze,South,Average,2022-07-02,1,0
37.7,30.39,774.5,5.6,8,16.33,Gold,West,Average,2021-06-02,1,0
26.5,105.21,746.7,1.2,15,4.76,Bronze,East,Average,2023-04-20,0,0
65.6,55.49,716.8,0.8,16,3.41,Silver,East,Good,2021-06-13,0,0
32.7,47.9,668.8,5.4,13,9.97,Bronze,South,Poor,2023-10-22,0,0
32.2,208.82,686.3,9.9,17,17.13,Gold,West,Average,2023-03-05,1,0
61.6,41.17,662.7,2.9,14,26.49,Bronze,West,Average,2020-04-17,0,0
53.6,63.76,750.7,3.0,16,14.97,Bronze,South,Good,2022-01-17,1,0
12.5,136.66,777.9,6.0,18,31.67,Silver,North,Average,2022-05-06,1,0
39.0,61.57,650.2,3.0,13,24.82,Silver,South,Good,2020-05-25,1,0
52.0,333.43,735.1,2.9,12,34.82,Silver,South,Poor,2023-10-05,0,0
36.0,101.96,710.5,9.5,15,25.13,Silver,North,Good,2021-01-10,0,0
33.8,46.51,712.2,2.5,19,18.37,Bronze,North,Average,2022-01-20,0,0
38.2,20.5,743.4,1.9,9,12.23,Bronze,West,Poor,2021-04-08,0,0
45.5,44.21,722.7,1.8,19,60.14,Silver,South,Good,2020-09-08,1,0
39.1,208.99,691.1,17.7,17,43.41,Bronze,East,Average,2022-06-22,1,0
33.3,67.46,707.5,1.8,17,27.27,Bronze,West,Poor,2020-09-28,0,0
38.2,,755.5,4.0,15,37.34,Silver,South,Good,2022-09-04,1,0
46.6,130.11,677.9,4.4,11,85.04,Bronze,West,Average,2023-08-29,0,0
50.9,,688.7,4.6,8,39.02,Bronze,East,Good,2020-07-06,1,0
11.8,101.97,759.3,2.0,13,6.75,Gold,South,Poor,2023-01-09,1,0
45.2,79.58,711.6,15.0,17,23.41,Bronze,East,Good,2020-07-06,0,0
52.2,76.47,697.9,1.0,12,23.14,Bronze,East,Average,2022-10-04,0,0
39.4,29.37,778.2,2.4,12,59.59,Gold,West,Average,2020-08-02,1,0
34.8,60.78,736.9,5.0,21,42.88,Bronze,North,Good,2020-11-25,0,0
24.3,37.16,762.7,6.5,11,21.92,Bronze,North,Good,2020-03-07,0,0
57.4,117.46,646.7,9.2,16,42.9,Gold,West,Poor,2020-06-09,1,0
43.7,169.83,682.0,5.4,14,17.75,Silver,West,Average,2022-05-02,1,0
33.1,99.28,615.1,4.0,25,12.26,Silver,North,Good,2022-03-11,0,0
48.2,,669.4,15.0,12,26.18,Bronze,South,Average,2021-07-08,1,0
49.9,273.81,740.7,9.5,14,28.92,Bronze,East,Good,2021-06-06,1,0
51.5,125.54,692.6,4.4,10,23.07,Bronze,South,Average,2023-08-14,0,0
19.0,144.66,728.3,0.4,11,21.28,Silver,North,Poor,2023-02-01,1,0
46.3,91.01,715.6,7.8,17,12.41,Bronze,East,Good,2020-05-13,1,0
46.7,165.12,658.4,5.5,12,18.68,Bronze,West,Good,2023-12-24,1,0
,55.67,693.0,0.2,13,44.55,Platinum,South,Good,2020-01-08,1,0
27.2,111.22,695.8,7.9,14,4.42,Silver,West,Good,2022-06-01,1,0
22.9,157.86,716.4,4.4,13,28.83,Bronze,South,Good,2022-04-10,1,0
18.9,76.79,782.5,0.1,16,20.85,Gold,North,Good,2020-09-30,1,0
25.4,39.95,612.5,1.7,19,63.05,Silver,East,Good,2020-08-15,1,0
31.2,44.83,755.1,1.0,16,19.94,Gold,East,Average,2023-08-19,0,0
14.9,54.87,714.0,2.9,13,25.72,Bronze,West,Good,2023-03-20,1,0
51.4,54.33,784.0,5.0,15,40.05,Gold,North,Good,2020-01-08,1,0
43.0,41.32,625.5,15.9,17,19.89,Platinum,North,Good,2020-02-09,1,0
28.5,37.79,726.8,2.6,16,30.31,Silver,East,Poor,2023-09-13,1,0
45.8,93.52,680.8,3.5,16,8.05,Gold,North,Average,2022-11-27,1,0
48.9,,702.9,1.5,20,9.33,Platinum,East,Average,2021-10-05,0,0
57.3,57.83,775.8,1.1,15,42.01,Silver,West,Good,2020-02-19,1,0
43.4,96.75,769.2,13.9,7,14.99,Gold,South,Good,2023-05-11,1,0
25.5,106.19,686.3,2.7,7,4.01,Bronze,East,Poor,2020-07-12,1,0
41.9,17.64,718.5,4.7,12,16.23,Silver,South,Poor,2022-10-21,0,0
14.1,134.31,649.0,7.8,15,9.05,Gold,North,Poor,2020-04-11,1,0
59.9,372.14,714.5,2.7,13,9.03,Silver,West,Good,2022-10-29,1,0
47.8,47.74,758.6,1.3,12,12.14,Gold,East,Average,2023-09-29,1,0
43.3,39.13,673.9,2.0,22,13.67,Bronze,West,Good,2022-11-19,0,0
50.0,164.0,719.9,5.5,17,14.03,Gold,West,Good,2020-05-06,1,0
41.9,180.58,718.8,0.3,12,8.89,Gold,South,Poor,2023-11-15,1,0
37.3,49.33,667.0,8.6,19,14.85,Bronze,West,Good,2020-03-04,0,0
43.6,77.07,767.9,17.9,23,16.74,Bronze,North,Average,2022-08-27,1,0
56.8,181.16,740.6,0.3,18,18.45,Silver,West,Good,2023-05-16,1,0
35.7,113.59,660.9,7.1,11,37.53,Platinum,South,Poor,2021-06-01,1,0
47.6,106.44,685.1,18.0,11,11.62,Bronze,South,Good,2020-06-02,0,0
41.4,91.39,684.0,5.7,13,9.52,Gold,North,Good,2021-04-07,1,0
49.4,17.18,687.5,10.7,13,43.39,Bronze,East,Good,2022-10-31,1,0
34.4,257.27,669.6,4.4,17,23.16,Silver,South,Good,2021-01-23,1,0
38.5,,719.7,9.3,13,24.1,Bronze,North,Good,2021-03-27,0,0
45.3,121.38,717.5,2.4,11,10.62,Silver,East,Good,2021-08-19,0,0
36.2,37.06,634.1,1.4,15,62.33,Gold,West,Poor,2020-03-27,1,0
57.0,76.08,789.0,4.3,21,11.94,Gold,East,Poor,2021-11-29,1,0
22.1,76.57,657.4,0.2,12,26.18,Gold,North,Poor,2021-01-13,1,0
51.2,66.19,761.2,0.2,17,17.29,Gold,South,Poor,2021-08-12,1,0
36.8,119.41,772.5,3.7,12,20.96,Silver,South,Good,2023-04-09,1,0
60.1,60.48,652.0,2.7,11,35.86,Silver,West,Good,2022-03-08,0,0
39.8,,767.1,7.3,17,5.82,Bronze,South,Good,2021-09-17,0,0
24.6,63.66,675.5,4.6,15,49.56,Gold,South,Average,2020-01-08,1,0
30.1,74.62,700.8,0.5,15,32.99,Bronze,South,Average,2023-10-05,0,0
19.6,25.18,680.6,0.9,21,11.99,Gold,East,Average,2021-08-07,1,0
39.3,62.68,693.4,1.6,10,19.37,Platinum,East,Good,2021-07-24,1,0
20.4,118.03,701.1,9.6,22,49.91,Bronze,South,Average,2020-02-17,0,0
36.8,61.72,735.8,4.4,8,18.55,Bronze,South,Good,2022-08-26,1,0
26.8,113.56,707.9,6.4,16,3.73,Silver,North,Good,2023-09-14,1,0
33.5,136.22,654.8,7.9,18,18.06,Platinum,East,Average,2021-02-19,1,0
44.7,37.36,802.0,6.4,8,15.46,Gold,North,Average,2022-06-26,1,0
46.8,54.72,709.4,0.4,16,18.3,Platinum,North,Average,2020-05-24,1,0
10.1,42.05,688.3,3.4,14,60.63,Gold,North,Good,2022-10-10,1,0
45.5,102.19,698.0,5.7,14,13.84,Bronze,West,Average,2022-02-09,1,0
48.1,62.8,726.4,0.6,13,48.0,Bronze,East,Good,2022-05-09,0,0
52.9,36.84,754.2,7.7,12,16.9,Bronze,North,Good,2023-01-16,1,0
18.4,90.61,686.5,9.6,12,6.13,Bronze,East,Good,2022-04-15,1,0
41.4,,736.5,4.6,14,27.02,Silver,East,Average,2024-01-22,0,0
33.8,82.4,695.7,0.3,12,37.01,Gold,West,Good,2022-12-27,1,0
47.5,141.03,576.7,0.5,16,16.82,Bronze,West,Average,2021-12-12,0,0
52.7,,712.6,1.8,18,15.59,Silver,East,Poor,2022-07-26,1,0
71.0,48.73,680.4,5.7,16,32.52,Bronze,West,Average,2022-07-14,0,0
51.3,94.92,669.9,2.9,11,24.15,Bronze,West,Good,2020-09-12,0,0
52.0,93.91,763.7,4.6,13,17.05,Silver,East,Poor,2020-02-29,1,0
27.6,119.72,707.1,9.4,12,39.93,Gold,West,Average,2021-12-28,1,0
31.3,44.97,751.8,6.3,25,11.39,Bronze,North,Average,2023-09-19,0,0
37.1,36.44,753.8,4.0,8,6.09,Platinum,South,Good,2020-07-17,1,0
34.7,80.76,698.2,2.1,12,7.79,Bronze,South,Poor,2021-06-17,0,0
50.9,143.24,690.2,2.1,18,8.31,Bronze,East,Good,2023-12-04,0,0
49.9,25.86,735.3,11.8,13,91.76,Bronze,East,Poor,2022-04-16,1,0
45.2,228.76,719.8,3.7,18,17.62,Bronze,South,Average,2021-04-27,0,0
47.9,226.72,694.6,6.2,14,17.13,Bronze,North,Good,2021-09-30,1,0
44.4,69.23,802.2,2.1,11,60.18,Bronze,West,Average,2021-06-11,0,0
50.0,62.85,678.9,2.9,11,35.77,Bronze,West,Average,2022-05-12,1,0
65.2,123.29,596.0,5.9,17,34.72,Silver,North,Poor,2021-07-16,1,0
33.0,140.47,726.3,2.0,17,17.58,Bronze,North,Poor,2023-09-06,1,0
38.7,113.44,660.2,3.5,14,13.82,Bronze,South,Poor,2022-04-28,0,0
21.8,57.14,598.5,5.3,12,215.27,Gold,West,Poor,2022-08-14,1,0
34.9,250.84,687.6,3.8,10,78.51,Gold,West,Good,2021-08-13,1,0
53.4,84.58,765.9,1.0,12,47.91,Bronze,South,Good,2023-02-11,1,0
57.9,93.31,608.2,9.1,15,21.61,Platinum,West,Poor,2022-02-16,0,0
29.3,234.76,641.6,0.5,11,21.42,Bronze,West,Good,2022-10-05,1,0
46.3,123.41,737.0,1.4,21,5.88,Bronze,East,Poor,2020-05-28,0,0
51.2,204.57,665.9,10.9,11,9.34,Bronze,South,Average,2022-02-03,1,0
34.9,37.2,740.0,10.9,10,38.76,Silver,North,Good,2023-01-28,1,0
40.0,46.7,751.9,2.6,15,44.95,Bronze,West,Average,2022-01-03,1,0
27.0,34.13,698.3,17.1,18,26.84,Gold,South,Average,2022-06-12,1,0
44.5,144.08,656.5,6.0,9,13.31,Bronze,South,Good,2020-10-17,1,0
52.8,242.71,651.5,0.5,13,113.23,Bronze,East,Poor,2021-04-07,0,0
40.6,173.13,563.9,6.3,11,13.62,Bronze,South,Poor,2021-11-14,1,0
40.0,222.15,738.1,5.4,14,16.5,Gold,West,Average,2023-06-09,1,0
50.7,112.04,716.3,17.4,16,34.5,Silver,West,Good,2022-05-21,0,0
53.3,36.65,768.3,13.5,10,129.62,Bronze,South,Average,2021-12-20,0,0
47.1,63.03,717.8,15.3,14,20.32,Bronze,North,Poor,2022-06-29,1,0
30.0,94.42,697.7,1.5,16,15.22,Gold,West,Average,2020-12-28,0,0
50.5,64.08,708.3,6.0,13,15.74,Silver,South,Average,2022-01-02,0,0
25.4,64.79,684.6,1.3,17,80.07,Platinum,East,Good,2021-12-19,1,0
33.4,46.36,763.8,0.6,22,40.77,Bronze,West,Average,2020-09-10,0,0
39.2,117.21,695.4,2.1,10,18.94,Silver,South,Poor,2021-03-18,0,0
47.7,,700.3,2.4,11,4.83,Bronze,East,Average,2022-09-13,0,0
59.2,119.98,651.3,2.2,12,45.07,Bronze,East,Average,2020-07-07,0,0
26.6,144.38,673.9,0.2,13,5.78,Gold,West,Good,2023-01-06,1,0
,61.3,744.0,0.2,19,15.65,Platinum,East,Good,2023-02-28,1,0
46.6,41.38,701.2,2.9,11,28.38,Gold,South,Good,2024-01-05,0,0
52.0,155.92,764.9,0.2,11,23.62,Gold,West,Average,2022-10-29,1,0
39.9,65.99,697.6,11.6,15,13.5,Bronze,North,Poor,2021-02-25,0,0
57.2,125.13,688.3,1.1,12,15.17,Silver,East,Average,2021-08-25,1,0
37.5,54.66,678.3,1.2,21,14.88,Bronze,North,Good,2022-10-23,0,0
46.2,178.96,781.6,13.6,8,3.85,Bronze,East,Average,2023-09-06,1,0
37.0,44.96,577.8,0.3,10,92.0,Silver,South,Good,2020-01-09,0,0
43.1,65.42,709.4,13.0,10,29.42,Gold,West,Good,2023-01-29,1,0
35.4,182.55,736.9,15.5,15,13.89,Platinum,South,Poor,2021-01-15,1,0
9.3,229.1,688.1,2.8,11,28.16,Bronze,East,Average,2021-08-02,0,0
44.8,86.3,649.6,29.0,16,17.01,Bronze,South,Average,2021-01-09,1,0
21.4,167.51,698.2,13.7,12,14.3,Silver,North,Average,2023-12-23,1,0
25.9,100.19,762.3,7.0,22,39.48,Silver,East,Good,2022-07-26,1,0
24.6,88.81,719.5,5.8,14,2.99,Silver,West,Good,2020-05-17,1,0
42.0,96.85,663.5,6.5,15,52.56,Gold,North,Good,2020-09-26,1,0
42.6,90.06,703.9,4.7,12,30.65,Bronze,West,Good,2022-07-03,0,0
66.9,108.4,664.7,6.2,8,8.88,Silver,West,Poor,2020-10-29,1,0
15.0,125.48,712.8,4.0,15,32.11,Platinum,East,Good,2021-09-27,1,0
23.4,96.73,740.5,3.5,12,7.24,Bronze,East,Good,2023-11-17,1,0
29.2,45.42,665.5,2.4,15,10.82,Bronze,North,Good,2020-10-01,0,0
58.6,357.82,704.0,3.6,12,26.42,Silver,East,Good,2022-01-20,1,0
33.8,157.21,790.2,0.6,14,94.76,Bronze,West,Average,2020-10-07,1,0
44.1,109.37,726.0,0.2,7,24.79,Bronze,North,Poor,2022-09-04,0,0
41.3,197.55,686.7,0.4,23,37.19,Bronze,East,Good,2021-08-25,1,0
50.0,57.91,686.5,3.5,17,14.95,Gold,West,Good,2022-03-10,1,0
37.2,85.26,688.5,8.3,16,20.46,Bronze,East,Good,2023-08-08,0,0
47.5,146.8,760.2,4.3,15,9.6,Silver,West,Poor,2021-01-07,1,0
33.6,406.28,679.6,13.4,18,17.64,Bronze,East,Average,2020-02-07,1,0
41.2,118.2,753.2,1.7,15,10.15,Gold,West,Poor,2022-08-26,0,0
43.6,,657.1,1.8,11,76.58,Gold,North,Average,2022-02-06,0,0
48.6,64.55,782.3,0.8,15,51.49,Bronze,East,Average,2020-11-12,0,0
51.3,82.14,655.2,10.9,13,28.43,Silver,North,Poor,2022-04-30,1,0
48.7,86.45,650.4,3.9,5,2.78,Gold,South,Average,2023-06-29,1,0
48.8,139.94,750.6,3.6,13,68.74,Gold,East,Poor,2023-10-12,1,0
46.7,128.74,689.3,10.9,10,32.93,Bronze,West,Average,2023-05-06,0,0
50.7,200.89,716.5,2.2,14,63.5,Gold,East,Poor,2021-03-26,1,0
50.7,48.1,667.9,2.7,16,7.33,Gold,West,Good,2020-01-07,1,0
37.7,61.27,665.6,3.1,12,9.72,Silver,West,Good,2021-02-06,0,0
31.4,26.11,736.1,6.8,15,32.1,Bronze,West,Good,2023-03-12,1,0
53.2,43.56,617.3,33.5,8,21.87,Gold,West,Good,2020-01-21,1,0
45.6,50.6,761.9,6.6,11,18.61,Bronze,North,Good,2021-10-19,0,0
43.8,103.47,733.7,1.2,15,6.06,Bronze,North,Poor,2020-11-30,0,0
44.9,25.04,674.4,3.4,10,15.77,Bronze,West,Good,2021-08-27,1,0
31.9,153.45,722.5,0.6,14,37.54,Gold,South,Average,2020-04-14,0,0
24.8,27.94,686.2,1.8,22,26.58,Bronze,North,Average,2023-03-13,1,0
21.0,172.87,683.3,4.8,20,63.95,Gold,East,Poor,2023-11-10,1,0
27.0,55.94,807.3,13.1,16,16.69,Silver,North,Poor,2021-12-18,1,0
35.5,123.55,746.1,10.1,25,31.55,Silver,West,Good,2023-02-05,1,0
24.6,91.67,650.4,2.6,17,142.64,Bronze,East,Good,2021-06-30,1,0
39.2,,724.8,6.0,15,22.08,Gold,West,Average,2020-06-07,1,0
25.9,106.52,617.0,1.6,19,56.63,Bronze,West,Good,2023-09-18,1,0
24.4,58.22,804.5,2.1,20,14.78,Bronze,North,Good,2021-02-20,1,0
53.0,204.57,608.2,2.4,14,10.05,Bronze,East,Poor,2020-05-13,0,0
53.8,34.79,717.9,9.4,15,86.81,Bronze,East,Good,2021-11-10,1,0
30.2,74.35,645.0,4.8,17,17.59,Bronze,West,Good,2021-09-19,1,0
48.6,,662.9,1.9,18,15.69,Gold,North,Good,2023-02-12,1,0
33.2,43.61,750.7,2.3,21,8.93,Silver,South,Poor,2021-08-03,1,0
33.4,92.78,697.3,12.5,18,10.96,Bronze,North,Average,2021-05-13,1,0
36.8,112.45,787.2,7.4,13,15.3,Silver,South,Average,2022-03-07,1,0
29.7,120.29,663.6,2.8,16,9.7,Bronze,East,Good,2023-02-22,1,0
22.8,34.21,738.5,0.0,9,11.42,Platinum,North,Good,2022-10-03,0,0
45.2,58.63,718.4,6.3,19,5.43,Bronze,East,Average,2022-12-24,0,0
59.1,144.38,707.8,2.5,10,69.87,Silver,West,Good,2023-07-20,1,0
64.0,56.51,600.0,7.7,14,41.49,Bronze,West,Poor,2021-12-24,0,0
41.3,38.97,673.0,0.9,18,30.1,Silver,North,Good,2023-04-26,1,0
45.9,110.99,707.1,8.5,9,9.33,Gold,North,Average,2021-12-22,1,0
28.1,87.76,768.0,9.7,16,24.12,Gold,East,Good,2020-02-01,1,0
24.1,90.02,678.3,3.1,12,10.71,Silver,South,Good,2020-03-16,0,0
25.1,156.05,685.0,4.3,14,37.27,Bronze,South,Good,2021-12-17,1,0
25.7,62.33,703.8,22.5,14,12.02,Bronze,North,Good,2020-10-08,1,0
36.5,28.96,685.1,6.1,20,20.42,Bronze,North,Poor,2020-06-30,0,0
33.8,53.01,718.1,0.5,9,10.77,Bronze,North,Average,2023-01-13,1,0
24.7,165.6,639.4,0.8,18,41.95,Platinum,North,Good,2024-01-16,1,0
,88.69,645.6,18.9,19,108.57,Silver,South,Poor,2023-07-25,1,0
36.4,99.18,774.1,3.0,13,24.61,Bronze,West,Good,2022-11-06,1,0
38.5,,715.3,8.9,17,32.45,Bronze,East,Good,2022-05-31,1,0
44.1,73.42,711.7,16.2,13,19.16,Silver,East,Poor,2022-07-08,1,0
23.4,28.28,645.5,0.2,12,3.52,Gold,North,Poor,2021-03-30,1,0
42.0,83.39,663.8,6.2,15,14.26,Bronze,West,Poor,2022-02-20,1,0
40.8,45.89,747.8,3.9,21,4.86,Gold,East,Average,2020-12-13,0,0
38.6,75.29,723.6,14.5,17,16.41,Bronze,East,Good,2023-08-12,0,0
31.4,98.05,715.1,4.5,19,9.85,Bronze,North,Good,2022-01-11,1,0
32.5,59.2,681.2,3.0,17,15.15,Bronze,East,Good,2021-08-05,0,0
28.6,86.2,645.0,1.8,6,39.14,Gold,East,Good,2021-11-25,0,0
25.9,274.59,679.8,5.4,20,9.02,Bronze,North,Good,2022-05-01,1,0
37.8,109.58,758.2,10.7,14,35.79,Bronze,West,Average,2022-12-24,1,0
43.3,127.59,765.8,0.9,20,73.74,Silver,South,Poor,2023-01-18,1,0
55.4,157.78,662.8,6.0,18,116.53,Gold,West,Good,2022-03-16,1,0
37.0,,660.3,1.7,12,10.05,Gold,South,Poor,2020-05-04,1,0
25.9,112.41,796.1,4.6,15,21.43,Bronze,South,Average,2023-03-03,0,0
7.9,50.43,728.2,1.4,11,5.97,Platinum,North,Good,2022-11-02,1,0
36.0,205.29,720.4,0.3,10,33.9,Bronze,East,Good,2021-02-19,1,0
54.2,99.62,651.5,5.5,21,126.39,Gold,North,Average,2022-08-17,1,0
24.2,131.27,,5.2,12,22.55,Gold,East,Poor,2021-07-28,0,0
49.7,62.44,754.4,4.4,14,25.46,Gold,North,Average,2020-08-09,1,0
30.6,75.39,728.6,8.6,18,5.45,Platinum,North,Good,2022-08-01,1,0
35.3,82.15,710.7,14.9,22,8.07,Gold,North,Poor,2023-07-18,0,0
63.0,52.28,649.3,5.8,14,3.96,Silver,East,Average,2022-07-12,0,0
29.9,89.43,777.6,1.4,11,32.66,Bronze,South,Good,2022-10-12,1,0
48.0,36.15,694.7,3.3,19,4.79,Gold,East,Average,2021-12-28,1,0
59.0,93.1,715.7,2.0,16,24.43,Silver,North,Good,2021-04-16,1,0
25.3,50.29,783.3,10.1,15,17.24,Platinum,South,Average,2021-12-07,0,0
29.3,61.19,690.3,4.0,16,9.22,Silver,East,Average,2021-10-10,1,0
48.3,113.1,616.4,2.9,8,12.2,Silver,North,Good,2020-11-08,1,0
42.7,63.21,737.7,5.1,14,20.01,Bronze,East,Good,2021-06-23,0,0
25.8,282.79,670.1,3.5,11,55.24,Gold,South,Poor,2023-08-01,1,0
53.3,169.9,654.2,2.8,17,13.77,Bronze,East,Good,2022-10-27,0,0
43.0,80.06,666.2,5.4,10,10.22,Bronze,East,Average,2023-03-21,0,0
27.2,,652.4,0.7,13,11.14,Bronze,South,Good,2023-01-29,0,0
49.6,56.22,726.3,4.9,10,61.49,Silver,North,Poor,2023-08-27,0,0
31.1,107.32,708.3,2.4,12,118.23,Bronze,West,Good,2022-12-07,0,0
25.9,160.28,701.0,7.8,13,8.04,Bronze,East,Good,2022-09-06,1,0
62.2,215.89,706.6,3.2,15,14.57,Bronze,South,Good,2020-01-16,1,0
43.7,39.66,748.2,0.2,17,41.53,Bronze,East,Good,2021-06-13,1,0
43.8,62.67,,0.1,11,12.17,Gold,East,Good,2022-04-14,0,0
50.1,95.1,670.5,2.4,11,9.61,Bronze,North,Good,2022-03-14,0,0
40.9,133.17,709.6,0.2,18,58.84,Platinum,South,Average,2024-01-20,1,0
34.6,227.54,713.0,6.3,16,26.15,Silver,West,Poor,2023-02-09,1,0
35.5,153.48,662.5,11.2,19,43.06,Silver,South,Good,2022-07-30,1,0
25.0,147.03,793.9,2.2,18,98.81,Silver,South,Good,2023-06-10,1,0
43.0,60.31,669.7,5.2,21,4.64,Bronze,North,Good,2020-01-28,1,0
34.3,26.86,788.8,3.2,18,69.29,Gold,West,Average,2022-12-24,0,0
43.0,140.84,677.6,1.7,12,44.03,Silver,West,Good,2023-03-09,1,0
44.7,68.01,690.2,0.9,18,18.24,Gold,West,Good,2023-12-29,0,0
43.6,56.52,730.1,10.5,13,94.01,Gold,East,Average,2021-07-14,1,0
63.5,,703.6,1.0,16,78.54,Bronze,North,Poor,2020-05-20,0,0
39.4,56.0,651.2,0.0,13,30.82,Gold,West,Good,2024-01-16,1,0
39.6,27.52,664.0,0.4,13,31.72,Silver,East,Good,2021-08-26,1,0
25.8,70.59,689.0,0.1,11,24.68,Silver,West,Good,2021-01-05,1,0
57.9,84.64,657.0,4.1,21,23.14,Gold,South,Good,2021-10-07,0,0
42.2,52.67,695.4,4.2,12,11.04,Silver,North,Poor,2023-08-30,0,0
39.3,141.84,736.4,6.0,16,62.24,Platinum,West,Good,2024-01-12,1,0
61.0,256.22,714.9,0.0,19,5.61,Silver,North,Average,2022-05-29,1,0
37.7,118.91,768.5,4.5,6,25.8,Silver,East,Good,2021-03-03,0,0
37.1,102.34,,9.2,18,11.11,Gold,North,Good,2023-09-28,1,0
38.5,24.75,653.3,0.4,13,5.96,Gold,South,Good,2020-02-14,1,0
36.1,117.69,799.6,8.3,15,18.29,Gold,East,Poor,2022-07-08,1,0
40.3,41.38,707.3,5.1,12,56.09,Silver,West,Poor,2023-08-30,1,0
33.9,98.47,701.7,3.4,15,93.56,Gold,South,Average,2020-06-02,1,0
37.7,165.38,801.5,2.9,11,6.42,Gold,North,Poor,2022-01-07,0,0
55.6,126.34,661.5,10.2,15,68.65,Bronze,West,Good,2022-07-25,1,0
43.0,,753.0,1.9,21,32.4,Bronze,East,Poor,2020-05-27,0,0
30.3,108.57,661.1,2.5,10,26.12,Gold,South,Average,2022-01-21,1,0
45.7,40.61,736.2,1.4,9,69.09,Gold,South,Good,2020-07-18,0,0
35.5,144.13,715.2,6.8,9,23.76,Platinum,East,Average,2021-07-30,1,0
19.0,65.09,759.0,2.1,20,16.11,Silver,North,Good,2023-12-31,1,0
20.3,148.85,727.8,0.3,20,20.14,Silver,South,Good,2022-05-05,1,0
50.4,102.37,553.9,7.3,11,13.25,Bronze,East,Good,2020-09-10,0,0
49.4,99.55,764.8,9.2,15,16.8,Bronze,South,Good,2023-10-13,1,0
36.5,57.16,662.8,2.8,15,73.42,Silver,North,Good,2023-08-17,0,0
18.8,75.73,703.3,1.6,15,7.63,Gold,West,Average,2022-08-18,1,0
29.3,85.5,739.3,13.2,16,61.17,Silver,East,Poor,2022-02-22,1,0
36.8,198.99,647.8,3.2,12,7.57,Silver,West,Good,2022-02-27,1,0
46.4,235.49,728.2,2.4,21,30.2,Bronze,North,Average,2020-03-08,1,0
26.1,68.84,672.8,1.3,14,21.98,Gold,West,Poor,2020-11-02,1,0
32.5,124.61,660.5,1.3,21,30.14,Bronze,South,Good,2020-01-26,0,0
56.6,,733.4,11.5,18,28.15,Bronze,West,Average,2023-08-16,1,0
24.6,134.88,740.5,1.1,22,17.61,Bronze,South,Good,2020-05-11,1,0
35.2,271.7,746.8,2.2,17,6.41,Silver,South,Average,2022-06-20,1,0
18.6,96.1,765.5,0.8,13,6.68,Silver,North,Good,2022-02-25,1,0
10.8,260.05,694.3,7.5,20,116.14,Bronze,East,Poor,2022-07-11,1,0
39.0,185.3,726.7,4.3,13,35.39,Gold,East,Good,2023-01-21,1,0
54.7,23.97,717.0,2.4,18,30.9,Platinum,West,Average,2020-09-06,1,0
30.2,87.83,754.3,5.5,17,9.82,Bronze,North,Poor,2022-07-27,0,0
28.3,233.82,764.1,4.8,18,45.04,Bronze,North,Poor,2021-04-15,1,0
33.5,175.05,697.8,9.5,15,18.13,Silver,West,Average,2022-09-06,1,0
16.1,124.54,630.7,2.4,8,16.77,Gold,South,Good,2022-08-06,1,0
48.2,192.87,692.4,13.4,16,31.68,Silver,West,Good,2021-07-10,1,0
34.7,205.19,621.6,1.9,21,24.95,Bronze,West,Good,2022-12-19,1,0
35.1,137.78,673.0,1.9,13,22.68,Silver,East,Average,2020-05-04,1,0
35.3,52.3,726.9,0.7,18,8.17,Bronze,West,Good,2023-01-19,1,0
,123.52,685.2,0.5,18,32.58,Platinum,West,Poor,2023-08-01,1,0
65.7,62.87,731.5,0.8,7,9.04,Platinum,West,Good,2020-08-16,1,0
36.3,89.03,771.8,5.4,9,5.13,Silver,North,Good,2020-12-24,1,0
40.9,411.27,691.5,2.3,15,1.66,Platinum,North,Average,2021-06-20,1,0
58.1,58.37,648.1,19.9,15,26.72,Platinum,South,Poor,2023-07-10,1,0
38.2,136.8,697.5,3.9,15,33.77,Silver,West,Good,2021-08-07,0,0
23.9,16.69,654.7,11.7,18,18.62,Platinum,East,Good,2023-08-22,1,0
30.2,78.48,653.3,4.3,15,10.11,Silver,South,Average,2020-10-16,1,0
43.9,312.83,593.1,1.6,17,23.27,Bronze,North,Good,2020-05-04,1,0
41.9,103.36,744.3,3.8,12,36.12,Gold,East,Average,2023-11-04,1,0
42.3,61.07,691.4,7.2,17,1.8,Bronze,North,Average,2023-12-07,0,0
40.6,287.18,736.5,3.6,12,8.33,Bronze,North,Good,2021-06-11,1,0
11.2,62.59,608.6,2.1,19,5.36,Platinum,East,Poor,2022-10-07,1,0
45.5,129.69,754.6,0.9,12,40.8,Silver,West,Average,2021-06-05,1,0
31.1,88.53,670.7,4.2,12,38.06,Bronze,East,Good,2023-07-15,1,0
36.5,76.62,,6.8,14,11.85,Gold,North,Good,2020-01-31,1,0
34.8,61.86,858.4,0.7,21,8.66,Platinum,South,Good,2020-01-31,1,0
35.7,63.01,757.1,10.4,16,51.74,Bronze,West,Good,2023-08-29,1,0
46.4,115.45,704.8,10.8,19,15.4,Platinum,West,Average,2021-09-29,1,0
57.4,141.01,707.8,2.1,12,24.89,Gold,West,Average,2022-01-18,1,0
29.5,52.94,667.9,5.7,14,7.44,Bronze,North,Average,2023-07-11,1,0
35.0,91.6,693.2,4.9,14,16.63,Silver,South,Average,2022-05-23,1,0
30.8,60.64,668.1,0.0,26,62.5,Bronze,South,Good,2022-02-28,0,0
26.1,54.49,609.6,9.7,14,38.57,Platinum,South,Good,2022-01-13,1,0
54.9,66.33,704.3,4.0,21,8.34,Bronze,South,Average,2020-06-28,0,0
53.9,98.69,697.0,1.0,22,11.68,Silver,West,Average,2022-03-28,0,0
36.9,87.23,736.2,4.7,15,6.45,Bronze,North,Good,2023-02-05,1,0
61.1,146.57,713.1,0.2,13,9.68,Silver,North,Average,2021-10-20,0,0
45.9,60.61,693.4,0.0,15,29.32,Silver,East,Average,2021-03-16,0,0
39.6,72.57,664.9,3.8,16,15.72,Bronze,East,Good,2022-01-14,1,0
23.5,92.8,709.0,0.6,15,12.06,Bronze,East,Average,2023-08-28,0,0
45.7,79.63,762.4,5.9,10,10.06,Silver,North,Good,2020-04-30,1,0
52.6,155.85,707.4,4.9,15,11.74,Bronze,South,Poor,2023-03-13,0,0
36.8,89.68,808.2,7.2,11,14.88,Silver,West,Good,2022-03-28,1,0
27.7,92.11,691.7,1.7,15,34.79,Silver,North,Good,2020-04-26,1,0
39.3,46.3,686.1,1.3,24,100.37,Silver,East,Good,2022-10-24,1,0
39.4,74.44,697.8,8.4,16,27.9,Silver,West,Average,2023-03-14,1,0
59.8,38.69,667.3,6.4,16,23.29,Bronze,South,Good,2023-08-15,1,0
28.9,71.53,681.5,20.9,19,3.86,Silver,South,Poor,2023-06-17,1,0
47.3,89.57,683.6,0.0,20,6.4,Platinum,East,Poor,2023-06-22,1,0
44.7,80.04,723.6,0.9,8,14.04,Bronze,South,Good,2023-09-07,0,0
49.7,50.4,704.6,3.9,9,10.21,Bronze,North,Good,2021-11-24,0,0
50.5,254.07,741.1,0.1,10,8.99,Platinum,West,Good,2021-03-18,1,0
38.9,15.29,693.9,4.2,19,18.83,Silver,East,Good,2022-04-21,1,0
40.7,129.27,722.3,13.0,11,21.0,Silver,West,Average,2020-10-10,1,0
61.1,93.58,,3.6,7,20.91,Platinum,West,Average,2022-07-09,1,0
25.5,73.44,644.9,25.3,14,28.71,Bronze,South,Poor,2024-02-06,1,0
51.5,,760.1,1.1,8,9.66,Bronze,West,Good,2021-07-14,0,0
55.7,39.81,730.4,2.6,15,13.5,Bronze,South,Good,2022-09-01,1,0
43.2,154.52,722.8,9.4,11,11.35,Silver,East,Poor,2022-03-03,1,0
23.9,42.32,754.4,1.0,12,8.58,Silver,South,Good,2022-05-30,0,0
29.7,216.72,725.3,3.4,14,59.82,Platinum,East,Average,2022-02-24,1,0
40.8,54.17,681.8,4.0,22,23.03,Silver,South,Average,2021-01-05,1,0
30.3,550.61,747.5,5.2,13,23.29,Silver,West,Poor,2020-08-05,1,0
53.5,63.65,692.2,9.4,12,21.97,Bronze,East,Average,2021-02-13,0,0
50.6,25.51,763.6,4.4,15,9.86,Silver,East,Good,2023-12-06,0,0
66.4,75.93,721.5,3.7,18,8.04,Silver,South,Good,2020-08-06,1,0
31.1,,701.6,19.8,14,17.79,Bronze,East,Poor,2022-06-18,1,0
25.4,225.97,575.0,12.1,11,20.23,Platinum,West,Average,2020-12-27,1,0
47.5,44.48,567.4,2.1,19,11.65,Silver,South,Poor,2023-11-01,0,0
35.3,39.29,671.7,8.0,19,17.68,Bronze,South,Average,2020-11-15,1,0
45.9,39.43,763.5,6.2,17,37.95,Bronze,North,Good,2022-12-08,0,0
25.2,58.52,807.5,1.9,15,9.32,Silver,East,Poor,2020-04-25,0,0
33.9,174.67,674.3,1.0,13,15.2,Bronze,South,Poor,2020-02-23,0,0
44.4,101.18,681.4,11.7,14,11.96,Silver,South,Average,2020-10-03,1,0
41.1,105.16,724.6,4.3,18,7.99,Bronze,South,Average,2021-04-05,1,0
41.9,58.3,763.3,0.5,13,94.01,Bronze,South,Poor,2024-02-03,0,0
34.8,146.93,661.2,7.2,16,30.2,Silver,West,Poor,2020-12-26,0,0
35.2,81.36,730.6,5.4,14,17.51,Silver,South,Good,2021-09-17,1,0
29.4,66.88,679.7,12.0,13,13.53,Bronze,West,Good,2020-01-05,1,0
37.1,43.59,723.4,10.7,15,17.34,Bronze,East,Good,2022-06-21,0,0
39.3,108.65,743.9,1.0,16,6.51,Gold,South,Average,2021-02-18,1,0
43.7,60.18,631.0,13.3,14,6.0,Bronze,South,Average,2021-02-15,1,0
40.9,23.59,664.7,3.8,8,29.22,Bronze,South,Good,2021-06-24,0,0
26.2,126.93,577.7,1.0,13,22.39,Bronze,North,Average,2023-07-31,0,0
31.3,100.32,690.4,7.6,15,15.87,Gold,North,Good,2020-04-05,1,0
30.9,95.89,787.2,24.3,17,29.21,Silver,West,Poor,2022-06-03,1,0
62.6,84.1,712.6,7.7,10,14.85,Gold,South,Poor,2021-05-07,0,0
22.9,178.21,835.8,3.9,15,13.11,Silver,West,Average,2022-01-29,1,0
24.7,45.83,659.7,2.0,15,42.09,Bronze,East,Good,2022-05-29,0,0
59.7,168.85,692.7,0.6,14,14.79,Gold,West,Good,2022-09-27,0,0
44.4,56.02,649.1,5.3,9,10.34,Platinum,West,Poor,2023-12-09,0,0
43.0,108.41,644.1,11.4,28,6.01,Silver,South,Average,2021-12-20,0,0
20.2,185.45,730.9,4.2,18,48.58,Platinum,West,Good,2022-08-24,1,0
29.4,53.0,689.7,2.3,13,10.43,Bronze,North,Good,2021-10-24,0,0
39.4,126.34,694.3,2.3,20,15.71,Gold,South,Good,2020-08-17,0,0
39.4,51.73,652.1,0.7,11,33.96,Bronze,South,Poor,2021-06-24,0,0
36.6,85.12,709.5,3.4,17,12.98,Silver,East,Poor,2023-02-01,0,0
47.9,86.99,627.6,0.1,24,106.29,Bronze,East,Good,2022-01-11,1,0
40.6,170.44,747.7,13.1,12,12.58,Gold,East,Good,2020-01-09,1,0
19.1,94.19,834.6,1.9,20,8.66,Gold,West,Poor,2022-07-21,1,0
47.0,41.0,722.1,5.4,22,13.77,Bronze,South,Average,2022-05-10,1,0
35.1,39.28,748.2,5.7,19,9.81,Bronze,East,Average,2021-06-27,0,0
29.1,75.22,680.3,6.2,18,17.19,Gold,North,Good,2023-09-02,0,0
35.1,162.01,689.1,3.3,17,7.8,Silver,East,Poor,2021-10-07,0,0
40.6,158.61,669.1,3.4,18,12.37,Silver,North,Average,2021-07-24,1,0
31.5,103.96,759.6,7.6,17,41.79,Bronze,East,Average,2021-09-05,1,0
49.0,148.38,706.7,3.7,16,6.86,Gold,South,Good,2022-04-28,0,0
29.7,66.96,672.0,5.4,16,11.13,Bronze,East,Good,2023-01-11,1,0
58.2,43.98,698.4,4.8,18,6.14,Bronze,North,Average,2021-10-14,0,0
34.1,163.5,702.0,0.2,13,30.2,Bronze,North,Average,2022-07-31,1,0
41.3,29.82,659.1,2.2,7,41.71,Silver,South,Good,2020-12-25,0,0
44.7,55.88,620.4,11.3,15,50.5,Bronze,West,Good,2022-02-08,0,0
28.4,116.75,604.2,13.4,14,38.46,Silver,South,Average,2024-01-05,0,0
42.6,84.2,740.5,5.2,16,9.81,Silver,East,Average,2020-12-31,1,0
38.1,183.15,591.2,0.8,10,27.07,Platinum,West,Good,2020-06-01,1,0
24.3,79.7,714.8,1.0,15,11.95,Silver,South,Poor,2020-03-09,0,0
52.9,119.45,634.0,4.4,10,8.56,Bronze,North,Good,2023-10-24,1,0
51.8,200.91,685.9,0.6,13,31.43,Bronze,East,Good,2020-07-06,1,0
43.7,57.14,672.3,0.0,17,23.8,Gold,North,Average,2021-09-30,1,0
41.6,93.88,745.8,7.4,12,25.22,Silver,North,Good,2021-05-01,1,0
31.3,103.73,629.4,4.7,15,8.54,Platinum,West,Poor,2023-08-02,1,0
47.7,149.96,654.3,0.6,25,13.27,Silver,North,Average,2024-02-04,1,0
53.9,38.73,669.5,3.3,15,16.19,Silver,West,Good,2021-01-05,0,0
33.4,156.92,818.8,32.0,18,49.56,Gold,North,Poor,2022-07-16,1,0
37.6,81.49,677.8,12.8,11,14.7,Gold,East,Poor,2020-07-21,1,0
48.0,87.55,728.9,4.2,15,16.88,Platinum,South,Average,2022-05-30,1,0
47.4,49.32,705.4,8.3,19,20.38,Bronze,West,Good,2022-01-17,1,0
40.8,141.32,705.1,13.6,18,115.26,Bronze,South,Average,2023-12-19,1,0
55.0,83.52,730.4,9.5,15,27.18,Platinum,East,Good,2022-04-27,1,0
46.3,37.59,688.0,3.3,19,11.91,Bronze,North,Good,2023-09-10,0,0
36.9,165.35,702.6,3.0,13,47.03,Bronze,East,Poor,2020-06-20,0,0
23.7,71.29,660.4,6.5,13,10.56,Gold,North,Average,2022-08-20,1,0
42.9,108.58,,0.8,17,14.14,Gold,North,Average,2021-12-07,0,0
33.3,88.67,722.4,0.5,16,19.53,Bronze,North,Good,2022-08-01,0,0
39.9,147.49,720.7,7.1,17,13.12,Bronze,East,Poor,2021-10-30,1,0
31.7,187.0,679.3,11.4,8,24.19,Gold,East,Good,2022-01-13,1,0
19.8,126.11,662.4,2.0,16,38.79,Gold,North,Good,2020-02-23,1,0
31.6,254.19,708.4,17.9,13,51.84,Silver,East,Good,2021-03-16,1,0
16.5,104.87,689.1,1.2,20,10.39,Bronze,East,Poor,2022-08-15,1,0
30.3,73.96,614.5,1.6,14,15.58,Gold,West,Poor,2024-01-17,1,0
31.4,,648.8,8.5,21,8.28,Bronze,East,Average,2023-05-24,1,0
38.1,257.26,636.6,1.3,16,13.54,Silver,West,Good,2023-12-30,1,0
20.9,283.87,688.9,0.1,10,43.81,Gold,East,Poor,2022-07-25,1,0
55.1,60.62,704.3,1.8,5,55.49,Bronze,South,Average,2020-12-21,0,0
8.0,91.53,681.6,2.3,14,20.15,Bronze,East,Good,2021-04-08,1,0
54.9,113.17,664.6,1.5,22,20.94,Bronze,North,Poor,2022-09-27,0,0
39.1,44.91,779.4,0.7,13,37.76,Bronze,West,Average,2022-02-14,0,0
,32.15,706.9,8.3,7,20.92,Bronze,North,Good,2022-01-14,1,0
47.4,297.82,655.8,15.8,15,12.09,Gold,South,Poor,2021-02-24,1,0
42.1,127.49,751.8,0.7,15,23.92,Bronze,East,Average,2023-10-27,1,0
45.5,131.48,769.3,0.8,14,52.94,Silver,North,Good,2023-09-01,1,0
51.1,59.37,685.8,3.0,22,10.19,Gold,East,Good,2023-04-08,1,0
45.6,101.35,622.6,1.9,14,57.42,Bronze,South,Average,2022-09-01,1,0
30.6,122.43,665.9,1.5,16,132.67,Silver,South,Average,2020-05-09,0,0
50.2,152.19,681.2,1.3,16,28.6,Bronze,West,Good,2020-04-13,1,0
49.1,171.98,663.8,0.0,14,56.24,Silver,North,Average,2021-06-09,1,0
40.1,35.64,752.3,1.4,11,56.7,Gold,South,Poor,2023-03-12,0,0
43.2,35.49,612.0,0.9,13,21.11,Silver,South,Good,2020-06-30,0,0
39.5,92.31,732.6,0.1,13,10.79,Bronze,West,Poor,2020-08-22,0,0
17.1,72.83,638.8,7.2,15,14.09,Platinum,West,Average,2021-04-08,1,0
42.7,62.07,713.0,4.2,13,31.87,Bronze,North,Good,2023-12-30,1,0
32.6,52.63,677.2,5.2,16,46.83,Gold,South,Poor,2020-08-26,1,0
21.9,251.37,741.3,2.6,16,22.73,Platinum,North,Good,2021-04-27,1,0
57.8,105.69,749.7,3.3,17,36.34,Gold,South,Poor,2022-03-09,1,0
44.6,34.39,631.2,5.0,11,91.5,Gold,South,Good,2023-11-15,0,0
52.7,58.55,663.9,5.0,13,17.56,Gold,South,Good,2022-03-17,0,0
41.1,,667.4,4.9,15,62.88,Bronze,South,Good,2020-12-22,1,0
43.1,84.88,738.2,5.3,20,30.82,Silver,East,Average,2020-11-25,0,0
43.6,61.79,620.6,5.1,8,43.17,Platinum,South,Poor,2020-12-08,1,0
30.7,293.89,678.7,0.1,18,36.55,Silver,South,Poor,2021-10-06,1,0
33.6,40.52,700.4,1.0,8,57.57,Bronze,South,Average,2020-09-13,0,0
51.1,42.6,691.4,7.4,15,61.21,Gold,West,Average,2020-07-22,1,0
32.8,22.33,711.2,1.7,17,37.01,Bronze,East,Good,2022-06-03,0,0
35.8,58.43,742.0,1.2,10,22.92,Platinum,North,Good,2021-05-17,1,0
32.5,133.63,654.8,2.7,23,21.49,Bronze,South,Good,2023-11-17,1,0
24.9,103.78,608.9,9.0,10,7.5,Gold,South,Good,2022-02-18,1,0
31.3,192.89,730.1,5.1,18,13.08,Gold,South,Average,2023-09-26,1,0
59.2,74.59,604.5,0.5,19,64.38,Gold,South,Average,2022-02-09,0,0
46.2,55.47,759.9,0.4,14,17.14,Silver,South,Good,2023-08-06,0,0
43.0,96.57,764.6,8.3,12,57.79,Bronze,East,Good,2023-08-26,0,0
36.6,87.8,665.8,0.9,22,37.61,Bronze,North,Poor,2020-07-21,0,0
44.6,104.06,706.6,7.9,17,23.56,Bronze,South,Good,2022-07-20,1,0
47.1,101.65,648.0,5.6,18,16.24,Silver,West,Average,2020-01-04,1,0
51.8,51.09,643.0,3.9,17,20.51,Silver,South,Poor,2020-02-12,1,0
54.1,120.97,768.9,2.8,16,27.75,Platinum,North,Good,2022-11-16,1,0
27.3,86.76,,0.1,15,44.87,Bronze,East,Poor,2022-07-16,0,0
38.1,34.29,725.7,0.2,17,13.43,Platinum,North,Poor,2023-08-13,1,0
66.3,65.76,695.8,3.9,13,14.68,Bronze,South,Good,2021-09-13,1,0
54.0,59.58,643.1,11.3,13,20.5,Platinum,East,Poor,2020-04-11,0,0
38.4,43.06,705.7,0.5,14,16.84,Bronze,South,Good,2020-11-17,0,0
43.2,142.07,670.6,3.8,16,19.68,Bronze,West,Good,2022-09-15,1,0
56.6,105.06,681.8,1.4,13,30.65,Gold,North,Average,2020-07-28,0,0
49.3,18.77,673.7,2.2,17,26.45,Gold,West,Good,2022-06-19,0,0
63.2,333.96,709.0,0.2,15,20.76,Silver,East,Poor,2021-06-29,1,0
28.1,41.19,716.3,4.8,16,30.76,Silver,West,Poor,2022-07-15,1,0
39.8,90.77,662.2,0.8,12,3.61,Bronze,West,Good,2021-07-06,0,0
54.5,131.42,767.4,5.0,12,24.91,Silver,East,Good,2022-05-01,0,0
45.2,170.68,578.1,0.2,20,10.17,Silver,East,Poor,2020-01-25,0,0
46.1,63.36,636.7,14.8,17,25.93,Gold,West,Good,2021-10-28,1,0
32.8,58.25,688.5,2.3,18,41.34,Silver,South,Good,2021-07-16,0,0
46.7,85.12,582.8,6.2,8,37.57,Bronze,East,Average,2023-09-05,0,0
39.3,62.5,731.9,2.5,15,7.61,Silver,West,Good,2020-05-04,0,0
19.2,97.3,683.5,2.1,14,15.17,Silver,North,Good,2022-09-12,0,0
41.6,80.88,784.7,0.8,21,12.67,Bronze,South,Average,2021-10-15,1,0
40.4,32.14,717.3,1.7,12,11.29,Silver,West,Average,2023-10-19,1,0
49.8,154.99,706.7,5.8,14,43.88,Bronze,North,Poor,2023-11-14,1,0
33.8,151.26,787.6,4.1,9,44.18,Bronze,North,Good,2020-03-15,1,0
47.5,82.52,696.2,4.9,15,55.99,Silver,North,Average,2021-08-12,0,0
50.6,192.48,775.2,0.9,19,2.0,Bronze,South,Good,2023-10-03,0,0
33.8,66.59,708.2,11.3,21,78.45,Bronze,South,Good,2020-08-02,1,0
49.7,81.51,600.3,0.3,15,16.82,Silver,North,Average,2021-08-11,0,0
7.0,100.82,716.4,5.0,22,64.83,Bronze,West,Average,2023-04-05,0,0
41.4,132.69,669.5,0.1,13,10.86,Bronze,North,Good,2021-11-26,0,0
26.6,93.97,668.9,1.3,12,14.19,Bronze,South,Average,2021-08-08,0,0
41.7,751.17,684.5,3.8,17,10.72,Silver,North,Average,2022-07-30,1,0
35.4,116.64,752.9,9.7,20,19.32,Silver,West,Good,2022-12-09,1,0
69.8,140.79,668.7,4.4,15,9.61,Platinum,South,Good,2022-01-22,1,0
29.2,99.38,782.5,3.3,13,64.56,Bronze,North,Average,2024-01-29,1,0
23.1,,604.5,6.0,12,14.66,Bronze,South,Average,2021-02-24,0,0
32.4,108.9,683.1,0.5,28,40.92,Silver,South,Good,2021-08-06,1,0
8.7,88.53,721.6,5.2,28,35.77,Silver,East,Average,2024-01-10,1,0
17.8,23.17,681.6,4.4,13,34.1,Bronze,North,Average,2022-01-11,1,0
39.4,58.39,671.1,2.2,18,10.81,Bronze,North,Poor,2022-01-29,0,0
33.5,81.98,732.6,1.8,13,41.53,Bronze,West,Good,2023-11-07,0,0
53.9,212.19,670.2,2.4,15,82.8,Gold,East,Good,2024-01-13,1,0
48.2,148.52,747.9,6.9,10,18.61,Silver,East,Good,2021-12-20,1,0
42.8,40.94,708.0,2.3,13,21.86,Bronze,East,Good,2020-10-25,0,0
32.5,52.72,757.7,2.8,20,41.84,Gold,South,Good,2021-02-22,1,0
40.2,104.38,703.0,3.8,15,23.46,Silver,West,Good,2021-09-30,1,0
10.5,68.35,716.4,3.8,18,16.47,Bronze,South,Average,2021-01-31,0,0
42.8,200.4,786.6,1.1,16,21.95,Bronze,East,Good,2020-10-27,1,0
47.8,81.64,645.3,0.3,13,3.61,Bronze,North,Good,2020-11-22,0,0
44.9,191.89,652.9,8.1,15,23.5,Bronze,North,Average,2022-12-23,1,0
51.7,109.34,655.1,13.3,15,23.08,Gold,East,Good,2021-09-20,1,0
54.2,107.75,749.8,0.7,19,22.79,Silver,East,Good,2023-09-19,0,0
46.4,69.53,739.4,0.1,21,28.49,Silver,South,Good,2020-06-17,0,0
41.5,294.07,741.2,1.3,17,12.3,Silver,North,Good,2022-09-22,0,0
30.1,57.13,653.8,2.8,18,11.1,Bronze,East,Good,2023-01-21,1,0
65.4,77.55,785.9,8.2,14,14.76,Gold,East,Good,2021-06-12,1,0
32.5,43.18,795.4,10.3,20,14.49,Bronze,West,Good,2022-07-13,1,0
46.3,28.23,767.5,5.7,10,16.64,Bronze,West,Average,2024-02-05,1,0
47.9,59.47,680.1,4.5,20,31.72,Silver,South,Average,2021-02-28,0,0
46.8,72.25,801.1,1.6,20,9.93,Platinum,North,Average,2023-02-10,1,0
60.1,66.89,690.7,13.0,14,10.28,Bronze,East,Average,2020-07-22,0,0
40.3,159.85,659.3,0.0,23,7.67,Platinum,West,Good,2021-03-12,1,0
39.0,305.32,618.9,4.3,12,8.23,Gold,East,Good,2023-03-13,1,0
46.0,66.95,660.1,2.0,12,17.78,Silver,East,Good,2021-12-13,1,0
25.9,104.69,701.6,3.5,11,4.92,Silver,East,Good,2020-06-13,1,0
28.9,145.26,673.2,3.6,10,19.9,Platinum,West,Good,2020-02-19,1,0
22.3,101.37,734.6,1.7,16,9.34,Silver,North,Average,2021-06-22,0,0
44.3,119.71,,2.6,19,39.62,Platinum,West,Good,2021-11-07,1,0
51.6,84.0,669.1,2.4,13,4.48,Silver,South,Poor,2022-05-16,0,0
34.8,135.07,738.9,3.8,17,27.06,Gold,East,Good,2021-01-11,1,0
32.8,43.96,695.6,13.9,12,5.42,Bronze,North,Poor,2022-01-09,0,0
47.9,97.9,750.4,20.9,16,20.06,Gold,West,Poor,2020-12-30,1,0
44.7,47.6,723.3,1.2,9,30.17,Gold,South,Poor,2020-03-13,0,0
37.3,60.71,683.1,7.8,18,15.87,Silver,South,Good,2022-10-19,1,0
29.7,72.13,682.6,3.2,9,37.42,Silver,North,Good,2021-04-02,0,0
37.0,45.07,680.0,1.0,16,24.24,Silver,North,Good,2020-01-30,1,0
49.0,198.9,689.9,8.6,11,26.77,Bronze,East,Average,2022-12-02,0,0
28.6,102.58,666.7,4.0,14,14.98,Bronze,West,Good,2020-02-08,0,0
19.7,147.75,798.5,4.3,16,4.07,Gold,South,Good,2022-04-01,1,0
56.6,71.7,765.4,1.9,10,25.76,Gold,East,Poor,2020-03-31,0,0
44.2,44.55,789.7,2.1,18,19.15,Gold,South,Average,2022-02-06,0,0
26.5,41.54,714.4,7.5,16,13.77,Silver,West,Good,2020-11-05,1,0
58.2,180.2,674.6,4.0,18,19.01,Bronze,West,Average,2023-01-06,1,0
28.9,130.62,750.5,0.1,18,32.72,Bronze,East,Good,2021-03-04,1,0
27.6,197.47,735.1,4.2,14,27.81,Platinum,North,Average,2022-01-07,1,0
49.7,372.11,618.6,4.5,14,2.49,Bronze,North,Good,2020-01-29,1,0
31.6,239.13,812.5,6.3,17,31.32,Gold,West,Good,2022-02-21,1,0
18.2,47.09,666.8,5.2,19,59.8,Silver,South,Average,2023-07-11,1,0
37.4,35.23,671.3,1.1,11,31.45,Bronze,East,Poor,2022-12-31,0,0
47.9,46.22,677.6,13.5,12,5.66,Gold,North,Good,2021-08-17,0,0
50.1,208.65,687.3,27.3,9,26.83,Silver,South,Poor,2022-04-17,1,0
46.6,120.61,722.2,8.0,14,19.94,Bronze,West,Poor,2022-05-28,0,0
42.0,170.57,666.9,2.7,18,31.22,Silver,North,Poor,2024-01-04,1,0
25.7,80.01,734.5,6.6,12,4.23,Bronze,West,Poor,2022-03-03,0,0
21.3,52.86,716.0,2.5,17,16.58,Bronze,West,Good,2023-03-19,0,0
28.2,228.12,669.9,10.5,10,10.1,Gold,East,Average,2022-08-14,1,0
28.9,123.93,693.0,3.3,8,6.08,Bronze,South,Average,2020-10-06,0,0
42.3,59.82,691.2,0.4,18,41.97,Gold,East,Good,2023-12-15,1,0
53.3,108.49,610.1,3.7,9,28.95,Platinum,East,Good,2020-07-20,0,0
28.0,76.02,741.4,2.2,16,10.79,Silver,South,Good,2021-05-30,0,0
25.0,123.34,680.6,1.5,10,17.14,Gold,West,Good,2023-08-10,1,0
43.9,191.79,718.1,0.3,11,22.32,Bronze,North,Good,2023-03-07,1,0
45.7,99.99,720.3,6.7,18,72.46,Platinum,East,Good,2022-11-16,0,0
31.9,102.98,688.0,6.7,14,23.8,Silver,West,Good,2020-02-24,0,0
28.1,142.9,771.7,0.4,14,45.5,Platinum,East,Average,2020-08-24,1,0
29.2,43.33,717.7,0.0,21,14.68,Bronze,West,Poor,2021-05-26,0,0
53.8,309.83,737.2,5.7,17,90.04,Gold,South,Average,2022-10-31,1,0
50.3,92.55,685.4,1.2,21,33.34,Bronze,East,Good,2021-04-13,0,0
50.6,40.7,688.6,1.6,16,17.34,Silver,South,Average,2022-08-11,0,0
35.1,53.18,673.7,14.3,18,9.71,Silver,North,Poor,2021-11-11,1,0
47.1,124.55,755.2,3.1,14,20.46,Silver,North,Good,2022-10-12,1,0
44.0,,596.9,3.6,8,28.28,Gold,West,Good,2023-04-08,1,0
43.1,94.57,715.6,1.1,15,4.72,Bronze,South,Poor,2021-01-10,0,0
25.4,124.02,692.5,0.3,22,10.11,Gold,East,Good,2020-03-16,1,0
41.3,61.65,743.8,2.6,16,11.08,Bronze,North,Average,2022-05-10,0,0
40.2,,686.5,24.1,13,13.63,Bronze,South,Good,2021-09-05,1,0
44.7,136.92,659.6,13.8,9,29.95,Bronze,North,Good,2020-01-29,1,0
46.3,153.38,692.6,6.3,15,5.21,Bronze,East,Good,2023-08-13,1,0
17.9,91.57,663.3,2.2,17,54.12,Bronze,East,Average,2023-07-20,1,0
35.8,52.6,828.6,0.1,16,3.03,Silver,East,Poor,2022-09-05,1,0
,93.07,672.4,3.2,19,18.28,Bronze,West,Poor,2021-04-29,0,0
55.4,159.67,682.1,0.7,19,3.71,Gold,South,Good,2022-05-25,0,0
14.0,,669.9,2.0,19,5.1,Bronze,North,Good,2023-06-25,1,0
42.0,228.88,642.8,10.7,16,25.4,Bronze,South,Average,2020-08-27,1,0
49.0,57.52,677.7,0.5,21,109.62,Bronze,South,Good,2022-05-09,0,0
45.5,38.65,654.7,0.1,13,35.39,Bronze,East,Average,2023-01-24,0,0
34.5,48.83,663.4,17.3,19,8.64,Bronze,North,Average,2022-03-14,1,0
41.2,119.15,698.7,0.2,13,23.48,Platinum,East,Good,2022-05-23,1,0
30.9,24.9,637.1,9.7,15,16.62,Gold,East,Average,2021-12-29,1,0
21.5,133.97,637.0,6.9,17,9.01,Bronze,North,Good,2021-08-13,1,0
32.1,122.38,,3.0,12,59.04,Silver,North,Good,2023-05-28,1,0
36.3,23.46,732.5,2.6,18,16.83,Gold,South,Good,2023-10-19,1,0
32.7,25.48,707.3,0.2,14,52.2,Gold,South,Good,2020-08-24,0,0
24.5,148.64,675.9,5.0,16,68.89,Silver,East,Average,2023-11-27,0,0
40.2,277.56,706.0,1.2,12,13.64,Silver,East,Good,2023-09-28,1,0
37.9,80.92,812.9,0.5,14,49.95,Bronze,North,Good,2021-04-26,0,0
30.2,58.0,626.0,2.8,14,35.96,Bronze,West,Average,2020-07-06,1,0
39.0,101.05,805.1,3.7,11,31.74,Bronze,North,Average,2020-06-29,1,0
49.7,,760.9,15.0,10,42.77,Bronze,South,Good,2023-08-24,1,0
37.9,81.07,670.7,0.0,13,6.78,Bronze,West,Good,2020-03-13,1,0
28.9,115.08,611.5,12.6,19,18.15,Silver,West,Average,2020-11-17,1,0
24.6,75.33,667.0,2.9,21,18.62,Bronze,North,Average,2024-01-20,0,0
59.0,44.09,661.4,3.6,9,8.17,Gold,West,Poor,2020-12-06,1,0
42.6,18.56,704.2,9.9,11,9.28,Silver,North,Good,2023-08-28,0,0
19.1,123.65,711.0,1.8,13,14.65,Silver,South,Average,2023-06-19,0,0
42.0,72.14,727.7,0.4,10,6.25,Bronze,North,Good,2022-08-30,0,0
33.4,56.44,744.1,0.8,14,7.6,Bronze,North,Average,2022-03-11,0,0
43.1,92.65,702.2,1.0,11,48.77,Gold,West,Good,2021-01-29,0,0
41.5,102.82,719.7,3.5,18,11.94,Platinum,East,Good,2024-01-25,1,0
37.5,111.46,731.7,0.9,12,72.08,Bronze,West,Good,2023-12-14,1,0
57.0,62.06,636.3,0.0,12,58.18,Bronze,South,Good,2023-07-13,0,0
38.2,121.16,616.4,9.6,7,36.46,Silver,West,Average,2020-07-08,0,0
32.2,91.09,687.3,2.3,15,14.47,Platinum,West,Good,2022-08-06,1,0
27.6,24.11,671.8,3.2,11,22.63,Bronze,West,Average,2021-01-27,0,0
29.6,49.1,728.5,0.9,21,10.17,Silver,South,Average,2021-03-18,0,0
45.9,152.33,742.3,3.0,21,39.47,Platinum,North,Average,2021-07-09,1,0
49.5,64.72,771.6,4.7,20,20.26,Platinum,North,Average,2022-08-25,1,0
41.1,145.19,687.0,4.4,12,138.89,Bronze,North,Poor,2023-12-24,1,0
38.1,120.55,637.9,8.1,14,49.27,Bronze,West,Good,2022-12-14,1,0
57.3,79.97,711.5,0.9,16,25.0,Gold,South,Good,2020-01-21,1,0
52.7,60.02,694.1,3.6,14,23.86,Bronze,West,Average,2022-10-19,0,0
35.1,88.39,846.7,9.3,17,20.22,Silver,West,Good,2020-12-31,1,0
67.0,68.57,675.9,8.7,15,46.88,Bronze,West,Good,2023-08-19,1,0
,37.26,658.7,3.4,20,22.29,Silver,West,Average,2023-12-19,1,0
58.7,167.45,736.3,1.9,9,28.03,Bronze,West,Good,2021-09-23,0,0
59.9,131.47,769.3,0.1,9,11.94,Platinum,West,Poor,2022-12-18,0,0
32.3,48.29,,5.3,16,14.63,Bronze,North,Poor,2021-03-02,1,0
30.1,728.29,644.1,3.0,14,12.35,Gold,South,Good,2023-05-21,1,0
45.7,36.37,749.1,0.9,13,29.43,Silver,South,Average,2020-10-11,0,0
32.5,303.86,670.1,9.1,12,41.54,Silver,South,Good,2024-02-06,1,0
25.9,131.46,623.7,2.7,16,22.22,Gold,South,Good,2022-11-11,0,0
39.8,104.79,672.3,4.3,13,4.61,Bronze,South,Good,2021-01-11,0,0
42.7,124.33,826.9,2.8,14,13.75,Gold,West,Good,2023-11-15,1,0
44.3,50.29,720.1,1.6,12,8.84,Bronze,West,Good,2022-07-31,1,0
43.1,51.1,738.5,1.4,15,27.8,Gold,East,Good,2023-09-27,1,0
39.2,,691.8,6.0,13,15.54,Silver,East,Good,2022-04-03,1,0
42.7,79.61,715.0,8.3,13,4.75,Gold,North,Average,2020-11-29,1,0
34.9,114.29,746.1,1.0,22,6.02,Silver,North,Poor,2023-08-02,1,0
34.3,150.63,668.3,1.3,10,21.96,Bronze,West,Average,2022-03-24,1,0
32.7,224.35,752.7,3.4,15,64.2,Bronze,North,Average,2023-06-11,1,0
53.5,152.69,678.9,0.6,10,30.85,Bronze,North,Average,2023-03-15,1,0
22.9,118.2,770.3,1.2,12,9.71,Bronze,West,Good,2021-06-04,0,0
46.3,86.84,708.5,0.7,16,4.56,Gold,North,Poor,2021-05-13,1,0
41.0,,704.9,7.1,15,22.25,Silver,East,Average,2020-10-20,1,0
47.7,506.63,699.8,13.4,16,5.43,Bronze,West,Good,2022-05-07,1,0
37.9,73.14,656.4,9.0,13,37.89,Silver,East,Good,2021-08-20,1,0
29.6,107.9,711.7,5.7,27,31.25,Silver,West,Average,2022-02-09,1,0
16.3,147.44,698.5,0.0,19,85.69,Platinum,South,Average,2022-08-19,1,0
30.5,73.04,845.0,1.3,13,36.07,Silver,West,Good,2021-02-19,0,0
37.4,37.87,687.9,5.0,16,34.09,Silver,North,Good,2023-12-19,1,0
22.5,124.11,651.2,6.3,12,45.55,Bronze,North,Good,2022-07-20,0,0
58.7,29.85,779.6,1.3,12,11.44,Silver,North,Good,2020-05-29,0,0
20.1,51.43,713.3,1.7,17,13.27,Bronze,North,Average,2021-05-26,1,0
13.5,46.66,653.7,4.0,13,12.13,Gold,South,Poor,2020-11-17,0,0
9.9,114.86,715.5,0.7,22,31.84,Silver,East,Good,2023-01-19,1,0
46.5,40.08,740.7,0.9,12,8.95,Bronze,West,Good,2020-11-28,1,0
19.3,198.07,642.3,1.9,9,19.83,Platinum,East,Good,2022-07-11,1,0
38.1,108.49,771.8,4.1,18,15.36,Gold,North,Good,2022-05-16,1,0
40.1,87.38,615.5,4.5,16,28.57,Gold,North,Poor,2023-01-30,0,0
58.8,56.92,694.1,10.0,17,28.55,Bronze,South,Poor,2021-12-11,1,0
49.9,68.28,719.6,0.2,15,26.43,Bronze,North,Poor,2023-04-21,1,0
26.5,103.2,738.8,1.2,23,7.01,Gold,West,Poor,2022-11-13,0,0
36.9,72.03,620.1,14.7,10,15.4,Silver,South,Good,2023-12-03,1,0
52.7,59.59,742.0,21.6,14,57.1,Silver,North,Good,2022-10-20,1,0
53.5,179.26,794.3,11.4,9,12.79,Bronze,West,Good,2021-07-09,1,0
40.3,78.71,639.5,0.6,16,65.01,Platinum,South,Poor,2023-02-20,1,0
32.3,171.32,700.3,3.1,10,3.72,Silver,South,Average,2020-10-08,1,0
45.7,93.16,712.0,3.9,13,28.0,Bronze,South,Poor,2021-09-13,0,0
51.7,87.1,767.7,9.0,22,19.14,Silver,West,Good,2022-09-18,1,0
37.3,172.76,659.9,2.4,6,9.28,Platinum,West,Poor,2020-11-27,1,0
39.3,110.67,761.9,5.0,18,12.86,Silver,West,Average,2022-12-09,0,0
34.4,146.65,659.8,5.4,17,11.36,Bronze,North,Good,2022-07-25,0,0
34.3,82.56,672.1,0.3,12,36.18,Silver,West,Poor,2022-06-11,0,0
47.6,16.09,758.5,1.2,14,22.93,Silver,East,Average,2023-03-27,0,0
47.9,110.48,698.6,5.0,21,29.03,Bronze,East,Poor,2020-07-13,1,0
29.0,85.17,698.5,18.1,15,16.83,Silver,South,Poor,2021-05-05,1,0
50.6,127.39,706.7,5.0,12,8.52,Platinum,South,Good,2022-09-14,1,0
54.9,156.5,721.8,5.9,10,24.1,Silver,South,Average,2022-04-24,1,0
44.0,303.11,594.6,6.0,18,9.96,Bronze,East,Average,2020-03-15,1,0
54.5,127.58,683.1,8.8,18,29.92,Silver,South,Average,2022-06-24,0,0
34.1,207.04,642.7,6.9,13,3.85,Silver,East,Poor,2021-06-27,1,0
27.1,118.16,687.1,9.2,16,20.79,Bronze,North,Average,2023-03-20,0,0
31.5,33.94,697.4,0.5,12,39.28,Bronze,West,Average,2020-01-10,0,0
55.6,193.04,745.6,7.6,18,15.03,Platinum,East,Poor,2022-08-14,0,0
44.6,228.43,664.4,3.6,12,12.87,Bronze,North,Average,2022-05-30,1,0
44.4,37.62,713.8,1.9,15,4.28,Bronze,North,Good,2020-07-07,1,0
26.7,,663.4,22.6,17,12.27,Silver,North,Good,2020-12-09,1,0
41.0,449.84,653.7,0.7,18,15.51,Silver,West,Average,2020-02-20,1,0
49.2,112.43,714.0,2.4,16,23.16,Silver,East,Good,2022-02-06,0,0
21.2,38.35,725.2,1.1,17,20.14,Bronze,South,Good,2022-11-23,1,0
42.3,105.25,790.7,12.3,15,7.23,Gold,West,Average,2022-04-23,1,0
47.9,165.84,691.5,2.8,13,30.22,Bronze,West,Good,2024-01-06,1,0
41.8,95.64,774.8,0.3,10,5.97,Gold,South,Good,2020-09-01,1,0
28.4,77.6,722.2,12.8,10,28.63,Gold,South,Good,2022-09-22,1,0
12.9,188.86,682.9,12.3,16,18.6,Bronze,North,Average,2023-02-21,1,0
39.4,57.46,590.7,0.2,22,20.71,Silver,South,Average,2023-01-25,0,0
46.0,56.99,741.6,4.4,12,7.96,Silver,North,Average,2020-09-21,1,0
42.8,105.05,687.9,1.1,15,8.76,Silver,West,Good,2020-08-21,1,0
21.9,72.64,701.9,25.7,7,49.78,Bronze,South,Poor,2022-09-30,1,0
61.8,123.7,703.8,1.9,10,16.92,Silver,East,Poor,2022-06-30,1,0
40.2,102.39,733.9,0.8,12,20.86,Platinum,South,Good,2022-05-19,1,0
28.4,123.49,621.2,2.1,13,11.93,Bronze,East,Poor,2024-01-14,1,0
43.4,34.93,724.7,3.6,12,41.81,Bronze,North,Good,2020-11-10,1,0
29.2,71.21,663.0,6.2,8,144.19,Bronze,East,Good,2020-07-29,0,0
25.2,118.05,796.6,1.1,8,8.09,Silver,North,Good,2021-02-01,1,0
34.7,50.73,747.0,1.4,13,46.92,Silver,South,Average,2020-02-28,1,0
41.8,86.31,749.9,4.7,14,57.15,Bronze,West,Average,2021-11-11,0,0
42.1,211.62,750.3,8.4,17,60.63,Bronze,West,Good,2020-11-24,1,0
22.6,34.21,668.8,1.6,12,8.74,Silver,North,Poor,2020-07-10,1,0
29.6,50.53,728.0,5.7,18,25.39,Bronze,East,Good,2022-08-30,1,0
43.5,184.03,706.4,5.8,13,44.72,Bronze,North,Good,2021-10-18,1,0
59.5,50.73,694.5,4.0,17,43.8,Bronze,South,Good,2020-04-05,1,0
34.6,225.55,597.7,15.1,23,42.63,Silver,East,Average,2020-05-07,1,0
32.3,99.26,743.4,0.2,20,62.2,Bronze,North,Good,2020-01-17,1,0
60.5,155.68,663.4,2.3,19,45.31,Gold,South,Good,2023-05-15,1,0
34.5,170.27,655.6,0.1,20,69.4,Bronze,North,Good,2022-10-02,1,0
55.8,150.5,623.9,4.3,19,26.03,Silver,North,Average,2023-04-02,0,0
37.7,131.33,812.1,1.5,13,36.93,Bronze,North,Poor,2023-07-21,0,0
41.0,101.0,755.7,1.1,14,34.41,Bronze,East,Average,2023-12-24,0,0
16.6,98.79,640.6,0.2,10,14.5,Silver,East,Good,2020-01-18,1,0
41.7,49.17,715.7,0.3,14,16.25,Gold,North,Good,2023-01-06,1,0
60.2,154.07,654.8,2.9,13,15.92,Bronze,South,Average,2021-07-26,1,0
21.1,104.28,579.2,2.0,12,6.66,Bronze,East,Average,2023-01-31,0,0
18.2,95.15,716.2,0.5,15,48.53,Bronze,East,Good,2023-10-30,1,0
37.9,,777.3,6.7,13,7.57,Bronze,East,Good,2023-04-27,1,0
59.4,183.53,645.7,3.8,23,11.05,Gold,West,Average,2021-12-21,1,0
32.8,230.25,601.9,2.4,16,24.81,Silver,East,Poor,2020-02-17,1,0
25.5,201.58,652.7,8.3,11,8.65,Silver,East,Average,2021-01-07,1,0
28.7,23.29,764.2,2.9,7,49.2,Platinum,West,Average,2022-03-27,1,0
71.1,98.03,715.8,1.1,19,7.81,Platinum,West,Good,2022-07-04,0,0
41.0,48.83,743.2,0.5,13,49.69,Silver,West,Good,2020-08-31,1,0
25.0,92.06,763.1,2.4,8,10.55,Platinum,South,Average,2020-03-19,1,0
32.3,138.07,676.2,0.6,14,25.16,Platinum,West,Average,2021-05-03,1,0
56.4,65.23,708.9,0.8,19,6.02,Gold,North,Poor,2021-02-23,1,0
28.9,96.04,785.1,0.6,15,15.61,Platinum,West,Good,2024-01-07,0,0
44.9,436.63,801.0,1.2,17,49.28,Silver,South,Good,2022-09-30,1,0
47.2,54.03,685.4,7.5,19,21.59,Silver,South,Average,2020-06-24,0,0
17.5,118.34,689.9,0.7,16,31.65,Bronze,East,Good,2023-01-11,1,0
8.9,62.56,719.4,8.3,21,31.71,Bronze,East,Poor,2022-03-09,1,0
25.1,131.2,691.2,13.5,10,2.73,Silver,West,Average,2021-04-12,1,0
28.0,37.0,643.3,3.8,8,8.22,Bronze,East,Good,2022-12-17,0,0
34.3,87.58,755.2,6.6,20,10.68,Gold,South,Good,2023-12-19,1,0
54.8,64.59,663.1,2.9,15,66.51,Bronze,North,Good,2022-02-13,0,0
43.4,204.38,807.0,6.4,19,27.22,Gold,North,Average,2024-01-12,1,0
36.2,68.31,648.5,14.9,15,51.44,Gold,West,Average,2021-05-02,1,0
37.7,118.37,616.2,2.5,19,23.23,Bronze,North,Good,2021-01-30,1,0
49.2,89.72,713.2,3.8,14,6.28,Silver,West,Poor,2021-01-05,0,0
46.4,127.75,665.0,6.3,9,60.86,Silver,East,Good,2023-12-22,1,0
26.4,,656.7,7.8,18,60.03,Platinum,North,Average,2020-09-18,1,0
44.8,45.62,684.0,4.6,13,23.85,Gold,East,Average,2022-04-21,0,0
54.0,132.47,661.1,3.7,17,72.49,Gold,South,Average,2022-04-01,1,0
41.9,93.97,743.2,6.9,10,29.11,Silver,East,Average,2023-03-29,1,0
38.3,96.14,713.9,3.2,16,4.97,Gold,East,Average,2021-09-18,0,0
38.1,140.71,736.2,4.9,17,66.18,Silver,West,Poor,2020-05-18,1,0
37.6,179.41,718.1,7.6,14,18.27,Bronze,West,Good,2021-11-29,1,0
21.9,79.12,665.3,9.2,13,21.1,Bronze,South,Poor,2022-08-08,1,0
29.9,65.29,734.4,7.7,18,11.56,Bronze,South,Good,2023-10-09,1,0
33.7,47.63,761.3,2.9,18,19.63,Bronze,North,Good,2023-08-07,0,0
34.1,47.72,735.8,5.9,14,15.23,Gold,West,Good,2020-02-13,1,0
30.2,185.19,723.3,2.2,19,25.66,Gold,South,Average,2021-06-02,1,0
61.3,140.0,713.7,14.2,19,12.58,Bronze,West,Average,2023-03-24,0,0
41.6,90.74,655.6,5.4,14,28.98,Bronze,South,Good,2021-03-18,0,0
16.6,53.64,815.1,4.9,19,9.39,Gold,East,Good,2022-04-09,1,0
29.7,118.79,650.6,4.5,21,16.97,Bronze,West,Good,2020-03-24,0,0
33.0,125.41,739.4,0.7,15,5.11,Gold,North,Average,2023-05-02,0,0
63.5,65.62,776.1,1.3,10,83.25,Silver,South,Average,2021-08-12,0,0
24.9,117.94,684.8,6.2,18,15.89,Bronze,West,Average,2021-01-24,1,0
38.8,259.73,684.4,6.4,17,23.87,Gold,East,Average,2020-10-11,0,0
30.7,44.74,714.7,3.7,17,3.51,Bronze,South,Average,2021-09-27,1,0
39.9,55.99,740.6,1.6,12,25.61,Silver,North,Good,2020-02-06,1,0
36.6,119.69,655.2,0.4,22,28.71,Silver,North,Good,2022-05-22,1,0
35.4,37.6,687.3,1.6,21,17.46,Bronze,East,Poor,2020-10-24,0,0
55.2,127.76,705.5,12.8,16,24.16,Silver,West,Average,2023-03-28,1,0
14.2,115.79,702.3,3.0,21,41.82,Bronze,West,Poor,2021-06-18,1,0
34.7,100.78,659.0,1.6,15,4.03,Gold,North,Good,2023-05-18,1,0
19.4,91.88,674.7,10.2,21,31.9,Silver,North,Average,2020-11-04,1,0
38.8,131.49,676.2,2.5,11,24.21,Bronze,North,Poor,2021-04-01,1,0
41.9,479.16,733.9,0.5,16,7.74,Bronze,South,Average,2022-05-26,1,0
64.5,56.91,655.1,4.2,16,11.29,Silver,West,Good,2020-10-02,1,0
52.7,94.06,717.4,8.8,14,21.69,Platinum,South,Good,2021-05-15,1,0
40.6,98.93,749.6,4.7,8,56.03,Bronze,West,Poor,2022-10-13,0,0
56.4,53.27,718.1,2.2,22,4.83,Bronze,North,Good,2020-03-27,0,0
49.6,103.86,741.6,16.1,18,5.61,Bronze,East,Average,2022-06-28,1,0
33.4,187.7,731.5,2.0,14,74.42,Gold,West,Average,2022-03-09,1,0
29.8,184.56,717.0,1.5,13,11.54,Bronze,West,Good,2021-07-21,0,0
46.6,92.74,621.4,16.8,17,11.84,Bronze,South,Average,2023-01-19,0,0
49.7,62.12,727.6,3.4,22,38.2,Bronze,East,Average,2021-05-06,1,0
27.0,105.68,672.9,4.5,12,4.72,Bronze,North,Poor,2023-10-23,1,0
53.4,165.79,743.9,7.9,16,31.57,Bronze,South,Average,2022-08-24,1,0
46.1,26.6,666.8,0.8,14,10.75,Gold,East,Average,2023-11-09,1,0
42.9,57.43,689.2,13.8,20,6.59,Bronze,North,Good,2021-02-28,1,0
44.2,58.33,765.9,4.9,15,27.17,Gold,West,Good,2023-06-04,0,0
52.1,100.43,687.9,0.4,16,140.49,Gold,East,Good,2022-02-09,0,0
56.7,86.46,628.2,5.0,13,15.94,Bronze,North,Average,2022-10-16,1,0
24.7,149.5,635.9,3.9,15,22.92,Gold,North,Poor,2021-02-04,1,0
13.3,80.41,785.0,13.6,24,51.68,Bronze,North,Good,2021-06-14,1,0
47.1,78.03,735.0,5.5,9,52.54,Bronze,South,Good,2022-12-23,1,0
43.3,160.77,748.9,2.4,20,6.66,Bronze,South,Average,2021-06-17,1,0
44.7,75.17,,6.1,21,52.01,Silver,East,Poor,2022-01-19,1,0
28.4,44.55,767.3,7.1,13,7.21,Gold,South,Good,2021-10-25,1,0
48.8,41.29,764.8,2.5,14,20.48,Silver,East,Good,2023-11-29,1,0
39.1,293.49,732.0,2.9,8,32.33,Silver,South,Good,2021-02-24,1,0
57.7,157.88,722.8,0.0,11,26.36,Bronze,East,Good,2020-06-28,0,0
34.0,139.63,752.2,5.8,14,9.76,Silver,North,Good,2022-02-05,1,0
64.6,41.32,763.9,6.2,17,85.5,Gold,West,Average,2021-09-04,0,0
47.9,,740.2,2.7,13,26.36,Bronze,South,Good,2020-06-18,0,0
35.4,73.78,728.2,16.8,11,11.45,Bronze,North,Good,2022-11-02,1,0
30.0,113.06,712.5,1.1,12,8.75,Silver,West,Average,2022-04-14,1,0
27.5,78.4,742.3,8.8,20,8.75,Bronze,South,Poor,2021-03-02,0,0
25.9,385.24,757.6,13.3,17,5.58,Silver,North,Good,2023-04-07,1,0
34.1,137.17,707.1,1.4,12,10.07,Silver,East,Good,2020-07-25,1,0
33.4,160.5,582.4,19.8,16,13.69,Gold,West,Average,2021-08-26,1,0
52.7,77.35,725.6,14.7,13,82.82,Platinum,South,Good,2020-07-16,1,0
38.2,60.49,671.1,7.9,17,25.14,Bronze,North,Good,2024-01-29,1,0
39.5,41.23,695.0,0.1,13,43.15,Bronze,South,Good,2020-04-26,0,0
61.1,58.7,782.2,5.5,14,28.53,Bronze,South,Average,2020-06-05,1,0
21.7,123.23,630.6,5.3,11,48.85,Silver,East,Poor,2022-03-06,0,0
48.1,162.18,750.0,1.9,11,25.54,Bronze,East,Good,2022-04-01,0,0
45.9,129.46,612.7,20.4,17,37.57,Gold,West,Poor,2021-10-15,1,0
35.4,33.82,660.3,3.5,13,30.11,Bronze,West,Average,2021-05-31,1,0
31.6,99.96,686.6,11.5,14,29.89,Silver,South,Poor,2022-01-30,1,0
54.6,329.03,596.1,0.9,18,125.58,Silver,West,Good,2023-06-29,1,0
41.4,43.8,645.5,17.1,20,12.17,Gold,North,Good,2022-10-17,1,0
36.8,75.71,718.3,0.0,17,25.65,Bronze,East,Average,2023-02-12,0,0
35.2,53.14,666.7,5.2,8,13.62,Gold,South,Good,2020-09-23,1,0
38.0,140.77,814.0,0.3,17,12.45,Platinum,East,Poor,2021-09-29,1,0
36.7,16.26,656.6,0.7,11,8.45,Bronze,East,Good,2022-08-06,1,0
53.5,41.36,804.8,30.0,16,20.89,Bronze,South,Good,2023-11-17,1,0
48.5,61.8,721.6,1.3,17,29.21,Bronze,South,Poor,2020-06-19,0,0
45.2,136.95,622.4,2.5,16,13.24,Platinum,South,Average,2021-07-22,1,0
35.0,244.94,707.1,1.5,15,9.73,Gold,South,Average,2022-11-19,1,0
37.2,141.6,623.3,7.2,14,41.73,Platinum,West,Good,2024-01-20,1,0
46.8,227.99,744.4,9.0,10,31.87,Bronze,East,Good,2022-11-03,1,0
38.3,89.78,694.1,2.0,16,23.97,Platinum,North,Good,2020-02-04,0,0
14.9,67.35,661.0,3.3,10,9.91,Silver,West,Good,2021-03-01,1,0
54.7,100.39,729.5,23.8,18,6.26,Gold,North,Good,2021-02-19,1,0
27.9,79.23,723.1,1.8,15,31.36,Platinum,North,Average,2021-07-02,1,0
39.2,48.39,774.4,5.4,15,20.78,Bronze,West,Good,2022-06-07,0,0
25.7,79.68,698.2,2.2,12,12.73,Silver,North,Good,2022-03-27,1,0
66.2,60.15,608.8,2.6,20,97.66,Bronze,West,Good,2023-03-13,0,0
35.9,164.97,771.1,7.2,13,19.93,Silver,South,Average,2020-12-24,1,0
40.3,284.81,762.6,12.2,16,46.05,Silver,East,Poor,2022-08-12,1,0
43.4,102.71,721.7,0.6,25,20.53,Silver,West,Average,2022-03-17,1,0
40.1,28.65,693.8,5.0,12,67.15,Bronze,South,Good,2023-10-30,0,0
20.1,59.42,692.0,0.6,15,67.73,Silver,East,Good,2023-10-19,0,0
33.5,130.08,688.6,0.3,19,47.62,Bronze,South,Poor,2022-10-30,1,0
47.2,29.9,691.3,3.3,18,17.97,Bronze,South,Poor,2023-01-30,1,0
34.0,71.54,658.6,16.8,13,62.49,Bronze,South,Poor,2020-03-21,1,0
30.7,16.71,774.2,5.0,16,18.98,Gold,South,Poor,2021-07-16,0,0
22.3,73.85,704.5,5.8,17,22.98,Bronze,South,Average,2023-07-03,1,0
52.7,41.2,790.2,2.6,12,3.31,Bronze,South,Good,2023-02-12,0,0
40.5,31.45,608.8,2.4,12,11.4,Silver,South,Poor,2023-10-22,1,0
59.1,100.47,701.7,12.9,20,9.65,Bronze,North,Good,2022-05-02,1,0
33.1,106.39,753.4,11.6,19,34.55,Gold,East,Good,2020-02-11,1,0
9.3,152.48,780.6,6.1,12,11.46,Gold,North,Poor,2021-06-22,1,0
45.8,77.09,677.7,3.2,12,145.11,Bronze,South,Good,2024-01-27,1,0
53.0,97.68,533.7,0.2,18,115.8,Bronze,North,Poor,2022-09-22,0,0
35.4,150.86,643.5,5.2,12,46.38,Bronze,South,Average,2021-02-17,1,0
47.3,89.47,578.8,1.7,10,48.99,Gold,West,Average,2021-12-31,1,0
30.5,103.62,731.2,0.5,17,22.35,Bronze,East,Poor,2022-04-16,0,0
49.8,40.98,756.0,9.7,12,5.74,Bronze,South,Good,2023-04-09,1,0
35.9,87.59,742.7,3.0,12,7.73,Bronze,West,Poor,2020-04-11,0,0
45.3,65.21,799.2,3.2,8,15.89,Platinum,South,Poor,2023-09-19,0,0
36.2,145.72,701.6,7.3,11,13.99,Gold,West,Average,2021-12-02,1,0
30.0,21.15,734.1,17.6,14,9.09,Bronze,West,Average,2021-12-22,1,0
23.4,117.41,740.2,2.6,12,60.36,Bronze,South,Good,2023-06-17,0,0
51.2,103.3,758.3,0.3,15,7.7,Gold,West,Good,2020-03-12,1,0
40.1,128.47,688.7,3.3,11,4.67,Silver,West,Good,2020-01-08,0,0
39.8,21.23,694.4,15.9,14,4.53,Platinum,South,Good,2020-03-03,1,0
32.7,272.86,712.1,5.2,11,14.22,Gold,North,Good,2022-01-18,1,0
26.7,135.37,747.5,4.4,20,24.07,Gold,West,Average,2021-07-20,1,0
41.4,54.22,754.0,1.8,14,13.56,Bronze,East,Good,2020-06-06,0,0
58.1,145.07,675.3,1.9,18,8.64,Silver,West,Good,2023-05-14,1,0
38.5,244.42,625.7,3.5,6,11.11,Bronze,West,Good,2020-01-02,1,0
38.6,135.65,624.3,6.6,12,2.18,Silver,East,Good,2020-01-30,1,0
36.5,280.39,790.9,0.9,16,11.1,Silver,East,Good,2020-02-22,1,0
57.9,,608.4,2.9,11,7.07,Platinum,South,Good,2021-11-13,1,0
37.5,173.27,671.6,2.9,17,10.92,Gold,North,Poor,2023-09-19,1,0
31.5,96.31,700.5,0.8,18,21.6,Silver,North,Poor,2023-02-17,1,0
28.8,86.28,704.7,2.3,13,6.45,Silver,East,Good,2021-05-17,1,0
41.0,70.66,602.6,6.6,13,14.36,Silver,South,Good,2022-10-27,0,0
30.7,94.83,594.3,2.1,14,106.33,Gold,West,Poor,2022-08-14,0,0
42.6,53.0,734.3,0.1,15,32.67,Gold,South,Good,2020-11-22,1,0
34.6,59.53,711.9,0.2,20,12.68,Gold,East,Good,2021-04-01,0,0
20.6,,745.7,8.4,18,14.55,Bronze,East,Good,2023-11-22,1,0
36.6,54.16,786.2,2.5,13,28.34,Gold,South,Good,2024-01-04,0,0
63.8,234.37,742.0,2.7,7,10.81,Bronze,West,Good,2021-01-27,0,0
-7.3,124.49,678.2,0.0,13,20.78,Gold,South,Good,2021-08-18,1,0
46.8,42.27,725.4,1.6,13,47.56,Platinum,East,Good,2022-03-22,1,0
64.8,109.73,641.4,1.5,15,18.62,Bronze,North,Good,2021-12-28,0,0
37.7,189.74,725.7,2.6,11,43.08,Gold,East,Average,2020-10-06,1,0
59.8,164.25,702.2,13.1,24,8.55,Gold,East,Average,2022-05-24,1,0
34.5,99.73,770.8,8.0,14,11.74,Silver,East,Poor,2020-08-06,0,0
19.8,111.33,710.5,11.1,12,6.46,Platinum,North,Good,2020-02-03,1,0
41.2,176.84,697.8,6.3,17,18.57,Platinum,East,Good,2021-12-19,1,0
22.0,43.14,622.3,2.1,18,28.23,Bronze,East,Good,2021-07-19,1,0
40.1,338.02,709.9,5.2,22,23.72,Silver,North,Good,2023-07-12,1,0
32.7,206.33,740.7,8.5,19,9.4,Bronze,North,Average,2021-07-12,1,0
50.2,115.39,729.0,4.6,12,3.77,Silver,West,Poor,2022-09-21,0,0
54.4,121.85,609.1,1.7,18,13.12,Silver,North,Poor,2022-11-12,1,0
48.3,127.45,772.6,4.7,15,26.77,Gold,South,Good,2023-11-17,1,0
36.0,77.96,739.8,4.2,15,13.52,Gold,East,Poor,2021-03-12,1,0
49.4,127.41,640.7,5.0,11,6.34,Bronze,East,Poor,2021-10-30,1,0
42.4,81.86,636.5,6.4,19,77.04,Gold,West,Good,2021-03-12,1,0
50.3,227.81,710.1,7.8,13,8.98,Bronze,East,Good,2021-06-07,1,0
41.7,94.46,743.0,6.5,13,16.86,Bronze,North,Good,2021-02-08,1,0
44.4,168.77,661.4,16.8,12,10.72,Gold,West,Good,2023-03-11,1,0
19.6,61.54,625.0,8.1,15,57.2,Silver,East,Good,2021-03-05,1,0
24.3,55.27,759.3,15.3,8,10.19,Silver,West,Good,2020-02-27,1,0
31.0,,,4.8,16,9.24,Bronze,West,Average,2020-08-26,0,0
29.8,96.56,745.5,4.9,15,4.25,Silver,North,Average,2022-10-02,1,0
30.4,127.64,760.1,18.8,10,6.48,Silver,North,Good,2022-07-12,1,0
49.5,103.4,728.4,4.2,12,4.34,Bronze,West,Good,2022-04-10,1,0
29.9,145.51,701.5,3.5,19,55.26,Bronze,West,Good,2020-04-07,1,0
36.1,54.84,790.8,8.5,20,7.51,Bronze,West,Poor,2020-09-12,1,0
36.4,130.11,723.1,9.3,15,5.69,Silver,North,Good,2022-07-22,1,0
37.3,77.57,694.7,15.3,13,32.08,Gold,North,Good,2023-08-30,1,0
40.7,76.26,672.2,0.4,9,7.75,Bronze,West,Poor,2023-08-09,1,0
51.8,101.82,701.7,1.8,13,24.53,Bronze,East,Good,2023-09-11,0,0
35.2,70.21,647.4,0.2,14,30.1,Silver,South,Good,2021-08-16,1,0
25.6,91.79,728.6,15.8,9,41.19,Silver,West,Poor,2021-05-30,1,0
36.9,142.31,708.5,21.8,16,7.03,Bronze,South,Good,2023-06-30,1,0
44.5,125.48,642.1,15.6,15,103.35,Bronze,West,Poor,2020-11-01,1,0
29.2,76.92,746.8,32.3,10,12.39,Platinum,West,Good,2021-04-28,1,0
47.4,41.5,662.5,2.0,22,23.55,Silver,North,Average,2020-01-19,0,0
56.4,35.89,652.1,0.4,14,9.56,Bronze,West,Poor,2020-08-18,0,0
14.3,53.7,668.1,2.5,13,16.9,Gold,East,Good,2023-11-15,1,0
54.0,141.96,620.0,8.6,11,33.38,Bronze,West,Average,2021-12-02,1,0
50.1,44.57,733.6,0.7,12,74.45,Gold,West,Good,2022-03-01,1,0
41.1,113.76,737.1,1.0,7,7.86,Bronze,North,Good,2023-06-25,1,0
20.6,219.44,582.1,4.6,8,28.31,Bronze,East,Poor,2020-02-17,1,0
49.5,26.33,816.2,1.8,9,6.81,Bronze,South,Average,2023-01-13,0,0
42.7,31.97,677.8,0.4,15,30.81,Bronze,North,Good,2021-11-08,0,0
36.2,85.95,729.0,5.4,13,61.22,Bronze,West,Good,2021-01-15,0,0
37.6,32.54,661.9,1.3,17,59.96,Bronze,East,Poor,2023-03-31,0,0
37.7,,685.0,17.0,10,10.13,Bronze,North,Good,2022-12-04,1,0
42.5,163.66,714.9,8.1,13,23.92,Bronze,East,Good,2021-04-07,1,0
43.6,97.41,657.1,2.2,11,39.21,Bronze,East,Poor,2022-06-09,1,0
62.4,54.47,692.0,4.9,17,40.94,Silver,West,Average,2022-09-17,1,0
41.9,76.42,609.1,15.7,15,29.15,Silver,East,Good,2022-10-17,1,0
63.3,27.66,736.4,11.3,12,87.1,Bronze,West,Poor,2022-03-10,1,0
38.8,55.11,672.7,1.4,14,6.47,Bronze,North,Good,2022-12-03,0,0
45.4,34.64,797.0,2.3,17,88.63,Bronze,East,Poor,2023-05-07,1,0
41.5,,766.9,13.4,12,12.86,Silver,West,Average,2020-11-08,1,0
39.2,39.08,723.9,27.0,16,5.02,Bronze,South,Good,2021-02-02,1,0
45.8,30.77,632.3,3.2,22,15.35,Bronze,West,Good,2020-04-17,0,0
,136.75,679.3,4.0,23,28.74,Platinum,East,Average,2023-10-28,1,0
34.7,105.09,672.1,6.6,11,42.08,Bronze,East,Good,2021-05-09,1,0
37.6,63.92,714.2,26.5,20,15.92,Bronze,East,Average,2023-03-23,1,0
64.2,46.29,736.5,4.6,14,122.03,Bronze,West,Poor,2023-02-25,0,0
44.0,194.8,740.6,0.1,9,25.9,Silver,South,Good,2020-06-20,1,0
46.3,113.58,677.7,9.6,15,59.94,Silver,East,Average,2023-02-12,0,0
41.0,97.33,722.1,2.5,14,12.7,Silver,North,Good,2022-04-10,1,0
26.8,115.85,715.2,12.3,20,9.66,Silver,East,Average,2023-04-23,1,0
36.8,89.74,793.8,5.3,12,10.45,Silver,North,Good,2022-11-29,1,0
49.5,112.04,680.8,7.3,5,15.34,Bronze,South,Good,2023-10-16,1,0
40.9,143.34,732.4,18.9,9,42.67,Bronze,South,Average,2021-04-25,1,0
27.3,115.29,701.4,0.6,16,15.54,Bronze,West,Average,2023-09-26,0,0
21.8,56.73,761.4,3.1,15,65.93,Silver,North,Good,2022-02-02,0,0
26.5,231.47,642.5,0.4,12,76.05,Gold,South,Average,2021-02-24,1,0
44.7,138.33,689.1,0.7,13,30.94,Platinum,South,Average,2024-01-06,0,0
49.3,141.31,695.7,0.5,14,8.34,Bronze,North,Average,2021-09-23,0,0
55.9,13.87,686.0,6.6,11,11.96,Bronze,North,Average,2022-10-22,1,0
35.8,79.55,660.9,7.8,21,28.95,Bronze,North,Average,2023-02-18,1,0
53.0,194.51,651.5,4.9,21,12.72,Gold,North,Good,2021-07-18,1,0
46.4,197.59,768.6,0.0,6,4.48,Gold,East,Good,2021-10-07,1,0
32.9,203.34,719.4,0.4,17,48.08,Silver,North,Average,2020-10-06,1,0
32.4,214.53,791.2,1.5,12,24.21,Gold,West,Good,2023-05-11,1,0
40.3,150.82,726.3,7.5,11,13.86,Bronze,East,Poor,2023-05-26,0,0
59.0,254.65,694.4,1.1,19,12.11,Silver,East,Average,2021-07-09,1,0
24.2,88.79,679.2,1.4,21,37.08,Silver,North,Good,2021-08-19,1,0
39.3,204.81,599.9,3.0,17,7.01,Silver,West,Average,2020-02-09,1,0
34.9,103.49,664.7,6.5,20,13.17,Silver,East,Average,2022-10-13,0,0
37.8,126.77,744.1,2.1,15,27.27,Bronze,West,Poor,2022-08-13,1,0
28.3,69.1,713.4,0.3,16,14.43,Silver,North,Average,2022-05-01,0,0
39.5,177.43,682.2,4.3,11,26.14,Silver,West,Poor,2021-02-04,1,0
56.5,94.59,732.5,9.5,18,94.06,Silver,East,Average,2023-02-19,1,0
53.4,53.63,747.8,0.5,17,28.39,Bronze,East,Poor,2023-10-08,1,0
49.9,30.87,727.8,5.9,10,14.57,Bronze,East,Average,2021-08-31,0,0
27.7,45.56,722.8,1.0,11,48.31,Silver,South,Good,2023-08-13,0,0
40.5,,715.7,7.2,15,121.12,Gold,North,Good,2020-05-13,1,0
39.2,197.53,746.9,14.5,14,133.37,Silver,South,Average,2020-09-21,1,0
47.0,84.81,809.3,7.2,16,50.7,Bronze,West,Good,2020-07-11,0,0
27.4,56.56,664.8,5.4,16,29.13,Gold,East,Average,2023-01-28,1,0
53.5,68.77,731.5,0.7,11,3.87,Bronze,East,Poor,2020-04-21,1,0
57.9,123.04,715.5,5.7,15,59.22,Platinum,West,Average,2023-06-24,1,0
35.9,58.07,787.6,12.1,16,36.49,Gold,West,Good,2020-08-01,1,0
61.6,42.76,707.9,5.8,17,38.92,Platinum,South,Good,2022-06-05,1,0
55.1,22.99,618.2,0.5,18,7.66,Bronze,West,Average,2021-11-04,0,0
43.7,58.47,672.8,1.5,16,17.18,Bronze,North,Average,2022-11-06,0,0
49.5,32.11,641.8,3.3,20,26.76,Gold,North,Average,2023-04-27,1,0
36.2,,691.8,7.5,17,25.57,Silver,West,Average,2022-08-10,1,0
30.6,25.21,653.8,0.2,13,14.54,Bronze,East,Poor,2020-02-08,0,0
38.7,96.31,649.9,3.2,13,6.5,Silver,East,Good,2023-01-25,0,0
41.3,224.22,740.3,7.0,14,30.83,Silver,East,Good,2020-07-14,1,0
30.5,132.77,701.8,15.5,14,42.5,Platinum,North,Good,2021-10-04,1,0
29.8,73.37,627.7,0.5,13,16.36,Bronze,East,Good,2021-02-22,1,0
48.5,167.45,684.6,4.4,16,11.59,Bronze,East,Average,2020-10-17,1,0
34.4,67.6,734.0,2.4,8,20.14,Platinum,South,Good,2023-06-29,1,0
30.5,40.03,715.3,3.4,10,20.67,Silver,West,Poor,2020-05-31,0,0
41.6,74.28,680.4,15.9,12,12.9,Platinum,West,Average,2021-01-02,1,0
41.3,116.29,719.0,18.5,11,11.56,Silver,South,Good,2021-12-31,1,0
49.4,120.03,711.5,3.5,10,35.8,Silver,North,Average,2020-03-06,1,0
42.1,143.14,741.0,2.0,13,7.86,Bronze,East,Poor,2022-01-19,0,0
62.0,36.19,723.8,7.2,15,36.66,Gold,North,Good,2022-03-31,1,0
27.8,86.26,740.3,2.8,20,27.28,Bronze,West,Poor,2023-05-13,0,0
36.4,80.97,666.2,27.9,15,21.3,Silver,North,Poor,2022-01-27,1,0
58.0,44.29,675.6,2.4,20,17.58,Bronze,North,Average,2022-02-09,1,0
42.4,140.76,722.2,3.1,10,25.22,Platinum,East,Average,2022-10-08,1,0
40.7,31.87,631.7,0.9,10,5.56,Silver,North,Average,2022-07-02,0,0
48.3,29.78,716.8,2.1,17,20.47,Silver,South,Average,2022-04-04,1,0
39.1,46.7,715.4,7.7,13,14.67,Silver,West,Poor,2020-08-08,1,0
,142.07,628.6,1.5,13,28.42,Silver,East,Good,2023-10-10,1,0
40.9,131.62,749.2,3.4,14,15.52,Platinum,South,Good,2023-12-24,1,0
18.2,143.98,693.4,2.6,11,51.55,Bronze,South,Average,2023-03-01,1,0
38.8,77.44,718.5,5.0,15,30.5,Silver,East,Poor,2021-05-12,1,0
27.0,89.05,753.3,3.1,12,75.69,Platinum,West,Poor,2022-10-05,1,0
32.8,258.15,776.2,0.9,18,19.12,Bronze,South,Average,2023-11-05,1,0
43.7,89.26,628.5,1.8,17,50.01,Silver,East,Good,2020-03-31,0,0
37.9,224.68,728.4,4.8,14,15.88,Platinum,East,Average,2020-04-20,1,0
9.9,31.58,746.9,0.0,18,29.34,Silver,East,Good,2022-07-05,1,0
40.7,97.97,733.3,1.9,20,21.28,Gold,South,Good,2020-10-22,1,0
44.3,98.26,689.6,1.5,11,8.26,Bronze,North,Good,2023-08-14,0,0
42.6,315.87,776.0,0.8,18,7.58,Gold,West,Good,2022-01-17,1,0
56.6,81.67,678.0,4.0,10,12.48,Silver,West,Good,2020-01-06,0,0
38.9,46.25,717.1,3.7,16,2.47,Silver,North,Average,2022-09-25,1,0
44.4,69.95,656.3,6.0,15,21.19,Platinum,West,Good,2022-05-13,1,0
47.6,93.29,567.5,0.7,16,6.92,Bronze,East,Good,2023-12-16,0,0
27.9,15.18,628.5,13.9,11,43.11,Gold,West,Average,2020-02-14,0,0
41.9,71.56,733.9,2.2,14,59.05,Bronze,South,Average,2020-06-11,0,0
30.3,53.62,798.6,0.2,19,7.42,Bronze,North,Poor,2023-07-01,0,0
44.9,143.1,660.8,1.3,10,21.09,Bronze,North,Average,2023-06-10,1,0
28.7,196.11,702.3,0.8,13,43.64,Bronze,East,Poor,2023-05-26,0,0
30.9,127.39,596.1,4.0,12,12.85,Gold,West,Good,2023-11-14,1,0
40.0,138.4,704.1,0.1,9,46.41,Gold,West,Average,2020-12-11,1,0
22.3,80.1,658.0,2.1,21,14.97,Bronze,West,Average,2022-11-30,0,0
51.8,79.6,697.3,3.7,13,26.95,Bronze,North,Good,2022-01-02,0,0
26.1,44.76,632.9,6.9,12,127.83,Bronze,East,Average,2020-03-14,0,0
28.9,30.8,672.1,14.3,19,32.37,Silver,South,Good,2022-02-27,1,0
29.8,97.24,639.6,3.5,14,4.28,Gold,East,Good,2021-01-16,1,0
59.5,134.61,706.5,1.0,12,40.8,Platinum,North,Average,2020-04-11,1,0
40.3,21.23,739.3,1.2,17,31.12,Gold,East,Poor,2020-04-22,1,0
56.4,237.13,744.2,3.8,20,46.8,Silver,East,Good,2022-03-21,1,0
56.4,229.07,722.7,5.1,12,38.31,Gold,South,Average,2020-08-27,1,0
25.5,60.08,740.4,15.6,21,19.63,Silver,North,Good,2020-03-17,1,0
30.0,44.71,734.4,18.8,16,34.42,Silver,South,Good,2022-12-19,1,0
51.4,56.62,,0.1,13,17.8,Bronze,South,Good,2023-08-17,0,0
34.3,54.15,778.0,3.4,12,25.94,Gold,East,Good,2021-01-25,0,0
54.6,234.96,758.6,0.6,8,27.64,Gold,West,Good,2021-11-16,1,0
33.0,115.42,734.4,1.7,10,7.46,Silver,North,Average,2021-11-12,1,0
51.3,104.2,752.5,7.7,20,37.39,Bronze,East,Average,2020-04-17,1,0
32.5,82.6,655.1,6.8,18,17.31,Platinum,West,Good,2020-03-09,1,0
61.7,154.1,702.6,1.5,28,30.65,Bronze,West,Poor,2020-12-03,1,0
41.3,52.56,756.3,5.0,12,10.34,Silver,West,Good,2023-10-18,1,0
52.8,82.63,730.8,0.6,7,44.47,Bronze,East,Good,2021-03-24,0,0
47.6,87.11,668.0,3.3,9,11.05,Bronze,North,Good,2023-08-19,1,0
26.4,80.89,650.3,5.7,16,19.01,Platinum,East,Good,2022-04-19,1,0
30.1,48.11,616.0,19.0,16,6.03,Silver,East,Average,2021-11-30,1,0
18.7,142.35,624.7,6.1,13,22.91,Bronze,West,Good,2022-02-06,1,0
28.2,52.85,707.5,7.5,9,53.43,Silver,East,Average,2023-06-21,1,0
35.9,61.89,646.8,2.5,15,25.16,Bronze,East,Poor,2020-11-26,1,0
34.5,97.81,711.6,4.5,17,7.09,Silver,North,Poor,2022-12-27,1,0
33.6,36.78,707.4,0.9,15,17.84,Bronze,West,Average,2023-10-17,0,0
55.2,38.74,550.5,4.1,19,55.41,Gold,North,Good,2023-04-22,1,0
37.3,,726.8,3.3,17,52.44,Bronze,West,Good,2021-05-23,0,0
62.5,54.97,684.3,1.0,12,4.61,Gold,West,Good,2020-10-16,0,0
46.0,116.67,660.3,0.8,22,18.11,Gold,East,Good,2020-06-24,1,0
52.1,55.21,717.4,25.0,20,51.44,Bronze,South,Good,2024-01-28,1,0
44.6,120.98,681.5,7.0,20,10.59,Silver,North,Poor,2020-04-03,1,0
6.3,289.24,668.9,2.4,23,4.76,Gold,South,Good,2023-06-09,1,0
58.7,126.52,648.8,5.6,10,47.29,Gold,North,Poor,2023-06-07,1,0
63.8,123.48,602.2,9.7,10,21.85,Gold,North,Good,2021-12-13,1,0
43.4,156.66,620.3,16.8,18,14.54,Bronze,North,Good,2023-01-23,1,0
29.3,63.97,783.5,2.6,11,31.69,Silver,West,Average,2022-02-22,0,0
28.8,128.99,836.2,5.3,16,135.41,Silver,South,Good,2021-11-22,1,0
40.1,69.04,708.8,1.8,11,26.68,Bronze,South,Average,2023-05-11,0,0
70.5,59.7,,3.5,2,11.42,Bronze,North,Average,2021-09-16,1,1
40.8,35.28,609.4,7.0,13,5.5,Bronze,North,Poor,2021-02-26,0,1
70.6,110.66,673.5,1.3,10,10.65,Bronze,South,Poor,2021-10-09,1,1
51.7,35.49,647.7,2.7,7,7.08,Bronze,West,Good,2020-11-26,0,1
68.0,52.81,646.7,0.2,4,8.21,Silver,North,Average,2020-10-15,0,1
62.4,65.23,645.0,1.6,10,10.56,Bronze,North,Average,2021-02-22,0,1
76.6,52.38,562.9,2.2,4,7.1,Bronze,East,Good,2021-04-25,0,1
68.2,97.73,640.0,0.4,10,9.75,Silver,East,Poor,2021-04-13,0,1
55.0,53.46,586.8,2.1,6,7.82,Bronze,West,Average,2021-01-19,0,1
47.3,201.89,601.8,0.7,10,6.55,Bronze,North,Good,2020-05-15,0,1
,,699.4,0.2,2,4.64,Silver,South,Poor,2020-04-24,0,1
46.8,20.43,703.9,6.9,7,13.08,Platinum,West,Average,2021-02-24,1,1
49.7,41.83,710.8,1.0,7,11.05,Gold,North,Poor,2020-08-17,0,1
59.7,28.8,657.2,1.4,6,12.96,Gold,North,Poor,2021-03-02,0,1
39.4,36.93,741.0,0.3,10,22.89,Bronze,West,Poor,2020-12-30,0,1
53.1,51.77,595.7,1.0,14,3.23,Silver,East,Poor,2020-05-30,0,1
41.6,,633.8,0.6,11,11.63,Bronze,North,Poor,2020-08-09,1,1
91.5,125.11,584.8,0.7,7,10.33,Silver,North,Average,2021-04-01,0,1
72.2,68.45,586.1,13.1,5,32.16,Silver,East,Average,2021-11-23,0,1
48.4,30.69,646.1,0.2,5,12.76,Bronze,East,Average,2020-06-20,1,1
71.6,40.68,618.2,10.9,8,5.25,Bronze,North,Average,2021-10-16,0,1
36.9,60.3,547.4,3.4,4,14.06,Bronze,East,Poor,2021-06-29,1,1
50.6,50.61,650.7,1.4,6,23.54,Gold,North,Average,2020-10-05,0,1
35.7,96.63,624.6,1.8,11,8.61,Bronze,East,Poor,2021-01-27,0,1
41.0,17.33,624.0,0.3,8,3.95,Silver,North,Average,2021-06-03,1,1
68.9,88.39,610.5,1.3,4,24.24,Silver,East,Average,2021-10-31,0,1
36.0,121.46,608.2,3.7,12,12.76,Silver,North,Average,2022-01-20,1,1
66.8,57.51,661.6,0.0,9,29.08,Bronze,North,Average,2021-07-14,0,1
38.2,39.97,732.5,0.0,14,12.69,Bronze,East,Good,2020-12-20,0,1
94.1,61.61,621.4,6.0,3,35.85,Silver,North,Average,2021-12-12,0,1
56.5,55.24,628.4,2.3,6,4.21,Bronze,East,Good,2020-05-24,0,1
71.9,,760.1,5.1,10,6.17,Silver,North,Good,2021-11-16,0,1
62.6,30.86,652.2,0.9,11,7.53,Bronze,East,Good,2020-08-13,0,1
22.7,71.17,560.7,3.0,3,23.14,Bronze,South,Poor,2020-11-17,1,1
49.0,54.7,635.0,0.5,8,20.23,Gold,South,Good,2020-05-20,0,1
70.7,48.26,552.0,0.3,11,15.14,Bronze,South,Poor,2021-12-27,0,1
48.0,89.57,644.9,1.4,8,81.4,Bronze,North,Good,2021-03-13,0,1
62.0,67.46,681.9,10.2,5,13.61,Bronze,North,Good,2020-07-24,1,1
50.9,34.59,653.2,4.8,13,3.37,Bronze,North,Poor,2021-09-14,0,1
28.5,57.45,688.5,1.9,7,19.29,Silver,West,Average,2020-10-23,0,1
54.8,51.0,557.8,2.2,5,14.57,Bronze,North,Poor,2020-07-02,0,1
73.3,82.05,736.4,1.3,5,17.82,Bronze,North,Good,2021-02-18,0,1
65.9,31.66,577.4,2.2,6,5.05,Bronze,South,Poor,2021-05-19,0,1
71.3,63.33,567.1,2.8,9,11.38,Silver,East,Poor,2020-12-19,1,1
54.8,73.5,688.5,1.7,5,9.51,Gold,South,Poor,2021-06-21,0,1
41.6,50.74,760.2,1.8,8,8.98,Bronze,North,Poor,2021-10-23,0,1
81.5,178.18,619.7,3.2,6,20.61,Bronze,North,Poor,2020-06-10,0,1
70.1,41.15,662.1,0.1,11,13.79,Silver,North,Average,2022-01-31,0,1
50.6,27.58,704.5,3.4,10,13.17,Bronze,North,Good,2021-02-04,0,1
33.1,93.0,691.5,0.6,7,4.73,Silver,North,Good,2020-03-05,1,1
45.7,41.46,659.2,9.0,9,15.35,Silver,North,Average,2022-02-23,0,1
62.3,,729.9,4.4,4,7.04,Silver,North,Average,2020-04-29,1,1
55.1,189.42,,1.1,5,23.23,Silver,North,Good,2020-04-17,1,1
26.9,52.54,686.1,4.9,3,7.88,Bronze,North,Poor,2021-09-04,0,1
43.8,28.22,719.4,0.0,3,14.07,Bronze,East,Poor,2022-01-11,0,1
55.7,67.93,645.8,6.2,7,29.19,Silver,South,Good,2021-04-08,0,1
,64.21,703.6,8.9,6,7.4,Silver,South,Poor,2020-11-18,0,1
34.7,33.6,698.4,1.1,12,13.96,Silver,North,Average,2021-02-24,0,1
64.0,64.41,598.0,2.8,10,28.19,Bronze,South,Good,2022-01-23,0,1
67.4,24.98,709.6,0.2,9,20.54,Bronze,East,Good,2020-03-17,0,1
68.7,77.74,634.1,0.6,10,26.94,Silver,East,Poor,2021-11-10,0,1
55.6,39.8,696.0,1.6,11,11.78,Bronze,East,Average,2021-05-21,0,1
42.5,50.61,652.8,6.5,8,12.0,Bronze,North,Average,2021-05-01,0,1
76.0,25.46,659.8,3.0,7,15.88,Silver,North,Average,2020-06-29,0,1
42.9,94.04,730.4,4.7,9,23.81,Silver,South,Poor,2020-08-27,0,1
45.4,82.71,727.0,2.9,9,14.63,Bronze,North,Average,2020-11-17,0,1
78.9,30.09,672.8,1.7,10,12.66,Bronze,South,Poor,2022-02-11,0,1
68.7,133.85,560.7,2.3,5,11.8,Silver,North,Average,2021-07-04,0,1
57.1,39.7,654.7,0.9,5,23.82,Bronze,East,Poor,2021-05-27,0,1
54.5,78.86,585.7,7.9,9,36.51,Bronze,South,Poor,2020-07-19,0,1
58.9,109.17,628.8,0.2,11,7.48,Bronze,North,Average,2020-11-15,1,1
48.8,31.4,655.3,0.5,8,20.38,Silver,East,Average,2021-10-09,0,1
85.3,35.6,532.6,0.2,5,14.93,Silver,South,Poor,2020-07-09,0,1
68.8,73.13,652.6,0.9,6,8.82,Bronze,North,Poor,2020-01-31,0,1
67.5,,,0.5,5,19.99,Gold,South,Good,2021-04-29,1,1
59.9,24.81,618.3,1.3,5,5.33,Bronze,East,Poor,2021-12-01,0,1
49.0,62.84,640.3,0.1,7,13.09,Silver,North,Good,2020-03-27,1,1
58.7,82.98,629.9,0.4,9,6.53,Gold,North,Average,2021-08-29,0,1
66.7,104.83,573.0,1.7,5,29.53,Bronze,East,Average,2021-10-19,0,1
67.4,41.58,726.3,1.8,10,10.92,Silver,West,Poor,2020-06-22,0,1
71.6,41.96,750.9,5.5,7,9.02,Gold,North,Good,2020-05-24,1,1
90.8,35.48,568.4,2.5,7,45.63,Platinum,North,Average,2020-05-04,0,1
61.0,15.61,557.0,0.5,6,20.27,Bronze,East,Good,2021-11-08,0,1
73.6,,741.3,5.4,7,33.33,Bronze,South,Average,2021-08-07,0,1
24.4,44.27,662.3,1.4,8,8.49,Bronze,North,Poor,2020-07-01,0,1
53.9,71.85,684.1,1.4,14,15.15,Gold,North,Average,2020-06-01,1,1
64.6,76.2,649.6,1.5,10,41.74,Gold,North,Average,2021-01-05,0,1
62.4,40.6,692.7,6.9,5,5.11,Silver,South,Poor,2020-04-23,0,1
53.4,71.03,521.1,4.5,5,7.9,Bronze,North,Average,2020-11-11,0,1
37.5,59.22,660.8,3.1,15,8.48,Bronze,North,Average,2020-12-25,0,1
63.7,102.67,681.7,1.8,5,13.99,Silver,West,Average,2021-07-18,0,1
47.1,37.47,655.1,6.9,4,4.58,Gold,South,Poor,2020-02-15,0,1
47.3,68.23,720.4,2.2,10,27.93,Platinum,East,Average,2021-11-30,1,1
52.5,86.42,645.7,13.6,9,13.6,Gold,North,Poor,2020-01-03,0,1
67.4,63.5,711.8,0.4,5,8.55,Silver,North,Poor,2020-04-10,0,1
65.2,100.88,637.9,0.8,8,6.09,Bronze,East,Average,2021-06-14,1,1
53.6,25.1,614.8,1.5,9,19.62,Silver,South,Poor,2020-10-17,0,1
67.5,91.68,644.8,4.6,4,13.33,Gold,North,Average,2020-04-28,0,1
54.6,155.06,673.3,0.1,10,42.62,Silver,East,Good,2020-10-09,0,1
49.6,59.01,580.6,1.9,7,31.49,Bronze,North,Good,2022-01-04,0,1
89.3,72.64,717.0,3.3,17,7.16,Silver,North,Average,2020-01-27,0,1
50.5,45.43,680.0,1.0,10,14.13,Bronze,East,Average,2020-12-07,0,1
65.6,28.9,579.8,0.4,10,9.99,Bronze,East,Good,2021-11-01,0,1
71.7,138.96,707.6,0.1,5,7.54,Silver,North,Good,2021-02-14,0,1
47.0,40.29,651.6,0.7,11,24.18,Silver,North,Average,2021-04-16,0,1
46.5,89.05,619.7,3.9,8,17.14,Silver,North,Average,2021-03-03,0,1
20.6,71.35,615.6,1.6,9,19.21,Silver,North,Average,2021-10-16,0,1
65.3,33.75,671.5,2.5,8,10.14,Gold,East,Good,2021-05-14,1,1
0.9,142.52,566.6,0.4,5,6.12,Bronze,North,Poor,2020-05-08,0,1
79.7,122.49,727.3,2.1,10,8.86,Bronze,East,Poor,2021-10-26,1,1
67.0,74.38,642.5,1.7,6,20.2,Silver,West,Average,2021-12-25,0,1
71.0,,577.4,2.8,6,10.86,Bronze,East,Good,2021-04-09,0,1
11.5,29.6,,2.7,7,7.39,Bronze,North,Good,2020-10-12,0,1
68.3,32.2,686.9,3.6,5,24.93,Bronze,South,Average,2020-02-19,0,1
28.1,52.46,686.3,4.2,12,8.67,Silver,South,Good,2020-11-26,1,1
45.5,97.05,625.5,2.4,8,8.13,Gold,West,Poor,2021-03-29,1,1
79.9,53.88,620.4,4.9,5,19.67,Silver,East,Good,2021-10-12,0,1
84.1,59.12,490.0,4.6,8,14.01,Bronze,North,Good,2020-05-29,1,1
60.7,46.18,550.2,3.2,4,30.81,Silver,East,Good,2021-02-25,0,1
58.0,41.29,676.8,12.3,3,8.3,Bronze,West,Average,2020-12-11,0,1
54.6,24.18,642.8,4.6,5,10.13,Silver,East,Poor,2020-09-18,1,1
51.4,54.79,776.3,1.6,5,10.78,Silver,South,Poor,2020-03-20,1,1
55.8,30.35,590.4,1.5,8,17.04,Silver,North,Average,2021-01-28,1,1
58.5,121.59,681.4,0.0,9,5.57,Platinum,East,Average,2021-02-08,1,1
19.3,64.53,729.8,3.1,10,14.95,Bronze,East,Good,2020-07-30,0,1
70.8,104.55,799.6,1.0,7,14.49,Bronze,West,Good,2020-04-08,1,1
38.9,37.03,639.5,4.2,8,13.9,Bronze,East,Poor,2020-10-15,0,1
85.8,65.36,,1.5,8,5.73,Bronze,North,Average,2020-07-17,0,1
60.9,27.26,693.0,2.0,7,14.41,Silver,South,Average,2020-12-15,0,1
75.9,52.9,656.8,1.9,13,5.88,Bronze,North,Poor,2020-04-21,0,1
,65.14,678.5,0.8,9,17.69,Platinum,North,Average,2020-04-12,0,1
58.5,42.03,610.9,2.9,17,13.61,Silver,North,Good,2021-12-20,0,1
43.9,51.26,623.6,1.5,8,31.67,Silver,North,Average,2021-12-15,1,1
54.0,56.57,,0.5,7,13.14,Silver,South,Average,2021-10-09,1,1
48.4,28.61,530.0,0.1,3,4.34,Gold,South,Good,2021-12-30,0,1
52.2,93.18,,6.7,9,5.93,Gold,South,Poor,2021-01-28,0,1
37.0,17.92,577.4,0.9,9,11.41,Bronze,West,Good,2020-10-04,1,1
58.5,39.74,548.7,3.4,4,13.65,Silver,North,Average,2020-07-13,0,1
58.1,90.43,,0.3,10,10.7,Silver,East,Poor,2021-10-13,1,1
74.3,70.18,676.6,5.8,9,13.51,Silver,North,Good,2021-11-28,0,1
40.0,99.81,674.8,1.2,12,17.55,Silver,North,Average,2020-09-25,0,1
82.9,71.26,685.1,1.3,7,31.86,Silver,East,Poor,2020-08-30,0,1
59.2,93.97,523.4,0.5,7,25.11,Bronze,South,Poor,2020-07-25,0,1
52.4,30.05,595.0,8.9,10,21.37,Gold,South,Poor,2020-08-12,0,1
31.7,93.66,702.8,4.5,6,20.4,Bronze,North,Average,2021-03-28,0,1
58.2,44.48,608.7,5.7,6,11.97,Bronze,South,Poor,2020-12-20,1,1
73.2,49.86,598.1,7.8,5,9.73,Bronze,East,Average,2021-05-27,0,1
48.9,128.77,730.1,0.4,7,27.61,Silver,East,Average,2020-08-01,1,1
36.0,46.78,632.3,2.6,6,18.53,Bronze,North,Average,2020-05-10,1,1
61.2,36.13,742.2,3.6,10,18.14,Bronze,South,Poor,2021-05-05,0,1
56.7,36.34,678.5,2.0,5,19.1,Silver,North,Poor,2020-07-02,1,1
87.3,43.8,601.4,7.9,12,15.89,Gold,East,Average,2021-04-08,0,1
73.4,29.0,693.3,8.0,13,11.37,Bronze,North,Poor,2020-01-26,0,1
54.5,39.83,626.9,4.4,8,8.87,Gold,North,Poor,2020-08-18,0,1
44.1,80.65,589.9,2.4,15,4.16,Silver,East,Good,2020-08-01,0,1
89.1,34.26,688.4,5.0,8,6.22,Bronze,North,Average,2020-11-21,0,1
51.2,,555.8,0.8,7,27.55,Gold,North,Good,2020-04-28,1,1
65.9,60.65,611.7,6.1,2,33.36,Bronze,North,Average,2021-10-10,1,1
62.3,39.46,,1.0,6,13.08,Silver,North,Good,2021-04-25,0,1
50.7,74.53,639.5,2.9,6,17.44,Gold,North,Average,2021-07-16,0,1
58.6,160.65,692.3,8.9,9,22.67,Silver,North,Average,2021-07-22,1,1
33.5,72.36,701.3,0.5,5,21.42,Bronze,East,Poor,2020-09-26,0,1
30.9,62.01,646.5,5.6,13,8.83,Gold,South,Good,2020-07-08,1,1
37.0,54.37,621.3,0.7,5,6.13,Bronze,North,Average,2020-08-12,0,1
68.9,28.3,517.2,10.4,4,18.39,Bronze,North,Average,2020-04-15,0,1
29.3,83.78,587.2,0.0,9,12.27,Bronze,North,Poor,2020-10-28,0,1
56.0,54.2,665.8,9.0,4,7.04,Silver,East,Average,2020-06-13,1,1
29.8,62.27,689.0,0.6,9,14.1,Gold,East,Poor,2020-05-19,1,1
39.2,59.48,620.0,5.3,12,10.64,Gold,North,Good,2020-07-18,1,1
41.0,95.04,588.0,2.5,6,5.58,Gold,North,Poor,2020-06-16,1,1
27.6,73.63,697.8,4.7,9,20.38,Bronze,West,Poor,2021-08-10,0,1
51.6,57.59,634.0,0.5,12,45.22,Bronze,North,Average,2021-08-01,1,1
46.2,70.74,510.5,2.7,6,13.65,Silver,East,Average,2020-03-24,1,1
63.6,65.04,,0.1,8,11.58,Gold,North,Average,2021-11-07,0,1
42.0,38.07,674.2,0.2,7,3.83,Bronze,South,Good,2021-04-07,1,1
85.1,40.12,657.9,9.5,10,14.37,Silver,West,Average,2021-10-25,1,1
60.1,70.46,683.3,4.8,12,14.91,Gold,South,Average,2020-12-29,1,1
56.1,92.33,534.9,1.8,10,4.34,Bronze,North,Good,2021-02-28,0,1
74.9,38.22,687.0,3.7,7,14.62,Bronze,North,Good,2021-07-23,0,1
31.0,37.73,635.4,1.4,6,6.17,Bronze,East,Average,2021-02-13,0,1
67.1,44.21,659.6,0.4,6,9.69,Bronze,South,Poor,2020-09-02,0,1
58.7,24.66,775.9,0.6,7,15.65,Silver,North,Poor,2021-09-29,1,1
56.1,17.64,737.4,1.8,5,15.28,Bronze,East,Average,2021-02-23,0,1
63.1,72.06,650.2,1.5,9,19.37,Gold,East,Average,2020-07-06,0,1
54.4,66.44,700.8,12.5,6,13.45,Gold,West,Average,2020-04-12,0,1
84.9,38.95,635.9,4.9,8,17.8,Bronze,South,Good,2022-02-17,0,1
80.5,37.17,602.4,1.0,13,13.53,Platinum,North,Poor,2021-07-17,1,1
46.8,49.28,613.0,0.7,6,16.86,Bronze,North,Average,2021-08-08,0,1
65.7,57.54,598.4,8.3,7,5.91,Gold,West,Average,2021-05-13,0,1
27.7,24.41,713.2,2.5,8,38.4,Bronze,East,Average,2021-12-16,0,1
66.8,37.24,738.4,7.4,4,29.73,Bronze,North,Poor,2020-02-26,0,1
65.3,217.48,644.7,0.1,3,14.69,Platinum,North,Good,2021-10-27,1,1
48.7,59.65,617.8,6.6,5,9.2,Silver,South,Good,2021-03-06,0,1
50.1,41.83,680.0,0.2,7,3.52,Bronze,South,Good,2022-01-03,0,1
50.9,24.11,622.9,0.6,5,12.56,Silver,North,Poor,2021-12-28,0,1
29.6,97.54,638.3,0.8,12,16.91,Silver,North,Average,2021-11-13,1,1
67.7,53.24,,2.0,11,11.85,Silver,North,Average,2020-12-30,0,1
56.3,60.84,716.7,7.5,12,16.18,Bronze,East,Poor,2020-04-16,0,1
47.8,36.51,574.2,2.2,13,6.9,Gold,West,Poor,2020-10-27,0,1
46.5,61.65,649.4,3.5,6,13.53,Gold,North,Average,2021-01-22,1,1
68.0,94.54,647.5,2.3,10,19.85,Bronze,East,Average,2021-08-30,1,1
,36.91,677.9,6.0,5,9.02,Gold,South,Poor,2020-01-30,0,1
32.8,70.27,688.4,10.8,10,6.39,Gold,South,Poor,2021-04-06,0,1
40.9,52.2,617.3,1.1,11,21.5,Bronze,North,Poor,2021-06-08,0,1
46.3,31.41,681.3,0.9,10,38.81,Bronze,East,Average,2021-12-19,1,1
48.6,63.44,587.2,2.6,8,16.02,Silver,South,Poor,2020-07-25,1,1
,56.89,615.7,0.3,6,12.34,Silver,North,Average,2020-02-29,1,1
46.8,39.08,653.9,3.0,4,22.48,Bronze,East,Good,2022-01-15,0,1
39.8,,551.6,2.8,6,14.44,Gold,East,Poor,2020-04-13,0,1
76.1,26.93,602.9,1.8,12,8.6,Bronze,West,Average,2020-12-13,0,1
56.8,61.51,668.3,2.7,7,10.04,Bronze,East,Good,2022-01-10,0,1
29.9,38.53,671.2,6.9,9,8.79,Bronze,North,Poor,2020-01-04,0,1
55.6,75.52,683.5,8.5,9,8.79,Silver,South,Good,2020-02-15,0,1
51.6,40.75,642.6,1.9,8,2.84,Silver,West,Good,2020-06-21,0,1
38.8,53.75,,0.4,13,7.1,Silver,North,Good,2020-03-27,0,1
54.8,40.98,705.4,1.5,5,22.75,Silver,North,Average,2020-01-24,0,1
33.2,67.31,696.1,0.4,5,4.0,Silver,West,Average,2020-03-04,0,1
63.7,30.73,666.8,3.2,6,3.49,Silver,South,Poor,2021-02-26,1,1
52.4,25.6,633.9,1.1,10,9.27,Bronze,North,Poor,2021-10-05,0,1
47.3,60.06,657.7,0.8,8,13.73,Gold,East,Good,2020-01-14,1,1
51.1,41.98,688.1,18.0,2,6.21,Bronze,South,Good,2020-02-16,0,1
32.1,37.88,725.7,1.3,8,18.24,Silver,North,Average,2020-12-10,1,1
68.9,41.01,756.6,1.1,10,20.4,Bronze,East,Average,2020-04-17,0,1
28.1,46.62,800.8,0.3,6,26.75,Gold,West,Good,2020-05-15,0,1
68.9,96.78,,2.1,5,11.18,Bronze,North,Good,2020-01-16,0,1
45.1,97.26,626.3,0.7,6,12.72,Silver,East,Average,2021-12-12,0,1
38.0,,561.3,1.6,7,34.37,Bronze,East,Poor,2022-02-09,0,1
45.3,65.15,642.2,1.2,7,4.92,Bronze,East,Poor,2020-09-12,0,1
40.0,21.57,697.7,0.2,4,6.37,Bronze,North,Good,2022-01-07,0,1
53.8,91.93,740.1,1.1,6,12.57,Silver,East,Good,2020-01-08,1,1
51.2,26.9,629.3,6.2,7,16.43,Bronze,East,Average,2021-12-10,0,1
54.8,50.13,622.5,0.8,3,11.26,Platinum,East,Average,2021-12-31,0,1
64.7,57.55,690.0,0.7,4,5.69,Silver,North,Poor,2021-05-28,0,1
65.4,75.82,699.5,0.2,7,14.85,Silver,South,Good,2021-04-05,0,1
70.8,80.4,471.8,0.8,11,7.95,Platinum,East,Average,2020-11-26,0,1
62.2,46.75,618.1,13.5,9,10.13,Silver,North,Poor,2021-09-26,1,1
69.6,29.22,628.6,1.6,13,13.37,Silver,North,Poor,2020-11-11,0,1
54.5,48.7,758.8,0.1,8,7.01,Silver,North,Average,2021-07-01,0,1
53.8,39.83,677.6,0.7,8,5.45,Gold,East,Good,2020-08-12,0,1
63.8,37.54,592.7,2.7,2,6.76,Silver,North,Good,2022-02-24,0,1
53.9,,657.5,0.9,9,15.57,Silver,North,Poor,2021-04-28,0,1
37.3,55.02,567.5,3.7,9,6.54,Silver,North,Poor,2021-07-31,1,1
,70.18,572.1,1.8,8,22.64,Silver,East,Average,2020-08-30,0,1
45.8,,720.3,1.7,8,7.43,Bronze,East,Average,2021-04-29,0,1
48.2,38.91,653.3,2.8,7,10.93,Silver,East,Good,2021-02-06,0,1
44.7,47.15,629.0,2.0,9,11.04,Gold,West,Average,2022-03-05,1,1
49.9,150.25,651.1,1.6,14,9.75,Bronze,East,Average,2021-09-21,0,1
55.2,116.12,617.3,4.5,9,5.12,Platinum,East,Good,2021-06-05,0,1
96.2,73.86,536.0,0.5,15,16.14,Bronze,North,Good,2020-11-21,0,1
61.2,93.4,655.6,1.4,7,4.8,Bronze,North,Average,2021-02-22,0,1
45.0,39.6,634.3,7.2,7,5.26,Bronze,North,Poor,2021-11-17,0,1
56.4,41.69,669.6,2.5,10,6.96,Bronze,East,Average,2021-11-24,0,1
78.7,30.49,612.7,9.5,1,10.99,Bronze,East,Poor,2020-03-02,1,1
42.1,96.6,655.0,1.1,10,4.75,Platinum,North,Good,2020-12-26,0,1
53.5,91.04,669.4,6.1,5,6.23,Bronze,North,Poor,2020-04-20,0,1
25.1,77.45,681.3,6.3,5,21.94,Silver,East,Poor,2020-09-28,1,1
67.6,49.62,604.9,0.5,6,21.78,Gold,South,Poor,2021-03-11,1,1
49.1,59.36,780.7,1.5,7,16.3,Silver,East,Average,2021-02-21,0,1
67.3,58.23,677.4,1.8,3,7.47,Silver,North,Poor,2021-01-21,0,1
86.2,37.57,639.8,0.1,8,10.9,Bronze,East,Average,2021-06-19,0,1
83.2,28.62,767.8,1.0,2,9.61,Bronze,North,Good,2020-08-24,0,1
72.1,70.53,712.9,7.8,6,8.93,Silver,East,Good,2021-09-18,0,1
82.5,33.87,720.1,3.6,11,5.84,Gold,South,Average,2020-10-25,0,1
50.6,151.69,566.9,0.5,13,5.59,Gold,North,Average,2021-05-12,1,1
55.4,35.41,716.5,3.3,8,24.32,Silver,South,Poor,2021-07-18,0,1
42.3,47.04,711.6,4.8,10,10.91,Bronze,North,Average,2021-02-13,0,1
59.1,79.64,528.7,0.5,8,10.27,Bronze,North,Good,2021-03-16,0,1
73.2,69.73,665.3,0.3,13,4.08,Bronze,North,Poor,2020-09-23,0,1
46.2,48.28,618.3,1.1,9,13.66,Platinum,East,Average,2021-02-06,1,1
61.8,74.71,633.8,4.6,13,20.16,Silver,South,Average,2021-01-28,1,1
61.5,102.47,542.0,1.5,8,27.34,Bronze,North,Average,2021-02-03,0,1
66.8,33.53,603.7,0.0,11,26.84,Bronze,East,Poor,2021-08-08,0,1
48.3,77.41,654.3,2.4,5,16.06,Silver,East,Poor,2022-02-08,0,1
59.6,117.88,665.2,2.5,9,7.16,Silver,North,Poor,2021-04-12,0,1
48.8,101.6,639.0,5.0,11,8.79,Silver,East,Poor,2020-06-18,0,1
51.5,78.33,627.9,3.3,4,19.24,Silver,South,Poor,2020-10-15,0,1
65.8,34.56,764.0,2.3,9,12.06,Gold,East,Average,2022-02-01,0,1
47.6,26.52,635.4,9.6,3,21.85,Silver,North,Good,2020-10-27,1,1
51.1,,743.8,1.3,12,12.49,Silver,East,Poor,2021-01-03,0,1
66.4,59.14,711.7,1.2,5,8.27,Bronze,East,Poor,2021-05-20,0,1
66.3,116.33,665.1,16.6,5,19.98,Gold,South,Poor,2020-05-25,1,1
61.7,95.1,657.5,2.8,9,8.93,Bronze,West,Average,2020-01-31,0,1
74.3,48.74,626.9,2.8,9,13.2,Silver,South,Poor,2021-07-13,1,1
75.2,47.34,715.7,1.2,4,7.27,Silver,West,Average,2021-01-30,0,1
,93.18,637.3,2.8,8,40.82,Silver,North,Poor,2021-10-06,0,1
54.9,25.38,627.9,1.9,10,9.22,Bronze,East,Good,2022-02-26,0,1
81.9,84.21,656.9,2.1,7,33.98,Silver,South,Average,2020-05-03,1,1
40.7,36.97,725.8,1.2,16,33.84,Bronze,North,Poor,2021-08-24,0,1
21.7,40.58,675.2,0.8,13,20.1,Bronze,North,Poor,2021-10-06,0,1
80.2,102.6,524.6,2.3,6,14.31,Silver,East,Good,2021-05-17,0,1
33.9,,630.0,1.9,12,21.18,Bronze,North,Poor,2020-12-22,1,1
85.9,41.61,568.6,5.1,10,14.09,Gold,North,Average,2020-06-29,0,1
41.6,42.54,718.5,5.1,11,10.81,Bronze,East,Poor,2021-03-07,0,1
78.0,21.7,681.1,0.1,6,7.3,Gold,North,Good,2020-02-17,1,1
49.4,104.78,625.1,4.3,12,27.01,Silver,East,Good,2020-08-20,0,1
53.4,54.2,,0.4,8,8.73,Bronze,East,Poor,2022-02-19,0,1
66.0,30.46,525.1,4.9,6,28.35,Bronze,East,Average,2021-12-27,0,1
33.8,132.58,711.1,0.8,12,15.47,Silver,North,Average,2020-05-22,0,1
53.0,60.22,682.0,1.4,4,17.16,Bronze,North,Poor,2021-11-21,0,1
67.1,40.53,585.3,1.1,18,10.34,Gold,West,Good,2021-03-23,0,1
66.6,39.22,717.3,5.5,4,7.48,Bronze,North,Good,2021-07-26,0,1
78.7,71.01,613.5,3.9,11,7.98,Silver,North,Average,2021-05-26,0,1
62.3,31.45,558.0,0.9,19,8.74,Silver,East,Average,2020-09-20,1,1
53.0,69.62,653.6,2.1,7,16.75,Silver,North,Poor,2021-08-30,0,1
,16.93,592.9,1.7,6,8.97,Bronze,West,Poor,2020-12-03,0,1
47.5,85.12,649.8,3.2,7,42.97,Gold,North,Poor,2021-11-13,0,1
55.5,71.24,632.9,0.7,12,32.95,Silver,North,Poor,2021-07-12,0,1
59.6,55.67,639.6,0.3,10,8.73,Bronze,West,Poor,2020-09-11,0,1
86.4,53.42,594.3,0.8,5,4.76,Bronze,East,Average,2021-12-18,0,1
48.5,105.42,595.7,0.5,6,9.35,Bronze,South,Poor,2021-08-01,0,1
42.9,69.72,740.5,2.7,10,13.86,Bronze,East,Average,2021-05-15,1,1
58.1,43.22,806.5,1.1,7,17.97,Gold,South,Good,2020-12-06,0,1
,59.74,674.2,1.4,7,11.37,Silver,South,Average,2021-02-26,1,1
27.1,46.98,668.4,10.6,9,11.72,Silver,North,Average,2021-04-21,0,1
57.7,40.09,657.9,0.6,5,34.66,Silver,East,Poor,2020-06-11,1,1
34.5,54.98,690.3,0.4,10,5.83,Platinum,South,Good,2020-11-01,1,1
49.8,56.39,650.8,3.2,7,13.9,Silver,South,Good,2022-02-14,0,1
57.5,73.88,525.9,2.1,8,10.57,Gold,South,Average,2020-01-15,0,1
34.6,53.57,680.8,1.4,8,18.77,Bronze,East,Good,2021-03-04,0,1
74.2,,486.7,0.4,7,18.4,Silver,North,Poor,2022-02-28,0,1
56.7,92.35,671.5,0.6,9,18.85,Bronze,East,Poor,2022-01-12,1,1
,68.88,576.2,0.3,9,47.73,Gold,East,Poor,2020-02-03,1,1
50.6,61.36,669.2,4.6,8,8.97,Silver,South,Poor,2021-05-24,1,1
64.4,38.83,669.9,0.7,11,45.62,Gold,East,Average,2020-11-03,0,1
59.3,37.02,626.8,2.8,9,28.77,Gold,East,Good,2021-03-28,0,1
75.8,68.95,623.3,4.5,5,8.4,Bronze,East,Poor,2021-12-07,0,1
66.9,39.07,628.6,7.4,13,6.16,Gold,North,Poor,2021-08-01,1,1
49.7,47.57,563.8,0.5,6,11.16,Bronze,North,Poor,2020-11-20,0,1
28.4,41.82,486.8,2.6,5,7.2,Silver,North,Good,2020-01-08,0,1
59.9,150.84,698.7,18.6,7,4.5,Bronze,East,Poor,2022-03-06,0,1
,36.36,739.2,3.7,9,6.33,Bronze,South,Good,2021-02-06,0,1
50.4,48.48,709.7,0.3,9,26.08,Bronze,North,Average,2020-05-14,1,1
50.3,45.42,668.4,1.5,5,5.06,Bronze,East,Average,2020-02-21,0,1
48.7,45.37,665.0,4.3,9,27.71,Bronze,South,Poor,2021-12-07,0,1
70.9,53.32,819.2,5.2,12,15.95,Bronze,North,Average,2022-01-23,1,1
76.3,86.04,559.5,5.5,10,5.53,Bronze,North,Average,2021-04-07,0,1
46.7,103.68,682.9,1.2,6,4.8,Bronze,North,Average,2021-05-22,0,1
87.9,35.41,570.2,0.5,7,10.76,Bronze,South,Good,2021-01-12,0,1
44.2,94.26,720.5,0.2,6,9.55,Silver,East,Good,2021-09-23,1,1
54.0,31.81,760.6,0.1,7,3.49,Bronze,West,Poor,2021-09-27,0,1
47.2,147.25,642.6,4.1,4,17.46,Bronze,East,Average,2022-03-03,0,1
46.2,29.14,589.2,1.2,11,23.44,Silver,South,Good,2021-07-07,0,1
20.7,71.34,553.2,0.3,9,35.56,Bronze,North,Poor,2021-09-25,0,1
80.9,52.48,539.0,5.6,8,7.01,Bronze,East,Poor,2021-11-20,0,1
36.4,58.9,758.1,2.1,5,14.31,Bronze,North,Poor,2020-08-18,0,1
49.4,104.75,678.1,4.7,9,26.33,Bronze,North,Average,2020-12-21,0,1
74.4,29.92,720.5,0.8,9,4.42,Bronze,East,Poor,2021-01-03,0,1
55.0,,635.9,1.9,9,5.47,Platinum,South,Good,2020-07-05,1,1
99.2,75.3,680.7,0.4,13,7.23,Bronze,North,Average,2021-04-11,0,1
34.1,47.15,537.1,4.5,7,6.52,Bronze,North,Average,2020-10-12,0,1
82.2,48.21,679.7,2.5,6,13.14,Silver,North,Good,2021-02-19,0,1
76.9,109.25,650.1,2.5,9,5.45,Bronze,North,Average,2020-12-03,0,1
65.5,69.57,628.3,2.0,6,6.78,Bronze,East,Average,2020-09-01,0,1
20.5,63.72,659.3,8.9,9,15.29,Platinum,North,Average,2022-01-19,1,1
,38.99,597.2,2.0,8,23.93,Gold,North,Poor,2020-01-05,0,1
,152.51,559.9,2.1,7,20.95,Gold,North,Poor,2021-08-07,0,1
64.4,61.74,572.8,1.8,5,12.73,Bronze,West,Average,2021-04-04,0,1
70.9,42.42,670.5,2.0,12,17.05,Gold,East,Average,2020-10-04,0,1
29.6,49.43,670.5,0.3,4,12.79,Gold,North,Good,2020-03-14,1,1
88.2,130.25,684.8,5.2,7,14.28,Silver,West,Average,2021-07-04,1,1
58.4,61.44,644.0,3.5,4,20.08,Silver,East,Poor,2021-09-03,0,1
33.6,75.4,610.3,4.3,5,3.14,Platinum,West,Average,2022-01-07,1,1
73.1,32.57,728.5,1.0,5,15.01,Silver,East,Average,2020-01-05,0,1
46.5,43.62,,1.6,3,17.84,Gold,South,Poor,2020-08-03,0,1
83.1,23.54,745.6,1.3,7,29.04,Bronze,North,Good,2022-01-05,1,1
50.4,39.57,640.5,3.2,4,15.19,Gold,South,Poor,2020-12-18,0,1
44.5,42.63,661.7,0.2,9,24.02,Bronze,North,Average,2020-12-10,0,1
57.6,23.86,735.8,5.4,9,9.5,Bronze,East,Average,2021-06-25,0,1
52.6,36.93,712.0,0.8,4,9.34,Gold,North,Average,2020-03-13,1,1
49.9,42.74,544.1,0.5,7,7.65,Bronze,North,Average,2021-09-05,0,1
36.1,41.03,628.6,11.4,8,13.76,Silver,South,Good,2022-02-14,1,1
44.9,16.66,660.2,4.7,11,9.83,Bronze,North,Poor,2020-06-11,0,1
57.8,179.8,649.5,5.8,8,11.99,Bronze,South,Poor,2020-12-31,0,1
26.5,121.08,598.6,0.6,6,9.31,Silver,North,Average,2021-08-30,0,1
87.0,75.42,637.8,0.2,6,2.48,Bronze,North,Poor,2021-09-23,0,1
105.8,,546.0,1.6,6,15.62,Platinum,West,Average,2020-08-09,0,1
39.9,55.48,702.6,7.0,8,7.74,Silver,North,Poor,2021-07-29,0,1
42.4,101.41,545.2,2.3,4,8.39,Bronze,South,Average,2020-07-04,0,1
39.7,35.68,549.2,7.9,8,7.24,Bronze,North,Good,2020-08-07,0,1
80.1,,691.5,0.3,5,13.76,Gold,South,Good,2020-05-23,0,1
50.3,90.69,594.2,1.6,9,17.38,Bronze,North,Good,2020-10-20,0,1
42.4,55.39,607.7,0.1,11,9.69,Gold,East,Average,2021-11-20,0,1
41.2,112.09,644.6,0.1,9,29.2,Platinum,North,Poor,2020-10-24,0,1
76.2,63.26,604.4,2.8,4,14.11,Silver,South,Poor,2020-11-06,0,1
41.0,74.28,786.1,0.6,5,17.18,Bronze,North,Average,2021-03-26,0,1
35.1,71.48,650.9,4.1,8,11.43,Silver,North,Average,2021-04-14,0,1
55.6,62.09,758.6,1.6,7,27.73,Bronze,North,Average,2021-11-04,1,1
50.6,33.16,703.7,1.1,13,9.63,Bronze,North,Poor,2021-02-01,0,1
64.7,51.06,707.8,0.9,8,13.6,Gold,North,Poor,2020-04-06,0,1
74.0,29.8,614.3,3.5,9,5.47,Silver,North,Poor,2021-09-01,0,1
76.9,54.79,579.9,0.4,5,6.69,Silver,East,Average,2020-01-27,0,1
52.9,66.45,637.5,4.1,11,23.46,Silver,South,Average,2021-09-19,0,1
53.2,82.02,648.0,6.9,9,20.33,Bronze,East,Poor,2020-09-14,0,1
52.5,60.29,705.1,0.8,9,15.17,Gold,South,Average,2020-03-23,0,1
57.6,53.99,641.5,13.0,13,5.32,Bronze,East,Average,2020-04-17,1,1
56.6,57.53,671.7,2.0,8,4.74,Bronze,South,Good,2020-10-29,1,1
73.1,20.1,596.2,4.6,7,5.68,Silver,South,Poor,2021-12-01,0,1
47.9,86.83,553.8,0.5,11,6.97,Bronze,South,Poor,2020-06-17,0,1
54.8,174.33,611.0,3.1,9,5.74,Silver,East,Good,2022-02-01,1,1
60.6,44.0,553.6,0.5,7,13.07,Gold,North,Good,2020-12-24,1,1
63.1,32.55,575.8,3.6,13,17.03,Silver,South,Poor,2021-06-03,0,1
70.5,26.13,626.1,7.8,6,10.34,Silver,North,Poor,2021-01-28,1,1
54.1,117.38,574.6,1.7,7,37.15,Bronze,East,Good,2022-02-07,1,1
50.5,63.85,671.9,2.1,3,11.77,Bronze,East,Average,2020-06-28,1,1
,41.92,742.0,0.5,8,26.47,Bronze,East,Average,2021-03-23,0,1
69.0,,672.0,11.5,5,11.93,Silver,South,Good,2020-08-07,1,1
71.0,28.22,699.3,0.0,15,8.62,Bronze,South,Poor,2021-06-06,0,1
40.9,23.94,693.9,1.5,9,21.95,Silver,West,Poor,2021-07-05,0,1
56.4,67.89,681.9,2.4,4,2.96,Gold,North,Poor,2020-01-15,0,1
69.2,92.51,744.2,1.8,10,12.97,Bronze,East,Poor,2021-05-06,0,1
55.0,29.72,653.7,2.9,6,5.16,Silver,South,Poor,2021-12-07,0,1
37.4,44.09,502.1,1.4,6,9.38,Gold,North,Poor,2022-02-12,0,1
73.2,57.95,716.6,1.9,5,14.27,Silver,East,Average,2021-07-17,1,1
55.3,42.16,620.9,2.1,11,14.08,Bronze,East,Poor,2022-02-24,0,1
58.2,27.13,628.7,0.0,10,10.14,Bronze,South,Good,2022-02-06,1,1
59.7,30.58,625.8,0.1,5,15.24,Bronze,East,Average,2021-03-31,0,1
68.3,39.66,620.3,0.9,10,8.65,Gold,North,Poor,2020-02-14,0,1
58.9,63.21,561.5,2.1,13,15.18,Gold,North,Good,2021-03-10,1,1
,,548.1,4.2,4,12.25,Silver,North,Good,2020-06-06,0,1
55.9,69.02,728.6,0.5,7,4.63,Gold,West,Average,2020-07-31,0,1
65.5,86.72,590.9,2.0,7,31.65,Silver,North,Good,2021-03-14,1,1
48.8,,702.9,4.4,7,10.68,Gold,North,Good,2021-02-01,0,1
58.2,87.78,598.6,0.1,6,10.77,Silver,North,Poor,2021-11-04,1,1
35.7,58.2,680.9,1.8,8,9.4,Bronze,East,Poor,2021-07-26,0,1
100.6,47.15,737.9,3.1,7,27.51,Bronze,South,Average,2021-02-10,0,1
42.2,63.37,693.3,1.9,10,15.29,Silver,South,Average,2020-10-27,0,1
51.2,88.72,675.9,0.6,6,22.0,Silver,East,Average,2022-01-05,0,1
42.0,125.39,629.1,0.3,13,4.78,Silver,North,Poor,2020-06-20,1,1
70.9,50.69,620.6,1.3,12,6.03,Bronze,West,Good,2020-02-19,0,1
32.4,70.44,,10.6,6,13.01,Bronze,North,Good,2020-12-11,0,1
41.4,57.59,514.6,2.6,13,12.2,Bronze,North,Poor,2021-10-17,0,1
76.6,54.99,638.6,4.2,12,4.32,Silver,North,Average,2021-06-12,1,1
77.2,68.24,644.7,2.3,7,9.08,Silver,East,Poor,2021-12-07,0,1
47.4,53.15,627.4,0.2,1,2.27,Bronze,South,Good,2020-02-25,1,1
60.2,50.12,758.4,1.0,9,10.86,Gold,North,Good,2020-09-25,1,1
31.9,57.79,584.9,1.9,9,12.97,Bronze,East,Poor,2020-08-30,0,1
71.0,32.18,700.2,1.8,5,27.7,Bronze,North,Average,2020-12-01,0,1
46.7,86.37,603.3,1.0,10,33.02,Gold,South,Average,2020-11-08,0,1
37.5,70.14,794.1,1.7,8,21.58,Bronze,South,Good,2020-04-06,1,1
71.7,93.31,665.4,1.2,9,15.05,Silver,East,Good,2021-12-25,1,1
46.9,52.22,,3.5,6,6.96,Gold,East,Good,2020-04-19,0,1
44.3,60.68,585.5,0.1,10,9.08,Silver,East,Poor,2020-12-31,0,1
73.1,91.71,762.7,0.8,12,7.09,Bronze,South,Average,2021-01-12,0,1
31.0,88.0,657.6,2.3,7,10.73,Bronze,North,Average,2020-08-18,0,1
72.5,70.32,702.6,4.9,6,20.23,Silver,North,Average,2021-04-14,0,1
68.4,56.97,695.0,0.9,13,7.84,Bronze,East,Average,2021-01-05,0,1
71.7,26.23,679.6,0.3,13,37.59,Bronze,North,Poor,2022-02-15,0,1
59.1,56.93,508.6,0.1,6,17.47,Silver,West,Good,2021-06-22,0,1
86.1,,,2.0,5,13.31,Silver,East,Poor,2020-03-06,0,1
65.0,65.95,626.1,1.2,8,13.5,Gold,East,Poor,2021-05-16,0,1
68.8,41.24,693.1,1.5,7,4.07,Silver,South,Poor,2020-10-06,0,1
54.4,22.19,627.9,9.7,8,10.38,Bronze,North,Poor,2021-02-28,0,1
31.2,50.0,640.5,4.7,6,28.45,Bronze,West,Good,2021-06-27,0,1
67.1,67.58,580.8,4.4,5,23.08,Bronze,West,Average,2022-02-27,0,1
74.2,71.14,592.2,9.0,8,25.57,Silver,North,Average,2022-01-10,0,1
70.1,49.07,714.8,3.3,8,12.82,Platinum,North,Good,2021-10-15,0,1
57.8,39.2,658.3,0.7,2,8.27,Silver,West,Poor,2021-02-12,0,1
71.4,52.46,649.4,0.1,7,11.78,Bronze,East,Average,2020-02-18,0,1
59.8,65.92,594.8,0.3,8,17.2,Bronze,South,Average,2020-08-20,0,1
51.7,31.12,622.8,2.5,8,5.51,Bronze,East,Good,2020-01-15,0,1
30.5,87.2,633.9,7.4,7,23.0,Bronze,South,Good,2022-03-10,0,1
31.4,48.83,710.9,4.5,10,17.32,Bronze,East,Poor,2021-08-20,0,1
61.7,137.43,685.6,1.0,8,10.15,Bronze,East,Poor,2021-04-28,1,1
61.8,54.66,694.5,3.2,8,34.37,Bronze,North,Poor,2021-11-18,1,1
69.1,47.71,702.4,11.1,7,7.17,Silver,East,Average,2020-10-23,0,1
62.1,32.43,595.3,3.5,9,6.66,Bronze,North,Poor,2021-11-05,0,1
54.6,133.19,646.7,2.2,8,9.93,Bronze,South,Average,2021-09-13,0,1
54.8,104.94,624.0,7.5,5,14.2,Bronze,West,Average,2021-10-23,1,1
56.7,37.36,625.4,0.2,10,12.77,Gold,East,Poor,2020-03-10,0,1
41.9,125.77,701.6,1.6,8,12.05,Bronze,South,Average,2021-10-14,0,1
54.3,27.27,668.8,3.2,8,7.47,Silver,North,Average,2021-11-25,0,1
47.0,47.01,666.3,0.8,5,5.34,Silver,North,Poor,2021-12-25,1,1
79.8,89.07,689.6,3.5,7,19.58,Bronze,East,Average,2020-10-02,0,1
31.8,,708.6,0.3,8,27.01,Bronze,South,Poor,2020-02-19,1,1
69.3,42.03,623.1,5.8,10,11.42,Bronze,East,Average,2020-09-25,0,1
50.0,21.85,644.1,0.6,6,4.98,Bronze,South,Good,2021-11-13,0,1
71.3,110.66,660.8,0.9,7,5.67,Bronze,North,Poor,2021-09-24,1,1
39.1,86.61,529.8,1.2,3,10.96,Bronze,West,Poor,2020-06-08,1,1
19.7,39.15,690.6,0.5,7,3.58,Silver,South,Poor,2020-05-24,0,1
40.9,37.26,645.9,3.4,9,12.86,Platinum,South,Good,2020-12-29,1,1
46.1,53.08,512.1,0.7,5,8.31,Silver,West,Average,2020-09-03,0,1
53.4,63.05,569.0,2.6,1,6.27,Bronze,West,Good,2020-09-16,0,1
45.9,66.55,616.3,1.5,8,8.15,Silver,West,Good,2021-10-15,1,1
39.4,89.54,620.9,1.6,8,8.34,Bronze,North,Good,2020-06-28,0,1
76.0,30.52,725.6,4.7,9,8.08,Silver,East,Average,2020-01-26,0,1
57.1,80.58,617.4,0.6,11,16.59,Bronze,North,Average,2022-02-06,1,1
50.8,72.02,585.4,0.4,8,28.68,Gold,North,Average,2021-12-22,0,1
47.1,90.81,640.9,0.6,2,7.78,Silver,North,Good,2021-02-01,1,1
35.8,66.77,685.3,2.0,13,9.67,Silver,North,Average,2020-09-04,0,1
75.9,79.5,606.1,0.2,5,9.47,Silver,North,Average,2021-04-19,0,1
33.5,27.74,695.0,3.9,20,15.5,Silver,North,Poor,2021-05-14,0,1
71.8,77.52,,0.6,5,3.46,Gold,East,Good,2021-11-15,0,1
60.8,22.56,676.6,0.2,8,7.22,Bronze,North,Average,2021-03-31,0,1
75.3,48.92,,0.3,11,10.25,Gold,North,Average,2020-01-15,0,1
70.0,54.0,575.4,2.0,16,10.46,Gold,North,Average,2021-05-24,0,1
47.3,70.65,698.4,3.3,3,9.96,Bronze,East,Good,2022-02-10,1,1
47.0,64.72,705.2,0.6,8,5.28,Bronze,North,Good,2020-09-02,0,1
54.6,73.33,741.6,0.5,9,6.51,Gold,East,Good,2021-04-27,0,1
77.0,37.74,669.6,6.2,7,5.26,Silver,East,Poor,2020-12-20,1,1
55.0,105.66,686.2,12.0,7,6.63,Bronze,North,Poor,2020-07-01,1,1
49.4,92.46,645.5,0.1,12,10.42,Bronze,East,Average,2020-05-03,1,1
53.9,114.89,675.2,0.4,6,6.39,Bronze,North,Average,2020-09-08,0,1
67.0,68.93,615.2,0.7,6,16.95,Bronze,North,Poor,2020-04-29,1,1
34.7,89.57,662.5,0.3,7,5.33,Silver,East,Average,2021-10-10,1,1
51.1,36.26,715.4,2.9,3,6.62,Bronze,North,Average,2020-08-06,0,1
26.7,,688.8,6.2,9,15.59,Bronze,East,Average,2020-01-08,0,1
35.5,44.05,514.0,1.0,10,14.73,Gold,East,Good,2020-11-22,0,1
25.0,133.09,630.0,0.7,7,12.35,Bronze,North,Average,2022-02-20,1,1
33.0,93.62,672.3,6.4,9,12.96,Bronze,North,Poor,2022-01-21,0,1
49.4,23.61,629.6,2.6,6,7.42,Bronze,South,Average,2021-03-28,1,1
35.7,42.12,684.3,2.9,7,11.0,Bronze,North,Good,2020-08-03,0,1
43.3,35.5,684.3,5.3,4,18.74,Bronze,South,Good,2020-06-11,0,1
63.4,28.99,628.4,0.2,6,18.56,Gold,North,Average,2020-12-11,0,1
56.4,77.04,695.3,10.4,4,20.1,Bronze,West,Average,2021-04-23,1,1
36.4,173.43,625.8,2.5,13,11.07,Silver,South,Average,2020-07-16,0,1
56.9,73.77,706.6,0.9,8,11.38,Bronze,East,Average,2020-07-02,0,1
52.0,78.48,632.9,3.0,6,26.84,Bronze,North,Average,2021-03-20,1,1
56.6,25.75,547.0,3.6,7,3.38,Silver,East,Good,2021-11-18,0,1
50.7,57.09,725.4,2.4,14,11.91,Silver,North,Good,2021-04-15,0,1
57.5,22.7,626.3,5.9,9,13.46,Silver,East,Average,2021-02-27,0,1
43.8,24.98,563.7,0.2,11,15.55,Bronze,East,Average,2020-06-01,1,1
9.8,56.0,581.8,2.3,7,5.1,Silver,North,Average,2020-05-29,1,1
60.3,37.28,710.0,7.7,11,15.92,Bronze,West,Poor,2020-11-24,0,1
68.7,60.26,766.7,16.2,6,29.86,Bronze,North,Poor,2020-02-07,1,1
71.2,62.04,643.9,3.3,8,5.81,Bronze,North,Good,2020-04-27,0,1
68.5,43.58,584.5,6.0,5,10.84,Platinum,South,Good,2021-02-17,0,1
42.3,126.21,632.0,1.0,7,9.99,Silver,East,Average,2020-01-09,0,1
53.1,60.37,,2.2,7,17.17,Bronze,East,Poor,2021-06-15,1,1
64.5,52.05,661.4,2.1,4,9.79,Bronze,South,Average,2020-03-31,0,1
48.9,67.36,660.3,0.7,7,29.66,Bronze,North,Average,2020-09-01,0,1
,102.32,710.7,8.7,7,11.61,Gold,South,Good,2022-02-05,0,1
53.5,51.68,744.7,0.3,6,20.56,Bronze,South,Poor,2020-12-12,0,1
54.7,41.34,685.1,13.6,3,3.89,Silver,North,Average,2020-02-12,0,1
46.3,49.86,674.5,1.4,6,12.14,Bronze,East,Good,2020-11-15,0,1
52.5,62.0,735.1,9.0,4,13.06,Bronze,South,Good,2020-12-06,0,1
70.1,54.58,686.1,0.2,8,7.78,Silver,South,Average,2020-08-10,0,1
53.5,69.81,629.5,0.1,9,8.23,Platinum,North,Average,2020-12-16,0,1
21.3,16.17,705.3,1.8,8,11.07,Bronze,North,Good,2020-03-09,0,1
46.9,99.53,728.8,2.3,7,8.27,Silver,West,Poor,2022-02-19,0,1
95.2,53.59,725.2,0.5,7,5.09,Bronze,West,Good,2021-02-14,0,1
57.7,67.52,610.3,1.1,11,36.43,Silver,East,Average,2020-04-06,0,1
75.5,66.86,618.8,0.6,8,18.45,Gold,South,Average,2020-02-23,0,1
64.0,130.76,717.2,1.4,9,9.03,Platinum,North,Good,2021-04-13,0,1
67.3,39.69,549.1,5.6,9,7.44,Gold,East,Good,2020-11-24,1,1
54.8,31.06,727.8,5.8,7,10.23,Bronze,South,Poor,2022-01-28,0,1
35.3,46.22,734.7,4.7,8,23.6,Bronze,East,Average,2020-10-05,0,1
41.9,32.14,715.7,4.7,6,20.84,Silver,West,Average,2021-09-16,0,1
50.6,43.41,661.3,0.8,12,7.13,Gold,North,Poor,2022-01-19,0,1
39.0,57.44,648.8,5.3,12,21.81,Silver,North,Average,2021-12-27,0,1
53.7,73.17,678.9,4.0,11,14.24,Gold,South,Good,2020-02-13,0,1
42.7,,665.8,2.2,14,9.95,Bronze,North,Good,2021-09-10,0,1
35.8,72.67,740.4,0.7,8,9.77,Silver,South,Good,2022-01-31,1,1
51.1,86.48,619.3,1.8,13,22.36,Bronze,East,Poor,2021-10-23,0,1
37.4,44.92,618.0,1.0,4,17.28,Gold,South,Poor,2020-02-05,0,1
70.3,43.06,655.3,3.6,11,8.96,Gold,East,Average,2021-11-24,0,1
60.1,,728.6,4.1,10,10.49,Bronze,North,Average,2020-04-15,1,1
43.8,65.99,705.8,7.8,16,12.91,Bronze,North,Poor,2021-01-15,0,1
38.0,16.83,,5.8,8,30.46,Bronze,East,Average,2021-09-05,0,1
65.3,43.27,545.2,3.4,10,16.33,Platinum,South,Good,2021-08-19,0,1
48.7,,596.3,2.5,7,7.93,Silver,North,Average,2020-03-18,0,1
49.0,60.93,544.3,1.0,2,7.04,Bronze,North,Poor,2021-11-11,0,1
49.2,37.33,632.0,2.7,9,8.84,Bronze,East,Average,2020-07-06,0,1
23.8,46.74,644.3,0.7,9,22.97,Bronze,East,Average,2021-05-14,0,1
53.9,48.42,647.1,0.4,10,10.05,Bronze,South,Good,2021-07-19,0,1
61.7,137.01,666.9,2.3,7,6.57,Silver,East,Poor,2021-01-14,0,1
53.0,92.09,594.5,0.9,5,20.27,Platinum,North,Average,2021-03-09,1,1
36.2,19.58,550.8,1.7,9,13.05,Bronze,South,Poor,2021-05-18,0,1
54.2,108.07,629.9,2.9,8,8.08,Bronze,North,Poor,2020-08-12,0,1
40.9,,583.8,4.4,5,10.33,Bronze,West,Good,2021-11-02,1,1
55.2,66.43,,3.5,6,19.36,Bronze,West,Good,2021-09-18,0,1
73.4,20.68,622.6,0.7,8,20.36,Bronze,North,Good,2021-11-11,0,1
62.3,52.72,645.8,2.3,7,11.57,Bronze,North,Average,2021-01-06,1,1
73.4,33.22,527.8,0.3,5,3.48,Bronze,East,Average,2021-12-22,0,1
41.8,84.69,591.1,8.8,8,2.75,Bronze,East,Average,2020-06-14,0,1
78.3,50.89,611.6,0.5,8,7.72,Bronze,South,Poor,2020-05-02,0,1
73.6,,669.4,1.2,8,7.95,Silver,East,Good,2020-12-26,0,1
66.6,,549.1,0.4,3,14.63,Silver,North,Average,2020-08-13,0,1
44.2,37.78,575.9,0.3,6,24.2,Platinum,East,Average,2020-04-18,0,1
46.2,74.57,710.2,1.7,7,14.37,Bronze,North,Good,2020-11-27,0,1
57.7,87.38,668.5,0.4,10,18.97,Bronze,West,Good,2022-02-26,0,1
69.1,44.02,709.5,5.9,6,11.87,Bronze,South,Poor,2020-02-13,0,1
60.1,34.01,655.1,1.1,7,3.91,Bronze,East,Good,2021-04-03,0,1
67.1,66.11,706.4,1.8,6,21.38,Silver,East,Average,2020-01-27,1,1
67.8,64.5,667.4,0.0,11,5.87,Bronze,North,Poor,2020-06-01,0,1
47.0,67.54,708.7,1.4,4,23.78,Platinum,West,Poor,2020-01-11,1,1
71.7,47.48,619.2,0.4,5,11.11,Bronze,North,Average,2020-02-25,0,1
50.8,30.28,632.6,3.5,6,10.08,Bronze,East,Good,2021-02-24,1,1
83.2,45.6,726.4,0.7,9,8.3,Bronze,South,Poor,2022-01-26,1,1
76.7,,727.3,0.0,11,11.17,Bronze,West,Poor,2021-10-14,1,1
35.3,63.27,693.3,1.3,5,17.48,Bronze,North,Poor,2020-09-14,0,1
53.0,54.23,658.2,1.5,6,8.75,Gold,North,Poor,2021-01-25,0,1
35.1,45.0,650.5,4.7,7,20.31,Platinum,South,Good,2021-12-01,0,1
36.0,49.51,648.0,3.8,14,7.67,Bronze,South,Good,2022-01-07,0,1
53.9,38.57,670.4,12.1,11,18.19,Bronze,East,Average,2020-04-26,0,1
55.8,39.94,611.4,0.3,12,11.02,Gold,East,Poor,2020-04-25,0,1
59.6,118.14,689.4,1.2,9,23.55,Bronze,North,Average,2022-01-10,0,1
36.1,45.65,635.7,4.1,7,24.59,Silver,East,Average,2021-07-19,0,1
70.5,40.97,599.8,6.1,8,7.45,Gold,East,Good,2020-12-02,0,1
56.7,51.82,616.6,1.8,9,32.18,Bronze,North,Good,2021-05-11,0,1
25.8,81.46,679.2,0.4,3,18.72,Bronze,East,Poor,2020-11-17,0,1
51.9,53.35,639.8,1.1,6,9.41,Gold,East,Average,2021-07-10,0,1
75.8,19.56,528.2,0.8,7,5.06,Platinum,North,Poor,2021-01-21,0,1
55.3,50.29,596.3,0.6,4,6.83,Bronze,North,Good,2020-04-26,0,1
58.9,29.35,760.2,0.8,7,17.35,Gold,West,Average,2020-10-02,0,1
44.7,133.54,568.6,0.7,12,14.05,Bronze,South,Good,2021-11-26,0,1
55.4,34.24,629.9,8.1,8,15.47,Bronze,North,Poor,2021-10-31,0,1
86.5,37.92,,3.7,4,2.19,Gold,South,Good,2021-11-29,0,1
30.5,50.13,823.4,9.3,7,9.48,Bronze,West,Average,2021-06-03,0,1
61.0,106.11,675.2,2.7,7,13.08,Silver,South,Average,2020-08-06,0,1
42.2,68.11,682.2,0.7,8,27.59,Platinum,East,Average,2020-07-05,0,1
55.6,66.47,652.1,0.2,7,4.61,Silver,North,Average,2020-07-16,0,1
68.1,56.2,522.2,0.2,4,7.19,Bronze,West,Good,2021-08-25,0,1
47.9,39.9,675.9,2.0,10,12.31,Bronze,South,Poor,2021-12-13,0,1
26.9,37.53,666.0,1.2,9,29.99,Bronze,East,Average,2021-07-09,0,1
60.3,54.85,663.5,0.4,4,23.98,Platinum,West,Average,2021-09-25,1,1
24.3,84.01,697.9,0.0,7,16.56,Bronze,East,Good,2021-11-01,1,1
,97.19,598.4,4.5,10,29.35,Bronze,East,Average,2020-03-07,1,1
44.8,46.99,624.7,2.9,11,24.55,Bronze,South,Poor,2021-11-29,0,1
62.4,48.57,644.9,3.0,8,5.9,Gold,North,Poor,2021-07-18,0,1
60.3,60.21,586.6,3.6,9,19.25,Gold,North,Average,2020-02-03,0,1
60.9,68.84,,7.2,6,9.4,Bronze,East,Average,2020-05-09,1,1
67.6,40.86,593.1,13.0,2,13.41,Gold,North,Poor,2020-08-16,0,1
60.8,69.31,667.0,1.7,9,5.27,Bronze,East,Average,2021-08-26,0,1
47.5,49.72,526.0,2.0,12,11.32,Silver,North,Good,2021-09-22,1,1
77.4,58.7,591.9,1.4,7,20.84,Gold,North,Average,2021-09-27,0,1
63.6,135.28,630.6,2.3,7,17.3,Bronze,South,Average,2020-03-07,0,1
44.0,132.85,,2.2,7,9.67,Bronze,West,Average,2020-11-08,0,1
35.9,50.72,630.3,0.5,8,26.17,Gold,South,Good,2022-03-06,0,1
49.8,50.89,696.0,4.3,6,5.2,Bronze,East,Average,2020-08-12,0,1
37.7,42.88,591.3,0.9,7,10.99,Bronze,North,Poor,2020-02-11,0,1
65.2,22.7,637.8,1.1,5,44.34,Silver,North,Average,2021-05-05,0,1
47.0,75.29,521.6,3.0,7,25.32,Bronze,South,Average,2022-02-11,0,1
54.7,30.82,664.7,2.5,5,12.51,Bronze,North,Poor,2020-05-05,0,1
61.4,45.08,639.6,0.3,11,5.49,Platinum,North,Poor,2020-02-16,0,1
68.6,46.68,545.8,1.0,9,25.94,Bronze,North,Poor,2020-06-23,0,1
23.7,44.28,637.7,0.5,5,21.77,Bronze,East,Poor,2021-12-28,1,1
65.5,28.33,626.3,4.3,9,11.26,Bronze,North,Good,2020-06-16,0,1
55.1,84.09,736.1,3.5,10,5.18,Silver,South,Average,2021-02-04,0,1
37.8,61.75,631.8,1.4,5,23.87,Gold,South,Poor,2021-11-20,1,1
31.4,73.74,684.0,0.1,9,17.41,Silver,East,Average,2021-03-23,0,1
,127.92,725.1,4.5,10,12.68,Bronze,East,Good,2021-07-20,0,1
62.8,46.86,686.7,1.1,8,25.27,Bronze,North,Average,2021-12-12,0,1
61.9,43.56,630.1,2.6,7,9.03,Gold,North,Average,2021-03-21,0,1
72.3,57.8,632.6,4.5,11,11.33,Gold,South,Average,2020-03-30,0,1
58.2,41.89,581.3,1.7,8,7.89,Bronze,West,Poor,2021-07-27,1,1
69.9,41.04,,1.8,6,7.58,Gold,East,Poor,2021-06-18,0,1
78.9,72.16,685.3,3.3,4,5.53,Silver,North,Poor,2020-05-09,0,1
43.2,83.21,579.7,0.8,12,13.17,Gold,East,Average,2021-06-24,0,1
9.4,68.48,715.2,6.3,11,6.6,Bronze,East,Good,2020-02-16,0,1
49.9,36.39,581.9,0.2,3,2.99,Bronze,South,Average,2021-10-09,0,1
49.1,23.62,,1.1,14,20.33,Gold,East,Poor,2020-01-20,0,1
43.7,233.04,709.1,9.8,12,7.9,Bronze,East,Poor,2021-03-31,1,1
27.8,49.52,694.8,5.6,7,8.63,Silver,East,Poor,2021-09-12,0,1
48.0,34.6,,4.6,7,26.85,Silver,North,Average,2021-01-22,0,1
53.9,74.34,708.7,6.7,9,10.56,Bronze,North,Average,2021-09-29,0,1
45.7,63.15,527.4,1.2,6,15.7,Bronze,East,Poor,2021-03-11,0,1
69.5,57.65,612.7,1.0,10,6.13,Gold,North,Average,2020-01-22,0,1
78.3,54.16,666.4,3.0,10,13.68,Gold,North,Poor,2021-12-13,0,1
68.9,90.8,649.3,0.2,8,9.38,Silver,South,Average,2021-07-01,0,1
36.8,40.65,636.4,0.3,9,17.48,Gold,South,Average,2020-03-13,0,1
33.4,54.79,672.0,0.5,9,14.46,Gold,North,Poor,2020-03-27,0,1
52.4,46.39,588.3,1.5,10,2.76,Bronze,North,Poor,2020-12-24,0,1
53.3,,772.7,1.2,6,11.48,Bronze,East,Average,2020-08-13,0,1
38.9,69.43,722.1,0.5,7,16.02,Silver,South,Poor,2021-04-27,0,1
43.3,40.92,621.4,3.5,5,21.24,Gold,North,Average,2022-02-21,0,1
41.1,55.09,641.4,0.3,8,23.49,Silver,South,Good,2020-01-03,0,1
52.3,34.96,608.9,0.7,4,18.32,Bronze,North,Average,2020-04-28,1,1
28.3,107.07,582.7,1.8,8,5.73,Platinum,West,Average,2021-08-16,0,1
39.9,40.77,608.9,0.0,6,5.11,Platinum,North,Poor,2020-10-11,1,1
79.8,38.56,579.0,0.4,9,6.11,Platinum,East,Good,2020-10-07,1,1
59.9,29.55,683.5,0.8,5,7.41,Gold,West,Good,2020-04-14,0,1
57.3,64.78,614.5,4.7,6,6.9,Bronze,West,Good,2021-08-02,1,1
36.9,51.44,591.7,3.0,10,35.1,Gold,South,Poor,2020-03-23,1,1
59.7,48.38,634.0,3.8,15,10.33,Bronze,North,Average,2022-02-17,0,1
51.4,39.09,633.2,15.2,10,12.36,Platinum,North,Good,2020-01-20,0,1
69.2,41.11,,1.1,10,10.04,Gold,North,Average,2021-08-05,0,1
48.7,68.47,608.0,6.8,9,13.37,Platinum,East,Average,2020-10-21,0,1
53.5,17.02,661.7,3.2,2,6.21,Bronze,North,Good,2020-03-05,0,1
54.8,69.5,645.2,5.1,3,14.68,Bronze,East,Good,2021-01-08,0,1
57.3,60.29,684.9,1.7,8,10.21,Bronze,East,Poor,2021-04-07,0,1
39.8,47.5,651.3,2.6,9,13.28,Gold,North,Average,2020-06-09,1,1
37.6,72.25,654.8,4.3,10,8.34,Silver,South,Average,2021-01-17,0,1
33.0,82.77,511.4,3.4,10,6.01,Bronze,South,Average,2020-06-12,0,1
58.7,25.0,612.4,0.2,6,9.48,Silver,South,Poor,2021-07-06,0,1
55.0,32.65,713.5,0.7,10,12.27,Bronze,North,Average,2021-10-16,0,1
71.2,24.9,661.8,5.6,7,9.98,Bronze,West,Poor,2021-07-12,0,1
44.9,52.46,,2.3,6,12.76,Gold,West,Good,2020-03-15,0,1
45.7,73.06,548.9,7.8,14,13.13,Bronze,East,Average,2021-06-18,0,1
54.6,135.9,697.7,0.5,6,7.89,Bronze,North,Poor,2020-06-12,1,1
67.8,40.85,641.5,0.4,9,11.25,Bronze,North,Good,2021-05-29,0,1
41.2,25.08,775.0,3.1,7,8.22,Silver,East,Poor,2021-12-09,1,1
24.4,,697.1,4.5,9,10.73,Silver,West,Good,2021-10-28,0,1
81.7,36.01,614.2,1.2,5,22.09,Bronze,North,Poor,2020-09-02,0,1
74.8,84.61,727.9,3.3,5,12.08,Bronze,South,Good,2020-01-02,0,1
26.7,,518.7,9.0,12,29.71,Bronze,East,Average,2020-10-14,0,1
52.1,79.13,694.0,1.9,11,6.23,Silver,East,Good,2021-12-24,1,1
54.2,44.57,620.7,0.9,7,7.6,Bronze,South,Poor,2022-02-18,0,1
43.5,49.75,586.3,7.0,9,15.96,Gold,East,Poor,2022-02-20,0,1
48.7,57.38,664.1,0.1,7,3.48,Gold,North,Average,2020-06-10,0,1
68.4,21.58,472.0,2.2,8,25.04,Gold,East,Average,2020-10-22,0,1
39.0,49.42,589.4,2.0,13,8.65,Gold,South,Good,2021-08-09,1,1
87.0,,659.6,4.9,6,5.66,Gold,South,Poor,2020-12-08,0,1
37.8,63.96,611.0,0.9,8,25.71,Bronze,North,Good,2022-02-23,0,1
33.8,98.03,709.2,2.4,8,14.49,Silver,West,Average,2021-08-27,0,1
55.2,32.77,633.5,3.2,7,13.57,Gold,North,Poor,2021-11-09,0,1
29.9,60.28,759.5,6.7,3,17.48,Silver,East,Poor,2020-09-30,1,1
45.7,71.67,792.4,5.3,9,4.09,Silver,North,Good,2020-01-16,1,1
48.0,30.95,641.0,6.9,5,28.21,Bronze,East,Good,2021-06-22,1,1
45.6,49.83,566.7,0.8,6,19.25,Bronze,North,Poor,2021-08-24,0,1
57.4,92.4,547.9,9.5,8,7.37,Silver,East,Good,2020-09-05,0,1
56.3,42.46,630.2,0.1,5,5.11,Bronze,North,Poor,2021-02-03,0,1
50.3,72.37,524.0,0.6,8,19.59,Bronze,North,Average,2020-07-26,0,1
89.6,27.09,671.0,0.7,6,5.66,Bronze,South,Average,2021-10-06,0,1
50.8,103.96,686.2,0.2,5,11.79,Gold,East,Average,2020-11-23,0,1
19.4,79.43,697.9,0.2,10,11.84,Silver,North,Good,2021-04-28,1,1
50.0,58.3,634.7,2.0,9,28.74,Bronze,South,Poor,2021-08-12,0,1
42.7,24.53,684.6,0.7,5,10.6,Silver,East,Good,2021-04-21,0,1
25.1,74.88,693.5,3.7,4,28.48,Bronze,North,Poor,2020-09-23,1,1
36.2,26.64,692.3,1.0,4,7.23,Platinum,East,Good,2020-06-03,0,1
37.5,,644.2,7.8,5,12.55,Bronze,South,Good,2021-01-04,0,1
38.7,123.48,751.6,5.0,11,8.25,Silver,North,Good,2021-03-17,1,1
68.7,71.03,679.7,3.0,4,21.83,Gold,East,Average,2021-01-29,0,1
45.8,57.15,522.2,0.6,7,5.34,Silver,West,Poor,2022-01-09,0,1
61.8,44.73,631.2,1.4,7,3.56,Bronze,East,Average,2020-09-29,0,1
39.4,29.49,574.1,2.2,7,113.03,Platinum,North,Good,2021-02-14,0,1
64.1,29.69,652.2,9.0,3,12.42,Silver,South,Good,2021-06-28,0,1
35.8,,692.0,1.8,7,16.08,Bronze,North,Average,2021-07-12,1,1
72.4,116.61,610.5,2.4,8,13.95,Bronze,North,Good,2021-10-07,1,1
59.4,64.45,637.1,1.8,10,3.85,Gold,East,Poor,2021-05-22,0,1
37.8,54.38,576.9,4.4,8,5.05,Bronze,East,Good,2021-05-24,1,1
44.6,42.51,631.7,2.1,5,21.13,Bronze,South,Average,2021-03-10,0,1
86.3,83.55,538.5,3.3,11,31.97,Bronze,East,Good,2020-11-04,0,1
49.1,46.92,633.1,0.2,7,21.65,Platinum,East,Good,2020-02-25,0,1
57.5,122.62,552.2,1.6,5,20.53,Silver,North,Poor,2020-08-28,0,1
46.1,45.05,688.8,0.3,7,20.36,Bronze,East,Poor,2021-02-05,1,1
39.7,14.59,602.0,2.1,8,3.8,Silver,South,Poor,2021-09-08,1,1
47.4,42.28,704.1,0.8,10,9.25,Silver,North,Good,2020-08-14,0,1
56.3,86.56,706.4,8.5,6,9.92,Gold,South,Poor,2021-07-26,1,1
51.5,58.01,649.6,2.5,7,13.8,Bronze,East,Average,2021-07-14,0,1
75.6,22.73,711.7,8.5,7,10.43,Bronze,East,Poor,2021-08-13,0,1
47.0,46.03,636.5,1.6,11,19.54,Silver,East,Poor,2021-02-03,0,1
83.6,35.45,654.8,2.8,15,11.52,Silver,East,Good,2021-12-02,0,1
79.8,134.53,639.7,1.2,5,9.18,Silver,East,Good,2021-03-19,1,1
,86.77,615.7,2.6,9,37.45,Silver,North,Average,2020-02-04,0,1
48.8,,605.6,0.3,7,9.24,Silver,East,Average,2021-07-06,0,1
61.3,146.58,603.9,6.0,12,14.14,Silver,North,Poor,2020-09-23,1,1
55.2,47.15,732.4,0.5,10,4.36,Bronze,South,Poor,2021-02-26,0,1
51.2,71.69,662.4,1.5,11,33.18,Platinum,South,Good,2021-04-16,0,1
32.6,44.16,552.2,0.6,4,19.7,Bronze,North,Average,2021-06-06,0,1
39.2,105.52,639.2,7.0,8,25.28,Bronze,East,Average,2020-12-30,0,1
58.0,105.17,735.2,0.9,11,15.12,Bronze,North,Average,2021-01-06,0,1
51.8,85.74,660.3,0.2,5,20.93,Bronze,South,Good,2020-03-15,1,1
61.1,62.9,,0.9,4,16.96,Silver,North,Good,2021-05-02,0,1
65.2,61.1,583.0,1.7,10,10.74,Silver,West,Average,2022-02-10,0,1
67.6,51.11,694.7,0.5,8,12.61,Bronze,South,Good,2021-07-04,0,1
32.3,55.51,624.7,3.4,6,15.11,Silver,North,Good,2021-11-22,0,1
70.7,101.91,532.8,4.1,11,6.93,Gold,East,Average,2021-06-05,0,1
38.7,73.61,576.9,7.2,6,11.94,Silver,East,Poor,2022-01-30,0,1
70.9,18.44,701.2,6.0,5,18.5,Bronze,North,Average,2021-07-17,0,1
66.7,99.21,663.4,1.2,10,26.34,Platinum,North,Average,2021-12-02,1,1
49.1,90.56,639.3,4.1,12,36.78,Bronze,North,Good,2020-01-20,0,1
66.3,172.06,698.2,1.9,6,4.82,Bronze,North,Average,2020-10-15,0,1
92.9,54.74,739.9,0.8,9,11.04,Bronze,North,Poor,2021-11-29,0,1
71.6,35.43,627.7,0.7,9,5.08,Bronze,South,Poor,2021-02-01,0,1
71.3,38.69,552.3,2.2,4,10.64,Bronze,South,Average,2020-12-11,1,1
39.3,62.82,804.5,2.1,7,5.55,Bronze,East,Poor,2021-06-23,1,1
63.5,22.83,631.6,14.8,8,27.85,Silver,West,Average,2020-03-06,0,1
61.4,51.4,658.6,8.4,13,17.52,Silver,South,Good,2020-06-15,0,1
48.2,70.11,648.1,4.0,7,6.93,Silver,East,Poor,2021-11-07,0,1
39.3,58.21,,6.1,8,19.61,Silver,East,Average,2021-04-14,1,1
64.7,43.65,585.0,1.4,9,20.73,Bronze,East,Average,2020-09-01,0,1
48.5,53.41,760.8,11.3,9,12.71,Gold,South,Poor,2021-09-23,0,1
63.5,37.74,642.9,4.2,11,20.15,Gold,East,Average,2020-09-06,1,1
30.3,43.1,769.1,1.4,2,13.01,Silver,East,Poor,2022-02-03,0,1
48.7,42.81,698.4,1.4,8,17.04,Silver,West,Poor,2020-03-20,0,1
64.8,17.35,590.8,3.4,6,16.97,Silver,West,Good,2020-04-21,1,1
44.6,75.66,659.3,2.4,6,24.18,Bronze,East,Good,2020-11-21,0,1
46.2,53.15,674.0,1.2,10,14.16,Bronze,East,Poor,2020-03-20,0,1
57.4,72.38,660.7,1.6,7,8.15,Silver,South,Poor,2021-04-30,1,1
56.2,61.98,611.2,3.3,6,6.48,Gold,East,Good,2021-12-18,1,1
56.9,84.56,629.3,2.0,9,4.61,Bronze,South,Average,2020-04-05,1,1
53.7,67.54,639.1,4.5,8,19.15,Bronze,East,Good,2020-02-20,1,1
49.1,43.87,668.3,0.9,6,13.36,Bronze,East,Good,2021-02-25,0,1
67.6,84.83,626.2,0.8,5,8.61,Bronze,South,Good,2021-07-20,0,1
44.2,92.58,643.4,2.4,10,6.54,Bronze,East,Good,2020-01-24,0,1
56.1,50.89,591.3,3.9,9,19.47,Bronze,South,Poor,2020-03-19,0,1
71.4,33.7,684.5,0.6,3,26.89,Bronze,South,Average,2021-04-27,0,1
75.7,102.86,584.7,3.0,7,7.76,Bronze,North,Poor,2020-06-28,0,1
57.0,29.42,663.3,5.1,6,18.39,Gold,West,Poor,2020-08-12,0,1
36.6,62.2,749.1,0.7,6,13.25,Silver,North,Good,2021-03-05,0,1
76.8,17.11,743.6,12.2,10,14.44,Silver,South,Poor,2020-02-29,1,1
43.6,51.86,556.1,1.6,4,10.65,Silver,East,Average,2021-08-03,0,1
37.7,28.94,583.2,0.0,10,22.38,Gold,North,Good,2020-09-07,0,1
74.9,117.86,549.4,3.4,9,11.47,Silver,East,Poor,2020-01-08,1,1
34.5,27.14,580.1,0.4,8,17.98,Bronze,East,Average,2020-03-02,0,1
61.4,111.16,735.6,1.0,8,5.9,Gold,North,Poor,2020-07-12,1,1
41.1,48.82,652.4,2.2,5,5.02,Bronze,North,Good,2021-08-19,0,1
41.0,50.69,664.6,0.3,11,13.36,Platinum,North,Average,2021-03-24,1,1
49.8,76.71,666.8,0.0,8,14.63,Bronze,West,Poor,2021-01-01,0,1
60.1,80.66,721.0,0.7,11,8.45,Bronze,South,Average,2021-11-25,0,1
55.1,35.0,697.9,2.4,13,9.38,Silver,South,Average,2021-03-23,0,1
73.8,20.56,522.0,2.4,6,30.82,Bronze,South,Good,2020-01-31,0,1
65.7,66.89,679.7,1.6,3,4.03,Bronze,West,Good,2021-05-08,0,1
53.2,72.12,640.5,6.4,9,21.65,Bronze,South,Average,2021-12-25,0,1
80.0,23.2,585.9,0.5,10,9.76,Gold,East,Poor,2021-09-16,1,1
29.8,47.9,699.7,6.2,11,9.43,Silver,East,Poor,2021-04-05,0,1
61.6,76.35,704.2,5.0,7,10.81,Bronze,North,Average,2022-01-08,1,1
20.8,47.48,,1.9,4,18.58,Bronze,East,Good,2022-01-23,0,1
57.2,24.72,653.2,5.9,10,16.95,Gold,North,Poor,2021-01-11,1,1
64.0,29.55,587.9,1.7,11,11.78,Bronze,South,Poor,2021-10-09,0,1
43.9,18.68,717.3,0.5,10,4.21,Gold,North,Good,2021-08-08,0,1
73.4,134.31,582.0,0.9,6,9.84,Silver,East,Average,2020-10-26,1,1
57.9,109.85,,0.0,5,6.92,Silver,East,Poor,2020-11-29,0,1
58.7,55.31,761.9,3.0,8,14.0,Silver,North,Good,2020-01-11,0,1
40.0,81.3,617.4,0.1,5,23.94,Silver,East,Average,2021-05-29,1,1
66.0,29.18,616.7,1.9,5,11.6,Platinum,East,Poor,2022-03-05,1,1
64.6,110.55,595.6,1.0,6,15.98,Bronze,North,Average,2020-01-23,1,1
82.7,26.51,635.8,7.7,4,3.57,Bronze,East,Average,2020-11-07,1,1
51.2,44.27,569.1,1.5,11,18.34,Gold,East,Poor,2020-09-03,0,1
58.1,39.39,714.4,0.0,6,7.36,Bronze,North,Good,2020-12-17,0,1
59.3,105.69,681.8,7.5,6,15.85,Gold,North,Good,2020-08-19,0,1
56.2,41.74,672.0,0.7,7,18.04,Gold,East,Good,2021-03-31,0,1
46.8,45.71,546.6,1.1,7,8.84,Bronze,West,Good,2020-02-13,0,1
,69.45,568.3,0.3,9,14.49,Silver,East,Poor,2021-01-18,1,1
41.2,78.89,,21.0,5,5.84,Silver,East,Good,2020-02-24,1,1
49.2,94.0,703.8,3.5,16,4.18,Silver,East,Average,2022-03-07,0,1
85.8,25.96,625.6,0.9,9,44.45,Silver,North,Poor,2020-03-27,0,1
46.4,85.38,599.5,0.1,11,9.81,Bronze,South,Poor,2020-03-28,1,1
29.2,46.01,627.8,1.5,8,7.02,Silver,West,Average,2020-05-21,1,1
27.4,131.74,726.9,2.3,4,6.6,Bronze,South,Poor,2020-03-26,1,1
49.8,37.83,587.2,0.3,8,6.08,Bronze,South,Average,2020-06-06,0,1
31.6,62.69,600.7,9.1,7,16.66,Gold,East,Average,2020-11-22,0,1
68.1,105.59,600.1,2.0,9,15.24,Silver,North,Average,2021-11-04,0,1
59.1,23.53,703.4,0.5,5,13.82,Silver,South,Poor,2020-05-04,0,1
70.3,77.26,,2.4,6,17.25,Silver,East,Good,2020-08-29,1,1
77.6,23.37,642.5,0.6,11,16.54,Silver,South,Poor,2020-04-01,0,1
71.9,83.46,664.2,5.3,8,59.01,Bronze,North,Average,2020-05-16,1,1
64.6,90.23,593.5,0.5,8,15.25,Gold,East,Poor,2020-11-15,0,1
52.4,52.33,551.2,1.2,6,15.87,Silver,North,Poor,2021-02-25,0,1
,64.09,644.9,6.6,6,7.56,Bronze,North,Good,2020-11-05,0,1
57.3,99.91,692.9,3.1,13,8.04,Silver,North,Poor,2021-08-01,1,1
53.6,48.5,614.9,10.1,6,2.21,Gold,North,Average,2020-11-20,0,1
64.8,84.21,617.0,2.4,5,3.12,Silver,South,Average,2020-01-28,0,1
70.4,43.28,682.3,14.7,2,26.95,Silver,North,Average,2020-02-16,0,1
71.8,41.83,727.3,0.9,12,10.53,Bronze,East,Average,2020-03-12,0,1
37.7,40.45,743.1,0.7,5,4.93,Silver,East,Good,2020-03-08,1,1
46.5,58.22,595.3,2.1,10,11.34,Bronze,North,Average,2021-07-07,0,1
87.7,173.55,674.5,1.1,4,6.59,Silver,North,Poor,2021-06-18,1,1
61.6,67.55,617.0,5.1,7,12.62,Platinum,East,Average,2020-01-03,1,1
76.2,50.03,642.7,3.6,10,9.32,Silver,East,Good,2021-06-15,0,1
44.9,75.5,687.1,0.9,11,15.04,Gold,North,Poor,2021-04-15,0,1
86.3,82.58,,2.7,10,8.24,Bronze,North,Good,2020-11-09,0,1
59.7,56.94,749.8,0.2,4,6.6,Silver,South,Poor,2021-09-12,0,1
59.8,49.87,686.1,0.8,10,15.38,Bronze,East,Poor,2020-10-11,0,1
74.6,69.44,,4.0,11,13.87,Bronze,North,Good,2021-10-19,0,1
40.3,45.11,645.8,0.3,8,12.06,Bronze,South,Average,2022-02-23,0,1
60.8,,,7.3,7,14.85,Platinum,North,Poor,2021-07-21,1,1
49.5,70.71,613.3,2.5,6,6.89,Silver,South,Average,2020-11-21,1,1
73.8,32.71,663.6,0.1,8,3.66,Bronze,North,Poor,2021-05-10,1,1
51.5,50.85,564.3,6.1,9,12.57,Bronze,South,Good,2021-06-17,0,1
60.4,86.34,668.6,1.4,13,27.14,Bronze,East,Average,2020-02-13,0,1
41.7,40.02,549.1,9.0,8,8.78,Silver,North,Average,2021-10-05,0,1
43.7,35.27,655.6,3.8,9,7.74,Silver,North,Good,2020-08-14,0,1
54.5,19.99,729.9,0.5,4,8.52,Silver,North,Average,2020-08-25,0,1
60.2,61.97,644.2,1.1,6,6.84,Silver,North,Average,2021-05-14,0,1
52.5,18.32,599.0,9.0,7,10.72,Bronze,East,Good,2022-01-05,0,1
48.9,,623.2,1.6,10,16.84,Bronze,East,Average,2021-08-22,0,1
69.2,23.48,633.2,3.0,9,5.09,Silver,West,Good,2021-09-13,0,1
47.6,51.93,537.5,1.9,3,29.63,Bronze,North,Average,2021-08-03,0,1
42.0,58.47,646.1,4.7,10,18.39,Bronze,South,Average,2020-12-08,0,1
40.0,57.51,651.0,0.6,8,7.46,Bronze,South,Average,2022-01-25,0,1
55.5,50.48,601.4,11.4,7,17.34,Bronze,East,Average,2020-07-22,0,1
82.3,39.06,784.0,3.3,11,16.24,Gold,West,Good,2021-07-05,1,1
33.5,69.87,601.7,6.7,6,8.54,Bronze,North,Good,2020-10-08,0,1
41.0,,672.4,0.0,7,7.14,Silver,South,Poor,2021-08-16,1,1
49.2,45.38,605.7,3.5,8,10.69,Gold,North,Average,2020-10-29,0,1
56.3,105.06,654.4,0.1,7,1.74,Bronze,North,Average,2021-05-12,0,1
86.4,77.17,675.4,2.4,13,15.07,Silver,South,Average,2021-03-09,0,1
44.7,139.57,683.8,1.1,11,35.3,Gold,North,Average,2020-07-06,1,1
55.4,,802.4,0.5,6,18.81,Bronze,South,Average,2022-01-10,0,1
56.3,47.0,600.1,6.0,8,10.19,Silver,East,Good,2021-11-01,1,1
52.6,35.56,649.0,10.4,5,10.65,Bronze,South,Poor,2021-07-17,0,1
47.3,20.25,680.1,0.8,5,17.89,Gold,East,Good,2022-03-06,0,1
39.4,40.84,682.6,2.9,11,8.63,Silver,North,Poor,2020-06-15,0,1
60.5,50.64,689.2,0.9,9,14.05,Bronze,North,Poor,2021-03-21,1,1
27.6,44.81,622.9,0.9,8,7.65,Bronze,North,Average,2021-04-22,0,1
64.4,42.08,631.4,3.3,9,12.22,Bronze,East,Average,2022-01-10,0,1
66.7,44.1,714.8,0.3,13,7.9,Platinum,North,Average,2020-09-08,0,1
31.3,45.13,671.8,1.5,6,11.13,Gold,North,Good,2021-01-11,1,1
80.0,51.53,671.1,0.7,10,27.47,Bronze,North,Average,2020-04-12,0,1
70.4,55.3,679.2,1.7,9,12.94,Silver,South,Good,2021-12-17,0,1
37.5,57.68,717.5,7.3,5,8.87,Silver,East,Average,2020-08-18,1,1
55.7,,673.3,1.7,4,12.4,Platinum,West,Good,2021-05-24,0,1
43.2,130.04,707.7,0.5,9,10.1,Bronze,South,Poor,2021-10-13,0,1
21.2,121.11,606.6,0.8,7,18.37,Bronze,North,Average,2022-01-29,1,1
23.1,26.57,616.2,4.8,8,20.61,Silver,South,Poor,2020-03-18,0,1
77.1,31.13,733.5,3.2,8,4.95,Bronze,South,Poor,2021-06-16,0,1
42.3,58.5,758.0,2.3,12,13.4,Bronze,West,Poor,2020-03-12,0,1
54.6,32.23,782.1,0.0,15,28.22,Bronze,West,Average,2020-08-20,0,1
57.0,107.64,643.0,1.4,10,6.8,Silver,East,Poor,2020-05-13,0,1
36.1,69.9,588.4,15.6,9,9.39,Bronze,South,Poor,2022-02-28,1,1
39.0,53.35,601.1,3.4,8,11.59,Bronze,East,Average,2020-12-25,1,1
36.7,31.96,531.1,1.9,10,21.38,Bronze,South,Average,2022-01-09,1,1
50.4,40.04,578.1,1.3,9,15.15,Bronze,East,Good,2021-10-13,0,1
51.7,33.62,624.5,1.1,7,14.56,Bronze,East,Average,2020-07-28,0,1
28.9,137.32,608.7,0.3,6,12.63,Bronze,North,Good,2020-05-08,0,1
55.8,30.86,673.1,1.7,4,5.97,Bronze,East,Average,2020-09-12,1,1
52.1,34.41,756.9,1.3,9,4.44,Silver,South,Average,2021-09-13,1,1
49.3,50.57,641.3,0.6,5,10.94,Bronze,East,Average,2021-06-21,0,1
65.4,41.41,,0.2,8,7.94,Bronze,North,Average,2021-04-18,0,1
56.3,62.02,665.7,2.6,13,10.56,Bronze,East,Average,2021-04-30,0,1
78.9,49.94,676.2,7.7,16,20.25,Silver,North,Average,2020-01-17,0,1
71.3,68.02,607.7,3.7,8,20.84,Silver,North,Good,2021-12-21,0,1
44.0,97.97,692.1,0.2,9,6.98,Bronze,North,Average,2021-02-26,0,1
46.0,161.24,699.8,0.7,4,21.79,Silver,East,Good,2021-03-26,0,1
74.2,56.89,539.5,5.3,9,40.42,Bronze,East,Good,2021-09-03,0,1
63.6,41.32,671.1,0.3,8,7.81,Bronze,North,Good,2020-06-17,1,1
32.8,69.35,682.0,4.3,8,1.59,Bronze,North,Good,2022-01-16,0,1
41.6,97.86,694.6,1.9,13,53.26,Silver,North,Poor,2021-05-30,1,1
73.5,90.37,686.5,3.5,7,18.88,Gold,North,Poor,2020-12-20,1,1
56.9,117.2,574.5,4.4,7,10.86,Bronze,South,Average,2021-07-14,0,1
53.3,53.06,590.2,1.7,7,5.42,Silver,East,Good,2022-01-29,0,1
70.6,44.89,617.5,0.0,12,9.34,Gold,North,Good,2021-12-02,0,1
50.5,60.08,712.4,0.5,10,10.29,Gold,North,Average,2021-10-22,0,1
56.8,95.02,630.2,3.3,11,25.52,Silver,North,Poor,2021-12-13,0,1
66.7,34.7,602.5,3.8,7,2.89,Gold,North,Average,2020-08-13,0,1
65.4,30.92,538.3,2.4,9,10.01,Gold,North,Average,2021-03-04,0,1
60.0,53.3,643.6,3.8,12,21.23,Bronze,North,Good,2020-04-18,0,1
54.2,39.33,724.7,3.1,11,5.85,Bronze,West,Average,2020-06-20,0,1
76.3,34.47,785.1,1.5,8,5.04,Silver,North,Good,2020-05-14,0,1
47.8,92.46,598.4,1.2,9,6.64,Silver,East,Average,2020-02-29,1,1
40.8,48.67,688.6,0.9,8,17.95,Silver,North,Average,2021-04-10,0,1
69.0,49.22,568.1,2.3,8,7.58,Gold,North,Poor,2021-04-30,0,1
58.4,124.11,674.1,6.2,9,4.73,Bronze,East,Poor,2021-03-07,1,1
56.9,40.98,672.9,0.2,6,12.32,Silver,East,Poor,2021-08-22,0,1
73.3,62.18,658.6,3.8,9,11.23,Silver,North,Average,2020-06-12,0,1
81.7,52.8,572.9,0.3,7,11.9,Platinum,North,Good,2020-05-30,1,1
64.9,65.73,723.9,0.7,12,20.94,Gold,North,Good,2020-04-16,0,1
78.4,34.94,636.2,0.5,10,12.95,Bronze,North,Poor,2022-03-08,0,1
38.2,58.31,634.0,2.6,7,9.56,Silver,West,Average,2020-08-25,0,1
61.0,42.26,,1.3,10,8.63,Silver,West,Average,2020-05-10,0,1
56.1,97.09,614.0,0.4,6,20.96,Bronze,South,Poor,2020-07-10,0,1
49.4,66.04,762.3,7.0,7,18.3,Gold,West,Average,2020-06-19,0,1
75.2,33.85,571.7,2.6,6,40.78,Silver,South,Poor,2020-04-06,1,1
66.7,55.16,619.8,2.3,5,21.86,Bronze,East,Average,2022-03-08,1,1
83.1,64.99,651.3,1.6,13,8.75,Bronze,North,Average,2021-10-13,0,1
54.4,115.44,702.8,3.9,5,14.36,Platinum,South,Good,2020-01-18,1,1
61.7,37.1,745.3,17.9,5,6.35,Bronze,North,Average,2021-06-23,1,1
40.4,42.42,686.0,1.7,7,10.53,Bronze,North,Average,2021-09-01,0,1
72.2,79.0,693.3,0.6,7,19.25,Platinum,North,Average,2021-12-18,0,1
46.5,56.96,654.8,0.1,12,2.08,Bronze,North,Average,2021-12-29,0,1
58.1,31.41,712.7,2.1,9,8.68,Silver,North,Poor,2020-06-16,1,1
84.5,66.13,703.0,6.7,10,6.09,Gold,North,Poor,2021-09-14,1,1
60.1,64.15,572.5,1.6,4,6.85,Silver,North,Poor,2020-08-10,0,1
64.1,63.23,726.2,5.8,9,15.01,Bronze,North,Poor,2020-04-02,1,1
63.6,28.75,597.9,1.5,10,11.69,Bronze,North,Good,2020-05-26,0,1
52.3,50.84,662.7,2.8,8,17.17,Silver,South,Poor,2020-04-19,0,1
80.5,54.0,668.4,9.1,5,11.73,Silver,South,Good,2021-06-09,0,1
49.5,73.01,604.0,4.3,4,7.03,Gold,West,Average,2021-12-22,0,1
52.6,42.8,708.3,0.9,8,11.55,Silver,East,Average,2020-12-28,0,1
79.4,49.64,668.0,5.7,4,10.82,Gold,West,Average,2021-08-26,0,1
66.3,57.86,626.1,0.0,7,26.54,Bronze,North,Average,2020-04-06,0,1
54.5,66.13,708.9,0.1,8,8.96,Bronze,North,Good,2020-02-29,0,1
45.4,78.95,624.4,3.6,6,10.03,Gold,East,Average,2020-09-05,0,1
84.6,37.78,634.5,3.5,10,22.13,Silver,North,Average,2020-07-31,0,1
41.3,40.34,618.0,2.0,6,5.12,Bronze,West,Average,2020-11-13,0,1
6.3,72.51,569.1,0.3,11,21.34,Bronze,South,Average,2020-12-20,0,1
66.6,64.32,649.9,2.4,6,10.88,Bronze,North,Poor,2020-03-04,0,1
51.7,48.5,691.1,2.9,5,15.12,Bronze,South,Poor,2021-10-02,0,1
50.7,88.79,626.0,0.1,8,3.65,Silver,North,Average,2021-09-12,0,1
40.4,65.06,594.9,0.7,8,6.85,Bronze,North,Good,2020-03-31,1,1
56.0,71.55,712.0,2.7,9,5.24,Gold,South,Poor,2021-04-23,0,1
90.5,63.21,614.5,1.2,9,12.0,Bronze,North,Good,2020-01-08,0,1
52.8,42.65,694.8,0.5,8,14.88,Gold,East,Good,2021-11-18,0,1
39.6,77.25,563.9,0.8,8,9.2,Silver,North,Average,2020-07-19,0,1
71.4,122.27,600.3,0.1,6,8.7,Silver,North,Average,2021-04-23,0,1
,43.29,697.6,2.3,5,13.71,Bronze,North,Good,2021-08-26,0,1
58.9,30.43,749.1,0.1,12,15.44,Bronze,West,Good,2020-05-31,0,1
57.8,61.67,522.2,0.3,7,9.12,Bronze,North,Poor,2021-11-27,1,1
54.1,72.89,768.1,9.5,9,10.46,Silver,North,Average,2021-05-06,0,1
59.3,43.18,732.8,0.1,12,23.56,Silver,East,Average,2020-11-12,0,1
78.3,93.34,690.3,5.1,4,11.36,Bronze,West,Average,2020-08-01,1,1
54.3,39.26,663.7,0.2,6,8.07,Bronze,West,Poor,2020-09-12,0,1
43.5,39.32,636.3,3.8,9,7.7,Silver,North,Good,2021-08-15,0,1
51.5,93.09,688.2,2.4,6,4.37,Gold,East,Poor,2021-11-09,0,1
53.5,49.99,773.4,1.1,8,11.96,Gold,East,Good,2021-06-07,0,1
62.2,127.33,628.9,5.0,8,14.01,Silver,East,Average,2021-04-02,1,1
104.4,81.46,683.0,1.1,4,7.51,Bronze,North,Good,2020-03-30,1,1
53.7,27.21,638.6,0.2,12,19.04,Platinum,East,Average,2020-06-05,0,1
63.6,45.53,622.5,1.2,8,9.68,Bronze,North,Average,2021-02-27,0,1
76.1,53.03,607.7,1.9,8,6.53,Bronze,West,Average,2021-09-09,0,1
76.5,61.53,652.0,0.3,6,21.64,Gold,East,Good,2021-05-12,0,1
44.1,48.95,544.7,0.3,8,13.04,Gold,East,Good,2020-06-11,0,1
35.4,57.17,648.0,1.7,7,10.65,Bronze,West,Average,2021-09-22,1,1
27.3,47.12,718.6,6.4,7,9.36,Gold,South,Poor,2021-09-22,1,1
72.6,71.91,,8.0,9,12.34,Gold,South,Good,2021-09-15,0,1
52.8,136.63,664.7,0.6,9,9.59,Bronze,North,Good,2021-10-29,0,1
56.2,24.68,607.1,8.8,8,4.43,Silver,North,Average,2021-01-24,0,1
31.1,22.86,577.7,3.6,5,13.82,Silver,North,Good,2020-08-11,0,1
44.6,36.44,781.0,1.5,5,8.57,Gold,North,Good,2020-04-27,1,1
41.5,37.7,,4.1,12,11.55,Bronze,North,Average,2022-01-01,0,1
65.4,82.97,674.7,3.4,10,22.15,Bronze,East,Poor,2020-12-18,0,1
36.7,24.98,709.4,1.0,7,27.63,Silver,North,Average,2022-01-30,0,1
66.0,26.23,694.1,5.0,8,22.42,Bronze,East,Good,2020-10-08,1,1
50.7,63.55,713.5,1.4,6,12.32,Bronze,North,Good,2021-12-15,1,1
60.1,19.21,618.0,0.8,7,8.53,Silver,North,Average,2021-12-08,0,1
47.1,42.05,656.1,1.9,6,10.56,Silver,East,Poor,2021-03-16,0,1
62.6,102.19,633.1,1.8,13,12.73,Bronze,South,Poor,2020-04-23,0,1
30.8,17.48,540.2,1.5,3,11.04,Silver,North,Average,2021-02-22,0,1
92.6,44.44,656.1,1.1,8,14.32,Silver,South,Average,2020-10-26,0,1
81.5,30.76,677.8,0.6,8,23.99,Silver,North,Average,2020-02-23,0,1
78.5,105.06,587.6,0.4,7,6.84,Bronze,North,Average,2020-01-03,0,1
44.1,42.6,657.3,4.4,6,13.74,Bronze,East,Good,2020-04-30,0,1
57.5,122.63,585.6,1.1,3,6.01,Bronze,East,Poor,2020-12-24,0,1
65.1,34.51,676.4,1.1,12,8.4,Silver,North,Poor,2021-10-24,0,1
63.2,25.13,640.1,2.8,14,23.55,Bronze,North,Good,2021-03-23,0,1
43.8,31.38,687.3,1.7,10,23.16,Gold,East,Poor,2020-03-05,0,1
35.4,40.55,634.5,5.5,8,4.69,Silver,East,Average,2020-08-13,0,1
58.4,27.75,665.7,18.5,8,2.2,Silver,North,Poor,2021-04-19,0,1
53.4,58.99,730.6,0.9,9,3.68,Bronze,North,Average,2022-01-03,0,1
38.8,35.52,807.9,1.1,4,6.8,Bronze,North,Poor,2020-06-28,0,1
48.4,18.32,699.1,1.2,7,8.2,Silver,East,Average,2020-03-28,0,1
50.7,18.61,594.5,8.9,10,19.7,Bronze,West,Poor,2021-08-11,0,1
70.5,36.36,631.2,2.1,9,8.01,Bronze,North,Poor,2021-10-14,1,1
41.9,57.27,602.4,2.7,10,32.93,Bronze,West,Poor,2021-02-28,0,1
70.4,113.99,700.9,2.1,4,10.11,Bronze,North,Average,2020-06-09,0,1
48.2,58.12,713.4,7.1,5,27.07,Silver,East,Poor,2020-05-19,1,1
79.0,58.14,683.5,3.0,7,6.39,Bronze,North,Good,2021-07-21,0,1
59.5,46.8,600.6,1.5,5,12.58,Bronze,North,Average,2021-06-11,0,1
68.3,35.47,582.5,3.7,10,8.15,Silver,North,Average,2021-07-09,0,1
74.4,54.83,592.9,3.5,9,12.13,Bronze,South,Poor,2020-06-04,0,1
64.7,61.16,549.0,0.5,10,19.29,Bronze,East,Poor,2021-11-15,0,1
53.8,53.16,687.8,4.5,4,23.02,Silver,North,Good,2021-02-01,0,1
41.5,24.13,591.9,9.8,11,38.07,Gold,North,Average,2021-05-03,1,1
55.4,60.08,682.7,14.5,8,28.73,Bronze,East,Average,2020-06-21,0,1
45.1,49.69,640.8,3.9,4,21.84,Silver,East,Poor,2021-07-08,0,1
74.9,48.22,472.5,4.0,6,8.39,Bronze,North,Good,2021-11-17,0,1
67.1,,743.4,0.6,17,7.78,Gold,East,Average,2021-04-22,0,1
51.9,70.97,650.4,1.1,7,65.52,Gold,East,Poor,2020-12-27,1,1
83.6,45.46,607.8,0.9,13,47.21,Silver,North,Average,2022-02-27,0,1
40.2,,710.8,0.1,10,6.49,Bronze,North,Poor,2020-10-29,0,1
73.1,38.79,640.6,1.3,6,21.27,Bronze,East,Poor,2021-07-11,0,1
29.2,39.14,575.7,3.0,7,8.24,Silver,East,Average,2021-10-19,0,1
65.4,29.08,616.9,2.6,9,9.7,Gold,North,Good,2021-10-14,0,1
43.0,32.97,583.7,3.7,9,10.31,Gold,East,Average,2020-06-20,1,1
48.1,,676.4,8.7,11,6.49,Bronze,West,Good,2022-02-13,0,1
59.4,78.74,682.3,0.9,8,2.15,Bronze,North,Average,2021-06-28,0,1
47.2,70.71,536.1,2.7,7,10.94,Bronze,East,Average,2021-07-25,0,1
,38.39,661.5,1.3,7,8.88,Silver,North,Poor,2021-11-24,0,1
40.0,51.24,610.0,0.5,11,18.82,Silver,East,Poor,2022-01-17,0,1
47.6,88.02,656.2,1.0,8,7.68,Gold,South,Average,2020-09-06,0,1
58.7,58.99,706.1,0.1,2,8.79,Bronze,West,Good,2020-12-18,0,1
93.7,32.81,556.5,1.1,9,19.37,Silver,North,Poor,2022-01-26,0,1
56.3,32.61,672.6,0.5,7,12.17,Silver,North,Average,2021-01-26,1,1
46.9,64.88,627.9,0.1,7,6.91,Bronze,North,Good,2020-09-26,1,1
52.2,77.54,602.0,0.3,10,34.41,Silver,South,Poor,2021-05-15,1,1
74.2,22.37,702.7,5.6,12,13.64,Bronze,West,Average,2020-03-30,0,1
53.4,,590.7,3.6,8,37.66,Bronze,East,Good,2020-04-11,0,1
59.7,52.1,589.4,0.8,9,7.8,Silver,South,Good,2021-11-01,0,1
48.5,70.09,822.0,0.1,9,14.27,Bronze,South,Average,2021-03-25,0,1
69.0,37.28,662.1,2.3,6,8.64,Silver,North,Poor,2020-05-09,1,1
64.4,73.27,644.6,1.8,8,6.77,Bronze,North,Poor,2021-06-07,0,1
63.1,48.77,721.2,0.1,7,9.24,Silver,East,Average,2022-02-18,1,1
40.3,76.86,586.9,6.2,5,14.0,Silver,South,Average,2020-11-06,0,1
46.4,28.05,667.6,1.5,7,7.17,Silver,North,Poor,2020-01-30,0,1
75.2,60.54,,8.4,8,20.15,Bronze,East,Average,2020-05-27,0,1
38.3,34.94,667.1,1.5,6,20.25,Bronze,East,Poor,2021-10-22,0,1
73.0,35.86,616.6,5.8,11,17.84,Bronze,South,Poor,2020-03-14,0,1
,37.33,627.2,0.8,5,20.82,Gold,East,Poor,2021-01-17,0,1
60.3,43.48,686.6,1.2,7,7.51,Platinum,North,Average,2020-12-07,0,1
63.5,23.91,550.3,0.9,13,11.38,Bronze,East,Average,2022-02-24,0,1
53.3,,762.0,1.7,8,11.16,Gold,East,Poor,2021-01-05,0,1
48.3,101.05,554.1,7.0,14,17.3,Silver,North,Poor,2021-04-09,1,1
39.4,63.16,612.7,2.2,10,15.13,Silver,North,Good,2022-03-08,0,1
56.5,105.03,585.9,0.2,7,22.44,Silver,North,Poor,2022-01-16,1,1
56.5,45.64,634.2,2.1,13,7.94,Gold,South,Good,2021-03-01,0,1
63.1,87.28,793.6,0.5,7,20.91,Silver,South,Poor,2021-01-26,0,1
102.7,66.2,601.1,1.5,6,7.74,Bronze,North,Poor,2021-11-02,0,1
66.9,,717.4,0.1,6,17.64,Platinum,North,Average,2021-08-28,0,1
43.8,55.87,633.3,2.6,6,14.08,Bronze,South,Poor,2021-07-10,0,1
44.6,105.72,670.1,3.9,2,16.36,Bronze,East,Good,2021-05-26,0,1
48.6,,661.1,3.6,10,17.31,Silver,North,Poor,2021-11-25,0,1
66.5,33.78,537.6,1.8,8,8.59,Bronze,South,Average,2020-10-15,0,1
45.7,,645.7,1.9,7,35.1,Bronze,East,Good,2020-03-14,0,1
52.7,117.34,623.7,0.6,5,18.83,Silver,North,Average,2020-07-09,0,1
26.8,,555.7,3.5,9,7.8,Bronze,East,Good,2020-08-14,0,1
62.0,22.79,618.5,2.8,4,17.84,Bronze,South,Average,2021-01-14,0,1
31.8,32.7,577.5,0.0,6,19.18,Gold,North,Poor,2022-02-14,0,1
63.3,31.33,681.5,2.3,5,8.22,Bronze,East,Average,2020-11-22,0,1
58.4,61.59,539.4,0.4,7,7.44,Silver,East,Poor,2022-02-28,0,1
56.9,22.89,651.8,5.7,11,39.75,Bronze,North,Good,2020-12-19,1,1
32.3,43.36,598.1,4.3,7,8.13,Bronze,North,Poor,2021-03-16,1,1
53.4,19.84,698.8,3.9,10,15.44,Gold,South,Good,2021-05-27,0,1
68.7,53.91,656.2,0.5,8,5.25,Bronze,North,Good,2021-07-12,0,1
29.0,93.05,704.3,0.0,10,12.29,Silver,West,Good,2021-04-12,0,1
51.7,34.98,608.9,4.3,11,10.11,Silver,East,Poor,2020-08-12,0,1
53.5,40.82,585.7,1.0,10,23.81,Bronze,South,Average,2020-05-06,0,1
56.8,,663.2,1.0,6,4.57,Silver,South,Average,2020-11-08,0,1
64.1,30.09,740.5,0.3,11,12.04,Silver,East,Good,2020-05-02,0,1
50.1,35.27,703.3,1.8,5,20.81,Silver,North,Poor,2020-10-06,0,1
87.8,98.42,,5.0,4,10.28,Gold,South,Good,2020-05-17,1,1
51.5,47.04,686.1,1.0,8,24.88,Silver,North,Good,2021-07-09,0,1
28.9,49.19,,2.6,7,7.34,Bronze,East,Poor,2021-04-02,0,1
68.2,103.46,651.3,0.0,9,10.69,Gold,West,Good,2020-09-11,0,1
65.7,37.09,665.1,1.2,10,37.42,Silver,East,Average,2020-02-09,0,1
49.0,146.34,663.3,1.1,5,5.32,Bronze,East,Average,2022-02-21,0,1
59.9,74.88,575.6,4.1,9,14.45,Bronze,North,Good,2020-08-08,0,1
63.8,62.48,712.4,2.6,6,15.06,Silver,North,Average,2020-08-20,0,1
66.8,18.06,666.0,3.2,5,8.69,Silver,North,Average,2020-12-23,0,1
67.5,48.0,830.3,1.8,12,8.68,Gold,East,Average,2021-05-01,0,1
54.9,54.01,665.8,0.9,6,2.22,Gold,East,Poor,2021-06-21,0,1
76.4,66.14,668.7,1.7,12,9.15,Gold,North,Poor,2021-04-24,0,1
37.6,15.42,601.5,2.0,7,5.65,Silver,North,Good,2020-11-29,0,1
52.8,,674.2,0.1,5,40.87,Bronze,West,Average,2021-11-28,0,1
43.7,67.73,,3.2,10,24.34,Gold,North,Average,2021-06-21,0,1
46.4,,639.9,1.2,4,12.43,Platinum,South,Good,2020-03-20,1,1
83.4,158.67,736.6,1.5,11,10.36,Bronze,North,Average,2022-02-11,0,1
39.1,110.22,615.6,1.3,12,16.44,Bronze,North,Poor,2022-02-16,0,1
58.3,46.14,589.9,4.6,10,23.06,Gold,West,Average,2020-11-18,0,1
54.3,197.94,686.9,0.1,12,6.59,Bronze,South,Average,2022-01-04,0,1
48.0,54.31,632.7,3.9,4,14.64,Gold,East,Poor,2021-10-14,0,1
67.7,23.16,572.3,4.3,7,16.8,Bronze,East,Poor,2021-08-23,0,1
54.9,40.14,583.2,0.3,10,5.15,Platinum,East,Average,2020-09-06,0,1
66.0,31.24,726.1,1.8,7,13.58,Silver,West,Good,2020-04-12,0,1
67.0,82.06,628.1,0.6,7,30.28,Bronze,East,Average,2021-09-25,0,1
56.7,29.4,664.0,0.2,14,10.88,Bronze,North,Poor,2020-08-06,0,1
48.0,42.23,615.0,1.4,11,25.07,Silver,East,Good,2021-06-24,1,1
63.1,37.74,666.7,1.7,2,31.13,Bronze,North,Good,2020-04-11,1,1
70.0,44.7,618.7,3.8,4,12.53,Silver,North,Good,2021-06-26,1,1
52.6,60.62,753.6,1.9,6,23.23,Bronze,North,Average,2021-01-20,0,1
51.8,46.2,583.0,0.5,9,8.05,Silver,North,Good,2021-03-19,0,1
38.3,97.46,737.0,4.7,8,5.09,Bronze,North,Poor,2021-11-01,1,1
56.6,94.79,613.3,2.1,8,9.35,Bronze,South,Good,2020-11-03,0,1
62.8,81.72,636.6,2.4,6,12.45,Gold,North,Average,2020-02-24,1,1
60.7,49.3,658.0,0.9,7,10.69,Bronze,East,Good,2021-02-20,0,1
9.9,95.1,645.5,1.6,5,14.06,Silver,East,Good,2021-02-08,0,1
61.4,33.68,737.8,0.6,5,33.41,Silver,North,Poor,2020-03-18,1,1
61.6,95.25,657.9,1.1,3,22.03,Silver,East,Good,2021-09-28,0,1
54.5,63.72,726.8,5.1,9,11.24,Bronze,South,Average,2021-01-05,1,1
37.2,43.81,603.6,0.3,10,19.37,Gold,North,Good,2021-08-23,1,1
80.0,66.09,632.8,5.8,4,14.14,Bronze,East,Average,2021-11-26,0,1
56.5,48.46,568.1,1.0,9,19.84,Gold,South,Good,2020-10-14,1,1
54.3,33.89,596.3,0.6,6,9.79,Bronze,North,Average,2020-07-18,1,1
41.1,89.11,700.3,0.9,6,13.87,Silver,North,Poor,2021-02-28,0,1
61.5,42.31,788.6,2.7,6,22.15,Silver,North,Average,2021-05-13,0,1
48.3,55.27,672.1,2.9,8,16.3,Gold,North,Average,2021-03-03,0,1
52.7,68.15,623.6,7.3,6,8.72,Silver,South,Poor,2020-06-04,0,1
75.5,14.21,639.8,0.2,8,18.49,Bronze,North,Average,2021-03-23,0,1
64.7,35.6,,3.2,9,9.84,Platinum,West,Good,2020-02-04,0,1
58.4,22.27,718.5,3.1,8,38.74,Bronze,West,Good,2020-07-23,0,1
70.5,68.68,566.5,1.2,6,16.55,Gold,North,Good,2021-04-02,0,1
52.4,87.1,664.5,11.2,6,9.82,Silver,North,Poor,2020-07-25,1,1
31.0,24.55,568.8,7.0,11,20.83,Silver,East,Good,2021-07-12,0,1
73.8,44.65,679.0,0.3,11,18.63,Bronze,West,Poor,2020-11-26,0,1
94.3,55.49,619.7,3.0,7,7.86,Silver,East,Average,2022-01-22,0,1
58.7,29.97,673.7,3.0,7,7.88,Silver,North,Average,2020-05-10,0,1
53.3,33.44,610.3,0.1,11,10.73,Gold,South,Poor,2020-12-04,0,1
38.8,43.27,667.3,2.0,8,9.21,Bronze,East,Average,2021-06-07,0,1
60.0,38.41,653.9,2.8,5,6.24,Bronze,West,Average,2021-08-01,0,1
43.2,93.7,615.8,3.6,12,16.58,Bronze,East,Average,2021-10-15,0,1
50.0,,733.9,3.6,9,3.1,Silver,South,Average,2020-08-08,0,1
47.9,48.19,681.5,0.7,5,7.35,Bronze,West,Average,2021-12-26,0,1
35.2,,633.9,1.9,9,4.11,Bronze,North,Good,2020-02-01,0,1
46.1,100.37,557.3,0.7,10,6.15,Bronze,East,Poor,2021-02-03,0,1
42.8,74.42,477.1,0.9,16,26.54,Gold,North,Poor,2020-05-31,0,1
54.9,27.92,684.5,10.2,14,10.84,Bronze,North,Poor,2021-03-28,0,1
55.4,40.13,538.1,4.1,8,26.6,Bronze,North,Good,2020-06-21,0,1
59.6,58.73,687.5,2.5,7,6.71,Bronze,South,Average,2021-12-18,0,1
69.4,26.72,628.6,3.4,8,9.04,Silver,North,Average,2020-11-30,0,1
58.7,49.8,,7.7,12,18.4,Bronze,North,Average,2020-08-11,0,1
31.2,56.04,569.5,1.4,13,5.23,Silver,East,Average,2021-07-25,0,1
69.7,77.48,593.7,1.6,8,10.84,Bronze,South,Good,2020-11-18,1,1
30.6,19.94,653.1,2.7,8,7.27,Bronze,East,Average,2021-02-26,0,1
67.7,69.31,721.5,0.3,7,5.54,Bronze,South,Average,2020-03-14,0,1
37.5,23.85,667.7,1.0,11,12.03,Bronze,West,Poor,2021-08-18,1,1
53.5,78.62,669.2,0.9,10,10.62,Silver,East,Average,2020-02-22,0,1
36.2,98.18,704.5,0.3,7,17.34,Silver,North,Average,2020-07-23,0,1
57.3,87.63,572.2,2.4,9,13.35,Gold,North,Good,2021-11-04,0,1
56.4,75.27,679.3,3.2,8,6.98,Gold,East,Good,2020-03-17,1,1
58.3,32.24,644.4,7.5,10,16.36,Silver,North,Poor,2020-10-11,0,1
67.7,49.97,656.9,1.9,6,8.97,Silver,North,Good,2021-08-25,0,1
60.1,,618.3,1.0,8,9.13,Silver,North,Average,2020-09-27,0,1
54.8,27.29,622.2,2.2,8,9.83,Silver,South,Average,2021-01-15,0,1
61.6,30.35,733.4,1.2,12,15.3,Bronze,East,Average,2020-04-22,0,1
69.5,90.29,588.2,0.1,9,14.86,Gold,North,Average,2021-06-20,0,1
46.7,55.06,530.5,6.3,16,15.66,Bronze,East,Average,2020-03-30,0,1
54.9,73.08,643.7,0.2,8,17.04,Gold,North,Good,2020-04-04,0,1
52.3,51.63,589.6,2.2,8,14.77,Silver,West,Average,2020-08-15,0,1
63.5,,644.1,0.2,5,23.29,Bronze,East,Poor,2021-01-28,0,1
56.3,78.16,683.6,2.4,8,30.81,Platinum,South,Average,2020-07-21,1,1
55.2,38.32,712.4,2.2,5,10.75,Bronze,South,Good,2020-03-12,0,1
88.0,48.63,658.1,1.0,10,16.31,Bronze,South,Poor,2020-02-03,0,1
35.9,27.98,704.9,5.1,9,16.55,Platinum,North,Poor,2020-04-22,1,1
61.9,30.86,695.1,3.1,9,13.02,Silver,North,Average,2021-03-13,1,1
64.0,34.86,588.0,0.0,9,33.91,Silver,North,Poor,2020-08-12,0,1
69.0,75.13,581.5,2.1,4,24.04,Gold,East,Average,2020-07-17,0,1
,31.87,639.3,2.0,3,8.81,Bronze,South,Average,2020-04-21,0,1
75.5,122.13,591.9,0.4,4,13.97,Bronze,West,Average,2020-08-16,1,1
40.3,34.96,658.5,2.4,5,16.89,Silver,North,Good,2022-02-13,0,1
33.1,35.23,603.2,0.7,9,6.54,Bronze,West,Good,2020-08-04,0,1
33.8,,681.5,2.5,4,4.73,Bronze,South,Poor,2021-09-01,0,1
52.5,43.62,734.4,5.1,4,14.8,Gold,North,Poor,2021-02-04,1,1
58.0,26.0,658.7,0.3,5,10.16,Silver,North,Poor,2021-02-19,0,1
42.5,39.02,611.4,5.3,9,9.08,Silver,South,Poor,2020-11-09,0,1
64.4,36.99,587.3,5.0,7,6.25,Silver,South,Average,2022-02-23,0,1
52.0,55.65,597.1,3.9,11,8.35,Platinum,North,Good,2020-04-13,1,1
49.3,51.66,576.4,1.4,7,4.78,Silver,North,Good,2021-04-04,0,1
66.0,63.16,,3.9,9,9.05,Bronze,South,Good,2021-08-15,0,1
35.7,102.49,715.4,4.2,8,8.54,Bronze,East,Good,2021-09-10,0,1
49.4,88.53,616.2,5.7,9,24.56,Bronze,North,Poor,2021-02-04,0,1
82.2,118.25,636.8,6.0,8,20.2,Silver,East,Good,2021-11-19,1,1
62.1,48.48,654.6,1.5,20,13.24,Silver,North,Good,2020-01-04,0,1
46.6,51.17,609.2,4.4,4,10.94,Silver,East,Average,2021-07-25,0,1
76.7,55.54,700.5,3.7,11,4.37,Bronze,South,Average,2021-08-08,0,1
71.9,22.37,602.9,5.8,6,38.15,Bronze,South,Average,2021-09-09,0,1
64.3,70.0,655.6,7.5,11,20.36,Silver,West,Average,2020-09-21,0,1
64.1,43.46,635.0,1.6,8,5.17,Bronze,South,Poor,2020-09-29,0,1
49.8,78.41,720.1,0.8,8,8.89,Silver,North,Good,2021-12-19,0,1
41.9,39.49,712.6,1.2,7,11.17,Silver,South,Poor,2020-07-09,0,1
39.8,58.7,680.4,10.5,6,5.08,Bronze,East,Good,2021-03-28,1,1
45.3,45.74,646.0,3.3,10,1.8,Bronze,East,Poor,2020-06-11,0,1
22.6,43.61,611.0,5.5,9,10.26,Bronze,North,Poor,2021-05-11,0,1
100.1,25.33,659.2,1.6,8,5.07,Gold,East,Good,2020-06-16,0,1
94.8,39.31,649.7,4.5,5,18.45,Silver,East,Average,2020-07-16,0,1
29.9,39.42,572.3,8.0,5,6.12,Bronze,East,Average,2022-02-15,0,1
46.3,37.67,598.8,1.1,6,19.39,Platinum,East,Poor,2020-11-20,0,1
50.5,37.64,581.9,1.0,10,16.94,Gold,North,Average,2021-01-02,0,1
56.7,55.23,,0.0,12,13.34,Bronze,North,Poor,2021-11-07,0,1
58.2,54.46,581.1,0.3,3,7.97,Silver,North,Good,2020-01-10,1,1
82.9,63.83,697.3,0.7,7,7.47,Bronze,North,Good,2020-10-27,0,1
64.5,70.05,689.3,0.2,8,14.51,Silver,North,Good,2021-10-16,1,1
50.0,,721.3,2.1,8,9.13,Bronze,South,Average,2020-07-27,1,1
35.7,38.61,672.3,10.8,6,11.65,Bronze,East,Poor,2020-10-11,1,1
59.9,52.14,755.1,7.2,9,18.57,Bronze,North,Average,2020-03-07,0,1
52.4,87.91,716.5,4.6,10,9.36,Bronze,East,Poor,2021-06-16,0,1
54.6,65.95,631.8,0.6,10,11.41,Bronze,East,Poor,2020-04-01,0,1
71.9,138.41,767.8,0.3,6,17.68,Silver,North,Poor,2020-02-26,0,1
67.5,84.9,675.6,1.3,7,15.81,Bronze,East,Average,2021-03-02,0,1
46.0,103.62,659.1,0.3,12,4.19,Bronze,East,Good,2021-09-23,1,1
55.9,68.7,,10.2,5,3.82,Gold,South,Poor,2021-09-05,1,1
64.2,57.92,728.1,3.1,6,7.05,Bronze,East,Average,2021-04-10,0,1
46.0,22.99,731.6,1.2,8,39.17,Bronze,East,Good,2021-01-14,0,1
61.8,41.26,,16.3,4,18.26,Platinum,East,Average,2020-03-31,1,1
68.9,71.81,707.1,0.7,5,4.52,Gold,West,Average,2020-04-17,0,1
38.5,71.31,543.6,0.7,12,16.9,Bronze,South,Average,2021-09-13,1,1
56.6,36.53,593.2,0.1,6,6.02,Gold,South,Average,2021-09-04,0,1
50.4,,556.4,9.7,6,6.73,Bronze,North,Poor,2020-04-07,0,1
33.4,39.68,628.3,2.8,4,5.9,Bronze,North,Average,2021-08-03,0,1
67.4,34.85,637.7,3.8,5,29.32,Bronze,South,Poor,2020-07-12,0,1
24.0,56.6,677.6,0.7,11,5.52,Silver,North,Poor,2020-09-15,0,1
61.1,47.62,699.4,21.1,9,5.49,Bronze,East,Poor,2020-03-29,0,1
46.4,44.68,764.7,0.4,2,19.3,Silver,North,Poor,2020-08-31,0,1
61.4,46.85,712.4,1.9,6,16.69,Silver,South,Poor,2021-09-02,0,1
61.5,88.17,506.8,2.9,9,16.69,Bronze,East,Good,2021-12-16,0,1
43.2,31.36,645.0,0.7,7,4.57,Bronze,North,Average,2021-12-09,0,1
31.6,30.54,654.1,6.8,10,12.22,Silver,East,Good,2021-10-29,1,1
43.2,75.95,604.2,0.3,10,14.86,Silver,East,Average,2021-08-12,0,1
39.7,61.57,610.0,5.8,10,16.75,Gold,South,Poor,2020-12-27,0,1
66.6,94.51,655.2,1.4,10,8.65,Bronze,South,Average,2020-01-16,0,1
35.6,80.76,558.4,0.1,12,20.08,Platinum,East,Poor,2021-05-01,0,1
49.0,121.31,795.0,7.3,11,7.37,Silver,West,Average,2021-09-01,1,1
57.3,92.77,574.1,2.8,11,11.05,Gold,East,Average,2020-10-23,0,1
,,695.4,1.9,5,5.33,Bronze,South,Good,2021-10-30,0,1
46.0,63.8,586.7,2.6,6,12.25,Silver,South,Good,2020-02-28,0,1
58.5,24.83,598.1,2.9,6,16.52,Gold,East,Poor,2020-07-14,0,1
26.1,50.02,593.4,7.5,7,12.53,Bronze,North,Average,2021-07-15,1,1
79.2,,798.8,0.6,6,17.83,Silver,North,Good,2021-11-30,0,1
61.6,24.01,577.5,0.3,5,18.49,Gold,East,Average,2020-10-17,0,1
45.1,47.79,718.8,5.5,8,10.28,Silver,West,Average,2021-06-16,0,1
51.3,36.42,645.0,2.7,11,4.55,Gold,North,Good,2021-06-14,0,1
46.9,90.37,658.5,4.6,10,8.16,Bronze,East,Average,2020-11-30,0,1
55.1,48.51,669.0,4.0,8,21.62,Gold,North,Poor,2022-03-06,0,1
63.2,45.9,545.6,2.5,8,6.93,Bronze,East,Average,2021-02-24,1,1
31.8,42.71,638.7,2.0,9,5.7,Bronze,North,Good,2021-05-02,0,1
68.3,81.72,522.6,0.9,8,20.13,Bronze,North,Good,2021-06-29,0,1
48.9,61.62,603.2,0.1,6,37.44,Bronze,South,Average,2021-02-07,0,1
45.1,,636.2,1.3,4,8.09,Silver,North,Poor,2020-04-14,0,1
34.0,,633.2,6.3,7,7.44,Bronze,North,Average,2021-12-27,0,1
69.4,20.51,,2.5,6,32.19,Bronze,South,Average,2020-03-27,0,1
37.6,45.73,697.9,3.5,9,9.7,Bronze,South,Average,2020-07-16,0,1
69.2,67.59,594.6,2.6,14,14.63,Silver,East,Average,2021-09-29,0,1
67.5,13.56,646.7,6.4,3,9.06,Gold,East,Poor,2021-04-18,1,1
62.9,22.93,585.1,1.0,14,20.26,Silver,North,Average,2020-04-12,0,1
37.6,39.38,692.6,0.0,10,6.09,Silver,North,Good,2021-01-18,0,1
68.4,41.03,564.9,2.0,2,10.34,Bronze,North,Poor,2021-10-14,0,1
35.3,91.44,705.7,11.1,6,7.15,Silver,East,Average,2021-01-20,1,1
64.8,55.83,721.9,6.4,10,22.4,Bronze,West,Average,2020-07-15,1,1
65.5,63.72,634.3,0.9,5,11.94,Bronze,East,Average,2020-01-30,0,1
52.2,34.68,624.5,4.1,10,18.86,Gold,North,Poor,2021-09-20,1,1
60.7,111.92,722.6,3.0,6,41.26,Bronze,East,Average,2020-05-10,1,1
74.4,47.02,589.0,0.1,12,7.54,Platinum,West,Poor,2020-11-16,1,1
72.3,73.29,,0.8,13,13.63,Gold,North,Average,2020-11-30,0,1
75.7,36.57,681.9,20.5,14,14.92,Bronze,North,Poor,2021-10-01,1,1
57.5,64.68,632.5,5.8,4,6.52,Bronze,East,Good,2021-10-27,0,1
75.8,33.39,531.9,1.7,7,18.61,Silver,South,Average,2021-05-25,0,1
43.0,26.29,650.0,2.1,8,11.14,Gold,West,Poor,2022-01-22,1,1
47.7,23.84,634.3,1.1,9,23.32,Bronze,South,Average,2022-01-30,0,1
52.9,69.83,,5.8,8,22.85,Bronze,South,Average,2021-04-25,1,1
39.4,65.91,580.7,1.3,8,11.07,Bronze,South,Average,2021-01-18,1,1
70.9,111.81,675.4,1.5,14,25.89,Bronze,East,Average,2022-02-13,0,1
59.0,35.02,717.0,0.8,9,16.01,Silver,East,Average,2020-08-06,0,1
6.3,79.66,617.9,0.0,10,19.53,Bronze,North,Average,2021-09-16,1,1
54.6,43.39,629.0,7.4,12,9.35,Silver,North,Average,2020-03-21,0,1
62.0,27.72,650.3,2.9,9,4.99,Silver,South,Average,2022-01-03,0,1
82.8,92.11,621.8,1.1,4,32.98,Bronze,South,Poor,2020-11-30,1,1
53.2,50.82,592.8,4.0,7,4.0,Silver,East,Poor,2021-06-11,0,1
76.7,14.14,618.7,2.3,5,3.54,Silver,East,Poor,2020-03-16,0,1
47.8,49.15,742.7,5.2,10,30.31,Silver,South,Average,2020-03-07,0,1
50.4,35.24,724.5,5.7,4,4.85,Silver,North,Average,2021-01-21,0,1
57.6,43.59,,5.7,4,33.22,Bronze,East,Average,2021-05-10,0,1
40.1,157.63,689.8,1.0,4,33.39,Platinum,South,Average,2021-05-08,1,1
84.0,85.49,664.2,0.1,9,6.42,Bronze,East,Good,2021-04-03,0,1
,67.13,718.5,0.1,5,7.76,Gold,East,Average,2020-05-06,1,1
61.2,88.47,664.4,9.3,15,11.05,Bronze,West,Poor,2020-05-12,0,1
59.5,45.97,690.5,1.2,3,22.94,Bronze,North,Average,2020-04-17,1,1
68.2,74.21,776.6,0.1,13,30.02,Silver,West,Good,2020-05-02,0,1
60.1,94.67,741.4,6.6,9,34.38,Silver,West,Average,2022-02-05,0,1
50.1,76.07,681.9,1.9,9,12.4,Bronze,North,Good,2022-02-06,0,1
52.3,,561.6,1.8,7,21.63,Silver,East,Poor,2021-11-17,0,1
87.9,99.51,585.6,2.4,7,7.5,Bronze,East,Average,2021-07-05,0,1
67.7,241.84,721.2,0.5,7,15.72,Gold,North,Good,2020-04-27,1,1
73.9,74.0,653.9,0.3,8,31.95,Gold,North,Average,2022-01-26,0,1
45.2,54.31,711.1,0.6,5,9.43,Silver,North,Good,2020-11-16,0,1
55.9,69.52,681.4,4.4,7,83.53,Silver,East,Average,2021-10-03,1,1
69.7,84.81,703.4,0.4,9,5.41,Bronze,North,Good,2021-03-23,0,1
49.7,44.19,538.2,0.1,7,33.8,Gold,North,Average,2020-08-26,0,1
38.7,48.19,656.4,6.2,8,8.6,Bronze,North,Average,2020-03-02,1,1
65.9,48.32,615.0,1.0,4,13.29,Silver,South,Good,2021-11-07,0,1
55.6,38.02,760.1,0.6,7,6.82,Bronze,South,Average,2021-03-21,0,1
39.9,35.63,698.5,1.7,9,11.56,Bronze,North,Average,2021-10-05,0,1
53.4,62.81,798.4,2.7,7,26.99,Bronze,North,Poor,2020-04-08,0,1
59.3,92.32,686.2,1.0,7,7.26,Bronze,South,Good,2021-07-09,0,1
64.2,,655.4,0.7,14,7.95,Silver,East,Average,2020-04-21,0,1
45.5,35.32,677.5,4.5,8,23.99,Silver,North,Average,2021-08-26,0,1
67.9,15.56,647.9,3.1,9,25.78,Bronze,East,Average,2020-07-01,0,1
54.4,18.77,696.7,6.4,10,20.5,Platinum,West,Good,2020-10-07,0,1
28.9,52.29,615.3,0.0,6,6.67,Bronze,South,Poor,2021-01-09,0,1
54.0,61.16,586.1,0.8,7,6.32,Bronze,East,Poor,2021-09-18,0,1
60.3,204.72,566.7,5.6,3,11.79,Gold,East,Good,2020-12-22,1,1
60.9,78.0,588.4,3.0,14,6.08,Bronze,West,Poor,2020-10-22,0,1
43.5,51.76,574.9,5.2,10,4.07,Bronze,East,Good,2020-03-30,0,1
80.6,27.44,724.3,0.2,9,9.86,Bronze,South,Average,2022-02-16,0,1
45.5,96.93,696.5,11.7,9,12.46,Gold,East,Average,2021-08-04,1,1
60.6,38.46,625.9,5.2,4,14.79,Platinum,East,Good,2020-08-30,0,1
61.7,74.34,616.2,4.5,11,19.07,Bronze,East,Average,2021-11-13,0,1
71.2,42.81,512.1,1.1,18,28.69,Silver,South,Poor,2020-01-02,0,1
54.6,106.88,708.0,4.7,10,14.5,Bronze,East,Average,2021-03-15,0,1
79.9,40.71,755.5,8.3,10,27.74,Platinum,North,Good,2020-08-30,1,1
53.5,112.2,630.8,0.1,10,5.32,Silver,North,Poor,2021-05-29,0,1
47.2,58.54,666.4,1.4,11,21.34,Platinum,North,Average,2020-04-07,1,1
57.7,27.75,669.2,4.9,14,17.49,Silver,North,Good,2021-06-01,0,1
52.5,61.94,554.2,0.2,8,9.15,Gold,East,Average,2020-04-07,1,1
58.9,79.56,554.9,5.3,5,10.36,Platinum,West,Good,2021-12-17,0,1
74.5,52.81,686.2,1.3,7,50.0,Silver,East,Good,2021-11-17,1,1
45.5,71.67,618.1,10.1,13,10.81,Bronze,North,Average,2020-04-21,1,1
68.5,72.05,556.6,0.1,10,10.21,Silver,East,Average,2020-08-25,0,1
52.8,,668.4,0.5,13,9.09,Silver,East,Average,2022-03-04,0,1
64.0,103.91,662.9,2.3,9,3.43,Silver,West,Poor,2020-12-08,0,1
80.2,,709.7,5.5,9,13.46,Bronze,North,Poor,2020-05-31,0,1
54.0,109.6,662.5,5.1,9,13.72,Bronze,South,Good,2021-08-10,0,1
83.5,46.72,616.4,2.0,7,15.18,Bronze,North,Good,2021-06-23,0,1
59.2,,630.1,2.7,9,22.68,Silver,East,Average,2020-04-23,1,1
64.4,39.33,679.7,5.6,8,17.69,Gold,North,Good,2021-01-14,0,1
66.4,48.45,,2.3,14,21.71,Bronze,North,Good,2020-02-07,0,1
51.8,81.41,678.6,1.9,12,45.37,Silver,North,Poor,2021-10-24,1,1
28.3,65.06,652.2,3.6,14,9.56,Silver,West,Average,2020-09-16,1,1
39.9,31.77,735.0,10.5,7,5.2,Bronze,North,Average,2022-02-07,0,1
59.7,96.03,658.5,1.1,6,16.57,Silver,East,Good,2021-07-12,0,1
34.0,49.03,672.9,2.8,10,9.05,Bronze,North,Average,2021-03-15,0,1
62.3,147.95,736.8,5.5,7,7.55,Bronze,East,Poor,2020-08-06,0,1
33.2,42.09,686.3,2.9,7,9.84,Gold,East,Average,2020-01-15,1,1
36.1,52.91,578.8,15.9,11,18.91,Bronze,South,Good,2021-07-28,0,1
51.2,35.12,592.2,12.3,6,10.25,Bronze,West,Good,2021-06-12,0,1
45.8,37.47,588.7,7.4,6,3.79,Silver,South,Poor,2021-12-29,0,1
96.3,32.83,722.0,3.6,8,7.73,Bronze,North,Good,2020-02-17,0,1
57.4,47.18,495.7,9.2,8,10.08,Gold,North,Average,2021-02-24,0,1
91.5,105.88,590.3,1.3,6,7.09,Silver,East,Average,2021-07-11,0,1
53.3,44.77,674.1,5.2,7,12.13,Silver,North,Good,2020-11-28,0,1
68.0,29.65,574.3,3.0,8,6.48,Silver,South,Poor,2020-01-27,0,1
70.8,31.39,695.4,1.2,8,12.33,Platinum,North,Good,2020-05-29,0,1
56.5,49.74,695.3,0.1,4,31.91,Bronze,East,Average,2022-02-27,0,1
55.7,104.82,,3.3,6,14.16,Silver,West,Poor,2021-05-15,0,1
56.4,54.85,536.0,4.2,10,17.84,Gold,West,Poor,2022-01-30,0,1
34.5,27.07,512.2,2.6,7,13.6,Platinum,East,Poor,2021-11-22,0,1
35.7,54.86,630.3,3.2,7,30.13,Gold,North,Average,2020-12-04,1,1
45.0,53.75,740.1,1.8,11,14.37,Silver,North,Average,2020-06-27,0,1
78.1,55.39,651.9,0.9,11,23.25,Platinum,North,Good,2021-01-17,0,1
60.3,32.3,650.5,1.6,11,8.65,Bronze,East,Poor,2020-03-23,0,1
40.9,80.97,653.6,7.2,4,12.14,Gold,North,Average,2021-11-28,0,1
62.9,73.9,571.0,10.5,6,30.3,Silver,North,Poor,2020-08-01,0,1
60.3,141.33,718.8,2.8,6,8.04,Platinum,East,Good,2020-09-27,1,1
44.3,42.61,709.9,9.4,6,6.78,Bronze,North,Average,2021-06-08,1,1
73.6,61.56,648.5,4.1,6,12.36,Gold,North,Average,2021-03-05,0,1
38.1,49.69,624.7,3.0,8,7.59,Bronze,East,Good,2020-06-04,0,1
51.2,,645.6,12.9,10,16.4,Bronze,East,Poor,2020-08-06,1,1
76.1,91.22,646.6,4.7,9,3.91,Bronze,East,Poor,2021-10-29,0,1
53.4,66.47,677.6,0.5,8,7.97,Silver,North,Good,2020-06-29,0,1
35.6,164.35,647.2,5.0,7,19.51,Bronze,South,Poor,2021-08-09,1,1
38.9,184.19,670.1,1.6,5,8.12,Silver,North,Average,2020-08-26,0,1
58.8,54.91,688.0,4.9,9,2.79,Bronze,North,Average,2020-10-27,0,1
57.4,37.3,770.9,2.2,9,9.15,Silver,North,Average,2020-09-27,1,1
53.2,35.48,636.8,0.5,7,9.8,Silver,North,Poor,2021-08-01,0,1
57.8,49.51,642.5,9.9,6,10.61,Silver,North,Poor,2021-04-11,0,1
49.4,53.16,540.7,1.5,13,58.3,Silver,East,Good,2020-06-17,1,1
21.5,61.01,568.5,0.6,6,10.69,Gold,East,Average,2020-10-30,0,1
74.2,88.85,,1.3,13,10.62,Bronze,West,Average,2020-02-09,0,1
59.6,,663.8,0.8,4,45.39,Bronze,South,Good,2021-11-26,0,1
44.0,53.97,616.3,6.0,7,26.3,Bronze,North,Good,2020-05-31,0,1
23.8,59.21,695.5,0.4,9,20.52,Bronze,East,Good,2020-07-19,0,1
40.8,47.72,,1.0,7,5.39,Bronze,South,Average,2020-10-27,1,1
45.4,38.67,695.0,2.1,1,7.64,Gold,North,Poor,2020-11-08,1,1
68.1,21.74,660.3,6.1,9,14.17,Gold,South,Average,2020-09-30,1,1
64.0,37.6,,2.5,10,5.98,Platinum,East,Average,2020-07-31,0,1
76.5,44.76,640.9,5.1,4,32.95,Silver,West,Good,2020-05-03,1,1
62.0,49.17,660.4,0.9,5,8.13,Silver,East,Average,2020-05-23,0,1
44.7,62.18,656.6,7.0,7,7.59,Silver,North,Poor,2021-09-09,0,1
71.3,39.82,585.6,11.1,11,11.85,Gold,North,Average,2021-11-16,0,1
39.7,27.21,586.2,2.3,8,12.26,Bronze,North,Good,2020-09-10,1,1
54.5,28.21,,1.4,6,21.85,Bronze,East,Good,2020-01-23,0,1
45.4,49.86,532.3,1.8,10,20.51,Bronze,West,Poor,2021-04-16,1,1
60.2,85.35,612.8,5.4,5,12.59,Gold,North,Good,2021-05-05,1,1
60.1,100.59,692.1,5.2,10,35.86,Bronze,North,Average,2021-01-01,0,1
71.9,78.38,598.9,3.5,1,15.02,Bronze,South,Good,2021-03-06,1,1
63.9,33.85,691.8,3.3,9,8.17,Platinum,North,Average,2020-01-09,1,1
39.6,179.76,688.1,2.6,6,9.08,Silver,South,Good,2020-10-23,1,1
67.7,127.9,745.9,1.7,18,44.01,Silver,East,Good,2021-05-14,1,1
47.9,32.65,711.2,0.2,9,21.79,Bronze,East,Poor,2020-06-21,0,1
54.1,61.78,685.0,0.3,8,26.6,Bronze,North,Good,2022-01-10,0,1
57.1,50.59,592.9,0.6,7,9.43,Gold,South,Poor,2021-03-14,1,1
60.0,70.71,582.5,3.0,9,4.5,Silver,North,Poor,2022-02-24,0,1
,80.08,744.3,3.8,4,9.51,Gold,South,Average,2020-10-21,1,1
43.8,76.55,644.4,0.9,6,3.83,Bronze,North,Average,2020-07-21,0,1
59.6,61.06,674.4,7.9,5,28.65,Bronze,South,Average,2020-02-16,0,1
58.7,56.74,726.5,0.9,9,20.38,Bronze,North,Average,2020-07-19,1,1
53.5,48.03,731.8,9.4,9,50.62,Bronze,North,Poor,2021-11-24,0,1
83.1,73.92,663.5,6.8,13,102.6,Silver,East,Good,2022-02-25,1,1
35.2,12.53,618.9,6.0,5,9.21,Bronze,West,Average,2020-02-27,0,1
75.8,52.17,639.3,2.0,10,32.43,Bronze,West,Good,2020-08-31,1,1
53.7,40.87,555.0,0.3,13,8.12,Gold,South,Poor,2021-03-25,0,1
46.4,38.99,694.5,3.5,7,18.59,Bronze,South,Average,2021-11-05,0,1
39.4,67.74,708.0,1.5,2,12.58,Platinum,East,Poor,2021-07-12,1,1
27.0,21.55,614.6,8.2,5,13.77,Silver,North,Average,2020-02-27,1,1
37.5,,635.5,4.3,8,6.03,Platinum,East,Good,2021-10-14,0,1
55.4,70.27,550.8,6.4,8,32.3,Gold,North,Average,2021-09-02,0,1
63.7,48.93,680.9,0.4,13,21.61,Silver,North,Poor,2020-02-05,0,1
77.7,70.37,678.1,8.4,8,13.36,Bronze,North,Average,2020-01-24,0,1
49.8,145.06,563.1,9.2,4,13.73,Silver,East,Average,2020-12-15,0,1
43.2,,639.5,0.3,12,12.93,Bronze,East,Average,2021-01-06,0,1
41.3,54.13,666.0,2.4,6,14.13,Bronze,South,Average,2021-02-08,0,1
39.9,55.11,,2.5,7,8.61,Bronze,South,Average,2020-03-01,1,1
28.9,139.09,711.3,5.0,6,8.52,Silver,North,Poor,2021-06-30,1,1
54.9,51.48,610.4,6.0,9,5.83,Bronze,East,Good,2020-06-10,0,1
88.8,60.01,765.4,2.3,5,10.77,Bronze,East,Good,2020-02-21,0,1
38.1,16.86,759.7,0.0,7,20.15,Bronze,East,Good,2020-01-15,0,1
83.3,51.96,665.7,3.0,9,34.35,Bronze,East,Average,2020-11-28,0,1
43.6,51.25,579.1,3.4,10,6.05,Bronze,East,Poor,2020-12-07,0,1
71.3,85.54,617.8,3.1,6,16.23,Silver,North,Poor,2021-11-10,0,1
64.6,60.02,,0.6,7,11.43,Platinum,West,Good,2021-03-28,0,1
66.3,37.89,694.1,1.9,9,22.23,Gold,North,Average,2021-12-16,0,1
32.1,33.12,617.0,1.2,9,5.14,Silver,North,Average,2021-06-21,0,1
74.8,15.14,713.9,2.4,13,8.23,Gold,West,Average,2021-09-20,0,1
49.1,103.14,596.4,1.8,5,12.02,Gold,North,Average,2020-05-19,1,1
27.8,25.23,670.2,8.9,5,16.69,Silver,North,Average,2021-04-04,0,1
77.5,62.65,557.0,0.7,9,14.82,Silver,West,Poor,2020-02-18,0,1
44.3,76.81,686.5,1.2,6,10.11,Silver,North,Average,2021-08-15,0,1
62.5,61.89,551.6,1.8,8,18.67,Bronze,East,Average,2020-03-24,0,1
42.1,48.29,705.3,1.2,8,10.82,Bronze,South,Average,2020-08-20,0,1
44.1,64.03,582.2,0.0,10,19.97,Bronze,South,Good,2021-11-01,0,1
58.4,68.61,629.4,0.5,10,19.04,Silver,West,Average,2020-07-21,1,1
65.5,83.99,636.1,4.3,6,6.47,Bronze,West,Poor,2022-02-05,0,1
39.3,80.79,664.2,0.4,9,16.55,Platinum,North,Average,2021-12-15,1,1
57.7,37.44,710.7,2.8,8,27.56,Bronze,South,Poor,2020-02-20,0,1
34.8,41.57,749.7,8.9,6,13.31,Bronze,East,Good,2020-07-05,0,1
21.6,26.16,685.8,10.1,4,18.47,Bronze,North,Poor,2020-08-14,1,1
43.4,115.35,532.1,1.1,3,59.7,Gold,North,Average,2021-10-01,1,1
44.9,61.0,725.1,1.8,8,17.57,Bronze,East,Good,2021-02-22,0,1
39.1,53.76,644.2,2.2,7,22.34,Bronze,North,Average,2021-05-11,0,1
48.5,,724.4,0.2,12,19.17,Bronze,North,Poor,2020-12-01,0,1
67.6,53.21,601.5,0.0,5,7.84,Bronze,West,Poor,2020-03-15,0,1
55.7,33.68,679.0,0.3,11,14.84,Bronze,North,Good,2022-02-02,0,1
59.0,67.52,722.9,1.3,10,15.71,Platinum,North,Good,2020-06-13,0,1
44.4,112.93,621.6,0.3,7,6.71,Bronze,North,Average,2020-04-21,1,1
58.1,28.49,676.2,3.4,10,8.23,Bronze,South,Good,2020-09-01,0,1
54.6,32.45,625.9,0.2,6,5.46,Silver,East,Good,2020-04-03,1,1
67.5,36.91,681.6,3.7,8,20.88,Bronze,South,Good,2020-01-18,0,1
51.0,77.82,692.2,1.5,6,25.03,Bronze,East,Poor,2020-10-11,0,1
47.4,28.77,679.9,0.7,9,9.27,Bronze,North,Average,2020-11-16,1,1
46.6,36.21,595.4,0.2,1,6.58,Bronze,North,Average,2020-05-23,0,1
46.9,54.35,,5.5,3,11.85,Bronze,East,Average,2020-07-12,0,1
47.2,33.98,610.5,6.9,4,6.59,Bronze,North,Average,2022-01-24,0,1
54.8,40.66,627.5,2.5,5,14.51,Bronze,East,Average,2021-12-04,0,1
60.5,112.34,608.2,1.8,9,15.81,Silver,North,Good,2020-11-11,1,1
48.8,10.75,638.4,1.6,11,8.62,Bronze,East,Good,2022-02-06,0,1
48.1,,601.0,2.1,4,1.67,Silver,West,Good,2021-05-28,1,1
59.2,,630.6,1.1,10,24.76,Bronze,North,Poor,2021-02-21,0,1
,58.61,685.3,0.9,15,3.03,Silver,East,Average,2021-04-22,0,1
54.9,39.46,,4.5,6,13.39,Platinum,East,Average,2021-05-03,0,1
55.9,60.07,634.1,0.4,9,20.36,Silver,North,Good,2021-07-21,0,1
66.1,98.0,603.6,2.7,2,13.87,Bronze,North,Poor,2020-09-23,1,1
42.3,124.52,697.5,4.7,13,31.42,Bronze,East,Average,2021-06-15,0,1
46.4,56.0,,5.6,11,12.25,Silver,North,Good,2020-07-27,0,1
67.7,73.54,585.7,0.9,10,25.36,Gold,East,Poor,2021-06-20,0,1
27.6,36.73,653.9,2.3,8,4.74,Bronze,North,Poor,2020-11-04,0,1
45.1,97.09,677.7,2.7,6,4.12,Gold,North,Average,2020-06-07,1,1
58.3,61.06,678.4,5.3,9,9.94,Bronze,West,Average,2021-06-29,0,1
66.5,117.01,619.2,1.2,6,6.98,Bronze,South,Average,2021-07-02,0,1
59.0,115.06,570.7,3.4,4,3.41,Bronze,South,Poor,2022-03-07,0,1
58.1,152.94,622.4,1.4,9,19.77,Silver,North,Good,2021-01-25,0,1
36.7,96.96,646.9,3.5,3,17.18,Silver,South,Good,2020-02-17,0,1
62.2,72.88,743.1,0.2,5,17.84,Silver,East,Poor,2022-03-08,1,1
58.8,,703.8,1.5,6,13.65,Silver,East,Average,2020-02-27,0,1
78.0,41.11,685.7,7.2,11,38.77,Silver,East,Average,2021-04-06,0,1
49.2,109.83,688.8,2.5,4,15.84,Gold,South,Average,2020-06-23,0,1
57.8,43.11,686.4,0.5,7,6.73,Bronze,South,Good,2021-11-18,0,1
,36.47,,3.6,5,9.33,Platinum,North,Average,2021-12-20,0,1
27.9,50.7,666.6,0.3,8,5.88,Silver,West,Poor,2021-03-06,0,1
50.5,66.13,,13.3,4,18.24,Silver,North,Poor,2020-03-19,1,1
53.4,54.05,599.1,10.2,10,12.73,Silver,East,Poor,2021-11-27,1,1
58.7,24.07,674.3,1.1,6,6.78,Silver,West,Average,2020-08-12,0,1
61.4,39.15,718.0,5.7,11,22.86,Silver,North,Good,2021-08-06,0,1
51.6,44.37,613.4,0.3,11,11.32,Platinum,North,Average,2020-05-07,0,1
79.7,54.97,564.9,0.8,7,26.5,Bronze,East,Poor,2021-02-28,0,1
69.5,28.51,594.5,0.2,5,9.93,Silver,North,Average,2021-03-10,0,1
88.5,28.52,686.6,0.3,10,10.77,Silver,South,Good,2020-01-24,0,1
47.4,38.47,527.2,0.2,6,32.51,Silver,North,Poor,2020-03-05,0,1
69.2,69.65,,1.0,11,7.74,Bronze,East,Average,2020-09-30,0,1
37.1,40.66,682.7,0.8,13,4.84,Bronze,South,Good,2020-02-02,0,1
65.9,161.88,704.9,0.3,4,55.14,Bronze,South,Average,2022-01-24,1,1
45.3,69.11,685.3,12.1,8,4.34,Gold,North,Poor,2020-01-09,0,1
39.0,73.84,670.6,1.6,6,7.48,Bronze,South,Average,2020-01-01,1,1
42.8,53.88,634.9,5.9,7,7.64,Platinum,East,Poor,2022-02-26,1,1
61.2,38.52,687.0,29.0,8,17.82,Platinum,North,Poor,2020-12-26,0,1
65.4,44.35,656.7,2.2,7,13.17,Bronze,East,Good,2021-02-24,0,1
40.2,31.85,659.5,0.9,7,10.56,Bronze,West,Poor,2021-02-07,0,1
68.4,96.13,643.2,8.8,8,9.05,Bronze,North,Good,2021-04-02,0,1
54.7,85.94,,1.0,10,14.34,Gold,West,Poor,2020-09-18,1,1
67.2,,746.9,3.7,9,9.27,Gold,North,Poor,2020-05-10,0,1
27.8,106.39,730.7,2.0,4,5.93,Bronze,East,Good,2020-04-10,1,1
49.0,44.01,682.0,4.6,10,9.76,Bronze,East,Poor,2021-01-21,1,1
57.2,29.54,558.9,1.8,12,28.05,Gold,North,Poor,2020-01-03,1,1
58.5,119.11,605.9,0.0,6,20.61,Bronze,East,Average,2020-10-28,0,1
62.9,63.05,573.4,5.4,10,13.67,Bronze,East,Average,2021-02-04,0,1
58.3,43.05,653.0,2.3,11,18.42,Bronze,South,Average,2021-10-27,0,1
60.2,65.57,640.2,2.6,11,11.79,Bronze,West,Average,2020-08-17,1,1
71.4,53.82,690.2,4.1,8,11.92,Silver,East,Poor,2020-05-21,1,1
46.6,53.74,661.4,2.7,6,41.08,Bronze,North,Average,2021-09-25,0,1
36.7,65.67,,5.8,9,18.82,Gold,East,Good,2021-04-09,0,1
51.8,78.94,652.4,1.2,12,12.43,Platinum,South,Average,2021-07-01,1,1
52.3,47.29,685.7,0.2,5,25.78,Bronze,East,Average,2022-01-19,0,1
35.2,37.94,592.4,3.7,12,10.27,Bronze,East,Good,2021-06-03,1,1
53.3,89.39,610.1,7.9,3,21.9,Bronze,East,Good,2020-11-16,0,1
78.8,33.92,671.7,0.9,6,10.09,Bronze,North,Poor,2021-04-11,0,1
32.0,64.41,615.7,1.2,5,8.06,Silver,East,Average,2021-11-02,1,1
48.1,36.02,614.7,1.2,7,13.46,Silver,South,Average,2020-06-20,0,1
65.0,38.15,739.2,10.9,6,19.45,Bronze,West,Average,2021-12-06,1,1
63.2,61.01,651.3,2.8,11,10.22,Bronze,East,Good,2020-07-28,1,1
52.9,58.66,715.5,4.0,10,5.75,Silver,North,Good,2022-01-23,0,1
19.1,37.9,624.0,0.6,7,6.09,Silver,South,Average,2021-01-04,0,1
40.3,21.23,591.4,1.1,8,7.38,Bronze,South,Average,2021-06-10,0,1
62.3,52.16,620.3,1.2,13,12.79,Gold,East,Poor,2020-07-15,0,1
73.5,75.7,630.2,3.2,17,14.63,Silver,North,Good,2020-10-28,0,1
35.3,113.32,744.6,2.8,10,9.4,Bronze,South,Poor,2020-01-15,0,1
56.6,,696.6,0.8,7,25.18,Bronze,North,Good,2020-01-25,0,1
36.4,122.39,680.9,0.3,8,9.32,Gold,North,Poor,2022-01-06,1,1
35.7,60.41,647.8,1.3,16,19.63,Silver,North,Average,2020-09-30,0,1
24.6,47.09,593.1,0.2,4,20.64,Bronze,South,Average,2020-07-11,0,1
82.9,43.52,583.5,0.0,15,17.23,Bronze,East,Good,2020-10-09,0,1
40.1,82.48,627.6,0.5,8,10.28,Platinum,North,Poor,2021-08-30,0,1
75.6,173.43,718.9,3.7,6,15.75,Platinum,North,Average,2020-12-07,0,1
49.6,89.34,607.1,3.9,11,15.87,Bronze,East,Average,2021-09-01,1,1
41.9,77.05,621.9,2.5,7,11.71,Bronze,North,Good,2020-05-29,1,1
45.5,35.53,641.7,1.6,5,9.91,Bronze,North,Average,2021-01-10,1,1
71.6,74.37,761.0,6.5,11,9.21,Silver,East,Poor,2021-06-06,0,1
44.8,40.45,644.0,2.8,9,16.46,Silver,North,Average,2022-02-02,0,1
59.2,114.14,605.3,10.1,11,5.12,Bronze,South,Good,2021-09-21,1,1
72.6,74.89,707.7,0.5,7,21.47,Gold,North,Poor,2021-05-14,1,1
47.1,95.14,620.9,0.8,9,12.11,Bronze,East,Good,2020-07-30,1,1
59.0,99.83,707.7,7.3,5,10.54,Bronze,South,Average,2021-12-18,0,1
10.1,75.46,775.4,4.7,6,6.92,Silver,North,Average,2021-09-22,0,1
51.8,65.58,677.5,1.5,9,11.77,Bronze,North,Poor,2020-01-26,0,1
51.0,44.67,,1.5,7,23.97,Gold,South,Average,2021-07-15,0,1
47.2,26.83,640.1,3.7,4,36.85,Silver,West,Poor,2020-01-27,1,1
60.3,70.78,575.5,0.4,8,10.01,Bronze,North,Poor,2020-01-01,0,1
73.0,51.82,660.6,0.3,4,25.21,Gold,South,Average,2020-08-08,0,1
45.0,48.63,693.9,8.0,9,8.88,Bronze,North,Average,2021-02-12,0,1
49.1,31.89,649.5,17.0,14,8.55,Silver,North,Good,2021-08-07,0,1
33.3,70.79,606.1,3.9,10,20.45,Silver,South,Average,2020-01-07,1,1
54.2,42.85,622.9,7.9,3,17.74,Platinum,South,Poor,2021-09-05,0,1
57.2,56.48,672.5,1.4,6,5.59,Bronze,East,Average,2020-09-21,0,1
55.6,110.15,664.6,3.3,7,14.62,Silver,East,Average,2020-02-13,0,1
68.8,47.72,703.8,0.6,7,13.65,Bronze,South,Poor,2020-05-01,0,1
72.3,47.69,568.5,2.6,7,2.72,Bronze,East,Average,2020-10-29,0,1
64.6,26.76,561.7,1.9,11,7.85,Bronze,North,Average,2020-04-11,0,1
87.1,49.07,705.0,0.2,10,5.32,Platinum,North,Poor,2020-07-01,1,1
39.2,47.91,592.1,4.9,8,11.07,Silver,South,Average,2021-12-29,0,1
44.4,,646.6,0.0,6,14.08,Silver,West,Poor,2021-05-18,0,1
61.6,38.28,550.8,3.9,5,14.38,Platinum,North,Poor,2021-01-22,0,1
58.9,42.01,712.4,10.4,8,14.37,Bronze,East,Average,2021-04-03,1,1
97.8,17.08,630.5,4.0,6,8.06,Bronze,East,Good,2020-04-06,0,1
53.4,71.02,613.4,2.1,7,6.75,Gold,East,Poor,2020-06-11,0,1
53.4,73.98,539.9,1.1,6,22.87,Silver,North,Good,2021-11-24,1,1
62.0,,625.4,0.5,10,36.21,Platinum,South,Average,2021-02-09,0,1
63.0,79.89,727.2,1.7,9,9.64,Gold,West,Average,2020-03-26,0,1
45.4,64.22,561.7,3.7,2,5.09,Gold,East,Good,2022-02-10,1,1
56.7,37.67,744.6,0.9,12,10.26,Bronze,East,Average,2020-12-17,0,1
43.3,35.23,543.5,0.8,7,13.62,Platinum,East,Poor,2020-02-17,1,1
74.4,38.07,557.9,6.7,7,17.78,Bronze,West,Poor,2020-12-12,1,1
61.7,43.52,658.2,2.6,5,8.34,Bronze,East,Good,2020-06-09,0,1
30.4,,659.1,7.5,6,8.87,Bronze,South,Average,2020-05-18,0,1
52.0,58.17,625.2,10.8,13,26.74,Gold,North,Average,2021-12-02,1,1
53.2,88.83,615.3,2.6,3,10.15,Silver,North,Poor,2020-12-21,1,1
49.6,87.39,619.9,1.3,10,14.07,Bronze,North,Good,2021-03-15,0,1
54.3,36.89,690.3,0.3,4,23.73,Bronze,East,Poor,2021-01-03,0,1
42.1,39.68,,2.2,7,10.04,Gold,West,Average,2020-04-25,0,1
32.2,53.03,832.0,2.0,10,5.88,Bronze,North,Poor,2021-06-02,0,1
51.3,20.25,642.7,1.8,3,23.98,Silver,North,Average,2021-04-08,0,1
42.7,71.51,580.7,2.9,11,23.3,Bronze,North,Average,2020-06-29,0,1
62.2,46.09,649.2,4.0,10,10.81,Silver,West,Average,2020-07-21,0,1
53.5,43.09,702.1,0.3,6,4.71,Silver,North,Poor,2021-09-16,1,1
80.7,44.56,571.6,0.2,6,3.96,Silver,East,Average,2021-08-13,0,1
46.9,203.27,763.1,1.4,8,3.51,Bronze,South,Good,2020-03-21,1,1
69.1,80.29,752.2,1.8,9,6.6,Silver,North,Poor,2021-07-21,0,1
88.1,78.15,688.8,6.0,8,11.57,Silver,North,Good,2021-10-21,1,1
61.1,44.28,720.6,1.7,8,6.32,Silver,North,Average,2020-01-24,1,1
47.4,38.98,696.4,1.0,9,8.71,Bronze,North,Poor,2021-03-28,0,1
27.4,28.69,619.2,2.5,9,10.88,Bronze,North,Poor,2020-09-17,0,1
49.0,42.15,656.1,2.6,8,6.02,Bronze,South,Good,2020-10-23,0,1
51.7,35.17,610.8,6.6,9,5.95,Gold,East,Poor,2020-04-29,0,1
47.7,58.62,611.1,1.3,6,50.62,Silver,North,Poor,2020-04-24,0,1
71.5,33.45,625.4,11.0,8,12.33,Platinum,West,Poor,2020-10-29,0,1
73.1,29.81,766.9,2.1,6,10.07,Silver,North,Good,2020-08-16,0,1
56.8,38.27,694.6,2.3,11,28.32,Bronze,North,Average,2021-07-19,0,1
27.5,20.82,539.9,9.0,4,6.95,Bronze,North,Average,2021-05-06,0,1
55.5,46.52,754.9,5.2,6,20.42,Gold,North,Average,2020-06-20,0,1
36.5,44.41,684.8,1.3,4,15.48,Bronze,East,Poor,2021-05-08,0,1
66.8,39.16,583.1,4.9,7,10.55,Bronze,East,Average,2021-12-14,0,1
67.2,82.03,669.3,0.4,5,16.04,Gold,North,Average,2021-03-01,1,1
42.7,65.12,589.0,2.9,9,11.11,Bronze,North,Average,2021-02-08,1,1
,92.3,672.0,0.6,9,13.83,Bronze,South,Average,2020-07-23,0,1
58.2,77.78,619.9,2.7,3,7.44,Silver,East,Poor,2021-08-24,0,1
51.6,40.77,642.6,0.7,7,7.61,Silver,South,Average,2020-12-18,1,1
25.2,36.38,581.3,5.6,12,12.28,Silver,East,Average,2020-05-01,0,1
74.0,,,7.3,10,18.22,Bronze,South,Poor,2022-02-13,1,1
38.5,,692.8,3.5,8,10.9,Silver,East,Poor,2020-05-07,1,1
61.2,49.15,657.3,9.5,9,4.8,Gold,North,Average,2021-12-30,1,1
18.0,156.64,707.4,8.7,10,27.91,Bronze,East,Average,2021-06-29,0,1
72.7,45.83,591.6,2.2,5,15.08,Silver,West,Average,2020-11-20,0,1
41.4,19.01,719.6,0.6,5,30.93,Gold,South,Poor,2021-05-04,0,1
63.8,68.31,571.0,0.7,12,8.32,Bronze,East,Poor,2020-12-02,1,1
32.5,17.39,650.4,10.9,4,14.11,Silver,East,Good,2021-10-05,1,1
87.8,25.88,709.5,2.3,7,23.06,Bronze,North,Poor,2022-02-20,0,1
40.9,35.96,591.5,1.1,10,10.9,Bronze,East,Poor,2021-04-15,0,1
51.9,60.53,598.9,3.9,6,22.57,Bronze,East,Good,2020-08-24,0,1
60.6,120.76,674.4,3.2,5,10.32,Bronze,North,Good,2021-12-19,0,1
76.0,19.29,673.6,0.7,8,24.93,Bronze,East,Good,2022-02-08,0,1
52.2,96.92,651.0,4.2,7,8.72,Platinum,West,Poor,2021-03-30,0,1
82.5,59.28,630.7,2.6,12,9.84,Bronze,East,Poor,2020-09-13,0,1
40.1,34.72,670.7,1.3,10,4.57,Bronze,North,Average,2021-07-20,0,1
53.4,81.77,798.0,2.6,5,14.78,Silver,East,Good,2021-01-03,1,1
55.2,45.22,420.8,3.0,8,30.37,Silver,North,Average,2022-01-09,0,1
77.6,45.9,605.8,0.4,10,24.48,Bronze,North,Poor,2020-02-23,0,1
56.0,58.78,667.2,12.7,11,18.71,Bronze,South,Average,2021-09-14,0,1
82.1,39.13,661.1,5.3,10,6.89,Gold,North,Good,2021-10-15,0,1
66.9,50.15,672.1,2.5,6,13.36,Silver,South,Average,2020-02-17,0,1
,217.49,641.4,3.4,5,15.08,Bronze,East,Good,2020-04-07,0,1
42.1,55.42,655.3,4.2,2,12.79,Silver,East,Average,2020-09-12,0,1
66.0,48.41,686.8,1.5,7,29.45,Bronze,East,Good,2021-03-14,1,1
55.1,43.56,706.2,0.4,8,30.2,Silver,East,Good,2021-05-04,0,1
53.6,36.76,695.9,0.7,5,11.22,Silver,East,Good,2020-07-23,0,1
65.5,36.14,724.7,2.9,9,20.88,Bronze,North,Good,2021-08-04,0,1
57.8,82.94,591.0,0.2,3,12.41,Silver,North,Good,2020-03-04,0,1
70.2,51.72,607.0,1.9,7,29.87,Silver,West,Poor,2020-08-28,1,1
49.9,30.23,591.4,0.5,13,6.16,Gold,South,Good,2021-06-24,1,1
72.2,71.05,553.5,2.3,10,29.69,Bronze,North,Good,2021-05-04,0,1
54.0,53.2,661.2,0.4,10,15.35,Silver,East,Average,2021-04-02,0,1
,60.37,674.9,1.4,14,17.59,Bronze,South,Good,2020-04-13,0,1
83.2,21.31,602.4,0.0,8,10.8,Bronze,South,Good,2021-03-24,0,1
54.9,77.4,723.5,2.4,7,11.75,Gold,East,Average,2021-09-21,0,1
31.7,111.94,630.7,2.6,9,27.17,Bronze,South,Average,2020-05-26,0,1
37.4,97.09,625.9,1.3,12,22.27,Bronze,South,Poor,2020-05-12,0,1
30.2,49.2,636.4,2.7,5,8.38,Platinum,West,Average,2021-06-04,1,1
28.6,41.91,662.7,2.4,9,7.39,Bronze,North,Average,2021-06-25,1,1
48.5,121.64,700.8,2.7,12,15.61,Bronze,South,Average,2021-08-02,1,1
,41.46,673.2,6.6,9,3.21,Platinum,North,Average,2021-10-02,1,1
37.7,88.51,766.8,2.6,11,20.21,Silver,East,Average,2020-06-29,1,1
59.9,95.44,600.6,0.9,10,13.76,Platinum,East,Good,2021-03-10,1,1
85.0,66.15,630.4,1.4,11,21.08,Bronze,North,Average,2020-11-11,0,1
57.9,45.23,685.6,4.7,7,15.11,Gold,South,Average,2020-01-15,0,1
57.5,115.9,720.8,0.7,7,8.41,Silver,North,Average,2021-03-26,0,1
63.3,34.14,621.1,1.2,8,10.7,Bronze,North,Poor,2021-03-11,0,1
38.2,49.86,737.5,0.8,7,9.77,Gold,South,Good,2021-07-19,1,1
56.9,54.01,673.6,1.1,13,16.08,Silver,East,Average,2021-06-12,0,1
54.0,33.59,720.8,6.1,10,17.0,Silver,North,Good,2021-06-17,0,1
44.2,89.64,618.4,0.0,10,11.98,Bronze,East,Poor,2021-04-27,0,1
69.1,144.33,534.1,6.8,8,7.4,Gold,East,Good,2021-04-21,1,1
80.2,60.6,668.4,0.9,12,6.55,Bronze,East,Average,2021-04-23,0,1
88.3,74.22,626.3,4.6,10,5.73,Gold,North,Good,2021-11-06,0,1
36.9,119.88,,1.8,8,22.2,Silver,North,Poor,2020-07-27,1,1
45.0,,671.8,0.5,8,12.82,Gold,South,Average,2020-02-06,1,1
77.2,26.08,627.2,3.5,5,5.31,Bronze,East,Average,2020-09-20,0,1
65.4,23.29,698.7,0.8,7,11.62,Bronze,East,Average,2020-10-24,0,1
85.8,80.73,660.3,2.7,5,17.59,Silver,North,Poor,2020-01-27,0,1
83.6,43.39,633.7,1.5,13,16.81,Bronze,East,Good,2020-03-26,0,1
40.4,114.51,598.4,0.8,9,3.86,Silver,North,Average,2020-07-23,0,1
62.5,,737.6,0.5,6,3.47,Silver,North,Good,2021-03-23,0,1
55.8,57.78,601.2,2.4,6,130.72,Bronze,North,Average,2022-02-22,1,1
47.9,86.68,636.3,2.5,4,17.33,Gold,North,Good,2021-06-08,1,1
36.4,31.78,611.9,3.3,5,18.25,Platinum,North,Poor,2020-07-04,1,1
53.3,44.4,734.5,5.3,6,7.74,Silver,South,Poor,2020-07-29,0,1
14.3,53.44,686.8,2.4,9,23.19,Bronze,East,Average,2022-01-08,1,1
10.1,48.67,661.2,1.2,8,9.72,Bronze,North,Good,2021-09-16,0,1
47.9,19.59,621.0,3.3,13,21.46,Silver,East,Good,2020-03-10,0,1
51.8,31.05,708.3,1.7,9,40.23,Bronze,North,Good,2021-04-16,0,1
63.3,59.43,560.1,4.3,11,8.2,Silver,North,Good,2020-04-15,1,1
66.0,43.53,691.2,2.7,10,12.31,Gold,West,Poor,2020-09-17,0,1
42.7,64.9,662.7,6.7,8,6.9,Bronze,North,Average,2021-02-14,0,1
41.9,42.27,643.6,1.4,5,8.69,Bronze,East,Poor,2020-07-11,0,1
66.6,15.35,606.3,4.5,4,12.73,Bronze,South,Poor,2021-05-18,0,1
62.9,58.91,785.3,2.5,3,6.04,Bronze,North,Good,2020-07-10,0,1
49.1,69.5,720.7,5.0,11,12.57,Gold,North,Good,2020-04-27,0,1
74.8,60.76,672.2,12.5,7,21.67,Bronze,West,Average,2021-02-23,0,1
63.1,53.24,681.9,1.2,7,5.97,Bronze,North,Poor,2020-04-25,0,1
36.1,46.0,699.3,1.4,9,14.96,Bronze,North,Good,2020-09-07,1,1
74.4,52.46,761.2,0.6,5,28.59,Bronze,North,Average,2021-06-11,0,1
73.7,62.5,597.9,0.5,10,3.85,Bronze,West,Poor,2021-11-30,0,1
39.1,38.41,573.8,0.4,7,7.06,Gold,East,Good,2021-07-19,0,1
66.6,50.06,629.0,2.1,10,6.09,Bronze,East,Good,2021-07-06,0,1
56.6,38.81,724.3,0.9,11,7.05,Bronze,West,Average,2022-01-21,0,1
37.0,37.59,671.0,10.0,10,10.23,Silver,East,Average,2020-06-14,0,1
63.6,257.46,678.2,1.5,6,12.64,Bronze,South,Average,2021-06-06,1,1
,,581.6,18.0,5,21.86,Silver,North,Good,2020-06-17,0,1
68.7,92.43,584.2,21.6,8,8.99,Platinum,East,Poor,2021-05-08,1,1
38.5,41.52,657.5,4.0,7,14.68,Bronze,North,Average,2020-02-02,0,1
44.6,,610.1,0.7,9,7.05,Silver,East,Good,2021-04-06,0,1
65.4,35.64,680.6,1.6,8,26.69,Bronze,East,Poor,2022-02-16,0,1
64.0,40.7,577.4,3.1,9,15.21,Bronze,East,Poor,2020-07-08,0,1
60.3,35.68,735.4,1.0,12,19.56,Bronze,North,Good,2021-02-05,0,1
91.2,37.04,658.8,3.7,9,15.81,Bronze,North,Average,2022-01-09,0,1
64.2,37.57,653.3,2.6,5,8.99,Gold,South,Poor,2020-03-06,1,1
72.4,33.76,679.7,0.1,10,5.82,Bronze,North,Poor,2021-12-27,0,1
43.2,33.77,643.5,0.2,9,43.76,Bronze,South,Poor,2021-01-04,0,1
52.1,,699.4,8.7,9,2.38,Bronze,South,Good,2021-03-29,0,1
58.4,109.57,667.1,1.3,4,3.33,Bronze,West,Good,2020-05-31,1,1
54.8,93.96,743.2,2.0,8,13.61,Bronze,South,Average,2021-05-07,0,1
74.0,60.32,647.7,0.8,12,22.81,Bronze,East,Average,2021-05-22,0,1
42.1,41.63,674.7,1.8,3,12.06,Bronze,East,Average,2022-01-21,1,1
73.1,77.66,573.3,1.2,8,11.29,Gold,North,Poor,2021-07-23,0,1
45.4,144.32,639.0,1.2,10,19.76,Bronze,North,Average,2020-01-05,0,1
48.7,113.38,633.3,6.6,8,12.14,Bronze,West,Good,2021-10-07,1,1
51.2,157.22,682.9,0.1,6,16.66,Gold,North,Average,2021-01-31,1,1
53.6,137.0,608.0,4.9,10,7.74,Platinum,East,Good,2020-07-27,1,1
51.9,74.24,626.6,1.6,9,9.76,Silver,North,Average,2021-01-08,1,1
49.2,60.34,728.0,5.2,9,20.35,Silver,North,Poor,2022-01-05,0,1
80.8,56.38,721.6,2.3,7,3.45,Bronze,North,Average,2021-04-07,0,1
33.3,55.6,684.9,0.8,9,8.91,Bronze,East,Good,2021-01-16,0,1
47.0,48.48,635.9,1.0,16,3.06,Bronze,West,Poor,2021-11-21,0,1
67.0,38.71,563.3,0.1,16,23.83,Silver,South,Poor,2021-12-10,0,1
44.2,25.42,566.6,12.4,8,18.52,Gold,North,Poor,2021-10-31,0,1
31.3,,,0.9,13,16.2,Silver,East,Good,2020-09-06,0,1
39.8,45.84,632.1,0.1,4,13.91,Silver,East,Average,2020-05-05,0,1
56.3,94.03,679.0,2.2,10,8.88,Bronze,North,Good,2020-08-29,0,1
32.3,87.62,644.4,0.1,10,11.29,Bronze,East,Poor,2020-01-25,0,1
89.5,27.96,638.7,0.9,7,7.7,Bronze,North,Good,2022-01-27,0,1
70.9,64.92,572.0,12.8,10,6.61,Gold,North,Good,2022-01-14,1,1
45.6,48.06,689.7,1.4,5,19.21,Gold,North,Average,2020-05-10,0,1
66.7,114.47,596.8,0.1,10,7.23,Platinum,East,Good,2020-04-27,1,1
70.4,39.92,703.2,1.9,6,4.52,Bronze,East,Poor,2020-05-14,1,1
47.2,42.42,638.4,3.3,5,10.82,Platinum,East,Average,2021-07-16,1,1
41.2,35.36,668.3,2.0,7,12.29,Silver,North,Good,2020-12-02,0,1
50.0,71.68,626.5,1.7,10,22.0,Gold,North,Average,2020-02-12,0,1
42.9,64.51,639.2,1.4,5,5.98,Bronze,North,Good,2020-05-11,0,1
48.4,44.85,656.8,5.0,9,18.2,Bronze,South,Poor,2021-07-17,0,1
56.6,32.71,677.3,0.6,5,20.31,Gold,North,Poor,2020-05-14,1,1
82.4,55.65,678.6,0.3,11,7.19,Bronze,North,Average,2021-09-25,0,1
40.9,63.47,633.7,0.6,11,19.35,Bronze,North,Good,2020-03-19,1,1
62.5,86.21,661.8,1.9,10,56.53,Gold,East,Poor,2022-02-08,0,1
43.4,31.69,544.0,0.8,7,27.68,Bronze,East,Poor,2020-10-02,0,1
73.1,55.81,647.9,0.1,7,21.34,Bronze,North,Average,2020-09-05,0,1
59.4,65.68,639.0,5.1,12,15.05,Bronze,East,Good,2021-06-09,0,1
80.3,55.63,554.9,5.1,7,16.15,Bronze,East,Average,2020-12-27,0,1
42.2,204.06,611.0,0.1,10,22.99,Bronze,South,Average,2021-06-10,0,1
43.3,44.99,638.5,2.9,8,10.69,Gold,North,Average,2021-08-24,0,1
45.6,61.33,520.7,2.6,9,3.03,Silver,East,Good,2021-01-22,1,1
70.6,31.44,749.9,5.0,5,12.71,Bronze,South,Poor,2021-06-09,0,1
48.9,68.12,745.0,0.6,7,4.46,Bronze,South,Poor,2022-03-07,0,1
74.8,165.63,638.4,3.6,9,17.7,Gold,South,Average,2021-01-19,0,1
46.7,37.58,743.9,6.4,8,27.21,Silver,North,Average,2022-02-26,0,1
54.6,78.7,708.1,3.7,11,7.55,Bronze,North,Average,2021-09-29,0,1
75.3,69.43,632.2,1.4,11,7.55,Bronze,North,Good,2020-11-30,1,1
20.7,38.25,613.1,0.2,8,20.25,Silver,West,Average,2021-05-29,0,1
75.5,52.56,639.8,2.5,12,22.01,Gold,East,Average,2020-03-22,0,1
41.8,58.51,651.4,2.1,8,4.69,Gold,South,Poor,2020-10-30,1,1
41.4,44.78,647.1,5.2,8,36.56,Platinum,North,Average,2022-02-16,0,1
51.1,69.72,573.0,1.1,8,5.56,Silver,North,Good,2020-10-23,0,1
47.9,58.56,557.8,4.0,7,8.75,Bronze,East,Good,2020-07-17,0,1
45.4,35.67,727.9,7.0,4,6.85,Bronze,East,Poor,2021-11-26,0,1
52.5,67.99,687.6,3.5,7,16.77,Bronze,North,Good,2020-10-10,0,1
68.6,25.79,652.0,4.8,10,10.73,Bronze,North,Average,2021-03-03,0,1
54.2,59.93,692.4,9.9,9,10.3,Bronze,East,Average,2022-01-13,1,1
44.2,106.81,667.0,3.0,12,3.49,Silver,East,Average,2020-03-18,0,1
92.8,58.81,614.7,1.1,6,26.23,Bronze,West,Poor,2020-01-03,0,1
42.8,49.46,632.2,2.5,12,12.27,Bronze,South,Poor,2020-10-28,1,1
62.6,72.49,588.5,1.8,10,14.84,Silver,South,Average,2021-03-27,0,1
45.0,17.1,580.0,1.8,5,6.94,Silver,East,Average,2020-09-18,0,1
60.2,81.82,688.1,1.5,12,8.14,Bronze,North,Poor,2020-08-19,0,1
65.2,219.24,676.4,3.5,7,5.45,Silver,South,Average,2020-12-08,0,1
65.4,81.31,706.6,1.8,10,6.8,Bronze,South,Average,2021-02-19,0,1
54.3,24.76,646.8,5.3,8,28.37,Bronze,South,Average,2021-11-04,0,1
75.0,26.4,720.3,7.3,13,4.36,Bronze,South,Poor,2021-12-29,0,1
36.4,72.63,674.6,14.0,9,4.03,Bronze,North,Good,2020-01-23,0,1
68.4,91.03,632.5,6.9,7,8.41,Bronze,West,Good,2022-01-26,0,1
52.4,73.88,689.8,1.6,7,16.41,Bronze,East,Poor,2021-09-25,0,1
50.7,158.83,584.0,4.8,6,6.18,Bronze,North,Good,2021-07-11,1,1
64.3,65.75,551.1,1.7,6,11.85,Bronze,South,Good,2020-11-19,1,1
61.9,51.59,617.8,2.3,8,17.69,Silver,East,Good,2020-12-23,0,1
66.1,36.9,698.5,2.2,12,4.25,Silver,East,Poor,2021-02-18,0,1
64.7,80.25,,1.5,9,12.93,Bronze,East,Average,2020-10-18,0,1
58.2,87.62,,5.7,5,9.97,Gold,West,Good,2021-09-23,1,1
49.9,36.51,713.3,2.4,4,8.94,Bronze,South,Poor,2021-07-19,0,1
43.8,71.53,657.9,0.6,12,15.35,Silver,North,Poor,2020-04-20,1,1
36.9,89.27,640.9,3.0,9,9.22,Gold,East,Average,2021-11-25,0,1
74.7,97.71,620.5,0.6,7,18.6,Bronze,North,Good,2020-06-25,1,1
75.3,55.07,585.2,2.4,11,20.86,Bronze,North,Average,2021-11-08,0,1
58.8,87.72,641.9,1.3,10,16.06,Silver,West,Average,2022-01-02,1,1
54.9,58.71,652.1,3.4,8,5.76,Platinum,East,Good,2021-01-01,0,1
34.9,23.61,562.7,6.5,6,18.4,Bronze,North,Average,2020-06-04,0,1
64.7,32.98,664.4,2.4,9,7.31,Gold,East,Poor,2020-06-04,0,1
53.1,115.81,725.7,3.8,10,23.77,Bronze,East,Poor,2020-10-11,0,1
43.8,37.18,625.2,1.1,9,10.22,Bronze,North,Good,2021-04-21,1,1
49.0,34.85,588.7,0.5,11,8.06,Silver,North,Good,2021-07-27,0,1
52.4,26.22,619.7,2.1,7,14.91,Gold,West,Good,2021-11-06,0,1
58.2,52.98,564.0,0.0,8,34.97,Bronze,West,Poor,2020-08-18,0,1
39.2,54.93,594.0,0.8,11,6.3,Bronze,East,Good,2021-11-04,0,1
71.5,51.86,637.5,1.0,9,11.41,Silver,North,Average,2021-04-26,0,1
72.5,46.5,674.4,0.6,9,5.08,Bronze,North,Poor,2020-07-07,0,1
51.8,45.98,635.4,4.0,6,6.26,Bronze,North,Average,2022-01-23,1,1
33.1,47.58,613.3,0.4,4,15.89,Silver,South,Good,2020-09-08,0,1
71.5,37.41,665.2,5.8,5,21.33,Bronze,East,Average,2022-02-22,0,1
73.0,79.22,663.1,2.7,5,23.02,Gold,South,Poor,2021-07-14,0,1
61.1,48.15,542.6,2.2,7,13.74,Bronze,South,Average,2020-01-24,0,1
60.9,38.81,639.4,4.7,6,5.54,Bronze,East,Average,2021-05-19,1,1
,59.15,711.2,4.1,7,10.29,Silver,South,Good,2022-02-13,0,1
48.8,54.84,643.0,0.1,10,20.61,Silver,North,Average,2021-11-06,0,1
35.6,70.44,680.0,7.5,10,15.97,Silver,East,Poor,2020-09-04,1,1
43.1,61.06,586.5,0.2,11,4.82,Bronze,East,Average,2020-10-29,0,1
99.0,62.72,656.8,4.1,7,10.55,Silver,East,Average,2021-01-30,1,1
55.9,130.48,603.4,0.7,7,6.18,Silver,North,Average,2021-06-01,0,1
64.1,51.77,639.0,3.1,7,19.05,Silver,North,Average,2020-06-30,0,1
47.5,75.97,677.3,0.7,4,6.05,Silver,North,Poor,2021-09-22,0,1
56.1,82.56,610.5,5.3,8,14.19,Gold,South,Average,2020-06-02,1,1
39.1,55.46,685.2,6.3,7,5.79,Bronze,West,Average,2020-04-02,1,1
53.0,55.31,723.9,2.8,6,16.25,Bronze,South,Good,2020-12-11,0,1
63.7,48.94,746.9,0.5,9,16.86,Bronze,North,Good,2020-04-01,0,1
31.4,47.67,643.5,4.6,6,14.28,Platinum,North,Average,2020-11-19,0,1
33.9,26.01,759.5,0.1,5,10.04,Gold,East,Poor,2020-11-09,0,1
52.7,131.6,566.5,3.2,11,9.26,Bronze,North,Good,2021-09-01,0,1
46.2,107.11,594.6,0.7,4,5.09,Silver,East,Good,2020-10-18,0,1
77.8,41.64,598.9,0.3,10,21.65,Bronze,North,Average,2021-05-08,0,1
54.7,36.63,664.3,2.4,5,3.19,Silver,East,Poor,2021-01-27,1,1
78.8,56.14,666.1,5.2,9,11.58,Bronze,North,Average,2021-04-24,0,1
60.8,64.02,703.8,1.8,9,6.09,Bronze,East,Average,2021-10-03,0,1
62.5,,617.8,4.4,12,9.59,Bronze,North,Good,2020-08-20,1,1
66.1,25.83,669.8,0.2,12,10.48,Silver,South,Poor,2021-12-23,1,1
21.5,52.08,657.8,3.4,9,19.12,Platinum,North,Average,2020-09-06,1,1
82.0,50.91,616.1,4.2,7,16.15,Silver,South,Good,2020-05-19,0,1
53.9,,684.1,2.0,5,6.09,Bronze,North,Average,2021-04-23,1,1
77.9,55.3,541.1,4.3,8,3.4,Bronze,North,Average,2021-11-25,1,1
40.2,30.93,565.7,0.1,10,11.68,Silver,East,Poor,2021-10-12,0,1
72.0,74.63,677.1,1.1,8,20.21,Silver,North,Average,2021-07-29,0,1
53.9,29.82,717.3,3.2,7,13.96,Silver,North,Average,2021-01-08,0,1
54.4,97.77,622.8,1.0,9,12.81,Bronze,South,Poor,2020-02-16,1,1
29.5,24.69,611.1,11.0,12,8.01,Silver,North,Average,2020-07-26,0,1
62.0,241.75,577.3,0.7,8,2.34,Bronze,North,Poor,2021-04-02,1,1
44.7,73.0,632.8,2.3,9,7.53,Silver,East,Average,2020-07-22,0,1
68.7,67.92,660.1,4.1,8,16.22,Bronze,East,Poor,2021-07-06,0,1
56.3,38.49,737.6,3.6,12,22.6,Gold,East,Poor,2021-09-18,0,1
46.8,,635.2,3.2,10,15.58,Gold,West,Average,2020-06-26,1,1
50.5,68.71,641.4,0.8,9,20.9,Gold,South,Poor,2020-02-03,0,1
,70.88,575.3,0.8,6,15.05,Bronze,West,Good,2020-10-14,1,1
36.8,,644.3,1.3,9,8.61,Bronze,West,Good,2021-03-26,0,1
53.4,80.88,484.9,1.7,7,16.12,Bronze,West,Poor,2021-02-11,0,1
33.6,145.25,665.9,2.7,10,18.06,Platinum,North,Average,2020-07-20,0,1
45.8,16.33,642.5,2.1,8,15.47,Bronze,East,Poor,2021-04-16,0,1
21.6,68.46,714.1,5.1,9,23.79,Silver,West,Poor,2020-11-13,0,1
68.9,43.83,725.6,4.4,8,20.52,Bronze,North,Average,2020-06-28,0,1
28.6,85.56,580.8,1.3,9,8.44,Bronze,North,Average,2021-02-21,0,1
88.1,79.88,713.0,2.2,9,15.07,Silver,East,Poor,2020-07-02,0,1
74.7,110.88,617.8,2.0,11,20.81,Bronze,North,Average,2020-09-11,0,1
67.4,25.98,590.8,11.6,6,9.49,Silver,West,Average,2021-07-05,1,1
50.6,24.11,670.8,0.6,17,50.01,Bronze,South,Average,2021-11-26,0,1
37.7,131.01,692.6,5.4,10,12.57,Bronze,North,Average,2020-05-03,0,1
51.3,47.2,731.0,1.7,9,3.52,Bronze,East,Good,2021-04-15,1,1
44.3,36.83,592.6,1.0,8,4.61,Bronze,South,Poor,2020-09-26,0,1
45.2,15.62,640.9,5.6,6,12.12,Gold,East,Poor,2020-08-30,0,1
78.4,50.39,731.5,2.2,8,16.04,Silver,South,Poor,2021-09-30,1,1
42.4,54.95,641.7,0.4,7,6.18,Bronze,North,Average,2021-12-27,1,1
,49.49,624.5,0.9,10,6.08,Bronze,North,Average,2020-04-22,0,1
71.1,22.9,629.5,0.1,7,11.97,Bronze,East,Poor,2020-05-17,0,1
51.7,50.79,661.7,0.3,8,18.79,Bronze,North,Average,2021-07-14,0,1
58.2,80.06,542.9,11.7,6,41.41,Bronze,West,Good,2020-10-15,0,1
57.3,63.08,664.4,4.3,8,12.36,Bronze,South,Average,2021-06-20,0,1
19.2,26.61,722.7,3.2,4,22.29,Gold,North,Poor,2020-01-25,0,1
30.1,139.07,630.3,1.1,6,9.95,Bronze,East,Average,2020-05-03,0,1
71.1,70.45,590.0,0.3,9,5.18,Bronze,North,Good,2020-10-20,0,1
60.7,,702.8,0.7,10,15.62,Silver,East,Average,2021-05-08,0,1
54.7,125.39,655.7,1.2,5,20.61,Silver,North,Good,2020-07-25,0,1
48.4,101.36,779.1,4.9,9,7.15,Bronze,North,Good,2021-03-02,0,1
44.3,132.99,729.3,0.2,11,25.73,Bronze,East,Average,2020-08-15,1,1
58.2,90.04,651.1,5.0,7,17.05,Platinum,East,Average,2021-03-31,1,1
66.3,115.72,706.2,2.9,10,17.16,Silver,South,Good,2022-01-01,1,1
50.7,60.68,699.1,6.1,5,16.72,Silver,North,Good,2020-03-13,0,1
48.2,26.23,630.0,1.1,8,24.23,Bronze,North,Good,2022-02-01,1,1
37.1,,679.9,0.0,8,8.58,Bronze,West,Good,2021-03-23,1,1
40.2,36.9,599.4,0.4,9,7.87,Silver,North,Good,2021-02-03,0,1
63.0,52.71,720.8,2.3,6,28.71,Silver,West,Average,2022-02-12,0,1
45.1,111.36,768.0,0.5,4,22.61,Bronze,West,Poor,2021-06-23,0,1
55.0,58.03,743.8,5.2,11,64.98,Bronze,North,Poor,2020-04-15,0,1
71.6,86.87,695.2,1.4,7,15.77,Silver,East,Poor,2022-02-09,0,1
64.6,49.18,606.3,1.7,10,24.26,Bronze,North,Good,2020-07-24,0,1
65.6,73.61,678.4,0.6,4,3.61,Silver,North,Poor,2021-09-02,0,1
,30.26,594.8,8.1,3,45.63,Platinum,East,Good,2020-01-03,1,1
60.9,32.14,630.3,3.3,1,6.96,Bronze,West,Good,2021-11-03,0,1
60.8,63.19,622.0,0.0,7,29.17,Bronze,South,Poor,2021-01-09,0,1
56.2,101.98,639.7,2.1,7,6.73,Bronze,North,Average,2020-12-14,0,1
61.0,21.27,668.4,11.0,10,11.13,Bronze,North,Good,2020-10-10,1,1
64.5,25.31,609.3,2.9,4,8.41,Bronze,West,Average,2021-12-03,0,1
47.4,26.79,643.3,0.6,9,10.24,Platinum,East,Good,2021-04-22,0,1
54.3,76.21,726.4,2.1,7,19.83,Bronze,North,Average,2020-10-26,0,1
52.6,51.09,630.2,0.2,7,15.92,Bronze,North,Good,2021-11-20,1,1
46.5,40.45,701.5,8.3,9,16.89,Silver,East,Good,2020-08-18,0,1
67.7,52.96,577.3,5.5,14,10.11,Silver,South,Poor,2021-11-13,1,1
42.2,,585.6,0.5,9,8.93,Bronze,East,Average,2020-02-26,0,1
69.8,48.27,599.7,0.7,14,11.88,Bronze,North,Average,2021-05-13,0,1
76.4,95.97,606.1,1.1,8,9.1,Bronze,North,Average,2021-09-27,0,1
63.9,50.25,774.7,0.3,8,34.06,Bronze,East,Average,2021-11-15,1,1
56.6,78.1,614.4,4.4,11,5.14,Bronze,West,Average,2021-09-28,0,1
69.3,51.78,,0.8,11,7.75,Bronze,West,Poor,2021-07-01,0,1
43.0,89.33,588.3,3.4,8,5.87,Silver,East,Average,2020-04-01,1,1
70.3,33.9,585.2,0.8,5,16.04,Bronze,North,Good,2020-11-24,0,1
80.2,51.79,572.2,0.4,10,11.84,Bronze,North,Average,2020-12-05,0,1
22.8,74.62,711.4,1.2,11,3.16,Bronze,South,Poor,2021-02-06,0,1
46.1,44.1,574.7,6.4,9,10.47,Bronze,North,Average,2021-06-16,0,1
80.6,55.54,603.2,11.2,10,19.76,Bronze,North,Average,2021-07-08,0,1
48.0,150.67,734.5,4.7,5,14.64,Silver,South,Average,2021-08-20,1,1
41.7,56.18,641.8,4.4,9,17.09,Bronze,North,Poor,2020-10-03,1,1
84.1,48.79,667.1,0.3,4,49.79,Silver,West,Good,2020-10-02,0,1
57.1,62.85,,2.2,10,12.2,Bronze,North,Good,2020-03-14,0,1
52.8,34.44,,11.5,7,12.93,Bronze,North,Average,2021-03-21,0,1
43.1,83.1,651.9,7.4,4,8.97,Gold,North,Good,2021-05-25,0,1
40.8,92.67,646.0,2.0,13,10.06,Silver,East,Good,2020-07-07,0,1
27.0,35.97,721.4,2.2,9,11.15,Silver,East,Average,2021-11-09,1,1
79.7,,845.7,1.4,9,18.09,Bronze,South,Good,2020-02-17,1,1
77.7,109.45,653.6,1.4,8,10.85,Bronze,East,Good,2020-03-30,0,1
72.7,47.13,610.2,6.3,8,20.75,Platinum,North,Poor,2022-01-30,0,1
64.0,60.95,608.9,3.8,7,11.74,Bronze,South,Average,2021-06-18,0,1
70.4,40.1,682.3,4.5,7,22.33,Bronze,North,Average,2021-03-15,1,1
28.4,11.67,686.8,4.4,8,18.39,Bronze,North,Average,2021-08-18,0,1
57.0,107.97,635.6,1.7,12,12.46,Silver,North,Good,2021-06-08,1,1
75.5,,653.1,0.3,6,25.64,Bronze,North,Good,2021-03-13,1,1
55.9,57.89,648.6,2.0,10,8.98,Bronze,South,Average,2021-08-30,1,1
37.1,150.63,515.4,0.1,16,18.86,Bronze,South,Average,2020-02-06,0,1
47.7,32.56,611.2,2.4,5,9.68,Bronze,North,Poor,2020-07-16,0,1
51.6,26.07,640.9,1.3,8,11.24,Bronze,South,Average,2020-07-28,0,1
78.2,18.97,626.8,0.3,7,11.8,Silver,North,Average,2021-02-09,1,1
69.3,51.05,,8.5,10,29.0,Gold,East,Poor,2021-08-14,0,1
38.3,26.67,689.5,0.2,8,6.98,Bronze,East,Poor,2020-02-23,0,1
50.8,19.75,612.8,0.2,6,9.31,Bronze,West,Average,2021-06-30,1,1
68.6,30.05,570.2,2.0,8,23.5,Silver,North,Average,2020-04-23,0,1
72.7,,609.2,16.0,5,7.28,Silver,North,Average,2021-01-28,0,1
62.1,62.05,688.1,0.8,6,18.79,Gold,South,Good,2020-10-26,0,1
44.4,36.54,719.8,2.7,6,16.18,Gold,East,Good,2021-04-30,1,1
61.9,72.98,655.2,0.6,6,18.46,Bronze,North,Poor,2021-08-16,0,1
73.2,37.04,607.6,4.8,11,12.29,Bronze,North,Poor,2020-04-21,0,1
27.6,28.79,640.0,10.0,6,18.64,Gold,North,Good,2020-05-26,0,1
66.3,22.72,665.6,4.5,5,11.52,Silver,North,Average,2022-02-08,0,1
50.6,34.21,756.3,1.9,9,12.76,Silver,South,Average,2020-01-25,1,1
53.1,84.16,609.7,3.9,7,7.35,Bronze,North,Average,2020-10-06,0,1
37.1,41.9,708.9,3.9,5,5.54,Gold,West,Good,2020-10-27,1,1
49.3,26.97,698.3,0.6,5,27.82,Silver,North,Poor,2021-01-01,0,1
58.0,49.53,640.1,2.5,6,38.69,Bronze,South,Poor,2020-05-02,0,1
67.1,,590.6,6.5,7,3.8,Bronze,North,Good,2021-04-02,0,1
63.6,15.94,580.8,0.3,11,11.26,Gold,South,Good,2021-06-11,0,1
41.4,40.44,,3.7,7,23.4,Gold,South,Poor,2020-02-27,0,1
43.8,93.06,533.3,8.5,10,12.15,Bronze,North,Good,2020-03-12,1,1
43.3,95.31,723.7,5.6,9,14.37,Silver,North,Average,2020-01-16,0,1
43.7,68.79,616.9,2.2,8,6.47,Bronze,South,Poor,2021-06-01,0,1
40.9,45.05,682.1,3.1,8,4.3,Bronze,North,Average,2021-04-05,0,1
62.0,68.07,633.3,2.4,7,14.56,Bronze,North,Good,2020-11-20,0,1
73.1,37.26,669.4,3.6,6,5.96,Bronze,East,Good,2020-03-23,0,1
61.6,42.32,642.5,2.1,13,13.83,Silver,North,Good,2021-06-14,0,1
39.5,60.65,741.0,2.1,8,57.57,Silver,East,Good,2021-11-24,0,1
47.5,16.07,663.6,2.8,5,10.4,Bronze,South,Good,2021-06-01,0,1
30.0,64.3,708.9,3.8,9,4.51,Platinum,South,Poor,2021-11-19,1,1
24.8,21.5,590.2,5.8,8,16.19,Silver,West,Average,2021-12-17,1,1
45.5,63.77,702.5,2.1,8,11.4,Bronze,North,Average,2020-03-04,0,1
44.2,62.14,707.5,8.6,4,13.53,Gold,South,Poor,2021-03-14,1,1
72.0,41.15,557.1,1.7,7,33.7,Bronze,East,Good,2021-07-23,0,1
74.8,72.26,615.9,10.9,8,14.93,Gold,North,Average,2020-06-14,1,1
58.8,60.35,631.9,6.7,12,10.11,Bronze,North,Good,2020-07-03,0,1
42.7,101.67,683.7,6.5,9,12.01,Platinum,South,Average,2021-10-17,1,1
