doc_id,text,category
0,"While diplomacy trends elsewhere, open-source server community releases version 3.0 with improved dashboard support.",Technology
1,Experts debate the ethical implications of framework in modern container systems.,Technology
2,How API is reshaping the future of algorithm and autonomous systems.,Technology
3,The latest microservice breakthrough could transform how we handle API in production.,Technology
4,How cloud is reshaping the future of google and autonomous systems.,Technology
5,The latest apple breakthrough could transform how we handle quantum in production.,Technology
6,New quantum update promises faster processing and lower latency for enterprise users.,Technology
7,Security flaw discovered in popular machine learning library affects millions of firewall deployments.,Technology
8,encryption startup raises $50M to scale their framework platform globally.,Technology
9,Open-source python community releases version 3.0 with improved software support.,Technology
10,"While biomarker trends elsewhere, security flaw discovered in popular API library affects millions of AI deployments.",Technology
11,The latest AI breakthrough could transform how we handle API in production.,Technology
12,encryption startup raises $50M to scale their server platform globally.,Technology
13,Researchers demonstrate encryption achieving state-of-the-art results on software benchmarks.,Technology
14,runtime startup raises $50M to scale their blockchain platform globally.,Technology
15,The latest cloud breakthrough could transform how we handle microservice in production.,Technology
16,The latest runtime breakthrough could transform how we handle quantum in production.,Technology
17,Security flaw discovered in popular algorithm library affects millions of bandwidth deployments.,Technology
18,Security flaw discovered in popular blockchain library affects millions of bandwidth deployments.,Technology
19,How blockchain is reshaping the future of API and autonomous systems.,Technology
20,How encryption is reshaping the future of API and autonomous systems.,Technology
21,Open-source chip community releases version 3.0 with improved AI support.,Technology
22,Security flaw discovered in popular apple library affects millions of python deployments.,Technology
23,"Despite protocol concerns, how apple is reshaping the future of quantum and autonomous systems.",Technology
24,New software update promises faster processing and lower latency for enterprise users.,Technology
25,"Despite overtime concerns, the latest machine learning breakthrough could transform how we handle server in production.",Technology
26,"In related recruit news, new quantum update promises faster processing and lower latency for enterprise users.",Technology
27,Researchers demonstrate quantum achieving state-of-the-art results on blockchain benchmarks.,Technology
28,Open-source apple community releases version 3.0 with improved software support.,Technology
29,Open-source software community releases version 3.0 with improved apple support.,Technology
30,Experts debate the ethical implications of bandwidth in modern server systems.,Technology
31,"Speaking of scouting, encryption startup raises $50M to scale their machine learning platform globally.",Technology
32,"In related marathon news, researchers demonstrate dashboard achieving state-of-the-art results on algorithm benchmarks.",Technology
33,"While playoff trends elsewhere, open-source neural community releases version 3.0 with improved algorithm support.",Technology
34,Open-source chip community releases version 3.0 with improved python support.,Technology
35,quantum startup raises $50M to scale their quantum platform globally.,Technology
36,neural startup raises $50M to scale their container platform globally.,Technology
37,New apple update promises faster processing and lower latency for enterprise users.,Technology
38,Open-source python community releases version 3.0 with improved dashboard support.,Technology
39,How server is reshaping the future of cloud and autonomous systems.,Technology
40,"In related partisan news, experts debate the ethical implications of data in modern apple systems.",Technology
41,New microservice update promises faster processing and lower latency for enterprise users.,Technology
42,"Speaking of dividend, protocol startup raises $50M to scale their dashboard platform globally.",Technology
43,"While clinical trends elsewhere, how data is reshaping the future of protocol and autonomous systems.",Technology
44,Open-source microservice community releases version 3.0 with improved container support.,Technology
45,"Despite vote concerns, researchers demonstrate apple achieving state-of-the-art results on framework benchmarks.",Technology
46,Security flaw discovered in popular container library affects millions of algorithm deployments.,Technology
47,How protocol is reshaping the future of cloud and autonomous systems.,Technology
48,Researchers demonstrate google achieving state-of-the-art results on cloud benchmarks.,Technology
49,"Despite draft concerns, new firewall update promises faster processing and lower latency for enterprise users.",Technology
50,software startup raises $50M to scale their dashboard platform globally.,Technology
51,"Despite diplomacy concerns, security flaw discovered in popular framework library affects millions of software deployments.",Technology
52,How AI is reshaping the future of apple and autonomous systems.,Technology
53,New runtime update promises faster processing and lower latency for enterprise users.,Technology
54,The latest python breakthrough could transform how we handle python in production.,Technology
55,Security flaw discovered in popular machine learning library affects millions of software deployments.,Technology
56,firewall startup raises $50M to scale their python platform globally.,Technology
57,How google is reshaping the future of apple and autonomous systems.,Technology
58,How data is reshaping the future of data and autonomous systems.,Technology
59,Experts debate the ethical implications of AI in modern AI systems.,Technology
60,firewall startup raises $50M to scale their software platform globally.,Technology
61,How linux is reshaping the future of apple and autonomous systems.,Technology
62,protocol startup raises $50M to scale their blockchain platform globally.,Technology
63,"Despite injury concerns, how dashboard is reshaping the future of software and autonomous systems.",Technology
64,The latest bandwidth breakthrough could transform how we handle runtime in production.,Technology
65,firewall startup raises $50M to scale their AI platform globally.,Technology
66,"In related sanction news, open-source apple community releases version 3.0 with improved bandwidth support.",Technology
67,How software is reshaping the future of protocol and autonomous systems.,Technology
68,"While bond trends elsewhere, researchers demonstrate quantum achieving state-of-the-art results on framework benchmarks.",Technology
69,Researchers demonstrate chip achieving state-of-the-art results on framework benchmarks.,Technology
70,Researchers demonstrate google achieving state-of-the-art results on API benchmarks.,Technology
71,"In related policy news, open-source encryption community releases version 3.0 with improved apple support.",Technology
72,protocol startup raises $50M to scale their protocol platform globally.,Technology
73,Researchers demonstrate bandwidth achieving state-of-the-art results on API benchmarks.,Technology
74,How AI is reshaping the future of data and autonomous systems.,Technology
75,Security flaw discovered in popular bandwidth library affects millions of API deployments.,Technology
76,Security flaw discovered in popular apple library affects millions of dashboard deployments.,Technology
77,How container is reshaping the future of apple and autonomous systems.,Technology
78,The latest runtime breakthrough could transform how we handle python in production.,Technology
79,"While partisan trends elsewhere, researchers demonstrate software achieving state-of-the-art results on blockchain benchmarks.",Technology
80,Security flaw discovered in popular container library affects millions of google deployments.,Technology
81,How google is reshaping the future of protocol and autonomous systems.,Technology
82,How neural is reshaping the future of microservice and autonomous systems.,Technology
83,The latest machine learning breakthrough could transform how we handle container in production.,Technology
84,"Speaking of franchise, open-source python community releases version 3.0 with improved linux support.",Technology
85,How dashboard is reshaping the future of apple and autonomous systems.,Technology
86,firewall startup raises $50M to scale their bandwidth platform globally.,Technology
87,The latest encryption breakthrough could transform how we handle google in production.,Technology
88,"While fiscal trends elsewhere, new microservice update promises faster processing and lower latency for enterprise users.",Technology
89,"Despite forward concerns, microservice startup raises $50M to scale their protocol platform globally.",Technology
90,How data is reshaping the future of apple and autonomous systems.,Technology
91,Open-source quantum community releases version 3.0 with improved quantum support.,Technology
92,How cloud is reshaping the future of chip and autonomous systems.,Technology
93,"While tariff trends elsewhere, security flaw discovered in popular encryption library affects millions of software deployments.",Technology
94,New machine learning update promises faster processing and lower latency for enterprise users.,Technology
95,"Despite cardiac concerns, the latest framework breakthrough could transform how we handle container in production.",Technology
96,The latest API breakthrough could transform how we handle apple in production.,Technology
97,How encryption is reshaping the future of google and autonomous systems.,Technology
98,How firewall is reshaping the future of python and autonomous systems.,Technology
99,Open-source apple community releases version 3.0 with improved firewall support.,Technology
100,Open-source data community releases version 3.0 with improved microservice support.,Technology
101,Experts debate the ethical implications of quantum in modern firewall systems.,Technology
102,"While biomarker trends elsewhere, python startup raises $50M to scale their bandwidth platform globally.",Technology
103,"Speaking of bearish, dashboard startup raises $50M to scale their data platform globally.",Technology
104,New server update promises faster processing and lower latency for enterprise users.,Technology
105,The latest data breakthrough could transform how we handle container in production.,Technology
106,"While liquidity trends elsewhere, the latest data breakthrough could transform how we handle algorithm in production.",Technology
107,Open-source apple community releases version 3.0 with improved linux support.,Technology
108,How firewall is reshaping the future of linux and autonomous systems.,Technology
109,How protocol is reshaping the future of dashboard and autonomous systems.,Technology
110,New software update promises faster processing and lower latency for enterprise users.,Technology
111,neural startup raises $50M to scale their data platform globally.,Technology
112,"Despite chronic concerns, the latest apple breakthrough could transform how we handle blockchain in production.",Technology
113,"While protocol trends elsewhere, open-source bandwidth community releases version 3.0 with improved google support.",Technology
114,The latest blockchain breakthrough could transform how we handle machine learning in production.,Technology
115,"Speaking of metabolic, security flaw discovered in popular framework library affects millions of AI deployments.",Technology
116,neural startup raises $50M to scale their linux platform globally.,Technology
117,The latest python breakthrough could transform how we handle algorithm in production.,Technology
118,New linux update promises faster processing and lower latency for enterprise users.,Technology
119,New algorithm update promises faster processing and lower latency for enterprise users.,Technology
120,Researchers demonstrate linux achieving state-of-the-art results on container benchmarks.,Technology
121,Security flaw discovered in popular quantum library affects millions of protocol deployments.,Technology
122,New python update promises faster processing and lower latency for enterprise users.,Technology
123,How protocol is reshaping the future of dashboard and autonomous systems.,Technology
124,"In related cardiac news, new chip update promises faster processing and lower latency for enterprise users.",Technology
125,Security flaw discovered in popular quantum library affects millions of AI deployments.,Technology
126,The latest dashboard breakthrough could transform how we handle framework in production.,Technology
127,Experts debate the ethical implications of API in modern data systems.,Technology
128,dashboard startup raises $50M to scale their API platform globally.,Technology
129,"While equity trends elsewhere, security flaw discovered in popular firewall library affects millions of python deployments.",Technology
130,Security flaw discovered in popular data library affects millions of software deployments.,Technology
131,"Speaking of blockchain, security flaw discovered in popular neural library affects millions of runtime deployments.",Technology
132,Researchers demonstrate cloud achieving state-of-the-art results on server benchmarks.,Technology
133,The latest machine learning breakthrough could transform how we handle AI in production.,Technology
134,"Despite penalty concerns, open-source google community releases version 3.0 with improved data support.",Technology
135,Researchers demonstrate chip achieving state-of-the-art results on apple benchmarks.,Technology
136,Open-source server community releases version 3.0 with improved python support.,Technology
137,Open-source cloud community releases version 3.0 with improved framework support.,Technology
138,The latest server breakthrough could transform how we handle machine learning in production.,Technology
139,Open-source software community releases version 3.0 with improved chip support.,Technology
140,Open-source dashboard community releases version 3.0 with improved blockchain support.,Technology
141,Experts debate the ethical implications of server in modern apple systems.,Technology
142,New python update promises faster processing and lower latency for enterprise users.,Technology
143,Researchers demonstrate cloud achieving state-of-the-art results on API benchmarks.,Technology
144,Open-source chip community releases version 3.0 with improved chip support.,Technology
145,Open-source firewall community releases version 3.0 with improved microservice support.,Technology
146,Experts debate the ethical implications of data in modern algorithm systems.,Technology
147,Security flaw discovered in popular python library affects millions of runtime deployments.,Technology
148,Security flaw discovered in popular bandwidth library affects millions of encryption deployments.,Technology
149,Experts debate the ethical implications of microservice in modern microservice systems.,Technology
150,python startup raises $50M to scale their neural platform globally.,Technology
151,Researchers demonstrate firewall achieving state-of-the-art results on blockchain benchmarks.,Technology
152,"While derivative trends elsewhere, the latest API breakthrough could transform how we handle blockchain in production.",Technology
153,"Speaking of protocol, new runtime update promises faster processing and lower latency for enterprise users.",Technology
154,apple startup raises $50M to scale their API platform globally.,Technology
155,"In related quantum news, researchers demonstrate firewall achieving state-of-the-art results on chip benchmarks.",Technology
156,New data update promises faster processing and lower latency for enterprise users.,Technology
157,"While championship trends elsewhere, experts debate the ethical implications of linux in modern runtime systems.",Technology
158,How apple is reshaping the future of runtime and autonomous systems.,Technology
159,The latest neural breakthrough could transform how we handle API in production.,Technology
160,"In related diagnosis news, open-source microservice community releases version 3.0 with improved protocol support.",Technology
161,"Speaking of mandate, how apple is reshaping the future of API and autonomous systems.",Technology
162,Experts debate the ethical implications of data in modern cloud systems.,Technology
163,Open-source data community releases version 3.0 with improved API support.,Technology
164,Open-source framework community releases version 3.0 with improved protocol support.,Technology
165,"Speaking of legislation, experts debate the ethical implications of bandwidth in modern apple systems.",Technology
166,"While playoff trends elsewhere, blockchain startup raises $50M to scale their google platform globally.",Technology
167,Experts debate the ethical implications of microservice in modern software systems.,Technology
168,apple startup raises $50M to scale their microservice platform globally.,Technology
169,How python is reshaping the future of protocol and autonomous systems.,Technology
170,Open-source container community releases version 3.0 with improved encryption support.,Technology
171,Experts debate the ethical implications of google in modern neural systems.,Technology
172,The latest google breakthrough could transform how we handle cloud in production.,Technology
173,Security flaw discovered in popular encryption library affects millions of framework deployments.,Technology
174,New python update promises faster processing and lower latency for enterprise users.,Technology
175,Experts debate the ethical implications of container in modern machine learning systems.,Technology
176,How algorithm is reshaping the future of machine learning and autonomous systems.,Technology
177,"While underwrite trends elsewhere, how protocol is reshaping the future of dashboard and autonomous systems.",Technology
178,"Speaking of comeback, experts debate the ethical implications of chip in modern neural systems.",Technology
179,"Despite bearish concerns, how container is reshaping the future of container and autonomous systems.",Technology
180,algorithm startup raises $50M to scale their blockchain platform globally.,Technology
181,Experts debate the ethical implications of software in modern software systems.,Technology
182,Experts debate the ethical implications of runtime in modern framework systems.,Technology
183,"Speaking of apple, open-source runtime community releases version 3.0 with improved machine learning support.",Technology
184,The latest AI breakthrough could transform how we handle quantum in production.,Technology
185,The latest protocol breakthrough could transform how we handle bandwidth in production.,Technology
186,Security flaw discovered in popular AI library affects millions of python deployments.,Technology
187,"While mandate trends elsewhere, researchers demonstrate encryption achieving state-of-the-art results on linux benchmarks.",Technology
188,How algorithm is reshaping the future of apple and autonomous systems.,Technology
189,Security flaw discovered in popular dashboard library affects millions of encryption deployments.,Technology
190,The latest microservice breakthrough could transform how we handle bandwidth in production.,Technology
191,The latest bandwidth breakthrough could transform how we handle linux in production.,Technology
192,Experts debate the ethical implications of bandwidth in modern linux systems.,Technology
193,Researchers demonstrate encryption achieving state-of-the-art results on container benchmarks.,Technology
194,The latest chip breakthrough could transform how we handle runtime in production.,Technology
195,"In related neural news, how framework is reshaping the future of encryption and autonomous systems.",Technology
196,"Speaking of blockchain, security flaw discovered in popular python library affects millions of protocol deployments.",Technology
197,protocol startup raises $50M to scale their chip platform globally.,Technology
198,New machine learning update promises faster processing and lower latency for enterprise users.,Technology
199,Security flaw discovered in popular encryption library affects millions of algorithm deployments.,Technology
200,How encryption is reshaping the future of blockchain and autonomous systems.,Technology
201,New framework update promises faster processing and lower latency for enterprise users.,Technology
202,Experts debate the ethical implications of dashboard in modern google systems.,Technology
203,Open-source chip community releases version 3.0 with improved cloud support.,Technology
204,"Despite underdog concerns, open-source API community releases version 3.0 with improved microservice support.",Technology
205,Security flaw discovered in popular neural library affects millions of linux deployments.,Technology
206,Security flaw discovered in popular software library affects millions of framework deployments.,Technology
207,Security flaw discovered in popular algorithm library affects millions of linux deployments.,Technology
208,"While volatility trends elsewhere, dashboard startup raises $50M to scale their neural platform globally.",Technology
209,Experts debate the ethical implications of linux in modern cloud systems.,Technology
210,Experts debate the ethical implications of google in modern encryption systems.,Technology
211,"Despite fiscal concerns, framework startup raises $50M to scale their chip platform globally.",Technology
212,New framework update promises faster processing and lower latency for enterprise users.,Technology
213,New quantum update promises faster processing and lower latency for enterprise users.,Technology
214,"In related tariff news, researchers demonstrate cloud achieving state-of-the-art results on data benchmarks.",Technology
215,Researchers demonstrate software achieving state-of-the-art results on apple benchmarks.,Technology
216,Security flaw discovered in popular machine learning library affects millions of data deployments.,Technology
217,How google is reshaping the future of chip and autonomous systems.,Technology
218,New apple update promises faster processing and lower latency for enterprise users.,Technology
219,How neural is reshaping the future of encryption and autonomous systems.,Technology
220,Open-source software community releases version 3.0 with improved protocol support.,Technology
221,Researchers demonstrate quantum achieving state-of-the-art results on runtime benchmarks.,Technology
222,"Despite championship concerns, the latest neural breakthrough could transform how we handle AI in production.",Technology
223,Experts debate the ethical implications of microservice in modern blockchain systems.,Technology
224,"While tournament trends elsewhere, open-source bandwidth community releases version 3.0 with improved software support.",Technology
225,Open-source algorithm community releases version 3.0 with improved python support.,Technology
226,How runtime is reshaping the future of blockchain and autonomous systems.,Technology
227,Open-source bandwidth community releases version 3.0 with improved framework support.,Technology
228,"In related placebo news, new container update promises faster processing and lower latency for enterprise users.",Technology
229,Open-source google community releases version 3.0 with improved bandwidth support.,Technology
230,Experts debate the ethical implications of framework in modern server systems.,Technology
231,Experts debate the ethical implications of software in modern server systems.,Technology
232,Security flaw discovered in popular dashboard library affects millions of encryption deployments.,Technology
233,Experts debate the ethical implications of dashboard in modern server systems.,Technology
234,New cloud update promises faster processing and lower latency for enterprise users.,Technology
235,"Speaking of hedge, researchers demonstrate container achieving state-of-the-art results on apple benchmarks.",Technology
236,Researchers demonstrate machine learning achieving state-of-the-art results on apple benchmarks.,Technology
237,"Speaking of partisan, open-source encryption community releases version 3.0 with improved algorithm support.",Technology
238,"While tariff trends elsewhere, open-source blockchain community releases version 3.0 with improved data support.",Technology
239,framework startup raises $50M to scale their framework platform globally.,Technology
240,"While derivative trends elsewhere, neural startup raises $50M to scale their data platform globally.",Technology
241,Security flaw discovered in popular cloud library affects millions of blockchain deployments.,Technology
242,bandwidth startup raises $50M to scale their neural platform globally.,Technology
243,"Despite lobby concerns, new blockchain update promises faster processing and lower latency for enterprise users.",Technology
244,How quantum is reshaping the future of algorithm and autonomous systems.,Technology
245,How linux is reshaping the future of data and autonomous systems.,Technology
246,"Speaking of derivative, researchers demonstrate protocol achieving state-of-the-art results on AI benchmarks.",Technology
247,"Despite biomarker concerns, security flaw discovered in popular microservice library affects millions of neural deployments.",Technology
248,New microservice update promises faster processing and lower latency for enterprise users.,Technology
249,Experts debate the ethical implications of microservice in modern container systems.,Technology
250,New API update promises faster processing and lower latency for enterprise users.,Technology
251,"In related diagnosis news, new machine learning update promises faster processing and lower latency for enterprise users.",Technology
252,The latest dashboard breakthrough could transform how we handle python in production.,Technology
253,The latest google breakthrough could transform how we handle server in production.,Technology
254,Experts debate the ethical implications of protocol in modern neural systems.,Technology
255,How framework is reshaping the future of microservice and autonomous systems.,Technology
256,Open-source dashboard community releases version 3.0 with improved cloud support.,Technology
257,"Speaking of underwrite, researchers demonstrate protocol achieving state-of-the-art results on neural benchmarks.",Technology
258,server startup raises $50M to scale their protocol platform globally.,Technology
259,"Speaking of protein, researchers demonstrate dashboard achieving state-of-the-art results on microservice benchmarks.",Technology
260,"Speaking of protocol, how server is reshaping the future of apple and autonomous systems.",Technology
261,"In related liquidity news, experts debate the ethical implications of firewall in modern blockchain systems.",Technology
262,Researchers demonstrate runtime achieving state-of-the-art results on google benchmarks.,Technology
263,"Speaking of protein, experts debate the ethical implications of runtime in modern cloud systems.",Technology
264,Experts debate the ethical implications of container in modern server systems.,Technology
265,Researchers demonstrate machine learning achieving state-of-the-art results on framework benchmarks.,Technology
266,"Speaking of equity, security flaw discovered in popular apple library affects millions of container deployments.",Technology
267,"While sanction trends elsewhere, new blockchain update promises faster processing and lower latency for enterprise users.",Technology
268,"Despite placebo concerns, open-source python community releases version 3.0 with improved encryption support.",Technology
269,How google is reshaping the future of software and autonomous systems.,Technology
270,Experts debate the ethical implications of linux in modern bandwidth systems.,Technology
271,"While underdog trends elsewhere, researchers demonstrate dashboard achieving state-of-the-art results on data benchmarks.",Technology
272,Security flaw discovered in popular server library affects millions of machine learning deployments.,Technology
273,"While inflation trends elsewhere, how API is reshaping the future of framework and autonomous systems.",Technology
274,Open-source apple community releases version 3.0 with improved encryption support.,Technology
275,Experts debate the ethical implications of machine learning in modern google systems.,Technology
276,Open-source quantum community releases version 3.0 with improved dashboard support.,Technology
277,"Despite fiscal concerns, open-source AI community releases version 3.0 with improved google support.",Technology
278,Researchers demonstrate protocol achieving state-of-the-art results on machine learning benchmarks.,Technology
279,"Speaking of liquidity, how bandwidth is reshaping the future of container and autonomous systems.",Technology
280,How bandwidth is reshaping the future of AI and autonomous systems.,Technology
281,"Despite tournament concerns, new python update promises faster processing and lower latency for enterprise users.",Technology
282,Security flaw discovered in popular chip library affects millions of google deployments.,Technology
283,"While referendum trends elsewhere, how cloud is reshaping the future of runtime and autonomous systems.",Technology
284,Open-source google community releases version 3.0 with improved protocol support.,Technology
285,"In related surgery news, open-source quantum community releases version 3.0 with improved container support.",Technology
286,blockchain startup raises $50M to scale their google platform globally.,Technology
287,The latest API breakthrough could transform how we handle server in production.,Technology
288,How API is reshaping the future of bandwidth and autonomous systems.,Technology
289,"Despite lobby concerns, new microservice update promises faster processing and lower latency for enterprise users.",Technology
290,New neural update promises faster processing and lower latency for enterprise users.,Technology
291,Researchers demonstrate blockchain achieving state-of-the-art results on software benchmarks.,Technology
292,"While legislation trends elsewhere, researchers demonstrate encryption achieving state-of-the-art results on linux benchmarks.",Technology
293,"Speaking of lobby, algorithm startup raises $50M to scale their encryption platform globally.",Technology
294,The latest chip breakthrough could transform how we handle neural in production.,Technology
295,"Speaking of vaccine, new google update promises faster processing and lower latency for enterprise users.",Technology
296,The latest neural breakthrough could transform how we handle blockchain in production.,Technology
297,The latest software breakthrough could transform how we handle software in production.,Technology
298,"Despite campaign concerns, researchers demonstrate quantum achieving state-of-the-art results on framework benchmarks.",Technology
299,The latest protocol breakthrough could transform how we handle protocol in production.,Technology
300,protocol startup raises $50M to scale their encryption platform globally.,Technology
301,How linux is reshaping the future of framework and autonomous systems.,Technology
302,Open-source protocol community releases version 3.0 with improved container support.,Technology
303,New cloud update promises faster processing and lower latency for enterprise users.,Technology
304,Experts debate the ethical implications of quantum in modern encryption systems.,Technology
305,How chip is reshaping the future of encryption and autonomous systems.,Technology
306,Security flaw discovered in popular server library affects millions of protocol deployments.,Technology
307,"In related overtime news, researchers demonstrate microservice achieving state-of-the-art results on server benchmarks.",Technology
308,The latest firewall breakthrough could transform how we handle blockchain in production.,Technology
309,Security flaw discovered in popular runtime library affects millions of dashboard deployments.,Technology
310,New machine learning update promises faster processing and lower latency for enterprise users.,Technology
311,"Speaking of dividend, linux startup raises $50M to scale their software platform globally.",Technology
312,The latest neural breakthrough could transform how we handle blockchain in production.,Technology
313,Security flaw discovered in popular quantum library affects millions of server deployments.,Technology
314,New algorithm update promises faster processing and lower latency for enterprise users.,Technology
315,Open-source apple community releases version 3.0 with improved firewall support.,Technology
316,Experts debate the ethical implications of google in modern container systems.,Technology
317,Open-source container community releases version 3.0 with improved chip support.,Technology
318,Researchers demonstrate software achieving state-of-the-art results on server benchmarks.,Technology
319,protocol startup raises $50M to scale their API platform globally.,Technology
320,Security flaw discovered in popular linux library affects millions of quantum deployments.,Technology
321,python startup raises $50M to scale their server platform globally.,Technology
322,Open-source protocol community releases version 3.0 with improved software support.,Technology
323,"Speaking of antibody, the latest runtime breakthrough could transform how we handle algorithm in production.",Technology
324,Security flaw discovered in popular API library affects millions of bandwidth deployments.,Technology
325,"Speaking of recruit, how protocol is reshaping the future of python and autonomous systems.",Technology
326,data startup raises $50M to scale their neural platform globally.,Technology
327,How linux is reshaping the future of bandwidth and autonomous systems.,Technology
328,New chip update promises faster processing and lower latency for enterprise users.,Technology
329,algorithm startup raises $50M to scale their blockchain platform globally.,Technology
330,Experts debate the ethical implications of microservice in modern API systems.,Technology
331,The latest machine learning breakthrough could transform how we handle neural in production.,Technology
332,The latest AI breakthrough could transform how we handle protocol in production.,Technology
333,Open-source cloud community releases version 3.0 with improved data support.,Technology
334,New container update promises faster processing and lower latency for enterprise users.,Technology
335,Experts debate the ethical implications of protocol in modern machine learning systems.,Technology
336,Experts debate the ethical implications of protocol in modern linux systems.,Technology
337,How cloud is reshaping the future of chip and autonomous systems.,Technology
338,python startup raises $50M to scale their AI platform globally.,Technology
339,New google update promises faster processing and lower latency for enterprise users.,Technology
340,New AI update promises faster processing and lower latency for enterprise users.,Technology
341,Security flaw discovered in popular machine learning library affects millions of AI deployments.,Technology
342,"While partisan trends elsewhere, experts debate the ethical implications of data in modern neural systems.",Technology
343,How blockchain is reshaping the future of data and autonomous systems.,Technology
344,"Speaking of campaign, cloud startup raises $50M to scale their data platform globally.",Technology
345,How protocol is reshaping the future of runtime and autonomous systems.,Technology
346,How framework is reshaping the future of software and autonomous systems.,Technology
347,Open-source blockchain community releases version 3.0 with improved chip support.,Technology
348,How linux is reshaping the future of framework and autonomous systems.,Technology
349,New apple update promises faster processing and lower latency for enterprise users.,Technology
350,Open-source chip community releases version 3.0 with improved python support.,Technology
351,Open-source cloud community releases version 3.0 with improved server support.,Technology
352,Security flaw discovered in popular python library affects millions of framework deployments.,Technology
353,Open-source machine learning community releases version 3.0 with improved neural support.,Technology
354,The latest runtime breakthrough could transform how we handle algorithm in production.,Technology
355,"Speaking of volatility, the latest quantum breakthrough could transform how we handle server in production.",Technology
356,Security flaw discovered in popular protocol library affects millions of blockchain deployments.,Technology
357,"While scouting trends elsewhere, experts debate the ethical implications of linux in modern chip systems.",Technology
358,Security flaw discovered in popular AI library affects millions of google deployments.,Technology
359,Open-source encryption community releases version 3.0 with improved data support.,Technology
360,The latest dashboard breakthrough could transform how we handle algorithm in production.,Technology
361,Researchers demonstrate protocol achieving state-of-the-art results on quantum benchmarks.,Technology
362,Researchers demonstrate microservice achieving state-of-the-art results on apple benchmarks.,Technology
363,Researchers demonstrate runtime achieving state-of-the-art results on runtime benchmarks.,Technology
364,"In related symptom news, experts debate the ethical implications of quantum in modern algorithm systems.",Technology
365,Researchers demonstrate neural achieving state-of-the-art results on apple benchmarks.,Technology
366,"While yield trends elsewhere, the latest framework breakthrough could transform how we handle neural in production.",Technology
367,Experts debate the ethical implications of algorithm in modern protocol systems.,Technology
368,Security flaw discovered in popular server library affects millions of encryption deployments.,Technology
369,"While amortization trends elsewhere, how neural is reshaping the future of dashboard and autonomous systems.",Technology
370,New neural update promises faster processing and lower latency for enterprise users.,Technology
371,Security flaw discovered in popular linux library affects millions of API deployments.,Technology
372,"While championship trends elsewhere, experts debate the ethical implications of dashboard in modern cloud systems.",Technology
373,"Speaking of mandate, the latest cloud breakthrough could transform how we handle encryption in production.",Technology
374,The latest linux breakthrough could transform how we handle quantum in production.,Technology
375,"In related protein news, firewall startup raises $50M to scale their blockchain platform globally.",Technology
376,"Speaking of symptom, bandwidth startup raises $50M to scale their runtime platform globally.",Technology
377,linux startup raises $50M to scale their software platform globally.,Technology
378,"Speaking of policy, security flaw discovered in popular python library affects millions of bandwidth deployments.",Technology
379,"Speaking of fiscal, new cloud update promises faster processing and lower latency for enterprise users.",Technology
380,How API is reshaping the future of google and autonomous systems.,Technology
381,How chip is reshaping the future of protocol and autonomous systems.,Technology
382,Security flaw discovered in popular runtime library affects millions of bandwidth deployments.,Technology
383,New neural update promises faster processing and lower latency for enterprise users.,Technology
384,How cloud is reshaping the future of AI and autonomous systems.,Technology
385,"Despite biomarker concerns, new framework update promises faster processing and lower latency for enterprise users.",Technology
386,Researchers demonstrate encryption achieving state-of-the-art results on firewall benchmarks.,Technology
387,The latest dashboard breakthrough could transform how we handle apple in production.,Technology
388,The latest runtime breakthrough could transform how we handle apple in production.,Technology
389,"While diplomacy trends elsewhere, researchers demonstrate AI achieving state-of-the-art results on chip benchmarks.",Technology
390,The latest cloud breakthrough could transform how we handle server in production.,Technology
391,"Despite mandate concerns, the latest runtime breakthrough could transform how we handle encryption in production.",Technology
392,"In related leverage news, experts debate the ethical implications of neural in modern software systems.",Technology
393,AI startup raises $50M to scale their runtime platform globally.,Technology
394,Researchers demonstrate runtime achieving state-of-the-art results on dashboard benchmarks.,Technology
395,server startup raises $50M to scale their neural platform globally.,Technology
396,The latest cloud breakthrough could transform how we handle microservice in production.,Technology
397,"In related blockchain news, researchers demonstrate AI achieving state-of-the-art results on machine learning benchmarks.",Technology
398,New quantum update promises faster processing and lower latency for enterprise users.,Technology
399,Researchers demonstrate framework achieving state-of-the-art results on container benchmarks.,Technology
400,Open-source blockchain community releases version 3.0 with improved container support.,Technology
401,"Despite recruit concerns, the latest framework breakthrough could transform how we handle quantum in production.",Technology
402,Experts debate the ethical implications of linux in modern AI systems.,Technology
403,"Speaking of bullish, experts debate the ethical implications of machine learning in modern framework systems.",Technology
404,New server update promises faster processing and lower latency for enterprise users.,Technology
405,Open-source linux community releases version 3.0 with improved dashboard support.,Technology
406,"Despite pediatric concerns, quantum startup raises $50M to scale their dashboard platform globally.",Technology
407,The latest AI breakthrough could transform how we handle algorithm in production.,Technology
408,Security flaw discovered in popular algorithm library affects millions of google deployments.,Technology
409,The latest cloud breakthrough could transform how we handle server in production.,Technology
410,Experts debate the ethical implications of microservice in modern quantum systems.,Technology
411,"Despite derivative concerns, security flaw discovered in popular blockchain library affects millions of API deployments.",Technology
412,"In related stock news, the latest firewall breakthrough could transform how we handle container in production.",Technology
413,Researchers demonstrate data achieving state-of-the-art results on data benchmarks.,Technology
414,Researchers demonstrate microservice achieving state-of-the-art results on encryption benchmarks.,Technology
415,"In related clinical news, the latest python breakthrough could transform how we handle dashboard in production.",Technology
416,Security flaw discovered in popular data library affects millions of data deployments.,Technology
417,quantum startup raises $50M to scale their linux platform globally.,Technology
418,"While bearish trends elsewhere, the latest encryption breakthrough could transform how we handle neural in production.",Technology
419,"In related protein news, researchers demonstrate machine learning achieving state-of-the-art results on quantum benchmarks.",Technology
420,"Speaking of lobby, new quantum update promises faster processing and lower latency for enterprise users.",Technology
421,encryption startup raises $50M to scale their data platform globally.,Technology
422,protocol startup raises $50M to scale their linux platform globally.,Technology
423,"While metabolic trends elsewhere, researchers demonstrate encryption achieving state-of-the-art results on encryption benchmarks.",Technology
424,"In related apple news, security flaw discovered in popular google library affects millions of AI deployments.",Technology
425,Open-source software community releases version 3.0 with improved cloud support.,Technology
426,New data update promises faster processing and lower latency for enterprise users.,Technology
427,quantum startup raises $50M to scale their machine learning platform globally.,Technology
428,Researchers demonstrate linux achieving state-of-the-art results on neural benchmarks.,Technology
429,Security flaw discovered in popular runtime library affects millions of python deployments.,Technology
430,The latest encryption breakthrough could transform how we handle neural in production.,Technology
431,"While antibody trends elsewhere, security flaw discovered in popular cloud library affects millions of dashboard deployments.",Technology
432,How machine learning is reshaping the future of container and autonomous systems.,Technology
433,"In related inflation news, how apple is reshaping the future of container and autonomous systems.",Technology
434,The latest microservice breakthrough could transform how we handle encryption in production.,Technology
435,"While volatility trends elsewhere, the latest container breakthrough could transform how we handle neural in production.",Technology
436,How blockchain is reshaping the future of encryption and autonomous systems.,Technology
437,Researchers demonstrate blockchain achieving state-of-the-art results on python benchmarks.,Technology
438,Security flaw discovered in popular apple library affects millions of framework deployments.,Technology
439,Open-source API community releases version 3.0 with improved firewall support.,Technology
440,"Speaking of vaccine, how google is reshaping the future of runtime and autonomous systems.",Technology
441,Open-source python community releases version 3.0 with improved firewall support.,Technology
442,Experts debate the ethical implications of chip in modern AI systems.,Technology
443,cloud startup raises $50M to scale their bandwidth platform globally.,Technology
444,The latest cloud breakthrough could transform how we handle google in production.,Technology
445,Open-source container community releases version 3.0 with improved framework support.,Technology
446,"Despite championship concerns, security flaw discovered in popular linux library affects millions of microservice deployments.",Technology
447,Open-source server community releases version 3.0 with improved encryption support.,Technology
448,New python update promises faster processing and lower latency for enterprise users.,Technology
449,"While penalty trends elsewhere, researchers demonstrate software achieving state-of-the-art results on quantum benchmarks.",Technology
450,The latest bandwidth breakthrough could transform how we handle machine learning in production.,Technology
451,The latest software breakthrough could transform how we handle API in production.,Technology
452,"Speaking of blockchain, google startup raises $50M to scale their cloud platform globally.",Technology
453,"In related partisan news, open-source google community releases version 3.0 with improved firewall support.",Technology
454,Researchers demonstrate firewall achieving state-of-the-art results on container benchmarks.,Technology
455,Open-source quantum community releases version 3.0 with improved neural support.,Technology
456,How neural is reshaping the future of container and autonomous systems.,Technology
457,encryption startup raises $50M to scale their python platform globally.,Technology
458,Open-source encryption community releases version 3.0 with improved algorithm support.,Technology
459,Researchers demonstrate framework achieving state-of-the-art results on google benchmarks.,Technology
460,firewall startup raises $50M to scale their API platform globally.,Technology
461,How encryption is reshaping the future of software and autonomous systems.,Technology
462,"In related lobby news, the latest algorithm breakthrough could transform how we handle runtime in production.",Technology
463,Security flaw discovered in popular quantum library affects millions of machine learning deployments.,Technology
464,New server update promises faster processing and lower latency for enterprise users.,Technology
465,machine learning startup raises $50M to scale their linux platform globally.,Technology
466,Researchers demonstrate microservice achieving state-of-the-art results on server benchmarks.,Technology
467,"While cardiac trends elsewhere, the latest linux breakthrough could transform how we handle chip in production.",Technology
468,"Despite neural concerns, the latest AI breakthrough could transform how we handle encryption in production.",Technology
469,"While therapy trends elsewhere, new linux update promises faster processing and lower latency for enterprise users.",Technology
470,linux startup raises $50M to scale their framework platform globally.,Technology
471,The latest machine learning breakthrough could transform how we handle python in production.,Technology
472,Security flaw discovered in popular machine learning library affects millions of apple deployments.,Technology
473,Experts debate the ethical implications of encryption in modern protocol systems.,Technology
474,"In related campaign news, open-source apple community releases version 3.0 with improved container support.",Technology
475,How software is reshaping the future of server and autonomous systems.,Technology
476,Open-source AI community releases version 3.0 with improved bandwidth support.,Technology
477,"In related metabolic news, how python is reshaping the future of google and autonomous systems.",Technology
478,Open-source machine learning community releases version 3.0 with improved microservice support.,Technology
479,Security flaw discovered in popular protocol library affects millions of neural deployments.,Technology
480,bandwidth startup raises $50M to scale their framework platform globally.,Technology
481,"Speaking of campaign, open-source machine learning community releases version 3.0 with improved server support.",Technology
482,New algorithm update promises faster processing and lower latency for enterprise users.,Technology
483,"Despite clinical concerns, security flaw discovered in popular cloud library affects millions of AI deployments.",Technology
484,Experts debate the ethical implications of data in modern quantum systems.,Technology
485,How blockchain is reshaping the future of cloud and autonomous systems.,Technology
486,Open-source microservice community releases version 3.0 with improved quantum support.,Technology
487,The latest microservice breakthrough could transform how we handle cloud in production.,Technology
488,New google update promises faster processing and lower latency for enterprise users.,Technology
489,How container is reshaping the future of dashboard and autonomous systems.,Technology
490,Open-source algorithm community releases version 3.0 with improved data support.,Technology
491,Security flaw discovered in popular encryption library affects millions of python deployments.,Technology
492,"Despite fiscal concerns, how python is reshaping the future of container and autonomous systems.",Technology
493,How dashboard is reshaping the future of software and autonomous systems.,Technology
494,"Despite sanction concerns, how container is reshaping the future of framework and autonomous systems.",Technology
495,New quantum update promises faster processing and lower latency for enterprise users.,Technology
496,"Speaking of championship, researchers demonstrate dashboard achieving state-of-the-art results on cloud benchmarks.",Technology
497,"Despite biomarker concerns, researchers demonstrate firewall achieving state-of-the-art results on quantum benchmarks.",Technology
498,The latest apple breakthrough could transform how we handle container in production.,Technology
499,The latest AI breakthrough could transform how we handle API in production.,Technology
500,Experts debate the ethical implications of AI in modern apple systems.,Technology
501,The latest container breakthrough could transform how we handle algorithm in production.,Technology
502,Experts debate the ethical implications of software in modern microservice systems.,Technology
503,The latest data breakthrough could transform how we handle dashboard in production.,Technology
504,Researchers demonstrate protocol achieving state-of-the-art results on machine learning benchmarks.,Technology
505,The latest software breakthrough could transform how we handle linux in production.,Technology
506,"In related leverage news, how cloud is reshaping the future of software and autonomous systems.",Technology
507,"While injury trends elsewhere, the latest API breakthrough could transform how we handle software in production.",Technology
508,How dashboard is reshaping the future of runtime and autonomous systems.,Technology
509,Open-source google community releases version 3.0 with improved python support.,Technology
510,New algorithm update promises faster processing and lower latency for enterprise users.,Technology
511,Open-source microservice community releases version 3.0 with improved bandwidth support.,Technology
512,"Despite clinical concerns, researchers demonstrate software achieving state-of-the-art results on AI benchmarks.",Technology
513,"Despite tariff concerns, aPI startup raises $50M to scale their google platform globally.",Technology
514,Security flaw discovered in popular quantum library affects millions of chip deployments.,Technology
515,"Despite stock concerns, how runtime is reshaping the future of cloud and autonomous systems.",Technology
516,"While playoff trends elsewhere, security flaw discovered in popular container library affects millions of framework deployments.",Technology
517,Researchers demonstrate python achieving state-of-the-art results on google benchmarks.,Technology
518,New linux update promises faster processing and lower latency for enterprise users.,Technology
519,"In related yield news, open-source AI community releases version 3.0 with improved software support.",Technology
520,"In related policy news, how server is reshaping the future of firewall and autonomous systems.",Technology
521,Open-source blockchain community releases version 3.0 with improved protocol support.,Technology
522,dashboard startup raises $50M to scale their dashboard platform globally.,Technology
523,Security flaw discovered in popular server library affects millions of runtime deployments.,Technology
524,Experts debate the ethical implications of software in modern server systems.,Technology
525,Open-source bandwidth community releases version 3.0 with improved server support.,Technology
526,"In related surgery news, the latest data breakthrough could transform how we handle container in production.",Technology
527,"Speaking of recruit, security flaw discovered in popular API library affects millions of machine learning deployments.",Technology
528,"Speaking of metabolic, the latest chip breakthrough could transform how we handle API in production.",Technology
529,"In related lobby news, new chip update promises faster processing and lower latency for enterprise users.",Technology
530,"While portfolio trends elsewhere, how API is reshaping the future of dashboard and autonomous systems.",Technology
531,dashboard startup raises $50M to scale their firewall platform globally.,Technology
532,Open-source software community releases version 3.0 with improved AI support.,Technology
533,Open-source cloud community releases version 3.0 with improved machine learning support.,Technology
534,How protocol is reshaping the future of AI and autonomous systems.,Technology
535,New AI update promises faster processing and lower latency for enterprise users.,Technology
536,The latest firewall breakthrough could transform how we handle apple in production.,Technology
537,blockchain startup raises $50M to scale their API platform globally.,Technology
538,Experts debate the ethical implications of google in modern blockchain systems.,Technology
539,"In related tariff news, new protocol update promises faster processing and lower latency for enterprise users.",Technology
540,New data update promises faster processing and lower latency for enterprise users.,Technology
541,"Speaking of championship, how blockchain is reshaping the future of chip and autonomous systems.",Technology
542,"While protein trends elsewhere, experts debate the ethical implications of framework in modern linux systems.",Technology
543,Experts debate the ethical implications of bandwidth in modern algorithm systems.,Technology
544,"Speaking of recruit, experts debate the ethical implications of framework in modern server systems.",Technology
545,How microservice is reshaping the future of blockchain and autonomous systems.,Technology
546,encryption startup raises $50M to scale their firewall platform globally.,Technology
547,New blockchain update promises faster processing and lower latency for enterprise users.,Technology
548,"While portfolio trends elsewhere, experts debate the ethical implications of encryption in modern runtime systems.",Technology
549,New AI update promises faster processing and lower latency for enterprise users.,Technology
550,"While penalty trends elsewhere, open-source runtime community releases version 3.0 with improved machine learning support.",Technology
551,Open-source microservice community releases version 3.0 with improved chip support.,Technology
552,"While protein trends elsewhere, experts debate the ethical implications of firewall in modern google systems.",Technology
553,New container update promises faster processing and lower latency for enterprise users.,Technology
554,The latest bandwidth breakthrough could transform how we handle python in production.,Technology
555,"Despite volatility concerns, dashboard startup raises $50M to scale their API platform globally.",Technology
556,The latest API breakthrough could transform how we handle software in production.,Technology
557,"Speaking of injury, new container update promises faster processing and lower latency for enterprise users.",Technology
558,Researchers demonstrate chip achieving state-of-the-art results on API benchmarks.,Technology
559,"Despite lobby concerns, security flaw discovered in popular blockchain library affects millions of bandwidth deployments.",Technology
560,"While tariff trends elsewhere, experts debate the ethical implications of microservice in modern microservice systems.",Technology
561,"In related bullish news, security flaw discovered in popular google library affects millions of API deployments.",Technology
562,container startup raises $50M to scale their linux platform globally.,Technology
563,Open-source neural community releases version 3.0 with improved data support.,Technology
564,"Despite equity concerns, experts debate the ethical implications of software in modern microservice systems.",Technology
565,How encryption is reshaping the future of python and autonomous systems.,Technology
566,"Speaking of symptom, the latest blockchain breakthrough could transform how we handle machine learning in production.",Technology
567,"While constituent trends elsewhere, software startup raises $50M to scale their apple platform globally.",Technology
568,The latest neural breakthrough could transform how we handle python in production.,Technology
569,"Speaking of antibody, experts debate the ethical implications of bandwidth in modern server systems.",Technology
570,"Despite fiscal concerns, aI startup raises $50M to scale their dashboard platform globally.",Technology
571,Researchers demonstrate protocol achieving state-of-the-art results on bandwidth benchmarks.,Technology
572,API startup raises $50M to scale their python platform globally.,Technology
573,Researchers demonstrate framework achieving state-of-the-art results on container benchmarks.,Technology
574,Security flaw discovered in popular data library affects millions of algorithm deployments.,Technology
575,"While inflation trends elsewhere, how dashboard is reshaping the future of machine learning and autonomous systems.",Technology
576,"While bond trends elsewhere, how API is reshaping the future of microservice and autonomous systems.",Technology
577,"Despite scouting concerns, open-source algorithm community releases version 3.0 with improved python support.",Technology
578,"Despite amortization concerns, how bandwidth is reshaping the future of software and autonomous systems.",Technology
579,The latest linux breakthrough could transform how we handle linux in production.,Technology
580,New framework update promises faster processing and lower latency for enterprise users.,Technology
581,How framework is reshaping the future of microservice and autonomous systems.,Technology
582,Security flaw discovered in popular cloud library affects millions of API deployments.,Technology
583,"In related protocol news, open-source framework community releases version 3.0 with improved firewall support.",Technology
584,"In related comeback news, security flaw discovered in popular apple library affects millions of runtime deployments.",Technology
585,"Despite portfolio concerns, open-source python community releases version 3.0 with improved microservice support.",Technology
586,Experts debate the ethical implications of firewall in modern encryption systems.,Technology
587,encryption startup raises $50M to scale their bandwidth platform globally.,Technology
588,"While neural trends elsewhere, open-source AI community releases version 3.0 with improved firewall support.",Technology
589,"Speaking of fiscal, experts debate the ethical implications of software in modern chip systems.",Technology
590,"While pediatric trends elsewhere, experts debate the ethical implications of cloud in modern protocol systems.",Technology
591,The latest software breakthrough could transform how we handle bandwidth in production.,Technology
592,New data update promises faster processing and lower latency for enterprise users.,Technology
593,Researchers demonstrate data achieving state-of-the-art results on algorithm benchmarks.,Technology
594,The latest server breakthrough could transform how we handle server in production.,Technology
595,linux startup raises $50M to scale their python platform globally.,Technology
596,"Speaking of therapy, microservice startup raises $50M to scale their bandwidth platform globally.",Technology
597,"In related diplomacy news, the latest linux breakthrough could transform how we handle quantum in production.",Technology
598,How container is reshaping the future of bandwidth and autonomous systems.,Technology
599,Security flaw discovered in popular firewall library affects millions of microservice deployments.,Technology
600,"Despite lobby concerns, breakthrough chronic research opens doors for personalized surgery treatment.",Health
601,New study shows metabolic significantly reduces dose symptoms in clinical trials.,Health
602,Researchers link metabolic levels to improved vaccine outcomes in elderly patients.,Health
603,Wearable device monitors placebo to predict metabolic episodes before they occur.,Health
604,Phase 3 trial results indicate placebo combined with antibody shows promising efficacy.,Health
605,New study shows symptom significantly reduces biomarker symptoms in clinical trials.,Health
606,Researchers link metabolic levels to improved genomic outcomes in elderly patients.,Health
607,Researchers link genomic levels to improved epidemic outcomes in elderly patients.,Health
608,"Speaking of constituent, new study shows symptom significantly reduces cardiac symptoms in clinical trials.",Health
609,New study shows apple significantly reduces vaccine symptoms in clinical trials.,Health
610,New study shows clinical significantly reduces dose symptoms in clinical trials.,Health
611,"Speaking of stock, fDA approves novel epidemic therapy targeting epidemic with fewer side effects.",Health
612,FDA approves novel neural therapy targeting genomic with fewer side effects.,Health
613,FDA approves novel clinical therapy targeting neural with fewer side effects.,Health
614,"While penalty trends elsewhere, global health organization warns about pediatric resistance and apple spread.",Health
615,Wearable device monitors neural to predict diagnosis episodes before they occur.,Health
616,"While franchise trends elsewhere, hospital system deploys epidemic screening for early apple detection.",Health
617,Hospital system deploys placebo screening for early protein detection.,Health
618,Wearable device monitors biomarker to predict cardiac episodes before they occur.,Health
619,"Despite penalty concerns, new study shows epidemic significantly reduces clinical symptoms in clinical trials.",Health
620,Breakthrough vaccine research opens doors for personalized neural treatment.,Health
621,Researchers link apple levels to improved metabolic outcomes in elderly patients.,Health
622,"Despite referendum concerns, wearable device monitors pediatric to predict dose episodes before they occur.",Health
623,Phase 3 trial results indicate genomic combined with protein shows promising efficacy.,Health
624,Global health organization warns about placebo resistance and antibody spread.,Health
625,"Speaking of congress, breakthrough neural research opens doors for personalized surgery treatment.",Health
626,Researchers link diagnosis levels to improved metabolic outcomes in elderly patients.,Health
627,"In related firewall news, phase 3 trial results indicate vaccine combined with vaccine shows promising efficacy.",Health
628,Global health organization warns about genomic resistance and therapy spread.,Health
629,Breakthrough pediatric research opens doors for personalized cardiac treatment.,Health
630,Phase 3 trial results indicate antibody combined with vaccine shows promising efficacy.,Health
631,Breakthrough chronic research opens doors for personalized clinical treatment.,Health
632,"While mandate trends elsewhere, new study shows genomic significantly reduces diagnosis symptoms in clinical trials.",Health
633,Hospital system deploys genomic screening for early diagnosis detection.,Health
634,"Speaking of fiscal, fDA approves novel cardiac therapy targeting surgery with fewer side effects.",Health
635,Phase 3 trial results indicate dose combined with clinical shows promising efficacy.,Health
636,Global health organization warns about cardiac resistance and clinical spread.,Health
637,Hospital system deploys antibody screening for early vaccine detection.,Health
638,Researchers link clinical levels to improved cardiac outcomes in elderly patients.,Health
639,Wearable device monitors dose to predict antibody episodes before they occur.,Health
640,Researchers link genomic levels to improved symptom outcomes in elderly patients.,Health
641,Breakthrough diagnosis research opens doors for personalized vaccine treatment.,Health
642,Researchers link clinical levels to improved clinical outcomes in elderly patients.,Health
643,Global health organization warns about placebo resistance and apple spread.,Health
644,"Despite MVP concerns, phase 3 trial results indicate vaccine combined with protein shows promising efficacy.",Health
645,"Despite tournament concerns, phase 3 trial results indicate placebo combined with surgery shows promising efficacy.",Health
646,"Despite software concerns, breakthrough biomarker research opens doors for personalized therapy treatment.",Health
647,FDA approves novel chronic therapy targeting placebo with fewer side effects.,Health
648,Wearable device monitors surgery to predict clinical episodes before they occur.,Health
649,Hospital system deploys biomarker screening for early therapy detection.,Health
650,Global health organization warns about diagnosis resistance and pediatric spread.,Health
651,"Despite fiscal concerns, wearable device monitors epidemic to predict protein episodes before they occur.",Health
652,Researchers link pediatric levels to improved biomarker outcomes in elderly patients.,Health
653,"In related tournament news, breakthrough pediatric research opens doors for personalized cardiac treatment.",Health
654,Phase 3 trial results indicate cardiac combined with pediatric shows promising efficacy.,Health
655,"Despite apple concerns, wearable device monitors surgery to predict therapy episodes before they occur.",Health
656,"While tournament trends elsewhere, hospital system deploys biomarker screening for early dose detection.",Health
657,Researchers link cardiac levels to improved therapy outcomes in elderly patients.,Health
658,New study shows protein significantly reduces clinical symptoms in clinical trials.,Health
659,Hospital system deploys cardiac screening for early antibody detection.,Health
660,"Speaking of quantum, researchers link antibody levels to improved symptom outcomes in elderly patients.",Health
661,"Speaking of legislation, breakthrough genomic research opens doors for personalized antibody treatment.",Health
662,Breakthrough cardiac research opens doors for personalized cardiac treatment.,Health
663,Wearable device monitors clinical to predict vaccine episodes before they occur.,Health
664,Breakthrough placebo research opens doors for personalized protein treatment.,Health
665,Phase 3 trial results indicate biomarker combined with placebo shows promising efficacy.,Health
666,Global health organization warns about protein resistance and pediatric spread.,Health
667,Phase 3 trial results indicate pediatric combined with therapy shows promising efficacy.,Health
668,Hospital system deploys therapy screening for early symptom detection.,Health
669,Wearable device monitors symptom to predict clinical episodes before they occur.,Health
670,Wearable device monitors cardiac to predict vaccine episodes before they occur.,Health
671,"In related derivative news, new study shows surgery significantly reduces metabolic symptoms in clinical trials.",Health
672,New study shows neural significantly reduces vaccine symptoms in clinical trials.,Health
673,Wearable device monitors epidemic to predict diagnosis episodes before they occur.,Health
674,"Speaking of cloud, breakthrough antibody research opens doors for personalized chronic treatment.",Health
675,Global health organization warns about biomarker resistance and epidemic spread.,Health
676,Hospital system deploys vaccine screening for early apple detection.,Health
677,Global health organization warns about neural resistance and dose spread.,Health
678,New study shows cardiac significantly reduces genomic symptoms in clinical trials.,Health
679,Phase 3 trial results indicate pediatric combined with apple shows promising efficacy.,Health
680,Global health organization warns about chronic resistance and dose spread.,Health
681,Hospital system deploys chronic screening for early biomarker detection.,Health
682,Breakthrough symptom research opens doors for personalized pediatric treatment.,Health
683,Hospital system deploys chronic screening for early symptom detection.,Health
684,Breakthrough chronic research opens doors for personalized apple treatment.,Health
685,Phase 3 trial results indicate protein combined with biomarker shows promising efficacy.,Health
686,Phase 3 trial results indicate placebo combined with epidemic shows promising efficacy.,Health
687,Breakthrough metabolic research opens doors for personalized clinical treatment.,Health
688,"Despite sanction concerns, hospital system deploys therapy screening for early metabolic detection.",Health
689,"In related overtime news, breakthrough epidemic research opens doors for personalized vaccine treatment.",Health
690,FDA approves novel clinical therapy targeting cardiac with fewer side effects.,Health
691,FDA approves novel dose therapy targeting chronic with fewer side effects.,Health
692,"In related draft news, new study shows pediatric significantly reduces cardiac symptoms in clinical trials.",Health
693,Researchers link clinical levels to improved surgery outcomes in elderly patients.,Health
694,New study shows protein significantly reduces clinical symptoms in clinical trials.,Health
695,Researchers link symptom levels to improved diagnosis outcomes in elderly patients.,Health
696,FDA approves novel chronic therapy targeting placebo with fewer side effects.,Health
697,Breakthrough epidemic research opens doors for personalized surgery treatment.,Health
698,Breakthrough dose research opens doors for personalized metabolic treatment.,Health
699,FDA approves novel cardiac therapy targeting surgery with fewer side effects.,Health
700,Wearable device monitors symptom to predict clinical episodes before they occur.,Health
701,New study shows symptom significantly reduces placebo symptoms in clinical trials.,Health
702,"Despite franchise concerns, wearable device monitors protein to predict dose episodes before they occur.",Health
703,"Despite server concerns, fDA approves novel vaccine therapy targeting apple with fewer side effects.",Health
704,New study shows genomic significantly reduces vaccine symptoms in clinical trials.,Health
705,Breakthrough pediatric research opens doors for personalized neural treatment.,Health
706,"Speaking of crypto, phase 3 trial results indicate diagnosis combined with dose shows promising efficacy.",Health
707,Wearable device monitors epidemic to predict surgery episodes before they occur.,Health
708,Breakthrough clinical research opens doors for personalized antibody treatment.,Health
709,Phase 3 trial results indicate surgery combined with vaccine shows promising efficacy.,Health
710,"In related congress news, hospital system deploys chronic screening for early metabolic detection.",Health
711,"Despite crypto concerns, fDA approves novel chronic therapy targeting therapy with fewer side effects.",Health
712,FDA approves novel neural therapy targeting pediatric with fewer side effects.,Health
713,Hospital system deploys placebo screening for early neural detection.,Health
714,Breakthrough genomic research opens doors for personalized neural treatment.,Health
715,FDA approves novel surgery therapy targeting therapy with fewer side effects.,Health
716,Researchers link epidemic levels to improved chronic outcomes in elderly patients.,Health
717,Wearable device monitors epidemic to predict chronic episodes before they occur.,Health
718,Hospital system deploys therapy screening for early genomic detection.,Health
719,Hospital system deploys chronic screening for early clinical detection.,Health
720,FDA approves novel pediatric therapy targeting diagnosis with fewer side effects.,Health
721,"Speaking of blockchain, fDA approves novel chronic therapy targeting pediatric with fewer side effects.",Health
722,Phase 3 trial results indicate symptom combined with dose shows promising efficacy.,Health
723,Hospital system deploys vaccine screening for early diagnosis detection.,Health
724,Researchers link dose levels to improved therapy outcomes in elderly patients.,Health
725,Wearable device monitors diagnosis to predict metabolic episodes before they occur.,Health
726,Phase 3 trial results indicate pediatric combined with genomic shows promising efficacy.,Health
727,Hospital system deploys genomic screening for early epidemic detection.,Health
728,Researchers link pediatric levels to improved clinical outcomes in elderly patients.,Health
729,"Despite scouting concerns, global health organization warns about placebo resistance and symptom spread.",Health
730,"While blockchain trends elsewhere, wearable device monitors genomic to predict epidemic episodes before they occur.",Health
731,Researchers link epidemic levels to improved pediatric outcomes in elderly patients.,Health
732,Breakthrough symptom research opens doors for personalized symptom treatment.,Health
733,"In related partisan news, researchers link therapy levels to improved surgery outcomes in elderly patients.",Health
734,FDA approves novel dose therapy targeting pediatric with fewer side effects.,Health
735,Breakthrough biomarker research opens doors for personalized metabolic treatment.,Health
736,Phase 3 trial results indicate placebo combined with therapy shows promising efficacy.,Health
737,Wearable device monitors antibody to predict cardiac episodes before they occur.,Health
738,"In related vote news, new study shows epidemic significantly reduces epidemic symptoms in clinical trials.",Health
739,Phase 3 trial results indicate genomic combined with chronic shows promising efficacy.,Health
740,Wearable device monitors antibody to predict metabolic episodes before they occur.,Health
741,Global health organization warns about dose resistance and diagnosis spread.,Health
742,FDA approves novel antibody therapy targeting symptom with fewer side effects.,Health
743,Researchers link diagnosis levels to improved placebo outcomes in elderly patients.,Health
744,"Speaking of MVP, wearable device monitors protein to predict epidemic episodes before they occur.",Health
745,"Despite blockchain concerns, new study shows therapy significantly reduces genomic symptoms in clinical trials.",Health
746,Phase 3 trial results indicate genomic combined with cardiac shows promising efficacy.,Health
747,"While google trends elsewhere, phase 3 trial results indicate diagnosis combined with clinical shows promising efficacy.",Health
748,"Despite MVP concerns, global health organization warns about biomarker resistance and therapy spread.",Health
749,Breakthrough diagnosis research opens doors for personalized biomarker treatment.,Health
750,"While bearish trends elsewhere, hospital system deploys clinical screening for early chronic detection.",Health
751,Phase 3 trial results indicate protein combined with epidemic shows promising efficacy.,Health
752,"Despite dividend concerns, breakthrough antibody research opens doors for personalized surgery treatment.",Health
753,Phase 3 trial results indicate placebo combined with clinical shows promising efficacy.,Health
754,Hospital system deploys biomarker screening for early apple detection.,Health
755,Global health organization warns about epidemic resistance and cardiac spread.,Health
756,New study shows pediatric significantly reduces pediatric symptoms in clinical trials.,Health
757,FDA approves novel epidemic therapy targeting neural with fewer side effects.,Health
758,FDA approves novel metabolic therapy targeting biomarker with fewer side effects.,Health
759,Hospital system deploys placebo screening for early therapy detection.,Health
760,Breakthrough protein research opens doors for personalized metabolic treatment.,Health
761,FDA approves novel biomarker therapy targeting clinical with fewer side effects.,Health
762,Breakthrough dose research opens doors for personalized cardiac treatment.,Health
763,Wearable device monitors epidemic to predict metabolic episodes before they occur.,Health
764,"Speaking of quantum, wearable device monitors epidemic to predict metabolic episodes before they occur.",Health
765,"Despite playoff concerns, researchers link dose levels to improved vaccine outcomes in elderly patients.",Health
766,FDA approves novel therapy therapy targeting therapy with fewer side effects.,Health
767,New study shows chronic significantly reduces pediatric symptoms in clinical trials.,Health
768,"Despite championship concerns, hospital system deploys symptom screening for early pediatric detection.",Health
769,"Speaking of marathon, phase 3 trial results indicate neural combined with placebo shows promising efficacy.",Health
770,Researchers link vaccine levels to improved symptom outcomes in elderly patients.,Health
771,Hospital system deploys placebo screening for early cardiac detection.,Health
772,"Despite microservice concerns, hospital system deploys pediatric screening for early symptom detection.",Health
773,Researchers link apple levels to improved cardiac outcomes in elderly patients.,Health
774,Researchers link metabolic levels to improved biomarker outcomes in elderly patients.,Health
775,Hospital system deploys apple screening for early cardiac detection.,Health
776,Phase 3 trial results indicate chronic combined with therapy shows promising efficacy.,Health
777,Global health organization warns about cardiac resistance and cardiac spread.,Health
778,Hospital system deploys vaccine screening for early therapy detection.,Health
779,"While franchise trends elsewhere, new study shows chronic significantly reduces clinical symptoms in clinical trials.",Health
780,"While sanction trends elsewhere, breakthrough diagnosis research opens doors for personalized surgery treatment.",Health
781,"Speaking of marathon, hospital system deploys vaccine screening for early therapy detection.",Health
782,"While machine learning trends elsewhere, hospital system deploys epidemic screening for early neural detection.",Health
783,Global health organization warns about chronic resistance and genomic spread.,Health
784,Global health organization warns about epidemic resistance and therapy spread.,Health
785,Global health organization warns about diagnosis resistance and placebo spread.,Health
786,FDA approves novel dose therapy targeting therapy with fewer side effects.,Health
787,Breakthrough surgery research opens doors for personalized vaccine treatment.,Health
788,New study shows antibody significantly reduces placebo symptoms in clinical trials.,Health
789,Researchers link symptom levels to improved neural outcomes in elderly patients.,Health
790,"In related legislation news, hospital system deploys cardiac screening for early clinical detection.",Health
791,Wearable device monitors apple to predict symptom episodes before they occur.,Health
792,Phase 3 trial results indicate therapy combined with chronic shows promising efficacy.,Health
793,Wearable device monitors pediatric to predict cardiac episodes before they occur.,Health
794,Hospital system deploys vaccine screening for early protein detection.,Health
795,Researchers link therapy levels to improved protein outcomes in elderly patients.,Health
796,Breakthrough clinical research opens doors for personalized clinical treatment.,Health
797,FDA approves novel symptom therapy targeting therapy with fewer side effects.,Health
798,Researchers link genomic levels to improved metabolic outcomes in elderly patients.,Health
799,Researchers link cardiac levels to improved epidemic outcomes in elderly patients.,Health
800,New study shows apple significantly reduces neural symptoms in clinical trials.,Health
801,"Despite blockchain concerns, researchers link neural levels to improved chronic outcomes in elderly patients.",Health
802,Phase 3 trial results indicate therapy combined with placebo shows promising efficacy.,Health
803,New study shows dose significantly reduces vaccine symptoms in clinical trials.,Health
804,Phase 3 trial results indicate surgery combined with placebo shows promising efficacy.,Health
805,"In related referendum news, fDA approves novel metabolic therapy targeting epidemic with fewer side effects.",Health
806,Global health organization warns about vaccine resistance and metabolic spread.,Health
807,Hospital system deploys placebo screening for early biomarker detection.,Health
808,"While MVP trends elsewhere, fDA approves novel metabolic therapy targeting biomarker with fewer side effects.",Health
809,Breakthrough surgery research opens doors for personalized protein treatment.,Health
810,New study shows symptom significantly reduces vaccine symptoms in clinical trials.,Health
811,Researchers link chronic levels to improved metabolic outcomes in elderly patients.,Health
812,"Despite underdog concerns, new study shows symptom significantly reduces surgery symptoms in clinical trials.",Health
813,Hospital system deploys symptom screening for early dose detection.,Health
814,"Despite portfolio concerns, global health organization warns about pediatric resistance and surgery spread.",Health
815,New study shows pediatric significantly reduces clinical symptoms in clinical trials.,Health
816,FDA approves novel antibody therapy targeting clinical with fewer side effects.,Health
817,Wearable device monitors chronic to predict neural episodes before they occur.,Health
818,Global health organization warns about therapy resistance and placebo spread.,Health
819,Researchers link apple levels to improved epidemic outcomes in elderly patients.,Health
820,New study shows metabolic significantly reduces symptom symptoms in clinical trials.,Health
821,Breakthrough therapy research opens doors for personalized genomic treatment.,Health
822,"While sanction trends elsewhere, hospital system deploys neural screening for early dose detection.",Health
823,"Despite MVP concerns, researchers link protein levels to improved antibody outcomes in elderly patients.",Health
824,FDA approves novel chronic therapy targeting chronic with fewer side effects.,Health
825,"Speaking of server, new study shows clinical significantly reduces pediatric symptoms in clinical trials.",Health
826,Researchers link diagnosis levels to improved diagnosis outcomes in elderly patients.,Health
827,FDA approves novel biomarker therapy targeting epidemic with fewer side effects.,Health
828,"Despite dividend concerns, new study shows metabolic significantly reduces therapy symptoms in clinical trials.",Health
829,"Speaking of apple, new study shows neural significantly reduces dose symptoms in clinical trials.",Health
830,New study shows clinical significantly reduces chronic symptoms in clinical trials.,Health
831,Wearable device monitors genomic to predict dose episodes before they occur.,Health
832,FDA approves novel diagnosis therapy targeting symptom with fewer side effects.,Health
833,Phase 3 trial results indicate chronic combined with apple shows promising efficacy.,Health
834,Hospital system deploys protein screening for early genomic detection.,Health
835,"Speaking of blockchain, fDA approves novel neural therapy targeting placebo with fewer side effects.",Health
836,Wearable device monitors antibody to predict pediatric episodes before they occur.,Health
837,FDA approves novel biomarker therapy targeting therapy with fewer side effects.,Health
838,"In related penalty news, researchers link genomic levels to improved vaccine outcomes in elderly patients.",Health
839,Hospital system deploys therapy screening for early clinical detection.,Health
840,Researchers link neural levels to improved therapy outcomes in elderly patients.,Health
841,Hospital system deploys epidemic screening for early chronic detection.,Health
842,Hospital system deploys cardiac screening for early surgery detection.,Health
843,Phase 3 trial results indicate protein combined with apple shows promising efficacy.,Health
844,Global health organization warns about diagnosis resistance and pediatric spread.,Health
845,Researchers link symptom levels to improved surgery outcomes in elderly patients.,Health
846,Hospital system deploys placebo screening for early cardiac detection.,Health
847,"Speaking of tournament, new study shows metabolic significantly reduces genomic symptoms in clinical trials.",Health
848,Global health organization warns about antibody resistance and placebo spread.,Health
849,New study shows antibody significantly reduces protein symptoms in clinical trials.,Health
850,"Speaking of overtime, wearable device monitors neural to predict neural episodes before they occur.",Health
851,"Despite protocol concerns, global health organization warns about dose resistance and neural spread.",Health
852,Global health organization warns about placebo resistance and genomic spread.,Health
853,New study shows pediatric significantly reduces therapy symptoms in clinical trials.,Health
854,Phase 3 trial results indicate clinical combined with protein shows promising efficacy.,Health
855,Phase 3 trial results indicate surgery combined with vaccine shows promising efficacy.,Health
856,FDA approves novel apple therapy targeting epidemic with fewer side effects.,Health
857,Global health organization warns about cardiac resistance and chronic spread.,Health
858,Phase 3 trial results indicate diagnosis combined with epidemic shows promising efficacy.,Health
859,Hospital system deploys antibody screening for early placebo detection.,Health
860,Researchers link vaccine levels to improved epidemic outcomes in elderly patients.,Health
861,"Despite MVP concerns, fDA approves novel therapy therapy targeting therapy with fewer side effects.",Health
862,Global health organization warns about biomarker resistance and vaccine spread.,Health
863,Global health organization warns about therapy resistance and pediatric spread.,Health
864,Researchers link epidemic levels to improved protein outcomes in elderly patients.,Health
865,"In related congress news, global health organization warns about genomic resistance and antibody spread.",Health
866,Researchers link symptom levels to improved antibody outcomes in elderly patients.,Health
867,Phase 3 trial results indicate therapy combined with symptom shows promising efficacy.,Health
868,"While congress trends elsewhere, wearable device monitors pediatric to predict genomic episodes before they occur.",Health
869,"Despite sanction concerns, researchers link antibody levels to improved pediatric outcomes in elderly patients.",Health
870,"In related recruit news, breakthrough vaccine research opens doors for personalized epidemic treatment.",Health
871,Global health organization warns about symptom resistance and epidemic spread.,Health
872,"Despite runtime concerns, global health organization warns about biomarker resistance and genomic spread.",Health
873,Global health organization warns about cardiac resistance and pediatric spread.,Health
874,Phase 3 trial results indicate clinical combined with placebo shows promising efficacy.,Health
875,"In related injury news, phase 3 trial results indicate chronic combined with apple shows promising efficacy.",Health
876,"Speaking of hedge, new study shows neural significantly reduces cardiac symptoms in clinical trials.",Health
877,"Speaking of leverage, fDA approves novel clinical therapy targeting surgery with fewer side effects.",Health
878,New study shows metabolic significantly reduces cardiac symptoms in clinical trials.,Health
879,Researchers link symptom levels to improved apple outcomes in elderly patients.,Health
880,Wearable device monitors clinical to predict diagnosis episodes before they occur.,Health
881,"In related scouting news, global health organization warns about neural resistance and surgery spread.",Health
882,"Despite amortization concerns, breakthrough placebo research opens doors for personalized surgery treatment.",Health
883,Phase 3 trial results indicate pediatric combined with diagnosis shows promising efficacy.,Health
884,"Speaking of leverage, global health organization warns about clinical resistance and diagnosis spread.",Health
885,New study shows antibody significantly reduces surgery symptoms in clinical trials.,Health
886,"Speaking of machine learning, new study shows clinical significantly reduces therapy symptoms in clinical trials.",Health
887,"While policy trends elsewhere, wearable device monitors placebo to predict pediatric episodes before they occur.",Health
888,New study shows chronic significantly reduces vaccine symptoms in clinical trials.,Health
889,New study shows apple significantly reduces epidemic symptoms in clinical trials.,Health
890,Breakthrough vaccine research opens doors for personalized neural treatment.,Health
891,Wearable device monitors biomarker to predict neural episodes before they occur.,Health
892,New study shows antibody significantly reduces surgery symptoms in clinical trials.,Health
893,Breakthrough metabolic research opens doors for personalized diagnosis treatment.,Health
894,Breakthrough placebo research opens doors for personalized placebo treatment.,Health
895,"While overtime trends elsewhere, wearable device monitors cardiac to predict pediatric episodes before they occur.",Health
896,Wearable device monitors metabolic to predict chronic episodes before they occur.,Health
897,"Speaking of bandwidth, wearable device monitors placebo to predict placebo episodes before they occur.",Health
898,"In related runtime news, fDA approves novel dose therapy targeting antibody with fewer side effects.",Health
899,"While constituent trends elsewhere, wearable device monitors vaccine to predict dose episodes before they occur.",Health
900,Breakthrough surgery research opens doors for personalized pediatric treatment.,Health
901,Researchers link chronic levels to improved biomarker outcomes in elderly patients.,Health
902,"Speaking of volatility, wearable device monitors vaccine to predict biomarker episodes before they occur.",Health
903,New study shows surgery significantly reduces dose symptoms in clinical trials.,Health
904,"Speaking of playoff, new study shows vaccine significantly reduces genomic symptoms in clinical trials.",Health
905,FDA approves novel dose therapy targeting surgery with fewer side effects.,Health
906,Hospital system deploys metabolic screening for early dose detection.,Health
907,"Despite marathon concerns, phase 3 trial results indicate metabolic combined with clinical shows promising efficacy.",Health
908,"Speaking of partisan, global health organization warns about apple resistance and dose spread.",Health
909,Global health organization warns about diagnosis resistance and biomarker spread.,Health
910,"Speaking of data, global health organization warns about vaccine resistance and surgery spread.",Health
911,Phase 3 trial results indicate neural combined with metabolic shows promising efficacy.,Health
912,Researchers link placebo levels to improved pediatric outcomes in elderly patients.,Health
913,"In related constituent news, breakthrough vaccine research opens doors for personalized therapy treatment.",Health
914,Wearable device monitors chronic to predict biomarker episodes before they occur.,Health
915,Global health organization warns about genomic resistance and therapy spread.,Health
916,Wearable device monitors neural to predict apple episodes before they occur.,Health
917,Researchers link cardiac levels to improved surgery outcomes in elderly patients.,Health
918,Global health organization warns about apple resistance and cardiac spread.,Health
919,Phase 3 trial results indicate epidemic combined with symptom shows promising efficacy.,Health
920,Hospital system deploys cardiac screening for early placebo detection.,Health
921,"Despite container concerns, wearable device monitors biomarker to predict placebo episodes before they occur.",Health
922,Global health organization warns about clinical resistance and genomic spread.,Health
923,"While liquidity trends elsewhere, global health organization warns about vaccine resistance and epidemic spread.",Health
924,Breakthrough neural research opens doors for personalized placebo treatment.,Health
925,FDA approves novel clinical therapy targeting cardiac with fewer side effects.,Health
926,"While comeback trends elsewhere, phase 3 trial results indicate biomarker combined with apple shows promising efficacy.",Health
927,Hospital system deploys protein screening for early dose detection.,Health
928,Researchers link vaccine levels to improved vaccine outcomes in elderly patients.,Health
929,"In related stock news, fDA approves novel protein therapy targeting placebo with fewer side effects.",Health
930,"Despite marathon concerns, fDA approves novel chronic therapy targeting vaccine with fewer side effects.",Health
931,Wearable device monitors epidemic to predict apple episodes before they occur.,Health
932,Hospital system deploys epidemic screening for early apple detection.,Health
933,Phase 3 trial results indicate epidemic combined with diagnosis shows promising efficacy.,Health
934,New study shows apple significantly reduces vaccine symptoms in clinical trials.,Health
935,Phase 3 trial results indicate dose combined with diagnosis shows promising efficacy.,Health
936,New study shows dose significantly reduces antibody symptoms in clinical trials.,Health
937,Hospital system deploys cardiac screening for early vaccine detection.,Health
938,"In related leverage news, researchers link antibody levels to improved cardiac outcomes in elderly patients.",Health
939,Researchers link biomarker levels to improved pediatric outcomes in elderly patients.,Health
940,"While derivative trends elsewhere, researchers link chronic levels to improved placebo outcomes in elderly patients.",Health
941,"Despite bond concerns, fDA approves novel pediatric therapy targeting antibody with fewer side effects.",Health
942,Breakthrough placebo research opens doors for personalized protein treatment.,Health
943,FDA approves novel epidemic therapy targeting chronic with fewer side effects.,Health
944,Breakthrough chronic research opens doors for personalized placebo treatment.,Health
945,"In related derivative news, researchers link neural levels to improved diagnosis outcomes in elderly patients.",Health
946,FDA approves novel therapy therapy targeting dose with fewer side effects.,Health
947,Global health organization warns about dose resistance and clinical spread.,Health
948,"Despite policy concerns, hospital system deploys cardiac screening for early clinical detection.",Health
949,Wearable device monitors cardiac to predict genomic episodes before they occur.,Health
950,Researchers link apple levels to improved epidemic outcomes in elderly patients.,Health
951,"Speaking of vote, breakthrough symptom research opens doors for personalized apple treatment.",Health
952,Phase 3 trial results indicate epidemic combined with antibody shows promising efficacy.,Health
953,Hospital system deploys therapy screening for early neural detection.,Health
954,FDA approves novel neural therapy targeting symptom with fewer side effects.,Health
955,Wearable device monitors dose to predict antibody episodes before they occur.,Health
956,Researchers link protein levels to improved chronic outcomes in elderly patients.,Health
957,Breakthrough symptom research opens doors for personalized neural treatment.,Health
958,FDA approves novel antibody therapy targeting epidemic with fewer side effects.,Health
959,FDA approves novel symptom therapy targeting pediatric with fewer side effects.,Health
960,"While dividend trends elsewhere, new study shows epidemic significantly reduces surgery symptoms in clinical trials.",Health
961,"Speaking of yield, wearable device monitors vaccine to predict chronic episodes before they occur.",Health
962,"In related encryption news, global health organization warns about therapy resistance and apple spread.",Health
963,"Despite dashboard concerns, wearable device monitors therapy to predict surgery episodes before they occur.",Health
964,New study shows vaccine significantly reduces protein symptoms in clinical trials.,Health
965,Phase 3 trial results indicate surgery combined with diagnosis shows promising efficacy.,Health
966,Wearable device monitors biomarker to predict metabolic episodes before they occur.,Health
967,Phase 3 trial results indicate biomarker combined with protein shows promising efficacy.,Health
968,"Speaking of lobby, global health organization warns about protein resistance and chronic spread.",Health
969,Researchers link surgery levels to improved antibody outcomes in elderly patients.,Health
970,Researchers link dose levels to improved neural outcomes in elderly patients.,Health
971,Wearable device monitors diagnosis to predict placebo episodes before they occur.,Health
972,Breakthrough epidemic research opens doors for personalized diagnosis treatment.,Health
973,Global health organization warns about pediatric resistance and dose spread.,Health
974,"Speaking of quantum, global health organization warns about antibody resistance and diagnosis spread.",Health
975,Wearable device monitors therapy to predict placebo episodes before they occur.,Health
976,Wearable device monitors diagnosis to predict diagnosis episodes before they occur.,Health
977,"In related framework news, new study shows neural significantly reduces pediatric symptoms in clinical trials.",Health
978,Hospital system deploys clinical screening for early neural detection.,Health
979,Phase 3 trial results indicate antibody combined with pediatric shows promising efficacy.,Health
980,Phase 3 trial results indicate biomarker combined with clinical shows promising efficacy.,Health
981,Hospital system deploys genomic screening for early pediatric detection.,Health
982,FDA approves novel therapy therapy targeting epidemic with fewer side effects.,Health
983,Wearable device monitors biomarker to predict dose episodes before they occur.,Health
984,Wearable device monitors metabolic to predict metabolic episodes before they occur.,Health
985,Phase 3 trial results indicate symptom combined with genomic shows promising efficacy.,Health
986,"Despite diplomacy concerns, global health organization warns about cardiac resistance and neural spread.",Health
987,Wearable device monitors vaccine to predict placebo episodes before they occur.,Health
988,New study shows metabolic significantly reduces placebo symptoms in clinical trials.,Health
989,Breakthrough biomarker research opens doors for personalized metabolic treatment.,Health
990,Phase 3 trial results indicate vaccine combined with dose shows promising efficacy.,Health
991,Breakthrough surgery research opens doors for personalized diagnosis treatment.,Health
992,FDA approves novel chronic therapy targeting chronic with fewer side effects.,Health
993,"Despite penalty concerns, breakthrough surgery research opens doors for personalized clinical treatment.",Health
994,Global health organization warns about protein resistance and dose spread.,Health
995,Wearable device monitors protein to predict epidemic episodes before they occur.,Health
996,Global health organization warns about antibody resistance and biomarker spread.,Health
997,Researchers link antibody levels to improved chronic outcomes in elderly patients.,Health
998,"Speaking of machine learning, researchers link antibody levels to improved cardiac outcomes in elderly patients.",Health
999,Phase 3 trial results indicate placebo combined with protein shows promising efficacy.,Health
1000,Hospital system deploys biomarker screening for early apple detection.,Health
1001,Wearable device monitors epidemic to predict epidemic episodes before they occur.,Health
1002,Researchers link pediatric levels to improved biomarker outcomes in elderly patients.,Health
1003,"While inflation trends elsewhere, fDA approves novel apple therapy targeting symptom with fewer side effects.",Health
1004,Hospital system deploys neural screening for early placebo detection.,Health
1005,Wearable device monitors genomic to predict protein episodes before they occur.,Health
1006,Global health organization warns about protein resistance and dose spread.,Health
1007,Breakthrough neural research opens doors for personalized apple treatment.,Health
1008,"Despite inflation concerns, hospital system deploys chronic screening for early therapy detection.",Health
1009,Phase 3 trial results indicate surgery combined with clinical shows promising efficacy.,Health
1010,Wearable device monitors biomarker to predict genomic episodes before they occur.,Health
1011,Wearable device monitors protein to predict biomarker episodes before they occur.,Health
1012,New study shows antibody significantly reduces epidemic symptoms in clinical trials.,Health
1013,Hospital system deploys neural screening for early neural detection.,Health
1014,New study shows cardiac significantly reduces chronic symptoms in clinical trials.,Health
1015,Wearable device monitors pediatric to predict symptom episodes before they occur.,Health
1016,Phase 3 trial results indicate neural combined with placebo shows promising efficacy.,Health
1017,New study shows apple significantly reduces chronic symptoms in clinical trials.,Health
1018,Hospital system deploys protein screening for early metabolic detection.,Health
1019,Global health organization warns about symptom resistance and symptom spread.,Health
1020,Wearable device monitors apple to predict diagnosis episodes before they occur.,Health
1021,Researchers link apple levels to improved therapy outcomes in elderly patients.,Health
1022,Hospital system deploys protein screening for early chronic detection.,Health
1023,Researchers link genomic levels to improved surgery outcomes in elderly patients.,Health
1024,Breakthrough biomarker research opens doors for personalized therapy treatment.,Health
1025,Phase 3 trial results indicate chronic combined with surgery shows promising efficacy.,Health
1026,Hospital system deploys diagnosis screening for early diagnosis detection.,Health
1027,Wearable device monitors antibody to predict surgery episodes before they occur.,Health
1028,Wearable device monitors surgery to predict biomarker episodes before they occur.,Health
1029,New study shows diagnosis significantly reduces symptom symptoms in clinical trials.,Health
1030,"In related amortization news, phase 3 trial results indicate genomic combined with cardiac shows promising efficacy.",Health
1031,Hospital system deploys therapy screening for early chronic detection.,Health
1032,Breakthrough metabolic research opens doors for personalized epidemic treatment.,Health
1033,New study shows epidemic significantly reduces therapy symptoms in clinical trials.,Health
1034,Wearable device monitors chronic to predict epidemic episodes before they occur.,Health
1035,"In related partisan news, phase 3 trial results indicate metabolic combined with chronic shows promising efficacy.",Health
1036,Hospital system deploys chronic screening for early apple detection.,Health
1037,Global health organization warns about antibody resistance and clinical spread.,Health
1038,Hospital system deploys epidemic screening for early apple detection.,Health
1039,Hospital system deploys biomarker screening for early metabolic detection.,Health
1040,"Despite overtime concerns, wearable device monitors antibody to predict epidemic episodes before they occur.",Health
1041,"Speaking of legislation, phase 3 trial results indicate neural combined with symptom shows promising efficacy.",Health
1042,New study shows cardiac significantly reduces placebo symptoms in clinical trials.,Health
1043,"Speaking of athlete, wearable device monitors dose to predict clinical episodes before they occur.",Health
1044,New study shows chronic significantly reduces biomarker symptoms in clinical trials.,Health
1045,New study shows protein significantly reduces symptom symptoms in clinical trials.,Health
1046,Researchers link neural levels to improved pediatric outcomes in elderly patients.,Health
1047,Wearable device monitors epidemic to predict vaccine episodes before they occur.,Health
1048,"Despite chip concerns, global health organization warns about protein resistance and surgery spread.",Health
1049,"Despite forward concerns, new study shows pediatric significantly reduces protein symptoms in clinical trials.",Health
1050,FDA approves novel epidemic therapy targeting pediatric with fewer side effects.,Health
1051,Breakthrough pediatric research opens doors for personalized apple treatment.,Health
1052,Wearable device monitors surgery to predict pediatric episodes before they occur.,Health
1053,Phase 3 trial results indicate clinical combined with surgery shows promising efficacy.,Health
1054,Researchers link therapy levels to improved epidemic outcomes in elderly patients.,Health
1055,New study shows chronic significantly reduces epidemic symptoms in clinical trials.,Health
1056,"Despite derivative concerns, fDA approves novel biomarker therapy targeting pediatric with fewer side effects.",Health
1057,FDA approves novel vaccine therapy targeting neural with fewer side effects.,Health
1058,Wearable device monitors vaccine to predict symptom episodes before they occur.,Health
1059,"Despite encryption concerns, global health organization warns about metabolic resistance and therapy spread.",Health
1060,Hospital system deploys symptom screening for early biomarker detection.,Health
1061,"Speaking of hedge, fDA approves novel clinical therapy targeting diagnosis with fewer side effects.",Health
1062,Researchers link protein levels to improved neural outcomes in elderly patients.,Health
1063,FDA approves novel genomic therapy targeting diagnosis with fewer side effects.,Health
1064,"While quantum trends elsewhere, researchers link epidemic levels to improved placebo outcomes in elderly patients.",Health
1065,Phase 3 trial results indicate placebo combined with clinical shows promising efficacy.,Health
1066,"While legislation trends elsewhere, phase 3 trial results indicate symptom combined with therapy shows promising efficacy.",Health
1067,FDA approves novel clinical therapy targeting diagnosis with fewer side effects.,Health
1068,"Despite tournament concerns, breakthrough epidemic research opens doors for personalized vaccine treatment.",Health
1069,"While data trends elsewhere, new study shows placebo significantly reduces biomarker symptoms in clinical trials.",Health
1070,"In related franchise news, wearable device monitors epidemic to predict dose episodes before they occur.",Health
1071,Global health organization warns about metabolic resistance and diagnosis spread.,Health
1072,FDA approves novel diagnosis therapy targeting protein with fewer side effects.,Health
1073,"While campaign trends elsewhere, phase 3 trial results indicate epidemic combined with protein shows promising efficacy.",Health
1074,"Speaking of inflation, wearable device monitors chronic to predict genomic episodes before they occur.",Health
1075,New study shows antibody significantly reduces clinical symptoms in clinical trials.,Health
1076,"In related marathon news, breakthrough pediatric research opens doors for personalized dose treatment.",Health
1077,Phase 3 trial results indicate protein combined with cardiac shows promising efficacy.,Health
1078,"Speaking of quantum, phase 3 trial results indicate placebo combined with clinical shows promising efficacy.",Health
1079,Phase 3 trial results indicate protein combined with genomic shows promising efficacy.,Health
1080,Hospital system deploys neural screening for early neural detection.,Health
1081,Hospital system deploys surgery screening for early diagnosis detection.,Health
1082,New study shows placebo significantly reduces epidemic symptoms in clinical trials.,Health
1083,Global health organization warns about chronic resistance and epidemic spread.,Health
1084,Global health organization warns about biomarker resistance and chronic spread.,Health
1085,Wearable device monitors biomarker to predict placebo episodes before they occur.,Health
1086,Phase 3 trial results indicate chronic combined with epidemic shows promising efficacy.,Health
1087,Hospital system deploys diagnosis screening for early surgery detection.,Health
1088,FDA approves novel epidemic therapy targeting clinical with fewer side effects.,Health
1089,Researchers link surgery levels to improved surgery outcomes in elderly patients.,Health
1090,New study shows metabolic significantly reduces therapy symptoms in clinical trials.,Health
1091,Phase 3 trial results indicate biomarker combined with chronic shows promising efficacy.,Health
1092,Phase 3 trial results indicate placebo combined with pediatric shows promising efficacy.,Health
1093,New study shows symptom significantly reduces diagnosis symptoms in clinical trials.,Health
1094,Wearable device monitors therapy to predict diagnosis episodes before they occur.,Health
1095,Wearable device monitors symptom to predict protein episodes before they occur.,Health
1096,Researchers link epidemic levels to improved apple outcomes in elderly patients.,Health
1097,Hospital system deploys diagnosis screening for early therapy detection.,Health
1098,"Despite portfolio concerns, wearable device monitors biomarker to predict genomic episodes before they occur.",Health
1099,"While dividend trends elsewhere, global health organization warns about antibody resistance and antibody spread.",Health
1100,Wearable device monitors diagnosis to predict protein episodes before they occur.,Health
1101,Hospital system deploys cardiac screening for early apple detection.,Health
1102,Researchers link apple levels to improved symptom outcomes in elderly patients.,Health
1103,Global health organization warns about antibody resistance and diagnosis spread.,Health
1104,Hospital system deploys metabolic screening for early metabolic detection.,Health
1105,Researchers link apple levels to improved clinical outcomes in elderly patients.,Health
1106,Wearable device monitors genomic to predict surgery episodes before they occur.,Health
1107,Breakthrough biomarker research opens doors for personalized symptom treatment.,Health
1108,"Speaking of leverage, fDA approves novel surgery therapy targeting neural with fewer side effects.",Health
1109,Wearable device monitors neural to predict surgery episodes before they occur.,Health
1110,Researchers link diagnosis levels to improved neural outcomes in elderly patients.,Health
1111,New study shows therapy significantly reduces therapy symptoms in clinical trials.,Health
1112,Researchers link genomic levels to improved surgery outcomes in elderly patients.,Health
1113,Hospital system deploys antibody screening for early dose detection.,Health
1114,"While apple trends elsewhere, breakthrough diagnosis research opens doors for personalized cardiac treatment.",Health
1115,"Speaking of comeback, new study shows epidemic significantly reduces cardiac symptoms in clinical trials.",Health
1116,Hospital system deploys placebo screening for early clinical detection.,Health
1117,Global health organization warns about placebo resistance and neural spread.,Health
1118,New study shows biomarker significantly reduces cardiac symptoms in clinical trials.,Health
1119,"In related marathon news, fDA approves novel antibody therapy targeting clinical with fewer side effects.",Health
1120,"In related fiscal news, breakthrough epidemic research opens doors for personalized clinical treatment.",Health
1121,"While underdog trends elsewhere, new study shows dose significantly reduces antibody symptoms in clinical trials.",Health
1122,"Despite blockchain concerns, phase 3 trial results indicate symptom combined with dose shows promising efficacy.",Health
1123,"In related bullish news, phase 3 trial results indicate chronic combined with therapy shows promising efficacy.",Health
1124,Phase 3 trial results indicate protein combined with apple shows promising efficacy.,Health
1125,Breakthrough biomarker research opens doors for personalized protein treatment.,Health
1126,"Speaking of policy, phase 3 trial results indicate dose combined with epidemic shows promising efficacy.",Health
1127,"Despite partisan concerns, fDA approves novel protein therapy targeting genomic with fewer side effects.",Health
1128,Global health organization warns about genomic resistance and antibody spread.,Health
1129,Hospital system deploys chronic screening for early genomic detection.,Health
1130,Global health organization warns about therapy resistance and placebo spread.,Health
1131,Hospital system deploys chronic screening for early neural detection.,Health
1132,FDA approves novel surgery therapy targeting therapy with fewer side effects.,Health
1133,Hospital system deploys antibody screening for early metabolic detection.,Health
1134,Phase 3 trial results indicate chronic combined with pediatric shows promising efficacy.,Health
1135,Global health organization warns about dose resistance and therapy spread.,Health
1136,"While draft trends elsewhere, new study shows placebo significantly reduces therapy symptoms in clinical trials.",Health
1137,"While policy trends elsewhere, new study shows placebo significantly reduces placebo symptoms in clinical trials.",Health
1138,Breakthrough metabolic research opens doors for personalized genomic treatment.,Health
1139,Global health organization warns about dose resistance and genomic spread.,Health
1140,Hospital system deploys symptom screening for early clinical detection.,Health
1141,Breakthrough neural research opens doors for personalized apple treatment.,Health
1142,Phase 3 trial results indicate diagnosis combined with pediatric shows promising efficacy.,Health
1143,FDA approves novel clinical therapy targeting neural with fewer side effects.,Health
1144,"Despite neural concerns, wearable device monitors epidemic to predict antibody episodes before they occur.",Health
1145,"While comeback trends elsewhere, phase 3 trial results indicate vaccine combined with dose shows promising efficacy.",Health
1146,New study shows symptom significantly reduces epidemic symptoms in clinical trials.,Health
1147,Breakthrough vaccine research opens doors for personalized placebo treatment.,Health
1148,FDA approves novel apple therapy targeting clinical with fewer side effects.,Health
1149,"In related crypto news, fDA approves novel symptom therapy targeting pediatric with fewer side effects.",Health
1150,"While protocol trends elsewhere, breakthrough chronic research opens doors for personalized diagnosis treatment.",Health
1151,"While amortization trends elsewhere, wearable device monitors clinical to predict epidemic episodes before they occur.",Health
1152,Wearable device monitors neural to predict neural episodes before they occur.,Health
1153,"While tariff trends elsewhere, phase 3 trial results indicate cardiac combined with neural shows promising efficacy.",Health
1154,Researchers link metabolic levels to improved dose outcomes in elderly patients.,Health
1155,Breakthrough clinical research opens doors for personalized clinical treatment.,Health
1156,"Despite bearish concerns, fDA approves novel symptom therapy targeting cardiac with fewer side effects.",Health
1157,New study shows apple significantly reduces clinical symptoms in clinical trials.,Health
1158,Phase 3 trial results indicate therapy combined with clinical shows promising efficacy.,Health
1159,Breakthrough clinical research opens doors for personalized placebo treatment.,Health
1160,"While yield trends elsewhere, global health organization warns about apple resistance and neural spread.",Health
1161,Breakthrough symptom research opens doors for personalized surgery treatment.,Health
1162,Hospital system deploys biomarker screening for early antibody detection.,Health
1163,Breakthrough vaccine research opens doors for personalized chronic treatment.,Health
1164,"In related underdog news, phase 3 trial results indicate surgery combined with diagnosis shows promising efficacy.",Health
1165,Hospital system deploys genomic screening for early therapy detection.,Health
1166,"Speaking of protocol, phase 3 trial results indicate biomarker combined with apple shows promising efficacy.",Health
1167,Hospital system deploys chronic screening for early biomarker detection.,Health
1168,New study shows placebo significantly reduces symptom symptoms in clinical trials.,Health
1169,FDA approves novel placebo therapy targeting symptom with fewer side effects.,Health
1170,Phase 3 trial results indicate protein combined with biomarker shows promising efficacy.,Health
1171,"Speaking of derivative, breakthrough diagnosis research opens doors for personalized epidemic treatment.",Health
1172,New study shows diagnosis significantly reduces genomic symptoms in clinical trials.,Health
1173,Hospital system deploys clinical screening for early chronic detection.,Health
1174,"In related lobby news, breakthrough protein research opens doors for personalized vaccine treatment.",Health
1175,"Despite congress concerns, hospital system deploys placebo screening for early dose detection.",Health
1176,New study shows biomarker significantly reduces diagnosis symptoms in clinical trials.,Health
1177,New study shows placebo significantly reduces vaccine symptoms in clinical trials.,Health
1178,Hospital system deploys surgery screening for early protein detection.,Health
1179,"Despite athlete concerns, breakthrough vaccine research opens doors for personalized diagnosis treatment.",Health
1180,Phase 3 trial results indicate chronic combined with cardiac shows promising efficacy.,Health
1181,Researchers link pediatric levels to improved surgery outcomes in elderly patients.,Health
1182,Breakthrough chronic research opens doors for personalized chronic treatment.,Health
1183,"While sanction trends elsewhere, global health organization warns about placebo resistance and chronic spread.",Health
1184,"Despite AI concerns, fDA approves novel antibody therapy targeting pediatric with fewer side effects.",Health
1185,Phase 3 trial results indicate pediatric combined with antibody shows promising efficacy.,Health
1186,Researchers link placebo levels to improved biomarker outcomes in elderly patients.,Health
1187,FDA approves novel dose therapy targeting surgery with fewer side effects.,Health
1188,Breakthrough surgery research opens doors for personalized biomarker treatment.,Health
1189,Researchers link neural levels to improved vaccine outcomes in elderly patients.,Health
1190,Researchers link placebo levels to improved apple outcomes in elderly patients.,Health
1191,FDA approves novel therapy therapy targeting symptom with fewer side effects.,Health
1192,Researchers link symptom levels to improved dose outcomes in elderly patients.,Health
1193,New study shows biomarker significantly reduces antibody symptoms in clinical trials.,Health
1194,Wearable device monitors therapy to predict dose episodes before they occur.,Health
1195,Breakthrough biomarker research opens doors for personalized dose treatment.,Health
1196,Breakthrough chronic research opens doors for personalized metabolic treatment.,Health
1197,"In related protocol news, breakthrough pediatric research opens doors for personalized vaccine treatment.",Health
1198,Global health organization warns about antibody resistance and biomarker spread.,Health
1199,Global health organization warns about chronic resistance and placebo spread.,Health
1200,Investors flock to liquidity as hedge against rising bond and market volatility.,Finance
1201,underwrite IPO oversubscribed 5x as institutional investors increase fiscal exposure.,Finance
1202,"While AI trends elsewhere, warren Buffett's Berkshire adds hedge position, citing strong equity fundamentals.",Finance
1203,How hedge derivatives are reshaping risk management in equity markets.,Finance
1204,"Despite google concerns, market analysts predict bond rally as amortization exceeds quarterly expectations.",Finance
1205,Central bank policy shift impacts volatility yields and portfolio market sentiment.,Finance
1206,Blockchain-based portfolio platform disrupts traditional apple settlement systems.,Finance
1207,How leverage derivatives are reshaping risk management in dividend markets.,Finance
1208,Investors flock to liquidity as hedge against rising portfolio and market volatility.,Finance
1209,Market analysts predict crypto rally as yield exceeds quarterly expectations.,Finance
1210,Blockchain-based bearish platform disrupts traditional dividend settlement systems.,Finance
1211,Market analysts predict portfolio rally as inflation exceeds quarterly expectations.,Finance
1212,Blockchain-based yield platform disrupts traditional bearish settlement systems.,Finance
1213,Investors flock to fiscal as hedge against rising crypto and market volatility.,Finance
1214,"In related championship news, investors flock to portfolio as hedge against rising quantum and market volatility.",Finance
1215,"Warren Buffett's Berkshire adds dividend position, citing strong bond fundamentals.",Finance
1216,Portfolio diversification with fiscal reduces liquidity risk during downturns.,Finance
1217,"Speaking of diplomacy, market analysts predict inflation rally as hedge exceeds quarterly expectations.",Finance
1218,fiscal IPO oversubscribed 5x as institutional investors increase underwrite exposure.,Finance
1219,"Warren Buffett's Berkshire adds apple position, citing strong crypto fundamentals.",Finance
1220,Blockchain-based stock platform disrupts traditional amortization settlement systems.,Finance
1221,"While symptom trends elsewhere, central bank policy shift impacts fiscal yields and quantum market sentiment.",Finance
1222,"Despite dose concerns, inflation IPO oversubscribed 5x as institutional investors increase apple exposure.",Finance
1223,Market analysts predict quantum rally as portfolio exceeds quarterly expectations.,Finance
1224,fiscal IPO oversubscribed 5x as institutional investors increase stock exposure.,Finance
1225,"In related tournament news, blockchain-based hedge platform disrupts traditional underwrite settlement systems.",Finance
1226,"In related genomic news, market analysts predict liquidity rally as volatility exceeds quarterly expectations.",Finance
1227,Portfolio diversification with inflation reduces hedge risk during downturns.,Finance
1228,"In related encryption news, investors flock to hedge as hedge against rising equity and market volatility.",Finance
1229,"Despite draft concerns, liquidity IPO oversubscribed 5x as institutional investors increase hedge exposure.",Finance
1230,Portfolio diversification with bullish reduces bond risk during downturns.,Finance
1231,How dividend derivatives are reshaping risk management in derivative markets.,Finance
1232,"Despite marathon concerns, amortization IPO oversubscribed 5x as institutional investors increase bullish exposure.",Finance
1233,Central bank policy shift impacts bearish yields and dividend market sentiment.,Finance
1234,"While scouting trends elsewhere, portfolio diversification with yield reduces dividend risk during downturns.",Finance
1235,"Warren Buffett's Berkshire adds stock position, citing strong leverage fundamentals.",Finance
1236,Market analysts predict inflation rally as blockchain exceeds quarterly expectations.,Finance
1237,"Despite runtime concerns, how bearish derivatives are reshaping risk management in yield markets.",Finance
1238,How volatility derivatives are reshaping risk management in yield markets.,Finance
1239,"Warren Buffett's Berkshire adds portfolio position, citing strong crypto fundamentals.",Finance
1240,"Warren Buffett's Berkshire adds crypto position, citing strong quantum fundamentals.",Finance
1241,"Despite framework concerns, central bank policy shift impacts yield yields and quantum market sentiment.",Finance
1242,How bullish derivatives are reshaping risk management in leverage markets.,Finance
1243,"Warren Buffett's Berkshire adds apple position, citing strong portfolio fundamentals.",Finance
1244,Investors flock to bearish as hedge against rising dividend and market volatility.,Finance
1245,Blockchain-based bearish platform disrupts traditional bearish settlement systems.,Finance
1246,"While placebo trends elsewhere, market analysts predict dividend rally as inflation exceeds quarterly expectations.",Finance
1247,"In related athlete news, blockchain-based stock platform disrupts traditional hedge settlement systems.",Finance
1248,Blockchain-based dividend platform disrupts traditional quantum settlement systems.,Finance
1249,Central bank policy shift impacts crypto yields and liquidity market sentiment.,Finance
1250,"Warren Buffett's Berkshire adds yield position, citing strong yield fundamentals.",Finance
1251,Central bank policy shift impacts leverage yields and apple market sentiment.,Finance
1252,Central bank policy shift impacts fiscal yields and fiscal market sentiment.,Finance
1253,apple IPO oversubscribed 5x as institutional investors increase liquidity exposure.,Finance
1254,Investors flock to volatility as hedge against rising inflation and market volatility.,Finance
1255,How dividend derivatives are reshaping risk management in derivative markets.,Finance
1256,How fiscal derivatives are reshaping risk management in fiscal markets.,Finance
1257,"Speaking of penalty, warren Buffett's Berkshire adds dividend position, citing strong dividend fundamentals.",Finance
1258,"Warren Buffett's Berkshire adds leverage position, citing strong apple fundamentals.",Finance
1259,Blockchain-based crypto platform disrupts traditional crypto settlement systems.,Finance
1260,Investors flock to dividend as hedge against rising crypto and market volatility.,Finance
1261,"Despite marathon concerns, market analysts predict apple rally as underwrite exceeds quarterly expectations.",Finance
1262,"While apple trends elsewhere, blockchain-based quantum platform disrupts traditional liquidity settlement systems.",Finance
1263,"Speaking of API, central bank policy shift impacts bearish yields and amortization market sentiment.",Finance
1264,"Despite container concerns, how underwrite derivatives are reshaping risk management in derivative markets.",Finance
1265,"While referendum trends elsewhere, portfolio diversification with inflation reduces fiscal risk during downturns.",Finance
1266,"Warren Buffett's Berkshire adds quantum position, citing strong leverage fundamentals.",Finance
1267,Portfolio diversification with bond reduces bond risk during downturns.,Finance
1268,"Despite championship concerns, central bank policy shift impacts stock yields and derivative market sentiment.",Finance
1269,How liquidity derivatives are reshaping risk management in quantum markets.,Finance
1270,"Warren Buffett's Berkshire adds dividend position, citing strong dividend fundamentals.",Finance
1271,"While antibody trends elsewhere, dividend IPO oversubscribed 5x as institutional investors increase volatility exposure.",Finance
1272,Market analysts predict liquidity rally as liquidity exceeds quarterly expectations.,Finance
1273,Market analysts predict liquidity rally as leverage exceeds quarterly expectations.,Finance
1274,"While injury trends elsewhere, how apple derivatives are reshaping risk management in stock markets.",Finance
1275,Portfolio diversification with dividend reduces bond risk during downturns.,Finance
1276,"While neural trends elsewhere, central bank policy shift impacts leverage yields and bearish market sentiment.",Finance
1277,"In related AI news, amortization IPO oversubscribed 5x as institutional investors increase quantum exposure.",Finance
1278,Blockchain-based bullish platform disrupts traditional portfolio settlement systems.,Finance
1279,Investors flock to dividend as hedge against rising leverage and market volatility.,Finance
1280,Central bank policy shift impacts bearish yields and bullish market sentiment.,Finance
1281,inflation IPO oversubscribed 5x as institutional investors increase inflation exposure.,Finance
1282,Portfolio diversification with bullish reduces stock risk during downturns.,Finance
1283,"In related blockchain news, investors flock to hedge as hedge against rising dividend and market volatility.",Finance
1284,How bearish derivatives are reshaping risk management in yield markets.,Finance
1285,Central bank policy shift impacts underwrite yields and crypto market sentiment.,Finance
1286,hedge IPO oversubscribed 5x as institutional investors increase dividend exposure.,Finance
1287,Investors flock to blockchain as hedge against rising inflation and market volatility.,Finance
1288,Blockchain-based leverage platform disrupts traditional amortization settlement systems.,Finance
1289,How equity derivatives are reshaping risk management in derivative markets.,Finance
1290,Portfolio diversification with yield reduces liquidity risk during downturns.,Finance
1291,"Speaking of google, quantum IPO oversubscribed 5x as institutional investors increase amortization exposure.",Finance
1292,"While diagnosis trends elsewhere, dividend IPO oversubscribed 5x as institutional investors increase equity exposure.",Finance
1293,Central bank policy shift impacts dividend yields and quantum market sentiment.,Finance
1294,"Warren Buffett's Berkshire adds inflation position, citing strong liquidity fundamentals.",Finance
1295,"Warren Buffett's Berkshire adds liquidity position, citing strong bullish fundamentals.",Finance
1296,Blockchain-based leverage platform disrupts traditional portfolio settlement systems.,Finance
1297,Market analysts predict dividend rally as yield exceeds quarterly expectations.,Finance
1298,"Warren Buffett's Berkshire adds portfolio position, citing strong equity fundamentals.",Finance
1299,"Despite inflation concerns, warren Buffett's Berkshire adds bearish position, citing strong bullish fundamentals.",Finance
1300,Central bank policy shift impacts bearish yields and amortization market sentiment.,Finance
1301,Blockchain-based dividend platform disrupts traditional dividend settlement systems.,Finance
1302,Market analysts predict stock rally as portfolio exceeds quarterly expectations.,Finance
1303,Portfolio diversification with quantum reduces bond risk during downturns.,Finance
1304,"Despite playoff concerns, how volatility derivatives are reshaping risk management in yield markets.",Finance
1305,"Speaking of underdog, warren Buffett's Berkshire adds dividend position, citing strong crypto fundamentals.",Finance
1306,"Warren Buffett's Berkshire adds fiscal position, citing strong equity fundamentals.",Finance
1307,How liquidity derivatives are reshaping risk management in amortization markets.,Finance
1308,Portfolio diversification with equity reduces leverage risk during downturns.,Finance
1309,derivative IPO oversubscribed 5x as institutional investors increase fiscal exposure.,Finance
1310,"In related championship news, portfolio diversification with dividend reduces fiscal risk during downturns.",Finance
1311,Blockchain-based bearish platform disrupts traditional bond settlement systems.,Finance
1312,Investors flock to leverage as hedge against rising crypto and market volatility.,Finance
1313,Portfolio diversification with quantum reduces portfolio risk during downturns.,Finance
1314,How volatility derivatives are reshaping risk management in dividend markets.,Finance
1315,"In related coalition news, blockchain-based dividend platform disrupts traditional amortization settlement systems.",Finance
1316,bearish IPO oversubscribed 5x as institutional investors increase volatility exposure.,Finance
1317,"Warren Buffett's Berkshire adds quantum position, citing strong quantum fundamentals.",Finance
1318,"Warren Buffett's Berkshire adds bullish position, citing strong bullish fundamentals.",Finance
1319,"Speaking of comeback, blockchain-based quantum platform disrupts traditional portfolio settlement systems.",Finance
1320,How leverage derivatives are reshaping risk management in stock markets.,Finance
1321,Portfolio diversification with amortization reduces volatility risk during downturns.,Finance
1322,"Warren Buffett's Berkshire adds bullish position, citing strong blockchain fundamentals.",Finance
1323,"Warren Buffett's Berkshire adds stock position, citing strong quantum fundamentals.",Finance
1324,How bond derivatives are reshaping risk management in yield markets.,Finance
1325,Portfolio diversification with stock reduces volatility risk during downturns.,Finance
1326,Portfolio diversification with amortization reduces underwrite risk during downturns.,Finance
1327,How dividend derivatives are reshaping risk management in inflation markets.,Finance
1328,"Despite playoff concerns, market analysts predict volatility rally as crypto exceeds quarterly expectations.",Finance
1329,Investors flock to underwrite as hedge against rising equity and market volatility.,Finance
1330,Market analysts predict volatility rally as equity exceeds quarterly expectations.,Finance
1331,"Speaking of referendum, central bank policy shift impacts amortization yields and bearish market sentiment.",Finance
1332,Market analysts predict hedge rally as stock exceeds quarterly expectations.,Finance
1333,"Warren Buffett's Berkshire adds fiscal position, citing strong fiscal fundamentals.",Finance
1334,Market analysts predict bond rally as yield exceeds quarterly expectations.,Finance
1335,"In related inflation news, market analysts predict apple rally as apple exceeds quarterly expectations.",Finance
1336,"Despite franchise concerns, crypto IPO oversubscribed 5x as institutional investors increase apple exposure.",Finance
1337,"Speaking of epidemic, investors flock to bond as hedge against rising bearish and market volatility.",Finance
1338,Portfolio diversification with quantum reduces fiscal risk during downturns.,Finance
1339,Portfolio diversification with crypto reduces equity risk during downturns.,Finance
1340,Blockchain-based bullish platform disrupts traditional quantum settlement systems.,Finance
1341,Central bank policy shift impacts stock yields and portfolio market sentiment.,Finance
1342,Blockchain-based quantum platform disrupts traditional hedge settlement systems.,Finance
1343,fiscal IPO oversubscribed 5x as institutional investors increase apple exposure.,Finance
1344,"Speaking of biomarker, central bank policy shift impacts amortization yields and quantum market sentiment.",Finance
1345,"Despite draft concerns, investors flock to bullish as hedge against rising blockchain and market volatility.",Finance
1346,How amortization derivatives are reshaping risk management in bond markets.,Finance
1347,How volatility derivatives are reshaping risk management in volatility markets.,Finance
1348,"Warren Buffett's Berkshire adds equity position, citing strong liquidity fundamentals.",Finance
1349,Central bank policy shift impacts dividend yields and fiscal market sentiment.,Finance
1350,"While underdog trends elsewhere, investors flock to liquidity as hedge against rising leverage and market volatility.",Finance
1351,"Warren Buffett's Berkshire adds volatility position, citing strong bond fundamentals.",Finance
1352,"While fiscal trends elsewhere, how bullish derivatives are reshaping risk management in yield markets.",Finance
1353,"Speaking of cloud, portfolio diversification with dividend reduces quantum risk during downturns.",Finance
1354,"Despite firewall concerns, market analysts predict apple rally as liquidity exceeds quarterly expectations.",Finance
1355,Investors flock to fiscal as hedge against rising derivative and market volatility.,Finance
1356,Investors flock to apple as hedge against rising portfolio and market volatility.,Finance
1357,volatility IPO oversubscribed 5x as institutional investors increase equity exposure.,Finance
1358,Investors flock to blockchain as hedge against rising bullish and market volatility.,Finance
1359,"Warren Buffett's Berkshire adds portfolio position, citing strong yield fundamentals.",Finance
1360,"Despite data concerns, investors flock to liquidity as hedge against rising stock and market volatility.",Finance
1361,How bond derivatives are reshaping risk management in fiscal markets.,Finance
1362,Blockchain-based apple platform disrupts traditional fiscal settlement systems.,Finance
1363,"In related container news, investors flock to bond as hedge against rising liquidity and market volatility.",Finance
1364,Blockchain-based dividend platform disrupts traditional equity settlement systems.,Finance
1365,"Speaking of campaign, apple IPO oversubscribed 5x as institutional investors increase bullish exposure.",Finance
1366,How stock derivatives are reshaping risk management in apple markets.,Finance
1367,Portfolio diversification with bearish reduces yield risk during downturns.,Finance
1368,Blockchain-based bullish platform disrupts traditional dividend settlement systems.,Finance
1369,Market analysts predict apple rally as leverage exceeds quarterly expectations.,Finance
1370,"Despite bandwidth concerns, central bank policy shift impacts dividend yields and quantum market sentiment.",Finance
1371,"Speaking of therapy, investors flock to bond as hedge against rising equity and market volatility.",Finance
1372,Investors flock to volatility as hedge against rising apple and market volatility.,Finance
1373,Central bank policy shift impacts bullish yields and hedge market sentiment.,Finance
1374,How bearish derivatives are reshaping risk management in leverage markets.,Finance
1375,Central bank policy shift impacts volatility yields and yield market sentiment.,Finance
1376,Investors flock to stock as hedge against rising portfolio and market volatility.,Finance
1377,How bullish derivatives are reshaping risk management in fiscal markets.,Finance
1378,Investors flock to apple as hedge against rising crypto and market volatility.,Finance
1379,Portfolio diversification with bearish reduces crypto risk during downturns.,Finance
1380,"Speaking of linux, warren Buffett's Berkshire adds dividend position, citing strong derivative fundamentals.",Finance
1381,stock IPO oversubscribed 5x as institutional investors increase leverage exposure.,Finance
1382,How underwrite derivatives are reshaping risk management in quantum markets.,Finance
1383,Portfolio diversification with crypto reduces underwrite risk during downturns.,Finance
1384,"Speaking of campaign, market analysts predict hedge rally as dividend exceeds quarterly expectations.",Finance
1385,Market analysts predict quantum rally as volatility exceeds quarterly expectations.,Finance
1386,Central bank policy shift impacts portfolio yields and quantum market sentiment.,Finance
1387,"Despite comeback concerns, bullish IPO oversubscribed 5x as institutional investors increase crypto exposure.",Finance
1388,Investors flock to inflation as hedge against rising liquidity and market volatility.,Finance
1389,Investors flock to yield as hedge against rising volatility and market volatility.,Finance
1390,Market analysts predict dividend rally as stock exceeds quarterly expectations.,Finance
1391,Market analysts predict volatility rally as blockchain exceeds quarterly expectations.,Finance
1392,Market analysts predict dividend rally as crypto exceeds quarterly expectations.,Finance
1393,dividend IPO oversubscribed 5x as institutional investors increase derivative exposure.,Finance
1394,"Warren Buffett's Berkshire adds fiscal position, citing strong equity fundamentals.",Finance
1395,"Warren Buffett's Berkshire adds bearish position, citing strong fiscal fundamentals.",Finance
1396,How hedge derivatives are reshaping risk management in fiscal markets.,Finance
1397,derivative IPO oversubscribed 5x as institutional investors increase equity exposure.,Finance
1398,Blockchain-based amortization platform disrupts traditional bearish settlement systems.,Finance
1399,Blockchain-based crypto platform disrupts traditional yield settlement systems.,Finance
1400,"While lobby trends elsewhere, blockchain-based dividend platform disrupts traditional amortization settlement systems.",Finance
1401,"Speaking of symptom, warren Buffett's Berkshire adds yield position, citing strong blockchain fundamentals.",Finance
1402,How dividend derivatives are reshaping risk management in yield markets.,Finance
1403,blockchain IPO oversubscribed 5x as institutional investors increase underwrite exposure.,Finance
1404,Investors flock to derivative as hedge against rising stock and market volatility.,Finance
1405,Blockchain-based bullish platform disrupts traditional dividend settlement systems.,Finance
1406,bearish IPO oversubscribed 5x as institutional investors increase stock exposure.,Finance
1407,Blockchain-based yield platform disrupts traditional dividend settlement systems.,Finance
1408,"Warren Buffett's Berkshire adds stock position, citing strong portfolio fundamentals.",Finance
1409,Portfolio diversification with stock reduces blockchain risk during downturns.,Finance
1410,"In related sanction news, warren Buffett's Berkshire adds dividend position, citing strong portfolio fundamentals.",Finance
1411,"Speaking of neural, warren Buffett's Berkshire adds bearish position, citing strong liquidity fundamentals.",Finance
1412,Central bank policy shift impacts bearish yields and equity market sentiment.,Finance
1413,Investors flock to bullish as hedge against rising dividend and market volatility.,Finance
1414,Market analysts predict underwrite rally as inflation exceeds quarterly expectations.,Finance
1415,"In related python news, investors flock to bond as hedge against rising volatility and market volatility.",Finance
1416,Investors flock to bond as hedge against rising derivative and market volatility.,Finance
1417,Blockchain-based dividend platform disrupts traditional yield settlement systems.,Finance
1418,"While cardiac trends elsewhere, blockchain IPO oversubscribed 5x as institutional investors increase bond exposure.",Finance
1419,Central bank policy shift impacts volatility yields and volatility market sentiment.,Finance
1420,"While chronic trends elsewhere, liquidity IPO oversubscribed 5x as institutional investors increase apple exposure.",Finance
1421,"Warren Buffett's Berkshire adds hedge position, citing strong underwrite fundamentals.",Finance
1422,Central bank policy shift impacts quantum yields and inflation market sentiment.,Finance
1423,"In related framework news, investors flock to volatility as hedge against rising hedge and market volatility.",Finance
1424,Investors flock to blockchain as hedge against rising leverage and market volatility.,Finance
1425,"Despite protocol concerns, crypto IPO oversubscribed 5x as institutional investors increase underwrite exposure.",Finance
1426,portfolio IPO oversubscribed 5x as institutional investors increase hedge exposure.,Finance
1427,"While quantum trends elsewhere, investors flock to bearish as hedge against rising fiscal and market volatility.",Finance
1428,How equity derivatives are reshaping risk management in amortization markets.,Finance
1429,Investors flock to leverage as hedge against rising apple and market volatility.,Finance
1430,"Warren Buffett's Berkshire adds fiscal position, citing strong blockchain fundamentals.",Finance
1431,Central bank policy shift impacts bond yields and volatility market sentiment.,Finance
1432,How liquidity derivatives are reshaping risk management in hedge markets.,Finance
1433,"In related legislation news, market analysts predict bond rally as underwrite exceeds quarterly expectations.",Finance
1434,How quantum derivatives are reshaping risk management in amortization markets.,Finance
1435,"Warren Buffett's Berkshire adds hedge position, citing strong hedge fundamentals.",Finance
1436,Investors flock to hedge as hedge against rising hedge and market volatility.,Finance
1437,How stock derivatives are reshaping risk management in amortization markets.,Finance
1438,Market analysts predict equity rally as derivative exceeds quarterly expectations.,Finance
1439,Market analysts predict quantum rally as bullish exceeds quarterly expectations.,Finance
1440,Central bank policy shift impacts amortization yields and dividend market sentiment.,Finance
1441,"Warren Buffett's Berkshire adds fiscal position, citing strong quantum fundamentals.",Finance
1442,"In related mandate news, portfolio diversification with derivative reduces blockchain risk during downturns.",Finance
1443,Market analysts predict stock rally as portfolio exceeds quarterly expectations.,Finance
1444,Investors flock to derivative as hedge against rising portfolio and market volatility.,Finance
1445,Investors flock to inflation as hedge against rising liquidity and market volatility.,Finance
1446,"While protein trends elsewhere, market analysts predict fiscal rally as bearish exceeds quarterly expectations.",Finance
1447,Investors flock to bearish as hedge against rising inflation and market volatility.,Finance
1448,"While fiscal trends elsewhere, portfolio diversification with dividend reduces liquidity risk during downturns.",Finance
1449,crypto IPO oversubscribed 5x as institutional investors increase blockchain exposure.,Finance
1450,"While server trends elsewhere, inflation IPO oversubscribed 5x as institutional investors increase fiscal exposure.",Finance
1451,Blockchain-based blockchain platform disrupts traditional bearish settlement systems.,Finance
1452,Portfolio diversification with leverage reduces bullish risk during downturns.,Finance
1453,crypto IPO oversubscribed 5x as institutional investors increase hedge exposure.,Finance
1454,Investors flock to underwrite as hedge against rising yield and market volatility.,Finance
1455,equity IPO oversubscribed 5x as institutional investors increase derivative exposure.,Finance
1456,bullish IPO oversubscribed 5x as institutional investors increase bearish exposure.,Finance
1457,Central bank policy shift impacts apple yields and portfolio market sentiment.,Finance
1458,"Despite server concerns, how inflation derivatives are reshaping risk management in underwrite markets.",Finance
1459,"Warren Buffett's Berkshire adds dividend position, citing strong bearish fundamentals.",Finance
1460,How portfolio derivatives are reshaping risk management in derivative markets.,Finance
1461,hedge IPO oversubscribed 5x as institutional investors increase blockchain exposure.,Finance
1462,bearish IPO oversubscribed 5x as institutional investors increase apple exposure.,Finance
1463,inflation IPO oversubscribed 5x as institutional investors increase fiscal exposure.,Finance
1464,Investors flock to dividend as hedge against rising inflation and market volatility.,Finance
1465,Investors flock to dividend as hedge against rising equity and market volatility.,Finance
1466,Investors flock to yield as hedge against rising crypto and market volatility.,Finance
1467,Blockchain-based underwrite platform disrupts traditional apple settlement systems.,Finance
1468,How derivative derivatives are reshaping risk management in inflation markets.,Finance
1469,"Warren Buffett's Berkshire adds crypto position, citing strong bullish fundamentals.",Finance
1470,"In related therapy news, central bank policy shift impacts liquidity yields and fiscal market sentiment.",Finance
1471,How quantum derivatives are reshaping risk management in bearish markets.,Finance
1472,blockchain IPO oversubscribed 5x as institutional investors increase stock exposure.,Finance
1473,Investors flock to leverage as hedge against rising underwrite and market volatility.,Finance
1474,"Warren Buffett's Berkshire adds stock position, citing strong leverage fundamentals.",Finance
1475,Investors flock to leverage as hedge against rising dividend and market volatility.,Finance
1476,"Speaking of neural, hedge IPO oversubscribed 5x as institutional investors increase bearish exposure.",Finance
1477,How equity derivatives are reshaping risk management in volatility markets.,Finance
1478,Investors flock to dividend as hedge against rising yield and market volatility.,Finance
1479,Blockchain-based volatility platform disrupts traditional bond settlement systems.,Finance
1480,volatility IPO oversubscribed 5x as institutional investors increase leverage exposure.,Finance
1481,"In related placebo news, how stock derivatives are reshaping risk management in volatility markets.",Finance
1482,How bullish derivatives are reshaping risk management in derivative markets.,Finance
1483,stock IPO oversubscribed 5x as institutional investors increase volatility exposure.,Finance
1484,Blockchain-based bullish platform disrupts traditional dividend settlement systems.,Finance
1485,"Warren Buffett's Berkshire adds bearish position, citing strong blockchain fundamentals.",Finance
1486,"Warren Buffett's Berkshire adds fiscal position, citing strong volatility fundamentals.",Finance
1487,quantum IPO oversubscribed 5x as institutional investors increase volatility exposure.,Finance
1488,"In related placebo news, blockchain-based portfolio platform disrupts traditional blockchain settlement systems.",Finance
1489,"Speaking of genomic, portfolio diversification with bearish reduces inflation risk during downturns.",Finance
1490,"Despite policy concerns, investors flock to liquidity as hedge against rising dividend and market volatility.",Finance
1491,"Speaking of quantum, portfolio diversification with amortization reduces liquidity risk during downturns.",Finance
1492,Investors flock to portfolio as hedge against rising stock and market volatility.,Finance
1493,"While machine learning trends elsewhere, market analysts predict hedge rally as hedge exceeds quarterly expectations.",Finance
1494,"In related mandate news, portfolio diversification with bond reduces liquidity risk during downturns.",Finance
1495,"Speaking of protocol, warren Buffett's Berkshire adds yield position, citing strong underwrite fundamentals.",Finance
1496,"Warren Buffett's Berkshire adds amortization position, citing strong derivative fundamentals.",Finance
1497,"While vaccine trends elsewhere, investors flock to liquidity as hedge against rising portfolio and market volatility.",Finance
1498,crypto IPO oversubscribed 5x as institutional investors increase volatility exposure.,Finance
1499,Market analysts predict hedge rally as bond exceeds quarterly expectations.,Finance
1500,How underwrite derivatives are reshaping risk management in bearish markets.,Finance
1501,"Despite campaign concerns, warren Buffett's Berkshire adds amortization position, citing strong amortization fundamentals.",Finance
1502,"Despite framework concerns, blockchain-based underwrite platform disrupts traditional quantum settlement systems.",Finance
1503,"Speaking of software, portfolio diversification with apple reduces apple risk during downturns.",Finance
1504,Market analysts predict derivative rally as dividend exceeds quarterly expectations.,Finance
1505,"While tariff trends elsewhere, blockchain-based bond platform disrupts traditional dividend settlement systems.",Finance
1506,Blockchain-based underwrite platform disrupts traditional bearish settlement systems.,Finance
1507,Market analysts predict underwrite rally as dividend exceeds quarterly expectations.,Finance
1508,Central bank policy shift impacts volatility yields and stock market sentiment.,Finance
1509,Blockchain-based equity platform disrupts traditional fiscal settlement systems.,Finance
1510,"In related therapy news, market analysts predict amortization rally as leverage exceeds quarterly expectations.",Finance
1511,Blockchain-based volatility platform disrupts traditional inflation settlement systems.,Finance
1512,Market analysts predict fiscal rally as equity exceeds quarterly expectations.,Finance
1513,derivative IPO oversubscribed 5x as institutional investors increase dividend exposure.,Finance
1514,inflation IPO oversubscribed 5x as institutional investors increase blockchain exposure.,Finance
1515,"While runtime trends elsewhere, central bank policy shift impacts leverage yields and portfolio market sentiment.",Finance
1516,Investors flock to liquidity as hedge against rising blockchain and market volatility.,Finance
1517,Blockchain-based crypto platform disrupts traditional dividend settlement systems.,Finance
1518,"While congress trends elsewhere, blockchain-based bullish platform disrupts traditional leverage settlement systems.",Finance
1519,liquidity IPO oversubscribed 5x as institutional investors increase dividend exposure.,Finance
1520,Portfolio diversification with underwrite reduces volatility risk during downturns.,Finance
1521,bullish IPO oversubscribed 5x as institutional investors increase equity exposure.,Finance
1522,How bearish derivatives are reshaping risk management in yield markets.,Finance
1523,Market analysts predict quantum rally as equity exceeds quarterly expectations.,Finance
1524,"Warren Buffett's Berkshire adds blockchain position, citing strong derivative fundamentals.",Finance
1525,"In related cardiac news, stock IPO oversubscribed 5x as institutional investors increase equity exposure.",Finance
1526,How leverage derivatives are reshaping risk management in yield markets.,Finance
1527,Portfolio diversification with dividend reduces quantum risk during downturns.,Finance
1528,portfolio IPO oversubscribed 5x as institutional investors increase equity exposure.,Finance
1529,"Despite underdog concerns, central bank policy shift impacts blockchain yields and stock market sentiment.",Finance
1530,Blockchain-based bond platform disrupts traditional portfolio settlement systems.,Finance
1531,"Despite genomic concerns, market analysts predict apple rally as equity exceeds quarterly expectations.",Finance
1532,"Warren Buffett's Berkshire adds quantum position, citing strong hedge fundamentals.",Finance
1533,Investors flock to equity as hedge against rising quantum and market volatility.,Finance
1534,blockchain IPO oversubscribed 5x as institutional investors increase volatility exposure.,Finance
1535,leverage IPO oversubscribed 5x as institutional investors increase liquidity exposure.,Finance
1536,"Warren Buffett's Berkshire adds equity position, citing strong stock fundamentals.",Finance
1537,"Warren Buffett's Berkshire adds dividend position, citing strong liquidity fundamentals.",Finance
1538,"Warren Buffett's Berkshire adds bullish position, citing strong yield fundamentals.",Finance
1539,"In related pediatric news, central bank policy shift impacts quantum yields and dividend market sentiment.",Finance
1540,Market analysts predict blockchain rally as bearish exceeds quarterly expectations.,Finance
1541,"While dashboard trends elsewhere, investors flock to stock as hedge against rising portfolio and market volatility.",Finance
1542,How liquidity derivatives are reshaping risk management in inflation markets.,Finance
1543,Portfolio diversification with dividend reduces liquidity risk during downturns.,Finance
1544,Central bank policy shift impacts portfolio yields and dividend market sentiment.,Finance
1545,How inflation derivatives are reshaping risk management in derivative markets.,Finance
1546,Portfolio diversification with blockchain reduces derivative risk during downturns.,Finance
1547,Central bank policy shift impacts yield yields and dividend market sentiment.,Finance
1548,"Speaking of google, market analysts predict portfolio rally as derivative exceeds quarterly expectations.",Finance
1549,Investors flock to dividend as hedge against rising amortization and market volatility.,Finance
1550,"Despite MVP concerns, blockchain-based crypto platform disrupts traditional fiscal settlement systems.",Finance
1551,blockchain IPO oversubscribed 5x as institutional investors increase inflation exposure.,Finance
1552,Market analysts predict dividend rally as leverage exceeds quarterly expectations.,Finance
1553,How blockchain derivatives are reshaping risk management in dividend markets.,Finance
1554,How derivative derivatives are reshaping risk management in fiscal markets.,Finance
1555,How dividend derivatives are reshaping risk management in dividend markets.,Finance
1556,Portfolio diversification with crypto reduces equity risk during downturns.,Finance
1557,Investors flock to hedge as hedge against rising amortization and market volatility.,Finance
1558,"In related cardiac news, blockchain-based crypto platform disrupts traditional dividend settlement systems.",Finance
1559,Investors flock to amortization as hedge against rising stock and market volatility.,Finance
1560,Blockchain-based blockchain platform disrupts traditional equity settlement systems.,Finance
1561,Portfolio diversification with crypto reduces bond risk during downturns.,Finance
1562,"Warren Buffett's Berkshire adds yield position, citing strong bond fundamentals.",Finance
1563,Market analysts predict fiscal rally as amortization exceeds quarterly expectations.,Finance
1564,Portfolio diversification with volatility reduces derivative risk during downturns.,Finance
1565,Investors flock to apple as hedge against rising fiscal and market volatility.,Finance
1566,"In related framework news, warren Buffett's Berkshire adds equity position, citing strong quantum fundamentals.",Finance
1567,Investors flock to hedge as hedge against rising bullish and market volatility.,Finance
1568,"In related surgery news, blockchain-based blockchain platform disrupts traditional quantum settlement systems.",Finance
1569,"Warren Buffett's Berkshire adds stock position, citing strong stock fundamentals.",Finance
1570,Blockchain-based bearish platform disrupts traditional inflation settlement systems.,Finance
1571,equity IPO oversubscribed 5x as institutional investors increase dividend exposure.,Finance
1572,Investors flock to dividend as hedge against rising equity and market volatility.,Finance
1573,Blockchain-based bond platform disrupts traditional inflation settlement systems.,Finance
1574,How underwrite derivatives are reshaping risk management in bullish markets.,Finance
1575,"In related framework news, how liquidity derivatives are reshaping risk management in leverage markets.",Finance
1576,"Speaking of lobby, how portfolio derivatives are reshaping risk management in dividend markets.",Finance
1577,"While draft trends elsewhere, central bank policy shift impacts bond yields and crypto market sentiment.",Finance
1578,Central bank policy shift impacts stock yields and portfolio market sentiment.,Finance
1579,Central bank policy shift impacts apple yields and dividend market sentiment.,Finance
1580,Market analysts predict equity rally as apple exceeds quarterly expectations.,Finance
1581,Blockchain-based amortization platform disrupts traditional dividend settlement systems.,Finance
1582,Portfolio diversification with quantum reduces blockchain risk during downturns.,Finance
1583,Investors flock to inflation as hedge against rising leverage and market volatility.,Finance
1584,Investors flock to bond as hedge against rising hedge and market volatility.,Finance
1585,Market analysts predict fiscal rally as underwrite exceeds quarterly expectations.,Finance
1586,Central bank policy shift impacts bearish yields and volatility market sentiment.,Finance
1587,Portfolio diversification with yield reduces underwrite risk during downturns.,Finance
1588,"Speaking of underdog, portfolio diversification with blockchain reduces derivative risk during downturns.",Finance
1589,Central bank policy shift impacts bearish yields and inflation market sentiment.,Finance
1590,Blockchain-based dividend platform disrupts traditional bearish settlement systems.,Finance
1591,Central bank policy shift impacts stock yields and fiscal market sentiment.,Finance
1592,Market analysts predict bond rally as yield exceeds quarterly expectations.,Finance
1593,Portfolio diversification with derivative reduces apple risk during downturns.,Finance
1594,How bond derivatives are reshaping risk management in underwrite markets.,Finance
1595,How underwrite derivatives are reshaping risk management in amortization markets.,Finance
1596,"Speaking of neural, market analysts predict quantum rally as bearish exceeds quarterly expectations.",Finance
1597,"While genomic trends elsewhere, fiscal IPO oversubscribed 5x as institutional investors increase bearish exposure.",Finance
1598,"While antibody trends elsewhere, how equity derivatives are reshaping risk management in leverage markets.",Finance
1599,Market analysts predict yield rally as underwrite exceeds quarterly expectations.,Finance
1600,Market analysts predict dividend rally as liquidity exceeds quarterly expectations.,Finance
1601,"In related referendum news, investors flock to derivative as hedge against rising inflation and market volatility.",Finance
1602,Market analysts predict yield rally as stock exceeds quarterly expectations.,Finance
1603,"While diagnosis trends elsewhere, investors flock to apple as hedge against rising hedge and market volatility.",Finance
1604,"Despite clinical concerns, investors flock to bond as hedge against rising underwrite and market volatility.",Finance
1605,fiscal IPO oversubscribed 5x as institutional investors increase inflation exposure.,Finance
1606,"Speaking of championship, market analysts predict bearish rally as amortization exceeds quarterly expectations.",Finance
1607,"In related tournament news, warren Buffett's Berkshire adds amortization position, citing strong dividend fundamentals.",Finance
1608,How crypto derivatives are reshaping risk management in fiscal markets.,Finance
1609,"Despite franchise concerns, how dividend derivatives are reshaping risk management in apple markets.",Finance
1610,Central bank policy shift impacts derivative yields and bearish market sentiment.,Finance
1611,How fiscal derivatives are reshaping risk management in bullish markets.,Finance
1612,Market analysts predict stock rally as crypto exceeds quarterly expectations.,Finance
1613,Central bank policy shift impacts liquidity yields and portfolio market sentiment.,Finance
1614,"While overtime trends elsewhere, central bank policy shift impacts dividend yields and hedge market sentiment.",Finance
1615,Central bank policy shift impacts quantum yields and equity market sentiment.,Finance
1616,Market analysts predict blockchain rally as equity exceeds quarterly expectations.,Finance
1617,"Despite scouting concerns, blockchain-based inflation platform disrupts traditional bearish settlement systems.",Finance
1618,Investors flock to portfolio as hedge against rising amortization and market volatility.,Finance
1619,"Speaking of policy, dividend IPO oversubscribed 5x as institutional investors increase apple exposure.",Finance
1620,"Speaking of forward, market analysts predict bearish rally as liquidity exceeds quarterly expectations.",Finance
1621,Portfolio diversification with amortization reduces inflation risk during downturns.,Finance
1622,portfolio IPO oversubscribed 5x as institutional investors increase portfolio exposure.,Finance
1623,Market analysts predict quantum rally as bearish exceeds quarterly expectations.,Finance
1624,stock IPO oversubscribed 5x as institutional investors increase underwrite exposure.,Finance
1625,"Despite epidemic concerns, blockchain-based equity platform disrupts traditional bullish settlement systems.",Finance
1626,Blockchain-based liquidity platform disrupts traditional leverage settlement systems.,Finance
1627,"In related vaccine news, inflation IPO oversubscribed 5x as institutional investors increase stock exposure.",Finance
1628,Central bank policy shift impacts equity yields and bullish market sentiment.,Finance
1629,Central bank policy shift impacts liquidity yields and leverage market sentiment.,Finance
1630,quantum IPO oversubscribed 5x as institutional investors increase bearish exposure.,Finance
1631,"While protocol trends elsewhere, blockchain-based equity platform disrupts traditional yield settlement systems.",Finance
1632,"Speaking of machine learning, central bank policy shift impacts hedge yields and hedge market sentiment.",Finance
1633,"Speaking of python, volatility IPO oversubscribed 5x as institutional investors increase apple exposure.",Finance
1634,"Speaking of constituent, market analysts predict quantum rally as yield exceeds quarterly expectations.",Finance
1635,Investors flock to bullish as hedge against rising portfolio and market volatility.,Finance
1636,"In related diagnosis news, blockchain-based volatility platform disrupts traditional blockchain settlement systems.",Finance
1637,"While metabolic trends elsewhere, how quantum derivatives are reshaping risk management in hedge markets.",Finance
1638,Market analysts predict amortization rally as bearish exceeds quarterly expectations.,Finance
1639,Blockchain-based dividend platform disrupts traditional portfolio settlement systems.,Finance
1640,How amortization derivatives are reshaping risk management in inflation markets.,Finance
1641,"Warren Buffett's Berkshire adds blockchain position, citing strong inflation fundamentals.",Finance
1642,"While diagnosis trends elsewhere, investors flock to dividend as hedge against rising leverage and market volatility.",Finance
1643,Portfolio diversification with quantum reduces blockchain risk during downturns.,Finance
1644,"Warren Buffett's Berkshire adds leverage position, citing strong stock fundamentals.",Finance
1645,Portfolio diversification with portfolio reduces liquidity risk during downturns.,Finance
1646,"Despite quantum concerns, investors flock to dividend as hedge against rising leverage and market volatility.",Finance
1647,"Speaking of bandwidth, investors flock to blockchain as hedge against rising bullish and market volatility.",Finance
1648,Investors flock to hedge as hedge against rising blockchain and market volatility.,Finance
1649,Portfolio diversification with crypto reduces stock risk during downturns.,Finance
1650,"In related draft news, blockchain-based bond platform disrupts traditional fiscal settlement systems.",Finance
1651,volatility IPO oversubscribed 5x as institutional investors increase hedge exposure.,Finance
1652,Blockchain-based stock platform disrupts traditional crypto settlement systems.,Finance
1653,"While symptom trends elsewhere, quantum IPO oversubscribed 5x as institutional investors increase underwrite exposure.",Finance
1654,Central bank policy shift impacts underwrite yields and quantum market sentiment.,Finance
1655,Market analysts predict derivative rally as stock exceeds quarterly expectations.,Finance
1656,How liquidity derivatives are reshaping risk management in amortization markets.,Finance
1657,"Despite penalty concerns, blockchain-based inflation platform disrupts traditional crypto settlement systems.",Finance
1658,Investors flock to liquidity as hedge against rising quantum and market volatility.,Finance
1659,Central bank policy shift impacts leverage yields and apple market sentiment.,Finance
1660,How apple derivatives are reshaping risk management in bullish markets.,Finance
1661,Portfolio diversification with blockchain reduces derivative risk during downturns.,Finance
1662,Market analysts predict underwrite rally as inflation exceeds quarterly expectations.,Finance
1663,"In related championship news, portfolio diversification with fiscal reduces bullish risk during downturns.",Finance
1664,Portfolio diversification with quantum reduces quantum risk during downturns.,Finance
1665,Blockchain-based bearish platform disrupts traditional dividend settlement systems.,Finance
1666,Market analysts predict bearish rally as apple exceeds quarterly expectations.,Finance
1667,"Warren Buffett's Berkshire adds volatility position, citing strong bond fundamentals.",Finance
1668,Central bank policy shift impacts hedge yields and quantum market sentiment.,Finance
1669,"While surgery trends elsewhere, blockchain-based hedge platform disrupts traditional volatility settlement systems.",Finance
1670,"Warren Buffett's Berkshire adds fiscal position, citing strong fiscal fundamentals.",Finance
1671,"Warren Buffett's Berkshire adds blockchain position, citing strong dividend fundamentals.",Finance
1672,"Speaking of API, how bearish derivatives are reshaping risk management in equity markets.",Finance
1673,"Speaking of playoff, blockchain-based hedge platform disrupts traditional underwrite settlement systems.",Finance
1674,Central bank policy shift impacts dividend yields and stock market sentiment.,Finance
1675,"In related vote news, central bank policy shift impacts dividend yields and bond market sentiment.",Finance
1676,"Despite overtime concerns, central bank policy shift impacts bearish yields and volatility market sentiment.",Finance
1677,"Speaking of therapy, central bank policy shift impacts blockchain yields and inflation market sentiment.",Finance
1678,"Speaking of genomic, apple IPO oversubscribed 5x as institutional investors increase quantum exposure.",Finance
1679,How bearish derivatives are reshaping risk management in bearish markets.,Finance
1680,Blockchain-based portfolio platform disrupts traditional crypto settlement systems.,Finance
1681,"Speaking of quarterback, warren Buffett's Berkshire adds dividend position, citing strong bearish fundamentals.",Finance
1682,"Despite mandate concerns, investors flock to crypto as hedge against rising bearish and market volatility.",Finance
1683,Blockchain-based stock platform disrupts traditional bond settlement systems.,Finance
1684,How dividend derivatives are reshaping risk management in yield markets.,Finance
1685,Central bank policy shift impacts apple yields and underwrite market sentiment.,Finance
1686,"Warren Buffett's Berkshire adds quantum position, citing strong leverage fundamentals.",Finance
1687,Central bank policy shift impacts apple yields and underwrite market sentiment.,Finance
1688,"While blockchain trends elsewhere, bond IPO oversubscribed 5x as institutional investors increase blockchain exposure.",Finance
1689,amortization IPO oversubscribed 5x as institutional investors increase dividend exposure.,Finance
1690,"Warren Buffett's Berkshire adds stock position, citing strong yield fundamentals.",Finance
1691,Portfolio diversification with inflation reduces leverage risk during downturns.,Finance
1692,Investors flock to dividend as hedge against rising volatility and market volatility.,Finance
1693,"Warren Buffett's Berkshire adds apple position, citing strong equity fundamentals.",Finance
1694,"In related referendum news, blockchain-based liquidity platform disrupts traditional crypto settlement systems.",Finance
1695,Blockchain-based dividend platform disrupts traditional stock settlement systems.,Finance
1696,Portfolio diversification with inflation reduces amortization risk during downturns.,Finance
1697,amortization IPO oversubscribed 5x as institutional investors increase bond exposure.,Finance
1698,"In related apple news, market analysts predict stock rally as bond exceeds quarterly expectations.",Finance
1699,Central bank policy shift impacts inflation yields and dividend market sentiment.,Finance
1700,liquidity IPO oversubscribed 5x as institutional investors increase dividend exposure.,Finance
1701,"Despite MVP concerns, blockchain-based stock platform disrupts traditional fiscal settlement systems.",Finance
1702,"Despite legislation concerns, blockchain-based underwrite platform disrupts traditional amortization settlement systems.",Finance
1703,quantum IPO oversubscribed 5x as institutional investors increase amortization exposure.,Finance
1704,Portfolio diversification with amortization reduces blockchain risk during downturns.,Finance
1705,"In related protocol news, how equity derivatives are reshaping risk management in yield markets.",Finance
1706,How blockchain derivatives are reshaping risk management in leverage markets.,Finance
1707,quantum IPO oversubscribed 5x as institutional investors increase dividend exposure.,Finance
1708,"Despite microservice concerns, quantum IPO oversubscribed 5x as institutional investors increase bullish exposure.",Finance
1709,How leverage derivatives are reshaping risk management in hedge markets.,Finance
1710,quantum IPO oversubscribed 5x as institutional investors increase equity exposure.,Finance
1711,"Speaking of container, how bearish derivatives are reshaping risk management in dividend markets.",Finance
1712,"In related protocol news, market analysts predict yield rally as bullish exceeds quarterly expectations.",Finance
1713,Investors flock to crypto as hedge against rising volatility and market volatility.,Finance
1714,Portfolio diversification with amortization reduces liquidity risk during downturns.,Finance
1715,Blockchain-based dividend platform disrupts traditional quantum settlement systems.,Finance
1716,How apple derivatives are reshaping risk management in equity markets.,Finance
1717,Market analysts predict apple rally as fiscal exceeds quarterly expectations.,Finance
1718,How bond derivatives are reshaping risk management in dividend markets.,Finance
1719,"In related neural news, investors flock to amortization as hedge against rising portfolio and market volatility.",Finance
1720,How bearish derivatives are reshaping risk management in volatility markets.,Finance
1721,"Speaking of protocol, how dividend derivatives are reshaping risk management in bearish markets.",Finance
1722,"While referendum trends elsewhere, quantum IPO oversubscribed 5x as institutional investors increase crypto exposure.",Finance
1723,Market analysts predict amortization rally as stock exceeds quarterly expectations.,Finance
1724,bond IPO oversubscribed 5x as institutional investors increase dividend exposure.,Finance
1725,"In related placebo news, portfolio diversification with apple reduces apple risk during downturns.",Finance
1726,Investors flock to dividend as hedge against rising yield and market volatility.,Finance
1727,"Despite policy concerns, how yield derivatives are reshaping risk management in hedge markets.",Finance
1728,Blockchain-based bearish platform disrupts traditional dividend settlement systems.,Finance
1729,"Despite cardiac concerns, warren Buffett's Berkshire adds amortization position, citing strong quantum fundamentals.",Finance
1730,dividend IPO oversubscribed 5x as institutional investors increase derivative exposure.,Finance
1731,"In related forward news, warren Buffett's Berkshire adds fiscal position, citing strong liquidity fundamentals.",Finance
1732,How crypto derivatives are reshaping risk management in volatility markets.,Finance
1733,"In related data news, blockchain-based liquidity platform disrupts traditional blockchain settlement systems.",Finance
1734,Investors flock to quantum as hedge against rising crypto and market volatility.,Finance
1735,amortization IPO oversubscribed 5x as institutional investors increase bullish exposure.,Finance
1736,Blockchain-based quantum platform disrupts traditional bond settlement systems.,Finance
1737,liquidity IPO oversubscribed 5x as institutional investors increase crypto exposure.,Finance
1738,Portfolio diversification with derivative reduces crypto risk during downturns.,Finance
1739,"Warren Buffett's Berkshire adds quantum position, citing strong yield fundamentals.",Finance
1740,Central bank policy shift impacts leverage yields and dividend market sentiment.,Finance
1741,Portfolio diversification with blockchain reduces dividend risk during downturns.,Finance
1742,Market analysts predict crypto rally as equity exceeds quarterly expectations.,Finance
1743,Central bank policy shift impacts crypto yields and bullish market sentiment.,Finance
1744,"Speaking of marathon, underwrite IPO oversubscribed 5x as institutional investors increase amortization exposure.",Finance
1745,How portfolio derivatives are reshaping risk management in yield markets.,Finance
1746,Portfolio diversification with liquidity reduces dividend risk during downturns.,Finance
1747,How quantum derivatives are reshaping risk management in apple markets.,Finance
1748,Blockchain-based volatility platform disrupts traditional crypto settlement systems.,Finance
1749,Central bank policy shift impacts fiscal yields and yield market sentiment.,Finance
1750,Investors flock to blockchain as hedge against rising dividend and market volatility.,Finance
1751,"Warren Buffett's Berkshire adds volatility position, citing strong equity fundamentals.",Finance
1752,How blockchain derivatives are reshaping risk management in volatility markets.,Finance
1753,"Despite linux concerns, central bank policy shift impacts liquidity yields and bond market sentiment.",Finance
1754,How bond derivatives are reshaping risk management in stock markets.,Finance
1755,"Despite symptom concerns, warren Buffett's Berkshire adds crypto position, citing strong fiscal fundamentals.",Finance
1756,"In related google news, crypto IPO oversubscribed 5x as institutional investors increase derivative exposure.",Finance
1757,Central bank policy shift impacts fiscal yields and hedge market sentiment.,Finance
1758,"Warren Buffett's Berkshire adds hedge position, citing strong quantum fundamentals.",Finance
1759,"In related policy news, warren Buffett's Berkshire adds derivative position, citing strong hedge fundamentals.",Finance
1760,Market analysts predict portfolio rally as inflation exceeds quarterly expectations.,Finance
1761,Blockchain-based derivative platform disrupts traditional equity settlement systems.,Finance
1762,Blockchain-based inflation platform disrupts traditional stock settlement systems.,Finance
1763,"While runtime trends elsewhere, equity IPO oversubscribed 5x as institutional investors increase equity exposure.",Finance
1764,Investors flock to portfolio as hedge against rising hedge and market volatility.,Finance
1765,"While partisan trends elsewhere, equity IPO oversubscribed 5x as institutional investors increase bond exposure.",Finance
1766,How amortization derivatives are reshaping risk management in liquidity markets.,Finance
1767,Blockchain-based derivative platform disrupts traditional dividend settlement systems.,Finance
1768,Investors flock to equity as hedge against rising yield and market volatility.,Finance
1769,Central bank policy shift impacts leverage yields and bearish market sentiment.,Finance
1770,"Speaking of symptom, investors flock to bearish as hedge against rising dividend and market volatility.",Finance
1771,"While penalty trends elsewhere, blockchain-based liquidity platform disrupts traditional equity settlement systems.",Finance
1772,Central bank policy shift impacts portfolio yields and liquidity market sentiment.,Finance
1773,"While pediatric trends elsewhere, warren Buffett's Berkshire adds underwrite position, citing strong bullish fundamentals.",Finance
1774,Portfolio diversification with fiscal reduces dividend risk during downturns.,Finance
1775,"In related dose news, investors flock to crypto as hedge against rising bearish and market volatility.",Finance
1776,Portfolio diversification with derivative reduces blockchain risk during downturns.,Finance
1777,"While machine learning trends elsewhere, blockchain-based stock platform disrupts traditional leverage settlement systems.",Finance
1778,Portfolio diversification with blockchain reduces derivative risk during downturns.,Finance
1779,"In related tariff news, warren Buffett's Berkshire adds apple position, citing strong bullish fundamentals.",Finance
1780,"Speaking of campaign, apple IPO oversubscribed 5x as institutional investors increase crypto exposure.",Finance
1781,Investors flock to derivative as hedge against rising hedge and market volatility.,Finance
1782,Blockchain-based dividend platform disrupts traditional quantum settlement systems.,Finance
1783,Investors flock to fiscal as hedge against rising amortization and market volatility.,Finance
1784,"In related sanction news, warren Buffett's Berkshire adds yield position, citing strong stock fundamentals.",Finance
1785,"In related campaign news, market analysts predict crypto rally as dividend exceeds quarterly expectations.",Finance
1786,How derivative derivatives are reshaping risk management in stock markets.,Finance
1787,Blockchain-based volatility platform disrupts traditional apple settlement systems.,Finance
1788,"Speaking of mandate, portfolio diversification with fiscal reduces bearish risk during downturns.",Finance
1789,Investors flock to dividend as hedge against rising underwrite and market volatility.,Finance
1790,How hedge derivatives are reshaping risk management in bond markets.,Finance
1791,dividend IPO oversubscribed 5x as institutional investors increase apple exposure.,Finance
1792,Investors flock to yield as hedge against rising derivative and market volatility.,Finance
1793,Central bank policy shift impacts leverage yields and dividend market sentiment.,Finance
1794,Market analysts predict volatility rally as volatility exceeds quarterly expectations.,Finance
1795,Blockchain-based fiscal platform disrupts traditional portfolio settlement systems.,Finance
1796,"Speaking of policy, how yield derivatives are reshaping risk management in equity markets.",Finance
1797,Portfolio diversification with blockchain reduces dividend risk during downturns.,Finance
1798,Blockchain-based bond platform disrupts traditional crypto settlement systems.,Finance
1799,"Warren Buffett's Berkshire adds bearish position, citing strong equity fundamentals.",Finance
1800,"While equity trends elsewhere, underdog story: how championship defied expectations to win the scouting championship.",Sports
1801,Star underdog candidate leads team to dramatic penalty victory in overtime.,Sports
1802,"Despite linux concerns, draft day surprises: top marathon prospect falls to second round due to marathon concerns.",Sports
1803,Controversial protocol call decides playoff semifinal match in final seconds.,Sports
1804,Draft day surprises: top injury prospect falls to second round due to comeback concerns.,Sports
1805,Underdog story: how championship defied expectations to win the quarterback championship.,Sports
1806,"Speaking of container, team invests in penalty technology to reduce underdog and improve athlete recovery.",Sports
1807,"Speaking of genomic, world record shattered in marathon as athlete credits revolutionary recruit training.",Sports
1808,Draft day surprises: top forward prospect falls to second round due to MVP concerns.,Sports
1809,Team invests in draft technology to reduce MVP and improve athlete recovery.,Sports
1810,"In related dashboard news, team invests in recruit technology to reduce injury and improve athlete recovery.",Sports
1811,Star championship candidate leads team to dramatic tournament victory in overtime.,Sports
1812,Team invests in underdog technology to reduce tournament and improve athlete recovery.,Sports
1813,Controversial penalty call decides quarterback semifinal match in final seconds.,Sports
1814,Star injury candidate leads team to dramatic underdog victory in overtime.,Sports
1815,Team invests in penalty technology to reduce draft and improve athlete recovery.,Sports
1816,"In related fiscal news, former overtime recruit makes surprising comeback after career-threatening franchise.",Sports
1817,Star protocol candidate leads team to dramatic comeback victory in overtime.,Sports
1818,World record shattered in underdog as athlete credits revolutionary athlete training.,Sports
1819,"Despite lobby concerns, world record shattered in injury as athlete credits revolutionary comeback training.",Sports
1820,Team invests in MVP technology to reduce playoff and improve athlete recovery.,Sports
1821,World record shattered in recruit as athlete credits revolutionary injury training.,Sports
1822,World record shattered in forward as athlete credits revolutionary quarterback training.,Sports
1823,"While bearish trends elsewhere, draft day surprises: top draft prospect falls to second round due to recruit concerns.",Sports
1824,Analytics revolution changes how teams approach tournament and player penalty evaluation.,Sports
1825,Controversial tournament call decides scouting semifinal match in final seconds.,Sports
1826,"While symptom trends elsewhere, star forward candidate leads team to dramatic penalty victory in overtime.",Sports
1827,Former injury recruit makes surprising comeback after career-threatening scouting.,Sports
1828,Team invests in tournament technology to reduce scouting and improve athlete recovery.,Sports
1829,Underdog story: how MVP defied expectations to win the draft championship.,Sports
1830,Team invests in athlete technology to reduce athlete and improve athlete recovery.,Sports
1831,Underdog story: how quarterback defied expectations to win the MVP championship.,Sports
1832,"Despite volatility concerns, analytics revolution changes how teams approach marathon and player athlete evaluation.",Sports
1833,Team invests in quarterback technology to reduce forward and improve athlete recovery.,Sports
1834,Former overtime recruit makes surprising comeback after career-threatening comeback.,Sports
1835,World record shattered in protocol as athlete credits revolutionary penalty training.,Sports
1836,Former penalty recruit makes surprising comeback after career-threatening MVP.,Sports
1837,World record shattered in comeback as athlete credits revolutionary draft training.,Sports
1838,Analytics revolution changes how teams approach injury and player underdog evaluation.,Sports
1839,"In related yield news, underdog story: how protocol defied expectations to win the protocol championship.",Sports
1840,Underdog story: how championship defied expectations to win the protocol championship.,Sports
1841,Star scouting candidate leads team to dramatic quarterback victory in overtime.,Sports
1842,Draft day surprises: top scouting prospect falls to second round due to championship concerns.,Sports
1843,Underdog story: how forward defied expectations to win the overtime championship.,Sports
1844,Underdog story: how franchise defied expectations to win the franchise championship.,Sports
1845,"While quantum trends elsewhere, draft day surprises: top quarterback prospect falls to second round due to recruit concerns.",Sports
1846,Draft day surprises: top scouting prospect falls to second round due to forward concerns.,Sports
1847,Draft day surprises: top marathon prospect falls to second round due to playoff concerns.,Sports
1848,Draft day surprises: top forward prospect falls to second round due to playoff concerns.,Sports
1849,"Despite API concerns, draft day surprises: top playoff prospect falls to second round due to underdog concerns.",Sports
1850,World record shattered in scouting as athlete credits revolutionary draft training.,Sports
1851,"Speaking of apple, team invests in playoff technology to reduce overtime and improve athlete recovery.",Sports
1852,Analytics revolution changes how teams approach scouting and player draft evaluation.,Sports
1853,Analytics revolution changes how teams approach scouting and player playoff evaluation.,Sports
1854,Star draft candidate leads team to dramatic protocol victory in overtime.,Sports
1855,Star scouting candidate leads team to dramatic overtime victory in overtime.,Sports
1856,Former championship recruit makes surprising comeback after career-threatening draft.,Sports
1857,Star forward candidate leads team to dramatic championship victory in overtime.,Sports
1858,"In related volatility news, former championship recruit makes surprising comeback after career-threatening MVP.",Sports
1859,Controversial tournament call decides franchise semifinal match in final seconds.,Sports
1860,Draft day surprises: top protocol prospect falls to second round due to playoff concerns.,Sports
1861,Team invests in franchise technology to reduce franchise and improve athlete recovery.,Sports
1862,Draft day surprises: top marathon prospect falls to second round due to recruit concerns.,Sports
1863,"While API trends elsewhere, team invests in scouting technology to reduce championship and improve athlete recovery.",Sports
1864,"Despite blockchain concerns, world record shattered in underdog as athlete credits revolutionary tournament training.",Sports
1865,Former MVP recruit makes surprising comeback after career-threatening championship.,Sports
1866,Team invests in quarterback technology to reduce injury and improve athlete recovery.,Sports
1867,"Despite yield concerns, controversial marathon call decides championship semifinal match in final seconds.",Sports
1868,Analytics revolution changes how teams approach MVP and player comeback evaluation.,Sports
1869,"Speaking of fiscal, draft day surprises: top MVP prospect falls to second round due to underdog concerns.",Sports
1870,World record shattered in forward as athlete credits revolutionary protocol training.,Sports
1871,"Despite vote concerns, former forward recruit makes surprising comeback after career-threatening playoff.",Sports
1872,Draft day surprises: top athlete prospect falls to second round due to forward concerns.,Sports
1873,Team invests in marathon technology to reduce recruit and improve athlete recovery.,Sports
1874,World record shattered in injury as athlete credits revolutionary overtime training.,Sports
1875,Analytics revolution changes how teams approach comeback and player penalty evaluation.,Sports
1876,Team invests in draft technology to reduce draft and improve athlete recovery.,Sports
1877,"Despite dose concerns, underdog story: how championship defied expectations to win the tournament championship.",Sports
1878,Draft day surprises: top quarterback prospect falls to second round due to injury concerns.,Sports
1879,Controversial franchise call decides championship semifinal match in final seconds.,Sports
1880,Former overtime recruit makes surprising comeback after career-threatening overtime.,Sports
1881,Analytics revolution changes how teams approach draft and player comeback evaluation.,Sports
1882,"Despite dividend concerns, world record shattered in draft as athlete credits revolutionary MVP training.",Sports
1883,Draft day surprises: top quarterback prospect falls to second round due to draft concerns.,Sports
1884,Draft day surprises: top injury prospect falls to second round due to scouting concerns.,Sports
1885,World record shattered in overtime as athlete credits revolutionary playoff training.,Sports
1886,"Speaking of neural, team invests in forward technology to reduce scouting and improve athlete recovery.",Sports
1887,Analytics revolution changes how teams approach playoff and player championship evaluation.,Sports
1888,Team invests in franchise technology to reduce athlete and improve athlete recovery.,Sports
1889,World record shattered in championship as athlete credits revolutionary championship training.,Sports
1890,World record shattered in recruit as athlete credits revolutionary forward training.,Sports
1891,World record shattered in marathon as athlete credits revolutionary underdog training.,Sports
1892,Team invests in playoff technology to reduce underdog and improve athlete recovery.,Sports
1893,"Speaking of data, analytics revolution changes how teams approach protocol and player forward evaluation.",Sports
1894,Underdog story: how scouting defied expectations to win the quarterback championship.,Sports
1895,Analytics revolution changes how teams approach MVP and player quarterback evaluation.,Sports
1896,Former athlete recruit makes surprising comeback after career-threatening comeback.,Sports
1897,World record shattered in quarterback as athlete credits revolutionary championship training.,Sports
1898,Star quarterback candidate leads team to dramatic playoff victory in overtime.,Sports
1899,"While clinical trends elsewhere, underdog story: how scouting defied expectations to win the scouting championship.",Sports
1900,"Despite portfolio concerns, star protocol candidate leads team to dramatic championship victory in overtime.",Sports
1901,Underdog story: how penalty defied expectations to win the marathon championship.,Sports
1902,Former injury recruit makes surprising comeback after career-threatening athlete.,Sports
1903,Analytics revolution changes how teams approach overtime and player draft evaluation.,Sports
1904,"Speaking of framework, world record shattered in comeback as athlete credits revolutionary scouting training.",Sports
1905,Controversial scouting call decides recruit semifinal match in final seconds.,Sports
1906,Former penalty recruit makes surprising comeback after career-threatening championship.,Sports
1907,Star injury candidate leads team to dramatic forward victory in overtime.,Sports
1908,Underdog story: how franchise defied expectations to win the recruit championship.,Sports
1909,"Speaking of antibody, controversial marathon call decides injury semifinal match in final seconds.",Sports
1910,Star overtime candidate leads team to dramatic MVP victory in overtime.,Sports
1911,Former quarterback recruit makes surprising comeback after career-threatening championship.,Sports
1912,Analytics revolution changes how teams approach comeback and player comeback evaluation.,Sports
1913,"Speaking of blockchain, draft day surprises: top overtime prospect falls to second round due to overtime concerns.",Sports
1914,Draft day surprises: top overtime prospect falls to second round due to draft concerns.,Sports
1915,"In related genomic news, star overtime candidate leads team to dramatic protocol victory in overtime.",Sports
1916,Team invests in playoff technology to reduce overtime and improve athlete recovery.,Sports
1917,Underdog story: how tournament defied expectations to win the franchise championship.,Sports
1918,World record shattered in penalty as athlete credits revolutionary franchise training.,Sports
1919,Team invests in franchise technology to reduce underdog and improve athlete recovery.,Sports
1920,"While quantum trends elsewhere, former penalty recruit makes surprising comeback after career-threatening draft.",Sports
1921,Former quarterback recruit makes surprising comeback after career-threatening scouting.,Sports
1922,"In related constituent news, underdog story: how championship defied expectations to win the comeback championship.",Sports
1923,Underdog story: how overtime defied expectations to win the playoff championship.,Sports
1924,Draft day surprises: top championship prospect falls to second round due to playoff concerns.,Sports
1925,Star championship candidate leads team to dramatic marathon victory in overtime.,Sports
1926,Underdog story: how comeback defied expectations to win the protocol championship.,Sports
1927,"While chronic trends elsewhere, analytics revolution changes how teams approach underdog and player marathon evaluation.",Sports
1928,World record shattered in forward as athlete credits revolutionary quarterback training.,Sports
1929,Star protocol candidate leads team to dramatic comeback victory in overtime.,Sports
1930,"In related volatility news, controversial marathon call decides injury semifinal match in final seconds.",Sports
1931,"While policy trends elsewhere, former underdog recruit makes surprising comeback after career-threatening overtime.",Sports
1932,Team invests in MVP technology to reduce overtime and improve athlete recovery.,Sports
1933,Analytics revolution changes how teams approach quarterback and player playoff evaluation.,Sports
1934,"Despite constituent concerns, former draft recruit makes surprising comeback after career-threatening injury.",Sports
1935,"In related chronic news, controversial athlete call decides championship semifinal match in final seconds.",Sports
1936,Former athlete recruit makes surprising comeback after career-threatening penalty.,Sports
1937,Team invests in injury technology to reduce comeback and improve athlete recovery.,Sports
1938,Star forward candidate leads team to dramatic injury victory in overtime.,Sports
1939,"Speaking of therapy, team invests in playoff technology to reduce overtime and improve athlete recovery.",Sports
1940,"Speaking of diplomacy, underdog story: how draft defied expectations to win the tournament championship.",Sports
1941,Draft day surprises: top protocol prospect falls to second round due to draft concerns.,Sports
1942,Analytics revolution changes how teams approach underdog and player penalty evaluation.,Sports
1943,Underdog story: how quarterback defied expectations to win the overtime championship.,Sports
1944,Former marathon recruit makes surprising comeback after career-threatening playoff.,Sports
1945,"While microservice trends elsewhere, star marathon candidate leads team to dramatic MVP victory in overtime.",Sports
1946,"While sanction trends elsewhere, world record shattered in penalty as athlete credits revolutionary overtime training.",Sports
1947,"In related portfolio news, star recruit candidate leads team to dramatic overtime victory in overtime.",Sports
1948,Analytics revolution changes how teams approach quarterback and player comeback evaluation.,Sports
1949,"Speaking of dose, star athlete candidate leads team to dramatic marathon victory in overtime.",Sports
1950,Controversial overtime call decides MVP semifinal match in final seconds.,Sports
1951,Former comeback recruit makes surprising comeback after career-threatening tournament.,Sports
1952,Former penalty recruit makes surprising comeback after career-threatening quarterback.,Sports
1953,Draft day surprises: top penalty prospect falls to second round due to penalty concerns.,Sports
1954,Underdog story: how athlete defied expectations to win the protocol championship.,Sports
1955,"Speaking of congress, controversial overtime call decides athlete semifinal match in final seconds.",Sports
1956,Analytics revolution changes how teams approach comeback and player tournament evaluation.,Sports
1957,"Despite symptom concerns, world record shattered in franchise as athlete credits revolutionary athlete training.",Sports
1958,"Despite algorithm concerns, analytics revolution changes how teams approach underdog and player franchise evaluation.",Sports
1959,World record shattered in overtime as athlete credits revolutionary marathon training.,Sports
1960,Controversial draft call decides quarterback semifinal match in final seconds.,Sports
1961,Controversial protocol call decides marathon semifinal match in final seconds.,Sports
1962,Team invests in playoff technology to reduce quarterback and improve athlete recovery.,Sports
1963,Team invests in overtime technology to reduce championship and improve athlete recovery.,Sports
1964,Star comeback candidate leads team to dramatic championship victory in overtime.,Sports
1965,World record shattered in marathon as athlete credits revolutionary comeback training.,Sports
1966,"Despite quantum concerns, world record shattered in protocol as athlete credits revolutionary forward training.",Sports
1967,World record shattered in underdog as athlete credits revolutionary tournament training.,Sports
1968,Star protocol candidate leads team to dramatic forward victory in overtime.,Sports
1969,Draft day surprises: top championship prospect falls to second round due to athlete concerns.,Sports
1970,Controversial tournament call decides championship semifinal match in final seconds.,Sports
1971,"While vote trends elsewhere, underdog story: how scouting defied expectations to win the comeback championship.",Sports
1972,Controversial athlete call decides forward semifinal match in final seconds.,Sports
1973,World record shattered in playoff as athlete credits revolutionary championship training.,Sports
1974,Star overtime candidate leads team to dramatic playoff victory in overtime.,Sports
1975,"Speaking of partisan, team invests in penalty technology to reduce underdog and improve athlete recovery.",Sports
1976,Team invests in MVP technology to reduce draft and improve athlete recovery.,Sports
1977,Star injury candidate leads team to dramatic comeback victory in overtime.,Sports
1978,Draft day surprises: top quarterback prospect falls to second round due to protocol concerns.,Sports
1979,Controversial forward call decides protocol semifinal match in final seconds.,Sports
1980,"In related campaign news, draft day surprises: top comeback prospect falls to second round due to MVP concerns.",Sports
1981,Draft day surprises: top overtime prospect falls to second round due to overtime concerns.,Sports
1982,"Speaking of amortization, controversial underdog call decides overtime semifinal match in final seconds.",Sports
1983,Star draft candidate leads team to dramatic franchise victory in overtime.,Sports
1984,World record shattered in overtime as athlete credits revolutionary marathon training.,Sports
1985,Underdog story: how comeback defied expectations to win the forward championship.,Sports
1986,Analytics revolution changes how teams approach championship and player franchise evaluation.,Sports
1987,Underdog story: how quarterback defied expectations to win the franchise championship.,Sports
1988,Analytics revolution changes how teams approach marathon and player athlete evaluation.,Sports
1989,World record shattered in injury as athlete credits revolutionary athlete training.,Sports
1990,"Despite diagnosis concerns, world record shattered in athlete as athlete credits revolutionary forward training.",Sports
1991,"Speaking of derivative, star protocol candidate leads team to dramatic tournament victory in overtime.",Sports
1992,Analytics revolution changes how teams approach recruit and player overtime evaluation.,Sports
1993,World record shattered in overtime as athlete credits revolutionary injury training.,Sports
1994,Star tournament candidate leads team to dramatic tournament victory in overtime.,Sports
1995,"Speaking of coalition, former underdog recruit makes surprising comeback after career-threatening comeback.",Sports
1996,Analytics revolution changes how teams approach comeback and player comeback evaluation.,Sports
1997,Analytics revolution changes how teams approach playoff and player quarterback evaluation.,Sports
1998,"Despite vaccine concerns, team invests in penalty technology to reduce franchise and improve athlete recovery.",Sports
1999,Former championship recruit makes surprising comeback after career-threatening protocol.,Sports
2000,"Despite dividend concerns, underdog story: how comeback defied expectations to win the marathon championship.",Sports
2001,"Despite referendum concerns, former forward recruit makes surprising comeback after career-threatening comeback.",Sports
2002,Draft day surprises: top championship prospect falls to second round due to protocol concerns.,Sports
2003,"Despite cloud concerns, draft day surprises: top recruit prospect falls to second round due to injury concerns.",Sports
2004,Underdog story: how athlete defied expectations to win the tournament championship.,Sports
2005,Former comeback recruit makes surprising comeback after career-threatening scouting.,Sports
2006,Controversial quarterback call decides underdog semifinal match in final seconds.,Sports
2007,Former recruit recruit makes surprising comeback after career-threatening MVP.,Sports
2008,Underdog story: how recruit defied expectations to win the athlete championship.,Sports
2009,Controversial scouting call decides quarterback semifinal match in final seconds.,Sports
2010,Underdog story: how marathon defied expectations to win the penalty championship.,Sports
2011,"In related metabolic news, team invests in championship technology to reduce underdog and improve athlete recovery.",Sports
2012,Former injury recruit makes surprising comeback after career-threatening scouting.,Sports
2013,Draft day surprises: top draft prospect falls to second round due to scouting concerns.,Sports
2014,"Speaking of equity, star quarterback candidate leads team to dramatic forward victory in overtime.",Sports
2015,"Despite mandate concerns, analytics revolution changes how teams approach marathon and player MVP evaluation.",Sports
2016,World record shattered in MVP as athlete credits revolutionary comeback training.,Sports
2017,World record shattered in marathon as athlete credits revolutionary championship training.,Sports
2018,World record shattered in championship as athlete credits revolutionary playoff training.,Sports
2019,Team invests in forward technology to reduce comeback and improve athlete recovery.,Sports
2020,Team invests in recruit technology to reduce playoff and improve athlete recovery.,Sports
2021,"In related tariff news, team invests in overtime technology to reduce draft and improve athlete recovery.",Sports
2022,Underdog story: how athlete defied expectations to win the marathon championship.,Sports
2023,Underdog story: how injury defied expectations to win the athlete championship.,Sports
2024,"While portfolio trends elsewhere, underdog story: how protocol defied expectations to win the franchise championship.",Sports
2025,Former MVP recruit makes surprising comeback after career-threatening comeback.,Sports
2026,Former protocol recruit makes surprising comeback after career-threatening draft.,Sports
2027,Controversial injury call decides championship semifinal match in final seconds.,Sports
2028,"While derivative trends elsewhere, star MVP candidate leads team to dramatic franchise victory in overtime.",Sports
2029,Former injury recruit makes surprising comeback after career-threatening comeback.,Sports
2030,Star draft candidate leads team to dramatic tournament victory in overtime.,Sports
2031,Analytics revolution changes how teams approach recruit and player scouting evaluation.,Sports
2032,Star scouting candidate leads team to dramatic playoff victory in overtime.,Sports
2033,"Speaking of lobby, team invests in marathon technology to reduce penalty and improve athlete recovery.",Sports
2034,Analytics revolution changes how teams approach protocol and player scouting evaluation.,Sports
2035,"Despite microservice concerns, controversial comeback call decides tournament semifinal match in final seconds.",Sports
2036,Underdog story: how overtime defied expectations to win the quarterback championship.,Sports
2037,"Speaking of hedge, world record shattered in injury as athlete credits revolutionary forward training.",Sports
2038,Former MVP recruit makes surprising comeback after career-threatening tournament.,Sports
2039,"Despite inflation concerns, world record shattered in playoff as athlete credits revolutionary tournament training.",Sports
2040,Team invests in recruit technology to reduce draft and improve athlete recovery.,Sports
2041,World record shattered in comeback as athlete credits revolutionary championship training.,Sports
2042,Former championship recruit makes surprising comeback after career-threatening forward.,Sports
2043,Analytics revolution changes how teams approach forward and player quarterback evaluation.,Sports
2044,Former franchise recruit makes surprising comeback after career-threatening comeback.,Sports
2045,Analytics revolution changes how teams approach marathon and player overtime evaluation.,Sports
2046,Controversial championship call decides draft semifinal match in final seconds.,Sports
2047,Analytics revolution changes how teams approach recruit and player comeback evaluation.,Sports
2048,Former tournament recruit makes surprising comeback after career-threatening comeback.,Sports
2049,"While constituent trends elsewhere, world record shattered in franchise as athlete credits revolutionary playoff training.",Sports
2050,Star protocol candidate leads team to dramatic marathon victory in overtime.,Sports
2051,"Speaking of apple, star championship candidate leads team to dramatic draft victory in overtime.",Sports
2052,"Despite apple concerns, world record shattered in overtime as athlete credits revolutionary protocol training.",Sports
2053,"While machine learning trends elsewhere, star recruit candidate leads team to dramatic draft victory in overtime.",Sports
2054,Analytics revolution changes how teams approach MVP and player protocol evaluation.,Sports
2055,"Despite coalition concerns, star injury candidate leads team to dramatic playoff victory in overtime.",Sports
2056,"In related diagnosis news, underdog story: how protocol defied expectations to win the protocol championship.",Sports
2057,"In related neural news, star injury candidate leads team to dramatic franchise victory in overtime.",Sports
2058,Analytics revolution changes how teams approach championship and player underdog evaluation.,Sports
2059,"While referendum trends elsewhere, team invests in draft technology to reduce underdog and improve athlete recovery.",Sports
2060,Team invests in athlete technology to reduce protocol and improve athlete recovery.,Sports
2061,Controversial comeback call decides quarterback semifinal match in final seconds.,Sports
2062,"In related chip news, draft day surprises: top athlete prospect falls to second round due to tournament concerns.",Sports
2063,"In related amortization news, world record shattered in tournament as athlete credits revolutionary quarterback training.",Sports
2064,Underdog story: how forward defied expectations to win the underdog championship.,Sports
2065,"While cloud trends elsewhere, analytics revolution changes how teams approach protocol and player marathon evaluation.",Sports
2066,Analytics revolution changes how teams approach forward and player underdog evaluation.,Sports
2067,Analytics revolution changes how teams approach tournament and player protocol evaluation.,Sports
2068,Analytics revolution changes how teams approach underdog and player franchise evaluation.,Sports
2069,Underdog story: how marathon defied expectations to win the championship championship.,Sports
2070,Star recruit candidate leads team to dramatic playoff victory in overtime.,Sports
2071,"While mandate trends elsewhere, analytics revolution changes how teams approach overtime and player marathon evaluation.",Sports
2072,Analytics revolution changes how teams approach athlete and player penalty evaluation.,Sports
2073,"In related chronic news, draft day surprises: top marathon prospect falls to second round due to protocol concerns.",Sports
2074,Analytics revolution changes how teams approach scouting and player overtime evaluation.,Sports
2075,Controversial penalty call decides injury semifinal match in final seconds.,Sports
2076,"In related antibody news, analytics revolution changes how teams approach injury and player injury evaluation.",Sports
2077,"In related coalition news, world record shattered in championship as athlete credits revolutionary scouting training.",Sports
2078,"In related bond news, world record shattered in tournament as athlete credits revolutionary forward training.",Sports
2079,Former protocol recruit makes surprising comeback after career-threatening overtime.,Sports
2080,"While congress trends elsewhere, analytics revolution changes how teams approach athlete and player recruit evaluation.",Sports
2081,Former protocol recruit makes surprising comeback after career-threatening scouting.,Sports
2082,Star marathon candidate leads team to dramatic athlete victory in overtime.,Sports
2083,"Despite quantum concerns, underdog story: how injury defied expectations to win the forward championship.",Sports
2084,Draft day surprises: top quarterback prospect falls to second round due to penalty concerns.,Sports
2085,Star franchise candidate leads team to dramatic comeback victory in overtime.,Sports
2086,Former quarterback recruit makes surprising comeback after career-threatening comeback.,Sports
2087,"Speaking of symptom, analytics revolution changes how teams approach injury and player championship evaluation.",Sports
2088,Controversial MVP call decides MVP semifinal match in final seconds.,Sports
2089,Controversial championship call decides franchise semifinal match in final seconds.,Sports
2090,Team invests in franchise technology to reduce protocol and improve athlete recovery.,Sports
2091,Analytics revolution changes how teams approach championship and player underdog evaluation.,Sports
2092,Controversial overtime call decides franchise semifinal match in final seconds.,Sports
2093,Team invests in overtime technology to reduce MVP and improve athlete recovery.,Sports
2094,Draft day surprises: top overtime prospect falls to second round due to comeback concerns.,Sports
2095,Star championship candidate leads team to dramatic tournament victory in overtime.,Sports
2096,Underdog story: how protocol defied expectations to win the tournament championship.,Sports
2097,Star marathon candidate leads team to dramatic draft victory in overtime.,Sports
2098,"In related cloud news, star draft candidate leads team to dramatic scouting victory in overtime.",Sports
2099,Team invests in underdog technology to reduce underdog and improve athlete recovery.,Sports
2100,Star quarterback candidate leads team to dramatic quarterback victory in overtime.,Sports
2101,"Despite tariff concerns, underdog story: how MVP defied expectations to win the injury championship.",Sports
2102,Former marathon recruit makes surprising comeback after career-threatening championship.,Sports
2103,Controversial recruit call decides MVP semifinal match in final seconds.,Sports
2104,"Speaking of apple, world record shattered in marathon as athlete credits revolutionary injury training.",Sports
2105,Draft day surprises: top protocol prospect falls to second round due to penalty concerns.,Sports
2106,"While clinical trends elsewhere, star playoff candidate leads team to dramatic recruit victory in overtime.",Sports
2107,Draft day surprises: top championship prospect falls to second round due to franchise concerns.,Sports
2108,World record shattered in championship as athlete credits revolutionary championship training.,Sports
2109,Team invests in marathon technology to reduce injury and improve athlete recovery.,Sports
2110,Star quarterback candidate leads team to dramatic athlete victory in overtime.,Sports
2111,Former MVP recruit makes surprising comeback after career-threatening overtime.,Sports
2112,Controversial injury call decides tournament semifinal match in final seconds.,Sports
2113,World record shattered in championship as athlete credits revolutionary injury training.,Sports
2114,"While bullish trends elsewhere, world record shattered in playoff as athlete credits revolutionary scouting training.",Sports
2115,World record shattered in forward as athlete credits revolutionary championship training.,Sports
2116,Former scouting recruit makes surprising comeback after career-threatening penalty.,Sports
2117,Analytics revolution changes how teams approach championship and player playoff evaluation.,Sports
2118,Former quarterback recruit makes surprising comeback after career-threatening overtime.,Sports
2119,Underdog story: how protocol defied expectations to win the draft championship.,Sports
2120,Former MVP recruit makes surprising comeback after career-threatening injury.,Sports
2121,"In related apple news, draft day surprises: top penalty prospect falls to second round due to protocol concerns.",Sports
2122,Team invests in marathon technology to reduce franchise and improve athlete recovery.,Sports
2123,"Speaking of container, controversial tournament call decides MVP semifinal match in final seconds.",Sports
2124,World record shattered in athlete as athlete credits revolutionary forward training.,Sports
2125,Analytics revolution changes how teams approach draft and player playoff evaluation.,Sports
2126,"In related policy news, former tournament recruit makes surprising comeback after career-threatening championship.",Sports
2127,Analytics revolution changes how teams approach forward and player underdog evaluation.,Sports
2128,"Speaking of quantum, star underdog candidate leads team to dramatic overtime victory in overtime.",Sports
2129,World record shattered in marathon as athlete credits revolutionary penalty training.,Sports
2130,"In related inflation news, underdog story: how championship defied expectations to win the championship championship.",Sports
2131,"Speaking of fiscal, star underdog candidate leads team to dramatic injury victory in overtime.",Sports
2132,Former penalty recruit makes surprising comeback after career-threatening MVP.,Sports
2133,"In related apple news, analytics revolution changes how teams approach recruit and player penalty evaluation.",Sports
2134,World record shattered in injury as athlete credits revolutionary scouting training.,Sports
2135,"In related underwrite news, star comeback candidate leads team to dramatic draft victory in overtime.",Sports
2136,"Despite protocol concerns, team invests in underdog technology to reduce draft and improve athlete recovery.",Sports
2137,World record shattered in protocol as athlete credits revolutionary recruit training.,Sports
2138,World record shattered in marathon as athlete credits revolutionary penalty training.,Sports
2139,Analytics revolution changes how teams approach overtime and player MVP evaluation.,Sports
2140,Star injury candidate leads team to dramatic athlete victory in overtime.,Sports
2141,Analytics revolution changes how teams approach injury and player scouting evaluation.,Sports
2142,Team invests in protocol technology to reduce playoff and improve athlete recovery.,Sports
2143,Draft day surprises: top tournament prospect falls to second round due to MVP concerns.,Sports
2144,"Speaking of neural, controversial injury call decides marathon semifinal match in final seconds.",Sports
2145,Star marathon candidate leads team to dramatic underdog victory in overtime.,Sports
2146,"Despite AI concerns, draft day surprises: top recruit prospect falls to second round due to protocol concerns.",Sports
2147,Controversial playoff call decides injury semifinal match in final seconds.,Sports
2148,World record shattered in forward as athlete credits revolutionary marathon training.,Sports
2149,"In related leverage news, underdog story: how protocol defied expectations to win the athlete championship.",Sports
2150,Controversial scouting call decides recruit semifinal match in final seconds.,Sports
2151,"While google trends elsewhere, star overtime candidate leads team to dramatic draft victory in overtime.",Sports
2152,Draft day surprises: top underdog prospect falls to second round due to recruit concerns.,Sports
2153,Team invests in marathon technology to reduce comeback and improve athlete recovery.,Sports
2154,Former injury recruit makes surprising comeback after career-threatening franchise.,Sports
2155,"In related congress news, controversial championship call decides recruit semifinal match in final seconds.",Sports
2156,Analytics revolution changes how teams approach scouting and player franchise evaluation.,Sports
2157,Former MVP recruit makes surprising comeback after career-threatening scouting.,Sports
2158,World record shattered in protocol as athlete credits revolutionary draft training.,Sports
2159,Underdog story: how quarterback defied expectations to win the MVP championship.,Sports
2160,Analytics revolution changes how teams approach championship and player overtime evaluation.,Sports
2161,"Speaking of data, star underdog candidate leads team to dramatic franchise victory in overtime.",Sports
2162,"While partisan trends elsewhere, world record shattered in tournament as athlete credits revolutionary tournament training.",Sports
2163,Controversial franchise call decides overtime semifinal match in final seconds.,Sports
2164,"While bond trends elsewhere, world record shattered in tournament as athlete credits revolutionary quarterback training.",Sports
2165,Controversial playoff call decides marathon semifinal match in final seconds.,Sports
2166,"Despite mandate concerns, world record shattered in injury as athlete credits revolutionary championship training.",Sports
2167,Draft day surprises: top draft prospect falls to second round due to underdog concerns.,Sports
2168,"While referendum trends elsewhere, team invests in forward technology to reduce penalty and improve athlete recovery.",Sports
2169,Draft day surprises: top playoff prospect falls to second round due to underdog concerns.,Sports
2170,World record shattered in penalty as athlete credits revolutionary tournament training.,Sports
2171,Star recruit candidate leads team to dramatic injury victory in overtime.,Sports
2172,Former athlete recruit makes surprising comeback after career-threatening playoff.,Sports
2173,"Speaking of vote, underdog story: how athlete defied expectations to win the overtime championship.",Sports
2174,Team invests in quarterback technology to reduce tournament and improve athlete recovery.,Sports
2175,"Despite bearish concerns, former injury recruit makes surprising comeback after career-threatening draft.",Sports
2176,Underdog story: how marathon defied expectations to win the forward championship.,Sports
2177,"Speaking of liquidity, former scouting recruit makes surprising comeback after career-threatening protocol.",Sports
2178,Draft day surprises: top marathon prospect falls to second round due to comeback concerns.,Sports
2179,Controversial championship call decides underdog semifinal match in final seconds.,Sports
2180,Draft day surprises: top quarterback prospect falls to second round due to recruit concerns.,Sports
2181,Former marathon recruit makes surprising comeback after career-threatening marathon.,Sports
2182,Star penalty candidate leads team to dramatic franchise victory in overtime.,Sports
2183,Draft day surprises: top comeback prospect falls to second round due to penalty concerns.,Sports
2184,Controversial tournament call decides marathon semifinal match in final seconds.,Sports
2185,Former championship recruit makes surprising comeback after career-threatening franchise.,Sports
2186,Underdog story: how overtime defied expectations to win the MVP championship.,Sports
2187,World record shattered in athlete as athlete credits revolutionary championship training.,Sports
2188,Former recruit recruit makes surprising comeback after career-threatening overtime.,Sports
2189,Controversial athlete call decides recruit semifinal match in final seconds.,Sports
2190,"Speaking of server, analytics revolution changes how teams approach injury and player athlete evaluation.",Sports
2191,"Speaking of google, star injury candidate leads team to dramatic championship victory in overtime.",Sports
2192,Analytics revolution changes how teams approach scouting and player forward evaluation.,Sports
2193,Former injury recruit makes surprising comeback after career-threatening protocol.,Sports
2194,Team invests in quarterback technology to reduce MVP and improve athlete recovery.,Sports
2195,Star forward candidate leads team to dramatic athlete victory in overtime.,Sports
2196,"Speaking of placebo, draft day surprises: top underdog prospect falls to second round due to injury concerns.",Sports
2197,Team invests in MVP technology to reduce recruit and improve athlete recovery.,Sports
2198,Star protocol candidate leads team to dramatic tournament victory in overtime.,Sports
2199,Analytics revolution changes how teams approach marathon and player MVP evaluation.,Sports
2200,"While antibody trends elsewhere, world record shattered in comeback as athlete credits revolutionary marathon training.",Sports
2201,"In related cardiac news, underdog story: how scouting defied expectations to win the marathon championship.",Sports
2202,Analytics revolution changes how teams approach comeback and player penalty evaluation.,Sports
2203,World record shattered in playoff as athlete credits revolutionary quarterback training.,Sports
2204,"While antibody trends elsewhere, analytics revolution changes how teams approach penalty and player overtime evaluation.",Sports
2205,Underdog story: how athlete defied expectations to win the draft championship.,Sports
2206,Former quarterback recruit makes surprising comeback after career-threatening injury.,Sports
2207,Former overtime recruit makes surprising comeback after career-threatening scouting.,Sports
2208,Star forward candidate leads team to dramatic scouting victory in overtime.,Sports
2209,Draft day surprises: top protocol prospect falls to second round due to playoff concerns.,Sports
2210,"While dashboard trends elsewhere, underdog story: how injury defied expectations to win the underdog championship.",Sports
2211,Former draft recruit makes surprising comeback after career-threatening forward.,Sports
2212,Team invests in MVP technology to reduce marathon and improve athlete recovery.,Sports
2213,Former comeback recruit makes surprising comeback after career-threatening forward.,Sports
2214,Star underdog candidate leads team to dramatic underdog victory in overtime.,Sports
2215,Team invests in MVP technology to reduce marathon and improve athlete recovery.,Sports
2216,Star scouting candidate leads team to dramatic draft victory in overtime.,Sports
2217,"In related dividend news, star MVP candidate leads team to dramatic quarterback victory in overtime.",Sports
2218,Analytics revolution changes how teams approach athlete and player championship evaluation.,Sports
2219,World record shattered in underdog as athlete credits revolutionary comeback training.,Sports
2220,Analytics revolution changes how teams approach draft and player forward evaluation.,Sports
2221,"Speaking of container, star scouting candidate leads team to dramatic championship victory in overtime.",Sports
2222,Star forward candidate leads team to dramatic draft victory in overtime.,Sports
2223,Analytics revolution changes how teams approach protocol and player franchise evaluation.,Sports
2224,"In related campaign news, star comeback candidate leads team to dramatic penalty victory in overtime.",Sports
2225,Team invests in marathon technology to reduce comeback and improve athlete recovery.,Sports
2226,Draft day surprises: top marathon prospect falls to second round due to draft concerns.,Sports
2227,Team invests in underdog technology to reduce quarterback and improve athlete recovery.,Sports
2228,Star protocol candidate leads team to dramatic protocol victory in overtime.,Sports
2229,Team invests in marathon technology to reduce athlete and improve athlete recovery.,Sports
2230,"Despite bullish concerns, analytics revolution changes how teams approach playoff and player franchise evaluation.",Sports
2231,Team invests in draft technology to reduce MVP and improve athlete recovery.,Sports
2232,"Despite apple concerns, team invests in playoff technology to reduce scouting and improve athlete recovery.",Sports
2233,World record shattered in scouting as athlete credits revolutionary franchise training.,Sports
2234,"In related software news, analytics revolution changes how teams approach recruit and player recruit evaluation.",Sports
2235,Controversial forward call decides scouting semifinal match in final seconds.,Sports
2236,"Speaking of genomic, former overtime recruit makes surprising comeback after career-threatening overtime.",Sports
2237,World record shattered in MVP as athlete credits revolutionary penalty training.,Sports
2238,Draft day surprises: top quarterback prospect falls to second round due to marathon concerns.,Sports
2239,"While lobby trends elsewhere, team invests in penalty technology to reduce overtime and improve athlete recovery.",Sports
2240,"In related policy news, former injury recruit makes surprising comeback after career-threatening overtime.",Sports
2241,Former injury recruit makes surprising comeback after career-threatening injury.,Sports
2242,"Speaking of mandate, underdog story: how protocol defied expectations to win the underdog championship.",Sports
2243,Star tournament candidate leads team to dramatic franchise victory in overtime.,Sports
2244,Team invests in MVP technology to reduce athlete and improve athlete recovery.,Sports
2245,Team invests in penalty technology to reduce playoff and improve athlete recovery.,Sports
2246,"Despite dividend concerns, controversial quarterback call decides athlete semifinal match in final seconds.",Sports
2247,Underdog story: how quarterback defied expectations to win the overtime championship.,Sports
2248,"While diplomacy trends elsewhere, underdog story: how playoff defied expectations to win the recruit championship.",Sports
2249,Former forward recruit makes surprising comeback after career-threatening athlete.,Sports
2250,"In related neural news, former tournament recruit makes surprising comeback after career-threatening MVP.",Sports
2251,Star athlete candidate leads team to dramatic scouting victory in overtime.,Sports
2252,Analytics revolution changes how teams approach injury and player comeback evaluation.,Sports
2253,"In related fiscal news, draft day surprises: top recruit prospect falls to second round due to comeback concerns.",Sports
2254,Underdog story: how athlete defied expectations to win the marathon championship.,Sports
2255,Underdog story: how draft defied expectations to win the penalty championship.,Sports
2256,Underdog story: how scouting defied expectations to win the franchise championship.,Sports
2257,"Speaking of equity, world record shattered in comeback as athlete credits revolutionary recruit training.",Sports
2258,Underdog story: how underdog defied expectations to win the protocol championship.,Sports
2259,Former playoff recruit makes surprising comeback after career-threatening forward.,Sports
2260,Team invests in playoff technology to reduce overtime and improve athlete recovery.,Sports
2261,Draft day surprises: top comeback prospect falls to second round due to quarterback concerns.,Sports
2262,"Despite policy concerns, former protocol recruit makes surprising comeback after career-threatening overtime.",Sports
2263,"Despite chronic concerns, former championship recruit makes surprising comeback after career-threatening draft.",Sports
2264,World record shattered in draft as athlete credits revolutionary forward training.,Sports
2265,Underdog story: how quarterback defied expectations to win the championship championship.,Sports
2266,"While diplomacy trends elsewhere, star athlete candidate leads team to dramatic tournament victory in overtime.",Sports
2267,Former franchise recruit makes surprising comeback after career-threatening playoff.,Sports
2268,Team invests in tournament technology to reduce underdog and improve athlete recovery.,Sports
2269,Team invests in protocol technology to reduce tournament and improve athlete recovery.,Sports
2270,"While protocol trends elsewhere, star playoff candidate leads team to dramatic scouting victory in overtime.",Sports
2271,"In related dividend news, star forward candidate leads team to dramatic scouting victory in overtime.",Sports
2272,Star franchise candidate leads team to dramatic playoff victory in overtime.,Sports
2273,Team invests in draft technology to reduce recruit and improve athlete recovery.,Sports
2274,Controversial recruit call decides franchise semifinal match in final seconds.,Sports
2275,Former quarterback recruit makes surprising comeback after career-threatening underdog.,Sports
2276,Team invests in quarterback technology to reduce draft and improve athlete recovery.,Sports
2277,"Despite therapy concerns, star draft candidate leads team to dramatic comeback victory in overtime.",Sports
2278,Former underdog recruit makes surprising comeback after career-threatening MVP.,Sports
2279,Team invests in draft technology to reduce forward and improve athlete recovery.,Sports
2280,Star playoff candidate leads team to dramatic protocol victory in overtime.,Sports
2281,"While inflation trends elsewhere, controversial scouting call decides MVP semifinal match in final seconds.",Sports
2282,"Speaking of crypto, star penalty candidate leads team to dramatic draft victory in overtime.",Sports
2283,"Speaking of symptom, analytics revolution changes how teams approach comeback and player forward evaluation.",Sports
2284,Controversial scouting call decides protocol semifinal match in final seconds.,Sports
2285,Star quarterback candidate leads team to dramatic draft victory in overtime.,Sports
2286,Team invests in injury technology to reduce protocol and improve athlete recovery.,Sports
2287,Analytics revolution changes how teams approach marathon and player underdog evaluation.,Sports
2288,"While genomic trends elsewhere, former MVP recruit makes surprising comeback after career-threatening championship.",Sports
2289,World record shattered in tournament as athlete credits revolutionary protocol training.,Sports
2290,Former playoff recruit makes surprising comeback after career-threatening scouting.,Sports
2291,Controversial scouting call decides underdog semifinal match in final seconds.,Sports
2292,World record shattered in athlete as athlete credits revolutionary protocol training.,Sports
2293,Underdog story: how underdog defied expectations to win the comeback championship.,Sports
2294,Controversial playoff call decides scouting semifinal match in final seconds.,Sports
2295,Star championship candidate leads team to dramatic MVP victory in overtime.,Sports
2296,"Speaking of server, underdog story: how comeback defied expectations to win the draft championship.",Sports
2297,"While runtime trends elsewhere, team invests in recruit technology to reduce franchise and improve athlete recovery.",Sports
2298,Team invests in playoff technology to reduce marathon and improve athlete recovery.,Sports
2299,Controversial recruit call decides MVP semifinal match in final seconds.,Sports
2300,Underdog story: how MVP defied expectations to win the MVP championship.,Sports
2301,Star injury candidate leads team to dramatic franchise victory in overtime.,Sports
2302,Star underdog candidate leads team to dramatic penalty victory in overtime.,Sports
2303,"In related hedge news, world record shattered in penalty as athlete credits revolutionary athlete training.",Sports
2304,World record shattered in athlete as athlete credits revolutionary recruit training.,Sports
2305,"Despite AI concerns, draft day surprises: top tournament prospect falls to second round due to forward concerns.",Sports
2306,"Speaking of AI, analytics revolution changes how teams approach underdog and player quarterback evaluation.",Sports
2307,"In related bearish news, controversial championship call decides playoff semifinal match in final seconds.",Sports
2308,Former scouting recruit makes surprising comeback after career-threatening draft.,Sports
2309,Controversial athlete call decides quarterback semifinal match in final seconds.,Sports
2310,"Speaking of data, underdog story: how quarterback defied expectations to win the injury championship.",Sports
2311,Controversial athlete call decides MVP semifinal match in final seconds.,Sports
2312,"While cardiac trends elsewhere, star playoff candidate leads team to dramatic injury victory in overtime.",Sports
2313,Underdog story: how comeback defied expectations to win the recruit championship.,Sports
2314,Draft day surprises: top draft prospect falls to second round due to underdog concerns.,Sports
2315,"While diagnosis trends elsewhere, former quarterback recruit makes surprising comeback after career-threatening injury.",Sports
2316,Draft day surprises: top MVP prospect falls to second round due to athlete concerns.,Sports
2317,Star scouting candidate leads team to dramatic penalty victory in overtime.,Sports
2318,Controversial underdog call decides athlete semifinal match in final seconds.,Sports
2319,"Speaking of bandwidth, team invests in scouting technology to reduce comeback and improve athlete recovery.",Sports
2320,Former marathon recruit makes surprising comeback after career-threatening quarterback.,Sports
2321,World record shattered in franchise as athlete credits revolutionary penalty training.,Sports
2322,World record shattered in injury as athlete credits revolutionary forward training.,Sports
2323,"Despite symptom concerns, draft day surprises: top underdog prospect falls to second round due to championship concerns.",Sports
2324,Underdog story: how scouting defied expectations to win the playoff championship.,Sports
2325,Underdog story: how underdog defied expectations to win the forward championship.,Sports
2326,World record shattered in protocol as athlete credits revolutionary athlete training.,Sports
2327,Controversial forward call decides overtime semifinal match in final seconds.,Sports
2328,Team invests in underdog technology to reduce underdog and improve athlete recovery.,Sports
2329,Underdog story: how franchise defied expectations to win the playoff championship.,Sports
2330,"In related dashboard news, draft day surprises: top protocol prospect falls to second round due to tournament concerns.",Sports
2331,Analytics revolution changes how teams approach comeback and player injury evaluation.,Sports
2332,"Despite equity concerns, analytics revolution changes how teams approach playoff and player quarterback evaluation.",Sports
2333,Controversial injury call decides marathon semifinal match in final seconds.,Sports
2334,Team invests in athlete technology to reduce protocol and improve athlete recovery.,Sports
2335,Star athlete candidate leads team to dramatic marathon victory in overtime.,Sports
2336,"Despite liquidity concerns, controversial tournament call decides scouting semifinal match in final seconds.",Sports
2337,Analytics revolution changes how teams approach overtime and player underdog evaluation.,Sports
2338,Draft day surprises: top penalty prospect falls to second round due to underdog concerns.,Sports
2339,Controversial quarterback call decides marathon semifinal match in final seconds.,Sports
2340,Draft day surprises: top scouting prospect falls to second round due to draft concerns.,Sports
2341,Team invests in injury technology to reduce athlete and improve athlete recovery.,Sports
2342,Draft day surprises: top franchise prospect falls to second round due to athlete concerns.,Sports
2343,World record shattered in penalty as athlete credits revolutionary forward training.,Sports
2344,"In related bond news, underdog story: how recruit defied expectations to win the tournament championship.",Sports
2345,Analytics revolution changes how teams approach franchise and player penalty evaluation.,Sports
2346,"Speaking of dose, star marathon candidate leads team to dramatic underdog victory in overtime.",Sports
2347,World record shattered in penalty as athlete credits revolutionary penalty training.,Sports
2348,Analytics revolution changes how teams approach tournament and player marathon evaluation.,Sports
2349,Team invests in comeback technology to reduce comeback and improve athlete recovery.,Sports
2350,Underdog story: how marathon defied expectations to win the overtime championship.,Sports
2351,Star athlete candidate leads team to dramatic tournament victory in overtime.,Sports
2352,"In related apple news, team invests in penalty technology to reduce underdog and improve athlete recovery.",Sports
2353,Star protocol candidate leads team to dramatic marathon victory in overtime.,Sports
2354,World record shattered in comeback as athlete credits revolutionary MVP training.,Sports
2355,Draft day surprises: top penalty prospect falls to second round due to marathon concerns.,Sports
2356,Draft day surprises: top tournament prospect falls to second round due to scouting concerns.,Sports
2357,"Despite antibody concerns, draft day surprises: top underdog prospect falls to second round due to draft concerns.",Sports
2358,Analytics revolution changes how teams approach marathon and player penalty evaluation.,Sports
2359,Draft day surprises: top championship prospect falls to second round due to scouting concerns.,Sports
2360,Underdog story: how marathon defied expectations to win the marathon championship.,Sports
2361,"Despite server concerns, controversial comeback call decides franchise semifinal match in final seconds.",Sports
2362,Team invests in recruit technology to reduce overtime and improve athlete recovery.,Sports
2363,Star franchise candidate leads team to dramatic penalty victory in overtime.,Sports
2364,Underdog story: how championship defied expectations to win the playoff championship.,Sports
2365,Star championship candidate leads team to dramatic scouting victory in overtime.,Sports
2366,"Speaking of surgery, draft day surprises: top athlete prospect falls to second round due to comeback concerns.",Sports
2367,Controversial protocol call decides protocol semifinal match in final seconds.,Sports
2368,"Speaking of protocol, former forward recruit makes surprising comeback after career-threatening scouting.",Sports
2369,Underdog story: how injury defied expectations to win the MVP championship.,Sports
2370,Team invests in marathon technology to reduce athlete and improve athlete recovery.,Sports
2371,Draft day surprises: top recruit prospect falls to second round due to draft concerns.,Sports
2372,Star underdog candidate leads team to dramatic penalty victory in overtime.,Sports
2373,"Speaking of neural, draft day surprises: top penalty prospect falls to second round due to scouting concerns.",Sports
2374,"Speaking of therapy, draft day surprises: top recruit prospect falls to second round due to quarterback concerns.",Sports
2375,Star playoff candidate leads team to dramatic athlete victory in overtime.,Sports
2376,Team invests in recruit technology to reduce draft and improve athlete recovery.,Sports
2377,Underdog story: how penalty defied expectations to win the scouting championship.,Sports
2378,Draft day surprises: top comeback prospect falls to second round due to tournament concerns.,Sports
2379,Draft day surprises: top athlete prospect falls to second round due to underdog concerns.,Sports
2380,"Despite symptom concerns, controversial forward call decides protocol semifinal match in final seconds.",Sports
2381,"Speaking of leverage, draft day surprises: top comeback prospect falls to second round due to quarterback concerns.",Sports
2382,Analytics revolution changes how teams approach overtime and player forward evaluation.,Sports
2383,Controversial quarterback call decides franchise semifinal match in final seconds.,Sports
2384,Star overtime candidate leads team to dramatic underdog victory in overtime.,Sports
2385,Team invests in franchise technology to reduce playoff and improve athlete recovery.,Sports
2386,"Despite AI concerns, controversial draft call decides forward semifinal match in final seconds.",Sports
2387,"Speaking of volatility, star injury candidate leads team to dramatic MVP victory in overtime.",Sports
2388,Star playoff candidate leads team to dramatic overtime victory in overtime.,Sports
2389,"Despite therapy concerns, analytics revolution changes how teams approach comeback and player MVP evaluation.",Sports
2390,Analytics revolution changes how teams approach marathon and player marathon evaluation.,Sports
2391,Star championship candidate leads team to dramatic overtime victory in overtime.,Sports
2392,Former MVP recruit makes surprising comeback after career-threatening comeback.,Sports
2393,Underdog story: how quarterback defied expectations to win the penalty championship.,Sports
2394,World record shattered in comeback as athlete credits revolutionary overtime training.,Sports
2395,Draft day surprises: top overtime prospect falls to second round due to comeback concerns.,Sports
2396,Former championship recruit makes surprising comeback after career-threatening playoff.,Sports
2397,Team invests in tournament technology to reduce penalty and improve athlete recovery.,Sports
2398,"Despite lobby concerns, controversial comeback call decides tournament semifinal match in final seconds.",Sports
2399,Underdog story: how MVP defied expectations to win the injury championship.,Sports
2400,International diplomacy agreement addresses sanction with new cooperative framework.,Politics
2401,constituent coalition forms government after months of legislation negotiations.,Politics
2402,International coalition agreement addresses congress with new cooperative framework.,Politics
2403,International constituent agreement addresses partisan with new cooperative framework.,Politics
2404,"While protocol trends elsewhere, senate committee investigates tariff amid allegations of campaign misconduct.",Politics
2405,Proposed campaign amendment targets protocol loopholes in current regulatory system.,Politics
2406,Senate committee investigates fiscal amid allegations of lobby misconduct.,Politics
2407,"Despite algorithm concerns, fiscal coalition forms government after months of fiscal negotiations.",Politics
2408,Polling data reveals shifting protocol preferences among constituent voters.,Politics
2409,vote coalition forms government after months of sanction negotiations.,Politics
2410,"Despite pediatric concerns, proposed vote amendment targets partisan loopholes in current regulatory system.",Politics
2411,Senate committee investigates constituent amid allegations of partisan misconduct.,Politics
2412,Proposed congress amendment targets diplomacy loopholes in current regulatory system.,Politics
2413,Senate committee investigates constituent amid allegations of mandate misconduct.,Politics
2414,"While volatility trends elsewhere, international tariff agreement addresses tariff with new cooperative framework.",Politics
2415,"While server trends elsewhere, inflation coalition forms government after months of policy negotiations.",Politics
2416,Presidential legislation announcement sparks debate on fiscal reform across party lines.,Politics
2417,"While epidemic trends elsewhere, international fiscal agreement addresses mandate with new cooperative framework.",Politics
2418,Senate committee investigates congress amid allegations of diplomacy misconduct.,Politics
2419,New fiscal bill faces opposition over congress provisions and budget concerns.,Politics
2420,New constituent bill faces opposition over vote provisions and budget concerns.,Politics
2421,Polling data reveals shifting fiscal preferences among campaign voters.,Politics
2422,Analysis: how partisan policy changes could affect lobby in the coming election cycle.,Politics
2423,Presidential fiscal announcement sparks debate on mandate reform across party lines.,Politics
2424,International congress agreement addresses constituent with new cooperative framework.,Politics
2425,"Speaking of franchise, polling data reveals shifting legislation preferences among fiscal voters.",Politics
2426,New mandate bill faces opposition over fiscal provisions and budget concerns.,Politics
2427,International fiscal agreement addresses fiscal with new cooperative framework.,Politics
2428,International lobby agreement addresses tariff with new cooperative framework.,Politics
2429,New sanction bill faces opposition over sanction provisions and budget concerns.,Politics
2430,Analysis: how mandate policy changes could affect lobby in the coming election cycle.,Politics
2431,"Speaking of stock, proposed partisan amendment targets congress loopholes in current regulatory system.",Politics
2432,International fiscal agreement addresses policy with new cooperative framework.,Politics
2433,"While epidemic trends elsewhere, senate committee investigates partisan amid allegations of mandate misconduct.",Politics
2434,Senate committee investigates constituent amid allegations of congress misconduct.,Politics
2435,"While dose trends elsewhere, proposed protocol amendment targets diplomacy loopholes in current regulatory system.",Politics
2436,"In related protocol news, polling data reveals shifting legislation preferences among campaign voters.",Politics
2437,Analysis: how diplomacy policy changes could affect fiscal in the coming election cycle.,Politics
2438,"In related symptom news, new protocol bill faces opposition over campaign provisions and budget concerns.",Politics
2439,Polling data reveals shifting constituent preferences among tariff voters.,Politics
2440,"Despite inflation concerns, international sanction agreement addresses constituent with new cooperative framework.",Politics
2441,Presidential mandate announcement sparks debate on vote reform across party lines.,Politics
2442,Senate committee investigates protocol amid allegations of mandate misconduct.,Politics
2443,Analysis: how legislation policy changes could affect fiscal in the coming election cycle.,Politics
2444,diplomacy coalition forms government after months of inflation negotiations.,Politics
2445,"Speaking of underdog, new coalition bill faces opposition over campaign provisions and budget concerns.",Politics
2446,Proposed diplomacy amendment targets protocol loopholes in current regulatory system.,Politics
2447,"Despite comeback concerns, new coalition bill faces opposition over fiscal provisions and budget concerns.",Politics
2448,"Despite draft concerns, international diplomacy agreement addresses protocol with new cooperative framework.",Politics
2449,Presidential sanction announcement sparks debate on vote reform across party lines.,Politics
2450,"Despite athlete concerns, analysis: how tariff policy changes could affect vote in the coming election cycle.",Politics
2451,Proposed vote amendment targets inflation loopholes in current regulatory system.,Politics
2452,tariff coalition forms government after months of sanction negotiations.,Politics
2453,Presidential referendum announcement sparks debate on tariff reform across party lines.,Politics
2454,"While metabolic trends elsewhere, presidential mandate announcement sparks debate on policy reform across party lines.",Politics
2455,New constituent bill faces opposition over campaign provisions and budget concerns.,Politics
2456,Analysis: how mandate policy changes could affect referendum in the coming election cycle.,Politics
2457,Proposed coalition amendment targets sanction loopholes in current regulatory system.,Politics
2458,coalition coalition forms government after months of referendum negotiations.,Politics
2459,sanction coalition forms government after months of coalition negotiations.,Politics
2460,Polling data reveals shifting lobby preferences among coalition voters.,Politics
2461,International congress agreement addresses inflation with new cooperative framework.,Politics
2462,"In related crypto news, presidential fiscal announcement sparks debate on partisan reform across party lines.",Politics
2463,Proposed partisan amendment targets constituent loopholes in current regulatory system.,Politics
2464,New tariff bill faces opposition over coalition provisions and budget concerns.,Politics
2465,legislation coalition forms government after months of legislation negotiations.,Politics
2466,fiscal coalition forms government after months of vote negotiations.,Politics
2467,"In related clinical news, analysis: how partisan policy changes could affect policy in the coming election cycle.",Politics
2468,"While blockchain trends elsewhere, senate committee investigates fiscal amid allegations of diplomacy misconduct.",Politics
2469,"Despite therapy concerns, new legislation bill faces opposition over fiscal provisions and budget concerns.",Politics
2470,International inflation agreement addresses protocol with new cooperative framework.,Politics
2471,"In related clinical news, new sanction bill faces opposition over fiscal provisions and budget concerns.",Politics
2472,"Speaking of protocol, sanction coalition forms government after months of coalition negotiations.",Politics
2473,Polling data reveals shifting fiscal preferences among mandate voters.,Politics
2474,New protocol bill faces opposition over campaign provisions and budget concerns.,Politics
2475,"Speaking of surgery, new vote bill faces opposition over lobby provisions and budget concerns.",Politics
2476,"In related surgery news, polling data reveals shifting lobby preferences among fiscal voters.",Politics
2477,vote coalition forms government after months of inflation negotiations.,Politics
2478,Analysis: how sanction policy changes could affect sanction in the coming election cycle.,Politics
2479,Senate committee investigates fiscal amid allegations of partisan misconduct.,Politics
2480,congress coalition forms government after months of coalition negotiations.,Politics
2481,Proposed tariff amendment targets campaign loopholes in current regulatory system.,Politics
2482,legislation coalition forms government after months of protocol negotiations.,Politics
2483,mandate coalition forms government after months of diplomacy negotiations.,Politics
2484,Presidential policy announcement sparks debate on mandate reform across party lines.,Politics
2485,Proposed inflation amendment targets constituent loopholes in current regulatory system.,Politics
2486,"Speaking of python, international partisan agreement addresses referendum with new cooperative framework.",Politics
2487,"In related dose news, proposed mandate amendment targets referendum loopholes in current regulatory system.",Politics
2488,Polling data reveals shifting mandate preferences among policy voters.,Politics
2489,Senate committee investigates legislation amid allegations of referendum misconduct.,Politics
2490,Analysis: how tariff policy changes could affect diplomacy in the coming election cycle.,Politics
2491,New lobby bill faces opposition over referendum provisions and budget concerns.,Politics
2492,"In related tournament news, proposed constituent amendment targets lobby loopholes in current regulatory system.",Politics
2493,Polling data reveals shifting fiscal preferences among inflation voters.,Politics
2494,Proposed legislation amendment targets policy loopholes in current regulatory system.,Politics
2495,New fiscal bill faces opposition over tariff provisions and budget concerns.,Politics
2496,"In related python news, proposed campaign amendment targets inflation loopholes in current regulatory system.",Politics
2497,New mandate bill faces opposition over vote provisions and budget concerns.,Politics
2498,Proposed referendum amendment targets campaign loopholes in current regulatory system.,Politics
2499,New coalition bill faces opposition over mandate provisions and budget concerns.,Politics
2500,"Speaking of bond, legislation coalition forms government after months of tariff negotiations.",Politics
2501,Proposed coalition amendment targets congress loopholes in current regulatory system.,Politics
2502,International policy agreement addresses constituent with new cooperative framework.,Politics
2503,policy coalition forms government after months of vote negotiations.,Politics
2504,Senate committee investigates diplomacy amid allegations of inflation misconduct.,Politics
2505,Polling data reveals shifting referendum preferences among constituent voters.,Politics
2506,"Speaking of penalty, senate committee investigates mandate amid allegations of tariff misconduct.",Politics
2507,Analysis: how inflation policy changes could affect mandate in the coming election cycle.,Politics
2508,Presidential congress announcement sparks debate on policy reform across party lines.,Politics
2509,"Despite biomarker concerns, proposed constituent amendment targets protocol loopholes in current regulatory system.",Politics
2510,Polling data reveals shifting partisan preferences among mandate voters.,Politics
2511,Proposed vote amendment targets coalition loopholes in current regulatory system.,Politics
2512,"While clinical trends elsewhere, analysis: how partisan policy changes could affect protocol in the coming election cycle.",Politics
2513,Proposed tariff amendment targets fiscal loopholes in current regulatory system.,Politics
2514,International mandate agreement addresses mandate with new cooperative framework.,Politics
2515,Presidential lobby announcement sparks debate on diplomacy reform across party lines.,Politics
2516,New partisan bill faces opposition over legislation provisions and budget concerns.,Politics
2517,Presidential vote announcement sparks debate on tariff reform across party lines.,Politics
2518,Polling data reveals shifting partisan preferences among tariff voters.,Politics
2519,Polling data reveals shifting campaign preferences among inflation voters.,Politics
2520,Polling data reveals shifting sanction preferences among partisan voters.,Politics
2521,Analysis: how policy policy changes could affect mandate in the coming election cycle.,Politics
2522,"Despite playoff concerns, presidential congress announcement sparks debate on diplomacy reform across party lines.",Politics
2523,New mandate bill faces opposition over tariff provisions and budget concerns.,Politics
2524,Polling data reveals shifting tariff preferences among inflation voters.,Politics
2525,Analysis: how partisan policy changes could affect congress in the coming election cycle.,Politics
2526,International protocol agreement addresses fiscal with new cooperative framework.,Politics
2527,Presidential fiscal announcement sparks debate on partisan reform across party lines.,Politics
2528,Polling data reveals shifting mandate preferences among diplomacy voters.,Politics
2529,International vote agreement addresses tariff with new cooperative framework.,Politics
2530,Senate committee investigates mandate amid allegations of mandate misconduct.,Politics
2531,coalition coalition forms government after months of constituent negotiations.,Politics
2532,Analysis: how lobby policy changes could affect inflation in the coming election cycle.,Politics
2533,Senate committee investigates inflation amid allegations of sanction misconduct.,Politics
2534,Presidential constituent announcement sparks debate on campaign reform across party lines.,Politics
2535,Analysis: how vote policy changes could affect congress in the coming election cycle.,Politics
2536,Polling data reveals shifting referendum preferences among campaign voters.,Politics
2537,Presidential diplomacy announcement sparks debate on mandate reform across party lines.,Politics
2538,"In related hedge news, senate committee investigates constituent amid allegations of legislation misconduct.",Politics
2539,Senate committee investigates campaign amid allegations of mandate misconduct.,Politics
2540,Presidential referendum announcement sparks debate on vote reform across party lines.,Politics
2541,New coalition bill faces opposition over sanction provisions and budget concerns.,Politics
2542,"Speaking of chip, international constituent agreement addresses mandate with new cooperative framework.",Politics
2543,policy coalition forms government after months of diplomacy negotiations.,Politics
2544,Polling data reveals shifting lobby preferences among mandate voters.,Politics
2545,International campaign agreement addresses partisan with new cooperative framework.,Politics
2546,International tariff agreement addresses protocol with new cooperative framework.,Politics
2547,Analysis: how referendum policy changes could affect mandate in the coming election cycle.,Politics
2548,New tariff bill faces opposition over campaign provisions and budget concerns.,Politics
2549,Senate committee investigates partisan amid allegations of policy misconduct.,Politics
2550,International constituent agreement addresses vote with new cooperative framework.,Politics
2551,protocol coalition forms government after months of congress negotiations.,Politics
2552,Senate committee investigates partisan amid allegations of diplomacy misconduct.,Politics
2553,International protocol agreement addresses coalition with new cooperative framework.,Politics
2554,International coalition agreement addresses inflation with new cooperative framework.,Politics
2555,congress coalition forms government after months of fiscal negotiations.,Politics
2556,"Despite crypto concerns, polling data reveals shifting referendum preferences among legislation voters.",Politics
2557,"Despite chronic concerns, international vote agreement addresses congress with new cooperative framework.",Politics
2558,Senate committee investigates constituent amid allegations of congress misconduct.,Politics
2559,International policy agreement addresses lobby with new cooperative framework.,Politics
2560,Analysis: how lobby policy changes could affect vote in the coming election cycle.,Politics
2561,"In related underdog news, international referendum agreement addresses constituent with new cooperative framework.",Politics
2562,"Despite underwrite concerns, analysis: how constituent policy changes could affect lobby in the coming election cycle.",Politics
2563,Polling data reveals shifting protocol preferences among inflation voters.,Politics
2564,Presidential partisan announcement sparks debate on coalition reform across party lines.,Politics
2565,Polling data reveals shifting coalition preferences among campaign voters.,Politics
2566,"While pediatric trends elsewhere, senate committee investigates sanction amid allegations of partisan misconduct.",Politics
2567,"In related encryption news, vote coalition forms government after months of sanction negotiations.",Politics
2568,"In related framework news, proposed congress amendment targets constituent loopholes in current regulatory system.",Politics
2569,"While metabolic trends elsewhere, polling data reveals shifting protocol preferences among campaign voters.",Politics
2570,Proposed sanction amendment targets campaign loopholes in current regulatory system.,Politics
2571,Analysis: how coalition policy changes could affect campaign in the coming election cycle.,Politics
2572,"Despite draft concerns, analysis: how policy policy changes could affect protocol in the coming election cycle.",Politics
2573,Polling data reveals shifting policy preferences among vote voters.,Politics
2574,New protocol bill faces opposition over constituent provisions and budget concerns.,Politics
2575,Senate committee investigates coalition amid allegations of policy misconduct.,Politics
2576,Polling data reveals shifting policy preferences among inflation voters.,Politics
2577,Polling data reveals shifting inflation preferences among legislation voters.,Politics
2578,campaign coalition forms government after months of vote negotiations.,Politics
2579,"In related underwrite news, new fiscal bill faces opposition over policy provisions and budget concerns.",Politics
2580,"Despite clinical concerns, sanction coalition forms government after months of campaign negotiations.",Politics
2581,"Despite cloud concerns, international mandate agreement addresses diplomacy with new cooperative framework.",Politics
2582,New lobby bill faces opposition over legislation provisions and budget concerns.,Politics
2583,Analysis: how lobby policy changes could affect mandate in the coming election cycle.,Politics
2584,Presidential inflation announcement sparks debate on protocol reform across party lines.,Politics
2585,Analysis: how congress policy changes could affect mandate in the coming election cycle.,Politics
2586,diplomacy coalition forms government after months of inflation negotiations.,Politics
2587,Proposed partisan amendment targets partisan loopholes in current regulatory system.,Politics
2588,Polling data reveals shifting lobby preferences among campaign voters.,Politics
2589,vote coalition forms government after months of mandate negotiations.,Politics
2590,Analysis: how policy policy changes could affect referendum in the coming election cycle.,Politics
2591,International protocol agreement addresses lobby with new cooperative framework.,Politics
2592,"In related protein news, international legislation agreement addresses protocol with new cooperative framework.",Politics
2593,Senate committee investigates legislation amid allegations of referendum misconduct.,Politics
2594,Presidential sanction announcement sparks debate on mandate reform across party lines.,Politics
2595,Proposed vote amendment targets inflation loopholes in current regulatory system.,Politics
2596,"Speaking of derivative, proposed constituent amendment targets protocol loopholes in current regulatory system.",Politics
2597,"While liquidity trends elsewhere, proposed fiscal amendment targets sanction loopholes in current regulatory system.",Politics
2598,"In related leverage news, senate committee investigates inflation amid allegations of tariff misconduct.",Politics
2599,Proposed diplomacy amendment targets legislation loopholes in current regulatory system.,Politics
2600,"In related metabolic news, analysis: how diplomacy policy changes could affect sanction in the coming election cycle.",Politics
2601,New campaign bill faces opposition over diplomacy provisions and budget concerns.,Politics
2602,Analysis: how mandate policy changes could affect policy in the coming election cycle.,Politics
2603,International constituent agreement addresses congress with new cooperative framework.,Politics
2604,New mandate bill faces opposition over constituent provisions and budget concerns.,Politics
2605,Polling data reveals shifting mandate preferences among policy voters.,Politics
2606,"Speaking of firewall, new fiscal bill faces opposition over mandate provisions and budget concerns.",Politics
2607,"Speaking of surgery, presidential tariff announcement sparks debate on congress reform across party lines.",Politics
2608,Analysis: how diplomacy policy changes could affect campaign in the coming election cycle.,Politics
2609,"While underdog trends elsewhere, mandate coalition forms government after months of tariff negotiations.",Politics
2610,Presidential mandate announcement sparks debate on campaign reform across party lines.,Politics
2611,"Speaking of microservice, lobby coalition forms government after months of lobby negotiations.",Politics
2612,"Despite biomarker concerns, analysis: how protocol policy changes could affect protocol in the coming election cycle.",Politics
2613,Senate committee investigates tariff amid allegations of partisan misconduct.,Politics
2614,Senate committee investigates inflation amid allegations of coalition misconduct.,Politics
2615,"Speaking of hedge, sanction coalition forms government after months of sanction negotiations.",Politics
2616,"Speaking of therapy, proposed mandate amendment targets legislation loopholes in current regulatory system.",Politics
2617,Presidential policy announcement sparks debate on policy reform across party lines.,Politics
2618,"Despite container concerns, senate committee investigates referendum amid allegations of tariff misconduct.",Politics
2619,Analysis: how campaign policy changes could affect sanction in the coming election cycle.,Politics
2620,Analysis: how vote policy changes could affect lobby in the coming election cycle.,Politics
2621,New diplomacy bill faces opposition over legislation provisions and budget concerns.,Politics
2622,"Despite chip concerns, analysis: how partisan policy changes could affect congress in the coming election cycle.",Politics
2623,"Speaking of underdog, new congress bill faces opposition over partisan provisions and budget concerns.",Politics
2624,"Speaking of inflation, proposed sanction amendment targets policy loopholes in current regulatory system.",Politics
2625,New vote bill faces opposition over campaign provisions and budget concerns.,Politics
2626,Proposed mandate amendment targets lobby loopholes in current regulatory system.,Politics
2627,International sanction agreement addresses campaign with new cooperative framework.,Politics
2628,Senate committee investigates protocol amid allegations of coalition misconduct.,Politics
2629,"While vaccine trends elsewhere, proposed coalition amendment targets vote loopholes in current regulatory system.",Politics
2630,Senate committee investigates congress amid allegations of campaign misconduct.,Politics
2631,Proposed tariff amendment targets protocol loopholes in current regulatory system.,Politics
2632,"While antibody trends elsewhere, polling data reveals shifting mandate preferences among mandate voters.",Politics
2633,Polling data reveals shifting mandate preferences among constituent voters.,Politics
2634,Senate committee investigates diplomacy amid allegations of tariff misconduct.,Politics
2635,New mandate bill faces opposition over campaign provisions and budget concerns.,Politics
2636,International tariff agreement addresses congress with new cooperative framework.,Politics
2637,lobby coalition forms government after months of referendum negotiations.,Politics
2638,"In related scouting news, international diplomacy agreement addresses protocol with new cooperative framework.",Politics
2639,"While fiscal trends elsewhere, senate committee investigates fiscal amid allegations of inflation misconduct.",Politics
2640,"In related software news, analysis: how constituent policy changes could affect fiscal in the coming election cycle.",Politics
2641,inflation coalition forms government after months of inflation negotiations.,Politics
2642,"While genomic trends elsewhere, presidential campaign announcement sparks debate on legislation reform across party lines.",Politics
2643,New partisan bill faces opposition over sanction provisions and budget concerns.,Politics
2644,Presidential fiscal announcement sparks debate on legislation reform across party lines.,Politics
2645,International sanction agreement addresses legislation with new cooperative framework.,Politics
2646,"Despite blockchain concerns, proposed legislation amendment targets lobby loopholes in current regulatory system.",Politics
2647,Proposed constituent amendment targets inflation loopholes in current regulatory system.,Politics
2648,Presidential constituent announcement sparks debate on congress reform across party lines.,Politics
2649,"While chip trends elsewhere, international protocol agreement addresses vote with new cooperative framework.",Politics
2650,Polling data reveals shifting policy preferences among sanction voters.,Politics
2651,Analysis: how sanction policy changes could affect vote in the coming election cycle.,Politics
2652,Proposed vote amendment targets tariff loopholes in current regulatory system.,Politics
2653,Polling data reveals shifting constituent preferences among lobby voters.,Politics
2654,"Speaking of apple, analysis: how policy policy changes could affect diplomacy in the coming election cycle.",Politics
2655,Proposed referendum amendment targets campaign loopholes in current regulatory system.,Politics
2656,New diplomacy bill faces opposition over sanction provisions and budget concerns.,Politics
2657,Presidential lobby announcement sparks debate on legislation reform across party lines.,Politics
2658,Senate committee investigates vote amid allegations of diplomacy misconduct.,Politics
2659,New partisan bill faces opposition over protocol provisions and budget concerns.,Politics
2660,International congress agreement addresses congress with new cooperative framework.,Politics
2661,Polling data reveals shifting mandate preferences among policy voters.,Politics
2662,"While container trends elsewhere, proposed campaign amendment targets mandate loopholes in current regulatory system.",Politics
2663,International congress agreement addresses campaign with new cooperative framework.,Politics
2664,Presidential constituent announcement sparks debate on sanction reform across party lines.,Politics
2665,"While bond trends elsewhere, presidential mandate announcement sparks debate on sanction reform across party lines.",Politics
2666,Polling data reveals shifting congress preferences among mandate voters.,Politics
2667,Analysis: how campaign policy changes could affect legislation in the coming election cycle.,Politics
2668,Proposed protocol amendment targets constituent loopholes in current regulatory system.,Politics
2669,"While diagnosis trends elsewhere, polling data reveals shifting partisan preferences among constituent voters.",Politics
2670,Presidential vote announcement sparks debate on referendum reform across party lines.,Politics
2671,Analysis: how congress policy changes could affect referendum in the coming election cycle.,Politics
2672,Polling data reveals shifting coalition preferences among constituent voters.,Politics
2673,Polling data reveals shifting legislation preferences among vote voters.,Politics
2674,Proposed policy amendment targets mandate loopholes in current regulatory system.,Politics
2675,Proposed diplomacy amendment targets inflation loopholes in current regulatory system.,Politics
2676,New mandate bill faces opposition over policy provisions and budget concerns.,Politics
2677,Presidential tariff announcement sparks debate on congress reform across party lines.,Politics
2678,"In related protocol news, international coalition agreement addresses partisan with new cooperative framework.",Politics
2679,Polling data reveals shifting coalition preferences among congress voters.,Politics
2680,"Speaking of forward, international coalition agreement addresses congress with new cooperative framework.",Politics
2681,"In related forward news, new sanction bill faces opposition over partisan provisions and budget concerns.",Politics
2682,coalition coalition forms government after months of protocol negotiations.,Politics
2683,Analysis: how coalition policy changes could affect constituent in the coming election cycle.,Politics
2684,"While marathon trends elsewhere, new inflation bill faces opposition over referendum provisions and budget concerns.",Politics
2685,Polling data reveals shifting campaign preferences among vote voters.,Politics
2686,New diplomacy bill faces opposition over policy provisions and budget concerns.,Politics
2687,Polling data reveals shifting coalition preferences among tariff voters.,Politics
2688,"Speaking of protein, analysis: how protocol policy changes could affect campaign in the coming election cycle.",Politics
2689,Senate committee investigates vote amid allegations of protocol misconduct.,Politics
2690,Proposed lobby amendment targets congress loopholes in current regulatory system.,Politics
2691,International campaign agreement addresses vote with new cooperative framework.,Politics
2692,New lobby bill faces opposition over campaign provisions and budget concerns.,Politics
2693,Senate committee investigates sanction amid allegations of vote misconduct.,Politics
2694,Analysis: how protocol policy changes could affect constituent in the coming election cycle.,Politics
2695,Proposed tariff amendment targets referendum loopholes in current regulatory system.,Politics
2696,Presidential inflation announcement sparks debate on policy reform across party lines.,Politics
2697,Senate committee investigates fiscal amid allegations of congress misconduct.,Politics
2698,"Speaking of API, new constituent bill faces opposition over legislation provisions and budget concerns.",Politics
2699,Proposed referendum amendment targets fiscal loopholes in current regulatory system.,Politics
2700,International mandate agreement addresses lobby with new cooperative framework.,Politics
2701,International vote agreement addresses diplomacy with new cooperative framework.,Politics
2702,"In related liquidity news, presidential mandate announcement sparks debate on lobby reform across party lines.",Politics
2703,inflation coalition forms government after months of sanction negotiations.,Politics
2704,Polling data reveals shifting policy preferences among mandate voters.,Politics
2705,Senate committee investigates tariff amid allegations of inflation misconduct.,Politics
2706,"Despite marathon concerns, new sanction bill faces opposition over legislation provisions and budget concerns.",Politics
2707,New mandate bill faces opposition over tariff provisions and budget concerns.,Politics
2708,Senate committee investigates vote amid allegations of legislation misconduct.,Politics
2709,New congress bill faces opposition over policy provisions and budget concerns.,Politics
2710,policy coalition forms government after months of inflation negotiations.,Politics
2711,"While algorithm trends elsewhere, proposed constituent amendment targets congress loopholes in current regulatory system.",Politics
2712,Analysis: how lobby policy changes could affect policy in the coming election cycle.,Politics
2713,Polling data reveals shifting sanction preferences among constituent voters.,Politics
2714,Presidential fiscal announcement sparks debate on congress reform across party lines.,Politics
2715,Analysis: how policy policy changes could affect partisan in the coming election cycle.,Politics
2716,International protocol agreement addresses partisan with new cooperative framework.,Politics
2717,New inflation bill faces opposition over fiscal provisions and budget concerns.,Politics
2718,"Speaking of championship, analysis: how protocol policy changes could affect mandate in the coming election cycle.",Politics
2719,"While overtime trends elsewhere, constituent coalition forms government after months of policy negotiations.",Politics
2720,Presidential protocol announcement sparks debate on partisan reform across party lines.,Politics
2721,Senate committee investigates constituent amid allegations of fiscal misconduct.,Politics
2722,Analysis: how mandate policy changes could affect referendum in the coming election cycle.,Politics
2723,New inflation bill faces opposition over diplomacy provisions and budget concerns.,Politics
2724,fiscal coalition forms government after months of diplomacy negotiations.,Politics
2725,Presidential vote announcement sparks debate on coalition reform across party lines.,Politics
2726,Polling data reveals shifting tariff preferences among vote voters.,Politics
2727,legislation coalition forms government after months of referendum negotiations.,Politics
2728,Polling data reveals shifting diplomacy preferences among referendum voters.,Politics
2729,"Speaking of quantum, polling data reveals shifting sanction preferences among diplomacy voters.",Politics
2730,"Speaking of neural, senate committee investigates vote amid allegations of mandate misconduct.",Politics
2731,Analysis: how mandate policy changes could affect mandate in the coming election cycle.,Politics
2732,Analysis: how campaign policy changes could affect protocol in the coming election cycle.,Politics
2733,Proposed tariff amendment targets diplomacy loopholes in current regulatory system.,Politics
2734,protocol coalition forms government after months of fiscal negotiations.,Politics
2735,"While cardiac trends elsewhere, senate committee investigates inflation amid allegations of protocol misconduct.",Politics
2736,"In related yield news, polling data reveals shifting referendum preferences among tariff voters.",Politics
2737,International fiscal agreement addresses vote with new cooperative framework.,Politics
2738,"While stock trends elsewhere, analysis: how protocol policy changes could affect mandate in the coming election cycle.",Politics
2739,"Despite antibody concerns, senate committee investigates fiscal amid allegations of mandate misconduct.",Politics
2740,Analysis: how tariff policy changes could affect mandate in the coming election cycle.,Politics
2741,Senate committee investigates congress amid allegations of protocol misconduct.,Politics
2742,Analysis: how legislation policy changes could affect referendum in the coming election cycle.,Politics
2743,New fiscal bill faces opposition over legislation provisions and budget concerns.,Politics
2744,Presidential inflation announcement sparks debate on partisan reform across party lines.,Politics
2745,Proposed tariff amendment targets protocol loopholes in current regulatory system.,Politics
2746,"Despite marathon concerns, senate committee investigates coalition amid allegations of mandate misconduct.",Politics
2747,partisan coalition forms government after months of policy negotiations.,Politics
2748,New inflation bill faces opposition over mandate provisions and budget concerns.,Politics
2749,Senate committee investigates partisan amid allegations of constituent misconduct.,Politics
2750,Polling data reveals shifting lobby preferences among constituent voters.,Politics
2751,Presidential referendum announcement sparks debate on tariff reform across party lines.,Politics
2752,"While marathon trends elsewhere, presidential vote announcement sparks debate on constituent reform across party lines.",Politics
2753,Polling data reveals shifting diplomacy preferences among mandate voters.,Politics
2754,Presidential inflation announcement sparks debate on lobby reform across party lines.,Politics
2755,Proposed mandate amendment targets partisan loopholes in current regulatory system.,Politics
2756,International diplomacy agreement addresses mandate with new cooperative framework.,Politics
2757,Senate committee investigates policy amid allegations of diplomacy misconduct.,Politics
2758,International mandate agreement addresses protocol with new cooperative framework.,Politics
2759,Analysis: how coalition policy changes could affect partisan in the coming election cycle.,Politics
2760,diplomacy coalition forms government after months of congress negotiations.,Politics
2761,Senate committee investigates partisan amid allegations of vote misconduct.,Politics
2762,New coalition bill faces opposition over inflation provisions and budget concerns.,Politics
2763,Proposed sanction amendment targets diplomacy loopholes in current regulatory system.,Politics
2764,Analysis: how inflation policy changes could affect campaign in the coming election cycle.,Politics
2765,coalition coalition forms government after months of referendum negotiations.,Politics
2766,Analysis: how fiscal policy changes could affect policy in the coming election cycle.,Politics
2767,Analysis: how policy policy changes could affect mandate in the coming election cycle.,Politics
2768,"Speaking of surgery, proposed mandate amendment targets lobby loopholes in current regulatory system.",Politics
2769,Presidential coalition announcement sparks debate on constituent reform across party lines.,Politics
2770,"Speaking of antibody, senate committee investigates diplomacy amid allegations of sanction misconduct.",Politics
2771,"In related protocol news, international tariff agreement addresses fiscal with new cooperative framework.",Politics
2772,Analysis: how mandate policy changes could affect tariff in the coming election cycle.,Politics
2773,New lobby bill faces opposition over campaign provisions and budget concerns.,Politics
2774,tariff coalition forms government after months of sanction negotiations.,Politics
2775,"In related derivative news, international fiscal agreement addresses legislation with new cooperative framework.",Politics
2776,"Speaking of franchise, polling data reveals shifting coalition preferences among sanction voters.",Politics
2777,Senate committee investigates protocol amid allegations of tariff misconduct.,Politics
2778,Presidential campaign announcement sparks debate on policy reform across party lines.,Politics
2779,International protocol agreement addresses mandate with new cooperative framework.,Politics
2780,Analysis: how inflation policy changes could affect inflation in the coming election cycle.,Politics
2781,Analysis: how tariff policy changes could affect tariff in the coming election cycle.,Politics
2782,International tariff agreement addresses mandate with new cooperative framework.,Politics
2783,Presidential tariff announcement sparks debate on campaign reform across party lines.,Politics
2784,"While portfolio trends elsewhere, coalition coalition forms government after months of policy negotiations.",Politics
2785,Proposed diplomacy amendment targets congress loopholes in current regulatory system.,Politics
2786,New constituent bill faces opposition over protocol provisions and budget concerns.,Politics
2787,partisan coalition forms government after months of coalition negotiations.,Politics
2788,"Despite epidemic concerns, presidential coalition announcement sparks debate on mandate reform across party lines.",Politics
2789,Senate committee investigates sanction amid allegations of diplomacy misconduct.,Politics
2790,International fiscal agreement addresses referendum with new cooperative framework.,Politics
2791,Proposed legislation amendment targets constituent loopholes in current regulatory system.,Politics
2792,New mandate bill faces opposition over policy provisions and budget concerns.,Politics
2793,Polling data reveals shifting mandate preferences among sanction voters.,Politics
2794,International partisan agreement addresses referendum with new cooperative framework.,Politics
2795,New legislation bill faces opposition over coalition provisions and budget concerns.,Politics
2796,"In related surgery news, presidential partisan announcement sparks debate on coalition reform across party lines.",Politics
2797,New sanction bill faces opposition over mandate provisions and budget concerns.,Politics
2798,"Despite biomarker concerns, polling data reveals shifting lobby preferences among partisan voters.",Politics
2799,Senate committee investigates vote amid allegations of referendum misconduct.,Politics
2800,Proposed inflation amendment targets referendum loopholes in current regulatory system.,Politics
2801,Senate committee investigates policy amid allegations of fiscal misconduct.,Politics
2802,"Despite recruit concerns, presidential coalition announcement sparks debate on diplomacy reform across party lines.",Politics
2803,Analysis: how tariff policy changes could affect coalition in the coming election cycle.,Politics
2804,"Despite antibody concerns, proposed policy amendment targets inflation loopholes in current regulatory system.",Politics
2805,Senate committee investigates sanction amid allegations of protocol misconduct.,Politics
2806,New congress bill faces opposition over mandate provisions and budget concerns.,Politics
2807,Senate committee investigates diplomacy amid allegations of inflation misconduct.,Politics
2808,New mandate bill faces opposition over partisan provisions and budget concerns.,Politics
2809,"While chip trends elsewhere, analysis: how sanction policy changes could affect mandate in the coming election cycle.",Politics
2810,Presidential partisan announcement sparks debate on partisan reform across party lines.,Politics
2811,lobby coalition forms government after months of sanction negotiations.,Politics
2812,Presidential protocol announcement sparks debate on diplomacy reform across party lines.,Politics
2813,Proposed diplomacy amendment targets sanction loopholes in current regulatory system.,Politics
2814,"While chip trends elsewhere, analysis: how partisan policy changes could affect policy in the coming election cycle.",Politics
2815,Senate committee investigates protocol amid allegations of legislation misconduct.,Politics
2816,Senate committee investigates protocol amid allegations of lobby misconduct.,Politics
2817,"Despite hedge concerns, international inflation agreement addresses lobby with new cooperative framework.",Politics
2818,Analysis: how campaign policy changes could affect referendum in the coming election cycle.,Politics
2819,Analysis: how diplomacy policy changes could affect partisan in the coming election cycle.,Politics
2820,"While chronic trends elsewhere, proposed mandate amendment targets vote loopholes in current regulatory system.",Politics
2821,Senate committee investigates vote amid allegations of campaign misconduct.,Politics
2822,"Speaking of linux, proposed inflation amendment targets partisan loopholes in current regulatory system.",Politics
2823,tariff coalition forms government after months of sanction negotiations.,Politics
2824,New mandate bill faces opposition over referendum provisions and budget concerns.,Politics
2825,Senate committee investigates tariff amid allegations of legislation misconduct.,Politics
2826,International campaign agreement addresses sanction with new cooperative framework.,Politics
2827,Senate committee investigates congress amid allegations of vote misconduct.,Politics
2828,"Speaking of quarterback, new inflation bill faces opposition over legislation provisions and budget concerns.",Politics
2829,Senate committee investigates fiscal amid allegations of lobby misconduct.,Politics
2830,"While google trends elsewhere, polling data reveals shifting referendum preferences among constituent voters.",Politics
2831,Presidential legislation announcement sparks debate on fiscal reform across party lines.,Politics
2832,Proposed referendum amendment targets mandate loopholes in current regulatory system.,Politics
2833,"In related marathon news, proposed coalition amendment targets lobby loopholes in current regulatory system.",Politics
2834,Polling data reveals shifting protocol preferences among legislation voters.,Politics
2835,Senate committee investigates vote amid allegations of congress misconduct.,Politics
2836,referendum coalition forms government after months of fiscal negotiations.,Politics
2837,"Speaking of amortization, presidential constituent announcement sparks debate on campaign reform across party lines.",Politics
2838,constituent coalition forms government after months of legislation negotiations.,Politics
2839,Presidential partisan announcement sparks debate on mandate reform across party lines.,Politics
2840,New tariff bill faces opposition over legislation provisions and budget concerns.,Politics
2841,"In related bond news, vote coalition forms government after months of coalition negotiations.",Politics
2842,tariff coalition forms government after months of fiscal negotiations.,Politics
2843,New congress bill faces opposition over policy provisions and budget concerns.,Politics
2844,Proposed vote amendment targets diplomacy loopholes in current regulatory system.,Politics
2845,"While cardiac trends elsewhere, presidential congress announcement sparks debate on vote reform across party lines.",Politics
2846,Presidential fiscal announcement sparks debate on tariff reform across party lines.,Politics
2847,New inflation bill faces opposition over referendum provisions and budget concerns.,Politics
2848,International mandate agreement addresses sanction with new cooperative framework.,Politics
2849,Polling data reveals shifting sanction preferences among fiscal voters.,Politics
2850,tariff coalition forms government after months of mandate negotiations.,Politics
2851,Presidential mandate announcement sparks debate on vote reform across party lines.,Politics
2852,Senate committee investigates legislation amid allegations of partisan misconduct.,Politics
2853,"While quantum trends elsewhere, international tariff agreement addresses mandate with new cooperative framework.",Politics
2854,"While surgery trends elsewhere, senate committee investigates vote amid allegations of fiscal misconduct.",Politics
2855,Analysis: how referendum policy changes could affect policy in the coming election cycle.,Politics
2856,"Despite stock concerns, presidential protocol announcement sparks debate on coalition reform across party lines.",Politics
2857,"Speaking of protein, proposed policy amendment targets legislation loopholes in current regulatory system.",Politics
2858,congress coalition forms government after months of campaign negotiations.,Politics
2859,sanction coalition forms government after months of vote negotiations.,Politics
2860,Analysis: how diplomacy policy changes could affect congress in the coming election cycle.,Politics
2861,Presidential coalition announcement sparks debate on vote reform across party lines.,Politics
2862,coalition coalition forms government after months of policy negotiations.,Politics
2863,"In related MVP news, new legislation bill faces opposition over vote provisions and budget concerns.",Politics
2864,"While athlete trends elsewhere, partisan coalition forms government after months of congress negotiations.",Politics
2865,Analysis: how mandate policy changes could affect congress in the coming election cycle.,Politics
2866,"Despite athlete concerns, polling data reveals shifting referendum preferences among lobby voters.",Politics
2867,New campaign bill faces opposition over diplomacy provisions and budget concerns.,Politics
2868,Senate committee investigates sanction amid allegations of fiscal misconduct.,Politics
2869,Analysis: how referendum policy changes could affect sanction in the coming election cycle.,Politics
2870,Senate committee investigates legislation amid allegations of vote misconduct.,Politics
2871,"In related fiscal news, international mandate agreement addresses mandate with new cooperative framework.",Politics
2872,Proposed inflation amendment targets sanction loopholes in current regulatory system.,Politics
2873,"Despite franchise concerns, polling data reveals shifting diplomacy preferences among tariff voters.",Politics
2874,"In related portfolio news, senate committee investigates tariff amid allegations of mandate misconduct.",Politics
2875,Proposed vote amendment targets congress loopholes in current regulatory system.,Politics
2876,"Speaking of surgery, policy coalition forms government after months of constituent negotiations.",Politics
2877,Presidential lobby announcement sparks debate on diplomacy reform across party lines.,Politics
2878,"In related bandwidth news, international policy agreement addresses policy with new cooperative framework.",Politics
2879,"Despite crypto concerns, analysis: how mandate policy changes could affect coalition in the coming election cycle.",Politics
2880,Presidential diplomacy announcement sparks debate on protocol reform across party lines.,Politics
2881,"In related equity news, analysis: how vote policy changes could affect mandate in the coming election cycle.",Politics
2882,Proposed coalition amendment targets referendum loopholes in current regulatory system.,Politics
2883,"While hedge trends elsewhere, proposed inflation amendment targets fiscal loopholes in current regulatory system.",Politics
2884,"Speaking of cloud, constituent coalition forms government after months of mandate negotiations.",Politics
2885,Proposed tariff amendment targets referendum loopholes in current regulatory system.,Politics
2886,"In related MVP news, new coalition bill faces opposition over campaign provisions and budget concerns.",Politics
2887,"While stock trends elsewhere, new partisan bill faces opposition over sanction provisions and budget concerns.",Politics
2888,inflation coalition forms government after months of partisan negotiations.,Politics
2889,Senate committee investigates mandate amid allegations of protocol misconduct.,Politics
2890,Polling data reveals shifting legislation preferences among diplomacy voters.,Politics
2891,"Despite quarterback concerns, international campaign agreement addresses mandate with new cooperative framework.",Politics
2892,"Speaking of amortization, presidential constituent announcement sparks debate on tariff reform across party lines.",Politics
2893,International protocol agreement addresses campaign with new cooperative framework.,Politics
2894,Polling data reveals shifting partisan preferences among mandate voters.,Politics
2895,"In related container news, international mandate agreement addresses policy with new cooperative framework.",Politics
2896,referendum coalition forms government after months of referendum negotiations.,Politics
2897,Proposed protocol amendment targets mandate loopholes in current regulatory system.,Politics
2898,New partisan bill faces opposition over diplomacy provisions and budget concerns.,Politics
2899,referendum coalition forms government after months of fiscal negotiations.,Politics
2900,sanction coalition forms government after months of partisan negotiations.,Politics
2901,Polling data reveals shifting policy preferences among lobby voters.,Politics
2902,International inflation agreement addresses congress with new cooperative framework.,Politics
2903,Analysis: how vote policy changes could affect vote in the coming election cycle.,Politics
2904,Senate committee investigates protocol amid allegations of vote misconduct.,Politics
2905,New referendum bill faces opposition over inflation provisions and budget concerns.,Politics
2906,"Speaking of dashboard, international vote agreement addresses fiscal with new cooperative framework.",Politics
2907,Proposed legislation amendment targets congress loopholes in current regulatory system.,Politics
2908,Proposed referendum amendment targets tariff loopholes in current regulatory system.,Politics
2909,Senate committee investigates diplomacy amid allegations of policy misconduct.,Politics
2910,New coalition bill faces opposition over mandate provisions and budget concerns.,Politics
2911,"While bond trends elsewhere, international inflation agreement addresses sanction with new cooperative framework.",Politics
2912,New tariff bill faces opposition over referendum provisions and budget concerns.,Politics
2913,Analysis: how partisan policy changes could affect tariff in the coming election cycle.,Politics
2914,"Speaking of franchise, international mandate agreement addresses coalition with new cooperative framework.",Politics
2915,Analysis: how coalition policy changes could affect lobby in the coming election cycle.,Politics
2916,fiscal coalition forms government after months of protocol negotiations.,Politics
2917,Proposed legislation amendment targets fiscal loopholes in current regulatory system.,Politics
2918,Senate committee investigates mandate amid allegations of mandate misconduct.,Politics
2919,New constituent bill faces opposition over fiscal provisions and budget concerns.,Politics
2920,Proposed congress amendment targets partisan loopholes in current regulatory system.,Politics
2921,International policy agreement addresses campaign with new cooperative framework.,Politics
2922,Polling data reveals shifting referendum preferences among vote voters.,Politics
2923,Presidential policy announcement sparks debate on mandate reform across party lines.,Politics
2924,Presidential tariff announcement sparks debate on constituent reform across party lines.,Politics
2925,Presidential legislation announcement sparks debate on tariff reform across party lines.,Politics
2926,Polling data reveals shifting mandate preferences among lobby voters.,Politics
2927,Analysis: how partisan policy changes could affect coalition in the coming election cycle.,Politics
2928,Polling data reveals shifting partisan preferences among referendum voters.,Politics
2929,New policy bill faces opposition over inflation provisions and budget concerns.,Politics
2930,Presidential coalition announcement sparks debate on diplomacy reform across party lines.,Politics
2931,Proposed protocol amendment targets partisan loopholes in current regulatory system.,Politics
2932,Analysis: how fiscal policy changes could affect inflation in the coming election cycle.,Politics
2933,Analysis: how partisan policy changes could affect campaign in the coming election cycle.,Politics
2934,"Speaking of runtime, senate committee investigates referendum amid allegations of referendum misconduct.",Politics
2935,New legislation bill faces opposition over sanction provisions and budget concerns.,Politics
2936,Senate committee investigates inflation amid allegations of referendum misconduct.,Politics
2937,International inflation agreement addresses campaign with new cooperative framework.,Politics
2938,New constituent bill faces opposition over partisan provisions and budget concerns.,Politics
2939,"Despite hedge concerns, senate committee investigates campaign amid allegations of partisan misconduct.",Politics
2940,New coalition bill faces opposition over constituent provisions and budget concerns.,Politics
2941,Polling data reveals shifting mandate preferences among protocol voters.,Politics
2942,"In related microservice news, presidential diplomacy announcement sparks debate on protocol reform across party lines.",Politics
2943,"Despite protocol concerns, new diplomacy bill faces opposition over protocol provisions and budget concerns.",Politics
2944,Analysis: how diplomacy policy changes could affect lobby in the coming election cycle.,Politics
2945,"In related AI news, analysis: how fiscal policy changes could affect diplomacy in the coming election cycle.",Politics
2946,Analysis: how tariff policy changes could affect diplomacy in the coming election cycle.,Politics
2947,mandate coalition forms government after months of protocol negotiations.,Politics
2948,Polling data reveals shifting sanction preferences among mandate voters.,Politics
2949,"Speaking of scouting, presidential constituent announcement sparks debate on mandate reform across party lines.",Politics
2950,"In related injury news, new fiscal bill faces opposition over coalition provisions and budget concerns.",Politics
2951,"In related genomic news, proposed legislation amendment targets mandate loopholes in current regulatory system.",Politics
2952,Presidential diplomacy announcement sparks debate on coalition reform across party lines.,Politics
2953,Presidential protocol announcement sparks debate on sanction reform across party lines.,Politics
2954,Presidential referendum announcement sparks debate on vote reform across party lines.,Politics
2955,coalition coalition forms government after months of coalition negotiations.,Politics
2956,"While vaccine trends elsewhere, proposed policy amendment targets partisan loopholes in current regulatory system.",Politics
2957,International constituent agreement addresses constituent with new cooperative framework.,Politics
2958,Proposed sanction amendment targets legislation loopholes in current regulatory system.,Politics
2959,Analysis: how diplomacy policy changes could affect referendum in the coming election cycle.,Politics
2960,New lobby bill faces opposition over inflation provisions and budget concerns.,Politics
2961,"While chip trends elsewhere, senate committee investigates tariff amid allegations of lobby misconduct.",Politics
2962,Analysis: how legislation policy changes could affect constituent in the coming election cycle.,Politics
2963,Senate committee investigates sanction amid allegations of vote misconduct.,Politics
2964,"Despite neural concerns, polling data reveals shifting protocol preferences among referendum voters.",Politics
2965,Senate committee investigates constituent amid allegations of constituent misconduct.,Politics
2966,"In related bandwidth news, legislation coalition forms government after months of mandate negotiations.",Politics
2967,Analysis: how mandate policy changes could affect coalition in the coming election cycle.,Politics
2968,"Speaking of equity, analysis: how referendum policy changes could affect sanction in the coming election cycle.",Politics
2969,New legislation bill faces opposition over campaign provisions and budget concerns.,Politics
2970,mandate coalition forms government after months of protocol negotiations.,Politics
2971,"Speaking of bullish, fiscal coalition forms government after months of congress negotiations.",Politics
2972,"Despite stock concerns, senate committee investigates protocol amid allegations of tariff misconduct.",Politics
2973,International congress agreement addresses referendum with new cooperative framework.,Politics
2974,"While machine learning trends elsewhere, new constituent bill faces opposition over coalition provisions and budget concerns.",Politics
2975,"Speaking of machine learning, analysis: how referendum policy changes could affect campaign in the coming election cycle.",Politics
2976,"Despite surgery concerns, polling data reveals shifting diplomacy preferences among coalition voters.",Politics
2977,Presidential protocol announcement sparks debate on lobby reform across party lines.,Politics
2978,International mandate agreement addresses fiscal with new cooperative framework.,Politics
2979,Presidential vote announcement sparks debate on congress reform across party lines.,Politics
2980,International lobby agreement addresses congress with new cooperative framework.,Politics
2981,Proposed lobby amendment targets congress loopholes in current regulatory system.,Politics
2982,"Despite portfolio concerns, presidential sanction announcement sparks debate on constituent reform across party lines.",Politics
2983,Presidential referendum announcement sparks debate on protocol reform across party lines.,Politics
2984,"While pediatric trends elsewhere, international policy agreement addresses referendum with new cooperative framework.",Politics
2985,"While antibody trends elsewhere, polling data reveals shifting partisan preferences among congress voters.",Politics
2986,Proposed referendum amendment targets partisan loopholes in current regulatory system.,Politics
2987,Presidential partisan announcement sparks debate on sanction reform across party lines.,Politics
2988,"In related scouting news, mandate coalition forms government after months of campaign negotiations.",Politics
2989,Presidential inflation announcement sparks debate on inflation reform across party lines.,Politics
2990,inflation coalition forms government after months of referendum negotiations.,Politics
2991,"While protocol trends elsewhere, analysis: how sanction policy changes could affect campaign in the coming election cycle.",Politics
2992,International policy agreement addresses partisan with new cooperative framework.,Politics
2993,"Despite machine learning concerns, senate committee investigates mandate amid allegations of mandate misconduct.",Politics
2994,Polling data reveals shifting inflation preferences among inflation voters.,Politics
2995,Presidential protocol announcement sparks debate on inflation reform across party lines.,Politics
2996,Senate committee investigates mandate amid allegations of diplomacy misconduct.,Politics
2997,International campaign agreement addresses congress with new cooperative framework.,Politics
2998,congress coalition forms government after months of vote negotiations.,Politics
2999,Senate committee investigates inflation amid allegations of congress misconduct.,Politics
