MachineID,Timestamp,Temperature,Vibration,Pressure,RPM,OperatingHours,LastMaintenanceDays,Failure
1,2024-01-01 00:00:00,71.12,2.174,108.11,1232.9,46.8,27,0
1,2024-01-01 01:00:00,65.71,2.049,113.61,1210.1,51.1,31,0
1,2024-01-01 02:00:00,66.36,1.854,109.23,1186.4,56.3,26,0
1,2024-01-01 03:00:00,65.03,2.022,111.57,1222.5,49.8,17,0
1,2024-01-01 04:00:00,66.73,2.262,110.26,1205.7,59.3,35,0
1,2024-01-01 05:00:00,70.34,2.304,106.38,1211.5,56.4,27,0
1,2024-01-01 06:00:00,69.68,2.458,110.34,1200.7,56.7,35,0
1,2024-01-01 07:00:00,68.19,1.891,108.63,1227.6,59.9,25,0
1,2024-01-01 08:00:00,69.77,2.139,109.25,1249.5,62.6,27,0
1,2024-01-01 09:00:00,68.87,2.048,105.05,1199.5,57.1,41,0
1,2024-01-01 10:00:00,68.88,2.045,103.25,1214.1,54.4,32,0
1,2024-01-01 11:00:00,67.94,2.094,112.69,1234.7,63.8,28,0
1,2024-01-01 12:00:00,66.38,1.803,104.74,1220.8,58.0,33,0
1,2024-01-01 13:00:00,66.12,1.887,111.89,1182.8,63.7,30,0
1,2024-01-01 14:00:00,68.86,2.222,110.71,1230.0,67.6,32,0
1,2024-01-01 15:00:00,69.27,1.755,114.44,1233.1,61.4,34,0
1,2024-01-01 16:00:00,70.57,2.187,108.64,1190.9,62.6,38,0
1,2024-01-01 17:00:00,67.49,2.784,106.24,1235.7,73.1,39,0
1,2024-01-01 18:00:00,69.74,2.082,107.22,1176.1,65.5,24,0
1,2024-01-01 19:00:00,66.18,2.026,109.73,1186.0,72.3,33,0
1,2024-01-01 20:00:00,68.85,2.156,111.08,1335.5,72.1,33,0
1,2024-01-01 21:00:00,65.95,1.855,116.22,1163.0,72.3,13,0
1,2024-01-01 22:00:00,67.62,1.603,107.09,1225.6,72.5,31,0
1,2024-01-01 23:00:00,63.44,1.982,106.9,1215.6,79.8,36,0
1,2024-01-02 00:00:00,66.54,1.73,105.5,1246.6,77.5,31,0
1,2024-01-02 01:00:00,70.02,1.714,110.61,1242.3,69.0,30,0
1,2024-01-02 02:00:00,70.97,1.53,113.45,1175.4,81.4,33,0
1,2024-01-02 03:00:00,68.27,1.917,114.1,1180.2,77.7,41,0
1,2024-01-02 04:00:00,68.05,1.739,107.51,1244.5,81.1,32,0
1,2024-01-02 05:00:00,65.83,1.758,109.22,1222.6,83.4,27,0
1,2024-01-02 06:00:00,69.14,2.17,113.2,1219.7,86.3,28,0
1,2024-01-02 07:00:00,68.14,1.887,106.83,1281.8,78.2,33,0
1,2024-01-02 08:00:00,67.47,1.657,112.21,1214.6,75.7,23,0
1,2024-01-02 09:00:00,67.98,1.774,107.87,1226.0,91.1,28,0
1,2024-01-02 10:00:00,66.05,1.862,111.85,1214.3,83.9,19,0
1,2024-01-02 11:00:00,68.85,2.441,111.3,1205.1,92.9,20,0
1,2024-01-02 12:00:00,70.39,2.214,111.9,1224.6,82.2,29,0
1,2024-01-02 13:00:00,63.33,1.785,110.23,1274.7,92.5,33,0
1,2024-01-02 14:00:00,64.85,2.476,112.82,1205.0,81.8,31,0
1,2024-01-02 15:00:00,67.26,2.297,109.3,1220.5,96.9,37,0
1,2024-01-02 16:00:00,67.73,2.08,104.68,1257.4,93.1,30,0
1,2024-01-02 17:00:00,71.61,2.453,111.22,1260.1,85.8,23,0
1,2024-01-02 18:00:00,65.18,1.323,113.78,1221.1,94.2,30,0
1,2024-01-02 19:00:00,63.36,1.899,110.38,1190.9,90.1,38,0
1,2024-01-02 20:00:00,66.43,1.688,108.96,1188.0,91.4,30,0
1,2024-01-02 21:00:00,66.56,2.056,109.17,1213.2,99.7,24,0
1,2024-01-02 22:00:00,64.84,2.383,111.15,1227.5,96.6,22,0
1,2024-01-02 23:00:00,66.17,1.513,107.27,1184.5,104.6,31,0
1,2024-01-03 00:00:00,67.65,1.668,106.17,1213.4,95.3,32,0
1,2024-01-03 01:00:00,64.76,2.098,107.3,1204.1,94.7,20,0
2,2024-01-01 00:00:00,69.21,1.68,79.47,1094.8,93.7,27,0
2,2024-01-01 01:00:00,68.73,1.702,84.28,1042.2,91.9,27,0
2,2024-01-01 02:00:00,70.72,1.83,86.16,1120.8,100.2,23,0
2,2024-01-01 03:00:00,68.38,1.927,85.49,1066.1,96.1,24,0
2,2024-01-01 04:00:00,69.95,1.876,78.37,1048.3,99.9,34,0
2,2024-01-01 05:00:00,70.1,1.341,80.08,1111.5,111.2,32,0
2,2024-01-01 06:00:00,67.29,1.719,84.7,1064.2,114.0,27,0
2,2024-01-01 07:00:00,68.06,1.729,86.6,1051.1,110.0,33,0
2,2024-01-01 08:00:00,65.02,2.475,85.62,1043.7,110.4,40,0
2,2024-01-01 09:00:00,66.83,2.134,89.28,1063.7,118.3,29,0
2,2024-01-01 10:00:00,68.32,2.302,84.01,1065.7,99.1,27,0
2,2024-01-01 11:00:00,65.63,1.585,83.7,1033.4,103.8,30,0
2,2024-01-01 12:00:00,71.91,2.312,83.67,1045.3,123.1,30,0
2,2024-01-01 13:00:00,69.02,1.957,84.23,1061.7,103.2,35,0
2,2024-01-01 14:00:00,70.9,1.367,80.16,1055.1,111.9,34,0
2,2024-01-01 15:00:00,70.07,1.666,82.56,1093.1,109.0,22,0
2,2024-01-01 16:00:00,67.84,2.36,86.15,1066.7,106.4,25,0
2,2024-01-01 17:00:00,70.57,2.001,82.26,1035.7,111.6,32,0
2,2024-01-01 18:00:00,68.93,1.998,84.19,1112.7,125.1,29,0
2,2024-01-01 19:00:00,65.99,2.229,84.77,1085.5,113.6,22,0
2,2024-01-01 20:00:00,70.88,2.163,84.82,1107.4,124.0,29,0
2,2024-01-01 21:00:00,69.5,1.785,82.72,1033.7,117.5,34,0
2,2024-01-01 22:00:00,69.49,2.077,82.63,1081.4,124.4,27,0
2,2024-01-01 23:00:00,68.48,2.595,86.55,1062.8,127.8,26,0
2,2024-01-02 00:00:00,68.43,2.209,85.66,1098.1,127.9,33,0
2,2024-01-02 01:00:00,69.84,2.096,81.32,1113.1,136.8,41,0
2,2024-01-02 02:00:00,70.51,1.836,83.22,1066.4,130.9,27,0
2,2024-01-02 03:00:00,71.63,2.096,85.41,1100.9,114.9,37,0
2,2024-01-02 04:00:00,67.36,2.418,83.18,1121.4,134.1,25,0
2,2024-01-02 05:00:00,66.38,1.756,84.22,1084.6,133.6,35,0
2,2024-01-02 06:00:00,68.39,2.205,84.88,1093.1,130.3,25,0
2,2024-01-02 07:00:00,67.2,2.353,89.01,1061.5,121.9,36,0
2,2024-01-02 08:00:00,71.89,2.548,82.96,1068.7,144.0,33,0
2,2024-01-02 09:00:00,66.24,1.893,82.92,1087.6,132.9,30,0
2,2024-01-02 10:00:00,69.95,2.568,86.51,1113.0,143.8,33,0
2,2024-01-02 11:00:00,71.15,2.179,84.07,1082.1,141.6,24,0
2,2024-01-02 12:00:00,68.59,1.987,86.42,1143.4,125.3,34,0
2,2024-01-02 13:00:00,69.42,2.03,83.14,1084.3,142.7,20,0
2,2024-01-02 14:00:00,67.15,2.096,89.14,1076.5,136.5,29,0
2,2024-01-02 15:00:00,66.54,2.204,80.72,1105.9,129.3,29,0
2,2024-01-02 16:00:00,65.47,1.819,83.72,1087.2,126.9,32,0
2,2024-01-02 17:00:00,68.89,2.111,86.41,1118.4,127.8,39,0
2,2024-01-02 18:00:00,66.86,2.514,84.87,1058.1,150.5,27,0
2,2024-01-02 19:00:00,67.53,1.301,86.72,1091.9,129.8,30,0
2,2024-01-02 20:00:00,69.01,1.704,83.98,1076.5,144.5,21,0
2,2024-01-02 21:00:00,66.73,2.013,83.03,1088.8,133.5,32,0
2,2024-01-02 22:00:00,70.17,1.98,87.88,1091.3,155.2,31,0
2,2024-01-02 23:00:00,73.09,2.109,81.72,1067.8,138.7,24,0
2,2024-01-03 00:00:00,72.63,2.186,85.32,1075.3,153.3,20,0
2,2024-01-03 01:00:00,70.08,2.347,80.68,1039.9,135.3,37,0
3,2024-01-01 00:00:00,71.86,2.022,100.88,1418.3,142.1,47,0
3,2024-01-01 01:00:00,69.86,1.477,102.91,1359.2,147.7,46,0
3,2024-01-01 02:00:00,67.84,1.692,99.7,1372.9,162.0,29,0
3,2024-01-01 03:00:00,68.08,1.483,98.5,1473.7,162.4,31,0
3,2024-01-01 04:00:00,68.75,1.602,101.79,1408.0,154.2,16,0
3,2024-01-01 05:00:00,70.6,1.692,105.73,1407.2,140.4,27,0
3,2024-01-01 06:00:00,67.76,2.198,101.98,1427.1,161.7,30,0
3,2024-01-01 07:00:00,70.98,1.944,104.37,1377.0,162.0,37,0
3,2024-01-01 08:00:00,68.28,1.877,101.26,1432.4,156.0,36,0
3,2024-01-01 09:00:00,66.58,1.156,96.49,1346.8,155.0,25,0
3,2024-01-01 10:00:00,67.4,2.264,91.97,1480.1,154.9,28,0
3,2024-01-01 11:00:00,71.54,1.757,101.74,1419.8,174.8,27,0
3,2024-01-01 12:00:00,66.8,1.257,102.22,1364.3,154.6,29,0
3,2024-01-01 13:00:00,69.24,1.222,94.56,1425.6,162.5,35,0
3,2024-01-01 14:00:00,69.67,1.85,97.69,1391.0,161.1,28,0
3,2024-01-01 15:00:00,68.33,1.991,96.84,1475.5,154.0,25,0
3,2024-01-01 16:00:00,71.35,2.299,99.11,1491.5,153.9,33,0
3,2024-01-01 17:00:00,70.57,2.126,97.38,1377.4,162.2,20,0
3,2024-01-01 18:00:00,70.38,1.28,93.68,1418.2,173.7,31,0
3,2024-01-01 19:00:00,70.34,1.673,100.21,1362.1,167.3,34,0
3,2024-01-01 20:00:00,67.29,1.601,103.46,1414.5,174.2,21,0
3,2024-01-01 21:00:00,71.27,1.92,96.87,1364.4,185.9,31,0
3,2024-01-01 22:00:00,70.33,2.49,99.71,1404.9,185.0,37,0
3,2024-01-01 23:00:00,68.77,1.394,99.68,1411.0,184.2,23,0
3,2024-01-02 00:00:00,71.55,1.755,96.27,1402.2,159.0,45,0
3,2024-01-02 01:00:00,66.98,1.558,104.02,1447.3,159.6,35,0
3,2024-01-02 02:00:00,69.71,1.572,97.46,1402.5,160.6,36,0
3,2024-01-02 03:00:00,64.25,1.905,95.67,1402.3,174.0,36,0
3,2024-01-02 04:00:00,67.7,0.819,97.77,1422.8,167.9,44,0
3,2024-01-02 05:00:00,71.63,1.569,98.13,1385.3,178.1,28,0
3,2024-01-02 06:00:00,67.93,1.959,101.46,1393.1,194.5,29,0
3,2024-01-02 07:00:00,71.55,2.064,100.85,1390.8,187.5,16,0
3,2024-01-02 08:00:00,66.08,1.296,96.33,1427.5,167.4,33,0
3,2024-01-02 09:00:00,70.83,1.38,98.47,1403.8,193.1,32,0
3,2024-01-02 10:00:00,68.21,1.963,104.13,1427.7,189.8,23,0
3,2024-01-02 11:00:00,66.68,0.998,98.8,1403.1,190.4,26,0
3,2024-01-02 12:00:00,68.44,1.673,100.94,1433.4,191.8,24,0
3,2024-01-02 13:00:00,69.57,1.392,103.18,1412.0,188.6,31,0
3,2024-01-02 14:00:00,70.39,1.717,99.09,1373.7,178.5,22,0
3,2024-01-02 15:00:00,72.11,1.706,103.06,1393.1,170.3,34,0
3,2024-01-02 16:00:00,68.53,1.714,101.63,1400.2,185.0,29,0
3,2024-01-02 17:00:00,65.94,1.06,94.89,1449.3,175.5,31,0
3,2024-01-02 18:00:00,71.86,2.19,102.54,1429.2,204.5,30,0
3,2024-01-02 19:00:00,70.45,1.932,96.05,1403.9,190.5,21,0
3,2024-01-02 20:00:00,66.9,2.165,98.85,1383.0,189.5,31,0
3,2024-01-02 21:00:00,69.36,1.091,98.31,1364.7,208.3,24,0
3,2024-01-02 22:00:00,69.01,2.154,97.76,1425.2,181.7,34,0
3,2024-01-02 23:00:00,68.57,1.527,98.79,1422.4,207.2,29,0
3,2024-01-03 00:00:00,64.25,1.887,99.87,1428.2,180.3,29,0
3,2024-01-03 01:00:00,70.37,1.212,100.87,1410.3,193.0,22,0
4,2024-01-01 00:00:00,64.86,0.766,110.81,1105.2,217.8,37,0
4,2024-01-01 01:00:00,65.74,1.494,113.48,1234.1,212.5,25,0
4,2024-01-01 02:00:00,64.95,1.383,113.28,1147.1,213.0,29,0
4,2024-01-01 03:00:00,65.2,0.668,114.35,1149.2,214.9,31,0
4,2024-01-01 04:00:00,64.64,1.132,112.09,1223.8,220.6,23,0
4,2024-01-01 05:00:00,62.9,1.029,114.13,1236.2,201.6,32,0
4,2024-01-01 06:00:00,66.88,1.653,114.61,1182.3,220.8,36,0
4,2024-01-01 07:00:00,67.14,0.841,117.92,1192.2,193.5,22,0
4,2024-01-01 08:00:00,67.96,0.818,117.07,1179.2,227.9,32,0
4,2024-01-01 09:00:00,63.58,0.937,115.78,1178.6,215.0,33,0
4,2024-01-01 10:00:00,65.6,0.947,115.97,1225.6,227.1,33,0
4,2024-01-01 11:00:00,67.08,0.891,112.35,1190.6,228.6,26,0
4,2024-01-01 12:00:00,66.68,1.087,111.56,1226.6,202.7,37,0
4,2024-01-01 13:00:00,64.25,0.781,116.42,1143.3,204.5,34,0
4,2024-01-01 14:00:00,66.41,1.39,113.71,1187.8,194.1,37,0
4,2024-01-01 15:00:00,63.1,0.97,117.16,1209.0,218.1,30,0
4,2024-01-01 16:00:00,65.92,1.366,118.83,1231.8,224.8,25,0
4,2024-01-01 17:00:00,69.48,0.961,114.26,1243.4,198.4,26,0
4,2024-01-01 18:00:00,64.0,0.795,109.64,1189.8,208.4,25,0
4,2024-01-01 19:00:00,64.41,0.828,108.51,1200.4,214.5,21,0
4,2024-01-01 20:00:00,67.78,1.047,112.3,1142.6,216.1,39,0
4,2024-01-01 21:00:00,64.44,1.019,118.12,1210.5,215.9,29,0
4,2024-01-01 22:00:00,65.53,0.986,114.23,1206.4,215.9,31,0
4,2024-01-01 23:00:00,68.05,1.146,109.93,1184.7,219.5,26,0
4,2024-01-02 00:00:00,65.36,0.668,117.27,1206.1,220.9,33,0
4,2024-01-02 01:00:00,68.68,0.988,114.2,1211.6,228.7,28,0
4,2024-01-02 02:00:00,63.24,0.841,112.69,1210.3,204.6,32,0
4,2024-01-02 03:00:00,61.61,0.76,110.45,1179.1,224.9,33,0
4,2024-01-02 04:00:00,65.99,0.958,113.25,1176.1,206.3,34,0
4,2024-01-02 05:00:00,67.1,0.896,114.12,1202.7,221.7,31,0
4,2024-01-02 06:00:00,66.51,1.108,111.45,1167.8,222.8,31,0
4,2024-01-02 07:00:00,68.99,0.665,117.25,1251.2,217.2,28,0
4,2024-01-02 08:00:00,65.48,1.074,115.2,1177.5,245.7,26,0
4,2024-01-02 09:00:00,65.26,0.868,108.71,1230.7,219.2,34,0
4,2024-01-02 10:00:00,66.62,0.943,115.59,1212.2,255.3,25,0
4,2024-01-02 11:00:00,65.69,-0.006,113.97,1181.2,245.5,33,0
4,2024-01-02 12:00:00,63.34,1.143,116.95,1207.7,213.1,34,0
4,2024-01-02 13:00:00,66.88,1.089,113.95,1166.4,232.6,28,0
4,2024-01-02 14:00:00,60.75,0.944,116.0,1220.5,217.7,28,0
4,2024-01-02 15:00:00,66.34,0.84,115.92,1156.7,243.9,28,0
4,2024-01-02 16:00:00,59.16,1.0,114.75,1174.9,250.3,31,0
4,2024-01-02 17:00:00,65.42,0.415,112.04,1198.4,232.2,17,0
4,2024-01-02 18:00:00,66.41,0.66,109.72,1169.5,233.0,29,0
4,2024-01-02 19:00:00,65.72,0.76,118.21,1216.0,226.8,34,0
4,2024-01-02 20:00:00,64.68,0.936,115.87,1229.0,237.2,43,0
4,2024-01-02 21:00:00,63.41,0.51,112.66,1236.4,262.2,25,0
4,2024-01-02 22:00:00,65.85,0.555,115.15,1165.8,236.9,32,0
4,2024-01-02 23:00:00,63.85,1.057,114.15,1162.8,263.6,27,0
4,2024-01-03 00:00:00,59.63,0.855,114.01,1186.2,248.9,33,0
4,2024-01-03 01:00:00,65.38,0.882,116.04,1210.6,237.3,35,0
5,2024-01-01 00:00:00,67.31,1.131,75.25,985.0,236.4,26,0
5,2024-01-01 01:00:00,67.0,1.127,76.27,991.4,233.0,32,0
5,2024-01-01 02:00:00,67.96,1.4,77.62,972.1,241.4,29,0
5,2024-01-01 03:00:00,65.29,1.684,75.23,1015.4,262.1,20,0
5,2024-01-01 04:00:00,62.54,1.518,75.78,1001.9,271.5,37,0
5,2024-01-01 05:00:00,63.77,1.196,80.62,990.0,239.2,34,0
5,2024-01-01 06:00:00,68.4,0.67,84.51,1020.5,231.0,40,0
5,2024-01-01 07:00:00,68.73,0.922,78.74,1007.9,265.3,22,0
5,2024-01-01 08:00:00,65.67,1.454,74.46,1040.1,245.2,31,0
5,2024-01-01 09:00:00,66.99,0.771,78.83,1030.4,263.2,29,0
5,2024-01-01 10:00:00,65.16,0.659,79.49,1037.5,258.8,30,0
5,2024-01-01 11:00:00,68.74,0.931,72.24,1015.8,278.5,27,0
5,2024-01-01 12:00:00,63.4,1.154,81.1,995.2,257.6,30,0
5,2024-01-01 13:00:00,64.79,0.732,82.09,975.4,281.3,29,0
5,2024-01-01 14:00:00,66.12,1.204,78.31,1052.4,272.5,20,0
5,2024-01-01 15:00:00,67.8,1.478,82.01,964.8,276.4,34,0
5,2024-01-01 16:00:00,68.18,1.003,79.09,1063.7,276.4,26,0
5,2024-01-01 17:00:00,68.01,1.324,80.06,1029.0,249.0,35,0
5,2024-01-01 18:00:00,64.04,0.985,81.66,1009.3,268.3,24,0
5,2024-01-01 19:00:00,66.06,0.805,83.27,1027.9,275.7,31,0
5,2024-01-01 20:00:00,66.22,1.101,76.97,969.3,261.0,34,0
5,2024-01-01 21:00:00,66.32,0.596,79.5,994.8,278.7,33,0
5,2024-01-01 22:00:00,66.62,1.185,80.91,1003.6,273.0,22,0
5,2024-01-01 23:00:00,63.5,0.8,79.73,965.2,261.4,32,0
5,2024-01-02 00:00:00,66.62,1.049,76.25,1029.7,299.5,26,0
5,2024-01-02 01:00:00,64.95,0.812,81.83,1018.6,279.8,33,0
5,2024-01-02 02:00:00,64.01,1.236,83.57,998.4,285.5,50,0
5,2024-01-02 03:00:00,67.97,1.058,78.68,962.2,249.8,31,0
5,2024-01-02 04:00:00,66.22,1.165,77.91,987.0,264.0,19,0
5,2024-01-02 05:00:00,65.83,1.134,81.57,1024.1,281.5,25,0
5,2024-01-02 06:00:00,65.44,1.069,83.27,1080.8,272.6,38,0
5,2024-01-02 07:00:00,64.28,1.265,86.03,986.9,256.5,36,0
5,2024-01-02 08:00:00,67.01,0.482,78.57,1053.2,268.5,24,0
5,2024-01-02 09:00:00,68.77,1.216,79.15,989.7,268.8,30,0
5,2024-01-02 10:00:00,68.24,1.258,79.91,1018.0,284.3,22,0
5,2024-01-02 11:00:00,67.92,0.997,81.43,1027.3,291.3,24,0
5,2024-01-02 12:00:00,66.65,1.002,82.65,1036.4,266.6,21,0
5,2024-01-02 13:00:00,66.48,0.724,87.05,1018.6,261.6,28,0
5,2024-01-02 14:00:00,70.25,1.78,85.58,1022.0,269.1,30,0
5,2024-01-02 15:00:00,65.37,1.137,77.15,997.8,272.0,28,0
5,2024-01-02 16:00:00,66.95,1.14,87.54,976.2,300.9,26,0
5,2024-01-02 17:00:00,67.97,1.22,83.34,990.3,272.6,29,0
5,2024-01-02 18:00:00,67.23,1.091,82.75,943.7,266.7,32,0
5,2024-01-02 19:00:00,63.59,1.268,78.12,1003.0,290.9,34,0
5,2024-01-02 20:00:00,68.26,0.716,81.85,1029.9,268.5,35,0
5,2024-01-02 21:00:00,67.13,1.481,84.26,1030.8,277.0,38,0
5,2024-01-02 22:00:00,70.36,1.379,76.96,1021.8,308.8,26,0
5,2024-01-02 23:00:00,66.28,0.652,77.33,1055.6,306.5,35,0
5,2024-01-03 00:00:00,67.31,1.224,81.85,981.4,303.7,26,0
5,2024-01-03 01:00:00,65.57,1.232,77.03,951.0,284.6,25,0
6,2024-01-01 00:00:00,61.45,1.595,95.19,1446.9,329.9,25,0
6,2024-01-01 01:00:00,60.7,1.46,96.17,1389.2,271.8,35,0
6,2024-01-01 02:00:00,61.55,1.828,93.67,1459.9,331.6,34,0
6,2024-01-01 03:00:00,61.78,1.08,94.02,1365.5,333.0,35,0
6,2024-01-01 04:00:00,64.69,1.349,98.81,1428.7,313.0,26,0
6,2024-01-01 05:00:00,61.91,1.236,91.92,1438.8,322.0,32,0
6,2024-01-01 06:00:00,60.87,1.668,93.65,1394.0,331.8,31,0
6,2024-01-01 07:00:00,60.66,1.368,89.54,1447.4,330.7,24,0
6,2024-01-01 08:00:00,61.49,1.777,91.36,1423.4,327.5,21,0
6,2024-01-01 09:00:00,60.77,1.08,91.86,1423.5,325.0,26,0
6,2024-01-01 10:00:00,60.25,1.444,91.43,1430.1,329.2,23,0
6,2024-01-01 11:00:00,60.78,1.255,91.85,1437.5,311.3,23,0
6,2024-01-01 12:00:00,60.84,1.272,92.68,1408.8,326.0,31,0
6,2024-01-01 13:00:00,61.57,0.922,92.08,1453.9,312.3,34,0
6,2024-01-01 14:00:00,62.68,1.39,97.61,1420.3,294.9,42,0
6,2024-01-01 15:00:00,65.22,1.453,97.35,1393.5,319.5,24,0
6,2024-01-01 16:00:00,59.81,1.785,89.73,1434.4,334.8,28,0
6,2024-01-01 17:00:00,59.75,1.649,94.14,1419.2,302.0,35,0
6,2024-01-01 18:00:00,56.61,1.325,90.11,1408.5,344.0,29,0
6,2024-01-01 19:00:00,55.28,1.35,91.34,1470.2,298.0,27,0
6,2024-01-01 20:00:00,61.8,2.678,86.67,1480.3,298.3,25,0
6,2024-01-01 21:00:00,57.75,1.725,91.57,1466.3,297.0,35,0
6,2024-01-01 22:00:00,60.43,1.701,93.22,1467.4,304.9,27,0
6,2024-01-01 23:00:00,60.55,1.565,95.53,1414.9,347.9,34,0
6,2024-01-02 00:00:00,62.7,1.966,91.08,1421.3,308.5,27,0
6,2024-01-02 01:00:00,62.06,1.443,93.89,1394.1,355.4,29,0
6,2024-01-02 02:00:00,63.34,1.759,90.09,1480.4,351.1,27,0
6,2024-01-02 03:00:00,59.92,1.216,94.12,1410.9,313.1,30,0
6,2024-01-02 04:00:00,62.68,1.541,94.58,1434.7,332.4,28,0
6,2024-01-02 05:00:00,61.16,1.593,97.44,1442.1,339.4,30,0
6,2024-01-02 06:00:00,62.2,1.575,87.71,1396.2,300.5,33,0
6,2024-01-02 07:00:00,62.73,1.127,93.07,1464.2,321.9,35,0
6,2024-01-02 08:00:00,58.36,0.839,96.08,1417.2,324.3,29,0
6,2024-01-02 09:00:00,61.49,1.704,85.08,1404.7,343.4,34,0
6,2024-01-02 10:00:00,62.32,1.624,94.74,1365.0,356.3,36,0
6,2024-01-02 11:00:00,60.61,1.326,91.4,1432.5,313.7,24,0
6,2024-01-02 12:00:00,58.58,1.71,93.91,1448.8,329.5,34,0
6,2024-01-02 13:00:00,62.91,1.711,96.83,1430.6,328.8,39,0
6,2024-01-02 14:00:00,57.05,1.568,92.59,1441.3,327.6,33,0
6,2024-01-02 15:00:00,59.37,1.757,97.87,1460.7,313.3,41,0
6,2024-01-02 16:00:00,61.68,0.939,92.02,1392.3,367.1,21,0
6,2024-01-02 17:00:00,63.03,2.019,94.28,1419.0,335.5,18,0
6,2024-01-02 18:00:00,61.04,1.383,92.71,1427.3,335.0,26,0
6,2024-01-02 19:00:00,62.83,0.877,94.19,1441.0,324.2,21,0
6,2024-01-02 20:00:00,55.4,1.42,89.16,1431.4,365.0,34,0
6,2024-01-02 21:00:00,58.91,1.061,92.25,1416.3,323.8,32,0
6,2024-01-02 22:00:00,58.89,1.284,95.82,1444.0,368.4,28,0
6,2024-01-02 23:00:00,58.39,1.768,95.6,1483.4,332.4,29,0
6,2024-01-03 00:00:00,62.21,0.935,93.48,1441.3,351.9,35,0
6,2024-01-03 01:00:00,58.87,1.297,95.62,1442.1,361.3,31,0
7,2024-01-01 00:00:00,76.39,1.572,98.01,963.5,318.1,34,0
7,2024-01-01 01:00:00,72.81,0.755,93.95,1050.5,328.2,26,0
7,2024-01-01 02:00:00,74.02,1.644,92.16,1024.9,345.4,23,0
7,2024-01-01 03:00:00,74.97,1.47,98.29,997.0,317.8,26,0
7,2024-01-01 04:00:00,73.17,1.377,99.16,1051.4,328.1,39,0
7,2024-01-01 05:00:00,75.68,1.599,94.19,1032.0,320.4,31,0
7,2024-01-01 06:00:00,71.93,1.372,92.48,1038.2,327.2,27,0
7,2024-01-01 07:00:00,76.82,0.657,101.16,1002.1,343.1,28,0
7,2024-01-01 08:00:00,74.33,1.082,100.46,1025.0,384.7,30,0
7,2024-01-01 09:00:00,77.82,1.059,97.0,963.7,362.0,21,0
7,2024-01-01 10:00:00,70.87,1.483,97.3,975.6,342.2,27,0
7,2024-01-01 11:00:00,76.83,1.535,93.07,988.7,365.1,28,0
7,2024-01-01 12:00:00,71.91,1.789,96.25,1039.4,393.5,26,0
7,2024-01-01 13:00:00,72.75,1.333,98.54,964.7,359.5,28,0
7,2024-01-01 14:00:00,70.73,1.028,95.54,999.5,396.1,23,0
7,2024-01-01 15:00:00,70.59,1.075,98.64,969.4,332.8,31,0
7,2024-01-01 16:00:00,75.86,1.194,99.75,997.3,351.1,23,0
7,2024-01-01 17:00:00,74.66,1.81,103.98,981.0,387.8,23,0
7,2024-01-01 18:00:00,74.52,0.603,96.5,1054.6,401.2,21,0
7,2024-01-01 19:00:00,77.71,1.126,99.6,998.9,348.1,29,0
7,2024-01-01 20:00:00,70.1,1.682,98.5,1026.2,377.3,29,0
7,2024-01-01 21:00:00,74.8,0.98,97.6,974.7,372.7,25,0
7,2024-01-01 22:00:00,73.18,1.265,96.73,975.6,370.8,28,0
7,2024-01-01 23:00:00,77.62,2.037,97.74,952.9,339.1,26,0
7,2024-01-02 00:00:00,74.26,1.115,99.92,922.9,336.9,33,0
7,2024-01-02 01:00:00,73.71,1.423,101.37,1008.9,367.0,25,0
7,2024-01-02 02:00:00,75.99,2.067,97.26,977.6,397.2,37,0
7,2024-01-02 03:00:00,75.37,1.437,101.36,962.4,382.9,37,0
7,2024-01-02 04:00:00,76.78,0.797,94.29,1034.8,352.2,25,0
7,2024-01-02 05:00:00,70.61,1.135,96.92,954.9,384.3,25,0
7,2024-01-02 06:00:00,75.17,1.888,101.59,1003.6,388.4,30,0
7,2024-01-02 07:00:00,75.39,2.223,90.8,993.3,344.7,31,0
7,2024-01-02 08:00:00,75.45,1.317,99.85,985.0,345.5,37,0
7,2024-01-02 09:00:00,74.02,1.899,93.9,996.5,359.9,26,0
7,2024-01-02 10:00:00,78.28,1.041,96.93,949.4,367.4,28,0
7,2024-01-02 11:00:00,77.06,1.755,103.28,948.7,398.8,34,0
7,2024-01-02 12:00:00,74.67,1.35,103.05,989.1,405.9,34,0
7,2024-01-02 13:00:00,74.16,1.514,99.06,1015.4,423.0,28,0
7,2024-01-02 14:00:00,71.33,1.512,102.76,965.1,367.2,28,0
7,2024-01-02 15:00:00,73.88,1.675,96.47,1006.6,379.4,27,0
7,2024-01-02 16:00:00,72.31,1.108,99.77,981.5,410.6,23,0
7,2024-01-02 17:00:00,73.67,0.737,96.08,971.3,419.3,27,0
7,2024-01-02 18:00:00,73.37,1.465,100.25,1019.3,372.6,37,0
7,2024-01-02 19:00:00,76.46,1.375,97.53,1027.5,410.3,30,0
7,2024-01-02 20:00:00,75.1,1.634,100.96,1023.6,423.9,34,0
7,2024-01-02 21:00:00,76.17,1.824,96.64,1002.8,386.6,23,0
7,2024-01-02 22:00:00,70.98,0.982,100.2,988.1,396.6,26,0
7,2024-01-02 23:00:00,70.37,0.827,98.65,1025.2,393.7,26,0
7,2024-01-03 00:00:00,75.24,1.326,96.05,952.7,358.2,39,0
7,2024-01-03 01:00:00,74.29,1.413,90.63,998.5,408.7,34,0
8,2024-01-01 00:00:00,59.34,1.402,90.14,837.0,439.0,34,0
8,2024-01-01 01:00:00,58.76,2.383,91.3,821.1,427.3,25,0
8,2024-01-01 02:00:00,57.4,2.17,83.02,832.3,438.5,19,0
8,2024-01-01 03:00:00,62.0,1.856,89.94,872.9,439.7,26,0
8,2024-01-01 04:00:00,61.63,2.004,89.25,840.2,386.9,28,0
8,2024-01-01 05:00:00,59.27,2.196,91.28,861.8,377.1,31,0
8,2024-01-01 06:00:00,60.44,1.996,88.02,848.3,396.4,35,0
8,2024-01-01 07:00:00,63.29,2.155,92.34,793.5,378.4,32,0
8,2024-01-01 08:00:00,59.69,1.81,94.21,861.0,434.4,25,0
8,2024-01-01 09:00:00,63.3,1.659,88.21,833.1,387.8,28,0
8,2024-01-01 10:00:00,60.9,1.944,90.19,888.1,414.4,30,0
8,2024-01-01 11:00:00,59.21,1.628,92.04,840.5,391.0,29,0
8,2024-01-01 12:00:00,57.23,1.752,82.71,833.3,417.7,34,0
8,2024-01-01 13:00:00,60.11,2.326,93.62,859.4,441.5,28,0
8,2024-01-01 14:00:00,64.17,1.915,91.11,815.2,389.5,26,0
8,2024-01-01 15:00:00,60.62,2.17,94.95,843.7,410.6,22,0
8,2024-01-01 16:00:00,62.91,2.199,91.06,884.0,438.4,27,0
8,2024-01-01 17:00:00,61.2,1.906,87.64,768.4,403.7,37,0
8,2024-01-01 18:00:00,60.79,1.643,96.01,851.5,393.9,31,0
8,2024-01-01 19:00:00,61.0,2.24,87.35,847.5,421.7,31,0
8,2024-01-01 20:00:00,61.79,2.087,91.1,878.0,434.0,32,0
8,2024-01-01 21:00:00,58.14,2.071,88.78,812.9,415.8,26,0
8,2024-01-01 22:00:00,56.58,2.0,83.08,828.1,380.8,31,0
8,2024-01-01 23:00:00,65.96,2.132,87.02,831.2,451.6,25,0
8,2024-01-02 00:00:00,58.74,2.051,89.07,820.3,403.9,29,0
8,2024-01-02 01:00:00,58.24,1.655,89.96,827.9,465.0,37,0
8,2024-01-02 02:00:00,58.54,1.159,90.82,830.0,424.8,39,0
8,2024-01-02 03:00:00,61.32,2.369,93.26,786.4,442.6,40,0
8,2024-01-02 04:00:00,59.71,2.419,90.06,862.0,411.7,60,0
8,2024-01-02 05:00:00,61.86,2.246,90.7,813.4,405.5,57,0
8,2024-01-02 06:00:00,62.96,2.18,87.29,830.2,423.6,54,0
8,2024-01-02 07:00:00,66.82,2.522,89.86,826.4,459.4,51,0
8,2024-01-02 08:00:00,63.81,2.573,89.44,803.4,454.9,48,0
8,2024-01-02 09:00:00,69.7,2.692,81.24,784.7,474.8,45,0
8,2024-01-02 10:00:00,70.62,2.597,90.91,813.6,424.8,42,0
8,2024-01-02 11:00:00,72.43,2.523,83.52,723.9,422.4,39,0
8,2024-01-02 12:00:00,68.81,3.395,89.8,835.3,453.5,36,0
8,2024-01-02 13:00:00,69.17,3.502,91.35,872.0,430.1,33,0
8,2024-01-02 14:00:00,72.15,3.634,93.79,839.5,428.0,30,0
8,2024-01-02 15:00:00,77.28,4.218,89.22,770.4,472.2,27,0
8,2024-01-02 16:00:00,70.37,3.132,92.99,802.3,471.5,24,0
8,2024-01-02 17:00:00,71.53,3.26,90.64,726.4,426.2,21,0
8,2024-01-02 18:00:00,80.05,4.778,85.48,756.6,401.3,18,0
8,2024-01-02 19:00:00,68.29,4.066,90.66,864.5,399.6,15,0
8,2024-01-02 20:00:00,82.42,4.547,91.39,889.5,429.4,12,1
8,2024-01-02 21:00:00,75.38,3.865,102.81,698.1,425.3,9,1
8,2024-01-02 22:00:00,76.32,3.427,82.47,740.1,409.2,6,1
8,2024-01-02 23:00:00,77.57,4.976,75.37,668.5,425.3,3,1
8,2024-01-03 00:00:00,80.94,6.049,89.22,831.7,418.4,0,1
8,2024-01-03 01:00:00,88.77,5.014,87.14,807.1,493.0,0,1
9,2024-01-01 00:00:00,75.13,1.033,109.12,940.3,450.4,26,0
9,2024-01-01 01:00:00,73.21,1.039,111.51,886.6,458.5,34,0
9,2024-01-01 02:00:00,74.52,0.997,113.38,912.0,446.9,27,0
9,2024-01-01 03:00:00,71.98,0.901,104.82,916.1,435.7,29,0
9,2024-01-01 04:00:00,74.55,1.348,109.51,924.9,475.8,25,0
9,2024-01-01 05:00:00,69.76,1.02,114.76,872.8,420.9,26,0
9,2024-01-01 06:00:00,70.79,1.326,108.91,936.3,439.3,26,0
9,2024-01-01 07:00:00,71.65,1.386,111.3,907.5,448.7,27,0
9,2024-01-01 08:00:00,71.04,1.327,112.93,884.7,496.0,23,0
9,2024-01-01 09:00:00,68.1,0.961,116.73,950.1,417.8,25,0
9,2024-01-01 10:00:00,68.22,1.079,112.09,940.0,485.4,35,0
9,2024-01-01 11:00:00,73.21,1.47,109.29,920.1,422.4,29,0
9,2024-01-01 12:00:00,74.36,1.267,103.63,978.7,475.8,32,0
9,2024-01-01 13:00:00,71.3,0.981,111.23,938.2,482.5,22,0
9,2024-01-01 14:00:00,71.16,0.889,113.67,949.2,508.0,49,0
9,2024-01-01 15:00:00,70.72,1.194,110.67,942.7,452.2,36,0
9,2024-01-01 16:00:00,70.2,0.338,111.71,859.4,510.0,28,0
9,2024-01-01 17:00:00,74.98,1.359,111.88,892.1,476.1,29,0
9,2024-01-01 18:00:00,71.74,1.325,110.13,933.4,439.2,22,0
9,2024-01-01 19:00:00,68.49,0.842,112.26,963.4,439.8,24,0
9,2024-01-01 20:00:00,74.76,1.143,106.23,939.2,492.1,32,0
9,2024-01-01 21:00:00,71.07,0.71,113.44,931.9,483.1,24,0
9,2024-01-01 22:00:00,74.82,1.22,109.5,942.0,454.5,43,0
9,2024-01-01 23:00:00,70.54,1.222,112.15,902.0,512.0,23,0
9,2024-01-02 00:00:00,74.05,1.587,104.33,884.3,454.3,26,0
9,2024-01-02 01:00:00,71.8,1.171,112.96,927.3,519.5,29,0
9,2024-01-02 02:00:00,71.05,0.776,110.35,891.9,441.9,23,0
9,2024-01-02 03:00:00,71.37,1.409,114.44,953.5,454.7,38,0
9,2024-01-02 04:00:00,73.23,0.793,113.11,900.2,504.8,39,0
9,2024-01-02 05:00:00,68.58,0.877,112.0,936.9,437.5,26,0
9,2024-01-02 06:00:00,73.97,0.767,107.87,930.1,454.6,32,0
9,2024-01-02 07:00:00,73.81,0.885,113.44,882.4,521.0,30,0
9,2024-01-02 08:00:00,71.42,0.991,108.76,911.4,528.4,32,0
9,2024-01-02 09:00:00,71.83,1.336,111.18,891.7,482.7,36,0
9,2024-01-02 10:00:00,71.54,0.76,112.4,855.1,481.5,36,0
9,2024-01-02 11:00:00,71.79,1.338,107.61,911.7,438.1,37,0
9,2024-01-02 12:00:00,72.6,0.465,115.34,902.5,438.2,29,0
9,2024-01-02 13:00:00,71.86,1.667,111.72,953.2,461.4,32,0
9,2024-01-02 14:00:00,73.43,1.374,112.45,880.1,536.4,30,0
9,2024-01-02 15:00:00,72.34,1.536,106.76,917.1,464.1,39,0
9,2024-01-02 16:00:00,73.63,1.703,111.62,895.3,517.2,25,0
9,2024-01-02 17:00:00,70.94,1.556,112.84,870.4,536.7,24,0
9,2024-01-02 18:00:00,73.8,1.41,110.28,901.1,540.0,28,0
9,2024-01-02 19:00:00,70.63,0.771,110.64,926.6,444.4,33,0
9,2024-01-02 20:00:00,73.41,1.453,107.95,876.4,524.7,28,0
9,2024-01-02 21:00:00,74.45,1.091,108.91,937.6,529.7,18,0
9,2024-01-02 22:00:00,73.79,1.106,111.02,909.9,495.9,20,0
9,2024-01-02 23:00:00,69.86,1.042,111.76,948.0,543.0,30,0
9,2024-01-03 00:00:00,73.26,1.205,115.7,910.8,502.7,31,0
9,2024-01-03 01:00:00,71.76,0.934,109.28,928.2,484.6,35,0
10,2024-01-01 00:00:00,70.42,0.778,108.59,1382.3,543.6,30,0
10,2024-01-01 01:00:00,72.74,1.214,109.38,1420.3,484.3,30,0
10,2024-01-01 02:00:00,68.81,0.813,108.14,1418.3,498.1,27,0
10,2024-01-01 03:00:00,68.93,1.103,104.53,1388.8,498.8,34,0
10,2024-01-01 04:00:00,75.64,0.728,110.52,1387.5,539.5,25,0
10,2024-01-01 05:00:00,74.1,0.773,105.99,1410.8,549.8,40,0
10,2024-01-01 06:00:00,74.74,0.508,110.21,1429.7,485.8,23,0
10,2024-01-01 07:00:00,71.42,0.887,110.48,1407.2,537.6,29,0
10,2024-01-01 08:00:00,72.34,1.06,110.13,1415.4,512.1,18,0
10,2024-01-01 09:00:00,74.9,1.188,107.47,1382.4,496.0,26,0
10,2024-01-01 10:00:00,74.12,0.738,118.13,1451.3,476.4,25,0
10,2024-01-01 11:00:00,71.78,1.179,111.26,1453.7,555.7,33,0
10,2024-01-01 12:00:00,72.13,1.461,106.23,1372.4,466.0,30,0
10,2024-01-01 13:00:00,74.69,1.083,105.33,1401.7,534.3,24,0
10,2024-01-01 14:00:00,72.82,1.382,105.32,1413.8,549.3,32,0
10,2024-01-01 15:00:00,76.79,1.025,109.97,1396.9,472.4,29,0
10,2024-01-01 16:00:00,75.26,0.275,107.3,1423.4,552.3,36,0
10,2024-01-01 17:00:00,74.75,0.434,108.79,1389.7,532.8,26,0
10,2024-01-01 18:00:00,73.26,1.229,109.53,1369.9,511.0,45,0
10,2024-01-01 19:00:00,72.77,0.993,106.73,1404.7,499.4,35,0
10,2024-01-01 20:00:00,70.99,0.246,112.65,1414.3,522.5,33,0
10,2024-01-01 21:00:00,74.34,1.388,108.92,1482.8,506.4,21,0
10,2024-01-01 22:00:00,71.47,0.839,110.68,1505.0,547.6,24,0
10,2024-01-01 23:00:00,74.25,0.471,106.34,1407.3,573.2,32,0
10,2024-01-02 00:00:00,73.34,0.774,102.51,1474.5,542.2,19,0
10,2024-01-02 01:00:00,77.87,0.54,112.13,1412.0,508.0,25,0
10,2024-01-02 02:00:00,74.5,1.583,115.02,1390.6,551.5,26,0
10,2024-01-02 03:00:00,74.92,1.279,102.15,1409.1,564.6,25,0
10,2024-01-02 04:00:00,71.55,0.627,108.7,1401.3,517.0,25,0
10,2024-01-02 05:00:00,74.09,1.51,104.96,1408.7,557.2,26,0
10,2024-01-02 06:00:00,73.67,1.257,105.62,1411.1,533.1,26,0
10,2024-01-02 07:00:00,74.82,1.597,108.79,1390.8,583.8,29,0
10,2024-01-02 08:00:00,70.0,1.365,111.21,1377.9,507.3,36,0
10,2024-01-02 09:00:00,74.84,1.004,109.75,1417.6,492.2,30,0
10,2024-01-02 10:00:00,72.7,0.432,113.57,1393.9,512.5,28,0
10,2024-01-02 11:00:00,72.27,0.833,107.73,1411.1,567.9,37,0
10,2024-01-02 12:00:00,74.02,1.034,109.85,1435.1,499.1,25,0
10,2024-01-02 13:00:00,74.85,0.731,108.17,1405.2,578.7,29,0
10,2024-01-02 14:00:00,71.32,0.879,107.99,1376.6,540.3,31,0
10,2024-01-02 15:00:00,71.78,0.808,106.25,1377.7,547.3,23,0
10,2024-01-02 16:00:00,70.18,0.298,109.2,1398.2,515.2,28,0
10,2024-01-02 17:00:00,72.05,0.918,106.64,1410.3,572.4,29,0
10,2024-01-02 18:00:00,71.11,1.132,108.99,1434.7,552.4,28,0
10,2024-01-02 19:00:00,73.0,0.53,109.63,1426.7,492.6,22,0
10,2024-01-02 20:00:00,76.53,0.871,117.33,1379.8,508.3,35,0
10,2024-01-02 21:00:00,70.73,0.783,104.35,1447.8,554.5,21,0
10,2024-01-02 22:00:00,74.73,0.85,111.0,1424.3,585.9,27,0
10,2024-01-02 23:00:00,71.3,0.525,103.62,1471.5,574.0,38,0
10,2024-01-03 00:00:00,75.25,0.709,104.39,1432.9,551.0,33,0
10,2024-01-03 01:00:00,69.84,0.475,106.62,1431.3,582.3,31,0
11,2024-01-01 00:00:00,75.9,0.987,114.44,1014.5,520.5,33,0
11,2024-01-01 01:00:00,72.98,0.778,111.54,1043.3,505.8,27,0
11,2024-01-01 02:00:00,70.22,0.967,113.02,970.3,497.2,24,0
11,2024-01-01 03:00:00,73.63,1.031,113.78,953.9,507.3,36,0
11,2024-01-01 04:00:00,71.69,0.884,111.31,1029.4,595.0,32,0
11,2024-01-01 05:00:00,72.58,1.536,111.53,940.3,534.6,41,0
11,2024-01-01 06:00:00,72.16,1.302,106.93,998.0,535.2,21,0
11,2024-01-01 07:00:00,73.07,0.623,111.04,1052.2,536.6,35,0
11,2024-01-01 08:00:00,71.99,1.075,114.12,1026.5,560.3,25,0
11,2024-01-01 09:00:00,72.09,1.716,114.31,1010.3,520.6,28,0
11,2024-01-01 10:00:00,72.3,0.544,111.91,999.4,540.6,32,0
11,2024-01-01 11:00:00,70.2,1.199,113.64,1007.4,514.2,32,0
11,2024-01-01 12:00:00,72.38,0.911,110.15,1024.6,558.1,25,0
11,2024-01-01 13:00:00,75.55,1.093,115.17,1006.7,507.1,27,0
11,2024-01-01 14:00:00,73.89,0.986,114.0,989.6,562.1,29,0
11,2024-01-01 15:00:00,72.13,0.96,108.82,1062.7,514.0,25,0
11,2024-01-01 16:00:00,76.98,0.796,110.6,995.8,524.0,42,0
11,2024-01-01 17:00:00,70.18,1.146,111.76,1009.0,596.9,23,0
11,2024-01-01 18:00:00,73.01,1.549,110.75,1038.9,588.1,30,0
11,2024-01-01 19:00:00,71.81,0.918,111.22,1068.8,580.6,19,0
11,2024-01-01 20:00:00,74.64,1.193,112.85,964.8,608.2,36,0
11,2024-01-01 21:00:00,72.78,0.991,114.27,1014.1,584.9,16,0
11,2024-01-01 22:00:00,70.76,0.582,110.12,986.4,607.0,26,0
11,2024-01-01 23:00:00,72.88,1.0,116.3,1012.6,606.5,32,0
11,2024-01-02 00:00:00,71.66,0.981,117.31,1055.2,612.6,26,0
11,2024-01-02 01:00:00,72.51,1.464,111.72,1025.7,519.8,25,0
11,2024-01-02 02:00:00,73.18,1.266,110.48,1028.7,623.3,41,0
11,2024-01-02 03:00:00,73.78,0.734,111.32,995.1,569.2,32,0
11,2024-01-02 04:00:00,77.04,1.34,115.86,984.6,576.2,32,0
11,2024-01-02 05:00:00,72.13,0.957,110.09,1017.8,589.7,36,0
11,2024-01-02 06:00:00,73.69,1.186,111.61,1035.5,628.5,28,0
11,2024-01-02 07:00:00,74.62,1.572,115.44,1008.9,578.9,20,0
11,2024-01-02 08:00:00,72.77,0.518,117.44,1003.7,596.7,33,0
11,2024-01-02 09:00:00,71.76,1.293,110.01,1027.5,596.7,35,0
11,2024-01-02 10:00:00,74.81,0.865,114.64,954.0,573.6,32,0
11,2024-01-02 11:00:00,72.98,1.372,115.39,1005.0,614.2,21,0
11,2024-01-02 12:00:00,73.25,0.59,114.44,1027.8,635.5,31,0
11,2024-01-02 13:00:00,71.95,1.881,112.89,1046.6,618.2,28,0
11,2024-01-02 14:00:00,72.11,0.585,108.55,1001.2,589.1,23,0
11,2024-01-02 15:00:00,72.44,0.81,112.04,1024.7,582.2,27,0
11,2024-01-02 16:00:00,71.69,1.603,112.62,975.2,536.6,24,0
11,2024-01-02 17:00:00,74.14,0.955,111.05,1058.0,554.4,33,0
11,2024-01-02 18:00:00,72.34,0.669,112.76,1004.7,535.6,29,0
11,2024-01-02 19:00:00,74.45,1.47,113.3,975.8,593.5,31,0
11,2024-01-02 20:00:00,72.47,1.094,112.22,969.3,610.6,23,0
11,2024-01-02 21:00:00,72.37,1.31,112.35,1021.1,578.6,29,0
11,2024-01-02 22:00:00,77.3,1.001,114.32,979.2,604.8,25,0
11,2024-01-02 23:00:00,70.77,0.828,113.73,1069.2,584.6,33,0
11,2024-01-03 00:00:00,69.99,0.281,111.5,1003.1,603.3,24,0
11,2024-01-03 01:00:00,73.83,0.962,115.89,1010.4,583.8,30,0
12,2024-01-01 00:00:00,59.07,2.095,103.05,1236.7,607.3,33,0
12,2024-01-01 01:00:00,63.45,1.435,107.03,1280.7,548.3,24,0
12,2024-01-01 02:00:00,64.37,1.766,103.24,1225.6,658.7,24,0
12,2024-01-01 03:00:00,65.48,1.721,104.22,1223.9,628.8,24,0
12,2024-01-01 04:00:00,59.59,1.714,110.62,1278.5,599.2,24,0
12,2024-01-01 05:00:00,63.39,1.703,104.69,1244.3,622.5,27,0
12,2024-01-01 06:00:00,62.53,2.013,108.94,1199.8,666.5,32,0
12,2024-01-01 07:00:00,59.76,1.873,102.64,1199.4,625.3,32,0
12,2024-01-01 08:00:00,64.0,2.207,106.51,1273.8,564.0,29,0
12,2024-01-01 09:00:00,65.1,1.861,106.38,1215.2,617.5,37,0
12,2024-01-01 10:00:00,65.86,1.598,109.19,1243.5,588.9,32,0
12,2024-01-01 11:00:00,64.5,1.251,110.89,1195.0,616.8,32,0
12,2024-01-01 12:00:00,64.41,1.567,105.47,1274.3,599.0,24,0
12,2024-01-01 13:00:00,63.57,2.238,106.85,1261.3,608.7,32,0
12,2024-01-01 14:00:00,67.56,2.055,108.24,1222.9,662.4,39,0
12,2024-01-01 15:00:00,65.48,1.25,112.15,1264.3,640.3,33,0
12,2024-01-01 16:00:00,68.39,2.083,104.93,1237.3,657.9,25,0
12,2024-01-01 17:00:00,62.11,2.064,110.68,1203.8,632.4,27,0
12,2024-01-01 18:00:00,63.69,2.146,110.35,1220.5,610.3,37,0
12,2024-01-01 19:00:00,69.03,2.046,107.65,1253.3,631.8,33,0
12,2024-01-01 20:00:00,60.77,1.77,108.18,1214.7,582.8,27,0
12,2024-01-01 21:00:00,66.16,2.277,113.86,1221.8,636.1,35,0
12,2024-01-01 22:00:00,67.46,2.372,107.71,1292.1,625.5,30,0
12,2024-01-01 23:00:00,65.11,2.187,107.49,1236.1,599.5,27,0
12,2024-01-02 00:00:00,66.55,1.621,112.4,1214.5,596.2,32,0
12,2024-01-02 01:00:00,67.68,2.146,107.46,1223.5,618.4,31,0
12,2024-01-02 02:00:00,65.84,1.953,103.66,1226.8,664.8,21,0
12,2024-01-02 03:00:00,63.6,2.117,103.58,1270.9,639.5,24,0
12,2024-01-02 04:00:00,66.48,1.693,109.27,1209.1,675.9,38,0
12,2024-01-02 05:00:00,67.6,1.809,104.76,1188.8,656.6,30,0
12,2024-01-02 06:00:00,67.14,1.944,105.55,1246.5,568.6,41,0
12,2024-01-02 07:00:00,66.03,1.937,112.02,1218.1,568.0,41,0
12,2024-01-02 08:00:00,66.5,2.133,105.3,1204.9,634.0,26,0
12,2024-01-02 09:00:00,62.51,1.52,110.77,1243.5,612.2,31,0
12,2024-01-02 10:00:00,65.69,1.872,111.65,1263.8,680.8,31,0
12,2024-01-02 11:00:00,66.24,2.496,110.2,1214.1,609.1,30,0
12,2024-01-02 12:00:00,64.41,1.841,104.55,1202.6,573.5,36,0
12,2024-01-02 13:00:00,69.94,2.579,105.58,1236.8,631.6,31,0
12,2024-01-02 14:00:00,64.72,1.599,106.79,1210.3,630.5,30,0
12,2024-01-02 15:00:00,65.93,1.906,108.99,1213.9,701.9,23,0
12,2024-01-02 16:00:00,64.46,2.289,103.94,1244.8,628.6,32,0
12,2024-01-02 17:00:00,63.35,2.234,102.43,1265.3,592.5,30,0
12,2024-01-02 18:00:00,67.92,1.705,103.26,1232.5,671.4,40,0
12,2024-01-02 19:00:00,63.05,2.048,109.91,1251.6,583.7,37,0
12,2024-01-02 20:00:00,64.05,1.978,108.92,1243.0,661.7,24,0
12,2024-01-02 21:00:00,64.66,2.066,105.5,1225.1,608.8,29,0
12,2024-01-02 22:00:00,65.37,2.073,103.93,1204.2,616.7,25,0
12,2024-01-02 23:00:00,65.76,2.196,101.19,1272.8,615.6,33,0
12,2024-01-03 00:00:00,61.3,2.034,113.94,1227.4,699.1,30,0
12,2024-01-03 01:00:00,62.8,1.428,111.14,1246.6,667.5,26,0
13,2024-01-01 00:00:00,74.04,0.614,90.42,1393.6,675.1,35,0
13,2024-01-01 01:00:00,81.49,0.346,84.6,1391.3,660.2,29,0
13,2024-01-01 02:00:00,74.86,0.853,90.12,1329.5,605.3,25,0
13,2024-01-01 03:00:00,75.54,0.978,93.57,1400.7,612.7,29,0
13,2024-01-01 04:00:00,74.86,0.61,90.78,1355.9,689.4,30,0
13,2024-01-01 05:00:00,72.71,0.449,91.21,1360.0,671.9,22,0
13,2024-01-01 06:00:00,75.21,0.819,90.63,1407.8,598.7,31,0
13,2024-01-01 07:00:00,73.8,1.168,92.05,1389.6,624.4,30,0
13,2024-01-01 08:00:00,75.79,0.91,94.79,1387.7,608.9,29,0
13,2024-01-01 09:00:00,76.78,0.633,92.04,1412.5,632.4,32,0
13,2024-01-01 10:00:00,75.44,0.586,84.67,1411.4,646.1,27,0
13,2024-01-01 11:00:00,74.26,1.071,89.12,1364.2,644.8,33,0
13,2024-01-01 12:00:00,74.85,0.593,91.43,1384.1,662.9,31,0
13,2024-01-01 13:00:00,76.98,0.82,93.7,1331.8,613.4,31,0
13,2024-01-01 14:00:00,78.1,1.14,93.84,1417.7,617.9,33,0
13,2024-01-01 15:00:00,80.03,0.438,94.3,1379.3,729.0,32,0
13,2024-01-01 16:00:00,74.92,1.383,89.21,1370.0,677.8,30,0
13,2024-01-01 17:00:00,77.09,0.832,91.22,1420.4,713.3,29,0
13,2024-01-01 18:00:00,79.45,1.127,89.31,1424.7,629.9,16,0
13,2024-01-01 19:00:00,78.63,0.163,90.21,1376.9,642.1,37,0
13,2024-01-01 20:00:00,78.82,0.598,90.34,1434.4,686.0,35,0
13,2024-01-01 21:00:00,77.54,1.071,92.26,1424.4,666.7,36,0
13,2024-01-01 22:00:00,78.15,1.13,91.15,1329.2,626.1,36,0
13,2024-01-01 23:00:00,80.85,0.897,89.02,1392.4,664.5,28,0
13,2024-01-02 00:00:00,76.37,0.695,86.79,1400.2,721.5,26,0
13,2024-01-02 01:00:00,75.19,0.86,92.22,1426.2,668.2,30,0
13,2024-01-02 02:00:00,73.97,0.627,83.36,1401.3,741.0,27,0
13,2024-01-02 03:00:00,77.29,1.28,85.53,1404.5,610.9,23,0
13,2024-01-02 04:00:00,76.55,0.648,89.86,1396.8,666.3,26,0
13,2024-01-02 05:00:00,78.11,0.531,92.28,1388.4,626.7,33,0
13,2024-01-02 06:00:00,73.78,1.239,93.18,1383.0,646.4,29,0
13,2024-01-02 07:00:00,74.85,0.462,91.63,1412.9,701.4,34,0
13,2024-01-02 08:00:00,75.68,0.67,92.41,1389.2,747.2,24,0
13,2024-01-02 09:00:00,77.69,0.491,90.29,1404.9,703.7,34,0
13,2024-01-02 10:00:00,79.13,0.739,89.98,1361.5,618.7,29,0
13,2024-01-02 11:00:00,79.73,0.847,93.77,1395.1,708.9,35,0
13,2024-01-02 12:00:00,75.76,1.101,87.2,1448.7,710.6,20,0
13,2024-01-02 13:00:00,78.16,0.808,85.75,1384.8,671.6,26,0
13,2024-01-02 14:00:00,74.0,0.807,93.52,1375.7,649.7,29,0
13,2024-01-02 15:00:00,80.02,0.696,93.31,1392.7,694.9,30,0
13,2024-01-02 16:00:00,79.19,0.46,84.2,1363.5,655.5,32,0
13,2024-01-02 17:00:00,78.29,0.651,92.91,1385.9,716.8,33,0
13,2024-01-02 18:00:00,78.0,0.528,95.45,1446.6,681.6,26,0
13,2024-01-02 19:00:00,74.38,0.647,89.63,1357.9,704.6,28,0
13,2024-01-02 20:00:00,72.02,0.209,96.83,1453.6,649.2,26,0
13,2024-01-02 21:00:00,72.9,0.645,92.18,1376.1,645.5,24,0
13,2024-01-02 22:00:00,74.8,0.576,96.44,1372.7,628.1,30,0
13,2024-01-02 23:00:00,80.95,0.35,87.49,1375.9,697.6,34,0
13,2024-01-03 00:00:00,75.06,0.968,96.62,1407.4,697.4,27,0
13,2024-01-03 01:00:00,77.16,0.905,86.59,1367.8,733.0,26,0
14,2024-01-01 00:00:00,66.45,1.944,91.91,869.5,654.3,25,0
14,2024-01-01 01:00:00,69.8,2.004,94.63,863.9,654.8,26,0
14,2024-01-01 02:00:00,66.37,2.325,98.87,817.4,698.0,30,0
14,2024-01-01 03:00:00,68.99,1.798,95.66,819.3,699.7,35,0
14,2024-01-01 04:00:00,69.87,2.147,94.46,817.7,682.4,32,0
14,2024-01-01 05:00:00,64.11,2.248,94.6,877.0,680.9,28,0
14,2024-01-01 06:00:00,68.03,2.541,103.55,859.4,642.3,31,0
14,2024-01-01 07:00:00,68.51,2.168,95.27,878.0,733.8,30,0
14,2024-01-01 08:00:00,71.81,2.383,96.83,881.3,735.6,29,0
14,2024-01-01 09:00:00,67.36,1.796,91.34,916.5,683.4,36,0
14,2024-01-01 10:00:00,66.46,1.884,95.63,868.0,658.9,27,0
14,2024-01-01 11:00:00,69.62,1.957,100.59,896.5,729.3,34,0
14,2024-01-01 12:00:00,67.65,1.717,101.79,807.2,646.2,32,0
14,2024-01-01 13:00:00,65.67,2.086,91.73,838.2,736.9,32,0
14,2024-01-01 14:00:00,65.35,1.76,97.85,844.5,775.5,26,0
14,2024-01-01 15:00:00,68.64,2.014,98.37,867.4,765.5,26,0
14,2024-01-01 16:00:00,71.95,2.267,93.73,854.3,729.8,26,0
14,2024-01-01 17:00:00,70.76,1.78,97.69,893.4,724.7,28,0
14,2024-01-01 18:00:00,66.36,1.796,96.05,798.0,786.6,39,0
14,2024-01-01 19:00:00,64.8,2.33,103.78,854.1,699.9,21,0
14,2024-01-01 20:00:00,68.01,1.897,89.92,851.2,703.0,31,0
14,2024-01-01 21:00:00,70.35,1.688,100.9,845.0,770.9,34,0
14,2024-01-01 22:00:00,66.97,1.988,95.74,875.3,728.8,37,0
14,2024-01-01 23:00:00,66.97,2.434,95.72,801.4,669.8,38,0
14,2024-01-02 00:00:00,70.87,1.821,93.18,873.8,719.6,27,0
14,2024-01-02 01:00:00,68.57,1.996,93.5,851.2,754.3,30,0
14,2024-01-02 02:00:00,67.73,2.235,99.46,822.3,695.7,23,0
14,2024-01-02 03:00:00,68.74,2.28,94.75,794.5,797.7,38,0
14,2024-01-02 04:00:00,69.33,1.999,96.14,854.7,763.8,30,0
14,2024-01-02 05:00:00,65.32,2.336,91.79,844.4,730.7,34,0
14,2024-01-02 06:00:00,70.1,1.315,95.61,821.0,675.4,40,0
14,2024-01-02 07:00:00,68.21,2.191,94.87,864.3,699.7,26,0
14,2024-01-02 08:00:00,66.22,1.811,95.46,855.1,718.5,22,0
14,2024-01-02 09:00:00,69.24,2.532,93.88,929.8,670.9,30,0
14,2024-01-02 10:00:00,67.42,1.776,98.27,858.3,679.3,21,0
14,2024-01-02 11:00:00,69.53,1.905,92.48,854.0,728.3,34,0
14,2024-01-02 12:00:00,71.88,2.0,98.98,886.4,797.1,30,0
14,2024-01-02 13:00:00,68.43,1.898,93.33,885.9,688.2,35,0
14,2024-01-02 14:00:00,70.29,2.495,92.13,822.7,706.9,27,0
14,2024-01-02 15:00:00,66.09,2.371,97.57,852.7,678.1,36,0
14,2024-01-02 16:00:00,65.04,1.838,102.76,898.1,799.5,37,0
14,2024-01-02 17:00:00,67.64,1.452,93.84,868.3,775.3,24,0
14,2024-01-02 18:00:00,66.03,2.417,94.05,891.3,775.4,25,0
14,2024-01-02 19:00:00,66.2,2.172,98.76,878.9,775.2,28,0
14,2024-01-02 20:00:00,66.93,1.4,97.04,874.3,818.2,32,0
14,2024-01-02 21:00:00,67.46,2.085,94.82,866.2,772.8,30,0
14,2024-01-02 22:00:00,67.99,1.457,96.91,897.4,700.0,20,0
14,2024-01-02 23:00:00,66.97,2.183,90.02,891.4,803.3,39,0
14,2024-01-03 00:00:00,69.28,1.7,95.58,848.6,676.6,33,0
14,2024-01-03 01:00:00,67.06,1.622,95.76,813.3,774.6,34,0
15,2024-01-01 00:00:00,65.79,1.057,106.26,970.6,799.3,36,0
15,2024-01-01 01:00:00,67.24,0.291,102.08,944.6,682.6,27,0
15,2024-01-01 02:00:00,68.71,0.496,106.77,975.9,728.2,33,0
15,2024-01-01 03:00:00,64.86,0.665,103.25,993.9,800.5,26,0
15,2024-01-01 04:00:00,72.04,0.798,103.19,961.1,685.1,27,0
15,2024-01-01 05:00:00,63.85,0.56,109.09,988.7,819.8,28,0
15,2024-01-01 06:00:00,68.15,0.503,104.6,970.9,709.0,29,0
15,2024-01-01 07:00:00,71.53,0.173,103.77,962.1,695.6,28,0
15,2024-01-01 08:00:00,72.07,0.803,102.37,951.8,753.3,27,0
15,2024-01-01 09:00:00,70.82,0.625,106.62,1025.4,808.6,22,0
15,2024-01-01 10:00:00,70.22,1.199,106.45,992.6,809.4,28,0
15,2024-01-01 11:00:00,66.57,0.347,105.2,929.5,705.3,41,0
15,2024-01-01 12:00:00,72.36,0.522,101.61,1025.2,743.0,30,0
15,2024-01-01 13:00:00,72.52,0.957,105.91,960.8,724.3,38,0
15,2024-01-01 14:00:00,70.55,0.704,101.52,980.8,800.9,28,0
15,2024-01-01 15:00:00,69.23,0.461,104.87,962.6,718.9,41,0
15,2024-01-01 16:00:00,69.86,-0.494,108.41,952.8,770.7,31,0
15,2024-01-01 17:00:00,67.87,0.409,107.25,999.6,729.4,26,0
15,2024-01-01 18:00:00,71.62,0.849,100.71,973.2,780.3,42,0
15,2024-01-01 19:00:00,68.6,0.624,98.39,1045.5,737.9,28,0
15,2024-01-01 20:00:00,71.52,0.506,106.21,959.9,817.6,35,0
15,2024-01-01 21:00:00,67.3,0.461,106.18,924.6,826.5,26,0
15,2024-01-01 22:00:00,67.95,0.344,103.28,1031.4,808.4,36,0
15,2024-01-01 23:00:00,70.31,0.453,105.87,1028.8,698.5,27,0
15,2024-01-02 00:00:00,70.57,0.916,102.13,1009.2,841.0,27,0
15,2024-01-02 01:00:00,68.55,0.387,105.3,947.1,720.3,38,0
15,2024-01-02 02:00:00,68.28,0.981,103.38,1027.7,852.8,28,0
15,2024-01-02 03:00:00,70.38,0.697,102.84,983.2,779.7,30,0
15,2024-01-02 04:00:00,70.77,0.564,105.08,960.8,823.1,34,0
15,2024-01-02 05:00:00,70.98,0.389,101.06,1054.6,756.1,32,0
15,2024-01-02 06:00:00,72.29,0.597,106.01,1020.1,841.7,22,0
15,2024-01-02 07:00:00,70.99,0.787,107.05,954.5,766.4,36,0
15,2024-01-02 08:00:00,69.74,0.624,103.75,1018.9,791.5,27,0
15,2024-01-02 09:00:00,66.68,0.51,104.36,930.1,737.6,32,0
15,2024-01-02 10:00:00,70.51,1.162,105.69,976.6,811.2,38,0
15,2024-01-02 11:00:00,68.9,0.772,102.63,994.0,813.2,36,0
15,2024-01-02 12:00:00,70.55,0.437,105.7,969.0,802.7,29,0
15,2024-01-02 13:00:00,70.09,0.583,109.38,1026.6,722.8,36,0
15,2024-01-02 14:00:00,68.75,0.676,105.38,1007.0,717.7,26,0
15,2024-01-02 15:00:00,64.78,0.954,100.06,954.9,765.2,34,0
15,2024-01-02 16:00:00,73.28,1.323,112.49,975.3,728.3,34,0
15,2024-01-02 17:00:00,68.96,0.721,105.11,992.2,807.3,27,0
15,2024-01-02 18:00:00,68.08,0.36,98.62,965.5,842.5,23,0
15,2024-01-02 19:00:00,67.47,0.519,104.96,948.3,851.0,38,0
15,2024-01-02 20:00:00,68.7,0.608,103.09,971.2,719.1,39,0
15,2024-01-02 21:00:00,71.98,0.958,100.16,1023.8,761.9,31,0
15,2024-01-02 22:00:00,69.98,0.161,103.4,1025.9,781.6,30,0
15,2024-01-02 23:00:00,65.41,0.693,99.6,998.4,821.5,33,0
15,2024-01-03 00:00:00,66.53,0.9,103.12,943.4,874.4,31,0
15,2024-01-03 01:00:00,69.54,0.492,101.59,1007.1,744.9,28,0
16,2024-01-01 00:00:00,74.58,1.291,100.78,1289.4,725.7,33,0
16,2024-01-01 01:00:00,77.24,0.842,104.66,1319.3,852.4,30,0
16,2024-01-01 02:00:00,75.27,1.743,104.47,1279.4,810.6,40,0
16,2024-01-01 03:00:00,76.76,1.524,102.7,1317.5,731.2,35,0
16,2024-01-01 04:00:00,80.93,1.388,98.1,1275.6,797.2,30,0
16,2024-01-01 05:00:00,75.77,1.533,102.6,1363.9,785.0,32,0
16,2024-01-01 06:00:00,76.15,1.019,106.42,1328.2,763.2,30,0
16,2024-01-01 07:00:00,75.79,0.943,103.75,1296.4,779.8,22,0
16,2024-01-01 08:00:00,73.55,1.373,107.06,1332.3,769.3,33,0
16,2024-01-01 09:00:00,72.57,1.157,104.63,1344.9,781.9,36,0
16,2024-01-01 10:00:00,72.63,1.0,104.93,1289.2,732.2,33,0
16,2024-01-01 11:00:00,77.02,1.941,106.76,1339.5,882.7,36,0
16,2024-01-01 12:00:00,75.91,0.549,103.41,1328.9,865.6,28,0
16,2024-01-01 13:00:00,75.08,1.075,102.69,1303.1,841.8,37,0
16,2024-01-01 14:00:00,79.25,0.919,102.47,1325.3,778.4,43,0
16,2024-01-01 15:00:00,73.89,1.097,98.53,1316.6,738.2,25,0
16,2024-01-01 16:00:00,79.0,1.125,104.4,1285.0,862.7,26,0
16,2024-01-01 17:00:00,77.49,0.793,103.27,1329.8,886.8,30,0
16,2024-01-01 18:00:00,75.34,1.081,104.31,1281.8,881.4,36,0
16,2024-01-01 19:00:00,78.12,1.003,103.56,1308.5,821.1,35,0
16,2024-01-01 20:00:00,76.67,1.114,104.02,1334.5,827.4,30,0
16,2024-01-01 21:00:00,75.56,0.84,105.36,1257.7,764.2,35,0
16,2024-01-01 22:00:00,75.74,1.174,102.92,1264.3,793.6,27,0
16,2024-01-01 23:00:00,76.42,1.831,103.47,1247.4,797.4,33,0
16,2024-01-02 00:00:00,78.52,0.788,104.23,1304.3,898.6,36,0
16,2024-01-02 01:00:00,76.8,0.984,102.35,1272.0,802.0,35,0
16,2024-01-02 02:00:00,76.0,1.165,102.99,1301.8,802.1,26,0
16,2024-01-02 03:00:00,73.6,1.392,101.97,1292.9,771.8,30,0
16,2024-01-02 04:00:00,74.88,1.432,105.97,1216.3,790.5,22,0
16,2024-01-02 05:00:00,76.55,1.762,106.22,1335.0,858.7,37,0
16,2024-01-02 06:00:00,75.32,1.146,105.95,1329.2,756.0,32,0
16,2024-01-02 07:00:00,74.89,1.899,106.2,1328.5,816.0,26,0
16,2024-01-02 08:00:00,80.35,1.599,103.09,1295.4,866.1,37,0
16,2024-01-02 09:00:00,78.62,1.191,104.01,1299.4,914.8,29,0
16,2024-01-02 10:00:00,75.81,1.169,99.04,1287.9,867.4,31,0
16,2024-01-02 11:00:00,75.73,0.943,99.78,1291.4,897.0,31,0
16,2024-01-02 12:00:00,77.54,0.45,103.33,1295.8,801.0,32,0
16,2024-01-02 13:00:00,76.75,1.448,108.46,1315.6,815.0,28,0
16,2024-01-02 14:00:00,74.88,1.343,105.59,1303.4,766.6,36,0
16,2024-01-02 15:00:00,79.29,0.367,101.69,1303.4,829.7,31,0
16,2024-01-02 16:00:00,75.71,1.24,101.74,1285.2,885.7,37,0
16,2024-01-02 17:00:00,78.28,1.119,98.44,1286.6,768.9,35,0
16,2024-01-02 18:00:00,77.04,1.191,101.17,1344.4,832.4,21,0
16,2024-01-02 19:00:00,75.06,1.184,100.88,1285.1,799.6,33,0
16,2024-01-02 20:00:00,74.83,1.551,104.94,1271.4,903.5,34,0
16,2024-01-02 21:00:00,76.43,1.538,104.98,1287.0,849.5,29,0
16,2024-01-02 22:00:00,75.91,1.064,109.52,1327.3,870.8,24,0
16,2024-01-02 23:00:00,76.41,0.917,105.15,1340.8,822.2,30,0
16,2024-01-03 00:00:00,73.81,0.983,106.71,1279.4,797.5,44,0
16,2024-01-03 01:00:00,75.69,1.144,100.78,1343.2,821.7,36,0
17,2024-01-01 00:00:00,61.77,0.587,100.15,1065.0,906.6,33,0
17,2024-01-01 01:00:00,62.83,0.603,96.52,1101.9,923.3,37,0
17,2024-01-01 02:00:00,60.92,0.81,99.29,1049.5,847.8,37,0
17,2024-01-01 03:00:00,65.32,1.074,89.28,1044.6,903.1,26,0
17,2024-01-01 04:00:00,64.29,1.376,96.39,1014.5,934.2,30,0
17,2024-01-01 05:00:00,60.6,1.263,101.83,977.0,928.9,28,0
17,2024-01-01 06:00:00,67.72,1.072,94.92,1075.3,796.6,19,0
17,2024-01-01 07:00:00,69.14,1.241,92.22,1094.9,842.3,36,0
17,2024-01-01 08:00:00,65.07,1.143,95.66,1013.9,819.4,34,0
17,2024-01-01 09:00:00,62.46,1.41,99.28,1053.6,836.9,25,0
17,2024-01-01 10:00:00,67.23,1.457,99.88,1000.4,933.8,24,0
17,2024-01-01 11:00:00,67.42,0.945,97.75,981.6,835.8,38,0
17,2024-01-01 12:00:00,62.89,1.341,99.67,1010.5,853.1,41,0
17,2024-01-01 13:00:00,66.58,1.769,93.09,1010.1,784.1,37,0
17,2024-01-01 14:00:00,64.63,1.58,96.72,1050.3,875.1,30,0
17,2024-01-01 15:00:00,66.0,1.257,102.24,1052.8,822.4,28,0
17,2024-01-01 16:00:00,63.76,1.363,96.09,1010.3,782.1,26,0
17,2024-01-01 17:00:00,61.38,1.326,101.84,1066.5,903.8,28,0
17,2024-01-01 18:00:00,62.03,0.967,99.11,1066.0,841.3,24,0
17,2024-01-01 19:00:00,64.41,1.144,95.52,1031.2,874.6,26,0
17,2024-01-01 20:00:00,64.43,0.524,96.73,1040.3,840.3,28,0
17,2024-01-01 21:00:00,64.06,1.321,96.12,1034.8,838.7,33,0
17,2024-01-01 22:00:00,64.77,0.905,94.84,1053.0,877.6,26,0
17,2024-01-01 23:00:00,63.34,0.875,96.5,1067.5,862.4,34,0
17,2024-01-02 00:00:00,62.81,1.357,94.15,1072.6,905.3,31,0
17,2024-01-02 01:00:00,64.99,0.805,90.03,1031.7,937.0,28,0
17,2024-01-02 02:00:00,65.98,1.368,97.83,1063.1,881.9,19,0
17,2024-01-02 03:00:00,64.44,1.242,96.59,1064.7,960.7,32,0
17,2024-01-02 04:00:00,64.23,1.414,97.13,1024.6,902.6,32,0
17,2024-01-02 05:00:00,62.92,0.863,98.41,1042.2,859.6,32,0
17,2024-01-02 06:00:00,62.05,1.227,97.65,1021.8,799.7,36,0
17,2024-01-02 07:00:00,60.14,0.411,96.96,1048.1,867.5,26,0
17,2024-01-02 08:00:00,64.02,0.757,99.51,1046.5,843.1,24,0
17,2024-01-02 09:00:00,59.43,0.922,101.67,1057.7,953.9,38,0
17,2024-01-02 10:00:00,61.49,1.679,93.37,1064.1,842.4,23,0
17,2024-01-02 11:00:00,62.73,0.798,98.06,1063.6,839.9,45,0
17,2024-01-02 12:00:00,63.16,1.141,91.19,1068.9,926.9,16,0
17,2024-01-02 13:00:00,61.23,1.204,93.33,1047.9,807.4,43,0
17,2024-01-02 14:00:00,63.51,0.715,93.37,1111.3,967.4,32,0
17,2024-01-02 15:00:00,63.27,1.135,95.65,1050.2,929.9,24,0
17,2024-01-02 16:00:00,63.08,1.355,99.07,1033.9,970.4,42,0
17,2024-01-02 17:00:00,65.45,0.629,97.68,1089.6,878.3,34,0
17,2024-01-02 18:00:00,64.86,1.061,95.82,1087.6,883.1,34,0
17,2024-01-02 19:00:00,67.08,0.991,96.1,982.2,949.7,32,0
17,2024-01-02 20:00:00,65.31,1.375,95.9,1010.8,879.9,36,0
17,2024-01-02 21:00:00,59.1,1.099,91.16,1024.5,872.8,34,0
17,2024-01-02 22:00:00,63.81,1.276,97.16,1020.5,891.6,24,0
17,2024-01-02 23:00:00,63.53,1.415,96.99,1053.0,905.1,25,0
17,2024-01-03 00:00:00,63.08,1.28,97.61,1010.2,880.0,29,0
17,2024-01-03 01:00:00,63.1,0.977,96.03,1045.2,932.5,25,0
18,2024-01-01 00:00:00,63.02,0.667,126.11,1149.4,882.5,27,0
18,2024-01-01 01:00:00,60.89,0.914,126.05,1162.9,882.7,27,0
18,2024-01-01 02:00:00,63.6,0.87,116.15,1066.3,919.7,37,0
18,2024-01-01 03:00:00,59.19,0.72,124.54,1115.8,964.1,31,0
18,2024-01-01 04:00:00,63.3,0.726,124.78,1125.0,835.6,36,0
18,2024-01-01 05:00:00,62.54,0.827,121.66,1078.7,937.4,32,0
18,2024-01-01 06:00:00,58.13,0.664,118.11,1127.0,905.2,22,0
18,2024-01-01 07:00:00,60.79,0.7,121.85,1110.1,963.4,22,0
18,2024-01-01 08:00:00,63.97,1.181,121.96,1135.2,980.6,27,0
18,2024-01-01 09:00:00,58.97,0.837,123.26,1091.8,964.6,28,0
18,2024-01-01 10:00:00,61.01,0.716,119.41,1101.4,844.4,31,0
18,2024-01-01 11:00:00,61.2,1.345,121.75,1111.6,889.3,32,0
18,2024-01-01 12:00:00,64.77,0.708,116.4,1049.1,969.4,28,0
18,2024-01-01 13:00:00,62.09,1.21,116.06,1077.2,1004.0,32,0
18,2024-01-01 14:00:00,63.8,0.942,117.07,1089.1,988.1,27,0
18,2024-01-01 15:00:00,60.27,0.649,119.75,1121.7,957.0,27,0
18,2024-01-01 16:00:00,59.74,0.487,120.05,1068.0,887.7,23,0
18,2024-01-01 17:00:00,63.83,0.321,117.52,1153.5,899.2,20,0
18,2024-01-01 18:00:00,66.83,0.768,121.76,1079.0,845.3,33,0
18,2024-01-01 19:00:00,64.98,0.728,116.99,1132.9,907.6,36,0
18,2024-01-01 20:00:00,60.59,0.814,117.75,1121.7,921.5,39,0
18,2024-01-01 21:00:00,58.25,0.984,117.73,1083.5,885.3,23,0
18,2024-01-01 22:00:00,62.24,0.293,122.43,1114.3,936.6,29,0
18,2024-01-01 23:00:00,63.33,0.797,119.09,1073.2,897.8,34,0
18,2024-01-02 00:00:00,60.5,0.733,115.61,1114.5,888.8,40,0
18,2024-01-02 01:00:00,60.45,1.118,124.33,1097.3,1002.6,30,0
18,2024-01-02 02:00:00,61.42,0.801,121.81,1093.7,973.7,31,0
18,2024-01-02 03:00:00,62.5,1.05,118.75,1112.3,838.2,32,0
18,2024-01-02 04:00:00,63.39,0.373,118.97,1143.2,994.1,30,0
18,2024-01-02 05:00:00,60.11,0.942,113.68,1139.8,846.4,22,0
18,2024-01-02 06:00:00,59.96,0.951,117.76,1155.7,977.7,35,0
18,2024-01-02 07:00:00,61.65,1.055,122.02,1089.5,880.9,26,0
18,2024-01-02 08:00:00,58.34,0.862,116.41,1091.6,916.4,21,0
18,2024-01-02 09:00:00,62.9,0.885,116.74,1074.7,974.4,30,0
18,2024-01-02 10:00:00,59.76,0.692,122.5,1074.8,900.5,28,0
18,2024-01-02 11:00:00,63.7,0.869,116.81,1102.9,951.7,26,0
18,2024-01-02 12:00:00,60.8,1.096,117.99,1108.3,987.2,30,0
18,2024-01-02 13:00:00,62.26,0.857,121.49,1063.5,1000.1,24,0
18,2024-01-02 14:00:00,60.06,0.834,114.39,1087.3,907.7,34,0
18,2024-01-02 15:00:00,62.34,0.693,115.47,1142.0,930.2,34,0
18,2024-01-02 16:00:00,60.31,0.941,123.67,1125.0,941.9,36,0
18,2024-01-02 17:00:00,65.17,1.174,118.7,1127.2,925.0,28,0
18,2024-01-02 18:00:00,65.38,1.209,119.13,1090.7,954.5,32,0
18,2024-01-02 19:00:00,59.25,1.003,122.72,1137.7,898.1,27,0
18,2024-01-02 20:00:00,58.8,0.75,122.38,1087.4,864.1,29,0
18,2024-01-02 21:00:00,59.92,0.207,121.61,1096.4,1037.4,33,0
18,2024-01-02 22:00:00,60.02,0.722,121.66,1144.9,1012.6,33,0
18,2024-01-02 23:00:00,60.42,0.655,121.16,1077.8,908.1,28,0
18,2024-01-03 00:00:00,58.13,0.906,121.17,1120.5,921.9,28,0
18,2024-01-03 01:00:00,64.25,1.186,117.08,1099.8,1023.1,31,0
19,2024-01-01 00:00:00,61.71,1.762,106.76,1242.0,984.1,27,0
19,2024-01-01 01:00:00,62.16,1.866,108.56,1303.2,1042.9,32,0
19,2024-01-01 02:00:00,61.07,1.374,107.8,1187.9,949.2,27,0
19,2024-01-01 03:00:00,62.0,1.592,109.61,1229.0,1028.9,22,0
19,2024-01-01 04:00:00,63.7,1.774,109.37,1269.0,965.7,30,0
19,2024-01-01 05:00:00,60.76,1.639,107.77,1218.4,882.3,40,0
19,2024-01-01 06:00:00,59.4,1.091,105.03,1277.5,1049.7,25,0
19,2024-01-01 07:00:00,60.03,1.875,102.39,1184.6,951.2,26,0
19,2024-01-01 08:00:00,61.01,1.335,111.73,1185.2,914.7,24,0
19,2024-01-01 09:00:00,58.76,1.249,104.26,1219.9,1049.2,29,0
19,2024-01-01 10:00:00,62.93,1.431,108.27,1231.4,1047.7,27,0
19,2024-01-01 11:00:00,61.0,1.758,111.8,1191.1,1021.0,19,0
19,2024-01-01 12:00:00,60.12,1.25,109.74,1247.7,955.0,35,0
19,2024-01-01 13:00:00,59.3,1.672,110.43,1215.0,943.1,28,0
19,2024-01-01 14:00:00,61.75,1.481,110.22,1176.6,962.0,29,0
19,2024-01-01 15:00:00,62.25,1.621,106.74,1262.0,898.7,31,0
19,2024-01-01 16:00:00,58.32,1.391,110.58,1239.9,1057.2,23,0
19,2024-01-01 17:00:00,60.58,2.001,107.74,1194.4,1031.3,29,0
19,2024-01-01 18:00:00,62.25,1.901,102.18,1220.6,918.5,36,0
19,2024-01-01 19:00:00,61.68,1.572,109.0,1241.7,1030.4,27,0
19,2024-01-01 20:00:00,58.25,1.404,105.13,1204.2,899.5,31,0
19,2024-01-01 21:00:00,59.46,1.204,106.47,1192.3,891.1,25,0
19,2024-01-01 22:00:00,60.18,1.524,106.41,1247.6,900.9,33,0
19,2024-01-01 23:00:00,62.52,1.249,109.08,1233.3,1043.8,24,0
19,2024-01-02 00:00:00,62.09,1.565,104.79,1281.2,991.9,32,0
19,2024-01-02 01:00:00,61.41,1.486,111.89,1256.0,894.9,20,0
19,2024-01-02 02:00:00,60.57,1.49,110.92,1240.9,904.6,26,0
19,2024-01-02 03:00:00,63.58,1.995,105.96,1253.7,1055.6,28,0
19,2024-01-02 04:00:00,59.39,1.639,102.96,1261.2,986.1,28,0
19,2024-01-02 05:00:00,62.83,1.736,110.08,1208.2,1021.5,38,0
19,2024-01-02 06:00:00,60.33,2.113,107.54,1176.3,958.1,36,0
19,2024-01-02 07:00:00,59.67,1.283,109.29,1198.8,1051.6,41,0
19,2024-01-02 08:00:00,62.9,1.513,106.69,1228.7,989.4,34,0
19,2024-01-02 09:00:00,64.48,1.409,105.08,1177.0,924.8,28,0
19,2024-01-02 10:00:00,59.6,1.358,112.33,1234.9,1004.3,33,0
19,2024-01-02 11:00:00,62.5,1.771,106.28,1232.8,1034.9,26,0
19,2024-01-02 12:00:00,63.3,1.827,110.58,1231.1,921.5,33,0
19,2024-01-02 13:00:00,64.18,1.591,108.85,1222.2,915.3,30,0
19,2024-01-02 14:00:00,62.46,1.409,107.2,1220.4,998.0,22,0
19,2024-01-02 15:00:00,61.34,1.652,109.26,1236.8,1054.0,31,0
19,2024-01-02 16:00:00,59.67,1.747,109.52,1188.6,1039.1,33,0
19,2024-01-02 17:00:00,61.19,1.728,106.95,1192.3,919.1,24,0
19,2024-01-02 18:00:00,63.51,1.492,109.15,1198.0,1014.5,34,0
19,2024-01-02 19:00:00,59.52,1.157,106.8,1195.7,977.0,34,0
19,2024-01-02 20:00:00,60.65,1.396,101.81,1209.6,929.3,29,0
19,2024-01-02 21:00:00,60.06,2.13,107.27,1233.5,1059.7,25,0
19,2024-01-02 22:00:00,62.85,1.089,109.53,1148.2,1006.2,23,0
19,2024-01-02 23:00:00,59.74,1.489,104.53,1174.8,1028.2,39,0
19,2024-01-03 00:00:00,62.07,1.931,102.81,1218.9,1074.7,21,0
19,2024-01-03 01:00:00,61.96,1.926,109.45,1265.1,942.6,30,0
20,2024-01-01 00:00:00,69.11,1.608,98.13,958.6,941.1,34,0
20,2024-01-01 01:00:00,67.87,1.344,94.31,988.6,1096.8,28,0
20,2024-01-01 02:00:00,69.76,1.838,94.42,956.0,1064.7,37,0
20,2024-01-01 03:00:00,70.46,1.464,95.61,921.7,974.6,29,0
20,2024-01-01 04:00:00,73.06,1.609,97.43,952.8,915.0,24,0
20,2024-01-01 05:00:00,68.78,1.352,97.04,919.5,963.3,29,0
20,2024-01-01 06:00:00,69.47,1.823,98.47,909.5,953.2,30,0
20,2024-01-01 07:00:00,71.48,1.438,95.66,917.2,907.5,29,0
20,2024-01-01 08:00:00,71.61,1.622,92.32,921.4,910.7,42,0
20,2024-01-01 09:00:00,70.16,1.604,91.4,943.9,1037.0,36,0
20,2024-01-01 10:00:00,73.07,1.811,93.42,921.8,949.6,24,0
20,2024-01-01 11:00:00,69.07,1.643,86.66,972.1,1077.3,29,0
20,2024-01-01 12:00:00,74.2,1.379,93.65,936.7,993.2,26,0
20,2024-01-01 13:00:00,69.12,1.943,97.27,875.0,1025.3,39,0
20,2024-01-01 14:00:00,70.79,1.274,95.15,957.1,1104.1,26,0
20,2024-01-01 15:00:00,70.83,1.648,92.02,891.3,935.1,24,0
20,2024-01-01 16:00:00,69.19,1.384,96.3,966.8,1099.1,46,0
20,2024-01-01 17:00:00,70.41,1.444,95.11,866.4,957.2,32,0
20,2024-01-01 18:00:00,71.53,1.386,90.3,940.8,1000.1,41,0
20,2024-01-01 19:00:00,68.93,1.608,94.07,942.4,1072.4,26,0
20,2024-01-01 20:00:00,70.5,1.717,100.39,952.7,938.2,27,0
20,2024-01-01 21:00:00,74.39,1.907,96.82,911.0,1068.8,34,0
20,2024-01-01 22:00:00,70.88,1.72,92.65,951.1,1036.1,31,0
20,2024-01-01 23:00:00,68.29,1.51,97.42,931.6,1108.2,32,0
20,2024-01-02 00:00:00,68.87,1.841,93.65,908.7,1057.8,36,0
20,2024-01-02 01:00:00,71.27,1.749,98.36,903.4,977.9,17,0
20,2024-01-02 02:00:00,71.4,1.728,92.58,918.3,1067.5,34,0
20,2024-01-02 03:00:00,69.41,2.468,89.8,895.0,978.9,21,0
20,2024-01-02 04:00:00,69.08,2.08,95.32,923.7,1077.1,24,0
20,2024-01-02 05:00:00,69.16,2.1,97.11,918.7,939.4,32,0
20,2024-01-02 06:00:00,70.67,2.004,90.38,926.8,927.3,27,0
20,2024-01-02 07:00:00,69.02,1.59,97.35,929.2,1058.6,31,0
20,2024-01-02 08:00:00,69.65,1.104,90.72,925.1,1027.8,38,0
20,2024-01-02 09:00:00,67.31,2.304,87.93,923.2,1128.2,24,0
20,2024-01-02 10:00:00,73.51,1.511,88.74,888.7,939.8,27,0
20,2024-01-02 11:00:00,67.64,1.724,92.8,938.5,1064.9,37,0
20,2024-01-02 12:00:00,67.96,1.244,94.45,917.4,1031.1,37,0
20,2024-01-02 13:00:00,75.62,1.333,97.84,940.2,966.6,34,0
20,2024-01-02 14:00:00,68.4,1.861,92.81,907.6,1118.8,18,0
20,2024-01-02 15:00:00,69.78,1.033,96.01,932.4,1109.7,22,0
20,2024-01-02 16:00:00,70.71,1.962,95.09,942.9,981.8,36,0
20,2024-01-02 17:00:00,73.1,1.489,94.1,868.6,1136.8,27,0
20,2024-01-02 18:00:00,73.19,1.464,94.73,917.2,1057.9,36,0
20,2024-01-02 19:00:00,72.82,1.583,97.5,903.7,1059.9,30,0
20,2024-01-02 20:00:00,71.21,1.348,92.18,922.8,1082.8,29,0
20,2024-01-02 21:00:00,68.85,1.736,99.5,935.1,1032.0,37,0
20,2024-01-02 22:00:00,68.85,2.13,97.82,897.6,1078.7,24,0
20,2024-01-02 23:00:00,73.83,1.783,95.69,925.4,1095.3,29,0
20,2024-01-03 00:00:00,67.9,1.554,97.21,931.8,1002.3,31,0
20,2024-01-03 01:00:00,67.31,1.418,97.22,910.0,1007.9,29,0
21,2024-01-01 00:00:00,62.1,1.208,87.5,1313.1,1104.4,21,0
21,2024-01-01 01:00:00,63.69,2.506,88.0,1230.9,1124.7,23,0
21,2024-01-01 02:00:00,64.04,1.894,88.85,1277.1,974.8,25,0
21,2024-01-01 03:00:00,60.24,1.41,81.95,1241.5,999.0,24,0
21,2024-01-01 04:00:00,64.1,1.536,91.68,1279.1,976.8,30,0
21,2024-01-01 05:00:00,57.56,1.843,82.07,1240.4,958.0,24,0
21,2024-01-01 06:00:00,63.59,2.058,93.39,1301.6,1050.9,32,0
21,2024-01-01 07:00:00,63.18,2.281,84.14,1262.4,1069.7,28,0
21,2024-01-01 08:00:00,59.88,2.151,92.09,1270.8,1012.5,24,0
21,2024-01-01 09:00:00,61.83,2.055,83.55,1264.0,1133.0,36,0
21,2024-01-01 10:00:00,61.94,1.889,87.24,1275.3,989.7,32,0
21,2024-01-01 11:00:00,60.13,1.732,88.75,1326.1,978.2,31,0
21,2024-01-01 12:00:00,58.82,1.75,87.11,1257.1,1123.0,27,0
21,2024-01-01 13:00:00,59.67,1.628,87.12,1257.1,1024.3,34,0
21,2024-01-01 14:00:00,60.29,1.772,87.92,1256.1,1102.0,34,0
21,2024-01-01 15:00:00,59.68,1.628,91.79,1256.6,1057.5,35,0
21,2024-01-01 16:00:00,60.32,2.098,91.13,1295.3,1159.3,28,0
21,2024-01-01 17:00:00,58.67,1.59,87.22,1282.5,1108.3,26,0
21,2024-01-01 18:00:00,61.24,1.979,88.68,1290.7,988.4,28,0
21,2024-01-01 19:00:00,59.28,1.691,88.47,1223.8,988.0,24,0
21,2024-01-01 20:00:00,58.18,1.999,88.66,1259.2,992.3,28,0
21,2024-01-01 21:00:00,64.44,1.756,86.45,1259.9,992.0,33,0
21,2024-01-01 22:00:00,61.55,1.513,90.83,1263.0,1152.6,30,0
21,2024-01-01 23:00:00,62.5,1.744,86.86,1298.7,1064.4,35,0
21,2024-01-02 00:00:00,59.71,1.788,89.82,1279.0,1066.7,32,0
21,2024-01-02 01:00:00,62.53,1.55,89.97,1269.3,1117.3,32,0
21,2024-01-02 02:00:00,62.56,1.657,81.74,1284.0,976.2,37,0
21,2024-01-02 03:00:00,62.94,1.892,90.64,1299.1,1065.5,24,0
21,2024-01-02 04:00:00,58.53,1.915,89.64,1309.6,1163.0,32,0
21,2024-01-02 05:00:00,63.22,1.77,88.6,1272.6,1169.1,20,0
21,2024-01-02 06:00:00,60.7,1.609,90.43,1226.3,979.6,35,0
21,2024-01-02 07:00:00,61.3,2.313,89.86,1282.3,1015.1,32,0
21,2024-01-02 08:00:00,59.57,1.614,89.19,1249.9,1052.0,37,0
21,2024-01-02 09:00:00,63.96,1.657,88.21,1340.1,1173.2,28,0
21,2024-01-02 10:00:00,62.71,1.61,87.05,1299.4,1022.6,31,0
21,2024-01-02 11:00:00,63.6,1.736,93.19,1287.2,1065.3,30,0
21,2024-01-02 12:00:00,59.99,1.922,85.15,1321.9,1105.3,25,0
21,2024-01-02 13:00:00,61.87,1.868,80.12,1323.5,1169.7,45,0
21,2024-01-02 14:00:00,58.44,1.89,89.88,1245.2,1005.5,27,0
21,2024-01-02 15:00:00,60.94,1.466,88.8,1264.4,1065.3,29,0
21,2024-01-02 16:00:00,61.88,1.85,91.95,1302.0,1047.2,35,0
21,2024-01-02 17:00:00,61.78,2.183,85.89,1239.5,995.7,33,0
21,2024-01-02 18:00:00,63.42,2.103,84.94,1302.3,1073.4,29,0
21,2024-01-02 19:00:00,60.25,1.783,92.74,1245.8,1086.3,30,0
21,2024-01-02 20:00:00,60.84,1.8,85.21,1265.2,1166.7,38,0
21,2024-01-02 21:00:00,60.33,1.887,91.06,1263.3,1062.7,35,0
21,2024-01-02 22:00:00,62.7,1.316,87.93,1256.5,1062.5,31,0
21,2024-01-02 23:00:00,62.87,1.398,92.86,1273.6,1002.6,23,0
21,2024-01-03 00:00:00,63.04,1.809,90.29,1308.3,1178.1,40,0
21,2024-01-03 01:00:00,62.85,1.757,88.34,1225.3,1205.9,29,0
22,2024-01-01 00:00:00,71.18,1.322,100.64,810.9,1028.6,37,0
22,2024-01-01 01:00:00,73.03,1.285,101.35,803.3,1008.9,29,0
22,2024-01-01 02:00:00,68.72,1.513,99.8,824.8,1084.9,24,0
22,2024-01-01 03:00:00,70.49,0.934,101.57,830.5,1140.0,29,0
22,2024-01-01 04:00:00,69.73,1.633,102.44,830.6,994.6,30,0
22,2024-01-01 05:00:00,75.61,1.264,98.41,779.1,1081.8,32,0
22,2024-01-01 06:00:00,73.29,1.94,95.63,767.0,1029.1,23,0
22,2024-01-01 07:00:00,71.39,1.393,97.69,784.2,1205.5,23,0
22,2024-01-01 08:00:00,70.97,1.069,100.05,784.4,1070.1,37,0
22,2024-01-01 09:00:00,72.71,1.453,101.83,827.4,1114.1,36,0
22,2024-01-01 10:00:00,70.94,1.554,101.52,817.4,1142.2,28,0
22,2024-01-01 11:00:00,72.02,1.197,100.51,783.1,1175.2,30,0
22,2024-01-01 12:00:00,71.23,1.872,97.23,821.3,1140.5,34,0
22,2024-01-01 13:00:00,70.98,1.593,104.32,788.8,1010.6,31,0
22,2024-01-01 14:00:00,70.03,1.509,96.84,843.6,1097.2,27,0
22,2024-01-01 15:00:00,71.61,1.326,102.15,805.3,1086.4,24,0
22,2024-01-01 16:00:00,71.65,1.225,102.29,734.5,1221.7,26,0
22,2024-01-01 17:00:00,70.7,1.265,98.75,774.7,1172.0,25,0
22,2024-01-01 18:00:00,69.81,1.769,101.92,813.6,1123.4,38,0
22,2024-01-01 19:00:00,69.97,1.207,90.75,788.4,1104.2,37,0
22,2024-01-01 20:00:00,67.08,0.947,101.82,806.7,1117.3,35,0
22,2024-01-01 21:00:00,69.66,1.557,98.96,780.5,1088.2,30,0
22,2024-01-01 22:00:00,68.95,1.195,98.98,760.8,1129.5,33,0
22,2024-01-01 23:00:00,73.01,1.272,99.32,848.9,1222.1,30,0
22,2024-01-02 00:00:00,70.51,1.414,98.91,805.3,1105.8,35,0
22,2024-01-02 01:00:00,68.81,1.363,101.39,845.1,1200.4,23,0
22,2024-01-02 02:00:00,71.78,1.487,106.36,808.6,1202.9,33,0
22,2024-01-02 03:00:00,69.34,0.92,99.78,828.9,1214.6,29,0
22,2024-01-02 04:00:00,68.99,1.454,102.6,777.4,1056.8,26,0
22,2024-01-02 05:00:00,73.55,1.365,98.79,839.5,1154.9,36,0
22,2024-01-02 06:00:00,73.53,1.047,104.33,839.0,1239.4,36,0
22,2024-01-02 07:00:00,70.93,0.992,97.17,853.7,1216.0,22,0
22,2024-01-02 08:00:00,71.83,1.16,99.72,807.2,1043.8,35,0
22,2024-01-02 09:00:00,70.85,1.541,102.13,834.8,1088.2,23,0
22,2024-01-02 10:00:00,75.94,1.835,95.81,877.5,1033.3,28,0
22,2024-01-02 11:00:00,68.69,1.45,99.42,773.3,1043.2,28,0
22,2024-01-02 12:00:00,71.85,2.102,102.18,778.5,1026.6,37,0
22,2024-01-02 13:00:00,69.81,1.707,107.24,751.4,1248.7,26,0
22,2024-01-02 14:00:00,73.42,1.21,103.64,811.5,1116.4,40,0
22,2024-01-02 15:00:00,73.46,0.419,104.15,804.2,1242.9,37,0
22,2024-01-02 16:00:00,70.97,1.813,94.34,785.4,1179.6,25,0
22,2024-01-02 17:00:00,73.61,1.142,101.06,782.9,1215.9,26,0
22,2024-01-02 18:00:00,67.79,1.942,100.76,795.1,1028.1,27,0
22,2024-01-02 19:00:00,74.35,1.335,104.06,722.2,1126.5,33,0
22,2024-01-02 20:00:00,69.43,1.005,102.0,762.5,1209.6,31,0
22,2024-01-02 21:00:00,68.92,1.496,106.72,807.5,1223.4,26,0
22,2024-01-02 22:00:00,69.07,1.851,99.6,766.0,1200.6,35,0
22,2024-01-02 23:00:00,70.37,1.558,103.49,798.1,1049.6,33,0
22,2024-01-03 00:00:00,69.23,1.399,100.27,794.2,1080.3,29,0
22,2024-01-03 01:00:00,71.79,1.026,98.14,800.6,1117.7,34,0
23,2024-01-01 00:00:00,74.4,1.549,111.07,1196.4,1252.0,28,0
23,2024-01-01 01:00:00,74.08,1.608,116.6,1156.2,1105.1,31,0
23,2024-01-01 02:00:00,77.98,2.065,112.19,1219.7,1213.9,37,0
23,2024-01-01 03:00:00,71.06,1.635,116.84,1175.5,1075.3,31,0
23,2024-01-01 04:00:00,73.15,1.486,115.99,1221.6,1216.1,33,0
23,2024-01-01 05:00:00,73.68,1.437,113.49,1199.2,1212.0,31,0
23,2024-01-01 06:00:00,75.79,1.407,116.68,1185.5,1236.6,30,0
23,2024-01-01 07:00:00,76.81,1.729,120.11,1134.1,1126.1,32,0
23,2024-01-01 08:00:00,74.72,2.226,117.79,1144.4,1177.1,23,0
23,2024-01-01 09:00:00,75.93,2.027,122.15,1164.9,1198.6,25,0
23,2024-01-01 10:00:00,74.95,1.826,117.34,1157.7,1263.3,40,0
23,2024-01-01 11:00:00,75.2,2.126,116.14,1153.2,1154.0,28,0
23,2024-01-01 12:00:00,74.59,2.057,118.55,1134.8,1138.8,31,0
23,2024-01-01 13:00:00,74.35,1.915,116.52,1151.9,1080.9,35,0
23,2024-01-01 14:00:00,76.13,1.772,117.48,1155.6,1055.9,30,0
23,2024-01-01 15:00:00,74.26,2.623,115.57,1176.6,1112.3,26,0
23,2024-01-01 16:00:00,73.93,2.405,120.02,1199.5,1075.9,33,0
23,2024-01-01 17:00:00,78.81,1.874,114.37,1138.6,1173.8,29,0
23,2024-01-01 18:00:00,77.61,1.988,114.28,1207.0,1218.1,27,0
23,2024-01-01 19:00:00,74.93,2.324,118.0,1093.3,1181.1,51,0
23,2024-01-01 20:00:00,73.53,1.468,117.52,1132.2,1175.1,29,0
23,2024-01-01 21:00:00,76.08,2.079,117.06,1201.3,1067.5,30,0
23,2024-01-01 22:00:00,73.73,1.426,115.62,1146.2,1264.0,24,0
23,2024-01-01 23:00:00,74.57,1.577,115.86,1173.3,1183.2,30,0
23,2024-01-02 00:00:00,73.72,2.139,116.81,1157.2,1234.5,32,0
23,2024-01-02 01:00:00,75.87,2.208,113.46,1248.0,1127.5,24,0
23,2024-01-02 02:00:00,77.48,1.665,122.04,1141.7,1285.1,39,0
23,2024-01-02 03:00:00,76.12,1.964,119.92,1160.7,1222.1,27,0
23,2024-01-02 04:00:00,72.03,2.339,115.11,1134.8,1078.1,37,0
23,2024-01-02 05:00:00,75.47,1.76,118.33,1219.1,1237.0,25,0
23,2024-01-02 06:00:00,74.75,1.993,121.87,1196.4,1259.0,29,0
23,2024-01-02 07:00:00,76.35,2.017,118.61,1135.3,1178.3,32,0
23,2024-01-02 08:00:00,76.22,1.912,116.39,1207.8,1158.7,24,0
23,2024-01-02 09:00:00,75.0,1.763,115.47,1189.7,1140.9,41,0
23,2024-01-02 10:00:00,76.79,1.849,119.62,1157.0,1166.8,28,0
23,2024-01-02 11:00:00,72.73,1.979,116.69,1176.8,1134.0,27,0
23,2024-01-02 12:00:00,74.07,2.071,115.91,1141.8,1151.8,27,0
23,2024-01-02 13:00:00,75.21,2.099,115.48,1195.6,1300.7,31,0
23,2024-01-02 14:00:00,74.7,1.903,110.75,1157.9,1143.2,29,0
23,2024-01-02 15:00:00,74.77,1.952,118.38,1232.2,1264.5,28,0
23,2024-01-02 16:00:00,75.29,2.101,114.87,1179.8,1090.6,34,0
23,2024-01-02 17:00:00,72.15,2.005,119.34,1192.2,1090.3,27,0
23,2024-01-02 18:00:00,70.45,2.23,115.73,1172.4,1276.9,28,0
23,2024-01-02 19:00:00,73.56,2.261,119.74,1152.9,1246.6,29,0
23,2024-01-02 20:00:00,79.68,1.649,120.11,1162.1,1105.7,35,0
23,2024-01-02 21:00:00,75.49,1.702,118.07,1165.4,1231.8,30,0
23,2024-01-02 22:00:00,76.57,2.243,110.92,1170.2,1091.4,27,0
23,2024-01-02 23:00:00,71.76,1.905,114.19,1151.4,1154.3,23,0
23,2024-01-03 00:00:00,74.34,1.941,123.01,1160.4,1258.2,41,0
23,2024-01-03 01:00:00,74.31,1.693,120.19,1222.8,1237.5,22,0
24,2024-01-01 00:00:00,60.91,1.56,111.53,998.0,1256.6,26,0
24,2024-01-01 01:00:00,66.24,1.89,113.38,933.7,1256.5,29,0
24,2024-01-01 02:00:00,60.2,1.035,108.78,938.9,1104.9,36,0
24,2024-01-01 03:00:00,61.98,1.936,111.34,955.2,1117.2,35,0
24,2024-01-01 04:00:00,63.01,1.751,107.93,931.2,1174.8,33,0
24,2024-01-01 05:00:00,61.48,1.809,111.44,926.3,1280.5,27,0
24,2024-01-01 06:00:00,64.07,1.965,110.76,935.2,1250.0,30,0
24,2024-01-01 07:00:00,63.62,2.013,107.83,929.8,1093.2,25,0
24,2024-01-01 08:00:00,65.1,2.431,113.95,917.4,1104.3,35,0
24,2024-01-01 09:00:00,66.16,1.715,112.15,961.8,1179.1,30,0
24,2024-01-01 10:00:00,61.1,1.22,110.64,958.8,1277.6,32,0
24,2024-01-01 11:00:00,65.4,1.757,106.13,963.3,1093.8,22,0
24,2024-01-01 12:00:00,62.28,1.725,105.1,949.6,1114.2,39,0
24,2024-01-01 13:00:00,64.17,1.629,107.21,995.8,1172.8,35,0
24,2024-01-01 14:00:00,62.87,1.704,104.99,938.4,1202.3,29,0
24,2024-01-01 15:00:00,63.49,1.966,113.7,959.2,1258.7,19,0
24,2024-01-01 16:00:00,65.28,2.268,110.98,878.8,1112.1,34,0
24,2024-01-01 17:00:00,64.06,2.43,111.97,937.6,1184.3,34,0
24,2024-01-01 18:00:00,65.17,1.581,108.6,916.2,1207.9,31,0
24,2024-01-01 19:00:00,62.74,2.163,110.3,999.7,1318.4,24,0
24,2024-01-01 20:00:00,63.91,1.783,106.69,961.2,1183.2,30,0
24,2024-01-01 21:00:00,65.31,2.29,111.65,930.4,1116.4,27,0
24,2024-01-01 22:00:00,63.61,2.124,106.69,927.6,1284.5,35,0
24,2024-01-01 23:00:00,65.31,1.612,109.36,877.9,1315.8,27,0
24,2024-01-02 00:00:00,63.6,1.976,110.38,922.8,1168.6,31,0
24,2024-01-02 01:00:00,66.59,1.725,107.11,888.4,1301.0,34,0
24,2024-01-02 02:00:00,66.68,2.15,105.6,979.2,1223.0,28,0
24,2024-01-02 03:00:00,63.52,2.263,114.57,924.5,1143.4,38,0
24,2024-01-02 04:00:00,64.38,2.495,109.84,962.4,1107.1,31,0
24,2024-01-02 05:00:00,63.43,2.008,107.19,936.9,1199.5,17,0
24,2024-01-02 06:00:00,64.96,1.591,116.23,927.2,1215.5,35,0
24,2024-01-02 07:00:00,64.92,1.775,108.74,973.8,1242.8,28,0
24,2024-01-02 08:00:00,66.03,1.506,113.98,953.6,1238.3,32,0
24,2024-01-02 09:00:00,62.25,1.786,108.57,918.7,1279.5,20,0
24,2024-01-02 10:00:00,63.97,1.409,109.91,941.0,1129.5,35,0
24,2024-01-02 11:00:00,64.27,1.982,111.6,942.8,1258.5,33,0
24,2024-01-02 12:00:00,57.72,1.727,108.68,944.9,1116.7,35,0
24,2024-01-02 13:00:00,59.82,1.607,109.32,956.2,1171.2,36,0
24,2024-01-02 14:00:00,69.3,2.029,109.47,967.3,1344.5,39,0
24,2024-01-02 15:00:00,66.82,1.551,105.59,935.9,1354.1,30,0
24,2024-01-02 16:00:00,64.22,1.673,104.6,958.2,1225.0,27,0
24,2024-01-02 17:00:00,67.24,2.067,113.43,932.2,1362.1,29,0
24,2024-01-02 18:00:00,60.3,2.489,104.4,925.2,1287.6,27,0
24,2024-01-02 19:00:00,61.68,1.83,109.96,946.9,1132.7,32,0
24,2024-01-02 20:00:00,62.28,1.86,101.53,938.5,1280.2,23,0
24,2024-01-02 21:00:00,61.85,2.048,106.95,970.3,1258.7,29,0
24,2024-01-02 22:00:00,60.67,1.574,114.66,910.6,1132.8,27,0
24,2024-01-02 23:00:00,62.04,1.847,114.26,933.1,1271.8,24,0
24,2024-01-03 00:00:00,60.33,2.144,110.46,960.3,1166.0,25,0
24,2024-01-03 01:00:00,64.72,1.601,111.35,909.8,1279.6,15,0
25,2024-01-01 00:00:00,70.95,0.823,107.83,1357.7,1272.8,26,0
25,2024-01-01 01:00:00,68.02,0.871,112.48,1348.7,1308.3,25,0
25,2024-01-01 02:00:00,66.03,0.881,113.5,1396.0,1286.3,27,0
25,2024-01-01 03:00:00,68.06,1.047,109.44,1396.5,1317.0,19,0
25,2024-01-01 04:00:00,63.81,0.571,112.39,1385.8,1192.4,29,0
25,2024-01-01 05:00:00,63.15,0.263,112.33,1355.0,1367.7,20,0
25,2024-01-01 06:00:00,65.85,0.9,110.03,1358.8,1173.8,29,0
25,2024-01-01 07:00:00,69.1,0.906,110.36,1372.6,1357.6,27,0
25,2024-01-01 08:00:00,62.37,1.19,109.93,1429.6,1197.1,26,0
25,2024-01-01 09:00:00,67.72,0.336,115.6,1361.5,1198.5,27,0
25,2024-01-01 10:00:00,64.53,1.273,113.96,1365.8,1370.3,39,0
25,2024-01-01 11:00:00,68.7,1.031,114.1,1365.0,1152.2,30,0
25,2024-01-01 12:00:00,68.04,0.223,111.13,1405.0,1218.7,29,0
25,2024-01-01 13:00:00,66.29,0.638,112.56,1407.3,1213.0,28,0
25,2024-01-01 14:00:00,65.08,0.72,115.95,1361.2,1245.6,25,0
25,2024-01-01 15:00:00,65.84,0.743,111.97,1462.1,1276.9,30,0
25,2024-01-01 16:00:00,67.43,0.622,118.73,1417.0,1311.6,34,0
25,2024-01-01 17:00:00,69.94,0.513,116.1,1403.5,1254.5,34,0
25,2024-01-01 18:00:00,64.61,0.788,112.06,1403.9,1276.6,36,0
25,2024-01-01 19:00:00,67.04,1.371,119.96,1409.3,1217.9,27,0
25,2024-01-01 20:00:00,67.8,0.932,113.73,1447.0,1350.7,28,0
25,2024-01-01 21:00:00,66.34,0.692,110.22,1449.6,1157.3,24,0
25,2024-01-01 22:00:00,69.52,0.59,113.31,1347.7,1398.9,25,0
25,2024-01-01 23:00:00,62.76,1.043,116.32,1401.0,1375.7,30,0
25,2024-01-02 00:00:00,63.1,0.939,109.76,1390.6,1277.8,36,0
25,2024-01-02 01:00:00,63.81,1.085,113.84,1391.5,1238.9,23,0
25,2024-01-02 02:00:00,67.85,0.826,112.19,1389.0,1154.7,34,0
25,2024-01-02 03:00:00,65.25,0.656,109.8,1430.6,1228.7,32,0
25,2024-01-02 04:00:00,66.24,0.684,109.81,1366.9,1297.7,31,0
25,2024-01-02 05:00:00,65.24,0.946,111.92,1451.0,1171.5,37,0
25,2024-01-02 06:00:00,66.11,0.889,111.4,1464.9,1236.1,30,0
25,2024-01-02 07:00:00,64.68,0.563,109.51,1346.9,1348.3,34,0
25,2024-01-02 08:00:00,66.94,1.282,114.52,1352.8,1388.9,30,0
25,2024-01-02 09:00:00,68.24,0.805,112.91,1346.2,1183.2,35,0
25,2024-01-02 10:00:00,66.17,0.377,115.22,1386.5,1285.5,24,0
25,2024-01-02 11:00:00,63.2,0.844,116.45,1417.3,1255.3,32,0
25,2024-01-02 12:00:00,64.07,0.189,120.4,1386.3,1315.1,31,0
25,2024-01-02 13:00:00,64.59,0.667,118.09,1402.7,1362.0,29,0
25,2024-01-02 14:00:00,68.72,1.132,111.94,1392.4,1175.2,30,0
25,2024-01-02 15:00:00,65.99,0.746,111.11,1392.1,1301.9,31,0
25,2024-01-02 16:00:00,65.11,0.916,114.17,1413.1,1336.1,35,0
25,2024-01-02 17:00:00,66.8,0.829,110.96,1415.8,1242.5,26,0
25,2024-01-02 18:00:00,65.36,1.075,114.6,1398.9,1383.2,30,0
25,2024-01-02 19:00:00,65.31,0.599,114.42,1436.0,1274.2,26,0
25,2024-01-02 20:00:00,68.63,1.186,110.14,1376.0,1256.7,28,0
25,2024-01-02 21:00:00,66.67,0.902,112.48,1373.9,1251.4,33,0
25,2024-01-02 22:00:00,67.92,0.754,108.0,1421.1,1176.8,24,0
25,2024-01-02 23:00:00,66.61,1.138,111.37,1322.7,1198.5,20,0
25,2024-01-03 00:00:00,66.84,0.814,111.23,1376.8,1404.9,32,0
25,2024-01-03 01:00:00,67.46,1.072,111.97,1441.7,1377.4,24,0
26,2024-01-01 00:00:00,62.78,1.562,83.83,1236.2,1194.2,28,0
26,2024-01-01 01:00:00,63.39,1.981,83.6,1288.6,1396.2,29,0
26,2024-01-01 02:00:00,63.06,1.933,82.11,1251.0,1362.9,26,0
26,2024-01-01 03:00:00,63.57,2.168,80.18,1294.3,1288.6,27,0
26,2024-01-01 04:00:00,65.01,1.957,86.08,1231.9,1323.1,31,0
26,2024-01-01 05:00:00,63.19,1.901,81.4,1260.1,1418.0,34,0
26,2024-01-01 06:00:00,65.61,2.274,86.02,1272.1,1320.2,32,0
26,2024-01-01 07:00:00,64.18,1.557,90.31,1240.5,1412.7,31,0
26,2024-01-01 08:00:00,66.02,1.866,81.5,1282.1,1186.6,32,0
26,2024-01-01 09:00:00,66.15,1.978,86.29,1298.7,1414.3,32,0
26,2024-01-01 10:00:00,61.92,2.01,85.37,1242.6,1329.4,23,0
26,2024-01-01 11:00:00,64.26,2.157,89.08,1277.6,1368.9,32,0
26,2024-01-01 12:00:00,63.32,2.107,74.64,1272.3,1341.2,35,0
26,2024-01-01 13:00:00,62.72,2.167,86.35,1264.4,1436.7,36,0
26,2024-01-01 14:00:00,61.34,1.644,84.13,1264.4,1262.8,25,0
26,2024-01-01 15:00:00,66.08,1.597,83.1,1226.7,1323.7,31,0
26,2024-01-01 16:00:00,65.0,1.576,86.14,1274.9,1222.3,32,0
26,2024-01-01 17:00:00,61.74,2.225,84.48,1281.3,1221.2,31,0
26,2024-01-01 18:00:00,68.52,2.26,86.08,1294.1,1292.8,20,0
26,2024-01-01 19:00:00,69.92,1.901,85.1,1222.3,1275.4,31,0
26,2024-01-01 20:00:00,66.76,2.153,82.0,1303.1,1234.8,26,0
26,2024-01-01 21:00:00,67.72,1.918,82.26,1213.6,1386.0,22,0
26,2024-01-01 22:00:00,67.94,1.769,80.03,1278.0,1334.5,29,0
26,2024-01-01 23:00:00,69.99,2.331,88.66,1274.2,1335.5,19,0
26,2024-01-02 00:00:00,65.97,1.715,89.15,1306.2,1325.6,30,0
26,2024-01-02 01:00:00,64.67,2.136,82.77,1261.4,1405.6,31,0
26,2024-01-02 02:00:00,66.28,2.297,86.7,1292.0,1261.5,29,0
26,2024-01-02 03:00:00,63.18,1.944,81.09,1272.3,1298.6,26,0
26,2024-01-02 04:00:00,61.94,1.961,80.45,1278.2,1281.4,26,0
26,2024-01-02 05:00:00,66.82,2.105,87.61,1239.3,1322.6,35,0
26,2024-01-02 06:00:00,65.45,1.968,88.51,1219.9,1457.8,33,0
26,2024-01-02 07:00:00,66.7,2.222,83.76,1227.5,1290.8,24,0
26,2024-01-02 08:00:00,61.06,2.151,83.5,1252.6,1205.8,32,0
26,2024-01-02 09:00:00,69.21,1.522,90.32,1272.9,1238.9,25,0
26,2024-01-02 10:00:00,64.6,1.564,80.57,1255.7,1341.3,42,0
26,2024-01-02 11:00:00,65.46,1.917,89.88,1231.2,1206.6,35,0
26,2024-01-02 12:00:00,67.85,1.997,85.9,1266.4,1242.1,37,0
26,2024-01-02 13:00:00,66.59,1.511,86.45,1249.0,1276.6,39,0
26,2024-01-02 14:00:00,70.23,1.966,83.77,1217.1,1350.1,34,0
26,2024-01-02 15:00:00,69.67,2.325,85.02,1220.3,1447.2,38,0
26,2024-01-02 16:00:00,67.1,1.921,83.8,1272.7,1414.8,29,0
26,2024-01-02 17:00:00,65.24,2.204,88.4,1239.3,1274.4,28,0
26,2024-01-02 18:00:00,67.45,2.318,86.0,1304.8,1449.0,35,0
26,2024-01-02 19:00:00,63.03,1.913,84.37,1252.0,1307.8,22,0
26,2024-01-02 20:00:00,66.47,2.455,86.56,1238.9,1252.3,35,0
26,2024-01-02 21:00:00,66.0,2.055,84.11,1224.4,1315.8,20,0
26,2024-01-02 22:00:00,64.88,1.771,81.35,1300.8,1363.2,42,0
26,2024-01-02 23:00:00,59.77,1.516,86.74,1269.8,1346.2,29,0
26,2024-01-03 00:00:00,68.09,1.895,81.74,1253.0,1443.6,27,0
26,2024-01-03 01:00:00,66.67,1.61,75.38,1245.5,1481.3,32,0
27,2024-01-01 00:00:00,73.68,1.843,96.29,1223.4,1423.8,33,0
27,2024-01-01 01:00:00,70.48,1.242,97.63,1168.3,1313.1,19,0
27,2024-01-01 02:00:00,72.24,1.44,104.36,1180.5,1479.7,34,0
27,2024-01-01 03:00:00,70.98,1.097,97.77,1158.8,1306.1,25,0
27,2024-01-01 04:00:00,70.96,1.178,99.91,1192.3,1385.0,30,0
27,2024-01-01 05:00:00,68.72,1.898,96.83,1166.2,1225.8,33,0
27,2024-01-01 06:00:00,69.63,1.062,95.01,1245.0,1310.0,34,0
27,2024-01-01 07:00:00,72.72,1.5,99.09,1166.0,1429.8,28,0
27,2024-01-01 08:00:00,68.71,1.164,104.54,1173.3,1376.3,29,0
27,2024-01-01 09:00:00,71.01,1.075,100.21,1225.3,1419.8,39,0
27,2024-01-01 10:00:00,72.68,1.146,98.2,1177.8,1348.7,25,0
27,2024-01-01 11:00:00,70.26,1.297,107.1,1184.8,1287.5,36,0
27,2024-01-01 12:00:00,70.99,1.124,104.6,1159.3,1275.8,29,0
27,2024-01-01 13:00:00,72.0,1.666,99.95,1208.2,1295.6,29,0
27,2024-01-01 14:00:00,69.43,2.014,106.47,1210.4,1377.0,41,0
27,2024-01-01 15:00:00,70.1,1.234,102.11,1242.3,1300.1,30,0
27,2024-01-01 16:00:00,75.45,1.279,101.48,1140.6,1439.5,28,0
27,2024-01-01 17:00:00,71.3,1.051,93.55,1206.7,1334.4,38,0
27,2024-01-01 18:00:00,67.75,0.739,102.74,1202.8,1288.9,28,0
27,2024-01-01 19:00:00,74.44,1.549,103.88,1189.7,1373.7,31,0
27,2024-01-01 20:00:00,69.22,1.92,96.69,1242.4,1390.7,28,0
27,2024-01-01 21:00:00,66.91,1.147,100.02,1180.4,1441.0,27,0
27,2024-01-01 22:00:00,66.69,1.061,99.75,1231.0,1275.5,31,0
27,2024-01-01 23:00:00,73.0,1.231,97.99,1216.7,1367.3,29,0
27,2024-01-02 00:00:00,71.55,1.176,102.88,1241.6,1436.0,33,0
27,2024-01-02 01:00:00,73.73,1.224,102.23,1192.6,1286.7,36,0
27,2024-01-02 02:00:00,72.38,1.333,95.21,1193.3,1501.8,29,0
27,2024-01-02 03:00:00,74.81,1.337,106.18,1189.0,1421.7,31,0
27,2024-01-02 04:00:00,71.04,1.566,101.58,1187.2,1435.5,23,0
27,2024-01-02 05:00:00,67.36,0.666,105.1,1214.0,1425.2,32,0
27,2024-01-02 06:00:00,66.95,1.721,99.44,1138.2,1493.6,36,0
27,2024-01-02 07:00:00,68.43,1.212,99.54,1172.3,1390.1,26,0
27,2024-01-02 08:00:00,73.44,0.882,97.01,1189.4,1267.4,26,0
27,2024-01-02 09:00:00,72.21,1.526,102.51,1238.9,1294.9,29,0
27,2024-01-02 10:00:00,70.6,0.531,101.64,1190.8,1331.2,34,0
27,2024-01-02 11:00:00,68.75,1.734,102.19,1205.4,1292.6,27,0
27,2024-01-02 12:00:00,72.37,1.123,102.33,1217.1,1369.3,25,0
27,2024-01-02 13:00:00,68.54,0.862,98.74,1188.5,1457.9,28,0
27,2024-01-02 14:00:00,73.49,1.921,98.9,1257.7,1422.0,17,0
27,2024-01-02 15:00:00,73.03,1.371,100.89,1179.9,1340.7,32,0
27,2024-01-02 16:00:00,73.39,1.012,100.58,1160.0,1466.2,35,0
27,2024-01-02 17:00:00,68.97,1.669,98.17,1179.2,1339.5,31,0
27,2024-01-02 18:00:00,72.6,0.969,99.87,1181.7,1271.5,33,0
27,2024-01-02 19:00:00,69.52,1.127,95.49,1171.7,1515.4,31,0
27,2024-01-02 20:00:00,70.82,1.096,104.32,1215.9,1441.8,23,0
27,2024-01-02 21:00:00,70.7,1.132,100.12,1205.3,1381.2,28,0
27,2024-01-02 22:00:00,71.16,1.12,100.94,1194.4,1439.2,30,0
27,2024-01-02 23:00:00,72.08,1.19,97.99,1213.1,1450.8,35,0
27,2024-01-03 00:00:00,67.92,1.412,100.64,1243.6,1379.0,28,0
27,2024-01-03 01:00:00,71.8,0.631,102.33,1218.9,1498.2,34,0
28,2024-01-01 00:00:00,79.53,0.574,88.15,1412.1,1307.3,41,0
28,2024-01-01 01:00:00,82.34,1.24,91.93,1457.9,1442.7,19,0
28,2024-01-01 02:00:00,81.82,0.713,93.4,1449.7,1530.0,25,0
28,2024-01-01 03:00:00,76.46,0.57,91.48,1464.5,1428.1,18,0
28,2024-01-01 04:00:00,81.49,0.436,92.4,1407.8,1534.0,31,0
28,2024-01-01 05:00:00,78.11,0.497,87.84,1412.5,1475.4,34,0
28,2024-01-01 06:00:00,82.15,0.827,88.52,1435.3,1389.7,24,0
28,2024-01-01 07:00:00,78.44,1.004,92.62,1386.7,1406.8,23,0
28,2024-01-01 08:00:00,81.51,0.764,86.67,1402.3,1504.7,29,0
28,2024-01-01 09:00:00,75.89,1.035,91.7,1437.5,1398.3,24,0
28,2024-01-01 10:00:00,83.54,0.937,87.59,1466.6,1383.3,32,0
28,2024-01-01 11:00:00,78.78,0.657,89.39,1456.3,1381.5,25,0
28,2024-01-01 12:00:00,80.59,0.916,88.91,1404.0,1460.7,17,0
28,2024-01-01 13:00:00,79.55,1.474,93.95,1395.1,1543.9,30,0
28,2024-01-01 14:00:00,74.73,0.538,80.73,1484.1,1553.8,22,0
28,2024-01-01 15:00:00,80.45,1.266,93.18,1446.3,1417.0,23,0
28,2024-01-01 16:00:00,80.51,0.699,89.47,1396.6,1472.7,34,0
28,2024-01-01 17:00:00,77.63,1.079,94.32,1405.8,1537.6,19,0
28,2024-01-01 18:00:00,80.25,0.304,94.0,1378.9,1324.7,40,0
28,2024-01-01 19:00:00,76.09,1.395,93.33,1421.9,1339.5,32,0
28,2024-01-01 20:00:00,78.7,0.813,89.96,1438.1,1480.8,26,0
28,2024-01-01 21:00:00,79.88,1.01,83.56,1415.1,1418.2,26,0
28,2024-01-01 22:00:00,77.0,0.699,92.44,1460.7,1495.7,28,0
28,2024-01-01 23:00:00,82.01,0.9,93.76,1437.1,1486.1,32,0
28,2024-01-02 00:00:00,78.24,1.129,95.92,1435.7,1428.4,29,0
28,2024-01-02 01:00:00,81.18,0.677,94.53,1387.9,1392.4,27,0
28,2024-01-02 02:00:00,80.22,1.166,91.34,1409.7,1288.1,26,0
28,2024-01-02 03:00:00,79.17,0.445,92.71,1427.7,1538.0,29,0
28,2024-01-02 04:00:00,74.99,0.912,92.25,1402.4,1443.3,26,0
28,2024-01-02 05:00:00,77.66,0.629,85.12,1399.3,1511.2,32,0
28,2024-01-02 06:00:00,81.84,1.035,94.01,1397.0,1509.9,35,0
28,2024-01-02 07:00:00,79.66,0.769,90.61,1429.0,1510.3,22,0
28,2024-01-02 08:00:00,81.7,0.914,92.91,1405.2,1362.2,26,0
28,2024-01-02 09:00:00,77.96,0.788,93.47,1418.4,1466.8,33,0
28,2024-01-02 10:00:00,79.31,1.195,93.39,1425.0,1404.6,42,0
28,2024-01-02 11:00:00,79.46,1.199,92.5,1460.4,1488.3,49,0
28,2024-01-02 12:00:00,81.98,0.76,88.82,1366.8,1458.8,19,0
28,2024-01-02 13:00:00,80.57,0.704,89.06,1430.3,1554.7,27,0
28,2024-01-02 14:00:00,76.56,1.309,94.71,1399.1,1321.0,27,0
28,2024-01-02 15:00:00,81.51,0.572,90.56,1390.6,1436.4,39,0
28,2024-01-02 16:00:00,80.82,1.168,97.76,1385.6,1481.5,33,0
28,2024-01-02 17:00:00,80.5,0.985,89.39,1421.1,1398.8,34,0
28,2024-01-02 18:00:00,81.86,0.99,93.15,1400.5,1558.5,33,0
28,2024-01-02 19:00:00,81.27,0.952,91.12,1508.2,1336.1,38,0
28,2024-01-02 20:00:00,83.44,0.946,88.47,1432.9,1354.9,28,0
28,2024-01-02 21:00:00,77.41,1.948,93.53,1445.9,1555.2,32,0
28,2024-01-02 22:00:00,80.42,1.09,94.09,1466.7,1342.0,29,0
28,2024-01-02 23:00:00,80.15,1.493,87.31,1389.6,1534.6,28,0
28,2024-01-03 00:00:00,79.67,1.696,93.73,1441.7,1325.6,29,0
28,2024-01-03 01:00:00,83.81,1.182,92.84,1365.7,1304.7,40,0
29,2024-01-01 00:00:00,76.55,1.367,89.72,1080.9,1423.4,28,0
29,2024-01-01 01:00:00,79.05,1.037,96.07,1093.2,1435.9,18,0
29,2024-01-01 02:00:00,77.02,0.977,91.8,1016.1,1494.0,41,0
29,2024-01-01 03:00:00,82.91,1.085,94.17,1092.5,1567.9,35,0
29,2024-01-01 04:00:00,79.42,1.027,95.92,1118.5,1499.4,40,0
29,2024-01-01 05:00:00,75.83,1.007,92.48,1082.0,1421.2,31,0
29,2024-01-01 06:00:00,77.96,0.975,94.71,1120.2,1440.1,25,0
29,2024-01-01 07:00:00,81.63,0.647,94.16,1127.3,1366.4,26,0
29,2024-01-01 08:00:00,84.08,1.148,89.85,1050.8,1380.2,32,0
29,2024-01-01 09:00:00,80.46,1.253,94.26,1080.8,1446.2,24,0
29,2024-01-01 10:00:00,79.85,1.721,93.66,1111.7,1511.7,31,0
29,2024-01-01 11:00:00,78.64,0.809,97.25,1071.6,1602.9,29,0
29,2024-01-01 12:00:00,77.39,1.366,91.45,1106.6,1362.2,26,0
29,2024-01-01 13:00:00,80.68,0.879,94.77,1024.6,1457.7,30,0
29,2024-01-01 14:00:00,83.7,1.296,93.88,1096.7,1436.8,27,0
29,2024-01-01 15:00:00,78.65,1.069,97.15,1099.3,1609.0,17,0
29,2024-01-01 16:00:00,79.51,1.284,94.4,1077.2,1505.8,34,0
29,2024-01-01 17:00:00,79.7,1.271,95.0,1096.4,1364.6,30,0
29,2024-01-01 18:00:00,80.95,1.406,93.98,1127.2,1368.3,38,0
29,2024-01-01 19:00:00,77.42,0.68,94.88,1078.8,1329.8,20,0
29,2024-01-01 20:00:00,80.94,1.137,100.24,1084.6,1465.4,36,0
29,2024-01-01 21:00:00,79.75,0.679,92.6,1058.9,1572.2,27,0
29,2024-01-01 22:00:00,80.98,1.366,90.85,1107.6,1543.4,27,0
29,2024-01-01 23:00:00,79.51,1.44,92.59,1082.0,1486.4,29,0
29,2024-01-02 00:00:00,79.01,1.081,95.15,1101.4,1436.2,34,0
29,2024-01-02 01:00:00,77.08,1.267,86.68,1083.5,1343.3,30,0
29,2024-01-02 02:00:00,79.58,0.917,93.33,1104.3,1365.3,30,0
29,2024-01-02 03:00:00,81.82,0.738,91.0,1021.7,1558.2,29,0
29,2024-01-02 04:00:00,83.95,1.143,91.9,1035.7,1484.4,24,0
29,2024-01-02 05:00:00,74.51,0.668,91.99,1073.4,1559.7,34,0
29,2024-01-02 06:00:00,78.06,1.278,91.94,1053.8,1354.1,23,0
29,2024-01-02 07:00:00,77.04,0.911,90.88,1052.9,1385.9,30,0
29,2024-01-02 08:00:00,77.4,1.291,98.55,1052.3,1462.7,32,0
29,2024-01-02 09:00:00,78.9,1.049,88.04,1091.4,1509.6,33,0
29,2024-01-02 10:00:00,79.88,0.662,87.73,1046.8,1555.6,32,0
29,2024-01-02 11:00:00,77.27,1.194,93.16,1061.0,1559.6,26,0
29,2024-01-02 12:00:00,75.87,1.555,92.82,1081.0,1469.6,40,0
29,2024-01-02 13:00:00,76.93,1.366,92.17,1069.8,1603.6,28,0
29,2024-01-02 14:00:00,79.73,1.052,91.13,1097.6,1361.4,27,0
29,2024-01-02 15:00:00,78.74,1.497,97.73,1093.6,1386.5,24,0
29,2024-01-02 16:00:00,80.49,1.336,98.57,1093.5,1447.9,38,0
29,2024-01-02 17:00:00,78.45,0.951,88.47,1103.7,1580.0,35,0
29,2024-01-02 18:00:00,77.51,0.746,96.39,1119.7,1372.7,39,0
29,2024-01-02 19:00:00,78.02,0.933,94.35,1071.9,1488.1,22,0
29,2024-01-02 20:00:00,78.21,0.434,98.94,1091.5,1602.5,37,0
29,2024-01-02 21:00:00,81.86,1.391,93.94,1072.7,1547.0,33,0
29,2024-01-02 22:00:00,79.44,1.576,91.81,1100.9,1622.6,21,0
29,2024-01-02 23:00:00,77.89,1.338,92.71,1065.0,1408.3,32,0
29,2024-01-03 00:00:00,78.15,1.614,93.0,1090.2,1487.3,20,0
29,2024-01-03 01:00:00,78.49,1.037,87.63,1088.9,1480.0,26,0
30,2024-01-01 00:00:00,62.52,-0.165,108.16,1310.1,1462.1,31,0
30,2024-01-01 01:00:00,63.13,0.752,111.03,1247.9,1476.3,25,0
30,2024-01-01 02:00:00,61.92,0.755,108.18,1259.5,1461.5,33,0
30,2024-01-01 03:00:00,64.65,0.127,117.14,1309.3,1374.4,38,0
30,2024-01-01 04:00:00,61.39,0.62,108.52,1286.5,1456.6,42,0
30,2024-01-01 05:00:00,64.36,0.386,109.98,1338.6,1654.2,38,0
30,2024-01-01 06:00:00,64.87,0.43,110.75,1287.7,1557.9,26,0
30,2024-01-01 07:00:00,61.44,0.813,108.0,1251.7,1473.2,24,0
30,2024-01-01 08:00:00,63.54,0.695,106.49,1248.6,1517.0,26,0
30,2024-01-01 09:00:00,63.49,0.646,113.24,1291.4,1522.8,32,0
30,2024-01-01 10:00:00,60.8,0.003,109.6,1237.2,1378.0,34,0
30,2024-01-01 11:00:00,64.78,0.653,108.85,1275.0,1584.9,26,0
30,2024-01-01 12:00:00,61.95,0.518,110.29,1241.1,1574.5,37,0
30,2024-01-01 13:00:00,60.71,0.997,107.29,1246.5,1634.7,27,0
30,2024-01-01 14:00:00,62.81,0.383,113.43,1241.4,1585.9,35,0
30,2024-01-01 15:00:00,60.43,0.446,114.82,1194.1,1412.9,30,0
30,2024-01-01 16:00:00,65.68,1.043,112.01,1275.5,1516.6,30,0
30,2024-01-01 17:00:00,60.74,0.861,113.68,1249.4,1629.0,21,0
30,2024-01-01 18:00:00,61.65,0.848,114.87,1255.5,1654.3,31,0
30,2024-01-01 19:00:00,62.66,0.555,108.14,1282.2,1568.6,30,0
30,2024-01-01 20:00:00,60.58,0.807,109.49,1241.6,1641.5,32,0
30,2024-01-01 21:00:00,64.97,0.23,109.78,1259.8,1403.1,34,0
30,2024-01-01 22:00:00,60.1,0.787,112.36,1243.6,1457.9,27,0
30,2024-01-01 23:00:00,59.33,1.149,109.31,1255.1,1574.5,29,0
30,2024-01-02 00:00:00,62.26,0.816,115.96,1219.4,1418.2,29,0
30,2024-01-02 01:00:00,61.93,0.226,110.92,1324.1,1615.3,21,0
30,2024-01-02 02:00:00,61.3,1.953,108.91,1313.1,1549.5,29,0
30,2024-01-02 03:00:00,60.31,0.278,109.01,1328.3,1628.0,30,0
30,2024-01-02 04:00:00,61.63,-0.023,111.33,1268.8,1545.0,32,0
30,2024-01-02 05:00:00,64.44,0.212,109.16,1293.1,1399.0,26,0
30,2024-01-02 06:00:00,61.54,0.718,114.04,1316.3,1446.9,30,0
30,2024-01-02 07:00:00,63.99,0.222,117.28,1239.8,1470.0,33,0
30,2024-01-02 08:00:00,65.53,0.561,107.99,1258.1,1385.9,27,0
30,2024-01-02 09:00:00,59.35,0.574,111.11,1249.6,1583.7,28,0
30,2024-01-02 10:00:00,62.23,0.397,109.49,1286.8,1586.5,32,0
30,2024-01-02 11:00:00,61.17,0.245,109.55,1313.4,1681.2,32,0
30,2024-01-02 12:00:00,63.05,0.585,112.26,1285.0,1386.8,36,0
30,2024-01-02 13:00:00,59.84,0.769,109.32,1303.0,1500.6,36,0
30,2024-01-02 14:00:00,63.2,1.417,113.11,1266.7,1419.0,32,0
30,2024-01-02 15:00:00,64.95,0.474,108.63,1292.5,1488.5,36,0
30,2024-01-02 16:00:00,60.3,0.786,109.93,1279.6,1643.1,30,0
30,2024-01-02 17:00:00,63.38,1.17,109.1,1290.2,1399.3,32,0
30,2024-01-02 18:00:00,65.25,0.65,112.71,1293.7,1691.5,32,0
30,2024-01-02 19:00:00,61.32,0.308,115.85,1308.1,1589.7,35,0
30,2024-01-02 20:00:00,63.48,0.595,108.6,1263.3,1565.2,28,0
30,2024-01-02 21:00:00,60.71,0.185,114.56,1261.5,1468.5,23,0
30,2024-01-02 22:00:00,62.13,0.298,115.76,1205.6,1656.2,27,0
30,2024-01-02 23:00:00,60.65,0.163,111.13,1289.6,1406.7,27,0
30,2024-01-03 00:00:00,62.56,0.435,111.86,1298.5,1501.3,41,0
30,2024-01-03 01:00:00,62.92,0.833,112.9,1238.8,1549.4,32,0
31,2024-01-01 00:00:00,76.01,2.158,115.11,1048.9,1657.1,32,0
31,2024-01-01 01:00:00,74.79,1.688,117.7,991.7,1441.6,30,0
31,2024-01-01 02:00:00,78.55,2.265,116.08,990.2,1534.2,30,0
31,2024-01-01 03:00:00,76.89,1.836,112.93,1016.6,1413.9,29,0
31,2024-01-01 04:00:00,74.72,1.589,115.49,1059.6,1497.4,27,0
31,2024-01-01 05:00:00,76.18,1.716,114.59,1022.9,1489.6,29,0
31,2024-01-01 06:00:00,79.59,1.796,113.5,999.2,1604.9,32,0
31,2024-01-01 07:00:00,76.47,2.114,116.91,1010.8,1440.2,41,0
31,2024-01-01 08:00:00,73.79,1.877,115.16,1003.3,1635.7,32,0
31,2024-01-01 09:00:00,78.69,2.061,113.23,1107.5,1578.3,28,0
31,2024-01-01 10:00:00,78.75,1.984,112.25,1063.2,1502.1,34,0
31,2024-01-01 11:00:00,76.6,2.166,121.21,1025.3,1475.1,27,0
31,2024-01-01 12:00:00,73.94,1.537,119.04,1027.4,1618.7,21,0
31,2024-01-01 13:00:00,75.32,2.244,120.43,996.8,1452.4,36,0
31,2024-01-01 14:00:00,76.75,2.192,111.96,947.0,1684.1,32,0
31,2024-01-01 15:00:00,77.21,2.28,114.81,996.9,1518.4,37,0
31,2024-01-01 16:00:00,77.16,1.827,120.07,1060.9,1474.6,23,0
31,2024-01-01 17:00:00,76.84,2.483,115.15,1055.6,1528.4,20,0
31,2024-01-01 18:00:00,75.86,2.016,113.95,1019.6,1536.9,30,0
31,2024-01-01 19:00:00,72.43,2.045,116.88,1021.9,1720.4,33,0
31,2024-01-01 20:00:00,76.71,2.084,117.97,1020.2,1721.2,35,0
31,2024-01-01 21:00:00,73.35,2.086,116.41,1008.1,1541.1,35,0
31,2024-01-01 22:00:00,74.33,2.166,115.67,1044.0,1556.0,27,0
31,2024-01-01 23:00:00,74.24,1.72,112.77,1007.6,1563.8,38,0
31,2024-01-02 00:00:00,73.54,1.947,116.6,1058.7,1444.0,29,0
31,2024-01-02 01:00:00,74.13,2.042,112.85,1033.6,1730.3,28,0
31,2024-01-02 02:00:00,76.91,1.72,120.2,1025.3,1693.0,32,0
31,2024-01-02 03:00:00,75.51,2.101,118.61,1026.9,1508.3,31,0
31,2024-01-02 04:00:00,78.59,1.894,116.9,1001.0,1515.4,29,0
31,2024-01-02 05:00:00,75.95,2.258,115.94,1055.9,1642.6,25,0
31,2024-01-02 06:00:00,76.89,2.369,113.99,1043.7,1492.9,26,0
31,2024-01-02 07:00:00,76.1,2.191,116.68,1044.0,1564.2,29,0
31,2024-01-02 08:00:00,76.33,2.345,116.17,997.9,1526.6,40,0
31,2024-01-02 09:00:00,77.99,1.5,114.92,1053.2,1637.3,26,0
31,2024-01-02 10:00:00,75.92,1.463,121.0,1037.1,1722.0,35,0
31,2024-01-02 11:00:00,80.73,1.899,111.21,1034.3,1647.3,25,0
31,2024-01-02 12:00:00,74.93,1.893,119.2,1079.5,1654.9,28,0
31,2024-01-02 13:00:00,77.4,2.194,113.01,1054.6,1486.4,25,0
31,2024-01-02 14:00:00,76.94,2.287,116.57,1029.1,1535.2,37,0
31,2024-01-02 15:00:00,75.45,2.091,115.89,1095.2,1650.1,26,0
31,2024-01-02 16:00:00,73.99,1.678,116.88,1009.6,1456.0,36,0
31,2024-01-02 17:00:00,73.53,1.877,108.92,981.7,1585.0,35,0
31,2024-01-02 18:00:00,73.7,2.46,113.65,996.6,1651.0,23,0
31,2024-01-02 19:00:00,73.15,2.009,120.21,971.4,1653.5,27,0
31,2024-01-02 20:00:00,74.48,1.796,113.13,1048.9,1619.0,37,0
31,2024-01-02 21:00:00,73.48,2.044,119.99,1092.0,1611.6,36,0
31,2024-01-02 22:00:00,74.71,1.545,111.49,1061.5,1631.6,23,0
31,2024-01-02 23:00:00,77.82,1.6,116.99,1014.5,1460.5,29,0
31,2024-01-03 00:00:00,75.95,1.593,121.96,1014.6,1456.9,29,0
31,2024-01-03 01:00:00,76.97,2.611,113.83,1022.8,1487.3,29,0
32,2024-01-01 00:00:00,67.85,1.255,102.4,940.0,1496.3,24,0
32,2024-01-01 01:00:00,66.09,1.111,100.52,948.2,1527.7,33,0
32,2024-01-01 02:00:00,69.38,1.64,94.5,976.1,1545.8,29,0
32,2024-01-01 03:00:00,65.85,1.629,96.7,958.4,1541.2,19,0
32,2024-01-01 04:00:00,65.08,1.449,93.42,921.8,1623.8,35,0
32,2024-01-01 05:00:00,64.75,1.51,97.18,995.7,1473.6,33,0
32,2024-01-01 06:00:00,68.92,0.947,93.9,971.6,1761.5,27,0
32,2024-01-01 07:00:00,63.49,1.396,93.81,960.0,1703.2,34,0
32,2024-01-01 08:00:00,63.96,0.955,98.41,964.0,1505.4,24,0
32,2024-01-01 09:00:00,65.85,1.118,92.39,938.9,1763.2,23,0
32,2024-01-01 10:00:00,68.79,1.187,96.56,977.8,1509.3,32,0
32,2024-01-01 11:00:00,70.06,1.779,99.32,933.7,1722.4,34,0
32,2024-01-01 12:00:00,65.71,1.527,94.45,987.9,1584.4,29,0
32,2024-01-01 13:00:00,66.9,1.613,99.67,969.4,1648.7,32,0
32,2024-01-01 14:00:00,64.43,1.83,97.3,961.3,1624.0,30,0
32,2024-01-01 15:00:00,67.32,1.133,96.68,941.4,1657.8,31,0
32,2024-01-01 16:00:00,66.57,1.838,94.62,951.0,1585.8,31,0
32,2024-01-01 17:00:00,62.03,1.342,93.06,993.5,1727.0,20,0
32,2024-01-01 18:00:00,67.41,1.251,98.24,940.3,1639.1,31,0
32,2024-01-01 19:00:00,62.63,1.471,97.45,973.8,1506.5,32,0
32,2024-01-01 20:00:00,69.1,1.509,97.75,984.1,1570.4,38,0
32,2024-01-01 21:00:00,65.87,1.127,103.79,953.8,1711.3,27,0
32,2024-01-01 22:00:00,61.18,1.359,100.58,970.1,1521.5,30,0
32,2024-01-01 23:00:00,61.8,1.428,95.5,992.4,1697.3,22,0
32,2024-01-02 00:00:00,66.33,1.159,99.19,1002.0,1648.4,26,0
32,2024-01-02 01:00:00,64.93,1.949,97.09,966.2,1627.2,27,0
32,2024-01-02 02:00:00,63.46,1.417,95.08,969.2,1499.2,33,0
32,2024-01-02 03:00:00,68.03,1.803,94.41,953.3,1465.1,36,0
32,2024-01-02 04:00:00,63.32,1.868,95.17,931.0,1622.2,25,0
32,2024-01-02 05:00:00,65.63,1.432,99.5,970.9,1726.7,28,0
32,2024-01-02 06:00:00,65.24,1.514,96.42,1018.8,1506.2,33,0
32,2024-01-02 07:00:00,62.08,1.737,91.18,947.1,1572.9,37,0
32,2024-01-02 08:00:00,63.71,1.382,92.51,978.8,1750.6,24,0
32,2024-01-02 09:00:00,65.75,1.511,93.91,968.6,1674.0,24,0
32,2024-01-02 10:00:00,68.67,1.857,94.53,968.0,1651.7,34,0
32,2024-01-02 11:00:00,69.18,1.485,97.89,966.1,1753.2,35,0
32,2024-01-02 12:00:00,65.96,1.376,96.85,998.2,1533.7,30,0
32,2024-01-02 13:00:00,64.89,1.548,95.34,979.2,1668.9,25,0
32,2024-01-02 14:00:00,66.29,1.482,92.96,983.3,1502.7,30,0
32,2024-01-02 15:00:00,64.74,1.148,96.94,976.3,1593.1,30,0
32,2024-01-02 16:00:00,67.22,1.348,99.09,981.0,1480.2,24,0
32,2024-01-02 17:00:00,63.24,1.766,94.04,919.0,1795.6,30,0
32,2024-01-02 18:00:00,65.46,1.689,95.64,981.8,1761.9,35,0
32,2024-01-02 19:00:00,64.33,1.627,99.83,881.3,1587.6,24,0
32,2024-01-02 20:00:00,67.05,1.513,97.93,963.2,1630.7,27,0
32,2024-01-02 21:00:00,67.9,0.807,95.07,909.8,1566.2,34,0
32,2024-01-02 22:00:00,66.65,1.616,96.05,978.6,1598.3,28,0
32,2024-01-02 23:00:00,65.12,1.988,96.5,972.9,1489.6,28,0
32,2024-01-03 00:00:00,66.49,1.942,94.48,1014.3,1523.3,26,0
32,2024-01-03 01:00:00,64.22,1.939,99.45,961.3,1518.3,23,0
33,2024-01-01 00:00:00,59.47,0.814,99.52,831.6,1566.1,27,0
33,2024-01-01 01:00:00,59.13,1.374,96.93,811.9,1583.5,29,0
33,2024-01-01 02:00:00,57.84,1.216,94.99,800.0,1523.8,32,0
33,2024-01-01 03:00:00,61.57,0.916,88.98,817.8,1716.8,29,0
33,2024-01-01 04:00:00,62.6,1.133,100.5,859.8,1696.1,23,0
33,2024-01-01 05:00:00,60.03,0.97,96.87,845.3,1503.2,22,0
33,2024-01-01 06:00:00,59.96,1.189,89.98,798.1,1754.3,31,0
33,2024-01-01 07:00:00,59.13,1.378,92.2,869.8,1758.5,29,0
33,2024-01-01 08:00:00,56.61,0.799,91.16,841.9,1521.8,22,0
33,2024-01-01 09:00:00,60.4,1.064,96.67,827.9,1794.3,31,0
33,2024-01-01 10:00:00,59.97,0.612,97.68,815.2,1720.9,25,0
33,2024-01-01 11:00:00,61.87,0.932,92.31,783.1,1695.5,39,0
33,2024-01-01 12:00:00,57.99,1.305,92.57,775.3,1742.4,35,0
33,2024-01-01 13:00:00,63.12,0.807,95.47,829.8,1762.7,31,0
33,2024-01-01 14:00:00,59.68,1.261,91.76,868.4,1764.7,26,0
33,2024-01-01 15:00:00,60.48,0.658,93.66,829.4,1552.3,28,0
33,2024-01-01 16:00:00,59.1,1.349,92.39,812.9,1524.7,35,0
33,2024-01-01 17:00:00,57.5,0.962,98.91,775.2,1626.5,25,0
33,2024-01-01 18:00:00,61.15,0.954,95.65,809.3,1502.4,37,0
33,2024-01-01 19:00:00,59.36,1.12,87.26,831.6,1710.4,29,0
33,2024-01-01 20:00:00,62.96,0.723,94.14,853.2,1707.0,34,0
33,2024-01-01 21:00:00,61.49,0.667,93.35,800.1,1561.2,28,0
33,2024-01-01 22:00:00,60.04,1.102,93.06,822.5,1826.6,30,0
33,2024-01-01 23:00:00,56.57,0.475,91.66,807.5,1813.3,30,0
33,2024-01-02 00:00:00,60.42,0.92,92.61,867.2,1746.5,44,0
33,2024-01-02 01:00:00,61.3,1.337,90.4,814.0,1682.3,25,0
33,2024-01-02 02:00:00,60.26,0.276,95.0,857.6,1524.3,37,0
33,2024-01-02 03:00:00,62.69,0.597,89.04,763.0,1741.6,26,0
33,2024-01-02 04:00:00,61.74,0.498,88.91,846.7,1537.7,23,0
33,2024-01-02 05:00:00,57.21,0.618,87.38,816.1,1760.4,19,0
33,2024-01-02 06:00:00,61.92,0.581,96.97,801.8,1634.6,30,0
33,2024-01-02 07:00:00,60.99,0.544,91.67,836.9,1605.9,40,0
33,2024-01-02 08:00:00,62.71,0.937,97.93,849.4,1530.0,35,0
33,2024-01-02 09:00:00,61.15,1.196,94.46,876.7,1788.4,29,0
33,2024-01-02 10:00:00,61.5,0.892,90.73,873.0,1655.7,38,0
33,2024-01-02 11:00:00,61.33,1.084,90.06,821.9,1570.2,34,0
33,2024-01-02 12:00:00,62.28,0.664,88.76,786.8,1529.3,29,0
33,2024-01-02 13:00:00,59.72,1.416,94.28,818.0,1733.0,31,0
33,2024-01-02 14:00:00,59.69,0.99,89.27,772.9,1740.7,26,0
33,2024-01-02 15:00:00,62.61,0.64,92.16,829.3,1564.5,31,0
33,2024-01-02 16:00:00,59.45,1.44,93.65,852.4,1831.9,30,0
33,2024-01-02 17:00:00,55.68,0.364,91.49,805.2,1604.0,41,0
33,2024-01-02 18:00:00,58.11,0.876,93.45,826.3,1538.6,31,0
33,2024-01-02 19:00:00,62.03,1.475,93.89,852.4,1573.9,31,0
33,2024-01-02 20:00:00,60.05,0.963,97.37,864.5,1628.5,30,0
33,2024-01-02 21:00:00,62.61,0.906,95.41,801.1,1605.3,24,0
33,2024-01-02 22:00:00,59.84,0.417,95.06,860.8,1844.6,31,0
33,2024-01-02 23:00:00,62.9,0.474,94.26,852.9,1633.3,25,0
33,2024-01-03 00:00:00,58.33,1.324,96.88,862.1,1770.5,33,0
33,2024-01-03 01:00:00,63.6,0.659,92.93,831.9,1566.3,26,0
34,2024-01-01 00:00:00,69.31,1.414,108.76,1325.8,1566.5,26,0
34,2024-01-01 01:00:00,69.75,1.712,107.64,1310.4,1738.7,32,0
34,2024-01-01 02:00:00,66.64,1.568,106.43,1367.9,1664.7,27,0
34,2024-01-01 03:00:00,68.39,1.656,102.0,1279.5,1719.2,38,0
34,2024-01-01 04:00:00,66.97,1.185,112.71,1363.1,1643.3,27,0
34,2024-01-01 05:00:00,70.06,1.577,112.31,1368.5,1674.1,30,0
34,2024-01-01 06:00:00,68.67,1.879,109.37,1325.6,1868.4,31,0
34,2024-01-01 07:00:00,64.03,1.44,103.0,1373.2,1857.4,25,0
34,2024-01-01 08:00:00,64.77,1.823,107.28,1358.5,1857.1,28,0
34,2024-01-01 09:00:00,65.76,1.324,104.37,1404.2,1699.5,30,0
34,2024-01-01 10:00:00,65.9,1.126,106.67,1357.9,1772.6,37,0
34,2024-01-01 11:00:00,66.26,1.122,108.14,1296.1,1707.6,28,0
34,2024-01-01 12:00:00,66.11,1.65,102.49,1341.0,1702.7,28,0
34,2024-01-01 13:00:00,66.44,1.876,104.71,1322.6,1729.7,18,0
34,2024-01-01 14:00:00,67.14,1.256,100.63,1363.9,1825.9,27,0
34,2024-01-01 15:00:00,65.17,1.466,102.65,1347.7,1841.6,33,0
34,2024-01-01 16:00:00,62.52,1.239,101.57,1318.3,1858.9,42,0
34,2024-01-01 17:00:00,63.1,1.978,105.85,1369.5,1855.3,30,0
34,2024-01-01 18:00:00,66.25,1.372,103.35,1320.5,1874.2,35,0
34,2024-01-01 19:00:00,67.03,1.481,112.47,1354.1,1733.2,30,0
34,2024-01-01 20:00:00,65.32,1.403,112.91,1331.7,1597.4,30,0
34,2024-01-01 21:00:00,70.99,1.648,110.23,1354.0,1803.4,35,0
34,2024-01-01 22:00:00,68.51,1.34,104.23,1359.0,1848.9,32,0
34,2024-01-01 23:00:00,66.65,1.577,109.05,1300.2,1817.8,32,0
34,2024-01-02 00:00:00,65.22,1.42,106.85,1319.0,1750.0,36,0
34,2024-01-02 01:00:00,70.06,1.819,107.58,1330.2,1895.3,33,0
34,2024-01-02 02:00:00,66.2,1.537,105.44,1356.7,1655.5,34,0
34,2024-01-02 03:00:00,67.88,1.2,108.73,1329.5,1865.3,35,0
34,2024-01-02 04:00:00,66.37,1.843,111.6,1331.3,1865.9,20,0
34,2024-01-02 05:00:00,67.27,1.059,105.11,1353.4,1880.8,32,0
34,2024-01-02 06:00:00,67.22,1.178,109.6,1303.5,1854.8,32,0
34,2024-01-02 07:00:00,69.23,0.808,105.87,1288.5,1656.3,19,0
34,2024-01-02 08:00:00,70.67,1.587,107.71,1378.6,1699.0,31,0
34,2024-01-02 09:00:00,66.91,1.817,109.35,1367.4,1593.8,22,0
34,2024-01-02 10:00:00,70.19,1.387,104.92,1342.9,1860.3,34,0
34,2024-01-02 11:00:00,68.08,1.027,107.4,1338.1,1887.3,26,0
34,2024-01-02 12:00:00,67.39,1.948,105.09,1352.0,1639.2,28,0
34,2024-01-02 13:00:00,66.67,1.221,106.89,1342.6,1762.8,45,0
34,2024-01-02 14:00:00,63.94,1.624,108.72,1343.1,1648.1,31,0
34,2024-01-02 15:00:00,68.15,1.755,114.68,1375.9,1784.4,20,0
34,2024-01-02 16:00:00,65.55,1.977,112.23,1345.7,1772.3,34,0
34,2024-01-02 17:00:00,67.44,1.638,103.07,1294.8,1745.7,34,0
34,2024-01-02 18:00:00,71.17,1.298,103.08,1372.2,1621.1,28,0
34,2024-01-02 19:00:00,65.5,1.837,112.97,1363.0,1793.2,35,0
34,2024-01-02 20:00:00,66.83,1.276,105.3,1365.8,1636.9,28,0
34,2024-01-02 21:00:00,69.5,1.499,105.25,1307.7,1782.6,35,0
34,2024-01-02 22:00:00,69.01,1.597,103.55,1333.0,1681.8,35,0
34,2024-01-02 23:00:00,68.85,1.507,104.39,1374.1,1844.3,36,0
34,2024-01-03 00:00:00,66.7,1.936,105.55,1335.9,1789.3,37,0
34,2024-01-03 01:00:00,66.13,1.607,102.39,1330.6,1828.9,32,0
35,2024-01-01 00:00:00,77.05,1.199,112.14,1026.7,1705.9,32,0
35,2024-01-01 01:00:00,69.75,0.982,115.49,995.5,1603.6,31,0
35,2024-01-01 02:00:00,71.97,1.577,121.71,993.0,1720.6,24,0
35,2024-01-01 03:00:00,72.51,1.486,118.53,976.2,1616.8,29,0
35,2024-01-01 04:00:00,71.32,1.031,115.27,1003.0,1858.4,23,0
35,2024-01-01 05:00:00,75.07,1.93,117.86,1027.0,1743.5,42,0
35,2024-01-01 06:00:00,75.08,1.288,114.81,973.9,1678.6,33,0
35,2024-01-01 07:00:00,77.1,1.11,120.71,1041.7,1684.2,32,0
35,2024-01-01 08:00:00,72.58,1.173,114.0,1056.6,1824.9,34,0
35,2024-01-01 09:00:00,75.22,1.115,117.7,983.5,1857.6,35,0
35,2024-01-01 10:00:00,74.3,0.694,112.19,987.2,1897.9,34,0
35,2024-01-01 11:00:00,73.64,1.632,117.4,993.0,1934.9,24,0
35,2024-01-01 12:00:00,73.4,1.24,117.57,1039.5,1908.8,39,0
35,2024-01-01 13:00:00,70.64,1.315,119.38,1019.1,1683.3,28,0
35,2024-01-01 14:00:00,74.54,0.407,112.99,1005.5,1868.9,27,0
35,2024-01-01 15:00:00,76.95,1.568,126.54,985.1,1613.9,29,0
35,2024-01-01 16:00:00,73.52,1.053,117.14,1031.5,1612.1,29,0
35,2024-01-01 17:00:00,73.76,1.203,118.48,1033.9,1733.9,36,0
35,2024-01-01 18:00:00,72.56,1.746,120.29,982.4,1679.4,16,0
35,2024-01-01 19:00:00,71.96,1.888,123.2,985.5,1777.7,28,0
35,2024-01-01 20:00:00,76.46,1.208,119.68,999.2,1691.7,29,0
35,2024-01-01 21:00:00,75.34,1.582,118.13,1059.0,1762.8,34,0
35,2024-01-01 22:00:00,69.71,1.573,112.66,992.0,1775.0,31,0
35,2024-01-01 23:00:00,76.74,1.417,116.48,973.6,1746.7,27,0
35,2024-01-02 00:00:00,75.42,1.292,117.9,1019.8,1936.6,38,0
35,2024-01-02 01:00:00,74.78,1.572,113.73,980.4,1830.7,30,0
35,2024-01-02 02:00:00,75.51,1.299,117.46,1014.8,1703.5,26,0
35,2024-01-02 03:00:00,72.38,0.896,116.24,1049.0,1630.4,30,0
35,2024-01-02 04:00:00,76.83,1.341,124.71,1003.1,1634.2,25,0
35,2024-01-02 05:00:00,74.23,1.112,117.78,1017.1,1754.5,32,0
35,2024-01-02 06:00:00,72.59,0.804,119.06,1022.0,1627.6,27,0
35,2024-01-02 07:00:00,77.01,0.992,124.01,945.2,1733.5,25,0
35,2024-01-02 08:00:00,72.91,1.15,116.04,1011.4,1705.8,38,0
35,2024-01-02 09:00:00,75.54,1.249,117.76,1045.3,1615.2,32,0
35,2024-01-02 10:00:00,75.84,1.217,109.22,1013.7,1775.7,37,0
35,2024-01-02 11:00:00,69.4,1.508,117.28,983.2,1863.0,28,0
35,2024-01-02 12:00:00,72.59,1.797,116.88,1009.1,1714.9,41,0
35,2024-01-02 13:00:00,73.08,1.21,115.36,1023.3,1643.2,32,0
35,2024-01-02 14:00:00,74.38,0.674,113.77,950.5,1725.2,28,0
35,2024-01-02 15:00:00,75.19,1.111,114.34,980.8,1676.1,40,0
35,2024-01-02 16:00:00,72.78,1.496,116.82,1000.1,1632.5,25,0
35,2024-01-02 17:00:00,74.31,0.891,116.32,1027.4,1730.0,32,0
35,2024-01-02 18:00:00,70.76,1.611,114.13,1025.7,1871.5,33,0
35,2024-01-02 19:00:00,72.5,0.882,118.94,987.2,1772.9,35,0
35,2024-01-02 20:00:00,74.66,0.755,114.19,1008.2,1694.1,28,0
35,2024-01-02 21:00:00,70.45,0.945,121.65,982.8,1890.8,35,0
35,2024-01-02 22:00:00,71.32,1.181,119.48,952.9,1862.6,36,0
35,2024-01-02 23:00:00,73.41,1.317,120.21,984.8,1735.8,31,0
35,2024-01-03 00:00:00,71.72,1.042,114.15,1017.0,1725.8,23,0
35,2024-01-03 01:00:00,75.01,1.157,118.88,1050.9,1880.3,33,0
36,2024-01-01 00:00:00,69.07,1.937,91.68,1440.4,1759.7,32,0
36,2024-01-01 01:00:00,73.24,1.583,93.0,1396.0,1807.8,31,0
36,2024-01-01 02:00:00,71.68,1.285,101.84,1462.5,1878.4,34,0
36,2024-01-01 03:00:00,68.06,1.611,94.63,1393.4,1904.5,16,0
36,2024-01-01 04:00:00,70.39,1.239,94.4,1405.1,1897.5,31,0
36,2024-01-01 05:00:00,72.82,1.617,98.87,1526.6,1691.7,33,0
36,2024-01-01 06:00:00,69.54,1.429,92.15,1428.3,1818.2,26,0
36,2024-01-01 07:00:00,74.72,1.632,97.82,1445.3,1755.0,26,0
36,2024-01-01 08:00:00,71.67,1.138,89.69,1373.1,1857.1,33,0
36,2024-01-01 09:00:00,73.0,1.702,93.72,1399.9,1924.2,38,0
36,2024-01-01 10:00:00,71.77,1.421,96.15,1433.6,1822.4,43,0
36,2024-01-01 11:00:00,73.23,1.247,97.37,1404.4,1759.0,28,0
36,2024-01-01 12:00:00,70.17,1.475,92.95,1400.0,1974.2,31,0
36,2024-01-01 13:00:00,74.59,1.901,96.39,1388.6,1754.8,41,0
36,2024-01-01 14:00:00,71.07,1.553,93.56,1386.5,1692.1,36,0
36,2024-01-01 15:00:00,73.46,1.462,95.03,1362.3,1797.4,30,0
36,2024-01-01 16:00:00,76.0,2.0,99.61,1389.2,1834.9,34,0
36,2024-01-01 17:00:00,71.42,1.365,95.84,1420.7,1867.4,32,0
36,2024-01-01 18:00:00,72.79,1.635,96.93,1397.5,1902.5,22,0
36,2024-01-01 19:00:00,74.33,2.031,91.35,1394.5,1782.6,34,0
36,2024-01-01 20:00:00,70.03,1.751,93.29,1441.8,1673.7,41,0
36,2024-01-01 21:00:00,71.32,1.636,95.82,1417.7,1827.9,28,0
36,2024-01-01 22:00:00,74.8,1.65,99.19,1366.0,1669.5,36,0
36,2024-01-01 23:00:00,70.72,1.49,96.54,1469.4,1988.1,35,0
36,2024-01-02 00:00:00,77.07,1.349,95.63,1384.9,1960.6,34,0
36,2024-01-02 01:00:00,70.06,1.635,97.7,1395.7,1702.3,33,0
36,2024-01-02 02:00:00,71.56,1.148,96.67,1405.4,1760.2,42,0
36,2024-01-02 03:00:00,69.54,1.387,100.16,1413.2,1906.2,28,0
36,2024-01-02 04:00:00,71.06,1.597,89.72,1429.4,1868.3,39,0
36,2024-01-02 05:00:00,71.58,1.396,91.84,1406.4,1920.4,29,0
36,2024-01-02 06:00:00,72.77,1.332,90.69,1355.4,1851.1,27,0
36,2024-01-02 07:00:00,72.58,2.242,91.79,1489.6,1941.7,37,0
36,2024-01-02 08:00:00,72.5,1.253,95.01,1470.5,1755.2,28,0
36,2024-01-02 09:00:00,72.89,1.321,94.52,1374.9,1975.8,33,0
36,2024-01-02 10:00:00,70.37,1.343,100.14,1440.0,1813.7,32,0
36,2024-01-02 11:00:00,71.69,1.975,97.74,1462.3,1675.7,35,0
36,2024-01-02 12:00:00,70.74,1.807,96.84,1430.6,1730.1,32,0
36,2024-01-02 13:00:00,73.15,1.508,95.81,1418.0,1737.8,25,0
36,2024-01-02 14:00:00,74.42,1.808,97.35,1434.4,1692.3,26,0
36,2024-01-02 15:00:00,74.49,1.481,91.38,1393.2,1765.2,35,0
36,2024-01-02 16:00:00,78.31,1.698,97.85,1428.8,1745.8,34,0
36,2024-01-02 17:00:00,72.71,1.17,102.54,1380.6,1805.0,26,0
36,2024-01-02 18:00:00,73.62,1.415,94.27,1391.4,1792.1,24,0
36,2024-01-02 19:00:00,69.82,2.025,98.05,1450.0,1853.9,28,0
36,2024-01-02 20:00:00,75.15,1.848,94.44,1419.0,1822.2,30,0
36,2024-01-02 21:00:00,70.85,1.127,96.77,1397.7,2018.7,32,0
36,2024-01-02 22:00:00,73.75,1.354,99.89,1435.9,1991.0,43,0
36,2024-01-02 23:00:00,73.71,1.908,92.38,1383.2,1742.1,35,0
36,2024-01-03 00:00:00,73.01,1.648,98.67,1403.9,1907.4,29,0
36,2024-01-03 01:00:00,75.21,1.412,98.32,1386.8,1910.1,40,0
37,2024-01-01 00:00:00,60.26,2.064,109.31,973.9,1740.0,28,0
37,2024-01-01 01:00:00,59.96,1.581,108.31,1012.4,1980.6,21,0
37,2024-01-01 02:00:00,61.93,1.586,105.37,1003.0,1976.0,28,0
37,2024-01-01 03:00:00,61.46,1.411,102.59,1004.6,1850.1,30,0
37,2024-01-01 04:00:00,62.22,0.782,101.92,1031.5,1901.2,32,0
37,2024-01-01 05:00:00,58.68,1.111,107.93,995.9,1690.6,30,0
37,2024-01-01 06:00:00,61.68,1.611,105.8,947.2,1843.6,18,0
37,2024-01-01 07:00:00,62.38,1.552,103.18,1012.7,1737.4,24,0
37,2024-01-01 08:00:00,60.17,1.706,106.84,1006.8,2024.9,29,0
37,2024-01-01 09:00:00,62.12,1.552,113.25,1012.7,1832.0,30,0
37,2024-01-01 10:00:00,59.3,1.857,109.35,1000.3,1990.7,26,0
37,2024-01-01 11:00:00,58.63,1.802,104.86,1014.0,2046.8,33,0
37,2024-01-01 12:00:00,62.63,1.816,100.9,1017.5,1682.3,28,0
37,2024-01-01 13:00:00,56.54,1.576,108.42,1018.5,1742.9,30,0
37,2024-01-01 14:00:00,66.08,2.209,102.92,981.0,1959.6,33,0
37,2024-01-01 15:00:00,61.34,1.736,102.32,992.8,1942.5,25,0
37,2024-01-01 16:00:00,59.79,1.359,107.82,1012.0,1935.6,27,0
37,2024-01-01 17:00:00,60.72,1.702,107.1,1063.9,1903.1,33,0
37,2024-01-01 18:00:00,63.87,1.641,103.11,985.0,1856.9,33,0
37,2024-01-01 19:00:00,62.23,1.801,109.85,1021.7,1779.0,28,0
37,2024-01-01 20:00:00,58.07,1.291,101.54,1023.6,1835.7,28,0
37,2024-01-01 21:00:00,59.59,1.147,105.0,1004.1,2009.6,35,0
37,2024-01-01 22:00:00,61.03,2.102,107.44,994.0,1685.3,60,0
37,2024-01-01 23:00:00,66.53,2.036,112.36,991.4,1880.3,57,0
37,2024-01-02 00:00:00,60.37,2.049,105.09,993.2,2054.4,54,0
37,2024-01-02 01:00:00,61.52,2.064,103.58,983.9,1727.5,51,0
37,2024-01-02 02:00:00,65.9,2.361,100.99,999.3,1901.9,48,0
37,2024-01-02 03:00:00,66.06,2.18,104.21,1037.2,1784.6,45,0
37,2024-01-02 04:00:00,66.55,1.601,103.6,978.1,1922.2,42,0
37,2024-01-02 05:00:00,67.96,3.344,105.59,960.8,1880.3,39,0
37,2024-01-02 06:00:00,68.16,2.31,99.11,999.1,1964.6,36,0
37,2024-01-02 07:00:00,71.76,2.465,109.26,955.8,1836.1,33,0
37,2024-01-02 08:00:00,70.37,3.108,98.23,1097.7,1839.9,30,0
37,2024-01-02 09:00:00,69.84,2.405,103.39,960.5,1879.7,27,0
37,2024-01-02 10:00:00,73.19,2.569,104.94,986.5,2015.0,24,0
37,2024-01-02 11:00:00,73.1,3.801,100.27,1004.9,2044.6,21,0
37,2024-01-02 12:00:00,74.16,3.808,103.62,857.0,2038.7,18,0
37,2024-01-02 13:00:00,72.28,2.462,107.74,1075.9,2004.4,15,0
37,2024-01-02 14:00:00,69.29,2.921,97.27,991.7,1738.3,12,0
37,2024-01-02 15:00:00,75.33,3.869,116.32,948.3,1870.4,9,0
37,2024-01-02 16:00:00,79.86,3.186,90.92,967.7,1903.5,6,0
37,2024-01-02 17:00:00,74.52,4.73,95.25,979.2,1743.1,3,1
37,2024-01-02 18:00:00,73.19,3.066,105.2,1021.8,2026.6,0,1
37,2024-01-02 19:00:00,77.1,4.951,96.34,1126.2,1843.1,0,1
37,2024-01-02 20:00:00,77.02,5.393,112.88,1077.0,2030.3,0,1
37,2024-01-02 21:00:00,80.36,4.882,113.45,927.7,1784.4,0,1
37,2024-01-02 22:00:00,79.66,5.284,96.99,849.5,1946.5,0,1
37,2024-01-02 23:00:00,88.1,4.984,90.58,981.7,1945.4,0,1
37,2024-01-03 00:00:00,70.8,3.095,100.56,1099.3,2057.8,0,1
37,2024-01-03 01:00:00,76.43,3.885,124.3,868.1,1763.6,0,1
38,2024-01-01 00:00:00,73.25,2.645,96.72,1416.3,1810.5,40,0
38,2024-01-01 01:00:00,67.44,1.856,91.74,1436.9,1720.5,27,0
38,2024-01-01 02:00:00,71.39,2.083,99.89,1407.8,1888.8,35,0
38,2024-01-01 03:00:00,72.02,2.239,92.48,1396.6,1870.5,35,0
38,2024-01-01 04:00:00,66.73,2.082,88.0,1405.0,1956.7,28,0
38,2024-01-01 05:00:00,72.28,2.185,97.29,1396.0,2086.2,30,0
38,2024-01-01 06:00:00,68.02,2.175,94.43,1435.0,1953.3,23,0
38,2024-01-01 07:00:00,68.65,1.572,96.61,1348.1,1803.1,27,0
38,2024-01-01 08:00:00,71.58,2.114,88.9,1420.8,1938.5,33,0
38,2024-01-01 09:00:00,69.97,1.63,98.56,1375.2,2085.9,27,0
38,2024-01-01 10:00:00,65.56,2.123,97.42,1435.8,1874.9,35,0
38,2024-01-01 11:00:00,68.49,2.132,90.02,1485.6,1803.9,34,0
38,2024-01-01 12:00:00,72.94,1.85,95.76,1420.9,1792.0,23,0
38,2024-01-01 13:00:00,67.44,1.199,94.21,1390.3,2007.2,30,0
38,2024-01-01 14:00:00,70.62,1.979,97.7,1402.5,1833.3,33,0
38,2024-01-01 15:00:00,70.88,2.057,92.27,1414.8,1935.8,27,0
38,2024-01-01 16:00:00,71.92,1.809,97.34,1425.7,2026.9,29,0
38,2024-01-01 17:00:00,70.71,2.087,89.73,1393.8,1886.7,32,0
38,2024-01-01 18:00:00,68.37,1.635,90.54,1368.7,1887.0,30,0
38,2024-01-01 19:00:00,68.06,2.383,100.38,1382.4,1886.0,36,0
38,2024-01-01 20:00:00,70.98,1.928,98.28,1367.3,1737.8,30,0
38,2024-01-01 21:00:00,67.88,1.681,88.22,1403.4,1871.4,47,0
38,2024-01-01 22:00:00,70.87,2.26,95.78,1398.4,1798.4,29,0
38,2024-01-01 23:00:00,69.56,1.663,94.69,1378.9,1853.2,29,0
38,2024-01-02 00:00:00,69.21,1.898,85.84,1448.9,1998.1,29,0
38,2024-01-02 01:00:00,69.4,1.689,96.23,1446.1,1894.5,44,0
38,2024-01-02 02:00:00,65.47,1.69,92.79,1398.7,1960.5,28,0
38,2024-01-02 03:00:00,68.37,1.537,95.32,1407.8,1977.0,25,0
38,2024-01-02 04:00:00,72.78,2.165,105.24,1415.5,2001.4,32,0
38,2024-01-02 05:00:00,70.11,1.915,93.02,1406.0,2080.5,22,0
38,2024-01-02 06:00:00,70.84,2.394,90.83,1378.4,1931.0,26,0
38,2024-01-02 07:00:00,72.9,2.281,93.79,1410.9,2123.4,22,0
38,2024-01-02 08:00:00,71.4,2.042,93.73,1391.7,2040.8,34,0
38,2024-01-02 09:00:00,69.79,1.86,95.24,1385.4,1840.3,34,0
38,2024-01-02 10:00:00,70.72,2.163,93.27,1413.7,1923.9,22,0
38,2024-01-02 11:00:00,69.63,2.3,93.27,1404.1,1921.5,35,0
38,2024-01-02 12:00:00,65.34,1.495,93.95,1402.5,1991.0,30,0
38,2024-01-02 13:00:00,69.17,2.28,96.83,1425.2,1944.0,21,0
38,2024-01-02 14:00:00,68.17,2.212,94.17,1375.1,1935.1,31,0
38,2024-01-02 15:00:00,70.44,2.086,89.5,1403.3,1856.6,27,0
38,2024-01-02 16:00:00,69.0,1.775,94.44,1430.5,1821.0,33,0
38,2024-01-02 17:00:00,69.59,2.347,91.27,1424.4,1877.2,27,0
38,2024-01-02 18:00:00,71.1,1.867,97.47,1391.9,1824.1,31,0
38,2024-01-02 19:00:00,70.05,1.875,96.36,1353.7,1868.4,32,0
38,2024-01-02 20:00:00,69.04,1.759,94.85,1443.0,1818.1,35,0
38,2024-01-02 21:00:00,66.96,1.78,91.98,1353.2,1882.3,28,0
38,2024-01-02 22:00:00,70.75,1.594,93.32,1450.1,1896.3,33,0
38,2024-01-02 23:00:00,69.37,1.683,94.16,1445.2,2010.3,27,0
38,2024-01-03 00:00:00,70.6,1.804,100.15,1421.5,1915.7,31,0
38,2024-01-03 01:00:00,66.82,1.661,92.13,1427.9,1968.1,26,0
39,2024-01-01 00:00:00,78.02,0.438,103.46,1174.5,1929.6,33,0
39,2024-01-01 01:00:00,77.1,0.543,105.21,1129.4,2054.9,28,0
39,2024-01-01 02:00:00,72.7,0.381,107.14,1182.0,1946.4,34,0
39,2024-01-01 03:00:00,78.63,0.715,103.9,1185.1,2017.1,26,0
39,2024-01-01 04:00:00,77.54,0.597,108.58,1167.6,1815.5,27,0
39,2024-01-01 05:00:00,72.12,0.622,101.03,1179.1,1820.6,24,0
39,2024-01-01 06:00:00,75.87,1.219,108.0,1174.2,1798.6,32,0
39,2024-01-01 07:00:00,74.4,0.526,106.36,1149.4,1950.0,26,0
39,2024-01-01 08:00:00,71.19,-0.083,107.1,1188.7,2116.0,18,0
39,2024-01-01 09:00:00,72.94,0.212,106.11,1114.9,2053.8,29,0
39,2024-01-01 10:00:00,74.59,0.511,109.52,1167.5,1881.2,30,0
39,2024-01-01 11:00:00,69.9,0.176,102.44,1154.6,1791.0,36,0
39,2024-01-01 12:00:00,73.44,0.306,107.92,1203.1,1845.5,30,0
39,2024-01-01 13:00:00,76.22,0.426,102.2,1200.9,2124.5,30,0
39,2024-01-01 14:00:00,73.31,0.02,108.33,1187.5,1802.9,29,0
39,2024-01-01 15:00:00,71.99,0.061,107.85,1144.6,2017.1,31,0
39,2024-01-01 16:00:00,74.19,0.45,102.86,1154.5,1906.2,29,0
39,2024-01-01 17:00:00,74.8,0.668,108.1,1187.0,2154.8,22,0
39,2024-01-01 18:00:00,74.74,0.572,103.84,1188.5,2088.0,36,0
39,2024-01-01 19:00:00,75.26,0.54,107.61,1179.2,1862.6,27,0
39,2024-01-01 20:00:00,71.75,0.557,110.15,1202.2,2138.1,28,0
39,2024-01-01 21:00:00,73.83,0.231,101.47,1219.6,1936.5,24,0
39,2024-01-01 22:00:00,76.7,0.717,103.77,1193.8,1972.4,32,0
39,2024-01-01 23:00:00,71.02,0.422,104.07,1169.8,1816.7,27,0
39,2024-01-02 00:00:00,72.8,0.374,105.52,1183.0,1917.8,33,0
39,2024-01-02 01:00:00,73.59,0.65,107.26,1150.4,2086.4,33,0
39,2024-01-02 02:00:00,76.46,1.021,102.73,1207.3,1874.2,36,0
39,2024-01-02 03:00:00,74.54,0.67,109.83,1226.0,1877.7,25,0
39,2024-01-02 04:00:00,72.44,1.152,107.18,1151.6,1957.1,27,0
39,2024-01-02 05:00:00,71.18,0.158,103.88,1220.0,2066.3,27,0
39,2024-01-02 06:00:00,72.92,0.569,107.76,1133.9,2087.4,22,0
39,2024-01-02 07:00:00,74.14,0.437,103.58,1142.6,1871.7,31,0
39,2024-01-02 08:00:00,76.47,0.141,106.38,1127.2,2105.2,20,0
39,2024-01-02 09:00:00,69.09,0.35,103.43,1196.1,1940.2,30,0
39,2024-01-02 10:00:00,75.88,-0.008,103.37,1208.9,2064.9,31,0
39,2024-01-02 11:00:00,73.22,1.127,108.13,1142.1,2025.4,31,0
39,2024-01-02 12:00:00,73.57,0.138,104.8,1211.4,2027.1,25,0
39,2024-01-02 13:00:00,73.45,0.484,104.21,1196.3,2128.4,28,0
39,2024-01-02 14:00:00,72.43,0.347,109.63,1239.4,2040.4,42,0
39,2024-01-02 15:00:00,71.25,0.193,103.73,1219.9,2119.0,37,0
39,2024-01-02 16:00:00,73.95,0.391,104.44,1141.8,2125.4,51,0
39,2024-01-02 17:00:00,70.66,0.702,101.55,1173.3,1834.7,29,0
39,2024-01-02 18:00:00,74.48,-0.078,97.71,1141.3,1965.8,31,0
39,2024-01-02 19:00:00,77.4,0.872,102.86,1171.8,2110.0,29,0
39,2024-01-02 20:00:00,75.38,0.126,106.36,1175.5,1988.7,28,0
39,2024-01-02 21:00:00,74.64,0.854,110.32,1204.1,1832.1,27,0
39,2024-01-02 22:00:00,71.64,0.673,101.48,1170.4,1838.1,34,0
39,2024-01-02 23:00:00,74.84,0.234,105.18,1179.9,1886.1,26,0
39,2024-01-03 00:00:00,75.53,0.439,107.42,1185.6,2091.4,22,0
39,2024-01-03 01:00:00,73.73,0.671,98.48,1193.5,2037.6,37,0
40,2024-01-01 00:00:00,64.67,0.739,112.88,1448.0,2067.8,23,0
40,2024-01-01 01:00:00,67.13,0.835,111.58,1461.6,2034.9,23,0
40,2024-01-01 02:00:00,69.52,0.938,114.35,1451.6,1929.8,34,0
40,2024-01-01 03:00:00,61.7,1.09,112.18,1463.5,1976.2,33,0
40,2024-01-01 04:00:00,66.97,0.299,116.74,1453.4,1969.7,30,0
40,2024-01-01 05:00:00,66.64,1.007,111.71,1477.7,1987.5,34,0
40,2024-01-01 06:00:00,67.11,0.99,112.57,1464.0,2097.8,30,0
40,2024-01-01 07:00:00,67.5,0.907,109.42,1467.0,2056.6,34,0
40,2024-01-01 08:00:00,67.63,0.443,113.98,1504.2,1894.8,36,0
40,2024-01-01 09:00:00,68.38,0.899,110.39,1446.0,2074.8,33,0
40,2024-01-01 10:00:00,72.69,0.694,111.74,1443.7,2140.4,26,0
40,2024-01-01 11:00:00,68.08,0.64,115.75,1485.5,1899.5,32,0
40,2024-01-01 12:00:00,68.22,0.931,111.86,1462.4,1964.1,21,0
40,2024-01-01 13:00:00,70.34,1.013,116.8,1454.3,1826.7,36,0
40,2024-01-01 14:00:00,67.67,0.526,108.95,1476.2,1981.1,27,0
40,2024-01-01 15:00:00,69.21,0.779,114.69,1433.8,2011.4,29,0
40,2024-01-01 16:00:00,66.58,0.473,118.02,1447.3,2205.8,31,0
40,2024-01-01 17:00:00,70.79,1.055,117.19,1430.8,1820.9,29,0
40,2024-01-01 18:00:00,68.31,0.681,116.79,1389.8,1914.0,33,0
40,2024-01-01 19:00:00,66.35,1.092,110.6,1451.4,1965.3,31,0
40,2024-01-01 20:00:00,68.07,0.853,115.89,1462.5,1988.9,32,0
40,2024-01-01 21:00:00,65.6,0.743,111.21,1433.4,2082.0,21,0
40,2024-01-01 22:00:00,65.87,0.711,114.25,1475.2,1993.1,24,0
40,2024-01-01 23:00:00,65.6,0.903,110.41,1462.4,2112.8,26,0
40,2024-01-02 00:00:00,70.74,0.297,111.94,1423.4,2137.7,25,0
40,2024-01-02 01:00:00,66.76,0.629,118.01,1432.3,1967.1,35,0
40,2024-01-02 02:00:00,68.72,1.128,114.13,1473.6,1854.4,31,0
40,2024-01-02 03:00:00,70.11,0.794,116.23,1509.1,2080.3,23,0
40,2024-01-02 04:00:00,70.49,1.041,107.59,1466.4,2194.1,29,0
40,2024-01-02 05:00:00,65.42,0.551,111.21,1411.0,2063.7,27,0
40,2024-01-02 06:00:00,68.04,0.747,116.98,1467.9,1872.1,36,0
40,2024-01-02 07:00:00,65.5,0.713,115.3,1428.7,1837.2,31,0
40,2024-01-02 08:00:00,69.74,0.922,111.35,1435.2,2152.9,25,0
40,2024-01-02 09:00:00,64.93,0.801,118.52,1459.0,1926.4,23,0
40,2024-01-02 10:00:00,66.72,0.399,117.47,1481.8,2118.0,27,0
40,2024-01-02 11:00:00,68.44,0.609,112.34,1461.8,2182.3,33,0
40,2024-01-02 12:00:00,64.85,0.394,111.5,1451.9,1843.1,39,0
40,2024-01-02 13:00:00,68.19,0.83,110.96,1430.7,2080.7,40,0
40,2024-01-02 14:00:00,70.82,0.528,117.43,1428.1,2033.5,29,0
40,2024-01-02 15:00:00,65.9,0.497,115.47,1483.0,1995.7,32,0
40,2024-01-02 16:00:00,67.02,0.323,118.05,1449.5,2059.5,27,0
40,2024-01-02 17:00:00,68.55,1.2,118.87,1455.9,1994.4,32,0
40,2024-01-02 18:00:00,67.75,0.147,111.37,1468.6,2223.3,37,0
40,2024-01-02 19:00:00,64.21,0.577,112.34,1451.5,2201.3,32,0
40,2024-01-02 20:00:00,68.5,1.198,112.33,1480.1,2211.3,28,0
40,2024-01-02 21:00:00,67.68,0.252,113.26,1474.9,2078.5,36,0
40,2024-01-02 22:00:00,70.4,1.108,109.52,1462.3,2027.7,31,0
40,2024-01-02 23:00:00,67.92,0.991,113.34,1427.8,2169.3,31,0
40,2024-01-03 00:00:00,70.9,0.379,113.05,1505.5,2064.2,29,0
40,2024-01-03 01:00:00,69.5,1.065,112.81,1434.5,2219.1,29,0
41,2024-01-01 00:00:00,69.55,0.912,117.97,997.5,2096.2,39,0
41,2024-01-01 01:00:00,68.88,1.028,114.01,977.0,2242.0,25,0
41,2024-01-01 02:00:00,64.92,1.016,117.57,920.4,1901.8,27,0
41,2024-01-01 03:00:00,62.69,1.074,118.73,911.2,1904.6,29,0
41,2024-01-01 04:00:00,66.22,1.06,112.8,969.7,1897.5,34,0
41,2024-01-01 05:00:00,69.02,1.259,119.61,911.3,1855.0,27,0
41,2024-01-01 06:00:00,65.4,1.571,118.43,919.5,1883.2,31,0
41,2024-01-01 07:00:00,67.91,0.761,118.75,916.7,2042.9,38,0
41,2024-01-01 08:00:00,66.45,1.261,114.42,939.8,1991.6,33,0
41,2024-01-01 09:00:00,66.1,0.851,116.26,928.7,1870.4,30,0
41,2024-01-01 10:00:00,67.63,1.073,114.74,924.4,2073.7,26,0
41,2024-01-01 11:00:00,66.99,0.878,118.4,925.5,1915.1,17,0
41,2024-01-01 12:00:00,67.38,1.094,119.86,892.7,2022.6,20,0
41,2024-01-01 13:00:00,66.93,1.383,120.78,986.1,1955.9,29,0
41,2024-01-01 14:00:00,64.16,0.616,115.04,890.3,2075.0,31,0
41,2024-01-01 15:00:00,62.76,1.197,116.24,943.5,2074.7,35,0
41,2024-01-01 16:00:00,66.7,1.051,118.8,881.2,1896.4,33,0
41,2024-01-01 17:00:00,67.95,0.682,117.37,927.1,2180.4,32,0
41,2024-01-01 18:00:00,62.93,1.59,116.91,919.8,2130.7,24,0
41,2024-01-01 19:00:00,67.85,0.975,121.13,911.2,1939.9,22,0
41,2024-01-01 20:00:00,66.7,0.672,114.0,930.1,2198.6,22,0
41,2024-01-01 21:00:00,66.5,1.518,124.96,959.0,2228.6,25,0
41,2024-01-01 22:00:00,62.89,0.84,117.15,959.4,2027.0,30,0
41,2024-01-01 23:00:00,63.23,0.726,117.79,921.3,2236.3,21,0
41,2024-01-02 00:00:00,67.47,0.737,123.22,978.6,2008.6,25,0
41,2024-01-02 01:00:00,65.61,1.243,120.83,970.2,2084.6,27,0
41,2024-01-02 02:00:00,64.08,1.315,116.23,949.9,2087.3,29,0
41,2024-01-02 03:00:00,68.36,1.226,124.76,950.3,2233.5,30,0
41,2024-01-02 04:00:00,64.49,1.4,116.6,943.5,2198.0,27,0
41,2024-01-02 05:00:00,68.1,0.677,117.59,954.6,1879.1,25,0
41,2024-01-02 06:00:00,69.65,1.231,120.27,956.1,2183.1,27,0
41,2024-01-02 07:00:00,68.74,1.492,112.37,961.0,2169.6,23,0
41,2024-01-02 08:00:00,69.43,1.141,118.47,946.3,2029.9,34,0
41,2024-01-02 09:00:00,65.1,1.074,115.63,940.7,2170.0,19,0
41,2024-01-02 10:00:00,66.46,1.317,115.13,929.2,2143.5,18,0
41,2024-01-02 11:00:00,68.22,1.319,117.08,903.1,2050.8,25,0
41,2024-01-02 12:00:00,65.56,1.108,115.4,907.1,2219.0,31,0
41,2024-01-02 13:00:00,66.66,1.283,119.34,940.5,1949.8,34,0
41,2024-01-02 14:00:00,65.86,1.198,116.84,912.1,1937.2,37,0
41,2024-01-02 15:00:00,71.2,1.353,115.7,918.6,1948.2,35,0
41,2024-01-02 16:00:00,64.98,1.232,118.13,933.0,1967.6,37,0
41,2024-01-02 17:00:00,66.68,1.31,114.54,987.6,1974.8,35,0
41,2024-01-02 18:00:00,67.69,1.946,111.32,932.7,2226.2,31,0
41,2024-01-02 19:00:00,70.08,1.346,117.93,988.8,2260.0,25,0
41,2024-01-02 20:00:00,67.92,1.526,118.63,927.0,1983.7,28,0
41,2024-01-02 21:00:00,69.74,1.203,123.1,918.3,1908.8,33,0
41,2024-01-02 22:00:00,66.94,1.107,115.93,966.0,1960.4,21,0
41,2024-01-02 23:00:00,67.44,1.305,115.42,953.4,2270.9,28,0
41,2024-01-03 00:00:00,68.9,1.492,121.18,965.4,2261.1,35,0
41,2024-01-03 01:00:00,67.09,1.056,116.72,936.4,2065.7,30,0
42,2024-01-01 00:00:00,62.59,0.907,91.9,1461.6,2010.1,21,0
42,2024-01-01 01:00:00,61.83,1.135,90.52,1464.3,2262.1,29,0
42,2024-01-01 02:00:00,61.81,1.173,95.46,1494.4,2051.7,31,0
42,2024-01-01 03:00:00,65.89,1.506,96.6,1463.2,2064.8,29,0
42,2024-01-01 04:00:00,59.46,1.24,97.53,1475.3,1924.3,34,0
42,2024-01-01 05:00:00,60.82,1.76,92.08,1520.5,1906.2,27,0
42,2024-01-01 06:00:00,60.8,1.592,90.55,1482.5,2074.7,29,0
42,2024-01-01 07:00:00,62.98,1.319,95.38,1497.0,2244.9,39,0
42,2024-01-01 08:00:00,59.5,1.742,95.22,1454.1,2245.3,29,0
42,2024-01-01 09:00:00,61.36,0.928,92.83,1517.3,1944.5,34,0
42,2024-01-01 10:00:00,61.49,0.641,91.78,1476.4,2181.5,38,0
42,2024-01-01 11:00:00,61.69,1.465,93.8,1426.5,2238.6,25,0
42,2024-01-01 12:00:00,61.67,1.283,98.6,1541.5,2299.7,28,0
42,2024-01-01 13:00:00,60.43,1.098,94.25,1445.0,2146.9,34,0
42,2024-01-01 14:00:00,62.73,1.119,90.18,1500.6,1920.7,21,0
42,2024-01-01 15:00:00,63.56,1.132,95.18,1541.1,2041.4,25,0
42,2024-01-01 16:00:00,63.58,1.092,96.22,1519.2,1992.7,37,0
42,2024-01-01 17:00:00,60.76,1.109,94.98,1457.5,2216.3,22,0
42,2024-01-01 18:00:00,61.57,1.597,88.9,1529.2,2301.9,33,0
42,2024-01-01 19:00:00,60.57,1.617,94.77,1459.8,2052.1,28,0
42,2024-01-01 20:00:00,62.13,1.174,93.43,1502.9,2157.1,27,0
42,2024-01-01 21:00:00,60.21,1.278,93.17,1480.8,2249.4,26,0
42,2024-01-01 22:00:00,63.14,1.316,92.19,1480.4,2328.2,25,0
42,2024-01-01 23:00:00,63.92,1.22,93.48,1453.4,2170.5,30,0
42,2024-01-02 00:00:00,58.71,1.371,98.1,1499.2,2130.9,26,0
42,2024-01-02 01:00:00,60.99,1.211,94.63,1473.3,2133.2,23,0
42,2024-01-02 02:00:00,59.1,1.052,100.09,1527.4,2034.9,25,0
42,2024-01-02 03:00:00,62.05,1.342,92.77,1531.8,1945.9,28,0
42,2024-01-02 04:00:00,63.15,0.93,91.56,1489.1,2029.4,30,0
42,2024-01-02 05:00:00,61.15,1.216,92.53,1530.3,2040.1,33,0
42,2024-01-02 06:00:00,60.25,1.475,95.44,1563.2,2193.5,29,0
42,2024-01-02 07:00:00,60.91,1.395,90.0,1513.5,2226.0,31,0
42,2024-01-02 08:00:00,61.62,1.054,91.41,1472.1,2298.6,28,0
42,2024-01-02 09:00:00,62.29,1.202,93.37,1539.7,2140.3,26,0
42,2024-01-02 10:00:00,60.95,1.228,92.1,1481.8,2296.3,30,0
42,2024-01-02 11:00:00,66.35,1.323,94.86,1484.3,2314.2,32,0
42,2024-01-02 12:00:00,63.08,1.474,93.18,1505.7,2004.4,32,0
42,2024-01-02 13:00:00,55.58,1.625,91.7,1464.6,2065.4,28,0
42,2024-01-02 14:00:00,62.82,1.293,96.38,1491.1,2015.2,33,0
42,2024-01-02 15:00:00,61.5,1.484,95.21,1493.2,1967.7,29,0
42,2024-01-02 16:00:00,58.77,1.094,96.67,1475.7,1973.7,26,0
42,2024-01-02 17:00:00,63.63,0.823,93.33,1429.5,2248.7,27,0
42,2024-01-02 18:00:00,61.5,1.099,96.33,1493.0,2124.9,29,0
42,2024-01-02 19:00:00,64.48,1.695,100.01,1491.1,1996.8,31,0
42,2024-01-02 20:00:00,58.93,1.585,94.18,1500.6,2346.4,36,0
42,2024-01-02 21:00:00,64.24,1.514,101.09,1477.9,1960.8,23,0
42,2024-01-02 22:00:00,61.9,0.88,94.05,1506.1,1979.6,28,0
42,2024-01-02 23:00:00,66.41,1.371,93.59,1482.9,2005.1,21,0
42,2024-01-03 00:00:00,61.97,1.431,94.67,1444.2,2154.9,33,0
42,2024-01-03 01:00:00,62.4,0.976,88.65,1502.6,2069.1,19,0
43,2024-01-01 00:00:00,71.78,1.866,100.52,1177.0,1998.7,31,0
43,2024-01-01 01:00:00,70.44,1.57,101.55,1105.4,2358.3,36,0
43,2024-01-01 02:00:00,74.16,1.331,101.34,1123.2,2289.9,32,0
43,2024-01-01 03:00:00,69.31,2.331,95.79,1170.1,2239.9,27,0
43,2024-01-01 04:00:00,71.88,1.45,97.31,1147.9,2087.2,25,0
43,2024-01-01 05:00:00,74.05,1.61,99.73,1136.2,2300.2,29,0
43,2024-01-01 06:00:00,70.6,1.937,104.13,1166.8,2037.1,32,0
43,2024-01-01 07:00:00,71.46,1.514,102.76,1148.1,2102.1,34,0
43,2024-01-01 08:00:00,71.02,1.564,104.59,1164.7,2281.3,25,0
43,2024-01-01 09:00:00,72.32,1.71,101.08,1134.0,2193.4,21,0
43,2024-01-01 10:00:00,71.25,1.645,93.01,1163.8,2221.9,33,0
43,2024-01-01 11:00:00,68.79,1.48,99.0,1110.5,1976.3,26,0
43,2024-01-01 12:00:00,71.68,1.116,102.07,1161.8,2040.8,34,0
43,2024-01-01 13:00:00,70.88,1.238,94.81,1052.0,2103.3,28,0
43,2024-01-01 14:00:00,70.5,1.403,102.86,1153.5,2191.3,28,0
43,2024-01-01 15:00:00,68.56,2.028,94.52,1154.3,2124.3,25,0
43,2024-01-01 16:00:00,65.71,1.249,100.05,1140.4,2027.6,26,0
43,2024-01-01 17:00:00,70.11,1.446,95.91,1155.3,2297.3,34,0
43,2024-01-01 18:00:00,68.68,1.367,102.19,1143.5,2252.6,32,0
43,2024-01-01 19:00:00,71.17,1.361,102.04,1162.8,2123.7,31,0
43,2024-01-01 20:00:00,69.81,1.675,101.37,1158.6,2230.7,27,0
43,2024-01-01 21:00:00,72.14,1.102,102.24,1141.8,2049.7,35,0
43,2024-01-01 22:00:00,70.74,1.605,98.42,1137.7,2232.4,25,0
43,2024-01-01 23:00:00,70.86,1.769,94.38,1163.0,2128.8,26,0
43,2024-01-02 00:00:00,67.93,1.166,97.23,1103.7,2293.0,28,0
43,2024-01-02 01:00:00,71.83,1.823,102.0,1184.8,2259.1,29,0
43,2024-01-02 02:00:00,70.77,1.676,104.67,1126.9,2139.4,33,0
43,2024-01-02 03:00:00,72.69,1.254,95.07,1113.7,2240.3,34,0
43,2024-01-02 04:00:00,73.31,1.437,97.09,1108.8,2227.6,29,0
43,2024-01-02 05:00:00,72.87,1.767,99.13,1104.4,1964.7,34,0
43,2024-01-02 06:00:00,68.76,1.564,101.98,1187.5,2211.2,31,0
43,2024-01-02 07:00:00,74.9,1.823,98.2,1142.9,2096.2,23,0
43,2024-01-02 08:00:00,72.27,1.617,100.54,1140.0,2381.1,23,0
43,2024-01-02 09:00:00,71.55,1.334,97.65,1136.7,1968.2,22,0
43,2024-01-02 10:00:00,72.73,1.367,96.74,1122.1,2265.6,30,0
43,2024-01-02 11:00:00,71.09,1.316,103.06,1211.5,2028.2,34,0
43,2024-01-02 12:00:00,69.68,1.863,97.32,1082.3,2059.9,29,0
43,2024-01-02 13:00:00,68.52,1.613,101.85,1173.4,2394.5,22,0
43,2024-01-02 14:00:00,70.5,1.585,102.16,1149.7,2048.9,31,0
43,2024-01-02 15:00:00,69.17,1.523,98.98,1063.6,2380.3,31,0
43,2024-01-02 16:00:00,70.99,1.543,99.47,1108.2,2392.2,28,0
43,2024-01-02 17:00:00,70.38,1.328,98.66,1078.1,2382.8,29,0
43,2024-01-02 18:00:00,71.44,1.758,101.63,1154.1,2222.5,37,0
43,2024-01-02 19:00:00,69.8,1.507,98.74,1127.9,1987.8,34,0
43,2024-01-02 20:00:00,72.83,1.523,101.09,1167.3,2066.0,28,0
43,2024-01-02 21:00:00,71.06,1.914,106.51,1148.7,2155.3,29,0
43,2024-01-02 22:00:00,72.43,1.509,102.09,1185.9,2137.6,21,0
43,2024-01-02 23:00:00,70.71,0.96,98.73,1095.1,2010.6,32,0
43,2024-01-03 00:00:00,70.15,1.62,105.59,1127.7,2041.7,32,0
43,2024-01-03 01:00:00,70.41,1.548,102.71,1107.5,2331.1,24,0
44,2024-01-01 00:00:00,61.4,1.281,90.47,1259.7,2189.0,25,0
44,2024-01-01 01:00:00,65.79,1.386,91.55,1269.4,2402.2,31,0
44,2024-01-01 02:00:00,59.7,1.283,93.44,1327.3,2373.6,32,0
44,2024-01-01 03:00:00,64.44,1.26,93.61,1253.6,2027.1,25,0
44,2024-01-01 04:00:00,61.63,1.683,83.65,1269.3,2234.0,23,0
44,2024-01-01 05:00:00,65.99,1.853,92.64,1248.6,2142.5,32,0
44,2024-01-01 06:00:00,63.95,1.4,88.03,1285.6,2100.7,28,0
44,2024-01-01 07:00:00,65.15,1.143,97.79,1283.9,2147.7,32,0
44,2024-01-01 08:00:00,63.83,1.375,87.31,1312.2,2240.2,38,0
44,2024-01-01 09:00:00,60.35,1.23,90.02,1250.2,2314.3,27,0
44,2024-01-01 10:00:00,63.75,1.302,95.24,1297.0,2264.1,31,0
44,2024-01-01 11:00:00,65.88,1.692,91.59,1252.8,2319.2,38,0
44,2024-01-01 12:00:00,60.16,1.168,95.71,1316.6,2407.7,31,0
44,2024-01-01 13:00:00,65.62,1.445,94.31,1253.0,2193.4,29,0
44,2024-01-01 14:00:00,63.88,1.343,96.85,1363.0,2434.1,26,0
44,2024-01-01 15:00:00,64.21,1.48,94.48,1247.6,2141.3,25,0
44,2024-01-01 16:00:00,64.48,1.253,88.19,1289.8,2135.6,28,0
44,2024-01-01 17:00:00,62.88,1.945,98.29,1227.2,2110.3,33,0
44,2024-01-01 18:00:00,62.83,2.008,86.85,1261.9,2146.3,23,0
44,2024-01-01 19:00:00,66.18,1.57,94.7,1244.1,2092.3,31,0
44,2024-01-01 20:00:00,64.48,1.683,92.94,1301.5,2140.0,25,0
44,2024-01-01 21:00:00,61.61,1.667,95.68,1273.0,2159.3,30,0
44,2024-01-01 22:00:00,67.14,1.623,92.15,1312.9,2292.7,37,0
44,2024-01-01 23:00:00,64.12,1.72,88.83,1313.5,2286.8,29,0
44,2024-01-02 00:00:00,63.4,2.0,90.7,1299.1,2158.1,25,0
44,2024-01-02 01:00:00,65.43,0.997,96.65,1279.0,2320.1,36,0
44,2024-01-02 02:00:00,60.57,0.981,96.88,1312.1,2298.3,43,0
44,2024-01-02 03:00:00,62.23,1.484,89.36,1243.0,2434.8,21,0
44,2024-01-02 04:00:00,63.48,1.579,89.15,1280.5,2388.5,29,0
44,2024-01-02 05:00:00,67.32,2.446,88.17,1238.7,2250.8,28,0
44,2024-01-02 06:00:00,64.55,1.268,95.48,1264.0,2395.6,38,0
44,2024-01-02 07:00:00,64.62,1.408,93.64,1230.3,2413.4,28,0
44,2024-01-02 08:00:00,64.77,1.427,90.2,1276.8,2038.2,28,0
44,2024-01-02 09:00:00,65.05,1.57,92.74,1288.3,2170.3,26,0
44,2024-01-02 10:00:00,63.87,1.154,90.71,1263.8,2271.2,31,0
44,2024-01-02 11:00:00,67.8,1.557,95.52,1303.2,2272.0,36,0
44,2024-01-02 12:00:00,67.05,1.033,94.85,1279.4,2307.7,34,0
44,2024-01-02 13:00:00,63.67,2.072,89.76,1285.6,2374.4,35,0
44,2024-01-02 14:00:00,61.37,1.288,91.6,1254.0,2235.1,33,0
44,2024-01-02 15:00:00,60.55,1.246,92.05,1305.4,2193.5,26,0
44,2024-01-02 16:00:00,64.91,1.646,96.93,1297.7,2099.3,22,0
44,2024-01-02 17:00:00,63.47,1.349,87.2,1287.3,2450.4,23,0
44,2024-01-02 18:00:00,64.97,1.485,90.88,1299.5,2230.3,38,0
44,2024-01-02 19:00:00,64.92,1.565,94.32,1269.1,2065.7,42,0
44,2024-01-02 20:00:00,63.34,1.491,90.39,1246.9,2126.4,37,0
44,2024-01-02 21:00:00,59.05,1.394,92.92,1276.4,2199.3,28,0
44,2024-01-02 22:00:00,63.51,1.512,86.44,1281.3,2170.1,30,0
44,2024-01-02 23:00:00,60.39,0.868,90.86,1275.9,2054.8,33,0
44,2024-01-03 00:00:00,61.5,1.225,92.12,1275.0,2070.1,33,0
44,2024-01-03 01:00:00,64.03,1.433,92.58,1276.0,2157.5,24,0
45,2024-01-01 00:00:00,74.69,0.767,121.97,1211.0,2141.7,36,0
45,2024-01-01 01:00:00,74.79,0.836,118.57,1235.1,2180.6,35,0
45,2024-01-01 02:00:00,72.2,1.164,114.25,1195.8,2440.9,29,0
45,2024-01-01 03:00:00,76.89,1.202,115.0,1145.3,2288.1,36,0
45,2024-01-01 04:00:00,75.86,1.233,119.57,1165.5,2339.4,25,0
45,2024-01-01 05:00:00,76.19,0.999,118.33,1164.8,2127.2,29,0
45,2024-01-01 06:00:00,74.19,0.572,118.39,1138.2,2205.4,37,0
45,2024-01-01 07:00:00,75.26,1.169,120.54,1170.4,2087.0,34,0
45,2024-01-01 08:00:00,75.23,1.795,120.94,1205.0,2216.0,33,0
45,2024-01-01 09:00:00,79.18,0.914,112.04,1213.7,2230.1,29,0
45,2024-01-01 10:00:00,77.59,0.833,113.88,1190.0,2319.8,47,0
45,2024-01-01 11:00:00,74.62,1.076,119.6,1133.5,2381.5,31,0
45,2024-01-01 12:00:00,77.82,1.069,120.48,1190.7,2064.7,33,0
45,2024-01-01 13:00:00,75.26,0.852,119.66,1168.0,2182.3,31,0
45,2024-01-01 14:00:00,75.47,1.512,117.82,1227.0,2128.4,34,0
45,2024-01-01 15:00:00,77.17,1.308,113.64,1200.4,2218.5,30,0
45,2024-01-01 16:00:00,75.35,1.189,114.51,1137.2,2117.9,27,0
45,2024-01-01 17:00:00,76.73,1.176,114.8,1191.3,2060.7,41,0
45,2024-01-01 18:00:00,75.92,1.255,113.79,1128.3,2177.4,34,0
45,2024-01-01 19:00:00,73.89,0.748,117.9,1198.8,2148.2,25,0
45,2024-01-01 20:00:00,77.37,1.105,114.81,1210.5,2470.4,30,0
45,2024-01-01 21:00:00,77.3,0.679,112.15,1227.5,2205.4,35,0
45,2024-01-01 22:00:00,77.92,1.158,121.87,1188.2,2396.1,39,0
45,2024-01-01 23:00:00,77.83,1.14,114.6,1206.7,2304.6,30,0
45,2024-01-02 00:00:00,74.36,0.813,110.19,1177.1,2368.5,37,0
45,2024-01-02 01:00:00,76.0,1.405,112.61,1208.4,2077.7,43,0
45,2024-01-02 02:00:00,75.31,1.187,113.44,1180.5,2304.6,37,0
45,2024-01-02 03:00:00,77.15,0.996,113.79,1238.7,2180.2,25,0
45,2024-01-02 04:00:00,74.72,0.599,117.12,1179.7,2431.2,26,0
45,2024-01-02 05:00:00,75.24,0.52,118.66,1166.3,2428.3,28,0
45,2024-01-02 06:00:00,79.23,0.967,115.02,1189.5,2195.5,35,0
45,2024-01-02 07:00:00,74.12,0.911,117.08,1155.8,2293.0,26,0
45,2024-01-02 08:00:00,77.39,1.142,117.15,1173.5,2501.8,23,0
45,2024-01-02 09:00:00,75.72,0.62,116.75,1165.9,2308.8,29,0
45,2024-01-02 10:00:00,72.84,1.087,122.1,1187.7,2356.6,35,0
45,2024-01-02 11:00:00,74.71,1.011,113.54,1194.7,2129.5,28,0
45,2024-01-02 12:00:00,77.97,1.278,116.41,1212.8,2385.9,25,0
45,2024-01-02 13:00:00,73.56,0.775,118.65,1189.4,2374.2,32,0
45,2024-01-02 14:00:00,77.4,1.095,114.26,1159.9,2323.1,26,0
45,2024-01-02 15:00:00,78.22,1.171,115.53,1191.3,2341.8,36,0
45,2024-01-02 16:00:00,75.27,1.057,118.28,1161.0,2191.6,32,0
45,2024-01-02 17:00:00,74.39,1.544,119.62,1194.0,2511.6,29,0
45,2024-01-02 18:00:00,76.56,1.119,116.05,1146.1,2407.1,25,0
45,2024-01-02 19:00:00,72.73,1.202,120.37,1179.4,2293.7,24,0
45,2024-01-02 20:00:00,76.54,1.11,119.2,1215.9,2120.8,24,0
45,2024-01-02 21:00:00,74.64,1.372,111.71,1148.3,2419.8,35,0
45,2024-01-02 22:00:00,79.09,1.5,109.75,1187.8,2501.0,23,0
45,2024-01-02 23:00:00,77.93,1.602,113.18,1136.1,2144.4,35,0
45,2024-01-03 00:00:00,76.3,0.717,116.47,1201.7,2219.6,36,0
45,2024-01-03 01:00:00,77.75,1.135,116.62,1175.3,2429.0,24,0
46,2024-01-01 00:00:00,71.41,0.826,97.23,1367.5,2430.2,21,0
46,2024-01-01 01:00:00,69.67,0.617,97.62,1388.3,2378.9,23,0
46,2024-01-01 02:00:00,68.52,1.088,96.9,1360.9,2492.5,35,0
46,2024-01-01 03:00:00,69.87,1.0,96.72,1375.4,2448.5,32,0
46,2024-01-01 04:00:00,66.73,0.892,102.28,1455.3,2224.5,37,0
46,2024-01-01 05:00:00,69.57,0.461,97.35,1353.3,2084.4,33,0
46,2024-01-01 06:00:00,67.85,0.235,97.97,1338.8,2210.8,27,0
46,2024-01-01 07:00:00,67.16,0.824,99.32,1370.5,2157.7,26,0
46,2024-01-01 08:00:00,68.63,0.591,97.82,1373.9,2247.2,35,0
46,2024-01-01 09:00:00,68.75,0.824,94.48,1317.3,2319.8,34,0
46,2024-01-01 10:00:00,68.76,0.485,95.63,1383.6,2503.8,24,0
46,2024-01-01 11:00:00,65.94,0.814,95.92,1322.2,2431.9,31,0
46,2024-01-01 12:00:00,67.27,0.865,97.85,1352.7,2117.3,34,0
46,2024-01-01 13:00:00,66.54,0.984,99.34,1349.6,2186.7,21,0
46,2024-01-01 14:00:00,68.16,0.556,100.34,1365.4,2537.9,30,0
46,2024-01-01 15:00:00,65.6,0.477,99.24,1336.1,2233.1,29,0
46,2024-01-01 16:00:00,67.99,0.857,93.75,1381.7,2539.1,24,0
46,2024-01-01 17:00:00,69.51,0.76,102.52,1354.8,2097.6,24,0
46,2024-01-01 18:00:00,69.91,1.124,96.38,1345.1,2158.7,34,0
46,2024-01-01 19:00:00,69.68,0.321,90.43,1360.2,2526.6,30,0
46,2024-01-01 20:00:00,67.5,0.934,95.85,1318.0,2134.0,34,0
46,2024-01-01 21:00:00,66.43,0.713,97.23,1411.1,2185.6,32,0
46,2024-01-01 22:00:00,66.22,1.022,92.04,1391.5,2434.1,31,0
46,2024-01-01 23:00:00,68.89,0.764,91.92,1379.9,2343.3,32,0
46,2024-01-02 00:00:00,67.03,-0.1,96.6,1398.7,2512.6,39,0
46,2024-01-02 01:00:00,69.47,0.406,95.74,1367.5,2270.7,31,0
46,2024-01-02 02:00:00,69.99,1.036,100.52,1384.1,2306.1,46,0
46,2024-01-02 03:00:00,66.53,0.415,100.79,1380.5,2458.2,21,0
46,2024-01-02 04:00:00,63.51,0.688,91.38,1358.0,2397.5,33,0
46,2024-01-02 05:00:00,67.66,0.701,95.71,1327.7,2187.0,35,0
46,2024-01-02 06:00:00,70.71,0.928,100.07,1333.1,2548.4,25,0
46,2024-01-02 07:00:00,67.48,0.376,98.41,1370.4,2449.1,35,0
46,2024-01-02 08:00:00,67.53,0.624,93.61,1384.9,2150.1,36,0
46,2024-01-02 09:00:00,70.93,0.237,98.98,1350.5,2265.8,32,0
46,2024-01-02 10:00:00,68.84,0.704,102.82,1327.9,2300.2,31,0
46,2024-01-02 11:00:00,66.27,0.879,99.6,1342.3,2131.1,30,0
46,2024-01-02 12:00:00,68.38,0.726,101.07,1328.5,2359.4,28,0
46,2024-01-02 13:00:00,71.32,0.163,98.45,1329.4,2191.8,34,0
46,2024-01-02 14:00:00,68.67,0.326,97.45,1374.1,2301.3,26,0
46,2024-01-02 15:00:00,67.61,0.781,95.62,1370.8,2480.4,30,0
46,2024-01-02 16:00:00,68.31,0.76,99.16,1353.9,2445.5,27,0
46,2024-01-02 17:00:00,70.76,1.133,99.28,1357.0,2556.7,33,0
46,2024-01-02 18:00:00,72.24,0.801,97.43,1368.4,2119.7,28,0
46,2024-01-02 19:00:00,64.86,0.615,100.83,1426.5,2411.7,38,0
46,2024-01-02 20:00:00,68.19,0.546,94.67,1409.2,2194.6,30,0
46,2024-01-02 21:00:00,69.21,0.265,96.11,1407.3,2568.3,32,0
46,2024-01-02 22:00:00,70.78,0.773,99.02,1375.8,2520.2,32,0
46,2024-01-02 23:00:00,70.7,0.731,97.98,1324.5,2212.2,33,0
46,2024-01-03 00:00:00,65.27,0.43,96.65,1331.8,2218.6,33,0
46,2024-01-03 01:00:00,68.47,0.921,96.65,1359.0,2271.8,21,0
47,2024-01-01 00:00:00,65.58,1.289,78.42,1489.0,2195.2,28,0
47,2024-01-01 01:00:00,69.42,1.834,71.48,1498.5,2162.4,31,0
47,2024-01-01 02:00:00,68.84,1.328,84.02,1464.1,2410.7,33,0
47,2024-01-01 03:00:00,64.58,1.37,75.79,1450.9,2532.9,32,0
47,2024-01-01 04:00:00,66.01,0.939,75.47,1483.4,2464.7,32,0
47,2024-01-01 05:00:00,67.03,1.477,80.65,1517.5,2152.3,31,0
47,2024-01-01 06:00:00,65.04,1.545,79.69,1443.2,2260.5,39,0
47,2024-01-01 07:00:00,66.55,1.194,83.01,1460.7,2571.5,34,0
47,2024-01-01 08:00:00,65.34,1.182,80.34,1511.5,2488.2,22,0
47,2024-01-01 09:00:00,67.3,1.248,82.12,1457.9,2504.0,35,0
47,2024-01-01 10:00:00,67.33,1.501,77.13,1482.9,2577.2,33,0
47,2024-01-01 11:00:00,66.45,1.486,80.8,1522.4,2415.6,36,0
47,2024-01-01 12:00:00,67.16,1.756,83.56,1489.0,2230.6,35,0
47,2024-01-01 13:00:00,66.88,1.06,75.77,1486.8,2266.6,30,0
47,2024-01-01 14:00:00,69.21,1.83,83.11,1486.6,2220.1,34,0
47,2024-01-01 15:00:00,67.73,1.109,80.37,1516.2,2391.3,41,0
47,2024-01-01 16:00:00,70.46,1.766,78.8,1456.7,2246.1,29,0
47,2024-01-01 17:00:00,68.95,1.738,75.23,1491.7,2256.7,25,0
47,2024-01-01 18:00:00,67.4,1.36,75.31,1480.5,2584.8,28,0
47,2024-01-01 19:00:00,65.82,0.991,84.05,1560.6,2435.1,30,0
47,2024-01-01 20:00:00,71.75,1.119,78.42,1499.2,2524.7,38,0
47,2024-01-01 21:00:00,68.06,0.83,84.58,1496.0,2382.3,28,0
47,2024-01-01 22:00:00,68.55,0.821,79.6,1495.0,2206.7,21,0
47,2024-01-01 23:00:00,66.05,1.491,82.54,1450.0,2277.9,37,0
47,2024-01-02 00:00:00,66.83,1.572,84.45,1491.6,2430.8,29,0
47,2024-01-02 01:00:00,69.01,1.518,81.1,1500.5,2595.8,21,0
47,2024-01-02 02:00:00,65.79,1.36,75.82,1445.2,2317.0,33,0
47,2024-01-02 03:00:00,64.4,1.446,86.34,1508.8,2317.1,24,0
47,2024-01-02 04:00:00,66.66,1.594,79.18,1505.4,2576.6,29,0
47,2024-01-02 05:00:00,70.63,1.515,79.26,1462.0,2343.8,24,0
47,2024-01-02 06:00:00,68.18,1.448,78.98,1487.4,2601.4,28,0
47,2024-01-02 07:00:00,66.03,1.267,82.4,1453.3,2544.0,26,0
47,2024-01-02 08:00:00,67.24,1.196,80.07,1483.6,2614.6,28,0
47,2024-01-02 09:00:00,66.21,1.07,82.81,1467.3,2498.6,26,0
47,2024-01-02 10:00:00,70.87,2.023,81.45,1498.8,2363.5,28,0
47,2024-01-02 11:00:00,67.99,1.395,77.03,1453.5,2534.8,33,0
47,2024-01-02 12:00:00,68.32,1.435,79.1,1489.9,2497.5,35,0
47,2024-01-02 13:00:00,67.34,1.568,79.3,1550.1,2282.3,33,0
47,2024-01-02 14:00:00,65.97,1.489,81.06,1541.0,2233.9,37,0
47,2024-01-02 15:00:00,61.73,1.299,87.42,1504.4,2578.5,27,0
47,2024-01-02 16:00:00,66.39,1.654,76.47,1488.3,2544.6,27,0
47,2024-01-02 17:00:00,65.61,1.764,78.7,1464.2,2465.3,30,0
47,2024-01-02 18:00:00,65.17,1.781,77.15,1488.6,2481.0,20,0
47,2024-01-02 19:00:00,68.34,1.204,82.59,1482.7,2600.6,30,0
47,2024-01-02 20:00:00,67.61,0.912,84.25,1485.1,2306.4,34,0
47,2024-01-02 21:00:00,66.99,1.302,81.15,1510.6,2311.1,28,0
47,2024-01-02 22:00:00,68.44,1.461,77.51,1497.0,2588.0,33,0
47,2024-01-02 23:00:00,64.88,1.297,75.52,1470.7,2562.7,28,0
47,2024-01-03 00:00:00,66.32,1.133,79.93,1471.1,2488.6,20,0
47,2024-01-03 01:00:00,65.74,1.533,79.46,1443.8,2552.5,32,0
48,2024-01-01 00:00:00,70.09,2.616,95.15,1205.4,2373.0,30,0
48,2024-01-01 01:00:00,67.49,2.048,90.78,1261.6,2583.5,38,0
48,2024-01-01 02:00:00,67.41,1.718,88.46,1211.1,2572.6,34,0
48,2024-01-01 03:00:00,68.27,2.303,84.38,1222.9,2446.4,32,0
48,2024-01-01 04:00:00,68.14,2.183,93.19,1194.6,2352.0,31,0
48,2024-01-01 05:00:00,67.45,1.843,90.72,1247.5,2164.7,22,0
48,2024-01-01 06:00:00,68.5,2.029,89.26,1238.6,2481.3,28,0
48,2024-01-01 07:00:00,66.36,2.646,92.63,1222.8,2412.3,33,0
48,2024-01-01 08:00:00,64.72,1.929,90.7,1171.4,2249.7,19,0
48,2024-01-01 09:00:00,69.85,1.635,93.01,1214.2,2403.0,28,0
48,2024-01-01 10:00:00,65.76,2.489,95.54,1233.1,2369.8,39,0
48,2024-01-01 11:00:00,66.93,1.965,96.71,1242.3,2187.5,19,0
48,2024-01-01 12:00:00,65.15,1.729,88.13,1229.1,2557.0,25,0
48,2024-01-01 13:00:00,64.27,1.476,90.56,1207.1,2255.6,20,0
48,2024-01-01 14:00:00,66.8,1.993,90.59,1220.1,2563.8,26,0
48,2024-01-01 15:00:00,68.57,1.8,92.65,1212.0,2278.9,30,0
48,2024-01-01 16:00:00,68.69,1.239,93.7,1189.0,2568.8,19,0
48,2024-01-01 17:00:00,65.09,2.526,94.33,1183.8,2561.8,32,0
48,2024-01-01 18:00:00,68.85,1.981,88.94,1205.3,2464.9,28,0
48,2024-01-01 19:00:00,68.99,1.819,90.71,1219.1,2586.5,38,0
48,2024-01-01 20:00:00,69.12,1.803,93.95,1216.1,2514.2,40,0
48,2024-01-01 21:00:00,67.29,2.745,87.66,1239.4,2357.5,33,0
48,2024-01-01 22:00:00,66.95,1.952,90.28,1274.1,2644.3,24,0
48,2024-01-01 23:00:00,65.8,1.682,95.62,1235.2,2577.0,34,0
48,2024-01-02 00:00:00,65.19,1.998,90.27,1203.4,2478.4,32,0
48,2024-01-02 01:00:00,68.42,2.6,89.61,1182.9,2513.9,34,0
48,2024-01-02 02:00:00,67.56,1.513,89.59,1194.5,2188.4,39,0
48,2024-01-02 03:00:00,70.18,1.754,90.77,1180.2,2308.5,34,0
48,2024-01-02 04:00:00,69.91,1.552,92.12,1246.1,2606.5,31,0
48,2024-01-02 05:00:00,67.79,2.097,91.93,1226.8,2351.8,33,0
48,2024-01-02 06:00:00,65.75,2.39,89.27,1225.7,2474.3,34,0
48,2024-01-02 07:00:00,67.52,2.22,88.79,1188.9,2471.5,32,0
48,2024-01-02 08:00:00,66.81,2.108,86.53,1214.5,2203.2,33,0
48,2024-01-02 09:00:00,66.23,2.571,89.65,1230.3,2295.7,30,0
48,2024-01-02 10:00:00,70.53,2.279,91.38,1225.0,2609.4,46,0
48,2024-01-02 11:00:00,62.37,2.263,93.89,1222.9,2509.2,36,0
48,2024-01-02 12:00:00,64.97,2.12,92.26,1215.3,2303.1,27,0
48,2024-01-02 13:00:00,66.91,2.061,94.53,1196.5,2576.4,31,0
48,2024-01-02 14:00:00,68.31,2.153,90.65,1184.3,2592.1,33,0
48,2024-01-02 15:00:00,66.7,1.853,90.71,1248.8,2396.3,33,0
48,2024-01-02 16:00:00,69.29,3.007,91.89,1218.5,2368.4,19,0
48,2024-01-02 17:00:00,67.3,2.669,89.57,1220.7,2348.9,21,0
48,2024-01-02 18:00:00,67.15,2.09,93.61,1255.8,2585.0,32,0
48,2024-01-02 19:00:00,69.06,2.29,89.77,1281.8,2385.7,32,0
48,2024-01-02 20:00:00,68.97,2.616,88.77,1217.1,2289.5,30,0
48,2024-01-02 21:00:00,68.53,1.903,87.2,1266.0,2542.4,42,0
48,2024-01-02 22:00:00,65.26,1.741,89.36,1252.5,2204.4,25,0
48,2024-01-02 23:00:00,66.0,2.391,87.49,1184.0,2659.5,39,0
48,2024-01-03 00:00:00,67.56,1.953,91.07,1181.5,2483.5,23,0
48,2024-01-03 01:00:00,65.39,2.433,94.82,1177.5,2263.7,33,0
49,2024-01-01 00:00:00,63.58,2.018,86.14,1396.9,2288.6,30,0
49,2024-01-01 01:00:00,64.35,1.861,97.4,1379.9,2278.8,33,0
49,2024-01-01 02:00:00,69.74,1.696,89.82,1423.4,2246.1,33,0
49,2024-01-01 03:00:00,68.37,2.169,93.44,1334.8,2476.5,31,0
49,2024-01-01 04:00:00,64.63,1.559,93.92,1388.3,2315.7,34,0
49,2024-01-01 05:00:00,67.57,1.818,88.74,1416.9,2490.9,28,0
49,2024-01-01 06:00:00,63.86,2.318,90.12,1335.7,2271.2,26,0
49,2024-01-01 07:00:00,65.29,1.665,83.54,1461.4,2525.4,29,0
49,2024-01-01 08:00:00,66.32,1.532,93.51,1386.6,2381.8,36,0
49,2024-01-01 09:00:00,64.46,2.105,95.89,1338.3,2610.1,38,0
49,2024-01-01 10:00:00,65.21,2.069,92.94,1335.3,2556.3,28,0
49,2024-01-01 11:00:00,65.18,1.942,92.56,1388.7,2487.1,29,0
49,2024-01-01 12:00:00,67.72,1.46,85.83,1377.4,2663.1,31,0
49,2024-01-01 13:00:00,63.52,1.184,94.82,1355.0,2387.5,19,0
49,2024-01-01 14:00:00,63.67,2.122,91.57,1373.8,2285.0,30,0
49,2024-01-01 15:00:00,63.31,2.55,89.01,1415.8,2632.5,23,0
49,2024-01-01 16:00:00,66.56,2.282,97.09,1381.0,2237.6,25,0
49,2024-01-01 17:00:00,65.63,1.441,88.19,1373.3,2411.2,27,0
49,2024-01-01 18:00:00,69.13,2.032,90.5,1347.8,2275.8,33,0
49,2024-01-01 19:00:00,63.41,1.992,87.62,1340.3,2588.8,23,0
49,2024-01-01 20:00:00,67.48,1.394,87.64,1409.8,2412.5,33,0
49,2024-01-01 21:00:00,62.98,1.848,91.94,1363.1,2270.1,36,0
49,2024-01-01 22:00:00,64.61,1.532,93.05,1375.5,2442.3,31,0
49,2024-01-01 23:00:00,64.82,2.057,93.33,1388.7,2588.4,35,0
49,2024-01-02 00:00:00,67.41,1.796,95.5,1383.5,2532.8,35,0
49,2024-01-02 01:00:00,66.2,1.905,94.85,1450.8,2351.7,30,0
49,2024-01-02 02:00:00,67.45,2.668,90.39,1395.1,2529.2,31,0
49,2024-01-02 03:00:00,68.04,1.947,92.15,1352.4,2291.4,33,0
49,2024-01-02 04:00:00,66.06,1.866,89.5,1363.1,2684.2,29,0
49,2024-01-02 05:00:00,62.0,2.078,90.42,1400.2,2336.9,26,0
49,2024-01-02 06:00:00,66.11,1.788,94.89,1406.6,2593.2,27,0
49,2024-01-02 07:00:00,66.94,2.145,88.72,1405.5,2403.3,38,0
49,2024-01-02 08:00:00,66.37,2.117,91.02,1315.3,2446.8,33,0
49,2024-01-02 09:00:00,67.55,2.337,88.29,1359.8,2426.7,24,0
49,2024-01-02 10:00:00,65.52,1.6,91.69,1353.6,2436.1,35,0
49,2024-01-02 11:00:00,64.64,1.818,93.02,1318.2,2358.7,23,0
49,2024-01-02 12:00:00,67.6,2.609,87.76,1377.6,2732.1,27,0
49,2024-01-02 13:00:00,65.44,1.846,92.16,1342.2,2522.8,36,0
49,2024-01-02 14:00:00,66.45,1.446,96.7,1341.5,2624.0,34,0
49,2024-01-02 15:00:00,65.2,1.834,90.59,1364.9,2515.7,39,0
49,2024-01-02 16:00:00,66.31,1.801,96.03,1378.4,2360.1,23,0
49,2024-01-02 17:00:00,65.5,2.234,89.62,1391.1,2249.8,35,0
49,2024-01-02 18:00:00,64.8,1.514,96.48,1429.9,2446.5,27,0
49,2024-01-02 19:00:00,66.19,1.929,94.06,1373.9,2326.9,21,0
49,2024-01-02 20:00:00,63.99,1.829,93.36,1356.4,2249.6,30,0
49,2024-01-02 21:00:00,62.38,1.8,93.84,1366.8,2419.4,27,0
49,2024-01-02 22:00:00,63.66,2.04,89.73,1321.5,2572.4,35,0
49,2024-01-02 23:00:00,66.06,1.43,94.65,1410.0,2705.8,25,0
49,2024-01-03 00:00:00,67.28,1.848,89.54,1369.3,2628.1,39,0
49,2024-01-03 01:00:00,65.25,1.867,88.91,1389.1,2379.0,39,0
50,2024-01-01 00:00:00,79.59,1.07,117.54,1148.7,2411.9,50,0
50,2024-01-01 01:00:00,77.51,0.802,122.47,1189.9,2320.5,37,0
50,2024-01-01 02:00:00,80.67,1.506,119.96,1122.7,2283.6,25,0
50,2024-01-01 03:00:00,80.71,1.025,122.34,1070.9,2557.9,33,0
50,2024-01-01 04:00:00,78.69,0.977,118.05,1122.1,2721.0,33,0
50,2024-01-01 05:00:00,76.68,1.261,115.16,1146.5,2739.4,38,0
50,2024-01-01 06:00:00,77.35,1.021,112.77,1139.4,2657.7,22,0
50,2024-01-01 07:00:00,76.81,1.329,116.58,1140.1,2687.4,28,0
50,2024-01-01 08:00:00,80.61,0.576,118.53,1148.1,2282.0,22,0
50,2024-01-01 09:00:00,80.4,0.381,117.62,1146.6,2727.3,32,0
50,2024-01-01 10:00:00,78.55,1.331,115.21,1177.6,2520.9,22,0
50,2024-01-01 11:00:00,78.66,0.809,119.45,1109.3,2359.4,22,0
50,2024-01-01 12:00:00,79.45,0.762,113.69,1127.5,2328.1,28,0
50,2024-01-01 13:00:00,77.88,0.88,116.77,1123.4,2362.0,27,0
50,2024-01-01 14:00:00,75.38,0.842,116.18,1102.3,2509.2,40,0
50,2024-01-01 15:00:00,79.69,1.543,116.91,1148.9,2613.2,30,0
50,2024-01-01 16:00:00,82.41,0.808,116.56,1145.9,2713.8,33,0
50,2024-01-01 17:00:00,82.3,1.539,121.01,1094.2,2461.6,35,0
50,2024-01-01 18:00:00,73.66,1.066,116.8,1104.8,2549.2,32,0
50,2024-01-01 19:00:00,77.05,1.502,110.86,1128.7,2447.2,32,0
50,2024-01-01 20:00:00,78.22,2.03,118.03,1152.8,2273.2,37,0
50,2024-01-01 21:00:00,80.47,1.611,118.85,1073.2,2309.9,30,0
50,2024-01-01 22:00:00,75.86,1.202,113.91,1108.6,2555.6,32,0
50,2024-01-01 23:00:00,77.26,1.348,120.57,1134.7,2512.7,32,0
50,2024-01-02 00:00:00,78.36,1.265,112.41,1127.0,2410.8,28,0
50,2024-01-02 01:00:00,79.53,1.358,120.31,1121.3,2683.2,24,0
50,2024-01-02 02:00:00,80.11,1.835,115.43,1144.9,2350.0,29,0
50,2024-01-02 03:00:00,80.87,0.818,120.91,1074.8,2732.4,29,0
50,2024-01-02 04:00:00,79.69,1.245,120.85,1124.4,2535.3,31,0
50,2024-01-02 05:00:00,80.33,1.345,118.81,1148.8,2776.7,37,0
50,2024-01-02 06:00:00,76.21,1.621,120.53,1118.8,2539.0,24,0
50,2024-01-02 07:00:00,79.35,1.357,125.3,1121.6,2392.8,23,0
50,2024-01-02 08:00:00,82.01,1.341,116.91,1123.9,2317.6,31,0
50,2024-01-02 09:00:00,79.63,0.934,114.95,1161.6,2381.9,36,0
50,2024-01-02 10:00:00,77.31,0.7,120.66,1108.8,2399.1,29,0
50,2024-01-02 11:00:00,76.55,1.052,117.54,1193.7,2416.6,24,0
50,2024-01-02 12:00:00,79.74,0.933,122.38,1117.3,2677.1,36,0
50,2024-01-02 13:00:00,79.22,0.975,108.69,1092.3,2466.6,24,0
50,2024-01-02 14:00:00,81.27,0.911,114.79,1179.0,2654.5,31,0
50,2024-01-02 15:00:00,79.15,1.005,121.46,1164.3,2630.0,22,0
50,2024-01-02 16:00:00,77.68,1.294,112.26,1123.1,2303.8,15,0
50,2024-01-02 17:00:00,80.06,1.311,118.24,1126.6,2787.4,29,0
50,2024-01-02 18:00:00,76.74,1.634,119.96,1067.0,2686.3,27,0
50,2024-01-02 19:00:00,76.88,1.366,121.41,1186.4,2641.7,38,0
50,2024-01-02 20:00:00,78.51,1.24,122.8,1146.4,2459.0,27,0
50,2024-01-02 21:00:00,80.45,1.447,118.87,1146.8,2324.8,41,0
50,2024-01-02 22:00:00,81.0,0.884,117.13,1135.2,2754.0,24,0
50,2024-01-02 23:00:00,77.4,1.462,121.38,1158.4,2642.3,40,0
50,2024-01-03 00:00:00,74.97,1.231,113.33,1095.2,2760.9,28,0
50,2024-01-03 01:00:00,74.48,1.237,114.82,1093.8,2465.4,32,0
51,2024-01-01 00:00:00,73.35,1.635,96.69,1050.2,2363.4,23,0
51,2024-01-01 01:00:00,73.76,1.882,92.14,1081.7,2644.1,30,0
51,2024-01-01 02:00:00,72.4,1.573,98.09,1146.3,2460.6,34,0
51,2024-01-01 03:00:00,75.8,2.167,93.45,1144.2,2392.9,21,0
51,2024-01-01 04:00:00,74.3,2.372,96.07,1137.6,2388.5,27,0
51,2024-01-01 05:00:00,74.57,1.94,94.21,1092.8,2304.4,26,0
51,2024-01-01 06:00:00,73.58,1.99,95.03,1163.2,2767.7,31,0
51,2024-01-01 07:00:00,76.48,2.109,92.93,1112.1,2703.4,25,0
51,2024-01-01 08:00:00,76.1,2.047,95.31,1141.4,2633.0,39,0
51,2024-01-01 09:00:00,80.91,2.001,97.95,1126.3,2648.1,34,0
51,2024-01-01 10:00:00,72.36,1.885,94.1,1138.5,2710.7,35,0
51,2024-01-01 11:00:00,75.94,2.141,95.91,1138.6,2724.1,31,0
51,2024-01-01 12:00:00,73.63,2.762,95.53,1118.0,2657.6,27,0
51,2024-01-01 13:00:00,71.77,1.398,89.7,1095.0,2417.7,22,0
51,2024-01-01 14:00:00,78.15,1.66,94.57,1134.0,2393.8,36,0
51,2024-01-01 15:00:00,77.2,2.624,99.56,1177.7,2411.2,26,0
51,2024-01-01 16:00:00,73.92,1.67,94.89,1085.8,2426.5,20,0
51,2024-01-01 17:00:00,73.07,2.374,95.75,1120.8,2674.3,32,0
51,2024-01-01 18:00:00,76.45,1.998,97.02,1077.3,2509.1,39,0
51,2024-01-01 19:00:00,73.83,2.011,98.05,1149.6,2350.1,35,0
51,2024-01-01 20:00:00,72.21,1.914,94.36,1160.8,2400.9,34,0
51,2024-01-01 21:00:00,71.21,2.079,95.09,1049.7,2516.2,28,0
51,2024-01-01 22:00:00,72.11,2.121,98.67,1112.9,2386.9,27,0
51,2024-01-01 23:00:00,77.51,1.774,86.26,1106.2,2384.6,30,0
51,2024-01-02 00:00:00,74.17,1.869,90.72,1121.6,2616.7,26,0
51,2024-01-02 01:00:00,73.27,2.188,98.0,1085.1,2482.8,35,0
51,2024-01-02 02:00:00,78.72,2.028,93.67,1147.2,2771.7,36,0
51,2024-01-02 03:00:00,74.28,1.765,95.35,1115.7,2570.4,24,0
51,2024-01-02 04:00:00,76.62,2.324,96.31,1141.2,2512.0,39,0
51,2024-01-02 05:00:00,78.67,1.716,97.96,1123.9,2646.0,29,0
51,2024-01-02 06:00:00,75.56,1.695,86.36,1089.4,2323.4,31,0
51,2024-01-02 07:00:00,70.35,1.758,94.03,1162.8,2383.8,26,0
51,2024-01-02 08:00:00,74.46,1.887,94.04,1103.9,2428.4,38,0
51,2024-01-02 09:00:00,73.95,1.962,97.44,1133.3,2560.1,25,0
51,2024-01-02 10:00:00,74.2,1.964,94.46,1112.2,2532.6,28,0
51,2024-01-02 11:00:00,76.61,2.579,91.85,1079.6,2493.3,31,0
51,2024-01-02 12:00:00,77.03,1.7,97.37,1100.0,2338.9,38,0
51,2024-01-02 13:00:00,75.42,1.746,95.44,1111.1,2763.4,38,0
51,2024-01-02 14:00:00,72.91,2.056,97.96,1174.7,2371.1,22,0
51,2024-01-02 15:00:00,75.59,2.141,92.33,1094.8,2648.5,25,0
51,2024-01-02 16:00:00,73.68,2.033,93.89,1108.7,2680.3,30,0
51,2024-01-02 17:00:00,74.37,1.642,99.25,1113.1,2392.5,27,0
51,2024-01-02 18:00:00,73.11,2.304,92.3,1170.5,2830.8,31,0
51,2024-01-02 19:00:00,73.1,2.455,99.27,1165.5,2481.4,39,0
51,2024-01-02 20:00:00,74.95,1.757,89.96,1167.0,2369.0,33,0
51,2024-01-02 21:00:00,73.03,1.905,96.7,1136.3,2671.0,35,0
51,2024-01-02 22:00:00,76.61,1.731,96.48,1134.6,2821.4,31,0
51,2024-01-02 23:00:00,77.75,2.188,90.54,1094.4,2440.5,23,0
51,2024-01-03 00:00:00,75.98,2.069,98.18,1116.2,2514.8,22,0
51,2024-01-03 01:00:00,78.83,2.11,91.53,1157.0,2566.7,37,0
52,2024-01-01 00:00:00,67.38,1.144,108.62,1457.5,2697.5,33,0
52,2024-01-01 01:00:00,69.82,1.085,116.91,1473.4,2453.3,35,0
52,2024-01-01 02:00:00,70.49,0.902,116.13,1473.7,2779.5,35,0
52,2024-01-01 03:00:00,66.64,0.919,116.41,1442.4,2818.1,23,0
52,2024-01-01 04:00:00,69.43,1.595,109.2,1408.7,2387.1,30,0
52,2024-01-01 05:00:00,68.94,1.051,111.19,1442.1,2761.5,36,0
52,2024-01-01 06:00:00,71.19,1.327,111.3,1460.8,2427.8,34,0
52,2024-01-01 07:00:00,73.18,1.054,108.67,1470.3,2575.3,35,0
52,2024-01-01 08:00:00,68.61,1.274,114.46,1467.3,2568.4,31,0
52,2024-01-01 09:00:00,70.72,0.587,106.19,1460.1,2583.3,30,0
52,2024-01-01 10:00:00,74.49,1.309,116.47,1450.9,2693.7,22,0
52,2024-01-01 11:00:00,70.33,1.148,107.59,1419.1,2869.0,26,0
52,2024-01-01 12:00:00,72.59,1.195,119.9,1515.2,2473.5,35,0
52,2024-01-01 13:00:00,70.34,1.301,111.65,1419.3,2417.9,24,0
52,2024-01-01 14:00:00,70.69,0.684,105.32,1436.4,2872.4,34,0
52,2024-01-01 15:00:00,69.25,1.385,106.74,1472.6,2873.7,38,0
52,2024-01-01 16:00:00,70.02,1.785,111.49,1439.8,2843.8,34,0
52,2024-01-01 17:00:00,71.93,1.034,115.0,1442.5,2640.7,29,0
52,2024-01-01 18:00:00,70.94,1.761,108.32,1428.1,2406.3,27,0
52,2024-01-01 19:00:00,67.6,1.11,111.78,1493.9,2413.0,26,0
52,2024-01-01 20:00:00,70.53,1.389,112.84,1484.8,2443.9,31,0
52,2024-01-01 21:00:00,63.73,1.135,114.29,1474.6,2462.6,36,0
52,2024-01-01 22:00:00,68.21,1.829,107.97,1493.5,2649.1,26,0
52,2024-01-01 23:00:00,71.64,0.984,116.82,1501.0,2815.0,28,0
52,2024-01-02 00:00:00,71.35,0.791,113.68,1491.2,2477.5,28,0
52,2024-01-02 01:00:00,68.86,0.985,112.25,1518.4,2516.3,26,0
52,2024-01-02 02:00:00,69.95,1.213,115.5,1493.6,2816.4,42,0
52,2024-01-02 03:00:00,71.88,1.388,110.24,1446.6,2458.7,28,0
52,2024-01-02 04:00:00,68.51,0.52,109.32,1426.0,2593.5,29,0
52,2024-01-02 05:00:00,68.46,1.181,110.05,1513.5,2861.7,29,0
52,2024-01-02 06:00:00,69.13,1.375,110.98,1456.0,2720.2,31,0
52,2024-01-02 07:00:00,70.05,1.147,106.2,1506.0,2396.9,25,0
52,2024-01-02 08:00:00,71.12,1.475,111.5,1447.4,2401.1,21,0
52,2024-01-02 09:00:00,67.08,1.116,114.94,1520.8,2779.9,35,0
52,2024-01-02 10:00:00,67.45,1.427,111.11,1533.6,2758.3,32,0
52,2024-01-02 11:00:00,66.56,1.089,115.13,1484.6,2714.5,44,0
52,2024-01-02 12:00:00,68.34,1.205,115.0,1485.6,2511.4,23,0
52,2024-01-02 13:00:00,66.24,0.823,110.67,1455.6,2752.1,24,0
52,2024-01-02 14:00:00,68.06,1.14,108.49,1493.5,2797.0,34,0
52,2024-01-02 15:00:00,70.18,1.309,113.99,1440.2,2538.7,19,0
52,2024-01-02 16:00:00,69.92,1.282,114.61,1482.9,2713.9,25,0
52,2024-01-02 17:00:00,74.89,1.288,112.52,1502.5,2828.3,25,0
52,2024-01-02 18:00:00,67.89,0.81,113.34,1492.9,2834.2,32,0
52,2024-01-02 19:00:00,70.43,1.626,115.58,1445.5,2518.3,25,0
52,2024-01-02 20:00:00,72.3,1.675,113.89,1422.9,2443.1,32,0
52,2024-01-02 21:00:00,69.48,0.345,112.3,1504.6,2802.0,28,0
52,2024-01-02 22:00:00,72.08,1.341,114.25,1411.4,2612.8,34,0
52,2024-01-02 23:00:00,67.51,1.331,109.15,1419.9,2824.5,30,0
52,2024-01-03 00:00:00,69.48,1.097,112.21,1465.2,2750.5,31,0
52,2024-01-03 01:00:00,71.94,1.683,113.26,1422.4,2423.6,31,0
53,2024-01-01 00:00:00,78.54,0.362,82.99,1214.8,2661.6,25,0
53,2024-01-01 01:00:00,80.19,0.54,84.8,1185.2,2402.1,27,0
53,2024-01-01 02:00:00,77.14,0.135,82.82,1203.3,2863.0,33,0
53,2024-01-01 03:00:00,79.63,0.196,85.87,1170.6,2914.8,27,0
53,2024-01-01 04:00:00,76.21,0.712,86.43,1206.9,2450.7,30,0
53,2024-01-01 05:00:00,76.83,0.54,84.36,1205.6,2781.8,32,0
53,2024-01-01 06:00:00,73.6,1.274,83.34,1205.1,2616.6,32,0
53,2024-01-01 07:00:00,76.39,0.74,86.68,1203.3,2817.6,23,0
53,2024-01-01 08:00:00,79.71,0.51,83.4,1171.5,2711.8,26,0
53,2024-01-01 09:00:00,76.13,0.725,84.24,1275.9,2762.1,28,0
53,2024-01-01 10:00:00,79.74,0.531,84.75,1211.6,2511.3,30,0
53,2024-01-01 11:00:00,80.18,0.31,81.84,1193.6,2706.9,27,0
53,2024-01-01 12:00:00,78.83,0.938,82.32,1257.9,2613.6,22,0
53,2024-01-01 13:00:00,78.86,0.489,82.92,1187.4,2797.7,26,0
53,2024-01-01 14:00:00,79.24,0.732,86.57,1207.7,2635.6,22,0
53,2024-01-01 15:00:00,79.48,0.384,84.32,1196.1,2751.8,30,0
53,2024-01-01 16:00:00,81.84,0.542,89.26,1223.1,2714.8,29,0
53,2024-01-01 17:00:00,76.9,0.156,82.07,1191.6,2810.5,28,0
53,2024-01-01 18:00:00,77.88,0.645,91.06,1245.1,2824.7,30,0
53,2024-01-01 19:00:00,79.34,0.466,84.43,1185.9,2648.2,43,0
53,2024-01-01 20:00:00,75.93,0.666,85.94,1225.9,2648.3,34,0
53,2024-01-01 21:00:00,77.85,0.215,88.51,1179.4,2895.1,21,0
53,2024-01-01 22:00:00,75.41,0.23,88.04,1208.2,2489.1,26,0
53,2024-01-01 23:00:00,76.13,0.272,86.6,1213.7,2407.3,30,0
53,2024-01-02 00:00:00,79.82,0.333,83.95,1144.8,2824.3,33,0
53,2024-01-02 01:00:00,81.24,0.068,86.86,1136.3,2791.7,30,0
53,2024-01-02 02:00:00,77.54,0.772,84.48,1183.5,2613.4,35,0
53,2024-01-02 03:00:00,79.82,0.766,81.04,1192.3,2502.4,35,0
53,2024-01-02 04:00:00,76.77,0.913,79.14,1242.5,2636.5,32,0
53,2024-01-02 05:00:00,80.12,0.609,83.2,1193.5,2537.5,26,0
53,2024-01-02 06:00:00,79.52,0.781,81.73,1236.3,2701.7,27,0
53,2024-01-02 07:00:00,77.56,0.18,80.68,1185.0,2790.9,36,0
53,2024-01-02 08:00:00,82.71,0.825,84.34,1153.1,2573.1,33,0
53,2024-01-02 09:00:00,79.91,-0.051,77.58,1231.1,2647.1,27,0
53,2024-01-02 10:00:00,77.26,0.829,83.47,1203.8,2554.4,34,0
53,2024-01-02 11:00:00,78.91,1.086,83.15,1202.6,2735.4,30,0
53,2024-01-02 12:00:00,80.43,0.298,81.72,1237.3,2493.4,22,0
53,2024-01-02 13:00:00,78.6,0.236,83.28,1200.6,2881.6,33,0
53,2024-01-02 14:00:00,80.51,0.426,85.61,1158.8,2919.2,26,0
53,2024-01-02 15:00:00,80.01,1.07,83.46,1225.2,2477.7,34,0
53,2024-01-02 16:00:00,77.8,0.582,81.79,1171.8,2814.6,42,0
53,2024-01-02 17:00:00,79.93,0.395,82.17,1222.3,2849.3,48,0
53,2024-01-02 18:00:00,76.5,-0.21,86.47,1212.7,2637.3,30,0
53,2024-01-02 19:00:00,81.58,0.475,90.83,1230.7,2445.7,30,0
53,2024-01-02 20:00:00,80.08,0.303,83.94,1208.9,2431.4,26,0
53,2024-01-02 21:00:00,76.4,-0.067,81.54,1212.7,2552.0,29,0
53,2024-01-02 22:00:00,78.41,0.449,86.52,1269.5,2874.8,34,0
53,2024-01-02 23:00:00,76.77,0.621,80.59,1216.3,2460.1,24,0
53,2024-01-03 00:00:00,79.04,0.286,81.36,1194.6,2623.9,34,0
53,2024-01-03 01:00:00,80.13,0.416,90.51,1281.0,2613.5,34,0
54,2024-01-01 00:00:00,70.33,1.729,100.51,1051.4,2943.1,36,0
54,2024-01-01 01:00:00,68.72,1.701,102.65,1074.6,2583.4,37,0
54,2024-01-01 02:00:00,71.11,1.814,99.1,1106.2,2726.8,25,0
54,2024-01-01 03:00:00,73.49,1.9,97.48,1084.3,2715.0,27,0
54,2024-01-01 04:00:00,73.16,2.223,104.14,1092.0,2663.2,31,0
54,2024-01-01 05:00:00,72.09,2.022,94.68,1064.7,2554.1,31,0
54,2024-01-01 06:00:00,69.08,1.564,93.89,1092.6,2819.1,26,0
54,2024-01-01 07:00:00,73.91,1.976,97.94,1035.6,2831.8,27,0
54,2024-01-01 08:00:00,73.06,2.851,100.42,1072.5,2932.1,32,0
54,2024-01-01 09:00:00,75.27,2.396,96.42,1080.9,2842.4,29,0
54,2024-01-01 10:00:00,71.22,2.229,101.19,1076.9,2736.4,28,0
54,2024-01-01 11:00:00,72.75,2.066,95.53,1090.2,2584.3,35,0
54,2024-01-01 12:00:00,80.94,2.057,94.48,1094.0,2910.3,38,0
54,2024-01-01 13:00:00,68.87,2.003,101.15,1039.0,2773.1,38,0
54,2024-01-01 14:00:00,77.27,2.141,100.66,1101.9,2677.1,31,0
54,2024-01-01 15:00:00,73.54,1.889,102.53,1070.0,2961.9,26,0
54,2024-01-01 16:00:00,69.74,1.585,99.51,1092.1,2550.2,30,0
54,2024-01-01 17:00:00,72.0,1.978,100.91,1104.8,2469.2,23,0
54,2024-01-01 18:00:00,70.79,1.851,102.79,1052.6,2749.9,33,0
54,2024-01-01 19:00:00,69.75,1.648,101.32,1097.6,2951.6,25,0
54,2024-01-01 20:00:00,74.54,1.623,97.02,1111.6,2838.4,31,0
54,2024-01-01 21:00:00,73.42,1.482,97.12,1083.6,2963.4,29,0
54,2024-01-01 22:00:00,74.82,2.519,101.92,1074.4,2930.3,22,0
54,2024-01-01 23:00:00,75.59,1.605,98.98,1089.0,2829.2,45,0
54,2024-01-02 00:00:00,72.21,1.908,100.57,1097.1,2625.9,27,0
54,2024-01-02 01:00:00,73.66,1.988,91.38,1077.8,2988.5,26,0
54,2024-01-02 02:00:00,74.68,1.59,98.98,1078.9,2570.0,34,0
54,2024-01-02 03:00:00,72.1,1.785,98.72,1141.9,2883.9,24,0
54,2024-01-02 04:00:00,71.13,2.25,104.54,1042.5,2552.8,32,0
54,2024-01-02 05:00:00,73.93,1.655,98.31,1095.5,2578.6,31,0
54,2024-01-02 06:00:00,69.26,1.988,101.44,1124.0,2587.4,30,0
54,2024-01-02 07:00:00,72.03,1.605,94.88,1089.7,2686.7,28,0
54,2024-01-02 08:00:00,73.12,1.877,96.06,1082.6,2466.4,29,0
54,2024-01-02 09:00:00,72.01,1.99,94.99,1084.2,2869.7,31,0
54,2024-01-02 10:00:00,75.5,2.15,100.14,1139.2,2755.4,30,0
54,2024-01-02 11:00:00,71.3,1.706,101.07,1108.7,2628.4,36,0
54,2024-01-02 12:00:00,75.19,1.489,98.13,1106.8,2714.1,35,0
54,2024-01-02 13:00:00,71.01,1.94,98.35,1120.0,2588.3,29,0
54,2024-01-02 14:00:00,71.75,2.101,96.79,1077.0,2835.9,30,0
54,2024-01-02 15:00:00,70.63,1.763,98.37,1109.7,2530.4,37,0
54,2024-01-02 16:00:00,74.05,1.531,98.01,1129.7,2562.8,19,0
54,2024-01-02 17:00:00,75.78,1.949,100.23,1075.6,2544.4,25,0
54,2024-01-02 18:00:00,68.84,2.035,98.52,1118.4,2867.0,26,0
54,2024-01-02 19:00:00,73.09,1.683,99.44,1103.2,2608.5,24,0
54,2024-01-02 20:00:00,73.95,1.922,98.75,1112.2,2501.9,43,0
54,2024-01-02 21:00:00,69.07,1.787,96.15,1104.3,2768.3,24,0
54,2024-01-02 22:00:00,74.17,1.987,95.93,1127.1,2770.9,33,0
54,2024-01-02 23:00:00,75.68,2.084,95.92,1079.1,2857.2,21,0
54,2024-01-03 00:00:00,68.81,1.982,100.01,1107.4,3017.2,34,0
54,2024-01-03 01:00:00,71.9,1.971,99.49,1045.8,2745.6,31,0
55,2024-01-01 00:00:00,65.69,1.225,108.66,1223.3,2914.7,29,0
55,2024-01-01 01:00:00,63.84,2.173,115.54,1213.5,2880.4,24,0
55,2024-01-01 02:00:00,63.55,1.452,109.99,1152.3,2613.0,31,0
55,2024-01-01 03:00:00,63.54,1.192,108.01,1192.1,2755.9,32,0
55,2024-01-01 04:00:00,61.97,1.755,116.48,1161.0,2924.9,30,0
55,2024-01-01 05:00:00,64.26,1.418,113.79,1190.6,2652.6,34,0
55,2024-01-01 06:00:00,64.22,1.302,108.72,1158.5,2907.8,25,0
55,2024-01-01 07:00:00,64.35,1.526,110.08,1187.8,2528.4,28,0
55,2024-01-01 08:00:00,65.82,1.704,111.02,1165.0,2571.4,20,0
55,2024-01-01 09:00:00,67.96,1.621,108.59,1166.0,2969.4,29,0
55,2024-01-01 10:00:00,65.37,1.452,114.01,1263.2,2837.5,35,0
55,2024-01-01 11:00:00,65.33,1.625,106.5,1179.9,2844.1,17,0
55,2024-01-01 12:00:00,65.09,1.386,115.68,1181.1,2610.9,24,0
55,2024-01-01 13:00:00,64.87,1.69,109.4,1214.4,2772.7,27,0
55,2024-01-01 14:00:00,61.77,1.366,109.06,1270.2,2580.6,29,0
55,2024-01-01 15:00:00,63.04,1.484,111.16,1168.5,2991.0,26,0
55,2024-01-01 16:00:00,61.77,1.619,116.88,1145.2,2982.8,32,0
55,2024-01-01 17:00:00,62.99,1.6,113.99,1219.0,2629.4,24,0
55,2024-01-01 18:00:00,66.16,1.099,113.2,1201.0,2609.7,34,0
55,2024-01-01 19:00:00,67.85,1.623,105.29,1249.5,2765.6,33,0
55,2024-01-01 20:00:00,65.43,2.077,104.94,1232.2,2669.7,28,0
55,2024-01-01 21:00:00,64.78,1.538,117.23,1238.3,3034.8,32,0
55,2024-01-01 22:00:00,63.72,1.764,117.09,1238.6,2843.5,34,0
55,2024-01-01 23:00:00,66.02,1.542,109.63,1198.9,3015.5,21,0
55,2024-01-02 00:00:00,65.28,1.752,107.95,1231.7,2588.5,26,0
55,2024-01-02 01:00:00,63.87,1.401,114.93,1240.5,2708.0,35,0
55,2024-01-02 02:00:00,62.53,1.594,107.83,1265.0,2913.7,28,0
55,2024-01-02 03:00:00,63.47,1.588,110.33,1162.0,2697.0,35,0
55,2024-01-02 04:00:00,65.77,1.66,108.76,1189.2,2575.9,36,0
55,2024-01-02 05:00:00,65.7,1.896,111.23,1201.5,2610.6,26,0
55,2024-01-02 06:00:00,70.39,1.349,108.54,1230.5,2624.1,32,0
55,2024-01-02 07:00:00,65.05,1.306,116.05,1229.0,2648.0,27,0
55,2024-01-02 08:00:00,63.52,1.832,109.43,1187.7,2569.3,21,0
55,2024-01-02 09:00:00,64.89,1.865,112.34,1220.7,3041.3,27,0
55,2024-01-02 10:00:00,69.52,1.923,111.91,1167.6,3005.0,30,0
55,2024-01-02 11:00:00,65.18,1.862,112.19,1241.6,2860.8,34,0
55,2024-01-02 12:00:00,64.07,1.174,110.8,1189.2,2701.9,44,0
55,2024-01-02 13:00:00,68.57,1.664,113.52,1248.2,2748.0,18,0
55,2024-01-02 14:00:00,63.12,1.232,113.03,1161.1,2604.3,28,0
55,2024-01-02 15:00:00,67.06,1.402,109.88,1221.8,2999.7,33,0
55,2024-01-02 16:00:00,66.07,1.374,111.35,1161.1,2810.2,25,0
55,2024-01-02 17:00:00,66.84,1.453,111.26,1262.0,3052.7,35,0
55,2024-01-02 18:00:00,62.33,1.281,111.22,1202.5,3030.8,31,0
55,2024-01-02 19:00:00,64.94,1.347,114.62,1194.2,2772.2,25,0
55,2024-01-02 20:00:00,64.91,1.149,107.02,1159.6,2529.0,31,0
55,2024-01-02 21:00:00,62.96,0.964,111.87,1220.9,2563.1,28,0
55,2024-01-02 22:00:00,65.5,1.847,109.13,1258.5,2698.8,31,0
55,2024-01-02 23:00:00,61.45,1.162,111.65,1220.5,2955.4,30,0
55,2024-01-03 00:00:00,65.76,1.353,113.09,1186.4,2984.9,33,0
55,2024-01-03 01:00:00,62.8,1.942,104.85,1223.5,2640.5,35,0
56,2024-01-01 00:00:00,60.4,2.328,88.99,1264.2,2854.4,30,0
56,2024-01-01 01:00:00,58.7,1.703,87.94,1276.5,2898.6,38,0
56,2024-01-01 02:00:00,61.57,1.84,87.13,1205.6,2691.8,29,0
56,2024-01-01 03:00:00,60.48,1.966,93.24,1269.3,2677.6,36,0
56,2024-01-01 04:00:00,60.48,1.765,90.1,1221.3,2855.7,27,0
56,2024-01-01 05:00:00,57.85,1.912,81.59,1264.5,3030.5,24,0
56,2024-01-01 06:00:00,57.48,2.015,90.5,1216.8,2574.8,30,0
56,2024-01-01 07:00:00,61.82,2.764,89.57,1234.1,2767.6,35,0
56,2024-01-01 08:00:00,61.85,2.344,90.38,1271.9,2720.0,41,0
56,2024-01-01 09:00:00,59.26,2.243,88.07,1245.2,2694.0,30,0
56,2024-01-01 10:00:00,63.47,1.578,91.99,1283.2,2799.0,23,0
56,2024-01-01 11:00:00,61.61,2.359,88.75,1236.8,2737.6,29,0
56,2024-01-01 12:00:00,61.06,1.459,86.11,1292.7,2724.1,32,0
56,2024-01-01 13:00:00,56.56,1.811,94.52,1262.2,2713.8,26,0
56,2024-01-01 14:00:00,60.44,1.818,87.37,1233.8,2997.7,25,0
56,2024-01-01 15:00:00,61.66,1.526,84.91,1261.0,3086.0,27,0
56,2024-01-01 16:00:00,63.41,2.211,88.01,1238.0,2574.1,29,0
56,2024-01-01 17:00:00,62.34,2.592,88.8,1272.0,3020.1,36,0
56,2024-01-01 18:00:00,60.75,2.142,86.2,1205.8,3039.4,26,0
56,2024-01-01 19:00:00,63.62,2.053,94.79,1268.7,3092.7,37,0
56,2024-01-01 20:00:00,64.28,2.064,88.94,1256.2,3007.0,35,0
56,2024-01-01 21:00:00,55.62,2.21,94.58,1247.1,2688.0,31,0
56,2024-01-01 22:00:00,61.71,1.865,88.39,1249.6,2853.4,25,0
56,2024-01-01 23:00:00,58.19,1.406,90.56,1224.2,2985.6,27,0
56,2024-01-02 00:00:00,57.65,2.034,88.42,1243.9,3085.9,24,0
56,2024-01-02 01:00:00,63.09,2.327,92.1,1297.5,2604.0,41,0
56,2024-01-02 02:00:00,60.19,2.155,88.8,1265.5,2679.0,29,0
56,2024-01-02 03:00:00,60.58,2.074,86.75,1277.6,3083.2,34,0
56,2024-01-02 04:00:00,65.18,1.952,87.67,1259.1,2655.7,30,0
56,2024-01-02 05:00:00,56.9,1.497,86.44,1273.8,3105.6,32,0
56,2024-01-02 06:00:00,59.87,1.862,91.7,1262.4,2956.1,29,0
56,2024-01-02 07:00:00,59.77,2.022,87.46,1246.4,2742.0,29,0
56,2024-01-02 08:00:00,60.05,2.18,88.24,1290.2,2698.1,28,0
56,2024-01-02 09:00:00,58.98,1.569,89.49,1241.8,2625.5,26,0
56,2024-01-02 10:00:00,63.17,1.568,91.0,1273.2,3038.5,23,0
56,2024-01-02 11:00:00,59.84,1.923,86.36,1301.3,3100.7,35,0
56,2024-01-02 12:00:00,58.38,2.217,87.71,1226.7,2814.4,30,0
56,2024-01-02 13:00:00,63.5,2.359,83.23,1234.3,2658.7,27,0
56,2024-01-02 14:00:00,61.48,2.355,82.78,1269.6,2893.7,36,0
56,2024-01-02 15:00:00,63.04,2.008,88.05,1270.3,2602.5,32,0
56,2024-01-02 16:00:00,56.81,2.714,91.81,1302.7,2605.4,30,0
56,2024-01-02 17:00:00,57.42,1.97,90.05,1234.8,2619.8,42,0
56,2024-01-02 18:00:00,62.23,2.733,88.38,1277.4,2700.0,23,0
56,2024-01-02 19:00:00,59.24,2.031,89.95,1316.8,2978.2,22,0
56,2024-01-02 20:00:00,60.78,2.079,88.31,1284.8,2812.7,31,0
56,2024-01-02 21:00:00,59.76,2.169,90.36,1243.5,2891.4,25,0
56,2024-01-02 22:00:00,65.25,1.762,92.37,1256.4,2621.0,27,0
56,2024-01-02 23:00:00,61.89,2.037,90.33,1279.3,3051.8,33,0
56,2024-01-03 00:00:00,63.89,1.64,83.24,1245.7,2630.1,23,0
56,2024-01-03 01:00:00,62.17,2.486,91.06,1221.5,2688.9,28,0
57,2024-01-01 00:00:00,71.56,1.158,113.5,1409.3,2829.4,28,0
57,2024-01-01 01:00:00,66.77,1.156,116.28,1439.4,2693.6,31,0
57,2024-01-01 02:00:00,71.61,0.233,113.2,1438.6,2946.6,29,0
57,2024-01-01 03:00:00,69.38,0.986,110.82,1415.3,2618.0,26,0
57,2024-01-01 04:00:00,67.98,0.959,115.34,1382.1,2845.3,34,0
57,2024-01-01 05:00:00,69.82,1.136,116.6,1421.8,2911.6,29,0
57,2024-01-01 06:00:00,70.89,1.189,111.78,1399.3,2955.1,36,0
57,2024-01-01 07:00:00,68.93,0.439,112.39,1437.6,2928.9,27,0
57,2024-01-01 08:00:00,69.61,0.953,112.76,1412.2,3046.1,31,0
57,2024-01-01 09:00:00,71.65,0.907,110.44,1430.0,2637.4,30,0
57,2024-01-01 10:00:00,69.94,0.689,108.17,1415.0,3060.6,40,0
57,2024-01-01 11:00:00,72.32,1.078,111.38,1408.7,2653.0,32,0
57,2024-01-01 12:00:00,70.0,1.184,111.09,1461.1,2753.0,24,0
57,2024-01-01 13:00:00,69.1,0.61,115.58,1453.3,2682.9,31,0
57,2024-01-01 14:00:00,69.49,1.037,113.88,1451.3,2949.3,28,0
57,2024-01-01 15:00:00,70.18,1.271,117.33,1445.7,2670.0,41,0
57,2024-01-01 16:00:00,69.65,0.82,113.85,1498.3,2630.3,25,0
57,2024-01-01 17:00:00,69.5,1.258,108.67,1442.0,3149.2,37,0
57,2024-01-01 18:00:00,70.21,0.879,109.6,1449.2,3105.2,30,0
57,2024-01-01 19:00:00,69.03,0.764,114.59,1448.3,2677.2,18,0
57,2024-01-01 20:00:00,72.3,0.689,113.0,1451.9,2791.6,24,0
57,2024-01-01 21:00:00,70.11,1.356,111.91,1407.2,2616.2,22,0
57,2024-01-01 22:00:00,69.56,0.832,114.83,1444.7,2709.0,36,0
57,2024-01-01 23:00:00,67.51,1.273,113.11,1368.1,3133.5,31,0
57,2024-01-02 00:00:00,67.21,1.529,113.65,1394.9,2793.0,31,0
57,2024-01-02 01:00:00,72.64,0.786,112.69,1429.4,2678.2,24,0
57,2024-01-02 02:00:00,69.99,0.803,112.47,1469.0,3064.0,27,0
57,2024-01-02 03:00:00,69.18,0.955,115.15,1424.2,3070.8,36,0
57,2024-01-02 04:00:00,69.79,0.999,110.43,1428.7,3145.3,38,0
57,2024-01-02 05:00:00,68.78,1.313,110.45,1473.5,3021.0,35,0
57,2024-01-02 06:00:00,67.36,1.185,115.39,1412.1,2709.5,31,0
57,2024-01-02 07:00:00,68.94,1.343,116.24,1456.3,2751.9,23,0
57,2024-01-02 08:00:00,69.72,1.086,115.76,1385.2,3078.7,25,0
57,2024-01-02 09:00:00,68.32,0.747,115.67,1404.4,3147.0,26,0
57,2024-01-02 10:00:00,70.62,1.187,115.17,1439.6,2622.8,33,0
57,2024-01-02 11:00:00,68.99,0.806,115.58,1408.1,2655.9,27,0
57,2024-01-02 12:00:00,69.99,1.278,108.6,1450.2,3122.3,27,0
57,2024-01-02 13:00:00,70.1,0.502,111.71,1446.3,3079.8,34,0
57,2024-01-02 14:00:00,68.34,0.873,109.42,1410.4,2989.1,27,0
57,2024-01-02 15:00:00,74.84,1.089,113.96,1397.9,2632.1,27,0
57,2024-01-02 16:00:00,70.22,0.651,109.46,1342.8,2728.1,28,0
57,2024-01-02 17:00:00,68.88,0.657,112.16,1458.1,2994.5,34,0
57,2024-01-02 18:00:00,71.04,0.626,110.5,1415.4,2638.4,31,0
57,2024-01-02 19:00:00,69.4,1.255,107.14,1413.0,3052.5,30,0
57,2024-01-02 20:00:00,70.94,0.792,111.56,1416.2,3027.7,25,0
57,2024-01-02 21:00:00,71.78,1.18,114.37,1373.6,3162.6,29,0
57,2024-01-02 22:00:00,63.69,0.82,112.37,1457.8,3002.0,28,0
57,2024-01-02 23:00:00,72.74,1.206,111.08,1394.5,2618.1,35,0
57,2024-01-03 00:00:00,67.63,1.476,113.8,1390.7,2759.9,29,0
57,2024-01-03 01:00:00,69.88,0.916,109.4,1463.4,3104.8,24,0
58,2024-01-01 00:00:00,69.98,1.335,99.88,1445.3,2975.7,34,0
58,2024-01-01 01:00:00,71.7,1.242,104.8,1503.9,2929.0,29,0
58,2024-01-01 02:00:00,71.86,2.226,101.16,1405.0,3178.2,30,0
58,2024-01-01 03:00:00,69.97,1.301,106.37,1482.2,2985.3,34,0
58,2024-01-01 04:00:00,71.56,1.447,104.62,1447.2,2909.3,33,0
58,2024-01-01 05:00:00,70.73,1.625,104.94,1385.2,2866.8,28,0
58,2024-01-01 06:00:00,70.69,1.896,105.57,1425.5,2963.2,40,0
58,2024-01-01 07:00:00,71.97,1.904,103.03,1412.0,2938.8,32,0
58,2024-01-01 08:00:00,72.92,1.292,100.67,1490.6,2618.7,31,0
58,2024-01-01 09:00:00,71.82,0.891,101.97,1382.5,3105.8,30,0
58,2024-01-01 10:00:00,68.74,0.634,101.55,1432.1,2647.1,31,0
58,2024-01-01 11:00:00,72.6,1.29,102.82,1441.7,2675.2,21,0
58,2024-01-01 12:00:00,71.14,1.293,103.08,1433.8,3132.6,27,0
58,2024-01-01 13:00:00,68.78,1.04,101.97,1523.6,2916.1,32,0
58,2024-01-01 14:00:00,71.63,1.817,100.92,1496.8,3065.1,30,0
58,2024-01-01 15:00:00,68.24,0.65,107.25,1437.9,2734.0,26,0
58,2024-01-01 16:00:00,70.54,0.871,98.11,1443.0,3053.8,35,0
58,2024-01-01 17:00:00,70.47,1.157,100.01,1412.5,3181.5,36,0
58,2024-01-01 18:00:00,71.86,1.001,103.19,1344.4,2852.5,32,0
58,2024-01-01 19:00:00,67.93,0.868,101.11,1459.2,3070.4,30,0
58,2024-01-01 20:00:00,71.31,1.133,102.17,1452.8,3054.4,34,0
58,2024-01-01 21:00:00,70.74,1.222,102.96,1468.4,2943.8,25,0
58,2024-01-01 22:00:00,72.05,1.247,105.18,1436.6,3174.6,32,0
58,2024-01-01 23:00:00,70.08,0.664,96.8,1403.4,2678.1,34,0
58,2024-01-02 00:00:00,73.69,1.325,101.78,1442.9,3195.9,29,0
58,2024-01-02 01:00:00,70.46,1.414,103.05,1410.5,2977.1,27,0
58,2024-01-02 02:00:00,68.6,1.081,101.41,1447.7,2943.7,26,0
58,2024-01-02 03:00:00,69.7,1.339,104.82,1451.2,2674.7,36,0
58,2024-01-02 04:00:00,69.18,1.336,100.91,1446.3,3097.6,30,0
58,2024-01-02 05:00:00,73.11,1.415,97.3,1479.0,2754.8,35,0
58,2024-01-02 06:00:00,70.4,0.981,103.74,1426.5,3056.1,25,0
58,2024-01-02 07:00:00,69.1,1.343,109.6,1473.7,2931.1,30,0
58,2024-01-02 08:00:00,71.61,1.005,107.3,1395.8,3059.7,36,0
58,2024-01-02 09:00:00,71.02,0.946,101.56,1459.8,2935.6,30,0
58,2024-01-02 10:00:00,71.01,1.464,104.09,1439.2,2823.1,36,0
58,2024-01-02 11:00:00,66.5,1.158,101.98,1399.1,2868.7,33,0
58,2024-01-02 12:00:00,68.47,0.778,98.86,1453.2,2780.7,32,0
58,2024-01-02 13:00:00,69.62,0.972,99.51,1458.4,3059.3,28,0
58,2024-01-02 14:00:00,70.7,0.941,101.16,1421.3,2927.3,28,0
58,2024-01-02 15:00:00,71.2,0.899,97.08,1430.0,3155.6,36,0
58,2024-01-02 16:00:00,66.13,1.465,100.27,1448.5,3187.8,24,0
58,2024-01-02 17:00:00,69.05,1.084,99.02,1472.1,2817.0,30,0
58,2024-01-02 18:00:00,67.29,0.356,105.57,1446.0,2772.5,24,0
58,2024-01-02 19:00:00,71.1,0.837,100.14,1398.8,3002.1,31,0
58,2024-01-02 20:00:00,69.6,1.169,103.43,1499.9,3094.9,37,0
58,2024-01-02 21:00:00,72.94,0.857,100.82,1479.4,3133.0,23,0
58,2024-01-02 22:00:00,70.44,1.452,108.9,1492.1,2871.1,30,0
58,2024-01-02 23:00:00,67.91,0.876,103.37,1448.5,2790.9,29,0
58,2024-01-03 00:00:00,73.67,0.701,106.34,1428.1,3227.5,36,0
58,2024-01-03 01:00:00,69.97,1.657,98.68,1469.7,3076.8,33,0
59,2024-01-01 00:00:00,74.87,0.926,89.81,1480.8,2929.7,26,0
59,2024-01-01 01:00:00,71.79,1.665,93.57,1455.9,2826.4,27,0
59,2024-01-01 02:00:00,75.98,1.648,93.49,1502.8,3142.8,37,0
59,2024-01-01 03:00:00,76.67,1.497,93.34,1439.1,3150.0,30,0
59,2024-01-01 04:00:00,73.22,1.452,95.66,1416.1,2996.3,23,0
59,2024-01-01 05:00:00,73.47,1.567,97.7,1446.8,3017.3,42,0
59,2024-01-01 06:00:00,70.01,1.557,94.72,1453.1,3002.4,30,0
59,2024-01-01 07:00:00,72.65,2.099,96.74,1449.2,3206.4,36,0
59,2024-01-01 08:00:00,72.5,1.645,94.47,1491.7,2731.7,29,0
59,2024-01-01 09:00:00,71.47,1.644,95.47,1434.3,3043.5,26,0
59,2024-01-01 10:00:00,69.49,0.95,91.2,1478.6,2875.2,28,0
59,2024-01-01 11:00:00,73.85,1.783,91.31,1490.4,3224.2,26,0
59,2024-01-01 12:00:00,76.03,1.482,93.12,1473.2,3041.9,38,0
59,2024-01-01 13:00:00,69.39,0.964,97.04,1409.1,3224.2,44,0
59,2024-01-01 14:00:00,69.57,1.35,96.4,1440.9,2807.7,32,0
59,2024-01-01 15:00:00,72.24,1.491,92.51,1415.3,2812.1,28,0
59,2024-01-01 16:00:00,69.87,1.353,91.42,1414.7,3072.7,29,0
59,2024-01-01 17:00:00,70.86,1.452,90.27,1454.0,2718.0,43,0
59,2024-01-01 18:00:00,73.19,1.373,93.1,1470.3,2721.1,23,0
59,2024-01-01 19:00:00,72.53,1.392,96.36,1466.4,2963.0,26,0
59,2024-01-01 20:00:00,74.13,0.855,96.09,1409.4,2745.2,35,0
59,2024-01-01 21:00:00,71.09,1.342,96.24,1454.5,3037.6,38,0
59,2024-01-01 22:00:00,75.16,1.44,92.15,1440.2,3249.5,38,0
59,2024-01-01 23:00:00,74.33,1.483,91.25,1464.9,3030.1,60,0
59,2024-01-02 00:00:00,72.3,1.723,87.64,1438.0,3030.6,57,0
59,2024-01-02 01:00:00,75.87,2.092,95.13,1479.0,2786.1,54,0
59,2024-01-02 02:00:00,72.96,1.689,97.98,1443.6,2753.0,51,0
59,2024-01-02 03:00:00,77.2,1.374,92.0,1431.5,2870.1,48,0
59,2024-01-02 04:00:00,75.98,1.961,96.94,1385.1,3140.2,45,0
59,2024-01-02 05:00:00,78.09,1.91,89.22,1436.8,3105.5,42,0
59,2024-01-02 06:00:00,83.43,2.601,96.27,1378.5,2971.5,39,0
59,2024-01-02 07:00:00,76.26,2.256,97.39,1520.5,3204.8,36,0
59,2024-01-02 08:00:00,81.23,2.08,99.01,1426.5,2696.9,33,0
59,2024-01-02 09:00:00,84.53,3.047,85.85,1494.7,2721.1,30,0
59,2024-01-02 10:00:00,79.76,3.068,96.32,1420.1,3092.7,27,0
59,2024-01-02 11:00:00,79.53,3.82,92.39,1388.1,2932.4,24,0
59,2024-01-02 12:00:00,85.49,3.026,100.06,1401.8,2798.5,21,0
59,2024-01-02 13:00:00,82.58,2.367,102.58,1328.1,2899.0,18,0
59,2024-01-02 14:00:00,86.08,1.979,86.86,1513.7,3079.0,15,0
59,2024-01-02 15:00:00,87.04,4.144,96.92,1378.6,3143.2,12,0
59,2024-01-02 16:00:00,93.95,2.265,102.53,1296.7,2759.4,9,0
59,2024-01-02 17:00:00,81.26,3.312,105.56,1457.7,2696.6,6,0
59,2024-01-02 18:00:00,85.72,2.654,90.31,1518.5,3251.4,3,1
59,2024-01-02 19:00:00,82.59,4.748,84.86,1538.8,3093.2,0,1
59,2024-01-02 20:00:00,83.38,4.387,114.09,1496.6,2828.9,0,1
59,2024-01-02 21:00:00,91.58,4.305,92.32,1285.4,3002.7,0,1
59,2024-01-02 22:00:00,87.63,3.099,101.21,1382.0,3221.3,0,1
59,2024-01-02 23:00:00,85.43,2.98,85.19,1526.3,2721.1,0,1
59,2024-01-03 00:00:00,93.23,2.173,80.95,1545.4,2795.0,0,1
59,2024-01-03 01:00:00,89.0,5.633,99.3,1416.9,2991.5,0,1
60,2024-01-01 00:00:00,62.2,0.699,84.3,890.2,2912.7,35,0
60,2024-01-01 01:00:00,64.61,0.456,88.58,917.9,3057.8,31,0
60,2024-01-01 02:00:00,61.33,0.091,81.68,947.0,3271.7,26,0
60,2024-01-01 03:00:00,64.34,0.727,89.33,854.7,2775.4,29,0
60,2024-01-01 04:00:00,63.12,0.992,84.82,957.7,3198.0,38,0
60,2024-01-01 05:00:00,64.59,0.067,84.38,953.1,2723.5,29,0
60,2024-01-01 06:00:00,67.45,0.435,83.75,923.2,2998.6,32,0
60,2024-01-01 07:00:00,66.97,1.079,82.59,917.4,3109.6,24,0
60,2024-01-01 08:00:00,65.28,0.702,84.81,894.1,3291.6,25,0
60,2024-01-01 09:00:00,67.35,0.416,86.58,929.9,2738.7,24,0
60,2024-01-01 10:00:00,66.18,0.762,87.14,893.5,2902.2,37,0
60,2024-01-01 11:00:00,67.75,0.618,81.22,948.5,2744.7,21,0
60,2024-01-01 12:00:00,65.51,0.269,87.29,876.0,2957.0,31,0
60,2024-01-01 13:00:00,63.78,0.578,83.84,900.0,2788.0,35,0
60,2024-01-01 14:00:00,64.42,0.655,84.99,930.3,3090.9,44,0
60,2024-01-01 15:00:00,62.56,0.735,85.59,917.2,3244.4,29,0
60,2024-01-01 16:00:00,65.14,0.683,85.08,928.8,3264.0,31,0
60,2024-01-01 17:00:00,66.06,0.981,86.97,950.8,2855.0,26,0
60,2024-01-01 18:00:00,67.12,0.346,89.03,943.0,2885.3,31,0
60,2024-01-01 19:00:00,64.3,0.493,85.87,908.0,3087.8,37,0
60,2024-01-01 20:00:00,65.55,0.361,79.69,945.2,3040.1,31,0
60,2024-01-01 21:00:00,70.32,0.54,88.18,905.3,2797.9,25,0
60,2024-01-01 22:00:00,67.3,0.554,86.38,931.3,2905.5,27,0
60,2024-01-01 23:00:00,65.61,0.935,88.43,938.3,3284.1,28,0
60,2024-01-02 00:00:00,65.96,-0.247,82.96,929.2,2978.1,40,0
60,2024-01-02 01:00:00,66.2,0.699,87.11,900.8,3013.8,41,0
60,2024-01-02 02:00:00,64.76,0.548,89.59,929.9,2725.5,30,0
60,2024-01-02 03:00:00,67.63,0.223,79.52,897.4,3030.7,28,0
60,2024-01-02 04:00:00,63.27,0.672,87.42,900.5,3247.1,26,0
60,2024-01-02 05:00:00,67.91,1.017,83.29,962.8,2930.2,31,0
60,2024-01-02 06:00:00,64.77,1.43,82.83,974.4,2791.9,22,0
60,2024-01-02 07:00:00,66.55,0.355,89.43,910.0,2817.0,29,0
60,2024-01-02 08:00:00,65.78,0.029,84.77,945.6,3278.9,22,0
60,2024-01-02 09:00:00,63.27,0.464,89.01,921.3,3168.0,29,0
60,2024-01-02 10:00:00,65.24,0.74,91.53,930.3,3078.2,38,0
60,2024-01-02 11:00:00,67.12,0.581,86.66,930.7,3323.2,34,0
60,2024-01-02 12:00:00,64.58,0.035,83.35,862.3,2761.0,35,0
60,2024-01-02 13:00:00,69.0,0.504,86.62,948.9,3090.0,33,0
60,2024-01-02 14:00:00,63.19,0.996,81.25,914.1,2955.4,32,0
60,2024-01-02 15:00:00,64.57,0.51,87.85,910.7,2790.7,24,0
60,2024-01-02 16:00:00,63.13,0.714,83.48,977.7,3254.7,29,0
60,2024-01-02 17:00:00,63.07,1.196,86.43,928.9,2990.6,31,0
60,2024-01-02 18:00:00,64.32,0.886,87.26,878.2,2774.5,26,0
60,2024-01-02 19:00:00,62.28,0.603,81.23,900.8,3009.0,24,0
60,2024-01-02 20:00:00,63.33,0.59,90.18,934.0,2777.3,29,0
60,2024-01-02 21:00:00,67.22,0.817,83.71,905.8,2893.9,26,0
60,2024-01-02 22:00:00,68.33,0.613,88.79,899.8,3051.3,30,0
60,2024-01-02 23:00:00,65.48,1.3,82.46,894.6,3300.2,28,0
60,2024-01-03 00:00:00,63.61,1.424,87.52,931.6,3247.3,28,0
60,2024-01-03 01:00:00,64.98,0.546,87.57,932.5,2952.4,26,0
61,2024-01-01 00:00:00,79.96,1.134,117.69,1419.5,2835.5,25,0
61,2024-01-01 01:00:00,78.09,1.101,117.39,1488.3,3062.7,27,0
61,2024-01-01 02:00:00,81.07,1.517,117.19,1403.8,3054.5,28,0
61,2024-01-01 03:00:00,78.09,1.627,117.51,1452.4,3046.7,32,0
61,2024-01-01 04:00:00,76.71,1.297,120.38,1455.1,3237.3,35,0
61,2024-01-01 05:00:00,80.53,0.65,116.11,1446.3,3062.5,31,0
61,2024-01-01 06:00:00,77.51,1.545,111.37,1484.1,2842.5,27,0
61,2024-01-01 07:00:00,77.64,1.635,113.87,1423.8,3048.8,29,0
61,2024-01-01 08:00:00,72.65,1.292,120.27,1390.6,2863.3,27,0
61,2024-01-01 09:00:00,78.98,1.181,123.94,1482.4,2774.2,36,0
61,2024-01-01 10:00:00,78.88,1.783,116.4,1429.6,2940.6,25,0
61,2024-01-01 11:00:00,79.16,1.723,114.45,1427.3,3331.8,30,0
61,2024-01-01 12:00:00,78.0,1.664,116.71,1470.8,3174.3,35,0
61,2024-01-01 13:00:00,76.14,1.194,121.85,1447.6,3023.8,26,0
61,2024-01-01 14:00:00,77.63,1.579,110.12,1431.5,3266.8,29,0
61,2024-01-01 15:00:00,77.49,1.497,118.48,1419.2,2775.8,28,0
61,2024-01-01 16:00:00,76.48,0.966,115.59,1463.6,3218.3,25,0
61,2024-01-01 17:00:00,79.23,1.042,123.71,1416.2,3371.4,33,0
61,2024-01-01 18:00:00,78.11,1.098,120.56,1412.5,2819.1,31,0
61,2024-01-01 19:00:00,75.13,1.289,116.73,1472.2,2934.3,22,0
61,2024-01-01 20:00:00,77.39,0.564,118.16,1454.3,3025.0,24,0
61,2024-01-01 21:00:00,78.3,1.241,122.81,1460.3,3186.9,32,0
61,2024-01-01 22:00:00,76.6,1.252,114.58,1450.7,3344.8,34,0
61,2024-01-01 23:00:00,77.72,0.467,114.36,1490.5,3340.4,31,0
61,2024-01-02 00:00:00,77.58,1.722,116.87,1483.7,3248.7,36,0
61,2024-01-02 01:00:00,79.28,0.999,114.63,1405.0,3234.3,28,0
61,2024-01-02 02:00:00,83.69,1.462,116.15,1442.5,2814.7,20,0
61,2024-01-02 03:00:00,73.21,0.897,115.74,1397.6,3337.0,38,0
61,2024-01-02 04:00:00,76.12,1.181,116.68,1437.5,3136.5,27,0
61,2024-01-02 05:00:00,80.32,1.265,114.36,1454.2,3257.7,26,0
61,2024-01-02 06:00:00,72.71,1.507,120.81,1485.3,2907.1,25,0
61,2024-01-02 07:00:00,76.61,1.166,121.63,1463.3,3202.8,29,0
61,2024-01-02 08:00:00,74.72,1.472,113.9,1476.0,3340.8,31,0
61,2024-01-02 09:00:00,79.26,2.239,116.66,1443.2,3389.6,28,0
61,2024-01-02 10:00:00,77.14,1.131,117.45,1428.8,3057.4,32,0
61,2024-01-02 11:00:00,78.38,1.374,114.87,1445.4,2932.7,33,0
61,2024-01-02 12:00:00,77.45,1.497,111.33,1464.6,2949.3,42,0
61,2024-01-02 13:00:00,79.43,1.021,123.95,1450.3,3172.3,25,0
61,2024-01-02 14:00:00,81.7,1.304,118.52,1414.9,3251.9,35,0
61,2024-01-02 15:00:00,81.72,1.183,118.88,1459.7,3029.6,33,0
61,2024-01-02 16:00:00,79.87,0.776,118.68,1403.9,3008.5,40,0
61,2024-01-02 17:00:00,78.99,1.539,117.57,1467.6,3098.9,34,0
61,2024-01-02 18:00:00,78.82,1.497,120.23,1522.3,3212.4,26,0
61,2024-01-02 19:00:00,79.54,1.908,112.84,1408.8,3174.8,30,0
61,2024-01-02 20:00:00,76.1,1.385,119.74,1446.6,2903.0,37,0
61,2024-01-02 21:00:00,77.95,1.347,119.57,1415.5,3252.8,36,0
61,2024-01-02 22:00:00,79.15,1.142,112.91,1422.3,3194.2,26,0
61,2024-01-02 23:00:00,74.47,1.017,120.07,1425.8,2967.4,27,0
61,2024-01-03 00:00:00,77.61,1.26,119.34,1442.9,3014.3,34,0
61,2024-01-03 01:00:00,78.85,1.228,118.36,1466.2,3233.0,28,0
62,2024-01-01 00:00:00,65.88,2.055,84.8,899.8,2891.6,25,0
62,2024-01-01 01:00:00,70.17,1.869,81.81,883.4,3067.3,35,0
62,2024-01-01 02:00:00,69.54,1.754,84.42,1001.7,3198.3,28,0
62,2024-01-01 03:00:00,66.84,2.138,86.93,918.0,3198.5,29,0
62,2024-01-01 04:00:00,68.52,2.787,82.86,951.0,2847.4,25,0
62,2024-01-01 05:00:00,75.54,2.098,83.79,884.9,3235.2,37,0
62,2024-01-01 06:00:00,69.43,2.017,84.59,875.5,3102.0,33,0
62,2024-01-01 07:00:00,69.5,2.01,84.31,912.7,2923.5,31,0
62,2024-01-01 08:00:00,68.19,1.831,86.96,947.8,3212.6,26,0
62,2024-01-01 09:00:00,69.52,2.325,81.91,942.8,3342.0,31,0
62,2024-01-01 10:00:00,71.49,1.451,84.14,888.7,3334.1,30,0
62,2024-01-01 11:00:00,71.76,1.495,88.06,952.7,3305.2,32,0
62,2024-01-01 12:00:00,68.4,1.422,83.15,912.4,3062.5,40,0
62,2024-01-01 13:00:00,72.54,2.289,87.7,918.4,3058.8,34,0
62,2024-01-01 14:00:00,72.14,1.876,89.76,984.4,2875.9,31,0
62,2024-01-01 15:00:00,70.55,2.006,80.36,892.4,2947.2,26,0
62,2024-01-01 16:00:00,69.58,2.536,80.16,918.3,3301.1,33,0
62,2024-01-01 17:00:00,70.96,1.981,80.57,935.1,3241.0,27,0
62,2024-01-01 18:00:00,69.66,2.05,86.19,942.9,3042.8,27,0
62,2024-01-01 19:00:00,72.28,1.472,85.89,961.9,2853.4,24,0
62,2024-01-01 20:00:00,68.64,1.75,83.1,945.6,3173.5,25,0
62,2024-01-01 21:00:00,68.91,1.98,82.0,901.7,3402.9,34,0
62,2024-01-01 22:00:00,70.56,2.188,85.66,925.1,3131.6,24,0
62,2024-01-01 23:00:00,68.59,1.444,84.21,898.8,2982.8,35,0
62,2024-01-02 00:00:00,68.22,1.631,81.27,962.3,3360.0,41,0
62,2024-01-02 01:00:00,67.15,1.493,77.83,907.7,2885.2,31,0
62,2024-01-02 02:00:00,68.01,2.137,79.88,957.4,3155.6,28,0
62,2024-01-02 03:00:00,68.26,1.928,80.05,921.6,2978.9,29,0
62,2024-01-02 04:00:00,68.59,1.811,86.62,934.9,2890.0,27,0
62,2024-01-02 05:00:00,70.26,1.481,79.06,955.4,3113.3,27,0
62,2024-01-02 06:00:00,69.29,2.048,78.87,910.4,3374.0,29,0
62,2024-01-02 07:00:00,69.43,1.952,83.62,957.1,3298.9,39,0
62,2024-01-02 08:00:00,69.25,1.961,83.88,920.2,3011.5,28,0
62,2024-01-02 09:00:00,67.81,2.285,81.66,873.3,3172.8,25,0
62,2024-01-02 10:00:00,64.41,1.86,85.6,957.1,3256.2,26,0
62,2024-01-02 11:00:00,68.73,2.128,83.28,901.5,3019.2,30,0
62,2024-01-02 12:00:00,69.32,1.484,84.67,903.6,3276.0,36,0
62,2024-01-02 13:00:00,67.94,1.682,84.53,900.7,2862.4,34,0
62,2024-01-02 14:00:00,69.37,1.838,86.34,860.5,3187.0,28,0
62,2024-01-02 15:00:00,72.01,1.424,83.75,879.1,3370.4,34,0
62,2024-01-02 16:00:00,71.13,1.658,85.0,969.2,3027.3,24,0
62,2024-01-02 17:00:00,70.62,1.651,80.47,867.4,3339.8,25,0
62,2024-01-02 18:00:00,69.73,1.79,86.88,960.4,3378.0,35,0
62,2024-01-02 19:00:00,67.37,1.586,84.07,934.9,3039.7,30,0
62,2024-01-02 20:00:00,69.48,2.752,80.69,913.1,3212.5,33,0
62,2024-01-02 21:00:00,68.02,1.409,88.33,905.2,3437.9,24,0
62,2024-01-02 22:00:00,70.9,1.907,86.01,922.2,3456.4,37,0
62,2024-01-02 23:00:00,67.41,1.612,83.67,882.9,3195.9,28,0
62,2024-01-03 00:00:00,68.53,2.2,83.22,907.9,3264.2,18,0
62,2024-01-03 01:00:00,67.71,1.589,83.2,952.5,3371.6,37,0
63,2024-01-01 00:00:00,81.22,0.448,113.89,1008.3,2988.4,27,0
63,2024-01-01 01:00:00,77.28,1.392,112.19,998.9,2852.8,28,0
63,2024-01-01 02:00:00,76.78,1.403,109.6,939.0,2973.4,30,0
63,2024-01-01 03:00:00,80.2,1.057,111.64,944.3,2876.4,34,0
63,2024-01-01 04:00:00,80.8,1.609,107.28,983.5,3124.2,25,0
63,2024-01-01 05:00:00,75.52,1.31,107.65,962.0,3382.1,25,0
63,2024-01-01 06:00:00,81.14,1.24,110.68,951.0,3383.8,28,0
63,2024-01-01 07:00:00,79.56,0.719,105.25,967.6,3465.4,33,0
63,2024-01-01 08:00:00,80.31,1.156,113.39,926.8,2929.6,26,0
63,2024-01-01 09:00:00,78.86,0.762,117.11,938.9,2969.8,28,0
63,2024-01-01 10:00:00,78.33,0.698,114.3,982.5,3202.5,31,0
63,2024-01-01 11:00:00,80.96,1.289,112.44,945.4,2937.2,35,0
63,2024-01-01 12:00:00,80.61,1.111,118.07,958.7,3022.8,35,0
63,2024-01-01 13:00:00,81.76,1.282,116.0,982.6,2902.7,34,0
63,2024-01-01 14:00:00,77.32,1.223,115.08,1010.2,3049.2,28,0
63,2024-01-01 15:00:00,76.89,1.125,117.98,949.1,3081.4,24,0
63,2024-01-01 16:00:00,78.97,1.907,109.01,929.8,3368.6,34,0
63,2024-01-01 17:00:00,77.94,1.183,122.46,972.4,3428.6,41,0
63,2024-01-01 18:00:00,80.79,1.121,110.37,908.3,3099.8,27,0
63,2024-01-01 19:00:00,81.21,1.62,107.91,972.6,3275.1,28,0
63,2024-01-01 20:00:00,82.8,0.822,111.28,891.1,3350.8,22,0
63,2024-01-01 21:00:00,79.28,1.471,108.96,932.9,2997.9,32,0
63,2024-01-01 22:00:00,78.24,1.549,109.1,903.1,3413.3,23,0
63,2024-01-01 23:00:00,80.84,0.776,111.94,975.6,3064.9,32,0
63,2024-01-02 00:00:00,79.52,1.126,108.61,917.2,3054.7,29,0
63,2024-01-02 01:00:00,78.99,0.971,112.16,925.0,3382.5,17,0
63,2024-01-02 02:00:00,78.95,1.342,116.73,966.9,3138.9,35,0
63,2024-01-02 03:00:00,76.1,0.884,110.68,924.1,3303.0,33,0
63,2024-01-02 04:00:00,78.28,1.253,114.13,999.1,3357.8,29,0
63,2024-01-02 05:00:00,79.34,0.816,109.45,947.8,2940.9,30,0
63,2024-01-02 06:00:00,77.02,1.412,108.66,872.6,3045.7,24,0
63,2024-01-02 07:00:00,79.54,1.439,108.75,949.6,3245.7,27,0
63,2024-01-02 08:00:00,79.26,1.798,112.4,943.9,2963.0,36,0
63,2024-01-02 09:00:00,79.17,1.667,110.22,928.4,3328.4,27,0
63,2024-01-02 10:00:00,81.35,1.436,112.12,966.5,3468.0,35,0
63,2024-01-02 11:00:00,74.85,1.537,112.56,965.2,3289.8,31,0
63,2024-01-02 12:00:00,78.73,1.101,104.33,958.5,3401.9,36,0
63,2024-01-02 13:00:00,79.96,0.542,111.67,901.8,3497.7,27,0
63,2024-01-02 14:00:00,79.82,1.072,108.65,987.6,3168.9,36,0
63,2024-01-02 15:00:00,80.3,1.158,115.98,969.9,3440.5,32,0
63,2024-01-02 16:00:00,80.28,1.089,112.94,936.7,3506.4,26,0
63,2024-01-02 17:00:00,80.75,0.817,110.65,905.8,3135.3,25,0
63,2024-01-02 18:00:00,77.92,1.267,110.11,931.2,3009.2,25,0
63,2024-01-02 19:00:00,76.99,1.384,114.82,946.1,3220.0,32,0
63,2024-01-02 20:00:00,78.55,0.973,109.83,963.2,3362.4,29,0
63,2024-01-02 21:00:00,83.37,0.961,110.59,969.0,3173.1,20,0
63,2024-01-02 22:00:00,82.52,1.41,107.22,979.3,3127.8,27,0
63,2024-01-02 23:00:00,75.13,1.332,111.88,975.4,3500.5,38,0
63,2024-01-03 00:00:00,81.97,1.573,108.57,987.6,3410.8,30,0
63,2024-01-03 01:00:00,79.19,1.202,107.49,968.6,2924.5,32,0
64,2024-01-01 00:00:00,69.06,0.714,104.74,1329.2,3187.1,33,0
64,2024-01-01 01:00:00,69.37,1.17,103.83,1382.7,3274.8,23,0
64,2024-01-01 02:00:00,67.0,1.886,102.55,1352.9,3389.1,31,0
64,2024-01-01 03:00:00,68.27,2.063,106.4,1374.8,3471.2,35,0
64,2024-01-01 04:00:00,66.75,2.197,104.37,1306.4,3357.6,23,0
64,2024-01-01 05:00:00,66.62,1.167,108.45,1373.3,3341.5,36,0
64,2024-01-01 06:00:00,68.28,2.092,105.08,1289.4,3002.0,34,0
64,2024-01-01 07:00:00,62.53,1.538,103.36,1369.2,3095.2,24,0
64,2024-01-01 08:00:00,69.94,1.617,100.47,1362.7,3277.4,28,0
64,2024-01-01 09:00:00,65.71,2.09,107.36,1299.0,2941.9,27,0
64,2024-01-01 10:00:00,64.27,1.913,105.06,1365.8,3190.1,34,0
64,2024-01-01 11:00:00,66.89,1.364,101.17,1368.0,3141.1,25,0
64,2024-01-01 12:00:00,64.37,1.621,108.24,1361.8,3185.2,37,0
64,2024-01-01 13:00:00,64.4,1.92,103.04,1312.1,2983.8,29,0
64,2024-01-01 14:00:00,66.27,1.706,104.77,1356.0,3058.7,37,0
64,2024-01-01 15:00:00,65.63,1.114,104.62,1319.9,3005.5,26,0
64,2024-01-01 16:00:00,64.75,1.283,113.89,1359.3,3386.9,42,0
64,2024-01-01 17:00:00,65.67,1.793,103.06,1334.3,3397.1,28,0
64,2024-01-01 18:00:00,63.59,1.954,106.71,1356.3,3215.3,22,0
64,2024-01-01 19:00:00,67.68,1.738,107.59,1281.1,2907.5,32,0
64,2024-01-01 20:00:00,64.9,1.581,104.09,1320.1,3222.2,25,0
64,2024-01-01 21:00:00,67.59,1.26,103.51,1301.9,3318.4,25,0
64,2024-01-01 22:00:00,64.44,1.665,100.97,1278.5,2944.2,24,0
64,2024-01-01 23:00:00,65.36,1.759,111.59,1331.6,2916.8,31,0
64,2024-01-02 00:00:00,70.63,2.057,106.38,1350.5,3394.6,23,0
64,2024-01-02 01:00:00,70.52,1.384,106.04,1343.3,2950.2,36,0
64,2024-01-02 02:00:00,65.83,1.923,102.81,1310.0,2997.7,27,0
64,2024-01-02 03:00:00,69.13,1.595,109.13,1316.9,3113.0,33,0
64,2024-01-02 04:00:00,68.6,2.086,105.41,1294.6,3457.0,38,0
64,2024-01-02 05:00:00,69.61,1.708,111.14,1341.6,2966.7,32,0
64,2024-01-02 06:00:00,65.23,1.573,107.3,1389.9,3191.5,37,0
64,2024-01-02 07:00:00,66.91,1.415,108.14,1323.7,3172.9,20,0
64,2024-01-02 08:00:00,68.9,2.017,102.9,1291.5,3458.7,19,0
64,2024-01-02 09:00:00,67.1,1.943,112.76,1326.2,3479.5,28,0
64,2024-01-02 10:00:00,63.58,1.525,106.87,1328.5,3463.3,25,0
64,2024-01-02 11:00:00,63.26,2.288,105.14,1258.0,3325.5,27,0
64,2024-01-02 12:00:00,68.57,1.645,101.4,1387.0,3434.1,34,0
64,2024-01-02 13:00:00,66.95,2.168,110.22,1250.9,3377.0,23,0
64,2024-01-02 14:00:00,64.78,1.859,109.58,1319.1,2990.2,36,0
64,2024-01-02 15:00:00,65.37,1.658,107.19,1347.4,3408.0,27,0
64,2024-01-02 16:00:00,69.83,1.925,114.07,1349.8,3250.0,30,0
64,2024-01-02 17:00:00,65.07,2.041,107.99,1350.6,2948.1,32,0
64,2024-01-02 18:00:00,67.81,0.993,106.44,1352.3,3258.6,35,0
64,2024-01-02 19:00:00,64.4,1.701,105.42,1324.8,3348.0,26,0
64,2024-01-02 20:00:00,61.84,1.767,105.11,1348.0,3182.4,26,0
64,2024-01-02 21:00:00,64.97,1.724,110.46,1315.4,3394.5,30,0
64,2024-01-02 22:00:00,67.74,1.924,109.59,1340.3,3096.0,32,0
64,2024-01-02 23:00:00,68.01,1.555,103.0,1371.1,3483.6,32,0
64,2024-01-03 00:00:00,68.42,1.648,104.82,1398.0,3553.6,24,0
64,2024-01-03 01:00:00,67.94,1.942,106.11,1296.6,3240.4,28,0
65,2024-01-01 00:00:00,77.06,0.099,81.73,872.8,3403.6,36,0
65,2024-01-01 01:00:00,77.79,0.382,82.2,874.9,3055.7,33,0
65,2024-01-01 02:00:00,77.28,0.756,80.18,903.5,3449.8,19,0
65,2024-01-01 03:00:00,76.19,0.547,85.56,924.0,3174.5,29,0
65,2024-01-01 04:00:00,79.43,1.025,86.93,935.0,3014.7,27,0
65,2024-01-01 05:00:00,80.47,0.1,85.4,895.3,3400.3,23,0
65,2024-01-01 06:00:00,79.11,0.525,83.47,946.9,3051.6,26,0
65,2024-01-01 07:00:00,79.64,0.499,86.02,916.0,3186.2,32,0
65,2024-01-01 08:00:00,77.87,0.174,85.29,890.1,3173.9,22,0
65,2024-01-01 09:00:00,76.33,0.666,87.14,886.0,3506.0,35,0
65,2024-01-01 10:00:00,78.1,0.596,84.14,879.1,2934.4,29,0
65,2024-01-01 11:00:00,78.84,0.462,84.15,932.4,3312.5,37,0
65,2024-01-01 12:00:00,79.68,0.376,86.32,904.7,3162.3,27,0
65,2024-01-01 13:00:00,79.02,0.284,76.79,893.8,3493.0,30,0
65,2024-01-01 14:00:00,78.2,0.392,88.38,905.6,3131.4,22,0
65,2024-01-01 15:00:00,77.41,0.597,88.03,894.7,3461.4,26,0
65,2024-01-01 16:00:00,82.2,0.401,82.94,898.5,3261.1,24,0
65,2024-01-01 17:00:00,78.58,0.398,92.51,916.5,3425.1,18,0
65,2024-01-01 18:00:00,81.88,0.895,86.1,937.4,3425.4,25,0
65,2024-01-01 19:00:00,82.07,1.041,84.41,932.2,3465.7,23,0
65,2024-01-01 20:00:00,76.58,0.282,88.68,871.6,3535.8,26,0
65,2024-01-01 21:00:00,76.94,0.526,84.73,908.1,3235.9,27,0
65,2024-01-01 22:00:00,76.6,0.88,84.51,941.1,3474.4,27,0
65,2024-01-01 23:00:00,79.52,0.539,80.64,863.2,2990.5,27,0
65,2024-01-02 00:00:00,76.6,0.657,83.32,893.5,3242.4,24,0
65,2024-01-02 01:00:00,84.03,0.899,79.84,921.5,3000.4,25,0
65,2024-01-02 02:00:00,78.68,0.573,86.83,906.1,3180.7,40,0
65,2024-01-02 03:00:00,81.69,0.044,84.93,891.6,3199.6,29,0
65,2024-01-02 04:00:00,75.49,0.255,87.44,855.8,3157.9,29,0
65,2024-01-02 05:00:00,77.94,0.496,88.69,905.9,3214.8,28,0
65,2024-01-02 06:00:00,80.31,0.129,80.47,907.1,3409.6,25,0
65,2024-01-02 07:00:00,79.64,0.338,82.8,900.9,3420.7,28,0
65,2024-01-02 08:00:00,79.05,1.021,86.25,866.4,3568.4,34,0
65,2024-01-02 09:00:00,79.92,0.376,83.02,960.9,3112.8,32,0
65,2024-01-02 10:00:00,80.83,0.421,85.02,945.3,3416.8,40,0
65,2024-01-02 11:00:00,81.09,1.071,87.77,872.4,3259.4,33,0
65,2024-01-02 12:00:00,78.1,0.091,94.17,911.8,3457.5,29,0
65,2024-01-02 13:00:00,76.42,0.355,81.76,811.8,3196.6,39,0
65,2024-01-02 14:00:00,81.96,1.039,87.69,904.0,3168.4,27,0
65,2024-01-02 15:00:00,76.11,0.41,84.35,873.9,3431.1,28,0
65,2024-01-02 16:00:00,79.43,0.58,84.22,865.4,3610.3,36,0
65,2024-01-02 17:00:00,78.52,0.436,85.34,898.1,3133.8,26,0
65,2024-01-02 18:00:00,77.55,0.574,83.79,861.0,3437.6,35,0
65,2024-01-02 19:00:00,78.23,0.261,89.75,917.5,3031.4,40,0
65,2024-01-02 20:00:00,74.98,0.648,81.31,862.4,2981.8,37,0
65,2024-01-02 21:00:00,76.12,0.818,93.98,926.1,3285.6,42,0
65,2024-01-02 22:00:00,80.53,0.36,92.14,867.4,3125.6,39,0
65,2024-01-02 23:00:00,74.09,0.659,83.87,813.8,3199.5,28,0
65,2024-01-03 00:00:00,75.92,0.82,83.23,867.0,3391.1,26,0
65,2024-01-03 01:00:00,78.68,0.731,82.46,868.3,3455.8,38,0
66,2024-01-01 00:00:00,65.67,1.205,98.48,1280.6,3242.7,27,0
66,2024-01-01 01:00:00,68.85,0.255,99.64,1315.3,3338.0,23,0
66,2024-01-01 02:00:00,67.79,1.481,101.48,1201.0,3583.8,34,0
66,2024-01-01 03:00:00,65.27,1.307,103.69,1224.4,3412.6,25,0
66,2024-01-01 04:00:00,69.36,0.661,106.95,1326.7,3057.1,33,0
66,2024-01-01 05:00:00,69.16,0.876,104.77,1239.0,3034.3,35,0
66,2024-01-01 06:00:00,67.67,0.946,105.02,1256.0,3005.1,28,0
66,2024-01-01 07:00:00,68.04,0.479,103.8,1241.6,3508.5,28,0
66,2024-01-01 08:00:00,68.45,1.244,105.01,1290.1,3296.3,36,0
66,2024-01-01 09:00:00,68.61,0.204,105.94,1170.8,3190.8,35,0
66,2024-01-01 10:00:00,69.39,0.407,100.09,1228.8,3271.0,35,0
66,2024-01-01 11:00:00,68.6,0.737,106.74,1232.0,3325.1,30,0
66,2024-01-01 12:00:00,69.95,0.773,105.33,1262.4,3012.4,31,0
66,2024-01-01 13:00:00,69.48,0.771,100.95,1249.0,3021.6,23,0
66,2024-01-01 14:00:00,68.73,0.921,104.0,1197.9,3028.7,21,0
66,2024-01-01 15:00:00,69.92,1.135,103.26,1241.6,3643.6,37,0
66,2024-01-01 16:00:00,70.91,0.673,99.03,1252.6,3086.4,33,0
66,2024-01-01 17:00:00,66.54,1.185,103.06,1288.8,3082.0,27,0
66,2024-01-01 18:00:00,66.73,1.07,106.23,1195.1,3085.0,31,0
66,2024-01-01 19:00:00,69.64,0.691,108.33,1238.1,3622.7,25,0
66,2024-01-01 20:00:00,67.97,0.98,103.38,1190.5,3275.9,18,0
66,2024-01-01 21:00:00,67.93,0.641,104.51,1279.4,3572.1,30,0
66,2024-01-01 22:00:00,68.58,0.198,102.77,1248.6,3480.3,30,0
66,2024-01-01 23:00:00,66.21,1.014,98.48,1218.8,3287.5,25,0
66,2024-01-02 00:00:00,65.35,0.52,100.42,1240.4,3591.2,21,0
66,2024-01-02 01:00:00,69.49,1.003,100.89,1234.1,3108.5,23,0
66,2024-01-02 02:00:00,67.65,0.802,104.9,1253.9,3004.7,25,0
66,2024-01-02 03:00:00,67.16,1.101,105.24,1229.0,3264.9,38,0
66,2024-01-02 04:00:00,65.07,0.789,107.28,1269.3,3159.2,28,0
66,2024-01-02 05:00:00,69.42,0.831,103.93,1188.7,3562.8,30,0
66,2024-01-02 06:00:00,68.38,1.12,103.64,1244.1,3444.2,20,0
66,2024-01-02 07:00:00,71.19,0.782,97.53,1196.5,3301.9,24,0
66,2024-01-02 08:00:00,68.02,1.125,102.4,1191.2,3271.2,39,0
66,2024-01-02 09:00:00,70.35,1.477,102.72,1225.5,3443.2,24,0
66,2024-01-02 10:00:00,70.96,1.097,103.1,1235.8,3461.7,32,0
66,2024-01-02 11:00:00,68.69,0.704,102.39,1259.4,3513.7,35,0
66,2024-01-02 12:00:00,65.67,0.858,105.88,1187.7,3145.1,31,0
66,2024-01-02 13:00:00,67.77,1.059,99.81,1220.2,3348.0,23,0
66,2024-01-02 14:00:00,66.2,0.899,98.47,1207.6,3578.2,22,0
66,2024-01-02 15:00:00,65.65,0.616,95.02,1191.6,3268.8,34,0
66,2024-01-02 16:00:00,70.41,1.284,106.67,1255.1,3615.6,29,0
66,2024-01-02 17:00:00,67.55,0.68,106.4,1240.4,3425.2,36,0
66,2024-01-02 18:00:00,66.29,1.089,97.8,1234.0,3294.1,27,0
66,2024-01-02 19:00:00,70.39,0.719,99.53,1244.6,3559.1,27,0
66,2024-01-02 20:00:00,71.81,0.77,101.29,1166.2,3419.0,24,0
66,2024-01-02 21:00:00,68.1,1.106,101.75,1212.6,3325.1,39,0
66,2024-01-02 22:00:00,70.46,0.367,105.59,1251.2,3292.4,32,0
66,2024-01-02 23:00:00,68.96,1.031,96.37,1233.6,3641.9,43,0
66,2024-01-03 00:00:00,65.88,1.011,100.17,1263.7,3431.2,30,0
66,2024-01-03 01:00:00,66.22,0.72,106.51,1252.7,3630.2,35,0
67,2024-01-01 00:00:00,78.02,0.763,93.2,895.6,3137.2,27,0
67,2024-01-01 01:00:00,78.04,1.153,98.3,850.5,3468.1,24,0
67,2024-01-01 02:00:00,76.5,0.42,97.79,915.6,3347.2,36,0
67,2024-01-01 03:00:00,76.96,1.287,102.49,804.1,3625.1,29,0
67,2024-01-01 04:00:00,74.27,0.678,96.86,812.5,3265.4,28,0
67,2024-01-01 05:00:00,76.64,1.236,95.38,871.7,3475.6,39,0
67,2024-01-01 06:00:00,78.28,0.848,98.23,855.4,3068.9,33,0
67,2024-01-01 07:00:00,79.57,0.656,99.96,898.1,3611.4,31,0
67,2024-01-01 08:00:00,79.17,0.415,96.71,863.3,3470.6,32,0
67,2024-01-01 09:00:00,78.49,0.938,95.06,843.3,3180.7,30,0
67,2024-01-01 10:00:00,77.19,0.876,100.57,819.2,3187.2,35,0
67,2024-01-01 11:00:00,79.77,0.656,97.25,821.7,3691.5,45,0
67,2024-01-01 12:00:00,75.97,0.491,99.9,843.7,3591.1,27,0
67,2024-01-01 13:00:00,78.98,0.598,95.9,796.0,3235.1,24,0
67,2024-01-01 14:00:00,77.29,0.729,97.46,841.5,3681.2,22,0
67,2024-01-01 15:00:00,79.93,0.713,96.9,898.0,3446.2,43,0
67,2024-01-01 16:00:00,78.52,0.901,96.16,816.4,3179.2,25,0
67,2024-01-01 17:00:00,77.69,0.491,95.81,892.3,3103.0,32,0
67,2024-01-01 18:00:00,76.84,0.809,99.21,859.0,3066.7,31,0
67,2024-01-01 19:00:00,79.22,0.998,96.62,856.9,3551.9,20,0
67,2024-01-01 20:00:00,76.5,0.766,100.02,882.4,3477.1,27,0
67,2024-01-01 21:00:00,77.85,1.478,97.02,911.6,3245.4,38,0
67,2024-01-01 22:00:00,83.37,0.997,97.72,856.8,3162.7,33,0
67,2024-01-01 23:00:00,74.99,0.406,100.87,833.3,3242.4,27,0
67,2024-01-02 00:00:00,77.83,0.811,94.81,903.4,3403.7,29,0
67,2024-01-02 01:00:00,80.85,0.974,100.14,903.6,3683.0,29,0
67,2024-01-02 02:00:00,80.29,0.694,99.04,924.9,3569.4,35,0
67,2024-01-02 03:00:00,79.77,1.306,98.58,873.6,3199.8,28,0
67,2024-01-02 04:00:00,83.69,0.999,99.75,819.7,3220.4,31,0
67,2024-01-02 05:00:00,76.65,1.078,98.3,887.2,3283.6,22,0
67,2024-01-02 06:00:00,76.43,1.028,94.35,926.0,3104.3,25,0
67,2024-01-02 07:00:00,77.48,0.981,104.37,828.2,3088.7,30,0
67,2024-01-02 08:00:00,78.4,1.009,98.29,866.1,3170.2,30,0
67,2024-01-02 09:00:00,76.69,1.166,99.26,847.7,3314.3,29,0
67,2024-01-02 10:00:00,78.58,0.302,94.57,821.0,3598.9,31,0
67,2024-01-02 11:00:00,78.56,0.666,99.12,887.1,3556.2,32,0
67,2024-01-02 12:00:00,78.81,1.15,99.22,855.6,3529.6,31,0
67,2024-01-02 13:00:00,81.01,0.523,100.95,917.4,3109.6,40,0
67,2024-01-02 14:00:00,79.33,0.383,93.74,871.9,3326.1,32,0
67,2024-01-02 15:00:00,80.08,1.338,93.18,853.5,3582.6,33,0
67,2024-01-02 16:00:00,75.89,1.138,91.78,847.7,3422.9,35,0
67,2024-01-02 17:00:00,80.48,1.023,94.07,824.2,3609.9,28,0
67,2024-01-02 18:00:00,78.7,1.416,95.98,876.3,3432.8,29,0
67,2024-01-02 19:00:00,78.84,1.148,95.97,801.3,3375.2,32,0
67,2024-01-02 20:00:00,79.72,1.324,100.5,846.8,3414.5,27,0
67,2024-01-02 21:00:00,81.8,0.795,97.03,890.0,3674.2,31,0
67,2024-01-02 22:00:00,78.08,1.585,98.77,837.4,3318.5,32,0
67,2024-01-02 23:00:00,79.41,1.119,100.73,879.0,3444.9,35,0
67,2024-01-03 00:00:00,77.39,1.239,98.32,905.4,3201.9,26,0
67,2024-01-03 01:00:00,77.87,1.198,96.6,836.0,3212.0,28,0
68,2024-01-01 00:00:00,62.01,1.184,83.26,1285.0,3100.8,25,0
68,2024-01-01 01:00:00,62.48,1.66,83.36,1292.2,3120.2,32,0
68,2024-01-01 02:00:00,60.13,1.778,81.87,1268.7,3148.0,31,0
68,2024-01-01 03:00:00,60.99,1.833,82.57,1305.8,3539.0,29,0
68,2024-01-01 04:00:00,65.3,2.353,80.51,1288.6,3243.3,31,0
68,2024-01-01 05:00:00,64.1,1.534,82.25,1302.9,3604.0,25,0
68,2024-01-01 06:00:00,63.15,1.387,75.96,1249.7,3597.0,26,0
68,2024-01-01 07:00:00,62.43,2.31,81.05,1290.2,3564.7,33,0
68,2024-01-01 08:00:00,62.34,1.427,85.8,1269.4,3663.8,32,0
68,2024-01-01 09:00:00,63.95,2.06,83.06,1269.0,3433.4,26,0
68,2024-01-01 10:00:00,64.53,2.335,78.46,1230.4,3359.2,31,0
68,2024-01-01 11:00:00,59.3,1.312,83.29,1292.0,3162.2,32,0
68,2024-01-01 12:00:00,63.75,1.693,80.26,1270.7,3102.7,32,0
68,2024-01-01 13:00:00,61.76,1.879,78.26,1272.3,3729.1,33,0
68,2024-01-01 14:00:00,57.69,1.703,84.54,1237.7,3164.9,30,0
68,2024-01-01 15:00:00,63.31,1.399,82.27,1283.0,3407.0,32,0
68,2024-01-01 16:00:00,60.82,1.701,85.32,1244.7,3618.2,30,0
68,2024-01-01 17:00:00,62.6,1.927,87.63,1322.0,3115.5,28,0
68,2024-01-01 18:00:00,63.87,1.551,82.0,1268.3,3338.3,29,0
68,2024-01-01 19:00:00,66.75,1.43,85.56,1290.3,3362.3,32,0
68,2024-01-01 20:00:00,63.58,2.076,74.58,1252.1,3172.3,31,0
68,2024-01-01 21:00:00,63.77,1.737,80.27,1271.7,3464.3,27,0
68,2024-01-01 22:00:00,60.36,1.674,85.78,1315.2,3430.4,36,0
68,2024-01-01 23:00:00,62.1,1.453,82.67,1302.1,3538.5,28,0
68,2024-01-02 00:00:00,62.57,1.529,75.21,1283.1,3405.9,26,0
68,2024-01-02 01:00:00,62.21,1.759,77.55,1270.0,3419.6,31,0
68,2024-01-02 02:00:00,61.14,2.159,74.42,1312.3,3600.7,33,0
68,2024-01-02 03:00:00,63.96,2.227,81.19,1305.2,3525.5,25,0
68,2024-01-02 04:00:00,61.19,2.292,81.45,1283.8,3198.6,23,0
68,2024-01-02 05:00:00,61.97,1.785,80.62,1314.1,3465.4,22,0
68,2024-01-02 06:00:00,66.62,1.858,79.24,1264.7,3594.3,29,0
68,2024-01-02 07:00:00,62.47,2.008,80.84,1329.8,3243.1,33,0
68,2024-01-02 08:00:00,63.87,2.125,79.17,1314.2,3716.6,31,0
68,2024-01-02 09:00:00,60.8,1.736,82.03,1261.7,3649.5,27,0
68,2024-01-02 10:00:00,61.43,1.696,84.44,1285.1,3467.5,30,0
68,2024-01-02 11:00:00,63.44,1.652,82.71,1305.2,3387.9,25,0
68,2024-01-02 12:00:00,65.06,1.697,82.05,1289.3,3147.1,33,0
68,2024-01-02 13:00:00,62.28,1.677,88.27,1292.3,3550.5,45,0
68,2024-01-02 14:00:00,60.04,1.778,79.35,1263.4,3193.8,38,0
68,2024-01-02 15:00:00,60.93,1.553,75.55,1323.8,3508.4,25,0
68,2024-01-02 16:00:00,60.74,1.435,80.19,1268.0,3403.4,29,0
68,2024-01-02 17:00:00,62.96,1.488,83.96,1268.0,3403.7,29,0
68,2024-01-02 18:00:00,61.11,2.571,79.59,1295.3,3296.3,20,0
68,2024-01-02 19:00:00,61.91,1.602,83.05,1291.8,3294.9,35,0
68,2024-01-02 20:00:00,58.8,1.846,79.47,1317.9,3539.9,21,0
68,2024-01-02 21:00:00,65.09,1.497,84.18,1294.3,3388.7,32,0
68,2024-01-02 22:00:00,64.33,1.785,86.28,1278.2,3771.8,28,0
68,2024-01-02 23:00:00,59.11,2.315,81.68,1227.6,3495.7,27,0
68,2024-01-03 00:00:00,61.73,2.136,83.47,1297.0,3493.4,33,0
68,2024-01-03 01:00:00,62.66,1.926,79.22,1273.7,3751.5,29,0
69,2024-01-01 00:00:00,76.85,1.376,80.29,917.1,3321.0,16,0
69,2024-01-01 01:00:00,80.29,1.537,80.89,905.3,3671.1,29,0
69,2024-01-01 02:00:00,76.34,1.287,87.71,860.1,3653.8,30,0
69,2024-01-01 03:00:00,80.33,1.693,79.54,864.1,3725.5,31,0
69,2024-01-01 04:00:00,80.46,1.07,78.45,842.1,3781.4,27,0
69,2024-01-01 05:00:00,78.04,2.04,79.31,878.6,3785.2,29,0
69,2024-01-01 06:00:00,76.36,1.515,86.65,928.4,3513.9,30,0
69,2024-01-01 07:00:00,77.43,1.251,81.22,828.4,3493.8,43,0
69,2024-01-01 08:00:00,75.61,1.724,80.29,868.3,3595.1,24,0
69,2024-01-01 09:00:00,77.21,1.478,79.02,803.5,3663.4,41,0
69,2024-01-01 10:00:00,77.12,1.451,76.47,842.6,3591.8,21,0
69,2024-01-01 11:00:00,79.05,1.559,81.65,853.4,3762.2,32,0
69,2024-01-01 12:00:00,75.11,1.78,80.67,960.4,3573.5,19,0
69,2024-01-01 13:00:00,77.75,1.702,78.79,882.0,3715.5,38,0
69,2024-01-01 14:00:00,77.28,1.688,81.98,909.1,3641.2,34,0
69,2024-01-01 15:00:00,77.52,1.152,80.41,830.0,3384.0,26,0
69,2024-01-01 16:00:00,76.94,2.27,83.12,875.9,3478.9,34,0
69,2024-01-01 17:00:00,80.56,1.783,82.36,863.8,3553.6,26,0
69,2024-01-01 18:00:00,78.75,2.027,82.23,885.8,3138.9,30,0
69,2024-01-01 19:00:00,77.16,1.995,84.72,909.2,3358.6,31,0
69,2024-01-01 20:00:00,78.97,1.534,80.57,892.2,3372.5,26,0
69,2024-01-01 21:00:00,78.95,1.345,84.91,885.4,3286.2,60,0
69,2024-01-01 22:00:00,79.33,1.89,78.32,907.6,3324.5,57,0
69,2024-01-01 23:00:00,78.3,1.744,80.74,808.6,3206.8,54,0
69,2024-01-02 00:00:00,82.71,2.153,83.51,846.3,3439.8,51,0
69,2024-01-02 01:00:00,84.69,2.082,80.16,885.7,3164.7,48,0
69,2024-01-02 02:00:00,78.07,2.508,78.81,808.5,3192.6,45,0
69,2024-01-02 03:00:00,81.84,2.472,85.61,874.9,3254.6,42,0
69,2024-01-02 04:00:00,83.01,1.669,79.73,887.5,3788.2,39,0
69,2024-01-02 05:00:00,79.03,2.031,73.59,849.2,3393.6,36,0
69,2024-01-02 06:00:00,87.82,2.406,69.96,940.5,3782.8,33,0
69,2024-01-02 07:00:00,86.29,2.958,76.87,958.1,3267.9,30,0
69,2024-01-02 08:00:00,85.06,2.701,82.87,825.0,3676.8,27,0
69,2024-01-02 09:00:00,88.49,2.553,86.23,877.0,3670.8,24,0
69,2024-01-02 10:00:00,87.94,3.307,79.37,814.5,3478.3,21,0
69,2024-01-02 11:00:00,93.62,2.623,80.12,845.5,3478.5,18,0
69,2024-01-02 12:00:00,95.95,2.214,83.33,840.5,3193.5,15,0
69,2024-01-02 13:00:00,86.33,4.149,81.84,901.5,3700.0,12,0
69,2024-01-02 14:00:00,90.45,3.239,82.03,751.0,3695.5,9,0
69,2024-01-02 15:00:00,96.93,3.32,71.02,772.4,3244.2,6,0
69,2024-01-02 16:00:00,98.98,4.788,74.21,862.8,3695.7,3,1
69,2024-01-02 17:00:00,95.55,2.336,72.9,786.5,3680.6,0,1
69,2024-01-02 18:00:00,101.86,4.738,90.28,928.1,3246.9,0,1
69,2024-01-02 19:00:00,95.12,4.429,85.03,872.1,3696.8,0,1
69,2024-01-02 20:00:00,103.28,2.625,70.12,738.4,3203.0,0,1
69,2024-01-02 21:00:00,98.04,3.29,84.81,927.9,3562.3,0,1
69,2024-01-02 22:00:00,93.86,4.803,77.7,745.4,3260.4,0,1
69,2024-01-02 23:00:00,91.12,3.063,81.93,774.3,3322.6,0,1
69,2024-01-03 00:00:00,98.91,2.294,91.44,1003.2,3353.6,0,1
69,2024-01-03 01:00:00,98.0,4.578,87.09,780.3,3681.0,0,1
70,2024-01-01 00:00:00,59.21,1.43,109.35,952.5,3525.6,30,0
70,2024-01-01 01:00:00,61.97,1.385,118.25,1010.9,3607.3,43,0
70,2024-01-01 02:00:00,63.42,1.879,113.68,886.7,3660.4,36,0
70,2024-01-01 03:00:00,61.64,1.383,111.21,921.9,3801.4,32,0
70,2024-01-01 04:00:00,63.03,2.26,112.49,896.3,3798.8,25,0
70,2024-01-01 05:00:00,63.09,1.664,112.68,904.4,3408.9,34,0
70,2024-01-01 06:00:00,61.56,1.245,119.42,910.4,3598.2,37,0
70,2024-01-01 07:00:00,62.09,1.413,121.06,894.2,3591.5,37,0
70,2024-01-01 08:00:00,61.72,1.66,118.94,922.7,3324.5,27,0
70,2024-01-01 09:00:00,63.29,1.314,116.34,923.3,3663.1,30,0
70,2024-01-01 10:00:00,61.66,1.405,114.57,932.9,3592.8,26,0
70,2024-01-01 11:00:00,60.52,1.975,115.59,890.6,3368.9,32,0
70,2024-01-01 12:00:00,65.2,1.389,113.76,989.5,3724.3,27,0
70,2024-01-01 13:00:00,62.29,1.284,115.51,976.4,3534.1,30,0
70,2024-01-01 14:00:00,62.4,1.677,117.86,984.1,3326.7,31,0
70,2024-01-01 15:00:00,60.24,1.776,111.29,956.1,3192.0,33,0
70,2024-01-01 16:00:00,62.26,0.959,120.27,915.1,3815.9,15,0
70,2024-01-01 17:00:00,65.18,1.52,116.36,927.1,3260.6,22,0
70,2024-01-01 18:00:00,63.66,1.115,116.17,898.6,3699.5,38,0
70,2024-01-01 19:00:00,63.74,1.82,114.64,895.5,3561.3,29,0
70,2024-01-01 20:00:00,63.83,1.194,117.08,986.5,3465.9,30,0
70,2024-01-01 21:00:00,61.47,1.899,113.38,916.9,3669.2,28,0
70,2024-01-01 22:00:00,59.69,1.576,120.21,927.9,3353.8,37,0
70,2024-01-01 23:00:00,64.03,1.222,111.84,935.0,3499.7,27,0
70,2024-01-02 00:00:00,61.33,0.959,118.6,909.8,3611.9,22,0
70,2024-01-02 01:00:00,65.11,1.118,116.65,916.9,3670.5,23,0
70,2024-01-02 02:00:00,62.0,0.958,112.36,878.7,3299.5,31,0
70,2024-01-02 03:00:00,60.95,1.817,116.7,905.7,3753.8,28,0
70,2024-01-02 04:00:00,60.08,2.081,118.2,953.5,3713.0,34,0
70,2024-01-02 05:00:00,62.71,1.868,118.28,946.3,3744.2,32,0
70,2024-01-02 06:00:00,61.71,1.425,115.42,906.3,3700.2,33,0
70,2024-01-02 07:00:00,65.79,1.171,125.51,943.5,3725.9,30,0
70,2024-01-02 08:00:00,62.97,1.691,107.42,919.0,3463.4,37,0
70,2024-01-02 09:00:00,63.06,1.041,113.4,961.3,3651.0,34,0
70,2024-01-02 10:00:00,60.01,1.242,113.19,916.9,3446.2,33,0
70,2024-01-02 11:00:00,62.94,1.53,118.01,896.2,3835.0,30,0
70,2024-01-02 12:00:00,61.7,1.059,117.85,911.8,3863.0,26,0
70,2024-01-02 13:00:00,62.26,1.78,113.03,919.9,3520.4,34,0
70,2024-01-02 14:00:00,63.0,1.589,119.4,863.9,3721.7,37,0
70,2024-01-02 15:00:00,62.05,1.187,119.93,902.4,3272.6,30,0
70,2024-01-02 16:00:00,62.93,1.251,114.44,910.0,3292.6,24,0
70,2024-01-02 17:00:00,62.98,1.762,122.24,940.4,3255.5,27,0
70,2024-01-02 18:00:00,59.55,1.695,117.83,960.6,3357.4,36,0
70,2024-01-02 19:00:00,63.58,1.899,118.69,942.9,3457.9,27,0
70,2024-01-02 20:00:00,64.01,1.585,114.3,927.5,3524.9,27,0
70,2024-01-02 21:00:00,59.23,1.183,120.6,895.0,3595.6,24,0
70,2024-01-02 22:00:00,62.74,1.424,114.61,941.2,3871.2,28,0
70,2024-01-02 23:00:00,61.35,1.545,115.52,944.1,3491.4,37,0
70,2024-01-03 00:00:00,60.81,1.479,111.98,925.3,3793.0,26,0
70,2024-01-03 01:00:00,64.09,2.243,113.28,932.2,3261.4,25,0
71,2024-01-01 00:00:00,64.87,1.271,85.51,947.2,3212.9,18,0
71,2024-01-01 01:00:00,63.1,1.352,84.94,943.2,3831.0,31,0
71,2024-01-01 02:00:00,65.43,1.544,85.37,955.9,3441.0,39,0
71,2024-01-01 03:00:00,63.09,1.601,84.28,946.9,3551.7,35,0
71,2024-01-01 04:00:00,64.7,1.8,85.51,937.9,3899.1,26,0
71,2024-01-01 05:00:00,68.43,1.591,82.62,907.5,3312.1,43,0
71,2024-01-01 06:00:00,64.5,1.328,88.25,962.5,3308.9,34,0
71,2024-01-01 07:00:00,66.68,1.793,86.21,971.4,3450.9,25,0
71,2024-01-01 08:00:00,64.93,1.566,88.96,1013.0,3885.2,42,0
71,2024-01-01 09:00:00,68.17,1.329,80.92,917.6,3603.2,24,0
71,2024-01-01 10:00:00,68.09,1.558,82.77,935.0,3328.5,35,0
71,2024-01-01 11:00:00,66.56,1.044,88.76,979.8,3826.3,33,0
71,2024-01-01 12:00:00,65.26,1.516,81.53,915.0,3740.3,35,0
71,2024-01-01 13:00:00,62.81,1.522,84.96,960.9,3752.8,34,0
71,2024-01-01 14:00:00,69.3,1.244,86.58,918.7,3501.6,22,0
71,2024-01-01 15:00:00,64.58,1.543,83.38,976.0,3787.4,33,0
71,2024-01-01 16:00:00,65.82,1.402,82.47,934.5,3411.9,42,0
71,2024-01-01 17:00:00,67.08,1.449,88.68,906.6,3335.3,32,0
71,2024-01-01 18:00:00,66.46,1.667,78.56,941.6,3618.2,31,0
71,2024-01-01 19:00:00,66.53,1.774,85.15,971.3,3473.9,28,0
71,2024-01-01 20:00:00,66.56,1.714,92.38,963.1,3494.6,33,0
71,2024-01-01 21:00:00,68.11,1.484,84.95,952.9,3798.4,30,0
71,2024-01-01 22:00:00,65.24,1.289,87.67,899.6,3829.7,34,0
71,2024-01-01 23:00:00,67.54,1.519,81.4,950.3,3513.0,27,0
71,2024-01-02 00:00:00,63.56,0.818,86.04,957.3,3835.7,33,0
71,2024-01-02 01:00:00,64.53,1.303,87.96,951.9,3237.1,39,0
71,2024-01-02 02:00:00,64.48,0.986,90.13,912.7,3303.8,28,0
71,2024-01-02 03:00:00,65.36,1.566,82.34,946.5,3784.0,25,0
71,2024-01-02 04:00:00,67.44,1.703,88.98,943.6,3914.4,33,0
71,2024-01-02 05:00:00,64.17,1.65,84.67,963.3,3861.5,33,0
71,2024-01-02 06:00:00,64.48,1.239,84.17,878.7,3419.9,60,0
71,2024-01-02 07:00:00,65.1,1.453,82.02,959.7,3389.6,57,0
71,2024-01-02 08:00:00,66.13,1.655,84.54,951.4,3268.1,54,0
71,2024-01-02 09:00:00,66.4,1.117,79.48,914.0,3251.1,51,0
71,2024-01-02 10:00:00,72.08,1.543,86.58,916.6,3746.8,48,0
71,2024-01-02 11:00:00,74.86,2.042,89.54,994.5,3666.4,45,0
71,2024-01-02 12:00:00,71.91,2.564,84.3,891.5,3228.4,42,0
71,2024-01-02 13:00:00,68.22,1.901,88.22,974.6,3481.1,39,0
71,2024-01-02 14:00:00,72.29,2.303,80.17,975.2,3436.0,36,0
71,2024-01-02 15:00:00,80.28,2.464,82.83,800.2,3602.1,33,0
71,2024-01-02 16:00:00,75.23,2.311,85.31,888.2,3446.0,30,0
71,2024-01-02 17:00:00,82.11,2.953,80.95,882.4,3417.2,27,0
71,2024-01-02 18:00:00,77.23,3.853,87.75,946.6,3883.3,24,0
71,2024-01-02 19:00:00,74.69,2.928,97.13,848.9,3902.8,21,1
71,2024-01-02 20:00:00,77.91,3.907,96.48,960.3,3784.4,18,1
71,2024-01-02 21:00:00,82.37,3.891,77.8,804.0,3357.7,15,1
71,2024-01-02 22:00:00,91.15,3.175,86.42,932.3,3494.9,12,1
71,2024-01-02 23:00:00,80.9,4.891,80.12,1009.0,3356.5,9,1
71,2024-01-03 00:00:00,82.89,4.283,79.86,788.6,3922.0,6,1
71,2024-01-03 01:00:00,83.25,3.401,79.12,866.1,3897.7,3,1
72,2024-01-01 00:00:00,71.66,1.45,105.26,1337.4,3453.7,35,0
72,2024-01-01 01:00:00,70.87,1.278,108.71,1302.1,3378.3,20,0
72,2024-01-01 02:00:00,69.15,0.756,105.08,1331.8,3507.7,25,0
72,2024-01-01 03:00:00,70.05,1.38,101.12,1276.9,3243.2,44,0
72,2024-01-01 04:00:00,70.39,0.905,106.62,1327.5,3794.3,24,0
72,2024-01-01 05:00:00,71.1,1.624,102.19,1361.9,3680.8,37,0
72,2024-01-01 06:00:00,69.95,1.335,108.39,1360.9,3286.3,38,0
72,2024-01-01 07:00:00,70.45,1.733,103.34,1359.1,3385.8,34,0
72,2024-01-01 08:00:00,72.06,1.642,103.09,1301.8,3483.9,33,0
72,2024-01-01 09:00:00,69.98,1.001,108.67,1319.5,3412.8,24,0
72,2024-01-01 10:00:00,70.22,1.064,103.76,1332.0,3518.4,33,0
72,2024-01-01 11:00:00,70.15,1.475,103.36,1352.2,3726.8,27,0
72,2024-01-01 12:00:00,71.04,0.666,108.44,1293.0,3872.3,27,0
72,2024-01-01 13:00:00,68.83,1.194,107.58,1290.0,3619.5,28,0
72,2024-01-01 14:00:00,70.79,1.159,110.87,1294.7,3551.4,24,0
72,2024-01-01 15:00:00,70.49,1.264,105.85,1371.5,3940.5,23,0
72,2024-01-01 16:00:00,69.2,1.688,106.32,1285.2,3884.6,38,0
72,2024-01-01 17:00:00,70.55,0.836,100.55,1338.2,3790.5,25,0
72,2024-01-01 18:00:00,67.35,0.972,105.79,1375.9,3369.3,24,0
72,2024-01-01 19:00:00,68.0,1.226,103.96,1349.9,3668.5,23,0
72,2024-01-01 20:00:00,68.93,1.151,107.24,1337.7,3321.0,26,0
72,2024-01-01 21:00:00,71.3,1.222,106.84,1335.3,3482.3,31,0
72,2024-01-01 22:00:00,69.14,1.623,105.5,1357.9,3714.8,34,0
72,2024-01-01 23:00:00,69.92,0.945,105.18,1314.8,3652.2,45,0
72,2024-01-02 00:00:00,71.4,1.657,107.5,1344.4,3528.8,28,0
72,2024-01-02 01:00:00,70.32,1.453,106.08,1330.2,3874.0,25,0
72,2024-01-02 02:00:00,70.53,1.089,109.32,1283.0,3386.5,27,0
72,2024-01-02 03:00:00,72.15,1.331,108.21,1349.1,3454.9,29,0
72,2024-01-02 04:00:00,69.43,1.221,99.5,1339.9,3313.9,21,0
72,2024-01-02 05:00:00,71.11,1.597,108.22,1330.0,3419.0,27,0
72,2024-01-02 06:00:00,71.71,1.78,105.0,1345.0,3787.3,24,0
72,2024-01-02 07:00:00,70.33,1.043,110.92,1304.6,3347.1,23,0
72,2024-01-02 08:00:00,70.84,1.421,100.37,1291.6,3871.5,28,0
72,2024-01-02 09:00:00,71.01,1.422,104.59,1330.7,3388.0,31,0
72,2024-01-02 10:00:00,69.56,1.524,102.9,1319.7,3948.8,28,0
72,2024-01-02 11:00:00,71.03,1.056,105.94,1366.1,3599.0,32,0
72,2024-01-02 12:00:00,72.96,1.147,106.11,1345.4,3341.5,37,0
72,2024-01-02 13:00:00,73.03,1.311,112.6,1367.3,3697.1,35,0
72,2024-01-02 14:00:00,70.62,0.927,103.03,1329.9,3758.2,35,0
72,2024-01-02 15:00:00,71.33,1.683,106.51,1345.4,3850.8,27,0
72,2024-01-02 16:00:00,70.65,1.244,105.51,1332.9,3390.8,37,0
72,2024-01-02 17:00:00,71.23,0.521,103.96,1315.8,3422.3,40,0
72,2024-01-02 18:00:00,68.71,1.576,106.94,1305.5,3391.9,27,0
72,2024-01-02 19:00:00,72.12,1.478,103.12,1359.6,3791.0,39,0
72,2024-01-02 20:00:00,70.85,1.017,106.87,1382.2,3487.1,25,0
72,2024-01-02 21:00:00,70.04,1.438,111.64,1361.0,3950.6,41,0
72,2024-01-02 22:00:00,68.6,1.693,106.93,1342.5,3631.3,22,0
72,2024-01-02 23:00:00,70.71,1.759,101.67,1345.5,3402.0,34,0
72,2024-01-03 00:00:00,72.05,1.566,113.01,1332.8,3670.6,25,0
72,2024-01-03 01:00:00,70.08,1.729,104.46,1302.6,3926.9,31,0
73,2024-01-01 00:00:00,80.82,0.859,85.25,1080.8,3550.5,31,0
73,2024-01-01 01:00:00,78.49,0.924,83.76,1020.7,3297.1,29,0
73,2024-01-01 02:00:00,78.91,1.145,83.68,1101.7,3456.5,29,0
73,2024-01-01 03:00:00,80.39,1.312,85.25,1052.9,3801.7,27,0
73,2024-01-01 04:00:00,82.62,1.123,80.89,1046.3,3520.3,31,0
73,2024-01-01 05:00:00,81.7,2.245,85.17,1010.4,3713.1,25,0
73,2024-01-01 06:00:00,77.33,1.326,88.07,1094.2,3954.4,34,0
73,2024-01-01 07:00:00,80.48,0.962,78.54,1064.0,3472.5,23,0
73,2024-01-01 08:00:00,79.78,1.269,80.15,1008.4,3843.8,25,0
73,2024-01-01 09:00:00,80.38,1.393,82.47,1048.0,3741.2,32,0
73,2024-01-01 10:00:00,78.41,1.505,87.64,1077.3,3388.2,26,0
73,2024-01-01 11:00:00,76.13,1.444,88.8,1068.8,3484.0,35,0
73,2024-01-01 12:00:00,80.27,1.94,86.51,1044.3,3572.7,29,0
73,2024-01-01 13:00:00,83.45,1.414,88.31,1085.5,3372.7,35,0
73,2024-01-01 14:00:00,81.78,1.86,85.02,1039.8,3534.9,24,0
73,2024-01-01 15:00:00,80.62,1.117,86.48,1037.4,3802.0,40,0
73,2024-01-01 16:00:00,82.89,1.339,80.97,1063.3,3944.1,35,0
73,2024-01-01 17:00:00,78.86,1.222,86.66,1055.6,3713.7,32,0
73,2024-01-01 18:00:00,81.23,1.382,84.82,1074.5,3912.1,31,0
73,2024-01-01 19:00:00,78.99,1.568,90.36,1047.6,3482.9,31,0
73,2024-01-01 20:00:00,86.27,1.752,76.63,1073.9,3869.2,29,0
73,2024-01-01 21:00:00,80.89,1.82,83.22,1089.5,3619.2,23,0
73,2024-01-01 22:00:00,81.36,1.355,74.63,1033.9,3508.7,36,0
73,2024-01-01 23:00:00,82.11,1.162,90.62,1035.5,3335.7,38,0
73,2024-01-02 00:00:00,84.1,0.685,77.14,1069.8,3859.7,37,0
73,2024-01-02 01:00:00,78.54,1.416,84.87,1045.9,3412.2,23,0
73,2024-01-02 02:00:00,81.47,0.938,80.32,1006.4,3400.1,30,0
73,2024-01-02 03:00:00,80.8,1.705,82.61,1067.9,3626.3,31,0
73,2024-01-02 04:00:00,78.97,1.475,82.65,1068.2,3488.6,31,0
73,2024-01-02 05:00:00,80.53,1.37,82.74,1009.9,3755.5,31,0
73,2024-01-02 06:00:00,77.88,1.12,80.73,1082.7,3504.8,34,0
73,2024-01-02 07:00:00,77.13,1.41,82.46,1075.9,3315.7,21,0
73,2024-01-02 08:00:00,82.76,1.358,87.05,1052.7,3669.4,37,0
73,2024-01-02 09:00:00,80.72,1.493,84.44,1099.5,3636.6,38,0
73,2024-01-02 10:00:00,81.16,1.204,79.2,1050.2,3592.5,39,0
73,2024-01-02 11:00:00,80.53,1.228,85.41,1005.4,3849.2,41,0
73,2024-01-02 12:00:00,79.1,1.493,89.95,1051.7,3652.0,34,0
73,2024-01-02 13:00:00,77.54,0.934,83.28,1095.8,3404.6,27,0
73,2024-01-02 14:00:00,78.2,0.968,82.42,1044.3,3905.3,26,0
73,2024-01-02 15:00:00,82.27,1.151,81.44,1073.3,3773.2,25,0
73,2024-01-02 16:00:00,78.17,1.307,89.26,1091.2,4047.5,23,0
73,2024-01-02 17:00:00,80.69,1.839,86.38,1059.8,3350.2,32,0
73,2024-01-02 18:00:00,81.17,1.355,79.4,1077.6,3669.8,23,0
73,2024-01-02 19:00:00,79.06,1.389,83.76,1053.2,3785.9,28,0
73,2024-01-02 20:00:00,83.77,1.356,83.71,1018.0,3929.8,22,0
73,2024-01-02 21:00:00,79.35,1.316,78.76,1065.0,3595.0,39,0
73,2024-01-02 22:00:00,81.67,1.741,79.81,1064.2,3626.0,30,0
73,2024-01-02 23:00:00,77.83,1.071,92.61,1077.9,3970.2,37,0
73,2024-01-03 00:00:00,78.5,1.099,87.99,1030.2,3583.7,30,0
73,2024-01-03 01:00:00,78.08,1.028,85.48,1089.4,3370.6,32,0
74,2024-01-01 00:00:00,71.46,1.841,85.16,1259.3,3399.5,42,0
74,2024-01-01 01:00:00,71.2,1.49,81.6,1232.4,3787.4,33,0
74,2024-01-01 02:00:00,72.26,2.443,80.99,1231.2,3769.5,34,0
74,2024-01-01 03:00:00,73.67,1.493,82.53,1239.0,3918.2,33,0
74,2024-01-01 04:00:00,76.95,1.835,85.04,1208.2,3858.8,30,0
74,2024-01-01 05:00:00,73.32,1.752,85.6,1175.5,3406.1,35,0
74,2024-01-01 06:00:00,75.4,1.32,83.19,1207.1,3748.4,32,0
74,2024-01-01 07:00:00,75.98,1.819,84.46,1201.9,3471.4,28,0
74,2024-01-01 08:00:00,73.29,1.81,78.38,1195.4,3600.2,38,0
74,2024-01-01 09:00:00,72.77,2.191,80.07,1152.5,3399.4,30,0
74,2024-01-01 10:00:00,77.3,1.703,82.23,1221.9,3667.7,34,0
74,2024-01-01 11:00:00,70.35,1.746,79.69,1216.9,3558.9,39,0
74,2024-01-01 12:00:00,73.23,2.426,85.37,1236.7,3475.0,26,0
74,2024-01-01 13:00:00,75.14,1.97,84.21,1152.2,3617.5,22,0
74,2024-01-01 14:00:00,72.4,1.695,82.94,1229.9,3729.8,33,0
74,2024-01-01 15:00:00,71.07,1.99,79.58,1209.2,3660.7,37,0
74,2024-01-01 16:00:00,72.1,1.525,88.87,1206.6,3426.0,26,0
74,2024-01-01 17:00:00,70.76,1.378,83.29,1208.3,3529.8,22,0
74,2024-01-01 18:00:00,73.15,2.225,78.48,1260.2,3522.1,33,0
74,2024-01-01 19:00:00,70.83,1.283,78.98,1264.1,3422.2,29,0
74,2024-01-01 20:00:00,73.16,2.023,82.41,1186.9,4038.2,20,0
74,2024-01-01 21:00:00,71.55,1.831,81.87,1178.8,3506.6,28,0
74,2024-01-01 22:00:00,70.97,1.377,84.01,1185.2,3976.9,38,0
74,2024-01-01 23:00:00,78.45,1.904,82.38,1288.3,3985.6,41,0
74,2024-01-02 00:00:00,72.25,2.557,83.14,1250.4,3864.4,45,0
74,2024-01-02 01:00:00,72.56,1.786,83.54,1240.8,3391.2,31,0
74,2024-01-02 02:00:00,69.03,1.983,83.88,1241.3,4000.2,39,0
74,2024-01-02 03:00:00,73.48,1.448,80.15,1207.4,3376.1,34,0
74,2024-01-02 04:00:00,71.92,1.636,82.22,1148.7,3954.1,40,0
74,2024-01-02 05:00:00,72.12,1.494,79.45,1244.7,3489.2,21,0
74,2024-01-02 06:00:00,74.13,2.46,83.51,1219.5,3582.4,30,0
74,2024-01-02 07:00:00,72.83,1.664,88.54,1266.4,3827.5,26,0
74,2024-01-02 08:00:00,71.36,1.762,81.13,1238.0,3704.3,21,0
74,2024-01-02 09:00:00,72.18,1.501,88.89,1231.3,3777.1,28,0
74,2024-01-02 10:00:00,73.58,2.132,83.43,1196.4,3592.8,30,0
74,2024-01-02 11:00:00,72.01,1.873,84.35,1200.4,3457.7,24,0
74,2024-01-02 12:00:00,70.93,1.857,85.75,1227.4,4036.8,25,0
74,2024-01-02 13:00:00,72.21,1.847,77.07,1214.3,4100.3,27,0
74,2024-01-02 14:00:00,73.22,1.315,79.55,1276.6,3381.1,30,0
74,2024-01-02 15:00:00,71.85,1.835,79.9,1222.9,3763.3,32,0
74,2024-01-02 16:00:00,74.39,1.871,78.83,1297.8,3920.4,30,0
74,2024-01-02 17:00:00,76.13,1.421,85.23,1227.0,3736.9,24,0
74,2024-01-02 18:00:00,72.81,1.514,81.67,1235.4,3837.6,22,0
74,2024-01-02 19:00:00,69.16,2.051,87.73,1241.8,3957.8,27,0
74,2024-01-02 20:00:00,69.93,2.087,81.07,1251.0,3801.0,27,0
74,2024-01-02 21:00:00,78.21,1.668,84.69,1246.5,3888.1,26,0
74,2024-01-02 22:00:00,69.13,1.721,78.51,1205.7,3436.1,38,0
74,2024-01-02 23:00:00,72.48,1.753,82.82,1187.5,3493.5,35,0
74,2024-01-03 00:00:00,71.91,1.909,82.68,1250.3,3940.7,24,0
74,2024-01-03 01:00:00,70.25,1.702,86.3,1218.5,3770.6,22,0
75,2024-01-01 00:00:00,69.51,1.212,92.92,954.9,4005.9,42,0
75,2024-01-01 01:00:00,71.51,1.624,94.87,994.0,4072.4,35,0
75,2024-01-01 02:00:00,66.88,1.493,96.07,1006.5,3582.5,30,0
75,2024-01-01 03:00:00,68.13,1.398,100.09,1035.6,4099.9,29,0
75,2024-01-01 04:00:00,67.62,1.364,96.75,1036.8,3796.5,38,0
75,2024-01-01 05:00:00,70.69,1.684,96.79,997.5,3866.2,35,0
75,2024-01-01 06:00:00,69.21,1.462,95.71,996.8,3476.6,33,0
75,2024-01-01 07:00:00,72.31,1.226,96.5,1007.7,3547.2,36,0
75,2024-01-01 08:00:00,71.23,1.073,94.56,998.2,4030.5,27,0
75,2024-01-01 09:00:00,72.26,1.186,97.01,1047.3,3863.3,33,0
75,2024-01-01 10:00:00,71.77,0.712,92.64,919.7,3810.2,36,0
75,2024-01-01 11:00:00,67.88,1.247,98.69,1026.1,3903.9,31,0
75,2024-01-01 12:00:00,71.2,1.174,93.4,1026.1,3988.7,37,0
75,2024-01-01 13:00:00,71.71,1.134,94.46,989.5,3727.9,26,0
75,2024-01-01 14:00:00,69.08,0.94,95.43,998.4,3459.6,24,0
75,2024-01-01 15:00:00,70.72,0.782,97.99,1011.0,3964.6,23,0
75,2024-01-01 16:00:00,71.0,1.144,97.13,969.9,3418.0,29,0
75,2024-01-01 17:00:00,73.62,1.191,98.69,1092.1,3983.9,30,0
75,2024-01-01 18:00:00,70.34,0.51,96.19,1016.8,3468.7,23,0
75,2024-01-01 19:00:00,70.32,1.112,96.79,984.2,3865.4,38,0
75,2024-01-01 20:00:00,67.28,1.206,101.17,983.5,3958.1,32,0
75,2024-01-01 21:00:00,64.13,0.773,90.31,961.7,3855.5,27,0
75,2024-01-01 22:00:00,72.89,1.29,90.03,1050.8,4117.4,29,0
75,2024-01-01 23:00:00,69.95,1.03,99.6,1031.5,3844.9,23,0
75,2024-01-02 00:00:00,73.54,1.529,94.21,1020.7,3897.5,35,0
75,2024-01-02 01:00:00,73.22,1.159,99.61,1043.4,3839.4,35,0
75,2024-01-02 02:00:00,70.33,0.909,93.69,1037.2,4022.1,24,0
75,2024-01-02 03:00:00,68.07,1.392,95.72,1041.0,3840.6,32,0
75,2024-01-02 04:00:00,69.96,1.028,99.15,993.3,3709.4,26,0
75,2024-01-02 05:00:00,71.37,1.225,91.58,990.9,4006.4,22,0
75,2024-01-02 06:00:00,72.18,1.005,97.14,1008.8,3797.0,26,0
75,2024-01-02 07:00:00,71.43,1.541,94.48,1025.6,4067.3,33,0
75,2024-01-02 08:00:00,71.41,1.4,96.99,963.1,3476.3,23,0
75,2024-01-02 09:00:00,70.71,0.852,102.75,1010.4,3944.5,32,0
75,2024-01-02 10:00:00,74.03,1.507,95.66,1000.3,3694.5,37,0
75,2024-01-02 11:00:00,72.93,1.282,96.8,995.7,3868.1,31,0
75,2024-01-02 12:00:00,69.02,1.054,99.42,989.8,3558.5,35,0
75,2024-01-02 13:00:00,71.23,1.266,100.29,1040.2,4096.7,37,0
75,2024-01-02 14:00:00,68.84,1.423,95.2,1029.7,3695.0,35,0
75,2024-01-02 15:00:00,68.42,1.173,100.18,1007.0,3455.0,27,0
75,2024-01-02 16:00:00,68.55,1.373,92.66,988.1,3464.7,45,0
75,2024-01-02 17:00:00,72.53,1.098,98.5,1056.9,3837.1,32,0
75,2024-01-02 18:00:00,70.09,1.417,97.84,1038.0,3664.6,31,0
75,2024-01-02 19:00:00,71.19,0.657,101.4,1001.3,3462.1,18,0
75,2024-01-02 20:00:00,73.42,1.184,97.12,1015.1,3868.4,43,0
75,2024-01-02 21:00:00,70.45,1.335,100.24,998.5,3780.7,30,0
75,2024-01-02 22:00:00,69.89,1.36,100.2,996.8,3993.8,30,0
75,2024-01-02 23:00:00,69.19,1.501,97.01,960.2,3580.3,25,0
75,2024-01-03 00:00:00,72.52,1.037,95.27,980.5,3418.8,24,0
75,2024-01-03 01:00:00,73.27,1.341,99.29,1050.5,4124.5,24,0
76,2024-01-01 00:00:00,60.49,2.124,103.42,1498.4,4100.8,30,0
76,2024-01-01 01:00:00,61.07,1.751,99.89,1429.1,3912.3,28,0
76,2024-01-01 02:00:00,56.92,2.023,100.8,1473.3,3885.6,32,0
76,2024-01-01 03:00:00,63.1,1.852,102.37,1484.9,3562.7,25,0
76,2024-01-01 04:00:00,60.16,1.543,97.76,1427.7,3726.2,34,0
76,2024-01-01 05:00:00,65.4,1.716,103.47,1461.5,3893.7,34,0
76,2024-01-01 06:00:00,62.4,1.941,96.53,1465.4,3463.9,29,0
76,2024-01-01 07:00:00,58.3,2.082,94.84,1495.4,4182.6,43,0
76,2024-01-01 08:00:00,61.79,2.119,103.24,1418.6,3891.5,31,0
76,2024-01-01 09:00:00,64.36,1.748,98.18,1388.6,3599.6,26,0
76,2024-01-01 10:00:00,62.22,1.954,105.39,1442.8,3729.1,37,0
76,2024-01-01 11:00:00,60.83,2.449,100.61,1460.0,3991.3,36,0
76,2024-01-01 12:00:00,66.21,1.781,97.79,1441.8,3759.7,22,0
76,2024-01-01 13:00:00,61.89,2.2,97.28,1470.1,3902.0,30,0
76,2024-01-01 14:00:00,63.45,2.602,99.71,1378.1,3592.6,40,0
76,2024-01-01 15:00:00,62.94,1.805,97.3,1400.5,4039.5,35,0
76,2024-01-01 16:00:00,62.27,1.662,98.4,1453.2,3879.3,19,0
76,2024-01-01 17:00:00,58.82,2.016,99.46,1378.9,3971.8,27,0
76,2024-01-01 18:00:00,63.34,1.879,100.93,1430.3,3607.8,32,0
76,2024-01-01 19:00:00,58.7,1.782,101.3,1406.8,3887.3,20,0
76,2024-01-01 20:00:00,62.39,1.755,94.34,1453.9,3946.6,29,0
76,2024-01-01 21:00:00,62.18,2.117,89.09,1440.3,3797.8,30,0
76,2024-01-01 22:00:00,59.1,1.688,96.84,1422.9,3811.5,36,0
76,2024-01-01 23:00:00,64.28,1.46,97.39,1459.0,3856.5,19,0
76,2024-01-02 00:00:00,58.58,1.623,95.48,1437.0,4112.4,40,0
76,2024-01-02 01:00:00,63.91,2.045,95.42,1444.1,3918.9,34,0
76,2024-01-02 02:00:00,62.48,1.793,103.83,1374.5,3588.5,38,0
76,2024-01-02 03:00:00,63.05,1.721,97.06,1382.8,3879.8,33,0
76,2024-01-02 04:00:00,61.66,1.996,96.64,1414.4,3782.3,32,0
76,2024-01-02 05:00:00,59.18,1.799,99.92,1386.0,4135.8,40,0
76,2024-01-02 06:00:00,58.76,2.216,99.8,1400.2,3741.9,22,0
76,2024-01-02 07:00:00,59.68,1.537,98.74,1450.3,4023.8,24,0
76,2024-01-02 08:00:00,60.17,1.77,95.71,1468.3,4040.9,25,0
76,2024-01-02 09:00:00,57.73,1.488,97.65,1426.5,3539.0,32,0
76,2024-01-02 10:00:00,61.23,1.612,99.77,1433.7,4091.6,32,0
76,2024-01-02 11:00:00,59.56,2.527,97.86,1366.0,3473.3,26,0
76,2024-01-02 12:00:00,64.38,1.807,98.25,1441.5,4081.3,26,0
76,2024-01-02 13:00:00,58.48,2.151,92.76,1411.8,3802.6,33,0
76,2024-01-02 14:00:00,60.41,1.95,96.63,1454.0,4015.0,25,0
76,2024-01-02 15:00:00,63.24,2.099,100.24,1394.0,3516.7,39,0
76,2024-01-02 16:00:00,61.96,2.169,102.53,1463.7,3969.3,28,0
76,2024-01-02 17:00:00,62.43,1.652,99.21,1441.8,3719.3,45,0
76,2024-01-02 18:00:00,62.88,1.803,98.36,1401.7,3870.3,34,0
76,2024-01-02 19:00:00,60.59,1.96,94.33,1469.3,4180.7,31,0
76,2024-01-02 20:00:00,64.48,1.847,97.73,1479.3,4030.5,27,0
76,2024-01-02 21:00:00,63.36,1.882,102.57,1462.7,3993.1,31,0
76,2024-01-02 22:00:00,64.12,1.548,96.3,1446.9,3978.3,30,0
76,2024-01-02 23:00:00,63.71,1.863,96.98,1461.4,4210.4,34,0
76,2024-01-03 00:00:00,62.92,1.939,97.0,1459.8,4218.8,37,0
76,2024-01-03 01:00:00,66.41,1.577,104.06,1457.0,4018.2,33,0
77,2024-01-01 00:00:00,66.13,1.174,83.14,1415.1,4120.9,20,0
77,2024-01-01 01:00:00,65.04,1.008,85.95,1373.5,4120.6,22,0
77,2024-01-01 02:00:00,64.65,0.956,85.74,1408.4,3871.3,31,0
77,2024-01-01 03:00:00,64.12,0.817,86.2,1398.1,4200.8,36,0
77,2024-01-01 04:00:00,67.09,0.533,81.92,1371.0,4070.1,33,0
77,2024-01-01 05:00:00,68.03,0.399,84.87,1351.7,3861.8,41,0
77,2024-01-01 06:00:00,66.48,1.08,81.02,1414.1,4201.6,28,0
77,2024-01-01 07:00:00,66.36,0.724,85.37,1388.4,3820.7,30,0
77,2024-01-01 08:00:00,66.13,0.386,84.4,1417.1,3872.7,33,0
77,2024-01-01 09:00:00,65.52,0.508,88.22,1446.5,3473.4,23,0
77,2024-01-01 10:00:00,67.18,0.96,89.7,1388.1,4069.6,33,0
77,2024-01-01 11:00:00,66.52,0.267,83.18,1380.2,4150.2,30,0
77,2024-01-01 12:00:00,65.45,0.804,86.49,1412.9,4230.6,26,0
77,2024-01-01 13:00:00,67.86,0.81,85.65,1406.9,4193.3,39,0
77,2024-01-01 14:00:00,67.27,0.82,90.33,1379.0,4149.9,31,0
77,2024-01-01 15:00:00,66.17,0.746,84.78,1419.0,3661.1,27,0
77,2024-01-01 16:00:00,68.73,0.067,91.49,1425.1,3755.1,25,0
77,2024-01-01 17:00:00,63.13,0.468,82.6,1429.3,3995.3,26,0
77,2024-01-01 18:00:00,63.04,0.413,82.26,1451.0,4222.1,33,0
77,2024-01-01 19:00:00,67.23,0.897,84.95,1379.6,3828.4,34,0
77,2024-01-01 20:00:00,68.08,0.894,87.99,1423.8,3906.0,27,0
77,2024-01-01 21:00:00,66.99,1.312,87.58,1388.9,3583.1,27,0
77,2024-01-01 22:00:00,64.68,0.639,87.07,1437.6,4134.3,26,0
77,2024-01-01 23:00:00,68.86,0.666,83.04,1430.6,4004.0,33,0
77,2024-01-02 00:00:00,63.33,0.422,85.29,1401.4,4097.7,31,0
77,2024-01-02 01:00:00,64.57,0.621,81.87,1435.6,3589.8,25,0
77,2024-01-02 02:00:00,65.37,0.353,84.17,1377.4,4087.0,30,0
77,2024-01-02 03:00:00,66.19,0.574,81.66,1399.7,3592.7,22,0
77,2024-01-02 04:00:00,66.56,0.384,89.93,1370.7,3928.1,29,0
77,2024-01-02 05:00:00,66.44,1.12,84.24,1380.4,3796.1,25,0
77,2024-01-02 06:00:00,65.68,0.794,85.76,1398.5,3961.2,38,0
77,2024-01-02 07:00:00,65.53,1.001,82.05,1394.9,3875.7,38,0
77,2024-01-02 08:00:00,66.09,0.749,85.13,1393.5,4050.0,27,0
77,2024-01-02 09:00:00,69.49,0.247,85.04,1400.9,3918.6,33,0
77,2024-01-02 10:00:00,69.68,0.289,80.75,1412.5,3580.8,30,0
77,2024-01-02 11:00:00,68.45,0.001,83.99,1463.2,3828.9,26,0
77,2024-01-02 12:00:00,67.48,0.625,81.39,1429.9,3991.2,25,0
77,2024-01-02 13:00:00,65.6,0.53,89.89,1346.6,4193.9,30,0
77,2024-01-02 14:00:00,67.49,0.644,90.97,1421.4,3608.4,20,0
77,2024-01-02 15:00:00,69.97,0.762,89.28,1437.3,3749.1,28,0
77,2024-01-02 16:00:00,69.68,0.469,82.91,1425.6,3995.6,27,0
77,2024-01-02 17:00:00,61.6,1.033,86.41,1409.8,4268.4,34,0
77,2024-01-02 18:00:00,69.4,1.158,86.42,1361.6,3730.8,27,0
77,2024-01-02 19:00:00,62.46,0.601,87.71,1395.8,3933.8,24,0
77,2024-01-02 20:00:00,66.82,0.549,85.49,1394.3,3514.6,34,0
77,2024-01-02 21:00:00,62.57,0.892,85.93,1436.7,4168.0,37,0
77,2024-01-02 22:00:00,67.07,0.452,83.8,1375.8,4285.4,33,0
77,2024-01-02 23:00:00,65.49,0.72,86.46,1389.7,3557.8,26,0
77,2024-01-03 00:00:00,65.34,0.404,86.99,1382.2,3762.9,24,0
77,2024-01-03 01:00:00,66.19,0.801,87.65,1358.7,4108.9,33,0
78,2024-01-01 00:00:00,75.95,0.469,84.84,1361.5,4009.5,28,0
78,2024-01-01 01:00:00,75.91,0.8,86.59,1250.8,3752.5,28,0
78,2024-01-01 02:00:00,79.47,0.702,91.65,1290.4,4027.7,28,0
78,2024-01-01 03:00:00,74.49,0.948,81.29,1268.1,3751.0,33,0
78,2024-01-01 04:00:00,79.4,0.86,88.14,1304.1,3987.5,30,0
78,2024-01-01 05:00:00,76.08,1.048,91.16,1272.6,3871.4,31,0
78,2024-01-01 06:00:00,80.28,1.321,81.74,1340.4,3626.4,30,0
78,2024-01-01 07:00:00,76.85,1.215,88.51,1335.0,3624.7,28,0
78,2024-01-01 08:00:00,78.57,1.217,87.21,1280.0,3532.1,22,0
78,2024-01-01 09:00:00,77.36,1.267,86.12,1290.1,3798.9,27,0
78,2024-01-01 10:00:00,77.28,1.137,85.31,1340.3,4048.4,25,0
78,2024-01-01 11:00:00,78.26,0.969,87.58,1267.8,3751.4,36,0
78,2024-01-01 12:00:00,80.0,0.887,84.85,1344.0,3688.2,31,0
78,2024-01-01 13:00:00,76.72,0.367,86.43,1344.3,4202.6,25,0
78,2024-01-01 14:00:00,78.19,0.796,85.57,1289.0,3570.9,35,0
78,2024-01-01 15:00:00,79.31,0.906,88.06,1287.4,3622.0,31,0
78,2024-01-01 16:00:00,78.05,0.802,83.7,1357.0,3880.8,42,0
78,2024-01-01 17:00:00,80.1,0.923,84.68,1302.9,3785.1,34,0
78,2024-01-01 18:00:00,78.95,0.508,86.45,1300.1,3621.0,32,0
78,2024-01-01 19:00:00,74.72,0.389,86.21,1302.4,4287.7,32,0
78,2024-01-01 20:00:00,81.29,1.155,82.9,1348.5,3575.2,34,0
78,2024-01-01 21:00:00,79.17,1.226,86.68,1340.0,3919.4,30,0
78,2024-01-01 22:00:00,75.41,0.894,94.1,1283.4,4297.0,39,0
78,2024-01-01 23:00:00,74.21,1.39,92.79,1288.9,4137.9,29,0
78,2024-01-02 00:00:00,76.96,0.587,92.85,1286.4,3554.5,31,0
78,2024-01-02 01:00:00,74.66,0.285,89.76,1338.1,4248.2,29,0
78,2024-01-02 02:00:00,74.37,1.525,87.19,1318.6,4029.0,36,0
78,2024-01-02 03:00:00,78.2,0.835,86.73,1280.1,3673.5,32,0
78,2024-01-02 04:00:00,77.71,0.774,86.59,1309.9,3537.7,35,0
78,2024-01-02 05:00:00,75.84,1.092,88.79,1308.4,3608.3,31,0
78,2024-01-02 06:00:00,76.61,1.102,87.5,1337.7,4052.6,23,0
78,2024-01-02 07:00:00,78.3,1.242,83.82,1288.9,3988.6,20,0
78,2024-01-02 08:00:00,75.57,0.879,84.21,1349.2,3735.6,31,0
78,2024-01-02 09:00:00,78.5,0.412,85.19,1364.2,3999.9,31,0
78,2024-01-02 10:00:00,76.41,0.896,85.27,1316.9,4043.7,29,0
78,2024-01-02 11:00:00,77.14,0.542,90.46,1308.2,3953.6,24,0
78,2024-01-02 12:00:00,79.34,0.817,89.51,1296.9,4170.5,37,0
78,2024-01-02 13:00:00,79.61,0.778,87.14,1338.2,3558.3,41,0
78,2024-01-02 14:00:00,78.1,0.308,89.45,1348.8,3800.5,37,0
78,2024-01-02 15:00:00,76.97,1.027,85.76,1304.2,3561.9,31,0
78,2024-01-02 16:00:00,70.85,0.695,82.11,1347.1,4054.1,31,0
78,2024-01-02 17:00:00,78.98,0.532,86.03,1328.1,3887.9,34,0
78,2024-01-02 18:00:00,77.28,0.65,89.75,1349.1,4164.8,32,0
78,2024-01-02 19:00:00,76.2,1.136,84.85,1317.1,3601.1,30,0
78,2024-01-02 20:00:00,78.56,0.653,87.3,1370.5,3595.4,24,0
78,2024-01-02 21:00:00,75.92,0.791,85.01,1332.1,4044.0,27,0
78,2024-01-02 22:00:00,76.7,0.593,89.3,1285.2,3691.0,28,0
78,2024-01-02 23:00:00,80.68,0.989,91.16,1356.2,3876.3,35,0
78,2024-01-03 00:00:00,79.3,0.974,79.92,1273.6,4024.3,26,0
78,2024-01-03 01:00:00,80.84,1.343,84.39,1317.7,3731.2,23,0
79,2024-01-01 00:00:00,78.23,0.89,121.48,977.6,3833.3,23,0
79,2024-01-01 01:00:00,68.98,0.716,116.6,906.8,3993.8,21,0
79,2024-01-01 02:00:00,78.25,0.823,111.34,967.8,3781.1,34,0
79,2024-01-01 03:00:00,74.37,0.999,118.1,933.5,4118.8,27,0
79,2024-01-01 04:00:00,76.03,0.517,122.18,936.8,4250.0,25,0
79,2024-01-01 05:00:00,74.14,0.781,124.94,986.9,3717.8,33,0
79,2024-01-01 06:00:00,73.6,0.534,116.23,938.9,3675.9,37,0
79,2024-01-01 07:00:00,69.63,0.762,118.05,980.0,3879.7,33,0
79,2024-01-01 08:00:00,78.35,0.581,118.13,1006.3,3568.9,24,0
79,2024-01-01 09:00:00,73.79,1.282,123.68,981.5,3617.0,26,0
79,2024-01-01 10:00:00,73.78,0.521,114.87,973.8,4057.8,22,0
79,2024-01-01 11:00:00,73.84,1.021,113.54,930.9,3651.0,32,0
79,2024-01-01 12:00:00,75.67,0.767,122.15,923.6,4032.0,29,0
79,2024-01-01 13:00:00,74.77,0.31,118.59,939.0,4105.3,35,0
79,2024-01-01 14:00:00,77.01,1.177,123.14,949.1,3636.2,31,0
79,2024-01-01 15:00:00,73.02,0.679,120.0,935.1,3897.2,37,0
79,2024-01-01 16:00:00,71.78,0.832,115.38,959.5,3921.5,30,0
79,2024-01-01 17:00:00,72.01,0.506,118.18,934.1,4094.5,34,0
79,2024-01-01 18:00:00,74.26,1.145,115.15,917.3,3841.5,30,0
79,2024-01-01 19:00:00,71.23,0.612,115.58,905.8,3829.2,23,0
79,2024-01-01 20:00:00,73.43,0.809,123.63,929.0,3614.9,24,0
79,2024-01-01 21:00:00,77.32,0.683,121.87,959.9,4026.0,29,0
79,2024-01-01 22:00:00,76.89,0.975,125.52,953.5,4246.9,33,0
79,2024-01-01 23:00:00,75.65,0.975,115.17,951.5,3999.6,31,0
79,2024-01-02 00:00:00,74.78,0.37,115.4,941.0,4183.8,26,0
79,2024-01-02 01:00:00,74.72,0.666,120.4,941.8,3891.3,24,0
79,2024-01-02 02:00:00,73.3,0.823,117.96,902.9,3852.0,30,0
79,2024-01-02 03:00:00,75.42,0.756,114.13,979.0,4296.0,31,0
79,2024-01-02 04:00:00,72.19,0.796,113.35,954.0,3973.0,29,0
79,2024-01-02 05:00:00,73.9,0.862,112.25,944.1,3728.2,28,0
79,2024-01-02 06:00:00,74.07,0.903,119.09,933.0,3905.8,33,0
79,2024-01-02 07:00:00,71.94,1.14,113.99,945.8,4152.7,25,0
79,2024-01-02 08:00:00,75.94,0.664,119.83,985.5,3895.4,36,0
79,2024-01-02 09:00:00,73.47,1.28,113.04,879.1,4370.0,39,0
79,2024-01-02 10:00:00,75.25,0.589,123.44,928.0,3736.2,31,0
79,2024-01-02 11:00:00,73.71,0.708,122.03,938.7,3979.9,23,0
79,2024-01-02 12:00:00,76.17,0.528,123.22,991.2,3605.3,26,0
79,2024-01-02 13:00:00,72.77,1.25,115.67,932.9,4046.6,28,0
79,2024-01-02 14:00:00,74.29,1.228,121.33,930.2,4218.7,32,0
79,2024-01-02 15:00:00,75.82,0.587,119.0,978.1,4103.9,36,0
79,2024-01-02 16:00:00,74.07,0.918,120.63,914.9,4164.6,28,0
79,2024-01-02 17:00:00,73.22,1.196,123.41,977.7,4127.1,28,0
79,2024-01-02 18:00:00,75.22,1.225,117.7,958.4,4067.3,31,0
79,2024-01-02 19:00:00,74.59,0.967,118.32,924.0,3845.6,31,0
79,2024-01-02 20:00:00,73.84,0.486,115.9,919.4,3935.8,27,0
79,2024-01-02 21:00:00,77.21,0.841,112.34,902.5,4151.1,28,0
79,2024-01-02 22:00:00,69.83,1.149,117.68,936.1,4176.8,28,0
79,2024-01-02 23:00:00,71.94,0.862,117.16,896.6,4124.1,23,0
79,2024-01-03 00:00:00,75.69,0.751,117.95,914.9,4085.1,38,0
79,2024-01-03 01:00:00,76.18,1.167,124.67,966.6,4235.2,27,0
80,2024-01-01 00:00:00,64.33,1.022,115.2,1122.9,4066.8,18,0
80,2024-01-01 01:00:00,64.11,1.496,121.98,1051.4,3642.2,29,0
80,2024-01-01 02:00:00,63.26,1.1,111.17,1056.5,3674.5,32,0
80,2024-01-01 03:00:00,62.41,0.7,115.36,1082.3,3784.3,22,0
80,2024-01-01 04:00:00,67.66,0.637,116.21,1112.8,4159.7,26,0
80,2024-01-01 05:00:00,66.32,1.319,113.75,1080.2,3897.6,32,0
80,2024-01-01 06:00:00,63.36,1.532,113.93,1047.4,3617.8,29,0
80,2024-01-01 07:00:00,67.51,1.662,113.63,1061.1,4101.0,36,0
80,2024-01-01 08:00:00,66.86,0.817,113.96,1093.1,4107.7,29,0
80,2024-01-01 09:00:00,60.59,1.517,114.06,1093.6,4059.6,33,0
80,2024-01-01 10:00:00,63.46,1.106,116.24,1066.2,4158.6,35,0
80,2024-01-01 11:00:00,68.41,0.773,115.94,1009.3,3969.1,31,0
80,2024-01-01 12:00:00,64.51,0.942,115.07,1046.1,4219.8,19,0
80,2024-01-01 13:00:00,68.7,1.611,114.43,1063.9,4155.7,26,0
80,2024-01-01 14:00:00,60.09,1.348,116.39,1096.5,4128.1,31,0
80,2024-01-01 15:00:00,68.01,0.585,114.78,1056.8,3763.3,39,0
80,2024-01-01 16:00:00,67.28,2.009,120.89,1081.4,4246.9,29,0
80,2024-01-01 17:00:00,64.97,0.803,114.26,1064.4,4388.7,41,0
80,2024-01-01 18:00:00,63.88,1.453,117.1,1121.4,3895.4,25,0
80,2024-01-01 19:00:00,63.2,1.034,116.3,1129.1,3738.2,15,0
80,2024-01-01 20:00:00,63.03,0.771,115.38,1154.7,4026.9,29,0
80,2024-01-01 21:00:00,63.78,0.975,115.99,1068.4,3626.8,28,0
80,2024-01-01 22:00:00,62.61,0.939,112.89,1077.2,3855.6,27,0
80,2024-01-01 23:00:00,66.44,1.24,116.27,1113.1,4081.9,38,0
80,2024-01-02 00:00:00,63.71,0.627,116.56,1114.0,4162.0,31,0
80,2024-01-02 01:00:00,63.56,1.044,115.11,1094.3,3965.4,26,0
80,2024-01-02 02:00:00,65.41,0.833,117.93,1109.1,3753.1,31,0
80,2024-01-02 03:00:00,66.4,0.86,120.32,1086.2,3963.0,29,0
80,2024-01-02 04:00:00,64.45,1.119,113.89,1092.0,3657.1,23,0
80,2024-01-02 05:00:00,62.67,0.78,115.98,1133.6,3720.6,23,0
80,2024-01-02 06:00:00,62.89,0.926,119.12,1118.0,4103.4,36,0
80,2024-01-02 07:00:00,64.37,1.063,116.85,1133.5,4239.9,33,0
80,2024-01-02 08:00:00,65.95,1.513,118.83,1051.1,4126.7,29,0
80,2024-01-02 09:00:00,69.79,1.714,116.09,1084.2,4388.3,27,0
80,2024-01-02 10:00:00,64.44,1.392,113.6,1036.2,3908.9,31,0
80,2024-01-02 11:00:00,67.73,0.921,114.93,1064.0,4286.2,27,0
80,2024-01-02 12:00:00,65.41,1.654,121.37,1107.7,4133.0,35,0
80,2024-01-02 13:00:00,63.97,1.228,117.47,1085.9,4178.2,35,0
80,2024-01-02 14:00:00,64.53,1.302,114.87,1092.8,3712.0,39,0
80,2024-01-02 15:00:00,62.84,1.223,117.92,1052.8,3951.5,43,0
80,2024-01-02 16:00:00,62.74,1.519,117.38,1036.7,4440.1,35,0
80,2024-01-02 17:00:00,63.4,1.437,117.4,1098.0,4195.2,32,0
80,2024-01-02 18:00:00,66.93,0.832,119.73,1064.6,4321.4,29,0
80,2024-01-02 19:00:00,67.08,1.491,119.78,1030.7,4196.0,34,0
80,2024-01-02 20:00:00,65.46,1.292,115.46,1095.4,4177.1,34,0
80,2024-01-02 21:00:00,66.97,1.039,116.68,1039.9,4150.9,32,0
80,2024-01-02 22:00:00,62.44,0.965,114.85,1055.3,3736.0,26,0
80,2024-01-02 23:00:00,65.71,0.719,106.69,1086.7,3874.3,27,0
80,2024-01-03 00:00:00,62.05,0.844,112.25,1027.2,4030.4,35,0
80,2024-01-03 01:00:00,64.77,1.328,117.14,1033.0,4204.1,29,0
81,2024-01-01 00:00:00,80.04,1.873,115.91,1203.0,4321.7,40,0
81,2024-01-01 01:00:00,79.36,1.962,121.0,1206.6,3970.2,43,0
81,2024-01-01 02:00:00,74.01,1.384,118.07,1216.1,4282.5,27,0
81,2024-01-01 03:00:00,76.31,2.246,119.1,1244.5,4005.1,35,0
81,2024-01-01 04:00:00,76.46,2.016,114.67,1180.6,3858.0,25,0
81,2024-01-01 05:00:00,78.29,2.513,117.58,1179.1,4153.5,21,0
81,2024-01-01 06:00:00,74.71,1.723,114.9,1196.6,4260.5,24,0
81,2024-01-01 07:00:00,79.4,1.751,115.65,1143.9,4003.4,29,0
81,2024-01-01 08:00:00,75.36,1.782,117.21,1182.6,3896.0,30,0
81,2024-01-01 09:00:00,76.02,1.915,111.04,1190.0,4229.0,27,0
81,2024-01-01 10:00:00,76.46,1.824,117.54,1221.8,3944.7,36,0
81,2024-01-01 11:00:00,74.27,2.413,117.99,1224.6,4344.8,27,0
81,2024-01-01 12:00:00,76.66,2.023,117.19,1192.1,3936.6,31,0
81,2024-01-01 13:00:00,71.63,2.182,111.83,1229.1,3837.9,31,0
81,2024-01-01 14:00:00,77.27,1.942,115.25,1222.3,3781.6,27,0
81,2024-01-01 15:00:00,74.76,2.069,117.37,1216.3,4400.0,31,0
81,2024-01-01 16:00:00,77.17,1.945,122.32,1169.4,4038.0,41,0
81,2024-01-01 17:00:00,76.94,2.202,117.89,1186.7,4109.9,35,0
81,2024-01-01 18:00:00,74.82,1.418,115.56,1166.1,3917.6,35,0
81,2024-01-01 19:00:00,73.64,1.55,116.92,1172.8,4262.1,33,0
81,2024-01-01 20:00:00,76.76,2.051,117.65,1177.3,3843.8,32,0
81,2024-01-01 21:00:00,75.9,1.611,117.84,1148.9,4333.6,25,0
81,2024-01-01 22:00:00,74.39,1.712,119.25,1208.6,4466.6,21,0
81,2024-01-01 23:00:00,78.33,1.465,116.46,1159.5,4055.8,25,0
81,2024-01-02 00:00:00,76.59,2.195,118.93,1211.6,3986.5,37,0
81,2024-01-02 01:00:00,77.64,1.857,116.04,1175.1,3707.9,27,0
81,2024-01-02 02:00:00,79.44,1.291,116.12,1223.8,4022.1,24,0
81,2024-01-02 03:00:00,72.99,1.863,119.25,1177.7,4478.9,43,0
81,2024-01-02 04:00:00,73.72,1.554,118.96,1182.2,4236.3,32,0
81,2024-01-02 05:00:00,72.54,1.803,123.4,1192.2,3771.8,27,0
81,2024-01-02 06:00:00,76.29,1.829,117.1,1165.4,4211.5,34,0
81,2024-01-02 07:00:00,76.49,2.322,118.72,1229.1,4232.3,32,0
81,2024-01-02 08:00:00,75.81,1.978,115.9,1147.0,4460.7,28,0
81,2024-01-02 09:00:00,72.65,1.506,115.48,1208.8,4095.7,32,0
81,2024-01-02 10:00:00,76.71,2.586,112.9,1191.1,4430.7,36,0
81,2024-01-02 11:00:00,74.5,1.251,118.24,1199.2,3817.8,26,0
81,2024-01-02 12:00:00,73.69,1.893,126.13,1241.3,3768.6,47,0
81,2024-01-02 13:00:00,77.2,1.849,112.88,1191.8,4257.6,28,0
81,2024-01-02 14:00:00,71.82,1.701,114.0,1147.3,4157.8,32,0
81,2024-01-02 15:00:00,74.21,1.593,115.1,1191.1,4330.0,32,0
81,2024-01-02 16:00:00,72.83,1.848,115.12,1124.5,3836.4,30,0
81,2024-01-02 17:00:00,74.72,1.224,118.5,1170.1,4140.3,39,0
81,2024-01-02 18:00:00,74.24,2.117,112.26,1227.2,4204.1,36,0
81,2024-01-02 19:00:00,76.8,1.885,118.41,1145.1,3991.5,37,0
81,2024-01-02 20:00:00,75.17,2.299,116.26,1187.3,4381.7,27,0
81,2024-01-02 21:00:00,75.58,1.838,109.38,1215.9,3689.1,16,0
81,2024-01-02 22:00:00,72.69,1.885,116.72,1212.9,4101.5,32,0
81,2024-01-02 23:00:00,75.65,2.268,117.51,1112.2,4480.4,25,0
81,2024-01-03 00:00:00,73.87,2.157,113.7,1188.6,3734.7,41,0
81,2024-01-03 01:00:00,76.94,1.931,116.54,1175.9,4337.2,39,0
82,2024-01-01 00:00:00,77.07,2.042,118.07,1073.6,4080.5,32,0
82,2024-01-01 01:00:00,75.23,1.958,116.18,1119.4,3963.8,38,0
82,2024-01-01 02:00:00,74.36,0.651,116.02,1060.9,4192.2,36,0
82,2024-01-01 03:00:00,71.94,1.984,117.55,1093.9,4285.8,31,0
82,2024-01-01 04:00:00,75.65,1.581,112.17,1132.7,3804.4,28,0
82,2024-01-01 05:00:00,74.49,1.117,117.96,1058.8,4147.4,25,0
82,2024-01-01 06:00:00,79.06,1.786,116.63,1023.2,3833.7,35,0
82,2024-01-01 07:00:00,75.05,2.5,115.77,1104.8,4345.5,21,0
82,2024-01-01 08:00:00,74.97,2.054,116.08,1119.1,4120.6,27,0
82,2024-01-01 09:00:00,78.61,1.927,114.32,1126.0,4040.2,27,0
82,2024-01-01 10:00:00,76.19,1.552,117.24,1087.3,3792.2,29,0
82,2024-01-01 11:00:00,76.96,1.672,114.29,1019.9,4176.2,25,0
82,2024-01-01 12:00:00,74.29,2.02,113.12,1074.5,3954.8,29,0
82,2024-01-01 13:00:00,72.92,1.439,115.03,1083.5,4133.5,35,0
82,2024-01-01 14:00:00,74.83,1.689,115.14,1073.2,4250.6,28,0
82,2024-01-01 15:00:00,76.29,1.689,115.53,1065.7,4388.4,35,0
82,2024-01-01 16:00:00,72.18,1.434,110.02,1105.5,3944.0,25,0
82,2024-01-01 17:00:00,75.75,1.37,117.28,1072.8,3801.7,26,0
82,2024-01-01 18:00:00,75.39,1.733,115.74,1080.8,4025.1,25,0
82,2024-01-01 19:00:00,76.46,1.538,110.53,1031.1,4121.2,33,0
82,2024-01-01 20:00:00,72.95,2.217,119.63,1079.9,4493.2,28,0
82,2024-01-01 21:00:00,76.4,1.728,113.79,1109.0,4386.1,36,0
82,2024-01-01 22:00:00,73.82,1.959,115.28,1088.8,3777.0,27,0
82,2024-01-01 23:00:00,73.26,1.726,119.54,1091.9,3818.3,26,0
82,2024-01-02 00:00:00,73.71,2.169,112.58,1138.6,3868.7,34,0
82,2024-01-02 01:00:00,76.49,1.457,111.88,1097.7,3821.4,22,0
82,2024-01-02 02:00:00,75.02,2.186,112.59,1140.0,3790.2,36,0
82,2024-01-02 03:00:00,74.16,1.799,109.52,1082.6,4367.5,31,0
82,2024-01-02 04:00:00,77.64,2.087,108.1,1097.1,4075.2,26,0
82,2024-01-02 05:00:00,74.88,1.42,118.8,1102.3,4007.8,21,0
82,2024-01-02 06:00:00,72.8,1.472,109.91,1080.5,4511.4,35,0
82,2024-01-02 07:00:00,73.67,1.39,115.06,1090.8,4135.9,32,0
82,2024-01-02 08:00:00,71.01,2.203,109.15,1071.5,3870.6,30,0
82,2024-01-02 09:00:00,74.11,1.683,110.71,1072.9,4227.2,35,0
82,2024-01-02 10:00:00,75.17,1.626,112.94,1127.4,4112.8,25,0
82,2024-01-02 11:00:00,78.57,2.268,112.27,1045.6,4443.0,26,0
82,2024-01-02 12:00:00,76.24,1.71,115.22,1115.8,3985.8,30,0
82,2024-01-02 13:00:00,72.85,2.011,117.81,1090.0,4495.2,23,0
82,2024-01-02 14:00:00,74.58,1.267,115.77,1092.0,3765.7,24,0
82,2024-01-02 15:00:00,73.52,2.063,116.05,1097.7,4225.6,30,0
82,2024-01-02 16:00:00,75.09,2.346,106.83,1053.9,3884.0,29,0
82,2024-01-02 17:00:00,78.14,1.654,111.6,1100.7,3763.8,28,0
82,2024-01-02 18:00:00,72.51,1.899,116.29,1128.4,4474.4,32,0
82,2024-01-02 19:00:00,74.47,1.561,109.89,1139.3,4235.3,36,0
82,2024-01-02 20:00:00,75.69,1.956,114.73,1053.3,3769.2,26,0
82,2024-01-02 21:00:00,73.76,2.708,117.71,1096.3,4026.6,30,0
82,2024-01-02 22:00:00,75.0,1.782,107.56,1065.3,3742.0,38,0
82,2024-01-02 23:00:00,75.98,1.895,111.84,1160.1,3985.4,27,0
82,2024-01-03 00:00:00,73.79,2.361,114.15,1069.4,4282.9,23,0
82,2024-01-03 01:00:00,74.65,1.74,115.06,1088.9,4010.3,33,0
83,2024-01-01 00:00:00,72.28,1.97,98.85,1173.2,4333.4,27,0
83,2024-01-01 01:00:00,73.94,2.211,104.91,1148.9,4521.6,21,0
83,2024-01-01 02:00:00,75.17,1.909,101.17,1133.6,4505.3,25,0
83,2024-01-01 03:00:00,70.62,2.098,98.89,1132.7,4398.4,33,0
83,2024-01-01 04:00:00,72.7,1.655,100.21,1143.4,4276.3,27,0
83,2024-01-01 05:00:00,78.35,2.134,102.18,1137.9,4096.5,32,0
83,2024-01-01 06:00:00,73.93,2.488,99.04,1133.2,4144.5,30,0
83,2024-01-01 07:00:00,73.57,1.724,101.12,1175.0,4099.5,29,0
83,2024-01-01 08:00:00,73.12,1.965,99.99,1118.0,3952.1,36,0
83,2024-01-01 09:00:00,76.48,2.489,98.01,1135.1,3974.2,19,0
83,2024-01-01 10:00:00,73.78,1.646,102.72,1154.0,3765.2,28,0
83,2024-01-01 11:00:00,70.84,2.39,99.94,1150.7,4187.3,37,0
83,2024-01-01 12:00:00,73.49,1.9,98.1,1144.8,3922.5,27,0
83,2024-01-01 13:00:00,72.37,2.245,104.39,1175.3,3827.9,24,0
83,2024-01-01 14:00:00,68.59,1.775,96.26,1165.8,4398.5,31,0
83,2024-01-01 15:00:00,73.81,2.268,106.17,1172.4,3934.0,30,0
83,2024-01-01 16:00:00,69.8,1.582,98.15,1194.1,4445.7,25,0
83,2024-01-01 17:00:00,73.35,2.331,100.86,1114.4,3967.4,25,0
83,2024-01-01 18:00:00,71.35,2.048,97.92,1120.8,3837.2,29,0
83,2024-01-01 19:00:00,73.21,1.371,101.36,1182.0,3960.2,27,0
83,2024-01-01 20:00:00,71.65,1.595,97.25,1135.9,3985.5,37,0
83,2024-01-01 21:00:00,70.85,1.791,98.49,1127.9,3958.4,33,0
83,2024-01-01 22:00:00,74.84,1.978,98.06,1122.2,3939.2,29,0
83,2024-01-01 23:00:00,70.06,2.138,102.48,1116.7,4481.3,21,0
83,2024-01-02 00:00:00,74.73,1.713,100.31,1194.4,4313.1,23,0
83,2024-01-02 01:00:00,71.79,1.982,101.9,1136.5,4318.4,23,0
83,2024-01-02 02:00:00,74.57,2.097,102.13,1194.0,4047.0,27,0
83,2024-01-02 03:00:00,72.58,2.282,101.93,1109.8,3827.7,32,0
83,2024-01-02 04:00:00,72.97,1.539,98.33,1171.0,4090.5,37,0
83,2024-01-02 05:00:00,72.18,2.075,98.02,1172.7,3905.5,27,0
83,2024-01-02 06:00:00,74.01,2.165,99.49,1184.0,4017.8,19,0
83,2024-01-02 07:00:00,72.86,2.25,104.72,1154.7,4056.7,32,0
83,2024-01-02 08:00:00,73.05,1.913,102.62,1144.8,4387.9,21,0
83,2024-01-02 09:00:00,70.53,1.978,100.01,1194.7,4366.6,27,0
83,2024-01-02 10:00:00,74.15,2.204,99.71,1164.7,4509.4,30,0
83,2024-01-02 11:00:00,68.75,2.38,101.13,1163.1,4424.4,28,0
83,2024-01-02 12:00:00,74.88,1.866,93.17,1104.0,4585.0,30,0
83,2024-01-02 13:00:00,74.4,2.325,102.31,1126.3,4531.0,30,0
83,2024-01-02 14:00:00,71.43,1.794,102.27,1117.8,4289.8,35,0
83,2024-01-02 15:00:00,74.67,2.324,104.0,1134.4,4451.3,28,0
83,2024-01-02 16:00:00,70.95,2.098,102.09,1171.8,3827.6,38,0
83,2024-01-02 17:00:00,73.58,2.274,102.69,1168.8,4227.7,30,0
83,2024-01-02 18:00:00,70.9,2.32,97.29,1155.1,4293.4,27,0
83,2024-01-02 19:00:00,72.2,2.413,99.59,1091.6,3794.4,41,0
83,2024-01-02 20:00:00,73.2,1.881,97.52,1133.1,3834.8,36,0
83,2024-01-02 21:00:00,71.02,2.222,100.71,1159.8,4072.1,32,0
83,2024-01-02 22:00:00,70.32,1.52,100.89,1125.2,4501.4,33,0
83,2024-01-02 23:00:00,71.96,1.525,100.64,1096.2,4441.3,26,0
83,2024-01-03 00:00:00,73.38,1.654,99.44,1103.6,4177.4,30,0
83,2024-01-03 01:00:00,69.82,1.692,97.84,1168.3,4396.8,23,0
84,2024-01-01 00:00:00,68.53,1.159,92.43,880.9,4006.4,22,0
84,2024-01-01 01:00:00,66.07,0.69,93.28,901.2,4505.0,23,0
84,2024-01-01 02:00:00,66.11,1.601,92.15,860.5,4452.4,36,0
84,2024-01-01 03:00:00,66.1,1.253,93.73,862.3,4387.7,27,0
84,2024-01-01 04:00:00,64.87,1.084,92.2,873.8,4433.1,38,0
84,2024-01-01 05:00:00,67.17,0.793,86.54,843.6,4550.8,17,0
84,2024-01-01 06:00:00,62.23,1.47,89.97,843.9,4509.2,39,0
84,2024-01-01 07:00:00,63.91,0.904,87.21,878.4,4605.7,23,0
84,2024-01-01 08:00:00,62.71,1.234,97.52,850.3,4576.3,21,0
84,2024-01-01 09:00:00,63.86,0.579,93.74,842.1,4065.9,29,0
84,2024-01-01 10:00:00,67.7,1.025,87.41,910.0,4419.5,42,0
84,2024-01-01 11:00:00,67.68,0.818,89.66,859.1,4523.3,24,0
84,2024-01-01 12:00:00,66.8,1.384,92.71,860.1,3817.5,37,0
84,2024-01-01 13:00:00,64.76,1.655,90.47,803.9,4563.4,35,0
84,2024-01-01 14:00:00,65.31,1.413,93.68,898.4,4554.7,17,0
84,2024-01-01 15:00:00,65.1,1.635,95.23,913.5,3820.1,29,0
84,2024-01-01 16:00:00,65.39,2.018,95.11,856.3,4257.5,29,0
84,2024-01-01 17:00:00,63.49,1.313,90.31,828.8,4508.0,34,0
84,2024-01-01 18:00:00,71.0,1.098,94.69,867.1,3921.9,31,0
84,2024-01-01 19:00:00,69.18,1.273,92.44,882.9,3836.3,30,0
84,2024-01-01 20:00:00,68.53,1.019,88.41,902.5,4301.1,33,0
84,2024-01-01 21:00:00,60.87,1.438,95.2,837.5,4533.4,29,0
84,2024-01-01 22:00:00,65.38,1.329,93.29,876.3,3883.4,36,0
84,2024-01-01 23:00:00,66.09,1.876,91.91,897.1,4344.3,35,0
84,2024-01-02 00:00:00,68.13,1.588,84.87,855.6,4112.0,20,0
84,2024-01-02 01:00:00,67.82,1.387,97.74,889.2,4460.9,16,0
84,2024-01-02 02:00:00,70.25,1.757,89.13,856.6,4390.5,34,0
84,2024-01-02 03:00:00,67.81,1.826,93.96,854.2,4202.5,20,0
84,2024-01-02 04:00:00,66.43,1.371,94.58,869.5,4135.5,33,0
84,2024-01-02 05:00:00,63.39,1.205,92.11,863.2,4350.7,38,0
84,2024-01-02 06:00:00,68.75,1.004,90.79,866.8,4549.5,33,0
84,2024-01-02 07:00:00,64.57,1.053,93.09,816.3,3934.4,29,0
84,2024-01-02 08:00:00,65.17,1.308,92.18,874.3,3974.2,32,0
84,2024-01-02 09:00:00,68.5,1.221,88.9,837.5,4283.5,28,0
84,2024-01-02 10:00:00,67.63,1.384,96.78,877.5,4503.9,31,0
84,2024-01-02 11:00:00,65.71,1.23,88.09,879.3,4366.8,30,0
84,2024-01-02 12:00:00,69.33,1.511,93.18,844.1,4398.9,27,0
84,2024-01-02 13:00:00,67.53,1.645,89.87,858.3,4425.1,42,0
84,2024-01-02 14:00:00,64.32,1.348,91.4,892.7,4632.0,36,0
84,2024-01-02 15:00:00,66.78,1.119,89.35,876.9,4443.8,29,0
84,2024-01-02 16:00:00,66.54,1.475,88.52,849.1,4186.3,34,0
84,2024-01-02 17:00:00,64.91,2.005,92.07,900.9,4222.2,24,0
84,2024-01-02 18:00:00,63.12,1.028,93.58,867.7,4495.6,30,0
84,2024-01-02 19:00:00,63.15,1.566,93.99,810.2,4080.0,21,0
84,2024-01-02 20:00:00,68.14,1.149,96.48,882.8,4497.7,33,0
84,2024-01-02 21:00:00,66.8,1.273,89.45,865.1,4345.0,32,0
84,2024-01-02 22:00:00,67.17,1.29,95.63,867.4,3831.6,26,0
84,2024-01-02 23:00:00,66.31,1.247,95.28,871.4,4065.2,18,0
84,2024-01-03 00:00:00,65.51,1.143,94.39,792.3,4030.4,22,0
84,2024-01-03 01:00:00,64.45,0.874,89.97,872.2,4128.0,19,0
85,2024-01-01 00:00:00,59.17,1.876,114.83,1391.9,4476.2,18,0
85,2024-01-01 01:00:00,62.01,1.932,111.37,1400.2,4279.8,31,0
85,2024-01-01 02:00:00,64.32,2.081,110.79,1428.7,3992.3,23,0
85,2024-01-01 03:00:00,62.92,1.884,110.18,1363.0,4577.5,31,0
85,2024-01-01 04:00:00,62.9,1.518,109.16,1355.6,3952.2,29,0
85,2024-01-01 05:00:00,60.38,1.805,112.03,1376.1,4225.2,30,0
85,2024-01-01 06:00:00,62.06,2.081,110.83,1362.4,4362.6,33,0
85,2024-01-01 07:00:00,61.68,1.781,110.85,1374.4,4493.6,21,0
85,2024-01-01 08:00:00,61.34,1.861,108.07,1381.4,4483.2,36,0
85,2024-01-01 09:00:00,63.03,1.772,114.5,1381.3,4320.9,29,0
85,2024-01-01 10:00:00,60.46,1.611,113.18,1401.6,3860.4,28,0
85,2024-01-01 11:00:00,61.15,2.013,113.96,1449.3,4457.3,27,0
85,2024-01-01 12:00:00,57.22,2.506,110.34,1449.8,4433.5,36,0
85,2024-01-01 13:00:00,63.09,1.495,115.81,1375.2,3883.1,33,0
85,2024-01-01 14:00:00,63.55,1.818,113.92,1377.3,4042.8,39,0
85,2024-01-01 15:00:00,63.7,1.571,113.81,1425.5,4260.9,27,0
85,2024-01-01 16:00:00,55.84,2.049,114.68,1441.8,4631.2,28,0
85,2024-01-01 17:00:00,60.58,1.971,113.36,1391.3,4654.1,27,0
85,2024-01-01 18:00:00,59.38,1.989,116.9,1413.9,4406.3,42,0
85,2024-01-01 19:00:00,62.94,2.17,108.66,1383.9,4504.7,23,0
85,2024-01-01 20:00:00,62.25,1.573,109.36,1426.4,3949.6,29,0
85,2024-01-01 21:00:00,60.78,1.92,118.57,1335.8,3904.0,36,0
85,2024-01-01 22:00:00,60.18,1.648,106.87,1393.9,3930.2,28,0
85,2024-01-01 23:00:00,60.75,1.82,111.2,1425.8,4137.2,22,0
85,2024-01-02 00:00:00,63.92,1.816,113.82,1378.3,4210.9,37,0
85,2024-01-02 01:00:00,63.61,1.43,119.7,1392.1,3947.4,33,0
85,2024-01-02 02:00:00,62.73,1.902,109.73,1389.0,4039.1,33,0
85,2024-01-02 03:00:00,60.97,2.153,113.59,1417.0,4212.4,20,0
85,2024-01-02 04:00:00,63.03,1.952,112.3,1392.1,4236.4,36,0
85,2024-01-02 05:00:00,60.84,2.123,112.34,1383.2,4289.7,37,0
85,2024-01-02 06:00:00,64.37,1.792,110.13,1440.2,3879.5,23,0
85,2024-01-02 07:00:00,64.73,2.412,111.69,1426.0,4289.0,39,0
85,2024-01-02 08:00:00,62.91,1.696,110.13,1410.7,3877.4,29,0
85,2024-01-02 09:00:00,60.97,2.023,120.11,1429.6,4514.1,24,0
85,2024-01-02 10:00:00,66.22,1.993,110.89,1404.9,4423.1,34,0
85,2024-01-02 11:00:00,59.79,2.028,108.74,1396.8,4128.1,32,0
85,2024-01-02 12:00:00,61.23,2.056,111.51,1328.4,4493.8,33,0
85,2024-01-02 13:00:00,65.66,1.563,112.21,1419.6,4586.0,28,0
85,2024-01-02 14:00:00,60.13,1.835,110.05,1412.1,4064.8,32,0
85,2024-01-02 15:00:00,61.07,2.045,111.34,1414.6,3875.9,39,0
85,2024-01-02 16:00:00,63.34,1.931,114.2,1405.4,3922.9,35,0
85,2024-01-02 17:00:00,64.84,2.078,110.54,1425.6,4012.0,29,0
85,2024-01-02 18:00:00,60.92,2.123,109.73,1386.4,4289.6,25,0
85,2024-01-02 19:00:00,59.26,1.627,106.68,1386.1,4559.8,36,0
85,2024-01-02 20:00:00,62.49,1.822,111.04,1441.9,4314.9,23,0
85,2024-01-02 21:00:00,59.78,1.896,111.12,1400.2,4259.7,33,0
85,2024-01-02 22:00:00,62.29,1.868,107.16,1380.3,4300.6,27,0
85,2024-01-02 23:00:00,59.61,1.531,109.09,1456.5,4672.9,24,0
85,2024-01-03 00:00:00,62.49,1.295,111.15,1420.5,3976.6,30,0
85,2024-01-03 01:00:00,60.56,1.52,111.24,1387.1,4151.9,32,0
86,2024-01-01 00:00:00,64.76,0.635,89.33,1046.6,4567.6,35,0
86,2024-01-01 01:00:00,64.37,1.124,92.42,1048.5,4269.7,28,0
86,2024-01-01 02:00:00,69.97,0.605,90.32,1056.9,4729.5,33,0
86,2024-01-01 03:00:00,63.75,0.395,90.88,1065.7,3986.6,26,0
86,2024-01-01 04:00:00,70.87,0.937,94.7,1097.8,4615.2,26,0
86,2024-01-01 05:00:00,65.35,0.633,93.59,1079.4,4439.9,24,0
86,2024-01-01 06:00:00,67.99,0.734,88.07,1099.7,4308.7,31,0
86,2024-01-01 07:00:00,68.35,1.494,88.81,1116.8,4166.5,19,0
86,2024-01-01 08:00:00,64.23,1.203,86.07,1124.4,4327.9,35,0
86,2024-01-01 09:00:00,69.41,0.867,88.56,1070.3,4672.2,32,0
86,2024-01-01 10:00:00,69.45,0.583,90.18,1048.8,4169.7,25,0
86,2024-01-01 11:00:00,69.02,0.061,91.21,1002.3,4497.2,31,0
86,2024-01-01 12:00:00,66.43,1.061,91.96,1064.2,4410.1,36,0
86,2024-01-01 13:00:00,67.65,1.092,90.67,1093.9,4332.8,24,0
86,2024-01-01 14:00:00,68.66,0.919,92.21,1087.1,4667.4,28,0
86,2024-01-01 15:00:00,66.18,0.844,93.29,1099.1,4164.0,24,0
86,2024-01-01 16:00:00,71.4,0.632,90.47,1086.3,4264.6,30,0
86,2024-01-01 17:00:00,64.75,0.338,88.7,1092.6,3979.9,24,0
86,2024-01-01 18:00:00,66.29,1.073,83.84,1061.0,4249.9,27,0
86,2024-01-01 19:00:00,67.13,0.951,95.45,1093.4,4006.1,33,0
86,2024-01-01 20:00:00,67.33,0.383,83.86,1029.4,4253.9,30,0
86,2024-01-01 21:00:00,67.41,0.951,85.45,1048.9,4405.4,21,0
86,2024-01-01 22:00:00,61.64,0.569,90.18,1061.4,3936.3,33,0
86,2024-01-01 23:00:00,67.96,0.382,92.55,1105.2,4370.9,32,0
86,2024-01-02 00:00:00,67.21,0.568,87.58,1026.3,4636.6,29,0
86,2024-01-02 01:00:00,66.41,0.36,90.55,1068.7,4043.9,28,0
86,2024-01-02 02:00:00,67.88,0.408,87.18,1072.2,4573.5,29,0
86,2024-01-02 03:00:00,63.66,0.497,89.13,1028.6,3913.7,31,0
86,2024-01-02 04:00:00,66.42,1.116,90.59,1080.5,4213.8,35,0
86,2024-01-02 05:00:00,65.67,0.726,90.07,1095.5,4499.2,32,0
86,2024-01-02 06:00:00,65.35,0.67,92.33,1060.3,3987.9,23,0
86,2024-01-02 07:00:00,68.51,0.432,90.9,1073.4,4391.9,36,0
86,2024-01-02 08:00:00,64.53,0.328,84.14,1121.9,4537.6,34,0
86,2024-01-02 09:00:00,68.06,0.956,95.29,1139.9,4760.9,31,0
86,2024-01-02 10:00:00,68.84,0.285,91.53,1036.7,4013.2,27,0
86,2024-01-02 11:00:00,65.53,0.714,89.94,1029.5,4534.7,31,0
86,2024-01-02 12:00:00,69.12,0.842,95.03,1097.1,4418.6,30,0
86,2024-01-02 13:00:00,65.38,0.514,87.33,1094.6,4625.2,30,0
86,2024-01-02 14:00:00,70.41,0.703,88.88,1053.1,4276.7,26,0
86,2024-01-02 15:00:00,69.3,0.359,87.14,1062.6,4269.4,29,0
86,2024-01-02 16:00:00,65.03,0.71,96.3,1058.9,4282.6,20,0
86,2024-01-02 17:00:00,65.6,0.878,90.56,1130.0,4043.2,30,0
86,2024-01-02 18:00:00,69.79,0.565,88.89,1079.4,4457.6,17,0
86,2024-01-02 19:00:00,67.93,0.953,87.54,1123.5,4543.4,28,0
86,2024-01-02 20:00:00,65.76,0.908,84.56,1109.7,3987.7,26,0
86,2024-01-02 21:00:00,64.98,0.853,91.35,1056.5,4597.7,29,0
86,2024-01-02 22:00:00,66.41,0.576,90.65,1069.8,4227.5,32,0
86,2024-01-02 23:00:00,67.89,0.803,87.42,1074.6,4326.7,27,0
86,2024-01-03 00:00:00,65.3,0.704,90.97,1122.1,4019.1,33,0
86,2024-01-03 01:00:00,70.73,0.989,93.46,985.7,3919.5,30,0
87,2024-01-01 00:00:00,65.15,-0.148,103.55,1136.9,4118.1,39,0
87,2024-01-01 01:00:00,64.77,0.862,103.59,1211.9,4488.2,24,0
87,2024-01-01 02:00:00,62.08,0.975,98.71,1220.2,4502.6,38,0
87,2024-01-01 03:00:00,62.27,0.25,99.37,1247.0,4751.8,35,0
87,2024-01-01 04:00:00,61.56,0.775,102.48,1146.7,4201.7,33,0
87,2024-01-01 05:00:00,62.08,0.931,101.16,1150.3,4208.7,29,0
87,2024-01-01 06:00:00,63.19,0.918,99.91,1148.6,4494.2,30,0
87,2024-01-01 07:00:00,65.67,0.15,104.51,1199.8,4626.5,34,0
87,2024-01-01 08:00:00,61.84,-0.231,100.4,1167.2,4395.5,27,0
87,2024-01-01 09:00:00,64.14,0.787,99.8,1158.7,4198.9,35,0
87,2024-01-01 10:00:00,61.44,0.913,103.17,1189.1,4690.5,33,0
87,2024-01-01 11:00:00,64.48,0.822,108.07,1223.1,4333.7,27,0
87,2024-01-01 12:00:00,60.9,0.753,100.81,1214.9,4384.2,31,0
87,2024-01-01 13:00:00,64.41,1.369,102.53,1154.5,4469.7,37,0
87,2024-01-01 14:00:00,62.8,0.812,104.26,1153.6,4275.4,38,0
87,2024-01-01 15:00:00,63.56,0.736,100.99,1181.3,4168.3,31,0
87,2024-01-01 16:00:00,60.47,0.706,102.77,1160.3,3930.3,23,0
87,2024-01-01 17:00:00,65.17,0.702,96.03,1187.9,4645.1,27,0
87,2024-01-01 18:00:00,64.72,0.509,97.68,1185.9,4362.5,33,0
87,2024-01-01 19:00:00,64.94,0.69,97.34,1146.8,4492.0,33,0
87,2024-01-01 20:00:00,62.48,0.775,107.03,1158.2,4589.2,31,0
87,2024-01-01 21:00:00,66.64,0.601,102.55,1181.6,4447.0,24,0
87,2024-01-01 22:00:00,62.34,0.673,103.7,1191.0,4671.6,28,0
87,2024-01-01 23:00:00,61.81,0.908,106.25,1174.0,4422.5,40,0
87,2024-01-02 00:00:00,67.45,0.285,98.13,1188.4,4146.1,31,0
87,2024-01-02 01:00:00,62.99,0.69,102.54,1189.4,4691.1,25,0
87,2024-01-02 02:00:00,64.98,0.862,99.91,1184.2,4501.1,39,0
87,2024-01-02 03:00:00,63.97,0.707,99.37,1177.6,4580.4,29,0
87,2024-01-02 04:00:00,63.74,0.628,99.87,1228.5,4423.1,21,0
87,2024-01-02 05:00:00,66.65,0.848,104.46,1159.6,4299.1,38,0
87,2024-01-02 06:00:00,66.87,0.69,101.55,1096.2,4815.3,38,0
87,2024-01-02 07:00:00,63.18,0.482,102.61,1235.9,4642.2,24,0
87,2024-01-02 08:00:00,63.23,0.615,104.87,1175.5,4339.2,27,0
87,2024-01-02 09:00:00,65.31,0.38,103.79,1169.2,4351.1,28,0
87,2024-01-02 10:00:00,65.23,1.099,100.55,1209.6,4367.3,28,0
87,2024-01-02 11:00:00,62.72,1.016,97.5,1161.8,4211.7,40,0
87,2024-01-02 12:00:00,65.94,0.761,102.08,1143.0,4436.7,30,0
87,2024-01-02 13:00:00,64.7,1.347,102.72,1191.9,4178.2,25,0
87,2024-01-02 14:00:00,64.59,0.157,105.66,1157.4,4219.5,27,0
87,2024-01-02 15:00:00,63.6,0.588,103.03,1180.9,4644.7,24,0
87,2024-01-02 16:00:00,64.46,0.771,103.89,1184.1,4657.2,39,0
87,2024-01-02 17:00:00,64.66,0.786,104.02,1216.6,4321.0,33,0
87,2024-01-02 18:00:00,64.95,0.467,98.91,1158.6,4410.7,26,0
87,2024-01-02 19:00:00,64.24,0.612,91.8,1239.3,4084.7,29,0
87,2024-01-02 20:00:00,67.85,0.824,98.87,1133.8,4224.3,27,0
87,2024-01-02 21:00:00,63.26,0.784,100.94,1166.9,4745.1,34,0
87,2024-01-02 22:00:00,62.4,0.942,96.64,1233.5,4308.8,20,0
87,2024-01-02 23:00:00,63.88,0.466,98.93,1194.0,4377.2,45,0
87,2024-01-03 00:00:00,65.51,0.138,100.32,1193.2,4324.1,33,0
87,2024-01-03 01:00:00,63.82,0.334,97.56,1135.8,3976.7,34,0
88,2024-01-01 00:00:00,64.12,1.386,90.47,1007.1,4446.5,20,0
88,2024-01-01 01:00:00,62.68,1.464,90.97,985.5,4044.6,31,0
88,2024-01-01 02:00:00,68.58,1.345,90.49,1005.7,4131.1,27,0
88,2024-01-01 03:00:00,68.53,1.498,90.28,962.3,4462.0,21,0
88,2024-01-01 04:00:00,65.65,1.517,94.42,1007.3,4029.7,30,0
88,2024-01-01 05:00:00,64.17,1.181,90.35,928.5,4533.1,31,0
88,2024-01-01 06:00:00,68.13,1.504,91.52,984.3,4283.2,29,0
88,2024-01-01 07:00:00,62.33,1.618,96.24,950.4,4569.0,27,0
88,2024-01-01 08:00:00,60.68,1.235,90.86,1028.5,4796.4,21,0
88,2024-01-01 09:00:00,64.62,1.269,90.69,984.8,4249.0,26,0
88,2024-01-01 10:00:00,67.45,1.527,86.11,974.7,4565.7,27,0
88,2024-01-01 11:00:00,67.76,1.203,91.49,970.9,4223.0,27,0
88,2024-01-01 12:00:00,66.02,1.48,93.52,976.8,4414.0,30,0
88,2024-01-01 13:00:00,68.94,1.614,93.0,945.0,4520.1,30,0
88,2024-01-01 14:00:00,67.16,1.169,95.15,957.9,4248.2,34,0
88,2024-01-01 15:00:00,62.64,1.627,93.85,918.6,4483.0,25,0
88,2024-01-01 16:00:00,69.13,1.644,91.17,973.1,4835.5,27,0
88,2024-01-01 17:00:00,65.27,1.689,91.53,984.2,4153.8,26,0
88,2024-01-01 18:00:00,66.51,0.816,95.97,935.8,4553.6,22,0
88,2024-01-01 19:00:00,63.1,1.27,93.89,950.8,4583.5,30,0
88,2024-01-01 20:00:00,64.56,1.362,92.26,1022.6,4664.6,39,0
88,2024-01-01 21:00:00,69.93,1.487,93.98,914.5,4613.1,31,0
88,2024-01-01 22:00:00,62.1,1.719,89.94,985.4,4074.9,32,0
88,2024-01-01 23:00:00,65.41,1.56,92.79,952.9,4349.0,30,0
88,2024-01-02 00:00:00,66.38,1.997,96.8,981.4,4350.5,27,0
88,2024-01-02 01:00:00,64.67,1.762,92.11,1038.5,4585.7,32,0
88,2024-01-02 02:00:00,63.65,0.982,88.83,1002.7,4532.7,28,0
88,2024-01-02 03:00:00,64.13,1.942,94.23,966.8,4487.8,30,0
88,2024-01-02 04:00:00,62.62,1.557,94.44,980.7,4010.7,27,0
88,2024-01-02 05:00:00,67.71,1.292,89.16,953.4,4308.5,23,0
88,2024-01-02 06:00:00,65.47,1.589,90.28,999.5,4685.9,26,0
88,2024-01-02 07:00:00,65.48,1.131,87.69,939.7,4345.5,38,0
88,2024-01-02 08:00:00,69.65,1.212,91.15,952.0,4666.7,30,0
88,2024-01-02 09:00:00,64.69,1.412,94.14,890.4,4395.3,25,0
88,2024-01-02 10:00:00,66.42,1.191,97.61,981.4,4286.2,25,0
88,2024-01-02 11:00:00,64.03,1.104,93.88,929.7,4391.8,22,0
88,2024-01-02 12:00:00,68.04,1.731,96.01,937.0,4143.7,37,0
88,2024-01-02 13:00:00,66.51,1.301,99.82,1010.8,4748.4,26,0
88,2024-01-02 14:00:00,65.8,1.434,94.93,939.3,4663.1,37,0
88,2024-01-02 15:00:00,67.01,1.142,95.0,970.5,4329.2,24,0
88,2024-01-02 16:00:00,69.32,1.462,95.01,1020.9,4507.0,31,0
88,2024-01-02 17:00:00,66.19,0.691,93.45,966.7,4722.3,24,0
88,2024-01-02 18:00:00,68.8,1.109,87.36,945.8,4073.5,26,0
88,2024-01-02 19:00:00,65.03,1.337,90.61,991.5,4363.0,53,0
88,2024-01-02 20:00:00,66.85,1.687,92.93,947.5,4042.6,27,0
88,2024-01-02 21:00:00,67.43,1.103,91.63,992.3,4647.4,25,0
88,2024-01-02 22:00:00,66.64,1.747,95.67,963.9,4615.1,34,0
88,2024-01-02 23:00:00,65.36,1.357,91.58,987.4,4257.3,24,0
88,2024-01-03 00:00:00,65.15,1.178,93.82,945.7,4083.0,40,0
88,2024-01-03 01:00:00,60.14,1.357,93.81,934.1,4225.6,28,0
89,2024-01-01 00:00:00,64.67,2.34,89.08,968.0,4359.6,32,0
89,2024-01-01 01:00:00,67.14,1.832,87.29,1010.4,4388.6,32,0
89,2024-01-01 02:00:00,65.75,1.947,95.65,932.7,4819.2,31,0
89,2024-01-01 03:00:00,63.17,2.143,88.36,911.4,4071.5,28,0
89,2024-01-01 04:00:00,66.17,2.731,93.7,1026.3,4828.3,38,0
89,2024-01-01 05:00:00,64.79,1.955,91.79,1004.1,4488.5,26,0
89,2024-01-01 06:00:00,67.2,1.63,89.77,947.2,4404.0,34,0
89,2024-01-01 07:00:00,64.59,1.972,91.98,891.9,4814.4,29,0
89,2024-01-01 08:00:00,66.6,1.92,85.04,944.3,4268.4,21,0
89,2024-01-01 09:00:00,65.92,2.07,85.0,898.9,4148.9,33,0
89,2024-01-01 10:00:00,67.61,2.408,88.92,1027.0,4208.1,28,0
89,2024-01-01 11:00:00,65.12,1.824,88.95,920.4,4692.2,35,0
89,2024-01-01 12:00:00,67.47,1.783,85.88,980.5,4672.7,37,0
89,2024-01-01 13:00:00,65.13,1.84,87.12,983.6,4696.2,32,0
89,2024-01-01 14:00:00,67.14,1.853,86.16,946.7,4298.5,23,0
89,2024-01-01 15:00:00,65.13,1.918,84.2,958.9,4690.7,31,0
89,2024-01-01 16:00:00,62.67,1.579,86.83,971.5,4346.8,20,0
89,2024-01-01 17:00:00,65.75,1.702,84.18,926.3,4750.4,33,0
89,2024-01-01 18:00:00,63.73,1.654,90.08,998.8,4102.1,47,0
89,2024-01-01 19:00:00,65.48,2.553,84.54,943.3,4729.0,29,0
89,2024-01-01 20:00:00,65.99,2.101,85.08,970.8,4301.2,27,0
89,2024-01-01 21:00:00,62.46,2.314,86.07,986.0,4709.1,26,0
89,2024-01-01 22:00:00,63.75,2.012,86.04,1015.5,4487.6,30,0
89,2024-01-01 23:00:00,65.62,1.777,91.27,987.8,4063.0,33,0
89,2024-01-02 00:00:00,63.51,1.667,83.66,942.4,4459.6,36,0
89,2024-01-02 01:00:00,63.68,2.079,87.09,984.7,4205.8,31,0
89,2024-01-02 02:00:00,62.82,2.075,91.94,940.7,4849.3,27,0
89,2024-01-02 03:00:00,65.38,1.761,87.18,1012.3,4211.5,32,0
89,2024-01-02 04:00:00,64.37,1.896,83.6,942.2,4498.4,29,0
89,2024-01-02 05:00:00,64.28,2.833,86.62,981.5,4516.7,29,0
89,2024-01-02 06:00:00,61.88,1.936,86.4,948.9,4904.4,33,0
89,2024-01-02 07:00:00,64.82,1.924,90.68,1022.2,4145.7,29,0
89,2024-01-02 08:00:00,64.13,1.853,84.8,994.9,4781.4,26,0
89,2024-01-02 09:00:00,63.5,1.389,85.14,956.8,4112.3,27,0
89,2024-01-02 10:00:00,67.61,2.032,90.09,957.7,4152.9,33,0
89,2024-01-02 11:00:00,66.38,1.713,80.17,981.1,4426.2,44,0
89,2024-01-02 12:00:00,65.61,1.189,89.28,978.3,4737.4,20,0
89,2024-01-02 13:00:00,62.47,2.194,87.46,964.0,4055.1,32,0
89,2024-01-02 14:00:00,64.45,2.137,82.44,944.4,4068.9,30,0
89,2024-01-02 15:00:00,65.41,1.922,84.09,1018.2,4493.7,28,0
89,2024-01-02 16:00:00,68.45,1.846,91.33,972.3,4557.3,28,0
89,2024-01-02 17:00:00,67.36,2.313,84.38,1037.8,4824.1,28,0
89,2024-01-02 18:00:00,67.01,1.86,90.65,957.5,4919.6,30,0
89,2024-01-02 19:00:00,66.99,1.907,90.09,969.3,4428.9,23,0
89,2024-01-02 20:00:00,64.56,2.306,86.91,970.5,4343.3,34,0
89,2024-01-02 21:00:00,62.75,1.87,87.63,921.3,4101.2,30,0
89,2024-01-02 22:00:00,66.47,2.216,88.79,1025.4,4704.8,26,0
89,2024-01-02 23:00:00,64.35,2.298,83.54,966.9,4101.6,35,0
89,2024-01-03 00:00:00,67.27,1.536,82.0,968.0,4113.9,24,0
89,2024-01-03 01:00:00,63.06,1.84,87.01,998.0,4752.6,29,0
90,2024-01-01 00:00:00,65.36,1.378,105.83,1196.2,4911.6,31,0
90,2024-01-01 01:00:00,65.96,1.086,103.53,1164.0,4680.6,26,0
90,2024-01-01 02:00:00,61.27,1.13,106.8,1196.6,4423.9,27,0
90,2024-01-01 03:00:00,63.05,0.633,101.1,1187.7,4932.2,36,0
90,2024-01-01 04:00:00,60.84,1.508,101.24,1184.5,4818.0,28,0
90,2024-01-01 05:00:00,61.07,1.178,99.34,1144.6,4806.4,22,0
90,2024-01-01 06:00:00,63.6,1.221,98.67,1186.1,4574.9,37,0
90,2024-01-01 07:00:00,66.22,1.534,108.41,1136.6,4668.8,36,0
90,2024-01-01 08:00:00,68.09,1.099,101.99,1172.4,4206.3,29,0
90,2024-01-01 09:00:00,58.5,1.554,98.39,1196.4,4182.2,36,0
90,2024-01-01 10:00:00,67.03,1.546,104.5,1166.7,4298.8,30,0
90,2024-01-01 11:00:00,60.69,1.277,102.79,1166.8,4202.0,31,0
90,2024-01-01 12:00:00,66.38,2.059,98.83,1156.6,4064.1,29,0
90,2024-01-01 13:00:00,63.35,1.515,103.86,1129.1,4300.6,20,0
90,2024-01-01 14:00:00,67.01,1.564,102.02,1083.9,4539.9,29,0
90,2024-01-01 15:00:00,62.23,1.885,101.18,1216.6,4774.3,25,0
90,2024-01-01 16:00:00,65.74,1.05,107.8,1145.4,4174.7,32,0
90,2024-01-01 17:00:00,64.13,1.649,104.81,1148.3,4797.9,39,0
90,2024-01-01 18:00:00,67.77,1.432,104.05,1170.8,4596.8,32,0
90,2024-01-01 19:00:00,66.97,1.567,101.05,1103.3,4443.8,31,0
90,2024-01-01 20:00:00,62.1,1.097,100.5,1137.4,4772.3,18,0
90,2024-01-01 21:00:00,61.81,1.739,104.85,1147.3,4915.0,33,0
90,2024-01-01 22:00:00,62.31,1.314,100.52,1132.6,4225.1,30,0
90,2024-01-01 23:00:00,67.14,1.251,102.42,1138.9,4611.9,42,0
90,2024-01-02 00:00:00,59.91,1.516,96.58,1139.9,4636.0,28,0
90,2024-01-02 01:00:00,63.55,1.456,105.45,1117.8,4641.9,36,0
90,2024-01-02 02:00:00,63.65,1.355,101.16,1150.6,4378.0,30,0
90,2024-01-02 03:00:00,62.1,0.824,97.39,1178.4,4855.5,30,0
90,2024-01-02 04:00:00,62.09,0.996,108.01,1162.0,4159.1,33,0
90,2024-01-02 05:00:00,64.75,1.484,101.62,1187.1,4760.5,30,0
90,2024-01-02 06:00:00,64.74,1.391,104.74,1094.2,4609.9,27,0
90,2024-01-02 07:00:00,64.72,1.1,98.85,1165.6,4903.8,26,0
90,2024-01-02 08:00:00,61.61,0.94,102.21,1170.8,4912.8,25,0
90,2024-01-02 09:00:00,62.88,1.178,106.4,1194.9,4372.7,27,0
90,2024-01-02 10:00:00,60.51,1.356,101.53,1202.9,4610.9,29,0
90,2024-01-02 11:00:00,67.47,1.291,99.52,1090.2,4269.8,35,0
90,2024-01-02 12:00:00,66.85,1.089,107.82,1116.4,4426.7,26,0
90,2024-01-02 13:00:00,63.92,0.777,103.79,1103.5,4338.5,34,0
90,2024-01-02 14:00:00,64.21,0.988,102.27,1177.0,4818.6,33,0
90,2024-01-02 15:00:00,64.42,1.671,106.95,1148.6,4671.0,28,0
90,2024-01-02 16:00:00,59.13,1.002,102.81,1171.8,4350.2,37,0
90,2024-01-02 17:00:00,65.97,1.38,105.51,1158.0,4880.3,32,0
90,2024-01-02 18:00:00,62.45,1.611,98.85,1163.0,4559.0,30,0
90,2024-01-02 19:00:00,62.07,0.507,100.16,1204.0,4249.5,30,0
90,2024-01-02 20:00:00,65.1,0.923,100.93,1132.2,4945.2,29,0
90,2024-01-02 21:00:00,66.92,1.309,104.81,1171.9,4436.8,31,0
90,2024-01-02 22:00:00,62.79,1.396,102.51,1115.7,4226.9,28,0
90,2024-01-02 23:00:00,62.37,1.225,98.36,1092.4,4642.8,41,0
90,2024-01-03 00:00:00,61.5,1.161,106.51,1123.9,4387.8,27,0
90,2024-01-03 01:00:00,60.59,0.984,105.06,1133.7,4514.6,28,0
91,2024-01-01 00:00:00,67.29,1.031,92.5,933.8,4782.6,24,0
91,2024-01-01 01:00:00,66.89,1.157,96.61,1032.8,4408.7,41,0
91,2024-01-01 02:00:00,71.03,1.251,95.12,946.6,4441.9,32,0
91,2024-01-01 03:00:00,73.76,0.987,96.58,999.1,4523.7,39,0
91,2024-01-01 04:00:00,73.54,1.015,95.67,1001.0,4250.5,36,0
91,2024-01-01 05:00:00,67.64,0.787,93.59,970.7,4328.6,29,0
91,2024-01-01 06:00:00,73.88,0.93,95.6,960.4,4213.5,32,0
91,2024-01-01 07:00:00,66.86,1.606,90.27,996.2,4222.7,33,0
91,2024-01-01 08:00:00,69.22,1.131,92.84,1008.8,4141.9,38,0
91,2024-01-01 09:00:00,70.57,1.093,96.9,1014.6,4765.4,29,0
91,2024-01-01 10:00:00,71.54,1.099,96.59,979.6,4924.6,32,0
91,2024-01-01 11:00:00,68.49,0.784,93.44,1008.1,4618.2,30,0
91,2024-01-01 12:00:00,69.48,1.012,93.6,987.6,4769.5,24,0
91,2024-01-01 13:00:00,71.48,1.146,93.06,1004.2,4712.7,33,0
91,2024-01-01 14:00:00,70.74,1.569,99.35,973.8,4577.5,34,0
91,2024-01-01 15:00:00,69.24,1.312,93.39,960.8,4826.5,24,0
91,2024-01-01 16:00:00,72.16,1.525,92.61,926.3,4756.5,28,0
91,2024-01-01 17:00:00,70.73,1.667,89.64,1014.9,4161.9,35,0
91,2024-01-01 18:00:00,69.26,0.775,96.62,995.1,4348.4,31,0
91,2024-01-01 19:00:00,68.82,0.812,94.76,930.0,4747.7,32,0
91,2024-01-01 20:00:00,69.12,0.117,92.27,980.5,5000.1,38,0
91,2024-01-01 21:00:00,70.71,1.376,94.28,968.7,4149.3,32,0
91,2024-01-01 22:00:00,66.68,1.267,90.29,984.4,4436.2,24,0
91,2024-01-01 23:00:00,72.49,0.652,94.71,990.4,4457.9,30,0
91,2024-01-02 00:00:00,70.33,1.544,95.8,1001.5,4214.8,33,0
91,2024-01-02 01:00:00,65.85,1.352,96.5,1011.2,4414.9,33,0
91,2024-01-02 02:00:00,66.95,1.117,97.29,963.3,4385.0,31,0
91,2024-01-02 03:00:00,67.56,0.768,90.61,964.6,4478.1,24,0
91,2024-01-02 04:00:00,67.67,1.258,91.11,1030.5,4450.4,27,0
91,2024-01-02 05:00:00,69.85,1.059,99.04,1012.8,4607.7,29,0
91,2024-01-02 06:00:00,70.82,0.645,98.53,954.6,4270.1,36,0
91,2024-01-02 07:00:00,75.24,0.729,95.12,1033.1,4605.3,28,0
91,2024-01-02 08:00:00,68.17,1.049,89.33,930.7,4241.0,32,0
91,2024-01-02 09:00:00,66.19,0.855,93.71,983.0,4418.2,24,0
91,2024-01-02 10:00:00,69.02,1.033,94.44,997.4,5036.9,28,0
91,2024-01-02 11:00:00,69.36,1.307,90.26,1035.1,4688.0,25,0
91,2024-01-02 12:00:00,66.63,0.985,89.03,1016.3,4322.6,31,0
91,2024-01-02 13:00:00,71.56,1.344,95.3,1009.8,4482.4,34,0
91,2024-01-02 14:00:00,68.66,0.721,93.97,1043.7,4554.4,23,0
91,2024-01-02 15:00:00,71.51,1.05,92.58,968.6,4465.0,36,0
91,2024-01-02 16:00:00,71.76,1.278,95.38,1060.0,4472.2,32,0
91,2024-01-02 17:00:00,69.06,1.575,95.84,973.3,4642.3,31,0
91,2024-01-02 18:00:00,70.22,0.65,93.46,949.0,4304.3,35,0
91,2024-01-02 19:00:00,71.93,1.416,91.17,954.4,4753.8,30,0
91,2024-01-02 20:00:00,74.32,0.812,97.44,969.8,4190.9,28,0
91,2024-01-02 21:00:00,68.8,0.999,96.5,1073.1,4194.0,35,0
91,2024-01-02 22:00:00,70.2,1.041,103.37,946.9,4331.4,40,0
91,2024-01-02 23:00:00,69.04,1.354,92.55,947.4,4394.9,42,0
91,2024-01-03 00:00:00,69.43,0.653,93.04,1027.1,4325.7,27,0
91,2024-01-03 01:00:00,69.15,1.277,96.05,970.7,5013.0,38,0
92,2024-01-01 00:00:00,69.68,1.53,121.82,852.9,4271.9,43,0
92,2024-01-01 01:00:00,67.85,1.3,120.46,868.6,4343.0,34,0
92,2024-01-01 02:00:00,69.79,1.545,119.5,879.4,4688.3,30,0
92,2024-01-01 03:00:00,69.42,1.294,122.15,870.1,4293.7,39,0
92,2024-01-01 04:00:00,70.69,2.159,121.31,836.0,4930.1,18,0
92,2024-01-01 05:00:00,67.48,1.433,117.65,862.6,4285.0,35,0
92,2024-01-01 06:00:00,73.6,1.387,127.54,870.4,4528.6,30,0
92,2024-01-01 07:00:00,69.96,1.221,116.52,900.8,5048.4,35,0
92,2024-01-01 08:00:00,73.62,1.331,126.33,860.0,4238.6,35,0
92,2024-01-01 09:00:00,66.49,1.611,117.48,874.7,4554.0,34,0
92,2024-01-01 10:00:00,70.66,1.338,117.8,874.3,4230.9,24,0
92,2024-01-01 11:00:00,68.94,1.806,116.51,855.6,4814.4,27,0
92,2024-01-01 12:00:00,70.25,1.767,126.53,872.1,4750.8,31,0
92,2024-01-01 13:00:00,71.69,1.199,118.75,857.0,4442.1,28,0
92,2024-01-01 14:00:00,65.69,2.162,117.21,828.6,4370.6,21,0
92,2024-01-01 15:00:00,69.38,1.591,118.61,799.7,4747.8,34,0
92,2024-01-01 16:00:00,69.44,1.667,119.35,917.3,4289.5,30,0
92,2024-01-01 17:00:00,74.75,1.521,114.47,850.3,4299.4,32,0
92,2024-01-01 18:00:00,69.08,1.885,124.4,782.1,4730.2,28,0
92,2024-01-01 19:00:00,68.3,1.335,121.49,904.2,5074.4,32,0
92,2024-01-01 20:00:00,69.42,1.984,118.79,890.0,4850.8,23,0
92,2024-01-01 21:00:00,65.38,1.663,119.81,828.3,4919.5,29,0
92,2024-01-01 22:00:00,69.14,1.604,118.85,880.3,4770.1,38,0
92,2024-01-01 23:00:00,67.65,1.598,119.6,854.0,4323.6,25,0
92,2024-01-02 00:00:00,69.24,0.899,115.55,856.8,4896.3,36,0
92,2024-01-02 01:00:00,66.88,1.337,122.14,849.3,5029.9,31,0
92,2024-01-02 02:00:00,71.27,1.305,119.63,826.3,4407.4,22,0
92,2024-01-02 03:00:00,70.14,1.478,117.12,866.0,4966.5,32,0
92,2024-01-02 04:00:00,67.82,1.132,119.23,851.9,4929.6,21,0
92,2024-01-02 05:00:00,68.54,1.509,122.42,892.7,4871.0,33,0
92,2024-01-02 06:00:00,70.73,1.924,122.02,833.9,4393.2,39,0
92,2024-01-02 07:00:00,63.88,1.906,117.5,804.3,4470.8,35,0
92,2024-01-02 08:00:00,67.95,1.565,116.21,876.8,4330.5,34,0
92,2024-01-02 09:00:00,66.43,1.554,116.21,893.8,4764.6,28,0
92,2024-01-02 10:00:00,69.74,1.901,117.46,886.0,4670.8,38,0
92,2024-01-02 11:00:00,70.39,1.797,119.95,832.2,4229.1,26,0
92,2024-01-02 12:00:00,72.21,1.312,119.95,886.2,4312.0,30,0
92,2024-01-02 13:00:00,69.87,1.762,118.35,871.8,4741.1,31,0
92,2024-01-02 14:00:00,70.27,1.269,118.38,834.2,4670.6,29,0
92,2024-01-02 15:00:00,66.48,1.555,116.56,833.7,4427.1,26,0
92,2024-01-02 16:00:00,73.94,1.822,115.41,856.0,4275.6,31,0
92,2024-01-02 17:00:00,71.95,1.905,116.98,813.4,4517.7,34,0
92,2024-01-02 18:00:00,70.4,1.712,124.41,859.9,4687.3,30,0
92,2024-01-02 19:00:00,73.34,2.26,119.83,885.3,4835.1,39,0
92,2024-01-02 20:00:00,70.29,1.258,115.6,840.4,4404.2,36,0
92,2024-01-02 21:00:00,70.33,1.997,120.74,808.5,4264.7,29,0
92,2024-01-02 22:00:00,69.29,1.97,119.28,887.1,4495.4,31,0
92,2024-01-02 23:00:00,69.81,1.159,118.74,856.8,4272.4,36,0
92,2024-01-03 00:00:00,72.1,1.619,120.82,793.8,4687.7,33,0
92,2024-01-03 01:00:00,67.75,1.808,116.93,880.0,5086.2,33,0
93,2024-01-01 00:00:00,60.6,1.698,86.4,863.4,4493.9,30,0
93,2024-01-01 01:00:00,63.01,1.522,88.31,833.8,4948.2,30,0
93,2024-01-01 02:00:00,64.19,2.13,86.84,846.0,4487.3,28,0
93,2024-01-01 03:00:00,56.16,0.989,89.05,848.9,4863.7,29,0
93,2024-01-01 04:00:00,62.95,1.549,89.09,812.5,4970.9,37,0
93,2024-01-01 05:00:00,57.01,1.837,93.13,875.0,4739.7,30,0
93,2024-01-01 06:00:00,62.59,1.57,92.72,824.9,4254.1,28,0
93,2024-01-01 07:00:00,62.5,1.745,86.05,857.6,4980.4,25,0
93,2024-01-01 08:00:00,60.43,2.305,90.57,874.9,4679.4,35,0
93,2024-01-01 09:00:00,62.86,1.393,96.76,865.5,5027.9,36,0
93,2024-01-01 10:00:00,60.52,2.487,87.09,838.5,4926.2,25,0
93,2024-01-01 11:00:00,62.2,1.705,89.02,845.9,4596.1,34,0
93,2024-01-01 12:00:00,64.76,1.354,91.89,831.0,4533.1,25,0
93,2024-01-01 13:00:00,62.92,1.527,91.16,868.6,4960.6,22,0
93,2024-01-01 14:00:00,63.29,1.396,84.41,834.1,4949.3,26,0
93,2024-01-01 15:00:00,62.27,1.634,89.38,853.8,4786.5,35,0
93,2024-01-01 16:00:00,60.74,1.657,91.4,842.1,4348.2,26,0
93,2024-01-01 17:00:00,60.55,1.296,91.65,847.0,5004.9,30,0
93,2024-01-01 18:00:00,58.65,1.648,87.84,875.3,5089.8,30,0
93,2024-01-01 19:00:00,61.7,1.778,86.66,841.3,4793.0,26,0
93,2024-01-01 20:00:00,61.75,0.677,92.8,849.4,4274.5,35,0
93,2024-01-01 21:00:00,62.51,1.321,91.0,868.3,5035.8,29,0
93,2024-01-01 22:00:00,63.65,2.187,92.92,870.6,4619.4,25,0
93,2024-01-01 23:00:00,59.58,1.75,91.63,882.5,4520.5,39,0
93,2024-01-02 00:00:00,60.15,1.707,83.56,880.4,4262.7,34,0
93,2024-01-02 01:00:00,62.81,2.025,87.88,843.7,5074.1,26,0
93,2024-01-02 02:00:00,62.56,1.529,88.81,867.7,4569.4,32,0
93,2024-01-02 03:00:00,63.1,1.616,93.44,859.4,4485.5,33,0
93,2024-01-02 04:00:00,60.18,1.455,87.03,806.7,5041.2,22,0
93,2024-01-02 05:00:00,63.26,1.209,88.24,830.8,4872.2,23,0
93,2024-01-02 06:00:00,65.65,1.733,88.73,856.4,4888.8,25,0
93,2024-01-02 07:00:00,63.54,1.221,92.74,904.0,4297.4,39,0
93,2024-01-02 08:00:00,62.27,1.625,89.62,896.4,4922.4,35,0
93,2024-01-02 09:00:00,62.86,1.551,86.42,839.8,4735.4,27,0
93,2024-01-02 10:00:00,57.87,2.024,85.34,841.7,4358.5,27,0
93,2024-01-02 11:00:00,59.11,1.401,88.17,841.4,4779.8,30,0
93,2024-01-02 12:00:00,62.52,0.928,87.06,840.2,5079.7,33,0
93,2024-01-02 13:00:00,64.6,0.984,92.18,837.7,4263.9,26,0
93,2024-01-02 14:00:00,60.01,2.228,89.3,786.3,4281.7,30,0
93,2024-01-02 15:00:00,62.83,1.693,91.33,830.2,4467.4,33,0
93,2024-01-02 16:00:00,62.59,1.44,87.53,861.2,4966.8,34,0
93,2024-01-02 17:00:00,60.88,1.574,87.45,845.1,4232.8,34,0
93,2024-01-02 18:00:00,62.02,1.662,93.38,806.8,4708.2,35,0
93,2024-01-02 19:00:00,61.74,1.64,86.77,830.4,5144.2,33,0
93,2024-01-02 20:00:00,66.97,2.008,87.56,793.3,4425.4,40,0
93,2024-01-02 21:00:00,64.4,1.668,95.14,866.3,5001.3,38,0
93,2024-01-02 22:00:00,62.4,2.188,89.09,845.1,4781.9,19,0
93,2024-01-02 23:00:00,60.09,1.508,88.94,852.8,4415.6,36,0
93,2024-01-03 00:00:00,65.91,1.243,93.01,900.5,4926.8,22,0
93,2024-01-03 01:00:00,63.85,1.235,93.74,835.3,4345.5,34,0
94,2024-01-01 00:00:00,76.22,1.738,98.82,930.4,4924.9,36,0
94,2024-01-01 01:00:00,74.79,1.964,103.15,881.6,4522.2,32,0
94,2024-01-01 02:00:00,74.62,1.81,101.25,884.4,4900.5,27,0
94,2024-01-01 03:00:00,73.59,1.475,91.17,909.3,5138.4,24,0
94,2024-01-01 04:00:00,73.88,2.079,97.61,852.1,5016.1,28,0
94,2024-01-01 05:00:00,75.82,1.655,99.94,870.1,4963.4,19,0
94,2024-01-01 06:00:00,73.29,2.216,101.0,907.3,5075.9,40,0
94,2024-01-01 07:00:00,74.82,1.748,103.39,909.9,4249.8,34,0
94,2024-01-01 08:00:00,74.36,1.585,97.91,858.1,4637.0,33,0
94,2024-01-01 09:00:00,75.03,1.812,97.03,901.1,5131.2,34,0
94,2024-01-01 10:00:00,75.3,1.531,99.53,833.1,5023.6,24,0
94,2024-01-01 11:00:00,75.58,1.537,92.73,868.3,4862.2,30,0
94,2024-01-01 12:00:00,73.14,1.729,98.35,858.3,4700.0,36,0
94,2024-01-01 13:00:00,74.03,1.767,95.56,898.7,5089.9,23,0
94,2024-01-01 14:00:00,75.25,1.342,99.78,872.8,4670.5,29,0
94,2024-01-01 15:00:00,75.15,1.528,99.23,846.8,5112.1,30,0
94,2024-01-01 16:00:00,74.62,1.112,101.02,926.9,4762.7,30,0
94,2024-01-01 17:00:00,78.45,1.65,102.25,913.2,4330.4,34,0
94,2024-01-01 18:00:00,77.88,1.911,99.13,818.1,4294.4,19,0
94,2024-01-01 19:00:00,77.54,1.784,99.09,885.6,4996.6,29,0
94,2024-01-01 20:00:00,75.24,1.586,98.23,840.3,4292.8,21,0
94,2024-01-01 21:00:00,75.95,1.7,97.03,828.4,4387.7,24,0
94,2024-01-01 22:00:00,75.73,1.331,99.16,894.7,4373.0,38,0
94,2024-01-01 23:00:00,76.5,1.668,99.3,930.4,4284.5,27,0
94,2024-01-02 00:00:00,76.72,1.641,101.14,930.3,4974.7,20,0
94,2024-01-02 01:00:00,76.51,1.204,96.95,918.9,4491.5,32,0
94,2024-01-02 02:00:00,78.05,1.706,100.84,886.3,4682.2,33,0
94,2024-01-02 03:00:00,77.95,1.99,92.28,893.0,4486.2,31,0
94,2024-01-02 04:00:00,75.31,1.637,97.71,811.9,4814.9,27,0
94,2024-01-02 05:00:00,77.05,1.118,99.06,877.9,4699.2,29,0
94,2024-01-02 06:00:00,74.1,1.566,100.68,918.6,5024.5,23,0
94,2024-01-02 07:00:00,79.0,1.753,97.23,892.8,4898.9,34,0
94,2024-01-02 08:00:00,74.63,1.966,98.35,956.2,4949.6,49,0
94,2024-01-02 09:00:00,79.46,1.304,101.7,949.9,5092.8,36,0
94,2024-01-02 10:00:00,76.89,1.502,99.56,941.9,4358.0,35,0
94,2024-01-02 11:00:00,76.77,1.376,96.86,883.5,4620.0,37,0
94,2024-01-02 12:00:00,75.59,1.726,95.23,905.2,4970.2,46,0
94,2024-01-02 13:00:00,76.43,1.683,100.74,895.0,4740.2,28,0
94,2024-01-02 14:00:00,79.74,0.884,99.97,906.4,5118.5,31,0
94,2024-01-02 15:00:00,75.91,2.182,98.37,895.4,4292.5,35,0
94,2024-01-02 16:00:00,76.71,1.824,101.21,928.9,4335.8,31,0
94,2024-01-02 17:00:00,77.65,2.147,97.54,886.7,5036.7,24,0
94,2024-01-02 18:00:00,74.96,1.44,98.96,828.6,4328.0,29,0
94,2024-01-02 19:00:00,78.15,1.836,99.84,912.1,4800.5,32,0
94,2024-01-02 20:00:00,76.56,1.706,94.02,832.3,4474.0,28,0
94,2024-01-02 21:00:00,75.33,2.187,92.72,892.4,5182.4,33,0
94,2024-01-02 22:00:00,75.94,2.386,98.8,867.8,4905.4,28,0
94,2024-01-02 23:00:00,77.66,1.626,103.42,896.0,4657.0,16,0
94,2024-01-03 00:00:00,80.9,2.709,96.0,882.1,5105.0,33,0
94,2024-01-03 01:00:00,75.05,2.211,102.28,898.6,5041.9,36,0
95,2024-01-01 00:00:00,71.24,0.811,109.62,999.7,4548.3,40,0
95,2024-01-01 01:00:00,73.19,1.318,113.0,935.7,4482.8,27,0
95,2024-01-01 02:00:00,69.82,0.685,121.3,1008.2,4366.9,21,0
95,2024-01-01 03:00:00,74.58,0.921,113.73,1003.1,4764.2,28,0
95,2024-01-01 04:00:00,70.19,1.203,113.74,942.3,4469.3,33,0
95,2024-01-01 05:00:00,72.75,0.677,119.59,988.7,4525.3,25,0
95,2024-01-01 06:00:00,72.41,1.223,120.86,1022.9,4821.2,34,0
95,2024-01-01 07:00:00,80.48,0.943,117.86,1012.6,4433.6,24,0
95,2024-01-01 08:00:00,70.66,0.889,116.12,928.5,5001.8,29,0
95,2024-01-01 09:00:00,76.51,0.927,118.3,999.7,4533.9,25,0
95,2024-01-01 10:00:00,71.06,1.084,118.89,980.5,4405.0,30,0
95,2024-01-01 11:00:00,72.77,0.192,115.71,1048.3,4487.9,30,0
95,2024-01-01 12:00:00,76.83,0.78,118.71,946.5,4820.9,24,0
95,2024-01-01 13:00:00,73.23,0.445,114.21,973.1,4589.1,34,0
95,2024-01-01 14:00:00,73.64,0.758,115.49,994.0,4451.4,35,0
95,2024-01-01 15:00:00,76.2,0.717,116.08,993.3,5183.1,42,0
95,2024-01-01 16:00:00,72.01,0.857,117.98,979.2,4359.7,29,0
95,2024-01-01 17:00:00,72.28,1.426,116.84,1018.6,4658.4,39,0
95,2024-01-01 18:00:00,72.39,1.009,112.81,990.2,4707.8,33,0
95,2024-01-01 19:00:00,74.77,1.182,117.77,991.0,4423.8,33,0
95,2024-01-01 20:00:00,76.19,0.72,114.65,1018.9,4655.8,35,0
95,2024-01-01 21:00:00,75.3,1.117,115.59,1034.0,4809.2,26,0
95,2024-01-01 22:00:00,75.53,0.675,114.09,961.7,4346.7,41,0
95,2024-01-01 23:00:00,72.5,0.946,110.3,929.5,4709.8,35,0
95,2024-01-02 00:00:00,79.3,1.088,118.76,1025.3,5050.0,22,0
95,2024-01-02 01:00:00,71.16,1.2,120.43,926.3,4356.7,33,0
95,2024-01-02 02:00:00,75.62,0.83,117.0,983.3,5140.7,30,0
95,2024-01-02 03:00:00,72.97,1.081,115.48,952.1,4763.2,37,0
95,2024-01-02 04:00:00,72.45,1.273,115.63,960.4,4382.1,32,0
95,2024-01-02 05:00:00,72.81,1.344,121.57,972.5,4575.4,21,0
95,2024-01-02 06:00:00,75.36,1.066,115.8,988.3,5045.5,18,0
95,2024-01-02 07:00:00,72.37,1.016,118.56,1034.0,4416.9,29,0
95,2024-01-02 08:00:00,77.29,1.022,113.19,980.7,4570.5,24,0
95,2024-01-02 09:00:00,75.32,0.728,115.38,1026.0,4653.1,38,0
95,2024-01-02 10:00:00,73.49,1.193,117.58,1015.1,5080.2,41,0
95,2024-01-02 11:00:00,76.64,0.998,114.69,976.0,4940.8,27,0
95,2024-01-02 12:00:00,71.41,0.96,114.64,993.8,4425.3,42,0
95,2024-01-02 13:00:00,75.8,1.03,115.93,952.3,5239.7,33,0
95,2024-01-02 14:00:00,74.31,0.649,112.39,1028.5,5117.0,27,0
95,2024-01-02 15:00:00,76.2,0.907,117.58,1025.9,4641.3,25,0
95,2024-01-02 16:00:00,73.14,1.235,111.95,933.2,4685.6,21,0
95,2024-01-02 17:00:00,73.57,1.178,121.49,971.7,5004.9,23,0
95,2024-01-02 18:00:00,70.5,0.699,117.68,947.6,5020.9,28,0
95,2024-01-02 19:00:00,73.84,1.062,115.47,996.8,4477.3,20,0
95,2024-01-02 20:00:00,74.75,1.006,113.82,966.7,4432.8,25,0
95,2024-01-02 21:00:00,73.95,0.959,113.03,960.7,4566.3,36,0
95,2024-01-02 22:00:00,74.72,0.371,112.92,981.7,5130.0,28,0
95,2024-01-02 23:00:00,78.18,1.226,114.36,943.1,4890.6,23,0
95,2024-01-03 00:00:00,74.98,0.83,123.93,995.1,4755.8,34,0
95,2024-01-03 01:00:00,70.55,1.173,120.19,993.4,4400.1,20,0
96,2024-01-01 00:00:00,68.98,0.651,89.81,1139.6,4830.7,21,0
96,2024-01-01 01:00:00,68.71,1.129,84.22,1108.6,5036.6,26,0
96,2024-01-01 02:00:00,69.02,0.465,90.07,1141.1,4496.8,30,0
96,2024-01-01 03:00:00,69.93,0.73,87.31,1086.2,4917.9,31,0
96,2024-01-01 04:00:00,69.19,1.074,89.68,1099.3,4715.8,28,0
96,2024-01-01 05:00:00,69.81,1.218,85.58,1110.9,4645.5,36,0
96,2024-01-01 06:00:00,67.27,1.039,86.79,1137.6,5107.0,29,0
96,2024-01-01 07:00:00,68.36,0.339,87.42,1150.8,5225.5,35,0
96,2024-01-01 08:00:00,63.72,1.016,89.11,1156.4,4830.2,25,0
96,2024-01-01 09:00:00,70.65,0.685,90.03,1098.4,4714.5,24,0
96,2024-01-01 10:00:00,67.96,0.46,90.27,1092.1,4940.8,34,0
96,2024-01-01 11:00:00,69.2,1.222,89.78,1120.8,5117.7,37,0
96,2024-01-01 12:00:00,68.69,1.026,85.23,1115.2,4359.1,35,0
96,2024-01-01 13:00:00,70.25,0.707,89.87,1119.8,4362.1,16,0
96,2024-01-01 14:00:00,69.57,0.519,88.6,1111.4,4857.8,25,0
96,2024-01-01 15:00:00,70.03,0.699,90.81,1118.5,5112.6,32,0
96,2024-01-01 16:00:00,69.28,0.852,90.68,1153.9,4797.1,29,0
96,2024-01-01 17:00:00,71.09,0.838,82.88,1146.8,4405.9,31,0
96,2024-01-01 18:00:00,69.4,1.274,89.18,1142.3,4417.9,25,0
96,2024-01-01 19:00:00,70.2,0.607,85.91,1131.6,4468.3,29,0
96,2024-01-01 20:00:00,66.74,0.988,88.77,1153.1,4374.9,29,0
96,2024-01-01 21:00:00,67.55,1.091,86.07,1146.1,5182.7,21,0
96,2024-01-01 22:00:00,70.91,1.012,88.86,1112.4,4480.6,31,0
96,2024-01-01 23:00:00,66.92,0.577,86.92,1122.9,4460.3,21,0
96,2024-01-02 00:00:00,64.62,1.371,86.45,1141.7,4847.4,29,0
96,2024-01-02 01:00:00,71.2,0.789,87.01,1166.3,4913.1,34,0
96,2024-01-02 02:00:00,68.18,1.157,92.13,1112.4,4597.2,37,0
96,2024-01-02 03:00:00,67.51,1.146,87.65,1145.2,4844.0,24,0
96,2024-01-02 04:00:00,70.07,0.666,88.87,1166.7,4659.4,22,0
96,2024-01-02 05:00:00,68.61,1.032,93.98,1100.3,4702.9,26,0
96,2024-01-02 06:00:00,69.16,0.967,83.32,1143.3,4643.7,28,0
96,2024-01-02 07:00:00,73.82,0.407,85.68,1189.1,5038.1,34,0
96,2024-01-02 08:00:00,71.24,1.249,88.13,1150.6,5076.9,34,0
96,2024-01-02 09:00:00,71.74,1.069,92.56,1099.1,4580.6,29,0
96,2024-01-02 10:00:00,72.37,0.888,82.14,1124.0,4518.1,26,0
96,2024-01-02 11:00:00,68.81,1.115,89.86,1120.3,5233.2,27,0
96,2024-01-02 12:00:00,68.52,0.701,90.51,1143.8,4765.0,24,0
96,2024-01-02 13:00:00,71.91,0.871,84.66,1134.6,4543.0,36,0
96,2024-01-02 14:00:00,68.99,1.196,84.89,1137.7,4994.6,23,0
96,2024-01-02 15:00:00,70.23,0.857,83.94,1138.6,5102.3,30,0
96,2024-01-02 16:00:00,70.5,0.647,87.45,1118.1,4580.1,18,0
96,2024-01-02 17:00:00,66.38,0.699,85.64,1158.7,5146.3,29,0
96,2024-01-02 18:00:00,69.34,0.813,87.73,1153.1,4954.9,31,0
96,2024-01-02 19:00:00,67.37,0.922,84.97,1099.4,4930.0,35,0
96,2024-01-02 20:00:00,71.07,0.95,91.71,1147.6,4613.5,29,0
96,2024-01-02 21:00:00,71.01,0.686,82.65,1181.1,4388.1,36,0
96,2024-01-02 22:00:00,67.65,0.451,90.09,1132.3,4701.3,23,0
96,2024-01-02 23:00:00,70.8,0.785,86.08,1120.9,4912.9,31,0
96,2024-01-03 00:00:00,67.03,1.152,91.67,1137.7,5110.7,24,0
96,2024-01-03 01:00:00,68.89,1.557,92.63,1102.1,5057.5,31,0
97,2024-01-01 00:00:00,62.96,1.019,89.84,968.4,4814.6,35,0
97,2024-01-01 01:00:00,61.09,0.904,95.22,962.4,5051.5,33,0
97,2024-01-01 02:00:00,59.13,1.467,94.77,952.5,4881.2,36,0
97,2024-01-01 03:00:00,59.28,1.2,94.28,966.5,4913.4,31,0
97,2024-01-01 04:00:00,65.37,0.889,91.06,957.3,4443.7,25,0
97,2024-01-01 05:00:00,60.8,0.899,90.92,944.9,5135.2,44,0
97,2024-01-01 06:00:00,61.86,1.051,91.62,932.9,5233.4,34,0
97,2024-01-01 07:00:00,61.39,1.346,93.65,973.7,5013.6,25,0
97,2024-01-01 08:00:00,63.56,1.472,89.93,993.0,5003.5,27,0
97,2024-01-01 09:00:00,62.45,0.45,81.86,916.0,4753.0,24,0
97,2024-01-01 10:00:00,62.17,1.249,89.96,931.1,4557.5,34,0
97,2024-01-01 11:00:00,62.47,0.74,94.08,965.7,4728.5,28,0
97,2024-01-01 12:00:00,60.16,0.872,94.03,989.2,5339.2,27,0
97,2024-01-01 13:00:00,59.87,1.044,89.86,972.9,4894.2,30,0
97,2024-01-01 14:00:00,62.19,0.999,89.67,933.2,4888.5,22,0
97,2024-01-01 15:00:00,63.03,1.257,92.72,945.5,5139.9,35,0
97,2024-01-01 16:00:00,62.48,0.392,95.73,923.8,4467.5,30,0
97,2024-01-01 17:00:00,63.76,0.614,92.24,1022.2,4413.7,24,0
97,2024-01-01 18:00:00,63.07,0.738,91.99,926.9,5047.0,29,0
97,2024-01-01 19:00:00,62.25,1.206,97.31,924.3,4618.4,24,0
97,2024-01-01 20:00:00,62.16,0.271,89.38,912.2,4764.7,35,0
97,2024-01-01 21:00:00,64.04,1.433,92.64,983.2,4464.8,29,0
97,2024-01-01 22:00:00,61.75,0.864,94.77,1031.4,4607.2,29,0
97,2024-01-01 23:00:00,62.67,1.137,95.77,1010.3,5067.2,18,0
97,2024-01-02 00:00:00,64.53,1.248,90.64,957.4,5152.0,34,0
97,2024-01-02 01:00:00,61.75,1.103,90.72,1019.5,5260.3,23,0
97,2024-01-02 02:00:00,64.06,1.568,88.38,937.0,4833.0,30,0
97,2024-01-02 03:00:00,63.79,1.37,91.27,960.8,4931.8,29,0
97,2024-01-02 04:00:00,60.72,0.738,98.14,1008.0,4778.2,35,0
97,2024-01-02 05:00:00,61.25,1.578,90.23,933.1,4494.9,31,0
97,2024-01-02 06:00:00,63.71,0.654,93.38,928.4,5205.5,33,0
97,2024-01-02 07:00:00,64.42,0.967,93.03,978.5,4415.9,35,0
97,2024-01-02 08:00:00,62.76,0.695,88.95,1024.9,4816.3,37,0
97,2024-01-02 09:00:00,61.17,0.996,87.5,931.2,4678.2,27,0
97,2024-01-02 10:00:00,62.22,0.421,87.03,975.1,4438.9,36,0
97,2024-01-02 11:00:00,65.21,1.674,92.64,1010.2,4746.7,30,0
97,2024-01-02 12:00:00,63.14,0.666,93.49,935.3,5351.4,34,0
97,2024-01-02 13:00:00,61.59,1.135,94.03,907.8,5156.7,27,0
97,2024-01-02 14:00:00,61.22,0.972,90.79,989.8,4865.0,33,0
97,2024-01-02 15:00:00,62.92,0.93,99.46,992.9,4891.7,33,0
97,2024-01-02 16:00:00,63.34,0.771,89.69,964.3,5008.0,32,0
97,2024-01-02 17:00:00,63.53,1.225,90.34,920.1,4450.2,33,0
97,2024-01-02 18:00:00,61.78,1.015,89.78,949.5,4441.2,38,0
97,2024-01-02 19:00:00,63.38,1.165,88.18,954.4,5076.3,38,0
97,2024-01-02 20:00:00,62.06,0.541,87.02,960.7,5100.0,40,0
97,2024-01-02 21:00:00,62.49,0.717,89.66,978.0,4428.0,29,0
97,2024-01-02 22:00:00,66.24,0.413,90.29,956.7,4939.6,31,0
97,2024-01-02 23:00:00,65.45,0.455,95.39,931.5,4828.3,32,0
97,2024-01-03 00:00:00,62.44,1.51,92.88,953.6,5211.2,43,0
97,2024-01-03 01:00:00,60.65,0.668,92.81,926.7,5092.4,33,0
98,2024-01-01 00:00:00,65.75,1.226,85.51,865.9,4506.6,36,0
98,2024-01-01 01:00:00,62.62,0.872,91.22,908.7,4905.7,30,0
98,2024-01-01 02:00:00,64.43,1.518,86.43,812.0,5266.5,40,0
98,2024-01-01 03:00:00,69.84,1.273,89.21,918.9,5326.6,34,0
98,2024-01-01 04:00:00,69.6,1.36,87.58,937.6,4524.1,26,0
98,2024-01-01 05:00:00,69.78,1.587,87.52,890.7,4799.8,23,0
98,2024-01-01 06:00:00,66.36,1.873,85.86,924.2,5264.5,34,0
98,2024-01-01 07:00:00,66.25,1.571,86.23,949.2,5040.4,35,0
98,2024-01-01 08:00:00,68.28,0.779,90.45,919.6,5263.4,28,0
98,2024-01-01 09:00:00,68.34,1.94,85.36,890.9,4558.7,25,0
98,2024-01-01 10:00:00,67.92,1.147,90.47,891.5,5294.5,26,0
98,2024-01-01 11:00:00,68.99,1.243,89.84,902.8,4933.5,35,0
98,2024-01-01 12:00:00,65.15,1.471,84.98,878.6,5185.1,20,0
98,2024-01-01 13:00:00,66.97,1.849,83.93,867.4,4844.2,25,0
98,2024-01-01 14:00:00,68.59,2.05,87.25,875.4,4958.0,26,0
98,2024-01-01 15:00:00,64.78,1.698,83.92,813.9,4557.0,34,0
98,2024-01-01 16:00:00,68.42,1.302,86.8,910.5,4534.9,38,0
98,2024-01-01 17:00:00,65.85,1.305,91.0,844.5,4474.0,25,0
98,2024-01-01 18:00:00,66.93,1.147,81.64,867.5,4930.9,24,0
98,2024-01-01 19:00:00,68.47,1.898,85.25,935.7,4566.8,28,0
98,2024-01-01 20:00:00,65.99,1.55,87.23,868.6,4587.0,30,0
98,2024-01-01 21:00:00,68.67,1.511,89.64,912.5,4826.9,24,0
98,2024-01-01 22:00:00,64.26,1.641,90.56,906.3,5241.1,29,0
98,2024-01-01 23:00:00,63.43,1.262,84.07,907.7,5016.9,21,0
98,2024-01-02 00:00:00,64.56,1.484,88.72,876.0,4581.5,35,0
98,2024-01-02 01:00:00,65.8,2.055,90.52,854.8,4670.0,29,0
98,2024-01-02 02:00:00,67.58,2.017,81.3,916.8,5265.3,33,0
98,2024-01-02 03:00:00,68.23,1.241,86.3,896.8,4543.1,30,0
98,2024-01-02 04:00:00,68.72,1.489,90.88,885.3,5094.9,27,0
98,2024-01-02 05:00:00,67.7,1.861,84.76,914.5,4971.1,26,0
98,2024-01-02 06:00:00,67.44,1.707,89.08,897.2,4518.9,23,0
98,2024-01-02 07:00:00,66.15,1.204,88.78,906.2,5148.1,30,0
98,2024-01-02 08:00:00,68.91,0.99,86.6,901.2,4695.8,31,0
98,2024-01-02 09:00:00,68.51,2.086,89.13,873.6,4999.2,27,0
98,2024-01-02 10:00:00,66.21,1.735,87.15,929.3,5320.1,38,0
98,2024-01-02 11:00:00,67.85,1.798,83.95,898.6,4749.4,32,0
98,2024-01-02 12:00:00,66.07,1.517,84.71,881.8,4917.4,22,0
98,2024-01-02 13:00:00,66.11,1.587,89.14,934.6,4621.5,29,0
98,2024-01-02 14:00:00,66.02,1.367,91.36,907.5,5070.2,32,0
98,2024-01-02 15:00:00,65.4,2.095,88.06,888.0,4998.9,31,0
98,2024-01-02 16:00:00,66.86,1.809,84.44,878.6,4682.6,34,0
98,2024-01-02 17:00:00,66.22,1.229,81.44,906.5,4560.0,25,0
98,2024-01-02 18:00:00,66.38,1.918,88.0,894.4,5188.5,35,0
98,2024-01-02 19:00:00,67.69,1.369,86.51,911.4,4783.6,38,0
98,2024-01-02 20:00:00,64.7,1.47,86.54,920.2,4501.4,33,0
98,2024-01-02 21:00:00,69.22,1.626,88.64,895.8,5066.4,42,0
98,2024-01-02 22:00:00,64.69,1.575,85.91,881.6,4505.2,29,0
98,2024-01-02 23:00:00,64.8,1.784,91.61,895.3,5040.8,30,0
98,2024-01-03 00:00:00,67.96,1.583,87.01,884.0,5030.2,36,0
98,2024-01-03 01:00:00,68.6,1.327,88.22,860.5,4479.6,36,0
99,2024-01-01 00:00:00,62.41,1.434,106.81,1327.9,5332.4,35,0
99,2024-01-01 01:00:00,58.98,2.41,100.72,1327.0,5102.6,33,0
99,2024-01-01 02:00:00,57.32,1.703,102.75,1345.6,4891.4,33,0
99,2024-01-01 03:00:00,61.2,1.991,99.8,1331.4,4472.6,27,0
99,2024-01-01 04:00:00,61.68,1.405,100.74,1316.0,5201.9,38,0
99,2024-01-01 05:00:00,59.24,1.781,103.47,1302.7,4924.8,33,0
99,2024-01-01 06:00:00,59.39,2.384,102.27,1306.6,5000.6,28,0
99,2024-01-01 07:00:00,61.5,2.191,101.0,1324.8,4497.4,31,0
99,2024-01-01 08:00:00,62.02,2.118,105.54,1285.7,5084.8,35,0
99,2024-01-01 09:00:00,57.09,1.3,99.08,1291.8,5158.4,32,0
99,2024-01-01 10:00:00,56.36,1.435,102.21,1316.9,4750.3,34,0
99,2024-01-01 11:00:00,61.17,2.162,102.01,1328.2,4533.1,35,0
99,2024-01-01 12:00:00,66.59,1.959,103.8,1343.1,5138.3,37,0
99,2024-01-01 13:00:00,61.45,1.672,100.26,1318.7,5022.2,33,0
99,2024-01-01 14:00:00,62.17,2.346,103.84,1335.7,4873.5,27,0
99,2024-01-01 15:00:00,60.05,2.023,99.12,1310.4,4976.7,24,0
99,2024-01-01 16:00:00,62.62,1.65,100.07,1305.8,5260.9,28,0
99,2024-01-01 17:00:00,59.76,1.601,99.14,1351.6,5029.3,32,0
99,2024-01-01 18:00:00,60.94,1.745,102.86,1306.2,4811.0,29,0
99,2024-01-01 19:00:00,63.11,1.704,100.96,1304.3,5170.1,22,0
99,2024-01-01 20:00:00,59.15,2.008,100.48,1313.7,5312.6,22,0
99,2024-01-01 21:00:00,59.06,1.773,96.07,1329.4,4859.8,33,0
99,2024-01-01 22:00:00,60.16,1.575,101.03,1278.9,4621.6,33,0
99,2024-01-01 23:00:00,58.58,2.588,101.69,1285.1,4676.3,26,0
99,2024-01-02 00:00:00,63.13,1.611,100.53,1281.6,4934.1,26,0
99,2024-01-02 01:00:00,59.07,1.905,99.77,1319.7,4567.2,28,0
99,2024-01-02 02:00:00,57.43,2.161,105.4,1293.2,5331.3,27,0
99,2024-01-02 03:00:00,57.19,1.747,103.46,1343.8,4910.6,31,0
99,2024-01-02 04:00:00,62.89,1.853,99.17,1255.0,4631.1,32,0
99,2024-01-02 05:00:00,59.06,2.47,101.21,1337.0,5410.9,26,0
99,2024-01-02 06:00:00,63.54,2.194,101.46,1236.6,4890.8,27,0
99,2024-01-02 07:00:00,58.97,1.803,106.19,1339.1,4613.7,34,0
99,2024-01-02 08:00:00,57.17,1.755,100.89,1322.6,4602.0,29,0
99,2024-01-02 09:00:00,62.62,2.481,100.22,1288.8,4725.6,26,0
99,2024-01-02 10:00:00,58.19,2.033,103.22,1328.3,5396.4,38,0
99,2024-01-02 11:00:00,61.75,2.45,102.54,1319.7,4877.9,35,0
99,2024-01-02 12:00:00,57.86,1.72,100.57,1291.9,5225.3,29,0
99,2024-01-02 13:00:00,59.01,1.679,101.71,1395.9,4766.7,22,0
99,2024-01-02 14:00:00,59.92,1.4,99.41,1283.0,4529.5,29,0
99,2024-01-02 15:00:00,60.69,1.745,105.77,1316.6,5317.2,37,0
99,2024-01-02 16:00:00,62.06,1.759,100.14,1347.0,5310.4,28,0
99,2024-01-02 17:00:00,59.65,1.564,106.76,1301.9,5243.1,30,0
99,2024-01-02 18:00:00,61.0,2.204,96.91,1341.0,5440.8,22,0
99,2024-01-02 19:00:00,62.37,1.591,95.72,1357.7,4611.7,37,0
99,2024-01-02 20:00:00,57.62,2.044,99.84,1267.8,4765.2,31,0
99,2024-01-02 21:00:00,63.25,1.916,98.64,1316.7,4567.4,29,0
99,2024-01-02 22:00:00,60.04,3.019,101.33,1299.2,5260.1,26,0
99,2024-01-02 23:00:00,59.44,2.128,98.91,1341.8,4709.7,36,0
99,2024-01-03 00:00:00,63.21,1.831,102.45,1287.9,4559.4,33,0
99,2024-01-03 01:00:00,62.73,2.255,104.57,1306.0,5301.4,29,0
100,2024-01-01 00:00:00,68.6,0.649,106.84,911.8,5103.8,39,0
100,2024-01-01 01:00:00,69.32,1.348,113.37,935.0,5062.2,38,0
100,2024-01-01 02:00:00,68.04,1.642,106.3,933.6,4701.7,46,0
100,2024-01-01 03:00:00,64.0,1.862,105.06,885.3,5079.9,28,0
100,2024-01-01 04:00:00,62.97,1.207,107.94,970.5,4521.6,24,0
100,2024-01-01 05:00:00,65.49,1.414,111.89,944.1,5073.1,26,0
100,2024-01-01 06:00:00,63.48,1.406,110.43,952.8,4886.6,28,0
100,2024-01-01 07:00:00,65.14,1.614,108.6,886.7,5093.0,25,0
100,2024-01-01 08:00:00,65.87,1.797,105.8,900.7,4867.5,31,0
100,2024-01-01 09:00:00,67.75,2.008,107.67,926.1,4718.2,24,0
100,2024-01-01 10:00:00,65.78,1.367,107.05,944.3,4574.4,26,0
100,2024-01-01 11:00:00,67.45,1.126,108.25,930.7,4566.8,27,0
100,2024-01-01 12:00:00,64.39,1.668,107.16,912.0,5122.4,32,0
100,2024-01-01 13:00:00,68.05,1.017,110.22,898.9,4977.3,27,0
100,2024-01-01 14:00:00,65.28,1.814,110.25,928.7,4839.1,27,0
100,2024-01-01 15:00:00,65.47,1.53,110.33,919.8,5293.5,25,0
100,2024-01-01 16:00:00,69.66,1.824,104.56,967.6,5063.4,24,0
100,2024-01-01 17:00:00,64.49,0.688,108.69,924.4,5415.0,37,0
100,2024-01-01 18:00:00,70.82,0.474,107.08,938.2,4568.2,26,0
100,2024-01-01 19:00:00,62.4,1.44,107.3,889.1,5485.9,30,0
100,2024-01-01 20:00:00,68.63,1.406,105.51,899.0,5165.9,37,0
100,2024-01-01 21:00:00,68.01,1.058,107.94,946.7,4800.3,23,0
100,2024-01-01 22:00:00,67.59,1.633,104.07,894.3,5262.5,25,0
100,2024-01-01 23:00:00,67.28,1.522,109.21,907.3,4532.2,24,0
100,2024-01-02 00:00:00,69.52,1.799,108.25,908.5,4976.7,30,0
100,2024-01-02 01:00:00,70.05,0.452,109.52,909.3,4736.2,26,0
100,2024-01-02 02:00:00,68.39,1.718,108.58,901.8,5439.0,36,0
100,2024-01-02 03:00:00,66.44,1.535,112.81,868.6,5042.2,30,0
100,2024-01-02 04:00:00,69.76,1.029,113.57,895.5,4670.1,27,0
100,2024-01-02 05:00:00,66.27,1.603,111.14,877.3,5124.0,33,0
100,2024-01-02 06:00:00,66.27,1.012,103.95,895.7,4702.5,43,0
100,2024-01-02 07:00:00,65.95,1.234,103.96,965.3,5062.1,30,0
100,2024-01-02 08:00:00,65.31,1.027,105.84,912.4,5416.2,20,0
100,2024-01-02 09:00:00,67.06,2.186,109.25,853.4,4700.4,20,0
100,2024-01-02 10:00:00,63.59,2.086,111.72,948.9,5312.7,23,0
100,2024-01-02 11:00:00,66.69,1.269,108.86,879.5,4846.0,32,0
100,2024-01-02 12:00:00,67.42,1.997,103.93,895.6,5201.2,25,0
100,2024-01-02 13:00:00,64.35,1.08,105.59,892.6,5416.6,25,0
100,2024-01-02 14:00:00,64.03,1.045,109.08,908.0,4920.4,25,0
100,2024-01-02 15:00:00,67.95,2.235,111.51,964.1,4570.8,34,0
100,2024-01-02 16:00:00,63.15,1.692,108.02,942.2,5407.8,35,0
100,2024-01-02 17:00:00,65.73,1.587,111.28,901.4,4724.7,32,0
100,2024-01-02 18:00:00,68.98,1.07,106.82,919.0,4921.1,25,0
100,2024-01-02 19:00:00,65.86,1.707,106.18,934.9,4558.1,32,0
100,2024-01-02 20:00:00,66.16,1.56,106.21,946.9,5367.4,28,0
100,2024-01-02 21:00:00,68.58,0.927,104.73,896.4,4928.1,31,0
100,2024-01-02 22:00:00,65.09,0.651,105.67,908.3,5292.2,29,0
100,2024-01-02 23:00:00,67.38,1.44,107.53,857.0,5225.2,32,0
100,2024-01-03 00:00:00,64.33,0.664,108.93,894.4,4572.8,36,0
100,2024-01-03 01:00:00,70.72,1.982,113.6,951.7,4617.7,28,0
