CustomerID,Age,Gender,Income,WebsiteVisits,TimeOnSite,PagesVisited,PreviousPurchases,EmailOpened,AdClicked,DiscountUsed,MadePurchase
C0001,34,Male,86000,4,3.4,5,5,Yes,No,No,No
C0002,66,Male,73000,10,9.9,2,1,No,No,No,No
C0003,43,Male,81000,2,21.4,2,1,No,No,No,No
C0004,35,Female,82000,9,4.9,5,2,No,No,Yes,No
C0005,18,Male,53000,3,0.7,3,3,Yes,No,No,No
C0006,47,Female,19000,2,8.0,5,2,No,No,No,No
C0007,59,Male,33000,1,8.3,2,3,No,No,No,Yes
C0008,30,Female,53000,5,1.4,3,3,No,No,No,No
C0009,39,Male,46000,4,44.6,2,3,Yes,No,No,No
C0010,64,Female,66000,6,14.7,1,2,No,No,No,No
C0011,39,Female,26000,4,9.9,3,5,Yes,Yes,No,No
C0012,61,Female,17000,5,2.1,1,1,Yes,No,Yes,Yes
C0013,19,Male,23000,2,5.0,1,1,No,No,No,No
C0014,65,Male,39000,7,5.4,5,0,No,No,No,No
C0015,39,Female,35000,7,13.7,3,6,Yes,No,No,Yes
C0016,53,Male,28000,5,2.2,4,2,No,No,No,No
C0017,55,Male,62000,3,0.5,6,3,No,No,Yes,No
C0018,22,Male,49000,7,16.4,1,1,No,No,Yes,No
C0019,59,Female,74000,4,15.7,8,3,Yes,No,No,Yes
C0020,48,Female,21000,5,6.5,4,5,Yes,No,Yes,No
C0021,35,Male,70000,4,0.5,4,3,No,No,No,No
C0022,63,Male,51000,2,0.8,5,1,Yes,No,No,No
C0023,18,Male,41000,8,27.2,6,2,Yes,Yes,No,No
C0024,55,Male,62000,2,0.5,3,3,Yes,No,No,No
C0025,66,Female,27000,7,8.2,1,1,Yes,No,No,No
C0026,47,Female,125000,5,13.6,3,2,Yes,No,No,Yes
C0027,53,Male,30000,3,1.7,2,4,No,No,No,No
C0028,47,Male,56000,7,2.7,5,0,No,No,No,No
C0029,37,Male,87000,4,32.6,1,3,Yes,No,No,No
C0030,40,Female,61000,7,2.2,7,0,No,No,No,No
C0031,66,Male,33000,2,0.7,3,2,No,No,No,Yes
C0032,63,Female,44000,6,27.1,3,2,No,No,No,No
C0033,67,Female,67000,6,29.8,4,1,Yes,No,No,Yes
C0034,35,Male,32000,6,3.4,8,2,Yes,No,Yes,Yes
C0035,30,Male,61000,5,20.9,3,0,Yes,No,No,No
C0036,34,Male,87000,6,15.8,4,3,Yes,No,No,No
C0037,37,Male,91000,8,10.2,6,1,No,No,No,No
C0038,22,Female,18000,6,39.8,4,3,Yes,No,No,Yes
C0039,39,Female,22000,3,4.5,1,1,Yes,No,No,No
C0040,19,Female,79000,6,7.6,3,2,No,No,No,No
C0041,19,Male,49000,4,4.6,3,3,Yes,No,No,No
C0042,57,Female,79000,6,4.1,7,2,No,No,No,No
C0043,31,Female,40000,9,1.9,4,2,No,No,Yes,No
C0044,33,Male,41000,8,23.7,4,2,No,No,No,No
C0045,60,Female,35000,7,10.9,2,2,No,No,No,No
C0046,54,Male,42000,2,3.1,1,2,Yes,No,No,No
C0047,60,Female,79000,4,14.8,2,0,Yes,No,Yes,Yes
C0048,44,Female,68000,5,1.7,7,0,Yes,No,No,No
C0049,31,Male,25000,7,3.8,6,2,Yes,No,No,No
C0050,57,Male,47000,6,11.9,6,2,Yes,No,No,Yes
C0051,49,Female,51000,3,27.0,3,2,Yes,No,No,Yes
C0052,31,Male,44000,3,12.2,5,4,No,No,No,No
C0053,25,Male,63000,7,9.9,6,2,Yes,No,No,Yes
C0054,54,Male,81000,5,31.9,1,0,Yes,No,Yes,No
C0055,18,Male,51000,12,0.5,6,6,Yes,No,No,Yes
C0056,46,Female,33000,12,21.3,5,3,No,No,No,No
C0057,49,Female,58000,4,25.3,4,2,Yes,No,Yes,No
C0058,22,Male,15000,8,12.5,4,0,Yes,No,No,No
C0059,61,Female,41000,4,5.7,4,1,No,No,Yes,Yes
C0060,25,Male,77000,6,6.5,4,1,No,No,No,No
C0061,38,Female,43000,5,7.5,4,1,No,No,No,No
C0062,56,Male,37000,3,3.5,1,5,No,No,No,No
C0063,22,Male,26000,4,6.3,6,2,No,No,No,No
C0064,32,Male,17000,6,2.1,5,3,No,No,No,No
C0065,47,Female,32000,3,2.7,2,3,Yes,No,No,No
C0066,51,Male,130000,2,6.3,3,2,No,No,No,No
C0067,19,Female,45000,9,5.7,1,4,No,No,No,No
C0068,37,Female,56000,3,12.5,2,2,No,No,No,No
C0069,53,Male,50000,3,16.6,5,2,Yes,No,No,No
C0070,58,Male,52000,11,6.0,4,1,No,No,No,No
C0071,56,Male,18000,4,3.6,3,4,Yes,No,No,No
C0072,52,Male,21000,4,0.7,3,1,No,No,Yes,No
C0073,57,Male,58000,1,3.4,7,2,No,No,No,No
C0074,62,Female,117000,5,2.2,2,0,Yes,No,No,No
C0075,28,Female,58000,4,14.8,1,1,Yes,No,No,Yes
C0076,21,Female,58000,4,0.5,7,0,No,No,No,No
C0077,45,Male,108000,4,0.7,6,3,No,No,No,No
C0078,51,Female,26000,6,5.6,5,1,Yes,Yes,Yes,No
C0079,49,Male,35000,4,19.7,2,2,No,Yes,No,Yes
C0080,67,Female,42000,2,3.0,5,3,Yes,No,No,No
C0081,62,Female,66000,6,7.0,5,2,No,No,No,No
C0082,25,Female,47000,5,0.5,4,2,No,No,No,No
C0083,45,Female,69000,9,3.0,3,2,Yes,No,Yes,No
C0084,42,Male,62000,5,9.0,4,0,No,No,Yes,No
C0085,66,Female,108000,6,2.9,4,2,Yes,No,Yes,No
C0086,22,Male,88000,6,4.3,6,5,No,No,No,No
C0087,19,Male,60000,6,2.5,2,0,Yes,No,No,No
C0088,47,Female,63000,3,0.5,1,2,No,No,No,No
C0089,67,Male,44000,4,3.6,4,5,Yes,No,No,No
C0090,40,Male,27000,3,4.8,3,5,Yes,Yes,No,Yes
C0091,47,Male,58000,3,10.2,2,1,Yes,No,No,No
C0092,58,Male,28000,8,0.8,7,1,No,No,No,No
C0093,40,Female,18000,5,1.7,3,1,No,No,No,Yes
C0094,42,Male,32000,9,3.3,3,0,No,No,No,No
C0095,69,Female,72000,6,7.5,6,3,No,No,No,No
C0096,33,Female,81000,1,16.3,2,2,No,No,Yes,No
C0097,69,Female,39000,5,9.3,5,0,No,No,No,No
C0098,61,Male,50000,6,38.2,5,1,No,No,No,No
C0099,42,Male,41000,3,1.3,1,2,No,No,No,No
C0100,69,Female,54000,3,0.9,4,1,No,No,No,No
C0101,65,Male,33000,6,13.2,6,1,No,No,No,No
C0102,33,Male,95000,5,6.8,3,1,No,No,No,No
C0103,51,Female,88000,6,4.6,5,1,Yes,No,No,Yes
C0104,65,Female,64000,5,1.2,2,7,Yes,No,No,No
C0105,66,Female,71000,4,14.3,7,0,No,Yes,Yes,No
C0106,23,Female,40000,3,3.7,2,3,Yes,No,No,Yes
C0107,65,Male,58000,6,1.5,1,2,No,No,No,No
C0108,65,Female,20000,5,7.8,5,1,No,No,No,No
C0109,56,Male,79000,11,19.5,6,1,No,No,No,No
C0110,42,Female,86000,1,3.0,3,3,Yes,No,No,No
C0111,23,Female,91000,7,2.4,3,2,No,No,No,No
C0112,50,Male,65000,7,1.8,4,1,No,No,Yes,No
C0113,29,Female,30000,5,0.5,4,1,No,Yes,Yes,No
C0114,48,Female,112000,4,35.5,2,1,No,No,No,Yes
C0115,50,Female,57000,1,4.0,4,2,Yes,No,No,No
C0116,23,Female,50000,7,18.7,7,0,No,No,Yes,Yes
C0117,65,Male,50000,4,7.3,1,0,Yes,Yes,No,No
C0118,24,Male,96000,2,7.7,8,1,Yes,No,Yes,No
C0119,40,Male,57000,7,21.1,4,2,No,No,No,No
C0120,42,Female,66000,4,45.7,4,2,Yes,No,No,No
C0121,49,Male,95000,5,2.4,4,3,No,No,Yes,No
C0122,28,Female,45000,4,3.4,3,2,No,No,No,No
C0123,60,Male,73000,3,1.4,6,4,No,No,Yes,No
C0124,60,Female,50000,4,3.1,4,2,Yes,No,No,No
C0125,28,Female,40000,5,6.0,3,3,Yes,No,No,No
C0126,37,Female,31000,5,5.9,7,1,No,No,Yes,No
C0127,64,Female,24000,5,15.1,3,2,No,No,No,No
C0128,37,Female,72000,4,15.7,5,1,Yes,No,No,No
C0129,67,Male,39000,5,14.7,2,2,No,Yes,Yes,No
C0130,62,Male,30000,7,7.8,4,2,No,No,No,No
C0131,19,Female,15000,8,3.9,4,1,Yes,No,No,No
C0132,53,Male,19000,2,3.6,3,0,Yes,No,No,Yes
C0133,67,Male,53000,3,1.0,2,3,No,No,No,No
C0134,67,Female,56000,1,3.4,3,3,No,No,No,No
C0135,67,Male,56000,4,1.9,5,5,No,Yes,No,Yes
C0136,34,Male,36000,7,0.8,6,2,Yes,No,No,No
C0137,67,Female,141000,5,0.7,5,2,Yes,No,No,Yes
C0138,58,Female,83000,4,2.1,8,3,No,No,No,No
C0139,60,Male,47000,4,3.7,3,2,Yes,No,No,No
C0140,40,Female,96000,7,10.8,6,5,Yes,No,No,Yes
C0141,18,Female,42000,5,1.3,2,3,Yes,No,No,Yes
C0142,56,Female,21000,6,17.2,3,2,No,Yes,No,No
C0143,47,Male,110000,2,3.6,3,2,Yes,No,No,Yes
C0144,59,Female,53000,5,11.1,7,3,Yes,No,No,No
C0145,35,Female,80000,5,1.9,5,1,Yes,No,Yes,No
C0146,19,Female,33000,8,0.9,5,1,No,No,Yes,No
C0147,18,Male,83000,4,0.9,3,0,No,No,No,No
C0148,37,Female,48000,2,4.2,3,5,Yes,Yes,No,Yes
C0149,21,Male,26000,7,18.6,1,3,No,No,No,No
C0150,30,Female,37000,7,3.2,8,1,Yes,No,Yes,Yes
C0151,57,Male,39000,2,38.7,3,5,Yes,No,No,No
C0152,51,Female,46000,7,15.8,4,4,No,No,No,No
C0153,39,Female,67000,7,4.0,6,3,Yes,Yes,Yes,No
C0154,43,Female,102000,3,0.5,9,1,Yes,No,No,No
C0155,19,Male,75000,3,2.4,4,3,Yes,No,No,No
C0156,19,Male,25000,6,0.6,2,4,No,No,No,No
C0157,34,Female,42000,5,1.1,5,2,No,Yes,No,No
C0158,53,Male,71000,7,8.4,5,1,Yes,No,Yes,No
C0159,62,Female,92000,4,15.0,5,0,Yes,No,No,No
C0160,64,Female,41000,5,36.2,4,1,Yes,No,Yes,Yes
C0161,41,Female,25000,4,5.4,4,3,No,No,No,No
C0162,47,Male,20000,7,32.3,5,0,No,No,No,Yes
C0163,49,Female,39000,7,2.5,1,2,No,No,Yes,No
C0164,31,Female,75000,11,6.0,1,1,Yes,No,No,No
C0165,51,Male,37000,6,7.5,6,5,No,No,No,No
C0166,28,Female,57000,6,0.5,2,3,No,No,No,No
C0167,55,Female,29000,5,4.9,3,4,No,Yes,No,No
C0168,44,Male,61000,3,13.7,2,0,Yes,No,No,No
C0169,32,Male,49000,2,13.7,5,3,Yes,No,Yes,No
C0170,45,Female,171000,7,1.4,3,2,Yes,No,Yes,No
C0171,42,Female,139000,3,1.5,9,6,Yes,No,No,No
C0172,54,Female,21000,7,2.7,4,3,Yes,No,Yes,No
C0173,25,Female,46000,2,11.5,1,5,No,No,Yes,No
C0174,38,Male,61000,4,14.6,3,4,Yes,No,No,Yes
C0175,66,Female,67000,5,7.2,4,0,No,No,No,No
C0176,26,Female,172000,6,13.4,6,2,Yes,No,No,No
C0177,52,Male,44000,3,1.5,5,0,No,No,Yes,No
C0178,33,Female,49000,10,7.5,4,4,Yes,No,Yes,Yes
C0179,40,Female,32000,6,4.8,6,5,Yes,No,No,No
C0180,21,Female,30000,3,7.7,10,0,No,No,No,No
C0181,42,Female,76000,7,1.1,2,3,Yes,No,No,No
C0182,43,Male,30000,10,3.7,6,3,No,No,Yes,No
C0183,26,Male,55000,8,2.8,6,4,No,No,No,No
C0184,47,Female,53000,4,14.5,7,2,No,No,No,No
C0185,32,Female,34000,11,2.7,4,5,No,No,No,No
C0186,26,Male,29000,1,2.6,1,1,No,No,No,No
C0187,22,Female,29000,8,17.9,3,4,No,No,No,No
C0188,54,Female,25000,5,4.3,5,1,Yes,No,No,No
C0189,32,Male,115000,4,5.9,9,3,Yes,No,No,No
C0190,45,Female,31000,5,1.1,6,0,No,Yes,Yes,No
C0191,64,Male,62000,2,12.9,3,3,Yes,No,No,No
C0192,31,Female,46000,4,11.1,4,3,No,No,No,No
C0193,49,Female,113000,4,4.4,4,1,Yes,No,Yes,No
C0194,47,Male,20000,2,12.1,4,2,Yes,No,No,Yes
C0195,19,Male,87000,8,19.7,7,3,Yes,No,Yes,No
C0196,56,Male,76000,3,17.6,2,2,Yes,No,No,No
C0197,63,Female,43000,2,0.6,4,0,No,No,Yes,No
C0198,41,Male,140000,11,3.7,4,1,No,No,Yes,No
C0199,28,Male,100000,5,7.4,3,1,Yes,No,Yes,Yes
C0200,25,Female,80000,4,3.7,4,3,No,No,No,No
C0201,32,Male,108000,3,10.8,6,2,Yes,No,No,No
C0202,46,Male,69000,1,1.1,3,0,Yes,Yes,No,No
C0203,32,Male,141000,6,7.0,5,1,Yes,No,No,No
C0204,21,Female,55000,4,16.6,4,1,Yes,No,No,No
C0205,58,Male,32000,5,5.1,4,1,No,No,No,No
C0206,32,Female,59000,4,10.1,2,2,No,No,No,No
C0207,59,Male,55000,4,2.2,1,2,Yes,No,No,No
C0208,32,Male,82000,5,33.6,3,3,Yes,No,No,Yes
C0209,60,Male,21000,10,6.8,5,2,No,No,No,No
C0210,26,Male,54000,1,9.2,4,4,No,No,Yes,No
C0211,40,Male,75000,8,3.1,2,4,No,Yes,Yes,No
C0212,50,Female,75000,4,2.3,7,2,Yes,No,No,No
C0213,67,Male,32000,4,5.5,4,2,Yes,No,No,No
C0214,24,Female,40000,10,2.3,2,3,Yes,Yes,Yes,No
C0215,26,Female,72000,5,1.8,3,2,No,No,Yes,No
C0216,36,Female,16000,9,16.8,6,1,No,No,No,No
C0217,49,Male,39000,4,0.9,5,3,No,No,No,No
C0218,32,Female,17000,6,12.1,3,3,Yes,No,Yes,No
C0219,28,Male,92000,7,4.4,4,1,Yes,Yes,No,No
C0220,62,Female,24000,6,12.4,1,1,Yes,No,No,Yes
C0221,60,Female,35000,11,14.5,5,2,No,No,No,No
C0222,54,Male,38000,5,7.0,1,1,Yes,Yes,Yes,No
C0223,19,Male,41000,5,8.7,3,2,No,No,No,No
C0224,32,Male,18000,2,6.8,5,1,Yes,No,No,No
C0225,31,Female,44000,4,13.3,1,1,No,No,No,No
C0226,49,Male,55000,4,1.1,2,0,No,No,No,No
C0227,40,Male,27000,4,6.2,6,0,No,No,No,No
C0228,39,Female,57000,3,6.5,8,2,No,No,No,No
C0229,33,Male,28000,5,12.5,3,4,No,No,No,No
C0230,58,Female,31000,4,12.8,5,2,Yes,Yes,No,No
C0231,67,Male,31000,2,1.1,3,1,Yes,No,Yes,No
C0232,40,Female,47000,6,2.1,1,0,Yes,No,No,No
C0233,26,Female,31000,6,11.2,6,2,No,No,No,No
C0234,22,Male,37000,2,0.7,6,1,Yes,No,No,No
C0235,52,Female,39000,7,6.4,6,2,Yes,No,No,No
C0236,65,Male,65000,4,0.5,6,1,Yes,No,No,Yes
C0237,21,Female,91000,5,9.1,5,3,No,No,No,No
C0238,52,Male,49000,4,0.7,2,1,No,No,No,No
C0239,32,Male,49000,6,11.0,2,5,No,No,No,No
C0240,31,Male,69000,4,0.5,1,4,Yes,Yes,No,Yes
C0241,33,Male,60000,2,11.8,6,3,Yes,No,No,No
C0242,55,Male,98000,8,1.9,3,1,No,No,No,No
C0243,44,Female,35000,5,7.5,6,2,Yes,No,No,No
C0244,27,Male,32000,2,4.6,3,6,No,No,No,Yes
C0245,18,Male,20000,5,7.7,2,0,No,No,No,No
C0246,22,Female,20000,6,11.1,9,1,Yes,No,No,No
C0247,44,Male,64000,10,1.6,5,2,No,Yes,No,No
C0248,40,Male,43000,5,8.2,2,1,No,No,No,No
C0249,40,Female,54000,3,4.1,2,3,Yes,Yes,No,No
C0250,40,Male,51000,3,1.1,1,2,Yes,No,No,No
C0251,20,Female,71000,1,17.4,1,4,No,No,No,Yes
C0252,27,Female,23000,3,24.6,5,2,No,No,No,No
C0253,48,Female,37000,7,17.7,3,3,Yes,No,Yes,Yes
C0254,23,Male,79000,5,8.9,3,2,Yes,No,No,No
C0255,38,Female,34000,7,2.4,3,2,Yes,No,No,No
C0256,52,Female,43000,3,5.1,3,2,No,No,No,No
C0257,48,Female,53000,6,0.5,3,2,Yes,No,No,No
C0258,65,Male,48000,2,3.5,2,1,Yes,No,Yes,No
C0259,27,Male,38000,5,8.3,5,4,Yes,No,No,No
C0260,43,Male,59000,8,15.6,4,1,No,No,No,No
C0261,36,Female,54000,5,18.3,2,3,No,Yes,No,No
C0262,57,Female,88000,5,5.1,7,4,No,No,No,No
C0263,45,Male,64000,8,13.7,4,1,Yes,No,No,Yes
C0264,57,Male,62000,9,9.1,4,2,No,No,Yes,No
C0265,68,Male,64000,3,6.3,5,2,Yes,No,No,No
C0266,49,Male,25000,4,4.6,4,2,Yes,No,No,Yes
C0267,54,Male,22000,6,8.5,5,1,No,No,No,No
C0268,61,Female,28000,6,0.5,6,0,No,No,No,No
C0269,35,Female,132000,8,1.4,1,5,Yes,No,No,No
C0270,18,Male,99000,4,2.1,2,1,No,Yes,No,No
C0271,33,Female,45000,7,1.3,5,2,No,No,Yes,No
C0272,65,Female,69000,6,13.5,3,2,Yes,No,No,No
C0273,52,Female,52000,4,1.0,4,1,No,No,Yes,No
C0274,29,Male,44000,3,4.0,3,3,No,No,No,No
C0275,32,Male,49000,3,5.6,3,0,No,Yes,No,No
C0276,68,Male,36000,6,0.5,7,1,No,No,No,No
C0277,52,Male,18000,6,6.9,5,2,No,No,No,No
C0278,67,Female,40000,3,8.3,4,2,No,Yes,No,Yes
C0279,30,Female,41000,2,3.2,4,3,Yes,No,No,No
C0280,59,Male,64000,7,10.2,3,2,No,No,No,Yes
C0281,50,Male,93000,3,5.6,4,3,No,No,No,No
C0282,26,Female,28000,6,12.3,1,4,Yes,No,No,No
C0283,43,Female,106000,6,4.8,5,3,No,No,Yes,No
C0284,26,Female,38000,5,14.7,3,4,No,No,No,Yes
C0285,46,Male,61000,4,6.2,5,0,Yes,No,Yes,No
C0286,28,Female,77000,8,4.7,5,2,Yes,No,No,No
C0287,37,Male,53000,3,1.4,6,2,No,Yes,No,No
C0288,45,Male,56000,3,3.8,5,5,No,No,No,No
C0289,24,Male,68000,3,4.8,2,5,No,No,No,No
C0290,28,Female,36000,7,16.4,5,1,Yes,No,No,Yes
C0291,40,Female,54000,5,13.4,3,3,No,No,No,No
C0292,47,Male,23000,3,4.5,2,2,Yes,No,No,Yes
C0293,39,Female,44000,3,3.1,3,1,No,No,No,No
C0294,32,Female,85000,6,0.5,7,0,Yes,No,No,Yes
C0295,32,Female,39000,5,4.6,3,2,No,No,Yes,No
C0296,32,Female,146000,9,0.5,3,1,No,Yes,No,No
C0297,28,Male,51000,3,3.7,1,3,No,No,Yes,No
C0298,32,Female,43000,6,1.3,5,1,No,Yes,No,No
C0299,19,Male,20000,5,9.6,6,2,No,No,No,No
C0300,38,Female,25000,7,12.6,3,2,No,No,No,No
C0301,22,Male,73000,5,8.7,2,2,Yes,No,No,No
C0302,51,Female,91000,1,8.5,3,5,Yes,No,No,No
C0303,53,Female,34000,11,3.2,6,3,No,No,No,No
C0304,48,Female,65000,6,8.8,4,0,Yes,No,No,No
C0305,18,Female,45000,6,3.6,1,3,Yes,No,No,No
C0306,32,Female,84000,4,2.1,3,1,No,No,No,Yes
C0307,61,Female,49000,5,7.7,6,1,Yes,No,No,No
C0308,47,Male,54000,8,0.5,8,1,No,No,Yes,No
C0309,46,Female,43000,5,5.3,7,2,No,No,No,No
C0310,20,Male,48000,7,10.6,5,0,No,No,Yes,No
C0311,53,Female,19000,4,11.1,3,1,No,No,Yes,No
C0312,41,Male,27000,8,6.1,3,3,No,No,No,No
C0313,62,Female,28000,4,8.9,5,3,No,No,No,No
C0314,44,Male,15000,5,4.9,5,1,No,No,No,No
C0315,54,Female,70000,4,1.9,6,4,Yes,No,No,No
C0316,18,Female,78000,3,2.2,2,4,Yes,Yes,No,No
C0317,18,Male,48000,3,2.2,5,2,No,No,No,No
C0318,62,Male,47000,7,11.9,5,4,No,No,No,No
C0319,35,Male,52000,3,11.1,5,0,No,No,No,No
C0320,43,Female,24000,4,8.8,2,3,Yes,No,No,Yes
C0321,62,Female,33000,5,2.0,2,5,Yes,No,No,No
C0322,45,Female,53000,7,3.6,2,2,Yes,No,No,No
C0323,67,Male,122000,4,4.7,4,0,Yes,No,No,No
C0324,45,Male,49000,6,2.9,4,3,No,No,No,No
C0325,67,Female,29000,1,12.9,4,2,Yes,Yes,No,No
C0326,33,Male,69000,1,3.0,2,4,No,No,No,No
C0327,55,Male,110000,4,6.6,7,3,Yes,No,No,No
C0328,36,Male,73000,8,7.7,4,3,No,No,No,Yes
C0329,46,Female,57000,5,2.8,3,1,No,No,Yes,No
C0330,63,Female,75000,4,3.3,3,4,Yes,No,No,No
C0331,58,Male,36000,3,13.4,3,4,No,No,Yes,No
C0332,58,Female,29000,6,10.5,5,5,No,No,No,Yes
C0333,54,Male,106000,1,8.5,7,3,No,No,Yes,No
C0334,48,Female,29000,8,3.0,4,1,No,No,Yes,No
C0335,35,Female,48000,1,0.5,1,3,Yes,No,No,Yes
C0336,27,Female,17000,8,2.5,3,2,No,No,No,No
C0337,24,Male,24000,2,14.4,3,3,No,Yes,No,No
C0338,47,Female,81000,5,9.7,5,3,No,No,Yes,No
C0339,31,Female,51000,2,8.3,3,8,No,No,Yes,No
C0340,20,Female,41000,2,12.8,6,1,Yes,No,Yes,No
C0341,54,Male,50000,5,3.4,1,3,Yes,No,Yes,No
C0342,30,Female,24000,7,2.3,1,0,No,No,No,No
C0343,42,Female,52000,4,8.9,2,5,Yes,No,No,Yes
C0344,39,Female,44000,4,4.5,5,1,Yes,No,No,No
C0345,25,Male,80000,3,13.1,3,5,Yes,No,No,No
C0346,19,Male,35000,2,19.7,6,0,No,Yes,No,No
C0347,24,Female,157000,2,8.7,5,0,Yes,No,No,No
C0348,68,Male,36000,3,5.7,4,3,No,No,No,No
C0349,44,Female,41000,3,1.8,5,3,No,No,No,No
C0350,69,Male,110000,2,2.5,3,2,Yes,No,No,No
C0351,55,Male,44000,3,26.4,4,2,No,No,No,No
C0352,51,Female,27000,3,7.0,5,0,No,No,No,No
C0353,57,Female,63000,7,6.4,7,2,Yes,No,No,Yes
C0354,38,Female,94000,7,27.6,6,1,No,No,No,No
C0355,53,Male,30000,8,2.2,4,3,No,No,No,No
C0356,44,Male,43000,6,1.1,5,3,No,No,No,No
C0357,56,Female,174000,2,15.7,2,3,Yes,No,Yes,No
C0358,23,Female,87000,5,4.3,3,2,Yes,No,No,Yes
C0359,22,Female,21000,1,13.3,2,0,No,No,No,No
C0360,61,Male,34000,1,0.7,10,2,Yes,No,No,No
C0361,63,Female,63000,6,6.4,7,1,No,No,No,No
C0362,44,Male,24000,6,0.6,3,2,No,No,No,No
C0363,22,Male,44000,4,13.3,4,0,Yes,No,No,No
C0364,42,Male,29000,7,0.9,6,5,No,No,No,No
C0365,49,Male,40000,6,21.2,1,4,Yes,No,No,No
C0366,21,Female,61000,4,3.2,2,1,Yes,No,No,No
C0367,39,Male,36000,7,1.7,4,4,Yes,No,No,No
C0368,49,Male,23000,5,14.7,5,3,No,No,No,No
C0369,68,Male,55000,5,7.7,2,2,No,No,No,No
C0370,27,Female,47000,10,14.9,4,1,No,No,No,No
C0371,58,Female,95000,8,0.5,3,3,No,Yes,No,No
C0372,53,Female,25000,5,2.5,2,3,No,No,No,No
C0373,52,Male,49000,6,0.5,6,1,No,No,Yes,No
C0374,64,Male,69000,3,7.0,5,1,No,No,No,No
C0375,32,Female,53000,7,18.9,6,2,Yes,No,Yes,Yes
C0376,22,Female,41000,6,5.8,5,3,No,No,Yes,No
C0377,58,Male,60000,5,4.2,2,2,No,No,No,No
C0378,34,Male,34000,2,20.5,6,1,Yes,No,Yes,No
C0379,20,Female,135000,8,27.9,9,2,Yes,No,No,Yes
C0380,19,Male,45000,6,6.9,3,0,No,No,Yes,No
C0381,27,Male,106000,5,5.6,10,0,Yes,Yes,Yes,Yes
C0382,44,Male,81000,5,0.5,4,2,Yes,No,No,No
C0383,19,Female,79000,5,2.0,4,3,No,No,No,Yes
C0384,40,Male,84000,6,0.7,3,3,Yes,No,No,No
C0385,22,Female,64000,7,12.2,3,5,No,No,No,No
C0386,34,Male,49000,5,1.5,5,0,No,No,No,No
C0387,54,Male,32000,1,3.0,4,2,No,Yes,No,No
C0388,40,Male,88000,1,2.4,1,2,No,No,No,No
C0389,54,Female,129000,3,12.1,10,3,Yes,No,Yes,No
C0390,53,Male,36000,5,5.7,5,3,No,No,No,No
C0391,56,Female,44000,4,13.1,3,1,No,No,Yes,No
C0392,52,Male,28000,3,2.2,5,2,Yes,No,No,No
C0393,67,Female,80000,5,5.7,7,1,No,No,No,No
C0394,58,Female,61000,6,8.2,10,3,No,No,No,No
C0395,46,Female,72000,7,0.5,7,1,No,No,Yes,No
C0396,34,Female,66000,8,7.6,7,3,Yes,No,No,No
C0397,39,Female,64000,9,8.0,4,0,No,No,No,No
C0398,30,Female,59000,3,7.9,3,1,No,No,Yes,No
C0399,60,Female,35000,7,30.9,3,0,No,Yes,No,Yes
C0400,68,Male,99000,7,1.8,3,1,Yes,No,No,No
C0401,35,Male,24000,2,3.9,4,1,No,No,No,No
C0402,20,Male,25000,2,5.7,5,3,No,Yes,No,No
C0403,28,Male,70000,7,13.9,1,1,No,No,No,No
C0404,57,Male,47000,5,5.6,4,3,Yes,No,No,Yes
C0405,65,Male,75000,7,11.0,4,3,Yes,No,No,Yes
C0406,56,Male,72000,5,0.5,9,1,Yes,No,No,No
C0407,67,Male,34000,3,3.5,11,4,No,Yes,No,No
C0408,23,Male,40000,6,15.9,8,0,Yes,No,No,No
C0409,27,Male,54000,7,1.6,6,1,Yes,No,Yes,No
C0410,46,Male,57000,6,3.2,1,2,Yes,No,Yes,Yes
C0411,61,Male,45000,6,2.4,4,2,No,No,No,No
C0412,62,Male,64000,2,0.5,2,3,No,Yes,No,Yes
C0413,59,Female,22000,8,0.8,8,4,No,Yes,No,No
C0414,50,Female,64000,1,12.9,3,1,Yes,No,No,No
C0415,24,Female,35000,4,11.8,4,0,Yes,No,No,No
C0416,66,Male,38000,2,8.3,3,1,No,Yes,No,No
C0417,45,Male,95000,8,6.1,3,1,No,No,No,No
C0418,18,Female,49000,10,7.5,2,1,No,No,No,No
C0419,22,Male,41000,7,28.0,3,1,Yes,No,No,No
C0420,30,Female,50000,4,7.9,6,0,Yes,No,No,No
C0421,32,Female,21000,3,8.3,1,2,No,No,No,No
C0422,30,Female,20000,3,14.0,6,3,Yes,No,No,No
C0423,54,Female,76000,8,10.3,5,1,Yes,No,Yes,No
C0424,41,Male,47000,4,4.3,8,3,No,No,No,Yes
C0425,36,Male,42000,2,2.2,4,3,Yes,No,No,No
C0426,42,Female,48000,8,10.7,4,3,No,No,No,No
C0427,56,Male,26000,3,3.0,4,1,Yes,No,No,No
C0428,67,Female,110000,6,13.8,5,1,No,No,No,No
C0429,38,Male,132000,2,3.4,6,3,Yes,No,No,No
C0430,25,Female,45000,6,6.2,3,6,No,No,No,No
C0431,66,Female,121000,4,1.0,4,5,No,No,No,No
C0432,30,Male,59000,6,1.0,2,1,No,No,No,No
C0433,45,Female,34000,8,0.7,7,5,No,No,No,No
C0434,18,Male,31000,5,16.9,2,1,No,No,No,No
C0435,25,Female,31000,8,1.5,3,3,No,No,No,No
C0436,40,Male,110000,4,7.7,2,1,No,No,Yes,No
C0437,55,Female,56000,7,2.5,7,3,No,No,No,No
C0438,64,Female,20000,6,12.3,3,1,No,Yes,No,Yes
C0439,67,Male,99000,5,0.7,1,3,No,No,Yes,No
C0440,36,Male,47000,8,3.8,3,3,No,No,No,No
C0441,37,Female,157000,5,7.3,5,2,Yes,Yes,No,Yes
C0442,52,Male,118000,6,14.7,10,3,No,No,No,No
C0443,24,Male,32000,5,3.0,8,4,No,No,No,No
C0444,38,Female,39000,5,9.5,2,1,No,No,No,No
C0445,29,Female,92000,6,8.2,3,3,Yes,No,No,No
C0446,53,Female,77000,3,0.5,7,2,No,No,No,Yes
C0447,42,Male,62000,6,2.1,5,1,Yes,No,No,Yes
C0448,18,Male,15000,4,8.9,1,0,Yes,No,No,No
C0449,55,Female,57000,7,3.9,3,1,No,No,No,No
C0450,24,Male,46000,7,11.1,3,1,No,No,No,No
C0451,23,Female,106000,3,7.9,1,3,Yes,No,No,Yes
C0452,31,Male,177000,4,15.6,7,2,Yes,No,No,No
C0453,59,Male,31000,7,14.6,8,3,Yes,No,Yes,Yes
C0454,28,Male,51000,3,2.3,3,1,Yes,No,Yes,No
C0455,43,Female,26000,9,16.9,5,2,Yes,No,No,No
C0456,61,Male,43000,4,6.1,5,0,No,No,Yes,No
C0457,51,Female,54000,3,2.1,4,2,No,No,No,No
C0458,41,Male,22000,4,7.7,5,2,No,No,Yes,No
C0459,50,Female,43000,2,30.5,4,1,No,Yes,No,Yes
C0460,59,Female,30000,5,1.8,5,1,No,No,Yes,No
C0461,18,Male,29000,6,4.1,2,4,Yes,Yes,No,Yes
C0462,53,Male,26000,3,1.5,4,0,Yes,No,No,No
C0463,36,Female,24000,8,2.7,5,1,No,No,No,No
C0464,57,Male,66000,6,7.1,9,4,Yes,No,No,Yes
C0465,34,Female,37000,3,15.2,6,1,No,Yes,No,No
C0466,57,Male,60000,5,3.7,6,4,No,No,No,No
C0467,56,Male,76000,6,4.4,4,2,No,Yes,No,No
C0468,25,Female,95000,4,18.2,4,1,No,No,No,No
C0469,54,Female,52000,6,3.4,8,2,No,No,No,No
C0470,22,Male,46000,6,6.1,5,2,No,No,No,No
C0471,61,Female,40000,4,7.0,4,0,No,No,No,No
C0472,45,Female,49000,3,3.9,2,1,No,Yes,No,No
C0473,58,Male,46000,5,12.8,1,3,No,No,No,No
C0474,59,Male,47000,9,11.2,1,1,No,No,Yes,No
C0475,23,Female,119000,4,0.5,6,0,No,No,No,No
C0476,68,Female,39000,4,0.6,3,1,No,Yes,No,No
C0477,32,Female,37000,6,3.5,4,1,Yes,No,No,No
C0478,21,Male,35000,8,10.4,3,2,No,No,No,No
C0479,45,Female,35000,6,12.2,3,1,Yes,No,No,No
C0480,41,Male,34000,3,8.5,6,1,No,No,No,No
C0481,36,Male,35000,10,2.7,7,4,No,No,No,No
C0482,28,Male,132000,8,4.2,3,1,Yes,No,Yes,Yes
C0483,40,Female,123000,5,10.1,3,1,No,No,Yes,No
C0484,18,Female,38000,6,1.5,7,3,No,No,Yes,No
C0485,34,Female,86000,10,1.8,5,2,No,No,No,No
C0486,43,Female,54000,2,5.1,5,2,Yes,No,No,No
C0487,19,Male,83000,5,2.3,5,2,Yes,Yes,No,Yes
C0488,69,Male,48000,6,0.5,6,1,No,Yes,No,Yes
C0489,21,Male,44000,5,17.4,2,2,No,No,No,No
C0490,61,Female,45000,7,15.0,3,4,No,Yes,No,No
C0491,33,Female,61000,8,2.0,3,1,No,No,No,No
C0492,43,Female,81000,3,11.0,4,1,No,No,Yes,No
C0493,21,Female,78000,7,8.8,4,2,No,No,No,No
C0494,23,Male,59000,7,6.9,6,3,No,No,No,No
C0495,51,Female,74000,5,2.1,4,1,No,No,No,No
C0496,61,Female,34000,10,2.2,4,2,No,No,Yes,No
C0497,41,Male,57000,2,11.4,3,1,No,No,No,No
C0498,64,Male,42000,5,12.9,5,2,No,No,No,No
C0499,34,Male,50000,7,1.2,3,0,No,No,Yes,No
C0500,36,Male,81000,9,2.1,3,2,No,No,No,No
C0501,26,Female,19000,7,1.5,5,2,No,No,No,No
C0502,66,Female,79000,5,2.2,5,3,Yes,No,No,No
C0503,66,Male,25000,2,2.5,9,1,No,No,No,No
C0504,67,Female,17000,7,6.7,8,2,No,No,Yes,No
C0505,32,Male,76000,4,2.1,3,2,No,No,No,No
C0506,22,Female,98000,2,3.3,3,1,Yes,No,No,No
C0507,42,Female,86000,6,3.1,1,3,No,No,No,No
C0508,35,Male,49000,2,8.8,3,1,No,No,No,No
C0509,29,Male,45000,7,10.5,8,3,No,No,No,No
C0510,69,Male,27000,8,9.7,4,1,No,No,No,No
C0511,64,Male,51000,5,11.9,6,3,No,No,No,No
C0512,62,Male,39000,3,1.0,5,1,No,Yes,No,No
C0513,44,Female,67000,2,10.5,4,5,Yes,No,No,Yes
C0514,19,Male,112000,6,5.9,4,3,Yes,No,Yes,No
C0515,46,Female,129000,5,5.4,12,1,No,No,No,Yes
C0516,59,Male,38000,5,23.8,1,2,No,No,No,No
C0517,38,Male,34000,4,3.5,3,1,Yes,No,Yes,Yes
C0518,38,Male,25000,4,5.9,2,1,No,No,No,No
C0519,51,Male,30000,6,2.5,5,4,Yes,No,No,No
C0520,52,Male,73000,4,5.6,3,1,No,No,Yes,No
C0521,55,Female,33000,1,1.0,5,1,No,No,No,No
C0522,54,Female,118000,5,1.5,8,1,Yes,No,No,Yes
C0523,23,Male,79000,3,8.2,4,1,Yes,No,No,Yes
C0524,41,Male,23000,2,3.3,3,3,Yes,No,No,Yes
C0525,21,Female,39000,5,1.0,7,0,Yes,No,No,No
C0526,69,Female,124000,5,19.2,1,2,No,No,No,No
C0527,26,Male,54000,4,9.2,5,1,Yes,No,Yes,No
C0528,18,Female,55000,7,1.0,2,1,No,No,No,No
C0529,51,Male,83000,5,2.6,3,5,No,No,No,No
C0530,45,Male,43000,8,3.1,1,4,No,No,No,No
C0531,26,Male,61000,4,4.2,3,2,Yes,No,Yes,Yes
C0532,33,Male,20000,2,10.0,3,2,No,No,No,No
C0533,43,Female,100000,4,11.0,1,1,No,No,Yes,No
C0534,58,Male,22000,4,4.9,6,1,No,Yes,No,Yes
C0535,57,Female,62000,6,7.0,7,1,No,Yes,Yes,No
C0536,53,Female,86000,8,1.9,7,2,No,No,No,No
C0537,44,Female,57000,7,1.9,2,1,Yes,No,No,Yes
C0538,38,Male,105000,3,3.0,8,2,Yes,Yes,No,No
C0539,32,Female,37000,9,14.5,3,1,No,No,Yes,No
C0540,42,Male,74000,5,9.7,5,3,No,No,No,No
C0541,52,Female,18000,3,7.6,6,7,Yes,No,No,No
C0542,51,Male,50000,10,8.1,7,1,No,No,No,No
C0543,30,Male,34000,5,1.7,4,2,Yes,No,Yes,Yes
C0544,19,Male,34000,9,23.5,4,1,Yes,No,Yes,No
C0545,49,Male,20000,8,8.7,2,2,Yes,No,No,No
C0546,50,Male,68000,6,17.7,3,2,No,Yes,No,No
C0547,46,Female,55000,3,7.8,2,3,Yes,Yes,No,No
C0548,54,Female,19000,7,32.7,6,1,No,No,No,No
C0549,31,Female,47000,11,15.8,4,6,No,No,No,No
C0550,56,Female,110000,3,0.9,1,1,Yes,No,No,No
C0551,49,Male,40000,6,0.9,6,2,No,No,Yes,No
C0552,23,Female,32000,3,1.0,4,3,No,Yes,No,No
C0553,35,Female,34000,6,1.8,5,1,No,No,No,No
C0554,31,Female,59000,2,16.7,3,4,No,Yes,No,No
C0555,44,Female,50000,3,6.3,1,1,No,No,No,No
C0556,20,Female,42000,7,4.9,4,2,Yes,No,No,No
C0557,56,Male,41000,7,7.5,3,2,No,Yes,No,No
C0558,35,Male,101000,5,3.3,5,2,Yes,No,No,No
C0559,19,Male,68000,2,22.5,5,4,Yes,Yes,No,Yes
C0560,22,Female,111000,4,6.8,1,3,No,No,No,No
C0561,34,Male,32000,6,7.2,7,1,Yes,No,Yes,No
C0562,25,Female,44000,5,34.2,1,5,Yes,Yes,Yes,No
C0563,28,Male,48000,3,9.2,2,2,No,No,Yes,No
C0564,24,Female,84000,5,0.7,3,0,No,Yes,No,Yes
C0565,33,Male,43000,5,3.6,4,2,No,No,No,No
C0566,56,Male,53000,9,5.9,3,1,No,No,No,No
C0567,63,Female,79000,6,1.6,5,1,No,No,No,No
C0568,46,Male,45000,10,2.1,2,2,No,Yes,No,No
C0569,30,Female,34000,3,3.0,4,2,Yes,No,No,No
C0570,62,Female,29000,5,0.6,2,3,No,No,Yes,Yes
C0571,41,Male,56000,9,8.8,3,0,No,Yes,No,No
C0572,46,Male,73000,4,0.6,4,2,No,No,Yes,No
C0573,51,Male,69000,8,0.9,4,2,Yes,No,No,No
C0574,40,Male,78000,3,9.1,3,4,Yes,No,Yes,No
C0575,58,Female,90000,3,0.8,2,1,Yes,No,No,No
C0576,26,Female,57000,4,4.5,5,1,No,No,No,No
C0577,32,Female,113000,4,0.5,4,1,Yes,Yes,No,Yes
C0578,47,Male,36000,4,0.5,8,3,Yes,Yes,No,Yes
C0579,48,Male,72000,6,1.8,6,1,No,No,No,No
C0580,58,Female,36000,8,3.3,4,1,Yes,No,No,No
C0581,33,Male,76000,6,16.3,6,3,No,No,No,No
C0582,23,Female,68000,3,1.0,4,3,No,Yes,No,No
C0583,60,Female,41000,4,5.5,6,3,No,No,No,No
C0584,18,Male,73000,10,15.4,2,2,No,No,No,Yes
C0585,52,Male,45000,3,10.8,7,3,No,No,Yes,No
C0586,26,Male,64000,4,11.3,3,3,No,No,No,No
C0587,49,Male,30000,6,2.4,5,3,Yes,No,No,No
C0588,55,Male,39000,5,22.7,5,0,Yes,No,No,No
C0589,32,Male,81000,4,4.2,3,6,No,No,No,No
C0590,33,Male,49000,6,4.4,3,2,Yes,No,No,No
C0591,44,Female,42000,5,1.4,4,3,Yes,Yes,No,No
C0592,44,Female,42000,2,1.1,4,1,No,No,No,No
C0593,47,Male,24000,4,7.4,2,0,Yes,No,No,No
C0594,46,Female,65000,3,2.4,2,1,Yes,No,No,No
C0595,66,Male,94000,5,2.7,1,1,Yes,No,No,No
C0596,58,Male,61000,3,2.0,2,4,No,No,No,No
C0597,51,Male,130000,6,0.5,6,0,No,No,No,No
C0598,42,Male,40000,10,15.5,3,1,Yes,No,No,No
C0599,34,Male,62000,5,1.8,3,1,No,Yes,Yes,No
C0600,43,Female,81000,7,3.8,5,2,Yes,No,No,Yes
C0601,37,Male,40000,7,3.9,2,1,Yes,No,No,No
C0602,32,Female,71000,10,20.3,7,2,No,No,Yes,No
C0603,24,Male,21000,6,1.2,5,0,No,No,No,No
C0604,48,Female,45000,4,5.4,3,2,No,No,Yes,No
C0605,23,Male,68000,8,0.7,2,1,No,No,No,No
C0606,21,Male,59000,4,11.8,2,3,Yes,Yes,No,No
C0607,27,Male,90000,8,1.5,3,3,No,No,No,No
C0608,32,Male,60000,7,4.8,3,2,No,No,No,No
C0609,28,Female,169000,5,0.6,4,3,No,No,No,No
C0610,47,Female,44000,3,3.4,5,1,No,No,No,No
C0611,47,Female,74000,4,10.6,3,3,Yes,No,No,No
C0612,62,Female,18000,2,7.2,3,1,Yes,No,Yes,No
C0613,35,Female,60000,4,16.7,7,4,Yes,No,No,No
C0614,53,Female,53000,6,13.7,3,2,Yes,No,No,No
C0615,69,Male,76000,7,0.5,2,4,No,No,No,No
C0616,68,Female,43000,6,2.4,5,1,Yes,No,Yes,No
C0617,69,Male,70000,1,7.4,3,1,No,No,No,No
C0618,46,Male,34000,5,15.7,5,1,Yes,No,Yes,No
C0619,38,Female,42000,7,2.9,2,2,No,Yes,No,No
C0620,63,Female,107000,2,0.5,2,0,Yes,No,No,No
C0621,36,Female,60000,3,10.6,3,0,No,Yes,No,Yes
C0622,33,Female,79000,5,5.5,4,2,Yes,No,No,No
C0623,67,Female,50000,5,17.1,4,0,No,No,No,No
C0624,18,Female,58000,6,2.3,3,4,Yes,No,Yes,No
C0625,67,Female,65000,4,0.5,5,0,No,No,No,No
C0626,39,Male,19000,5,5.7,5,5,Yes,No,No,Yes
C0627,26,Female,59000,4,9.6,4,3,No,No,No,No
C0628,30,Female,61000,11,20.5,6,1,No,No,Yes,No
C0629,68,Male,51000,4,1.6,5,2,No,No,No,No
C0630,49,Male,81000,5,5.4,2,5,No,No,No,No
C0631,28,Male,35000,3,24.9,2,2,No,Yes,Yes,No
C0632,58,Female,35000,7,1.1,5,1,Yes,No,No,No
C0633,54,Male,77000,3,0.9,4,5,No,No,No,No
C0634,60,Male,29000,7,49.4,5,4,Yes,No,No,No
C0635,40,Male,53000,3,26.0,1,0,Yes,No,No,No
C0636,53,Female,46000,3,3.1,5,0,Yes,No,No,No
C0637,35,Female,26000,4,4.5,5,1,Yes,No,Yes,Yes
C0638,45,Female,91000,11,9.4,3,1,Yes,No,No,No
C0639,69,Female,47000,6,3.7,2,2,Yes,No,Yes,No
C0640,51,Female,78000,2,6.0,4,0,No,No,No,No
C0641,51,Female,49000,13,18.9,8,4,Yes,No,Yes,Yes
C0642,69,Male,40000,6,1.5,3,1,Yes,No,Yes,No
C0643,52,Female,49000,4,5.1,4,1,Yes,No,No,No
C0644,18,Male,38000,8,2.9,5,1,No,No,No,No
C0645,21,Female,58000,3,10.3,2,3,No,Yes,No,No
C0646,53,Male,56000,8,8.9,3,2,No,Yes,No,No
C0647,46,Female,47000,6,3.9,4,2,Yes,No,No,No
C0648,53,Female,89000,7,4.9,4,1,No,No,No,No
C0649,36,Female,33000,4,9.5,3,2,No,No,No,Yes
C0650,30,Male,42000,10,1.0,4,5,No,Yes,No,No
C0651,37,Female,65000,2,11.3,3,2,Yes,No,Yes,No
C0652,35,Female,43000,4,11.4,4,3,No,No,Yes,No
C0653,61,Female,53000,3,7.2,5,5,Yes,No,No,No
C0654,23,Female,104000,3,5.6,5,2,No,No,Yes,No
C0655,68,Male,47000,3,8.5,3,2,Yes,No,Yes,Yes
C0656,69,Male,140000,5,4.8,4,1,Yes,No,No,No
C0657,30,Male,34000,4,6.8,4,1,No,No,No,No
C0658,31,Male,43000,4,21.7,4,1,Yes,Yes,No,Yes
C0659,22,Male,25000,3,0.5,5,1,No,No,No,No
C0660,57,Male,96000,5,9.2,1,2,Yes,No,No,Yes
C0661,33,Female,75000,5,8.2,3,2,Yes,No,No,Yes
C0662,28,Male,25000,8,39.1,1,3,No,No,No,No
C0663,31,Female,21000,4,2.4,4,2,No,No,No,No
C0664,68,Female,69000,9,3.9,4,2,No,No,No,Yes
C0665,51,Female,62000,3,8.9,3,2,No,No,Yes,No
C0666,69,Female,24000,4,4.1,4,1,No,No,No,No
C0667,66,Female,44000,6,4.3,5,3,No,No,Yes,No
C0668,39,Female,73000,5,6.0,5,4,No,No,Yes,No
C0669,39,Male,93000,6,8.5,6,2,Yes,Yes,No,No
C0670,40,Male,46000,7,11.0,3,4,No,No,No,No
C0671,23,Female,26000,6,14.1,3,1,No,No,No,No
C0672,64,Male,27000,4,1.5,1,1,Yes,No,No,No
C0673,31,Female,37000,1,10.7,1,1,No,Yes,No,No
C0674,43,Female,27000,5,14.7,5,1,Yes,Yes,No,Yes
C0675,49,Female,58000,2,2.1,7,4,No,No,No,No
C0676,60,Male,33000,5,10.4,8,2,No,No,No,No
C0677,24,Male,69000,1,10.7,5,3,No,No,No,No
C0678,35,Female,69000,5,6.9,3,0,No,No,No,No
C0679,41,Male,103000,4,3.8,6,1,Yes,No,No,No
C0680,69,Male,46000,6,17.2,4,2,No,No,No,No
C0681,50,Male,95000,6,2.5,5,2,No,No,No,No
C0682,53,Male,27000,2,5.5,7,3,No,No,Yes,No
C0683,69,Male,43000,6,20.2,5,1,No,No,No,No
C0684,32,Male,46000,2,3.5,4,2,No,No,No,No
C0685,41,Male,55000,3,1.2,4,2,No,No,No,No
C0686,39,Female,61000,5,4.4,3,0,No,Yes,No,No
C0687,37,Female,30000,4,8.5,2,0,No,No,No,No
C0688,18,Male,118000,8,1.1,3,6,No,No,No,No
C0689,57,Male,47000,4,9.7,4,4,No,No,Yes,No
C0690,34,Female,30000,5,23.4,1,1,No,No,No,No
C0691,23,Male,58000,4,4.6,6,1,Yes,No,No,No
C0692,43,Female,45000,8,5.1,1,1,No,No,No,No
C0693,36,Male,69000,3,2.8,8,1,No,No,No,No
C0694,49,Female,77000,3,5.1,6,3,No,No,No,No
C0695,60,Male,46000,5,14.2,5,1,No,No,Yes,No
C0696,20,Male,93000,3,31.2,3,5,No,Yes,No,Yes
C0697,35,Male,29000,5,5.4,2,3,Yes,No,No,Yes
C0698,24,Female,38000,3,5.1,2,3,Yes,No,No,No
C0699,62,Male,27000,3,5.0,4,1,No,No,No,No
C0700,28,Male,19000,10,1.8,6,3,No,No,No,No
C0701,67,Female,22000,4,3.2,4,0,No,No,Yes,No
C0702,28,Female,30000,6,11.7,3,2,No,No,No,No
C0703,42,Male,86000,5,12.8,5,2,No,No,Yes,No
C0704,19,Female,102000,2,2.2,2,0,No,No,No,Yes
C0705,63,Male,56000,1,7.7,3,1,Yes,No,No,Yes
C0706,28,Male,58000,3,2.2,2,2,Yes,No,Yes,No
C0707,56,Female,69000,6,8.9,6,1,Yes,No,No,No
C0708,19,Female,54000,5,2.9,8,1,Yes,No,No,Yes
C0709,33,Female,36000,3,4.0,3,2,No,No,Yes,No
C0710,63,Female,46000,3,9.0,1,0,No,No,No,No
C0711,65,Female,16000,3,2.5,3,3,Yes,No,No,No
C0712,53,Female,26000,4,2.0,3,4,Yes,No,No,Yes
C0713,20,Female,34000,4,23.2,4,1,No,Yes,Yes,No
C0714,27,Male,42000,3,1.5,3,2,No,No,Yes,No
C0715,19,Female,27000,4,8.6,3,0,No,Yes,No,No
C0716,69,Male,91000,10,3.9,1,5,No,Yes,No,Yes
C0717,67,Male,98000,4,8.9,3,2,Yes,No,No,No
C0718,65,Female,81000,11,3.0,5,3,Yes,No,No,No
C0719,66,Male,69000,9,14.3,5,1,No,No,No,No
C0720,18,Male,107000,7,18.8,7,1,No,No,No,No
C0721,53,Female,63000,3,2.4,3,2,No,No,Yes,No
C0722,44,Female,77000,4,9.0,4,1,No,No,No,Yes
C0723,53,Female,39000,7,30.3,5,5,Yes,No,Yes,No
C0724,38,Male,74000,3,1.9,2,2,No,Yes,No,No
C0725,61,Male,137000,9,1.4,3,0,Yes,No,No,No
C0726,32,Male,18000,8,0.8,7,0,Yes,No,No,No
C0727,42,Female,79000,5,5.1,5,3,Yes,No,Yes,No
C0728,20,Male,66000,4,5.9,4,0,No,No,No,No
C0729,47,Female,46000,5,1.9,6,0,Yes,No,Yes,Yes
C0730,58,Male,42000,7,9.1,8,2,No,No,No,No
C0731,64,Male,22000,9,8.8,1,1,Yes,No,No,No
C0732,44,Male,97000,3,0.5,2,3,No,No,No,No
C0733,57,Female,84000,3,7.1,4,0,No,No,Yes,No
C0734,59,Male,25000,4,4.2,5,3,Yes,No,No,No
C0735,47,Female,74000,10,1.1,2,1,No,Yes,No,No
C0736,60,Female,56000,2,1.1,2,2,No,No,No,No
C0737,18,Female,16000,6,10.7,6,2,Yes,No,Yes,Yes
C0738,40,Male,45000,5,11.4,7,0,Yes,No,No,No
C0739,59,Male,39000,10,0.7,1,2,No,No,No,No
C0740,52,Male,39000,3,3.6,3,2,Yes,No,No,No
C0741,38,Male,106000,7,11.2,7,3,No,No,No,No
C0742,35,Male,40000,1,3.7,2,6,No,Yes,No,No
C0743,22,Female,84000,4,6.5,4,2,No,No,No,No
C0744,30,Female,133000,6,5.0,6,3,No,No,No,No
C0745,22,Female,41000,7,2.5,7,0,Yes,No,No,No
C0746,56,Male,30000,7,20.0,2,4,No,No,No,No
C0747,49,Male,45000,2,7.6,6,3,No,No,No,No
C0748,33,Male,76000,6,7.2,4,4,No,No,No,No
C0749,68,Male,23000,5,10.2,2,2,No,No,No,No
C0750,49,Male,26000,2,3.4,1,1,No,No,No,No
C0751,43,Female,69000,4,6.1,5,2,No,Yes,No,No
C0752,31,Female,50000,4,18.6,1,2,No,No,No,No
C0753,68,Female,67000,2,14.9,5,2,No,No,No,No
C0754,59,Male,58000,2,10.7,4,2,No,No,No,No
C0755,57,Female,42000,3,1.4,7,1,Yes,No,No,No
C0756,59,Male,71000,7,2.8,2,1,No,No,No,No
C0757,47,Female,48000,7,3.5,4,0,No,No,Yes,No
C0758,52,Male,29000,5,20.4,3,1,No,Yes,No,No
C0759,62,Female,78000,7,1.8,5,1,No,No,No,No
C0760,20,Female,143000,1,47.4,3,0,No,No,Yes,No
C0761,63,Female,27000,4,0.8,4,0,Yes,No,No,No
C0762,27,Male,26000,6,22.9,4,2,No,No,No,No
C0763,42,Male,23000,3,9.2,2,1,No,No,No,No
C0764,25,Female,45000,6,14.7,7,4,No,Yes,No,No
C0765,52,Male,125000,5,6.9,2,1,Yes,Yes,No,No
C0766,44,Female,27000,7,3.9,7,1,No,No,No,No
C0767,63,Female,34000,7,0.7,5,4,No,No,No,No
C0768,36,Female,82000,2,17.0,6,4,No,No,No,Yes
C0769,68,Female,32000,6,6.8,5,4,No,No,Yes,Yes
C0770,69,Male,26000,6,6.1,4,0,No,No,No,No
C0771,41,Female,108000,7,16.1,4,0,No,No,No,Yes
C0772,67,Female,89000,6,16.2,6,0,No,No,No,No
C0773,43,Male,47000,5,45.2,4,4,Yes,No,No,Yes
C0774,37,Female,20000,5,0.5,3,2,No,No,No,No
C0775,33,Male,29000,6,1.7,5,0,Yes,No,No,No
C0776,68,Male,25000,6,25.0,2,2,No,No,No,No
C0777,41,Female,26000,2,3.0,6,1,Yes,No,Yes,No
C0778,60,Female,98000,8,14.6,4,2,Yes,No,No,No
C0779,23,Female,60000,6,20.6,1,4,No,No,No,Yes
C0780,22,Male,114000,10,10.7,3,2,No,No,No,No
C0781,34,Female,21000,7,17.8,2,0,Yes,No,No,No
C0782,38,Female,63000,4,20.3,3,2,No,Yes,No,No
C0783,18,Male,102000,8,6.9,3,0,No,No,No,Yes
C0784,33,Male,81000,10,4.3,7,0,No,No,No,No
C0785,53,Female,69000,3,0.7,3,3,No,Yes,No,No
C0786,32,Male,25000,5,20.8,3,1,No,No,Yes,No
C0787,66,Female,64000,5,8.6,3,2,No,No,No,No
C0788,40,Male,78000,7,28.0,4,3,Yes,No,Yes,Yes
C0789,41,Male,45000,5,8.2,3,4,Yes,No,No,No
C0790,45,Male,55000,6,1.0,8,1,No,No,No,No
C0791,37,Male,26000,1,3.5,3,3,Yes,No,No,No
C0792,25,Female,49000,6,0.5,3,3,No,No,No,No
C0793,43,Male,78000,7,14.4,1,0,Yes,No,No,No
C0794,54,Male,74000,8,8.0,4,1,Yes,No,Yes,No
C0795,68,Male,47000,5,9.2,1,5,Yes,No,No,No
C0796,57,Male,58000,4,1.3,4,3,Yes,No,No,No
C0797,29,Female,67000,9,1.3,4,2,Yes,No,No,No
C0798,31,Male,125000,5,11.1,6,1,Yes,No,No,No
C0799,23,Female,35000,9,5.5,3,2,No,No,No,No
C0800,51,Male,143000,7,5.1,6,3,No,No,Yes,No
C0801,53,Female,33000,2,17.3,4,3,No,No,No,No
C0802,29,Male,30000,3,6.1,7,3,No,Yes,Yes,Yes
C0803,31,Female,25000,9,14.1,4,2,No,Yes,Yes,No
C0804,62,Male,74000,5,12.7,3,3,Yes,No,No,No
C0805,43,Male,71000,11,12.6,4,1,Yes,No,Yes,Yes
C0806,49,Male,58000,5,4.8,4,5,No,No,No,No
C0807,29,Male,44000,8,1.4,6,2,Yes,No,No,Yes
C0808,20,Male,74000,3,16.9,4,1,No,No,No,Yes
C0809,40,Male,86000,4,7.3,2,0,No,No,No,No
C0810,43,Male,34000,6,12.9,5,2,Yes,No,No,Yes
C0811,18,Male,64000,4,3.0,4,1,No,No,No,No
C0812,36,Female,44000,5,16.8,8,2,Yes,No,No,No
C0813,36,Female,34000,6,0.8,3,0,Yes,No,No,Yes
C0814,69,Female,65000,4,5.8,1,2,Yes,No,No,No
C0815,28,Male,31000,1,3.1,7,4,No,Yes,No,No
C0816,69,Male,76000,3,22.0,4,3,No,Yes,Yes,Yes
C0817,32,Female,57000,6,7.6,3,3,No,No,No,No
C0818,33,Male,62000,1,11.3,3,1,No,No,No,No
C0819,47,Male,68000,2,5.9,2,3,Yes,No,No,Yes
C0820,23,Female,28000,6,9.1,4,0,Yes,No,No,No
C0821,37,Male,54000,9,3.3,1,1,Yes,No,No,No
C0822,45,Female,56000,8,4.8,4,2,No,No,No,No
C0823,27,Male,166000,10,7.2,4,1,No,No,No,No
C0824,51,Female,20000,1,0.5,2,1,No,No,No,No
C0825,54,Female,39000,7,10.1,4,2,Yes,No,No,No
C0826,18,Male,119000,9,1.6,3,0,Yes,No,No,Yes
C0827,28,Female,56000,4,8.1,7,1,Yes,No,Yes,Yes
C0828,58,Female,42000,2,3.8,4,2,No,No,No,No
C0829,36,Male,54000,6,3.1,3,1,Yes,No,No,No
C0830,48,Male,54000,6,3.7,4,1,No,No,No,No
C0831,19,Male,43000,4,10.3,3,2,Yes,Yes,Yes,Yes
C0832,50,Female,37000,5,3.3,2,3,Yes,No,No,No
C0833,68,Female,40000,3,34.3,4,2,No,No,No,No
C0834,54,Female,22000,3,5.5,3,1,Yes,Yes,Yes,No
C0835,25,Male,50000,5,6.6,1,4,Yes,No,No,No
C0836,18,Female,30000,8,2.8,1,1,No,No,Yes,No
C0837,29,Female,27000,9,16.5,2,1,No,Yes,No,No
C0838,27,Female,56000,5,8.3,3,2,Yes,Yes,Yes,Yes
C0839,58,Female,120000,1,11.4,5,0,Yes,Yes,No,Yes
C0840,62,Male,74000,2,10.8,6,1,Yes,No,No,Yes
C0841,32,Female,66000,1,21.1,2,2,No,Yes,No,No
C0842,38,Male,53000,4,1.6,6,3,No,No,No,No
C0843,42,Female,69000,6,6.0,5,4,Yes,No,No,Yes
C0844,21,Male,37000,4,5.9,3,0,No,No,No,No
C0845,33,Female,85000,2,13.6,7,6,No,No,No,No
C0846,68,Male,66000,2,2.6,2,3,No,No,No,No
C0847,64,Female,15000,4,0.5,2,0,No,No,No,No
C0848,26,Female,63000,3,4.2,4,2,No,No,No,No
C0849,30,Female,70000,5,0.7,6,1,Yes,No,No,No
C0850,34,Female,54000,7,3.3,6,0,No,No,No,No
C0851,36,Male,62000,4,1.1,4,2,No,No,No,No
C0852,22,Female,49000,4,5.8,1,2,No,No,No,No
C0853,33,Female,15000,5,5.5,5,0,Yes,No,Yes,No
C0854,44,Male,121000,4,11.1,6,0,No,No,No,No
C0855,45,Male,47000,2,14.9,3,1,Yes,Yes,Yes,No
C0856,55,Male,46000,5,12.4,5,0,Yes,No,Yes,No
C0857,49,Male,43000,5,20.0,2,2,Yes,No,No,No
C0858,47,Female,29000,4,9.7,7,3,No,No,No,No
C0859,68,Female,29000,4,2.5,2,1,No,No,No,No
C0860,22,Female,79000,2,1.9,8,4,Yes,No,Yes,Yes
C0861,54,Male,42000,7,8.1,6,1,No,No,No,No
C0862,18,Male,42000,5,8.1,7,1,No,No,No,No
C0863,43,Male,41000,7,2.4,5,1,Yes,No,No,No
C0864,46,Female,54000,5,1.3,6,2,No,No,Yes,No
C0865,57,Female,142000,5,7.7,2,2,No,No,No,No
C0866,68,Male,37000,1,4.7,7,2,Yes,Yes,Yes,No
C0867,28,Female,30000,4,4.7,6,0,No,No,No,Yes
C0868,54,Male,62000,2,9.6,2,1,No,Yes,No,No
C0869,55,Female,15000,7,4.6,5,2,Yes,No,No,No
C0870,21,Male,30000,6,9.4,2,3,No,No,No,No
C0871,28,Male,84000,4,2.4,2,3,Yes,No,No,No
C0872,51,Male,21000,4,10.2,2,2,Yes,No,No,No
C0873,63,Female,81000,5,3.8,6,3,Yes,No,No,No
C0874,59,Female,20000,6,1.1,4,3,No,No,No,No
C0875,40,Male,71000,5,10.5,7,0,No,Yes,No,No
C0876,35,Female,56000,6,11.9,4,3,No,No,Yes,No
C0877,32,Male,27000,7,0.5,7,2,No,No,Yes,Yes
C0878,62,Female,40000,4,29.7,6,2,Yes,No,No,No
C0879,54,Female,45000,3,10.1,2,1,Yes,No,Yes,No
C0880,42,Male,132000,7,11.3,5,3,Yes,Yes,No,No
C0881,64,Female,30000,2,10.7,2,0,Yes,No,No,No
C0882,32,Male,51000,8,8.6,2,1,Yes,No,No,No
C0883,49,Male,72000,2,5.5,3,0,Yes,No,No,No
C0884,20,Male,44000,5,12.2,3,0,No,No,No,No
C0885,48,Male,61000,3,27.8,2,0,Yes,No,No,No
C0886,20,Female,65000,6,7.3,4,1,Yes,No,No,No
C0887,60,Male,23000,4,7.5,1,2,No,No,No,No
C0888,36,Female,75000,3,10.3,5,4,Yes,No,No,No
C0889,61,Female,23000,8,0.5,4,1,Yes,No,Yes,Yes
C0890,32,Male,72000,6,1.9,4,2,Yes,No,No,No
C0891,20,Female,34000,4,3.8,2,1,Yes,No,No,Yes
C0892,25,Male,18000,8,4.0,5,1,No,Yes,No,No
C0893,30,Male,81000,4,21.2,7,3,No,No,No,No
C0894,45,Female,28000,4,2.8,5,2,No,No,Yes,No
C0895,49,Male,24000,3,12.8,3,2,Yes,Yes,No,No
C0896,43,Male,48000,1,3.7,5,1,No,Yes,No,No
C0897,46,Female,35000,6,7.9,3,3,No,No,No,No
C0898,55,Female,54000,8,4.3,7,3,No,No,Yes,Yes
C0899,40,Male,42000,5,16.4,6,1,No,No,No,No
C0900,21,Male,79000,5,1.7,5,1,Yes,No,No,No
C0901,29,Male,47000,4,8.5,1,1,Yes,No,Yes,No
C0902,56,Female,38000,9,14.7,2,2,No,No,No,No
C0903,37,Female,64000,8,5.8,2,2,No,Yes,No,No
C0904,26,Male,31000,6,12.3,6,4,Yes,Yes,No,No
C0905,29,Male,54000,5,11.2,4,3,No,No,No,No
C0906,63,Male,63000,5,3.6,4,4,Yes,No,No,No
C0907,36,Male,72000,4,11.2,5,1,Yes,No,Yes,No
C0908,39,Male,55000,9,9.7,3,3,No,No,No,Yes
C0909,36,Female,42000,4,9.6,2,1,Yes,No,No,No
C0910,45,Male,49000,6,9.3,8,1,Yes,No,No,No
C0911,38,Male,42000,2,1.9,5,5,Yes,No,No,Yes
C0912,48,Male,81000,4,12.1,5,0,No,No,No,No
C0913,38,Female,43000,4,2.3,2,0,Yes,Yes,No,No
C0914,62,Male,96000,7,15.4,3,2,No,No,No,No
C0915,38,Male,74000,6,18.1,4,3,Yes,Yes,No,No
C0916,63,Male,62000,5,1.1,6,3,Yes,No,No,Yes
C0917,66,Female,38000,3,14.2,5,1,Yes,No,No,No
C0918,51,Male,29000,5,2.4,3,5,Yes,No,No,No
C0919,29,Male,18000,1,12.0,5,1,No,No,Yes,No
C0920,41,Female,20000,6,0.5,5,1,No,No,Yes,No
C0921,35,Female,95000,5,0.8,3,0,No,No,No,No
C0922,42,Male,76000,6,9.5,2,3,No,No,No,Yes
C0923,66,Male,40000,10,13.0,1,0,No,No,No,No
C0924,62,Male,63000,4,12.3,2,2,No,No,No,Yes
C0925,64,Female,60000,6,19.0,1,1,No,No,Yes,No
C0926,26,Female,40000,6,10.1,4,0,No,No,No,No
C0927,35,Male,29000,6,21.0,5,1,No,No,No,No
C0928,34,Female,41000,7,5.4,2,1,No,Yes,No,No
C0929,60,Male,64000,2,12.5,5,4,Yes,No,No,Yes
C0930,29,Male,35000,4,15.9,2,2,No,No,No,Yes
C0931,57,Female,71000,5,3.4,1,2,Yes,No,No,No
C0932,54,Female,94000,5,1.7,1,0,No,Yes,Yes,No
C0933,32,Female,29000,3,9.3,6,1,No,No,No,No
C0934,40,Male,23000,1,5.0,5,1,No,No,No,No
C0935,28,Female,24000,8,28.8,1,1,No,No,No,Yes
C0936,44,Female,84000,5,0.5,5,1,Yes,Yes,Yes,No
C0937,21,Female,63000,4,0.5,5,2,No,No,No,No
C0938,58,Male,29000,3,4.2,2,0,No,No,Yes,No
C0939,41,Male,46000,6,6.2,3,0,No,No,No,No
C0940,47,Male,53000,6,5.6,4,0,No,Yes,No,No
C0941,69,Male,56000,5,1.8,3,4,No,No,No,No
C0942,61,Male,58000,2,4.4,5,2,No,No,No,No
C0943,55,Male,68000,4,12.8,1,1,No,No,No,No
C0944,38,Male,61000,5,4.3,5,1,No,No,No,No
C0945,57,Male,66000,7,11.2,3,2,No,No,No,No
C0946,23,Male,101000,4,8.0,3,1,Yes,No,No,No
C0947,23,Female,36000,4,7.3,1,2,No,No,No,No
C0948,44,Female,37000,6,0.5,5,1,No,Yes,No,No
C0949,19,Male,47000,5,2.0,5,1,Yes,No,No,Yes
C0950,43,Female,127000,9,6.0,7,3,No,No,No,No
C0951,64,Female,47000,4,8.2,2,1,No,No,No,Yes
C0952,66,Male,75000,4,28.2,5,2,Yes,No,No,Yes
C0953,61,Male,64000,3,16.3,7,2,No,No,No,No
C0954,36,Female,25000,3,0.5,5,2,No,No,No,No
C0955,66,Female,75000,2,3.4,4,0,No,Yes,Yes,No
C0956,19,Male,19000,7,3.0,2,1,Yes,No,Yes,No
C0957,18,Female,74000,3,1.8,5,2,Yes,No,No,No
C0958,43,Male,63000,6,2.4,4,1,No,No,Yes,No
C0959,67,Female,73000,4,1.8,2,2,No,No,No,No
C0960,36,Male,86000,3,2.4,2,3,No,No,No,No
C0961,49,Male,85000,5,4.8,7,1,No,No,No,No
C0962,51,Male,42000,4,5.1,6,4,Yes,No,No,Yes
C0963,49,Female,32000,3,1.3,7,3,No,No,No,No
C0964,35,Male,31000,3,4.1,5,1,Yes,No,Yes,No
C0965,55,Male,51000,8,15.5,6,1,No,No,No,No
C0966,54,Male,27000,3,4.3,3,2,Yes,No,No,No
C0967,53,Male,39000,3,1.3,5,3,Yes,No,Yes,No
C0968,18,Male,32000,5,11.0,4,2,No,No,No,No
C0969,65,Male,32000,2,12.6,6,1,Yes,No,No,Yes
C0970,31,Male,74000,7,2.0,2,1,No,No,No,No
C0971,62,Female,31000,4,18.2,3,0,No,No,No,No
C0972,38,Male,32000,5,3.7,6,2,No,No,No,No
C0973,41,Male,90000,3,8.7,1,2,No,No,No,No
C0974,18,Female,22000,5,7.5,2,1,No,No,No,No
C0975,66,Female,50000,2,5.9,5,3,Yes,No,No,No
C0976,53,Male,52000,5,6.7,5,0,No,No,No,No
C0977,50,Male,42000,7,0.8,6,2,Yes,No,No,No
C0978,37,Male,74000,8,2.0,3,1,Yes,No,Yes,No
C0979,31,Male,53000,11,2.5,4,1,Yes,No,No,No
C0980,66,Female,40000,7,7.2,2,2,Yes,No,No,No
C0981,59,Male,64000,5,1.2,2,1,No,No,No,No
C0982,38,Female,45000,5,11.1,2,2,Yes,No,No,No
C0983,52,Male,48000,4,10.4,3,1,No,No,No,No
C0984,44,Female,35000,11,9.4,6,4,No,No,No,No
C0985,57,Female,31000,9,0.7,1,3,Yes,No,No,No
C0986,50,Male,37000,6,9.7,4,4,No,No,No,No
C0987,49,Female,23000,6,14.8,8,1,No,Yes,No,No
C0988,21,Male,38000,3,20.7,4,1,Yes,No,No,No
C0989,50,Female,63000,5,22.5,2,1,Yes,Yes,No,No
C0990,23,Female,36000,4,5.8,2,2,No,Yes,No,No
C0991,69,Male,18000,7,2.5,5,1,No,No,No,Yes
C0992,28,Female,33000,3,1.6,4,3,Yes,Yes,Yes,Yes
C0993,41,Male,30000,4,0.5,3,3,No,Yes,No,No
C0994,56,Female,44000,5,3.7,7,0,No,No,No,No
C0995,53,Female,51000,6,0.5,5,0,No,No,No,No
C0996,19,Female,55000,8,20.2,4,2,Yes,No,No,No
C0997,63,Female,37000,5,3.8,1,1,No,No,No,No
C0998,24,Female,61000,5,5.7,4,2,Yes,No,No,Yes
C0999,30,Male,68000,7,14.8,6,3,No,No,No,No
C1000,55,Female,19000,7,0.5,3,3,Yes,No,No,No
C1001,61,Male,33000,2,9.5,6,1,No,No,Yes,No
C1002,45,Female,120000,4,7.8,3,4,No,No,No,No
C1003,57,Female,41000,3,6.2,4,3,Yes,Yes,Yes,No
C1004,66,Male,93000,2,3.3,5,3,No,No,No,No
C1005,56,Male,31000,4,12.4,2,2,Yes,No,Yes,No
C1006,47,Female,136000,14,9.1,3,2,No,No,Yes,No
C1007,33,Male,65000,3,9.0,5,3,Yes,No,No,Yes
C1008,66,Female,52000,3,28.1,2,2,Yes,No,No,No
C1009,48,Female,49000,4,2.1,6,1,No,No,No,No
C1010,42,Female,39000,6,10.9,7,5,No,No,No,No
C1011,58,Male,124000,5,1.2,3,1,Yes,No,No,No
C1012,67,Female,49000,6,10.2,3,0,No,Yes,No,No
C1013,62,Female,37000,7,17.9,2,0,No,No,Yes,No
C1014,23,Female,63000,7,13.4,3,1,Yes,No,Yes,Yes
C1015,35,Male,149000,6,5.0,8,3,No,No,No,No
C1016,55,Male,26000,6,0.5,7,3,Yes,No,No,No
C1017,29,Female,45000,4,0.5,6,1,No,No,Yes,No
C1018,27,Female,15000,2,11.3,6,2,No,Yes,No,Yes
C1019,24,Female,40000,3,5.0,4,1,No,No,No,No
C1020,23,Female,35000,5,2.0,1,3,No,No,No,No
C1021,48,Female,70000,10,14.3,4,1,No,No,No,No
C1022,56,Female,54000,5,0.5,3,3,Yes,No,Yes,No
C1023,51,Female,66000,5,13.6,6,4,Yes,No,No,No
C1024,52,Male,48000,8,0.6,4,2,Yes,No,No,No
C1025,34,Male,165000,5,6.8,4,3,Yes,No,Yes,No
C1026,21,Female,35000,5,1.0,3,1,No,No,No,No
C1027,37,Female,66000,7,19.1,2,1,No,Yes,No,No
C1028,46,Male,63000,3,13.3,3,0,Yes,No,No,No
C1029,42,Male,84000,5,17.5,4,0,Yes,Yes,No,No
C1030,56,Male,55000,7,3.6,3,1,No,No,No,No
C1031,34,Male,40000,3,7.5,6,1,No,No,Yes,No
C1032,59,Female,57000,4,5.0,6,4,No,Yes,No,No
C1033,54,Female,60000,6,0.8,8,3,Yes,No,No,Yes
C1034,43,Male,47000,5,27.4,9,2,No,No,No,Yes
C1035,28,Female,44000,1,4.7,7,1,Yes,No,No,Yes
C1036,58,Male,49000,9,8.7,4,3,No,No,Yes,No
C1037,30,Female,98000,1,9.5,3,2,No,No,No,No
C1038,27,Female,56000,5,3.8,1,3,No,No,No,No
C1039,63,Male,45000,5,1.7,2,1,No,No,No,No
C1040,27,Male,76000,2,10.0,4,0,No,No,No,No
C1041,37,Female,30000,4,3.9,3,3,Yes,No,No,No
C1042,66,Male,99000,7,0.9,2,3,No,No,Yes,No
C1043,65,Male,93000,4,24.9,6,2,Yes,No,Yes,Yes
C1044,59,Female,44000,5,9.5,3,3,No,No,Yes,No
C1045,53,Female,26000,4,1.7,1,3,Yes,No,No,No
C1046,69,Male,57000,2,22.2,1,2,No,No,No,No
C1047,60,Female,28000,7,0.5,3,2,Yes,Yes,No,Yes
C1048,55,Female,101000,2,0.5,3,4,No,No,No,No
C1049,29,Female,212000,9,0.6,3,1,No,No,No,No
C1050,28,Male,28000,4,7.2,2,2,Yes,No,No,No
C1051,54,Male,30000,3,1.9,1,3,No,No,No,No
C1052,37,Male,79000,4,20.7,4,1,No,Yes,No,No
C1053,25,Female,29000,3,11.6,6,2,No,No,Yes,No
C1054,66,Male,30000,4,4.7,3,3,No,No,No,No
C1055,55,Male,44000,5,3.6,2,1,No,No,Yes,No
C1056,33,Male,49000,6,2.4,2,1,No,Yes,No,Yes
C1057,62,Female,83000,5,13.4,4,1,No,Yes,No,No
C1058,19,Male,52000,7,2.4,2,2,No,No,Yes,No
C1059,69,Male,68000,3,33.9,8,1,No,No,No,No
C1060,36,Female,44000,1,6.8,3,1,Yes,No,Yes,No
C1061,52,Male,45000,4,7.0,3,2,Yes,No,No,No
C1062,56,Male,48000,4,20.1,2,2,Yes,No,No,No
C1063,38,Female,68000,5,1.6,5,3,No,No,No,No
C1064,47,Male,55000,9,10.6,2,3,No,No,No,No
C1065,24,Male,41000,8,11.5,12,1,No,Yes,No,No
C1066,41,Female,132000,3,0.5,2,0,No,No,No,No
C1067,47,Male,35000,7,12.6,1,2,No,Yes,Yes,Yes
C1068,33,Female,32000,3,7.2,2,4,No,No,No,No
C1069,69,Female,52000,7,4.3,1,1,No,No,Yes,No
C1070,46,Female,71000,7,14.9,4,2,Yes,No,No,No
C1071,31,Female,52000,4,0.5,3,0,No,No,No,Yes
C1072,27,Female,66000,5,2.3,2,0,Yes,Yes,No,No
C1073,24,Male,63000,4,0.5,4,0,No,No,Yes,No
C1074,66,Male,37000,9,2.1,4,2,Yes,No,No,No
C1075,45,Female,62000,5,2.5,2,0,No,No,No,No
C1076,36,Male,40000,6,11.7,2,4,Yes,No,No,Yes
C1077,65,Female,32000,5,0.9,10,2,No,No,No,Yes
C1078,23,Female,59000,6,3.4,3,4,No,No,No,Yes
C1079,26,Female,62000,6,0.8,2,3,No,Yes,No,Yes
C1080,19,Male,186000,3,15.0,5,1,Yes,No,No,No
C1081,56,Male,59000,1,1.9,2,0,Yes,No,No,No
C1082,54,Female,84000,7,17.6,4,3,Yes,No,No,No
C1083,57,Female,22000,8,17.2,4,2,No,No,No,Yes
C1084,18,Female,50000,6,4.5,8,4,No,No,No,No
C1085,64,Female,106000,4,8.6,2,2,No,No,No,No
C1086,50,Male,39000,4,4.3,4,2,No,No,No,No
C1087,40,Female,23000,6,6.5,3,5,Yes,No,No,No
C1088,60,Male,41000,2,1.4,4,1,Yes,No,Yes,No
C1089,44,Male,23000,7,7.0,3,1,No,Yes,No,No
C1090,53,Female,87000,4,13.2,4,1,No,No,Yes,No
C1091,22,Female,69000,2,14.3,2,0,No,No,Yes,No
C1092,19,Female,99000,7,22.2,2,2,Yes,No,No,No
C1093,53,Female,51000,2,3.4,4,2,Yes,No,No,No
C1094,53,Male,82000,5,2.5,5,3,Yes,No,Yes,Yes
C1095,52,Male,59000,2,0.9,5,0,No,No,No,No
C1096,33,Male,66000,3,8.8,6,1,No,No,No,No
C1097,40,Male,81000,10,33.8,5,1,Yes,No,No,Yes
C1098,49,Female,24000,10,0.5,1,4,Yes,No,Yes,No
C1099,44,Female,33000,3,4.8,2,7,No,No,Yes,No
C1100,48,Female,24000,3,4.9,7,2,Yes,No,No,No
C1101,48,Female,33000,3,6.8,1,2,Yes,Yes,No,No
C1102,42,Male,25000,5,25.9,6,2,No,No,Yes,No
C1103,51,Female,79000,1,1.0,4,3,Yes,No,No,Yes
C1104,63,Female,41000,6,0.6,5,0,No,No,Yes,No
C1105,36,Female,30000,6,2.7,4,3,Yes,No,No,No
C1106,68,Female,59000,5,4.1,3,2,No,No,No,No
C1107,65,Female,67000,3,16.1,4,3,Yes,No,Yes,Yes
C1108,62,Male,150000,6,14.3,4,2,Yes,No,No,Yes
C1109,36,Male,40000,3,9.9,5,1,No,No,No,No
C1110,66,Female,53000,5,9.6,1,1,Yes,Yes,No,Yes
C1111,21,Female,45000,4,2.1,7,1,No,No,Yes,No
C1112,39,Male,82000,6,12.4,5,0,No,No,No,No
C1113,46,Female,35000,4,11.9,4,0,No,No,No,No
C1114,20,Female,66000,3,7.2,2,1,No,No,No,No
C1115,40,Male,27000,5,0.9,4,2,No,No,No,No
C1116,31,Male,27000,1,2.3,3,1,Yes,No,No,No
C1117,67,Male,99000,5,27.2,6,2,No,No,No,No
C1118,20,Female,25000,2,1.6,7,6,No,No,Yes,Yes
C1119,44,Female,106000,4,3.1,4,3,Yes,Yes,No,Yes
C1120,55,Male,69000,4,10.1,6,1,No,No,No,No
C1121,47,Female,44000,4,23.1,4,1,No,No,Yes,No
C1122,47,Male,19000,1,12.6,3,4,Yes,Yes,No,No
C1123,31,Female,15000,2,7.8,4,3,Yes,No,No,No
C1124,36,Female,41000,3,5.1,1,2,No,No,No,No
C1125,54,Male,72000,3,2.9,5,0,Yes,No,No,No
C1126,46,Male,22000,5,1.8,3,2,No,Yes,No,No
C1127,47,Female,45000,7,5.9,4,2,No,No,No,No
C1128,69,Female,60000,5,0.5,7,4,Yes,No,Yes,Yes
C1129,68,Male,47000,5,17.0,4,6,Yes,No,No,No
C1130,56,Male,25000,7,11.9,2,2,Yes,Yes,Yes,No
C1131,20,Female,60000,7,2.3,7,0,Yes,No,No,No
C1132,51,Male,19000,5,1.3,3,2,No,No,No,No
C1133,43,Female,93000,4,9.4,3,2,No,No,No,Yes
C1134,24,Male,48000,5,18.2,6,0,No,No,No,No
C1135,42,Male,111000,6,18.4,10,2,No,No,Yes,No
C1136,43,Female,73000,3,1.7,4,1,Yes,No,No,No
C1137,28,Female,32000,8,3.4,5,1,No,No,No,No
C1138,19,Male,44000,3,2.0,2,2,No,Yes,No,No
C1139,54,Male,71000,4,1.0,6,5,No,No,No,No
C1140,41,Male,76000,5,3.2,3,3,Yes,No,No,No
C1141,30,Male,23000,7,18.4,2,4,No,No,No,No
C1142,37,Male,59000,3,4.0,4,2,Yes,No,No,No
C1143,60,Male,111000,4,11.3,6,3,No,No,No,No
C1144,69,Female,16000,7,6.4,6,3,No,No,No,No
C1145,56,Female,36000,6,6.7,9,1,No,Yes,No,No
C1146,54,Female,27000,4,2.8,5,3,No,No,No,No
C1147,23,Female,24000,5,3.9,4,1,No,No,No,No
C1148,39,Female,35000,9,0.5,8,0,No,No,No,No
C1149,64,Male,69000,4,4.2,1,4,No,No,No,No
C1150,44,Female,46000,3,5.3,7,3,Yes,No,No,No
C1151,32,Female,33000,2,0.5,3,2,No,No,No,No
C1152,57,Female,40000,3,3.7,4,2,No,Yes,No,No
C1153,44,Female,45000,9,8.3,4,2,No,No,No,No
C1154,23,Male,76000,1,3.0,3,0,No,Yes,Yes,No
C1155,21,Female,73000,9,7.0,6,2,No,Yes,Yes,No
C1156,32,Female,36000,5,0.5,2,0,Yes,No,No,No
C1157,38,Male,21000,7,5.3,4,2,Yes,No,No,No
C1158,31,Male,45000,4,6.3,5,2,No,No,No,No
C1159,65,Female,28000,5,15.3,6,2,Yes,No,No,Yes
C1160,37,Female,15000,9,3.7,8,2,Yes,No,No,No
C1161,65,Male,50000,5,2.3,5,0,No,No,Yes,No
C1162,50,Male,72000,6,10.7,1,1,No,No,Yes,No
C1163,38,Male,95000,7,3.0,4,1,Yes,No,No,No
C1164,55,Female,19000,2,7.7,7,4,No,Yes,No,Yes
C1165,65,Male,37000,8,8.9,4,3,No,Yes,No,No
C1166,51,Female,89000,2,0.6,3,0,No,No,No,No
C1167,59,Female,43000,5,0.5,1,2,Yes,No,No,Yes
C1168,43,Male,29000,5,4.6,3,1,No,No,Yes,No
C1169,64,Male,42000,6,0.5,4,1,No,No,Yes,No
C1170,64,Male,116000,4,9.9,2,4,Yes,No,No,No
C1171,61,Female,34000,7,9.6,1,1,Yes,No,No,No
C1172,27,Male,45000,8,14.7,6,0,No,No,Yes,Yes
C1173,19,Male,87000,3,2.2,2,3,Yes,No,No,No
C1174,50,Female,79000,3,18.1,5,3,Yes,No,Yes,Yes
C1175,32,Female,36000,6,28.8,3,2,Yes,No,No,No
C1176,51,Male,86000,5,6.8,1,1,No,Yes,Yes,No
C1177,46,Female,55000,5,6.3,5,5,Yes,No,No,Yes
C1178,55,Male,91000,3,9.9,1,0,No,No,No,No
C1179,50,Male,49000,8,3.3,3,6,No,No,Yes,No
C1180,45,Female,35000,2,14.2,3,2,No,Yes,No,No
C1181,49,Male,57000,3,17.4,9,2,Yes,No,No,No
C1182,66,Female,56000,5,1.2,5,0,Yes,No,No,Yes
C1183,37,Male,35000,2,1.4,7,1,No,No,No,No
C1184,65,Male,58000,5,2.3,5,2,No,No,No,No
C1185,21,Female,44000,6,0.5,5,0,Yes,No,No,Yes
C1186,66,Female,119000,7,3.1,1,2,No,No,No,Yes
C1187,57,Male,53000,8,2.5,5,0,No,No,No,No
C1188,27,Female,94000,2,5.6,8,5,No,No,Yes,No
C1189,30,Male,117000,6,0.5,7,2,Yes,No,No,No
C1190,67,Female,23000,7,2.2,6,2,Yes,No,No,No
C1191,46,Male,67000,4,4.2,2,1,No,No,No,No
C1192,31,Male,27000,4,0.5,7,0,Yes,No,No,No
C1193,29,Male,63000,9,6.9,5,5,Yes,No,No,No
C1194,26,Male,34000,4,2.7,5,4,No,No,Yes,No
C1195,47,Female,42000,5,1.2,2,3,No,No,No,No
C1196,54,Female,63000,6,15.3,2,3,Yes,No,No,Yes
C1197,34,Female,37000,3,5.7,1,1,Yes,No,Yes,No
C1198,43,Female,44000,5,2.1,3,3,No,No,Yes,No
C1199,29,Male,99000,1,12.5,6,5,Yes,No,No,No
C1200,43,Female,67000,7,1.4,2,1,No,No,No,No
C1201,30,Male,42000,5,0.5,6,2,Yes,No,No,No
C1202,37,Female,70000,7,14.2,5,1,No,Yes,No,Yes
C1203,54,Female,28000,3,0.7,4,1,No,Yes,No,Yes
C1204,37,Female,36000,5,8.8,2,0,Yes,No,Yes,No
C1205,25,Male,126000,3,8.0,3,2,Yes,No,No,No
C1206,63,Female,49000,6,16.9,1,1,No,No,No,Yes
C1207,40,Female,37000,1,11.8,5,4,No,No,No,Yes
C1208,34,Female,57000,6,2.6,2,3,Yes,No,No,No
C1209,68,Female,63000,4,0.5,5,2,Yes,No,No,No
C1210,51,Male,23000,2,5.6,3,3,Yes,No,No,No
C1211,59,Male,52000,4,4.3,4,2,No,No,No,No
C1212,30,Male,31000,5,7.8,2,1,No,No,No,No
C1213,20,Female,30000,5,6.5,5,1,No,No,No,No
C1214,55,Male,133000,4,2.8,7,3,No,Yes,No,No
C1215,34,Male,97000,1,0.5,1,1,Yes,No,No,No
C1216,29,Female,26000,4,6.0,4,0,Yes,No,No,No
C1217,30,Male,96000,1,4.9,5,2,No,No,No,No
C1218,32,Male,76000,6,20.2,6,1,Yes,No,No,No
C1219,58,Female,34000,3,5.3,4,3,Yes,No,No,No
C1220,50,Male,53000,5,0.5,6,2,Yes,Yes,No,No
C1221,62,Female,60000,5,1.1,2,3,No,No,No,No
C1222,42,Female,28000,10,5.2,4,1,Yes,No,No,No
C1223,20,Female,89000,5,12.3,4,2,No,No,No,No
C1224,40,Male,36000,4,5.8,5,4,No,No,No,No
C1225,28,Male,21000,5,0.7,8,0,No,No,No,No
C1226,30,Female,21000,6,15.4,5,0,Yes,No,No,No
C1227,52,Male,87000,2,15.0,5,2,No,No,No,No
C1228,48,Male,51000,3,0.5,7,1,No,No,Yes,Yes
C1229,39,Male,22000,3,6.5,3,1,Yes,No,Yes,No
C1230,49,Male,40000,4,4.9,4,2,No,No,No,No
C1231,41,Male,59000,4,2.6,1,1,No,No,No,Yes
C1232,67,Female,52000,3,5.6,4,3,No,No,No,No
C1233,50,Male,62000,6,9.2,9,3,No,No,No,No
C1234,24,Female,43000,5,1.2,5,3,Yes,No,No,No
C1235,50,Male,156000,5,3.6,4,1,No,No,No,No
C1236,33,Female,66000,7,2.3,9,1,No,No,No,No
C1237,22,Male,53000,4,21.3,3,0,Yes,No,No,No
C1238,31,Female,80000,2,28.0,3,4,Yes,No,No,No
C1239,43,Male,25000,4,2.6,1,2,Yes,No,No,No
C1240,62,Male,62000,3,2.3,3,2,No,No,No,No
C1241,20,Male,52000,9,0.5,5,3,Yes,Yes,No,No
C1242,60,Female,134000,10,2.8,2,0,No,Yes,No,No
C1243,20,Female,58000,5,0.8,2,1,Yes,No,Yes,Yes
C1244,50,Female,42000,7,36.2,1,2,No,No,No,No
C1245,42,Male,33000,7,10.3,6,3,No,No,Yes,No
C1246,33,Male,64000,8,2.2,5,4,Yes,No,No,No
C1247,47,Female,30000,6,2.3,4,0,No,No,No,No
C1248,18,Female,57000,3,10.2,5,2,No,No,No,No
C1249,68,Male,46000,7,17.8,3,3,No,No,No,No
C1250,48,Female,42000,7,0.5,6,1,No,No,No,No
C1251,67,Female,41000,5,3.8,3,2,No,No,Yes,No
C1252,64,Male,33000,9,1.0,3,2,Yes,Yes,No,Yes
C1253,45,Male,104000,7,3.1,2,1,Yes,No,No,No
C1254,63,Male,73000,7,9.6,4,1,No,No,Yes,No
C1255,42,Male,31000,6,1.1,4,3,No,No,No,No
C1256,35,Female,31000,5,1.6,2,4,No,Yes,No,No
C1257,20,Male,45000,2,37.9,5,3,No,No,Yes,No
C1258,58,Female,48000,5,6.8,3,4,Yes,No,Yes,No
C1259,46,Male,48000,1,1.9,2,2,No,No,Yes,No
C1260,67,Male,35000,5,5.5,3,2,No,No,No,No
C1261,23,Female,50000,3,3.9,5,1,Yes,Yes,Yes,No
C1262,25,Male,59000,5,8.6,7,4,Yes,No,Yes,No
C1263,44,Male,37000,1,21.4,2,0,Yes,No,No,Yes
C1264,63,Male,38000,5,9.7,3,1,No,No,No,No
C1265,52,Female,57000,7,9.9,1,3,No,No,No,No
C1266,24,Male,37000,5,1.2,6,3,Yes,No,No,No
C1267,54,Male,69000,4,5.8,2,2,Yes,No,No,No
C1268,50,Male,45000,5,15.9,6,4,No,No,Yes,No
C1269,49,Female,74000,8,2.0,3,2,No,No,No,No
C1270,28,Male,49000,9,10.0,4,2,No,No,No,No
C1271,21,Male,56000,4,35.7,2,0,No,Yes,No,No
C1272,34,Male,18000,4,5.7,4,4,No,No,No,No
C1273,54,Female,75000,6,40.2,3,3,No,No,No,No
C1274,48,Female,77000,6,11.0,3,1,No,No,Yes,No
C1275,48,Female,55000,8,1.0,3,2,Yes,No,No,No
C1276,40,Male,30000,9,0.7,4,1,No,No,No,No
C1277,51,Male,48000,4,1.3,4,4,No,No,No,No
C1278,36,Male,46000,5,29.4,5,1,Yes,No,No,No
C1279,65,Male,77000,4,19.0,5,2,Yes,No,No,No
C1280,45,Male,51000,1,16.1,7,2,No,No,No,No
C1281,22,Male,27000,6,7.5,1,0,Yes,Yes,No,No
C1282,35,Female,31000,1,3.9,5,1,No,No,No,No
C1283,49,Female,17000,6,1.9,1,2,No,Yes,No,No
C1284,29,Male,56000,6,0.9,7,0,No,Yes,No,Yes
C1285,48,Male,55000,7,4.1,5,3,No,No,No,No
C1286,28,Male,25000,6,11.1,4,2,No,No,Yes,No
C1287,61,Female,40000,3,9.4,6,3,No,No,No,No
C1288,39,Male,54000,1,0.5,3,2,Yes,No,No,No
C1289,56,Female,23000,4,5.8,4,2,Yes,Yes,No,No
C1290,57,Female,93000,8,9.2,5,1,No,No,No,No
C1291,43,Female,39000,8,2.8,3,1,No,No,No,No
C1292,20,Female,44000,4,32.3,6,1,Yes,No,No,No
C1293,52,Female,51000,5,4.8,3,1,No,No,No,No
C1294,35,Male,71000,9,1.0,5,3,No,No,No,No
C1295,21,Female,41000,4,16.6,4,1,No,No,Yes,No
C1296,18,Male,65000,1,6.2,4,3,No,No,Yes,No
C1297,67,Male,113000,5,6.5,5,1,Yes,No,No,No
C1298,29,Female,36000,7,13.9,5,0,Yes,No,No,Yes
C1299,25,Male,20000,3,5.5,2,2,No,Yes,No,Yes
C1300,56,Female,68000,4,38.7,5,2,No,No,Yes,No
C1301,69,Female,23000,2,8.6,7,3,No,No,No,No
C1302,32,Female,55000,5,2.5,5,0,Yes,No,No,No
C1303,61,Male,19000,4,1.7,4,1,No,No,No,No
C1304,27,Female,27000,8,17.1,5,2,No,No,Yes,No
C1305,49,Female,43000,3,4.9,2,3,No,No,No,Yes
C1306,68,Male,33000,7,15.4,2,3,No,No,No,No
C1307,69,Female,68000,4,5.0,9,2,Yes,No,No,No
C1308,63,Male,56000,5,2.0,3,4,No,No,No,No
C1309,23,Male,104000,3,10.4,3,3,Yes,No,No,No
C1310,47,Male,51000,3,0.7,5,0,Yes,No,No,No
C1311,26,Female,65000,4,9.6,3,0,Yes,No,No,No
C1312,43,Female,85000,4,5.0,5,3,No,No,No,No
C1313,62,Female,21000,5,5.6,2,3,No,No,No,Yes
C1314,28,Male,30000,4,32.3,5,4,No,No,Yes,No
C1315,59,Female,109000,8,17.7,4,0,No,No,No,Yes
C1316,28,Female,67000,3,1.0,7,0,Yes,Yes,No,No
C1317,31,Male,105000,5,2.5,10,3,Yes,No,No,No
C1318,56,Male,59000,6,1.5,3,1,Yes,No,No,Yes
C1319,41,Female,23000,4,4.1,3,2,No,No,No,No
C1320,32,Male,101000,5,15.8,3,1,Yes,No,No,No
C1321,41,Male,60000,5,7.1,8,0,No,No,Yes,No
C1322,54,Female,78000,5,38.8,2,2,No,No,No,No
C1323,40,Female,30000,2,6.5,5,4,No,No,No,No
C1324,63,Male,43000,4,23.4,5,2,Yes,No,No,No
C1325,28,Female,59000,4,18.0,2,1,Yes,No,No,No
C1326,25,Female,95000,3,0.5,5,3,No,No,No,No
C1327,62,Male,73000,7,0.8,3,0,Yes,Yes,No,No
C1328,30,Male,107000,2,5.1,2,0,No,Yes,No,No
C1329,42,Male,46000,5,9.5,1,1,Yes,No,No,Yes
C1330,41,Male,19000,4,1.6,7,2,No,No,No,No
C1331,40,Female,75000,6,3.9,8,2,No,No,No,No
C1332,52,Male,25000,6,3.2,5,4,Yes,No,No,No
C1333,30,Male,81000,4,11.6,5,0,Yes,No,No,No
C1334,51,Male,57000,4,5.0,2,0,No,No,No,No
C1335,25,Female,70000,8,20.4,4,3,No,No,Yes,No
C1336,33,Female,42000,5,1.7,4,1,Yes,No,No,No
C1337,61,Female,60000,4,3.2,5,4,No,Yes,Yes,No
C1338,42,Female,30000,6,5.3,2,0,Yes,Yes,No,No
C1339,45,Male,41000,1,6.9,2,1,Yes,No,Yes,No
C1340,19,Male,83000,3,23.3,7,1,No,No,No,No
C1341,44,Female,61000,3,12.5,4,1,Yes,Yes,Yes,Yes
C1342,26,Female,45000,8,18.8,3,2,No,No,No,No
C1343,55,Female,28000,4,16.0,6,1,No,No,No,No
C1344,68,Male,79000,5,2.4,7,3,Yes,No,No,Yes
C1345,43,Female,32000,5,2.7,6,4,No,No,No,Yes
C1346,46,Female,42000,5,4.8,5,2,Yes,No,No,No
C1347,36,Male,30000,5,3.9,3,2,Yes,No,No,Yes
C1348,45,Male,47000,10,17.1,3,0,Yes,No,No,No
C1349,23,Female,44000,5,16.7,3,0,Yes,No,Yes,Yes
C1350,30,Female,83000,4,25.3,9,3,Yes,No,Yes,No
C1351,44,Male,62000,8,0.5,3,4,No,No,No,No
C1352,28,Female,69000,8,0.5,2,3,No,No,Yes,No
C1353,27,Male,61000,3,3.2,2,3,No,Yes,No,No
C1354,36,Male,33000,5,15.9,3,2,No,No,No,No
C1355,53,Female,37000,6,5.0,4,3,No,No,No,No
C1356,36,Female,37000,7,0.5,7,2,No,No,No,Yes
C1357,19,Male,35000,2,10.8,2,4,No,No,No,No
C1358,45,Female,90000,6,1.0,4,1,No,No,No,No
C1359,22,Female,32000,5,1.2,5,4,Yes,No,No,Yes
C1360,63,Female,32000,5,7.4,5,1,No,No,Yes,Yes
C1361,30,Female,23000,5,2.1,3,1,Yes,No,No,Yes
C1362,50,Female,27000,6,5.2,5,3,Yes,No,Yes,No
C1363,45,Male,133000,6,9.3,5,3,Yes,No,No,No
C1364,66,Male,49000,2,7.5,4,1,No,No,No,No
C1365,18,Female,48000,6,3.7,2,1,No,No,No,No
C1366,53,Female,43000,1,1.9,6,0,Yes,No,No,Yes
C1367,52,Female,48000,3,14.0,3,4,Yes,No,No,No
C1368,42,Male,97000,1,1.1,3,1,Yes,Yes,No,Yes
C1369,31,Male,95000,6,1.0,2,1,No,No,No,No
C1370,27,Male,33000,5,7.0,3,1,Yes,No,No,No
C1371,30,Female,67000,10,6.2,2,1,No,Yes,No,No
C1372,33,Male,120000,5,6.7,2,0,Yes,No,No,No
C1373,59,Female,37000,2,3.4,3,5,Yes,No,No,No
C1374,31,Male,71000,5,6.6,9,3,Yes,Yes,No,No
C1375,69,Female,31000,10,1.0,4,4,No,No,No,Yes
C1376,19,Female,50000,4,0.8,3,3,No,No,No,No
C1377,34,Female,71000,1,2.3,1,2,No,No,No,No
C1378,50,Female,29000,6,2.3,5,3,No,No,No,No
C1379,59,Female,50000,2,3.7,1,1,Yes,No,No,No
C1380,40,Female,28000,4,2.8,2,2,No,No,No,No
C1381,56,Female,30000,3,1.6,7,1,Yes,No,No,No
C1382,69,Male,31000,4,5.2,3,2,No,No,Yes,No
C1383,25,Female,35000,1,12.5,2,2,Yes,No,Yes,No
C1384,58,Male,20000,6,5.5,6,2,No,No,No,Yes
C1385,43,Male,52000,11,38.6,5,3,Yes,Yes,No,No
C1386,23,Male,67000,3,0.5,5,2,Yes,No,No,No
C1387,38,Female,75000,3,2.3,7,3,No,No,No,No
C1388,33,Female,57000,7,5.4,5,4,Yes,No,No,No
C1389,32,Male,83000,3,2.4,4,1,No,No,No,No
C1390,47,Female,80000,6,11.5,3,5,Yes,No,No,Yes
C1391,41,Female,60000,1,1.0,4,2,Yes,No,Yes,No
C1392,55,Female,34000,4,0.5,2,2,No,Yes,Yes,No
C1393,61,Male,76000,6,22.1,2,2,No,No,No,No
C1394,57,Female,48000,6,3.3,3,2,No,Yes,Yes,No
C1395,32,Female,34000,8,32.9,1,3,Yes,No,No,No
C1396,30,Male,62000,5,23.5,3,3,No,No,Yes,No
C1397,27,Female,69000,4,2.6,3,0,No,No,Yes,No
C1398,21,Female,51000,1,5.3,3,1,Yes,No,No,No
C1399,69,Female,107000,3,17.0,2,0,No,No,No,No
C1400,61,Male,47000,4,4.5,4,1,Yes,No,No,No
C1401,63,Male,28000,4,5.2,6,4,Yes,No,No,No
C1402,29,Female,51000,10,17.6,2,1,Yes,No,Yes,Yes
C1403,64,Male,77000,7,9.0,1,3,No,No,No,No
C1404,60,Female,16000,4,1.7,3,1,Yes,No,No,No
C1405,59,Male,37000,3,0.5,3,3,No,Yes,No,No
C1406,64,Male,50000,6,5.8,1,3,No,No,No,No
C1407,49,Female,24000,9,3.5,2,1,No,No,No,No
C1408,36,Male,87000,2,10.7,7,1,No,No,No,No
C1409,27,Male,33000,6,11.0,3,3,No,No,No,No
C1410,49,Male,51000,4,9.6,7,1,Yes,No,No,No
C1411,59,Female,39000,3,13.3,4,0,Yes,No,No,No
C1412,66,Female,40000,5,0.5,4,4,No,No,No,No
C1413,61,Female,68000,5,15.6,7,2,No,No,No,No
C1414,60,Female,62000,2,37.9,4,5,No,No,No,No
C1415,33,Male,32000,4,5.3,4,4,Yes,No,No,Yes
C1416,52,Female,59000,4,6.1,6,3,Yes,No,No,Yes
C1417,63,Female,36000,6,3.5,1,1,No,No,No,No
C1418,67,Female,43000,6,0.5,5,0,Yes,No,Yes,No
C1419,31,Female,59000,9,20.3,2,1,Yes,No,No,No
C1420,41,Female,35000,5,4.6,5,3,Yes,No,No,No
C1421,63,Male,57000,7,0.7,5,3,No,No,No,No
C1422,64,Female,46000,4,7.4,2,3,Yes,Yes,Yes,No
C1423,22,Male,51000,2,5.5,5,0,Yes,No,Yes,No
C1424,59,Male,43000,5,0.9,3,1,No,No,No,No
C1425,41,Male,84000,5,0.5,4,0,Yes,No,No,No
C1426,33,Female,23000,2,11.5,7,5,Yes,No,No,Yes
C1427,46,Male,168000,2,0.5,8,3,No,No,No,No
C1428,57,Male,63000,4,18.2,4,1,Yes,No,No,Yes
C1429,31,Male,30000,7,1.6,3,1,No,No,No,Yes
C1430,45,Female,45000,6,12.9,3,3,No,No,No,No
C1431,33,Male,29000,10,6.3,3,0,No,No,Yes,No
C1432,25,Male,155000,6,24.2,7,2,No,Yes,No,Yes
C1433,63,Female,25000,5,5.0,4,4,No,No,No,No
C1434,43,Female,34000,6,12.3,3,4,No,No,Yes,No
C1435,27,Female,24000,8,0.5,2,3,No,No,No,No
C1436,45,Female,42000,4,5.1,4,1,Yes,No,No,No
C1437,32,Female,91000,4,29.1,4,2,No,No,No,No
C1438,63,Female,33000,6,18.2,3,2,No,No,Yes,No
C1439,50,Female,71000,5,14.0,4,4,Yes,No,No,No
C1440,41,Male,70000,5,0.6,3,2,No,No,No,No
C1441,55,Male,26000,4,0.5,3,2,No,Yes,No,No
C1442,45,Female,124000,5,31.6,1,2,No,No,No,No
C1443,58,Male,106000,8,20.5,3,0,No,No,No,No
C1444,38,Female,31000,3,8.7,5,3,Yes,No,No,No
C1445,20,Male,46000,6,15.4,5,2,Yes,No,No,No
C1446,36,Male,80000,7,6.8,2,2,Yes,No,No,No
C1447,61,Female,54000,7,0.5,4,3,No,No,No,No
C1448,61,Male,19000,7,4.1,1,1,No,No,No,Yes
C1449,51,Male,29000,3,14.5,2,2,Yes,No,No,No
C1450,65,Female,56000,4,10.9,4,0,No,Yes,No,No
C1451,29,Male,51000,5,7.0,2,3,Yes,Yes,No,Yes
C1452,51,Male,98000,3,4.6,5,2,No,No,No,No
C1453,62,Male,67000,4,2.7,1,0,Yes,No,No,Yes
C1454,65,Male,43000,4,13.2,9,0,Yes,No,Yes,No
C1455,36,Male,30000,9,10.6,5,2,Yes,No,No,Yes
C1456,37,Male,43000,6,4.3,7,0,Yes,No,No,No
C1457,42,Male,43000,6,5.5,4,1,No,No,No,No
C1458,27,Female,49000,5,7.4,3,2,No,Yes,No,No
C1459,45,Female,69000,5,10.0,4,0,No,Yes,No,Yes
C1460,62,Male,46000,8,0.5,4,2,No,No,Yes,No
C1461,60,Female,43000,3,8.1,5,4,No,No,No,No
C1462,46,Male,34000,3,14.9,3,4,No,No,Yes,No
C1463,62,Male,58000,1,39.7,1,1,Yes,No,No,No
C1464,28,Male,34000,5,0.5,6,1,No,No,No,No
C1465,63,Female,63000,5,18.1,1,1,Yes,No,No,No
C1466,18,Male,22000,2,10.4,4,3,No,Yes,No,No
C1467,29,Female,97000,9,29.7,8,2,No,Yes,Yes,Yes
C1468,35,Female,17000,4,10.9,4,3,Yes,Yes,No,No
C1469,58,Male,83000,7,0.9,2,4,No,No,Yes,No
C1470,45,Female,46000,5,10.1,6,0,No,No,Yes,No
C1471,51,Male,67000,2,13.8,2,1,No,No,No,No
C1472,63,Male,42000,5,0.5,4,4,No,Yes,Yes,No
C1473,24,Female,57000,9,0.5,3,2,No,Yes,Yes,No
C1474,42,Male,133000,6,8.8,2,2,Yes,No,No,Yes
C1475,27,Male,27000,9,6.8,7,1,Yes,No,No,No
C1476,63,Male,72000,6,5.0,1,1,No,No,Yes,No
C1477,68,Male,49000,8,10.3,3,0,Yes,No,No,Yes
C1478,30,Female,47000,1,8.2,1,3,No,No,No,Yes
C1479,41,Male,44000,5,1.7,7,2,No,No,No,No
C1480,23,Female,21000,5,10.1,3,4,Yes,Yes,No,No
C1481,31,Female,109000,4,4.7,6,0,No,Yes,Yes,No
C1482,25,Male,85000,4,16.0,5,0,No,No,No,No
C1483,20,Female,53000,3,17.7,5,1,No,No,Yes,No
C1484,43,Male,61000,6,22.7,6,3,No,No,No,No
C1485,51,Female,69000,4,10.8,6,1,No,No,No,No
C1486,29,Male,56000,3,2.3,5,1,No,No,No,No
C1487,23,Female,67000,1,2.4,7,3,No,No,No,No
C1488,27,Female,105000,10,31.1,4,3,Yes,No,No,No
C1489,27,Male,31000,1,18.6,2,1,No,Yes,No,No
C1490,62,Female,95000,7,5.9,3,2,No,No,No,No
C1491,53,Male,54000,6,6.6,6,1,No,No,Yes,No
C1492,64,Female,46000,4,8.2,7,2,Yes,No,No,Yes
C1493,38,Female,49000,5,3.9,3,5,No,Yes,No,Yes
C1494,23,Male,63000,4,0.5,5,2,Yes,No,No,No
C1495,57,Female,39000,1,1.1,4,1,No,No,No,No
C1496,67,Female,54000,4,2.4,2,1,Yes,No,No,No
C1497,62,Female,47000,11,2.3,4,2,No,No,No,No
C1498,30,Male,41000,5,12.9,1,2,Yes,No,Yes,Yes
C1499,62,Male,101000,3,20.3,4,1,Yes,No,No,Yes
C1500,48,Male,78000,4,10.7,1,3,Yes,No,No,No
C1501,58,Female,23000,3,8.8,3,2,No,No,No,No
C1502,32,Female,103000,3,9.8,5,2,No,No,No,Yes
C1503,46,Female,62000,6,9.0,5,0,Yes,No,No,No
C1504,28,Female,34000,3,1.1,5,0,Yes,No,No,No
C1505,45,Female,17000,6,2.1,3,0,No,No,No,No
C1506,46,Female,40000,8,3.7,1,2,No,No,No,No
C1507,38,Female,49000,3,1.8,6,5,No,No,No,No
C1508,58,Male,82000,5,16.3,4,2,No,No,No,No
C1509,41,Male,40000,2,6.8,3,0,Yes,No,No,No
C1510,63,Female,49000,3,12.3,4,2,No,No,No,No
C1511,37,Female,40000,6,3.7,2,0,No,No,No,Yes
C1512,56,Female,74000,1,26.3,3,2,Yes,No,No,No
C1513,33,Male,68000,6,3.6,2,4,No,No,Yes,No
C1514,48,Male,63000,3,4.8,4,2,Yes,No,No,No
C1515,51,Male,45000,3,7.3,4,2,No,No,No,No
C1516,22,Female,55000,3,3.5,1,3,No,Yes,No,Yes
C1517,48,Female,45000,5,0.9,4,2,No,No,Yes,Yes
C1518,48,Female,17000,4,2.4,3,1,No,No,Yes,No
C1519,26,Male,73000,5,2.3,6,4,No,No,No,No
C1520,25,Female,59000,4,34.7,3,0,No,No,No,Yes
C1521,66,Male,46000,3,12.4,4,0,No,Yes,Yes,Yes
C1522,61,Female,70000,3,1.5,3,1,Yes,No,No,No
C1523,49,Female,34000,6,1.0,3,0,No,No,No,No
C1524,32,Male,91000,3,45.4,2,3,No,No,No,No
C1525,26,Female,95000,4,8.9,7,0,No,No,No,No
C1526,53,Male,43000,7,0.6,5,0,No,No,No,No
C1527,41,Male,19000,2,0.5,3,1,No,No,No,No
C1528,47,Male,59000,7,1.4,8,4,Yes,No,No,Yes
C1529,58,Female,104000,4,9.8,2,2,No,No,No,No
C1530,36,Female,64000,1,12.0,2,5,No,Yes,No,No
C1531,52,Male,28000,4,21.4,5,1,No,No,No,Yes
C1532,51,Female,31000,3,1.9,4,2,Yes,No,No,No
C1533,35,Male,55000,2,4.0,7,2,No,No,No,No
C1534,40,Female,120000,6,1.4,5,0,Yes,No,No,Yes
C1535,33,Male,78000,5,8.9,3,2,No,No,No,No
C1536,56,Male,58000,10,3.3,3,1,No,No,No,No
C1537,58,Female,49000,5,2.6,1,3,No,No,No,No
C1538,48,Male,40000,7,17.6,4,1,No,No,No,Yes
C1539,64,Female,53000,7,2.8,4,2,Yes,No,Yes,No
C1540,66,Female,30000,7,0.7,3,3,Yes,No,No,No
C1541,45,Female,97000,10,5.7,3,0,No,Yes,No,Yes
C1542,67,Female,29000,7,6.4,4,1,No,No,No,No
C1543,65,Female,38000,6,3.6,4,3,No,No,No,No
C1544,37,Male,77000,2,1.2,5,2,No,No,No,No
C1545,34,Female,55000,5,7.9,5,1,No,No,No,No
C1546,28,Male,46000,4,4.4,5,2,No,No,Yes,No
C1547,33,Male,80000,4,3.5,7,3,No,Yes,No,No
C1548,44,Female,73000,1,30.7,3,2,No,Yes,Yes,No
C1549,28,Female,60000,9,6.4,3,3,No,No,No,No
C1550,21,Female,31000,7,6.3,4,5,No,Yes,Yes,No
C1551,45,Female,72000,6,9.1,5,2,Yes,No,Yes,Yes
C1552,30,Female,34000,2,0.8,4,0,No,No,No,Yes
C1553,25,Female,81000,4,4.3,2,2,Yes,No,No,No
C1554,52,Female,71000,5,5.0,6,2,Yes,No,No,No
C1555,52,Female,43000,7,4.8,2,3,No,No,No,No
C1556,33,Female,53000,3,0.8,2,0,No,No,No,No
C1557,67,Female,72000,1,3.3,2,2,Yes,No,No,No
C1558,25,Female,55000,1,1.0,3,5,No,No,No,No
C1559,44,Female,86000,9,12.5,2,5,No,Yes,No,No
C1560,29,Female,78000,7,1.6,9,7,Yes,No,Yes,No
C1561,50,Male,79000,7,0.5,3,3,No,Yes,No,No
C1562,50,Female,45000,5,0.8,8,1,No,No,Yes,No
C1563,23,Male,38000,5,17.6,4,0,No,No,No,No
C1564,65,Female,34000,3,0.6,3,0,Yes,Yes,No,No
C1565,23,Male,28000,4,0.7,4,1,Yes,No,No,No
C1566,34,Female,48000,11,14.0,4,2,Yes,No,No,No
C1567,43,Male,93000,2,3.4,9,2,Yes,No,No,No
C1568,53,Female,89000,8,5.8,5,3,No,No,No,No
C1569,57,Female,69000,5,17.0,7,2,Yes,No,Yes,No
C1570,50,Male,52000,3,4.3,2,3,Yes,No,No,No
C1571,23,Female,84000,6,10.3,2,1,Yes,No,No,No
C1572,45,Female,57000,2,4.9,4,3,Yes,No,No,Yes
C1573,45,Male,61000,4,9.5,4,1,No,No,No,No
C1574,35,Female,35000,7,3.4,2,5,No,No,No,No
C1575,51,Female,37000,6,5.4,4,3,No,No,No,No
C1576,20,Female,56000,6,4.1,6,0,No,No,No,No
C1577,52,Male,53000,6,0.5,6,2,No,No,No,No
C1578,68,Male,104000,4,19.8,6,1,Yes,No,No,No
C1579,18,Female,54000,6,16.4,5,5,Yes,No,No,Yes
C1580,62,Male,101000,6,7.9,2,1,No,No,No,No
C1581,67,Female,35000,4,1.8,8,1,No,No,No,No
C1582,44,Male,75000,9,4.1,6,1,Yes,No,No,No
C1583,68,Female,26000,8,1.8,4,5,Yes,No,No,No
C1584,48,Male,100000,3,4.9,1,5,No,Yes,No,No
C1585,26,Male,64000,10,9.1,5,0,No,No,Yes,No
C1586,37,Female,57000,10,7.9,5,0,No,No,No,No
C1587,32,Male,28000,4,11.6,2,3,No,No,No,No
C1588,28,Male,86000,9,3.0,4,1,No,No,Yes,No
C1589,61,Female,30000,7,13.7,2,4,Yes,Yes,No,No
C1590,34,Male,51000,8,1.2,1,0,No,No,No,No
C1591,67,Male,91000,6,8.5,4,5,Yes,No,No,No
C1592,24,Male,27000,1,13.2,1,1,No,No,No,No
C1593,52,Male,92000,6,16.1,5,1,Yes,No,No,No
C1594,60,Female,27000,4,2.6,2,1,No,No,Yes,No
C1595,20,Male,40000,7,1.5,5,1,Yes,Yes,Yes,Yes
C1596,43,Male,35000,5,3.9,4,2,Yes,No,No,No
C1597,26,Female,30000,10,12.0,4,5,No,No,No,No
C1598,41,Female,85000,6,13.8,1,4,Yes,Yes,Yes,No
C1599,68,Female,47000,4,4.4,1,4,No,No,No,No
C1600,27,Female,87000,2,3.9,1,2,No,Yes,No,No
C1601,25,Female,74000,3,4.6,5,0,No,No,No,No
C1602,26,Female,30000,4,3.9,3,2,Yes,No,No,No
C1603,45,Female,27000,3,3.8,4,2,No,No,Yes,No
C1604,67,Male,87000,5,0.5,4,0,Yes,Yes,Yes,No
C1605,47,Female,41000,5,6.7,2,1,Yes,No,Yes,No
C1606,27,Female,52000,8,4.8,4,2,No,No,No,No
C1607,34,Male,45000,3,13.5,2,1,Yes,No,No,Yes
C1608,63,Male,69000,6,24.0,2,3,No,No,Yes,No
C1609,55,Female,164000,2,5.6,6,4,No,No,No,No
C1610,26,Female,128000,5,13.0,4,0,Yes,No,No,No
C1611,18,Male,51000,8,7.0,3,4,Yes,No,Yes,No
C1612,56,Male,25000,6,0.5,3,1,Yes,No,No,No
C1613,26,Male,61000,5,2.4,9,0,No,No,No,No
C1614,19,Male,81000,8,8.6,3,4,No,No,No,No
C1615,63,Male,62000,3,0.5,5,3,No,No,No,No
C1616,33,Male,31000,6,1.0,7,5,No,No,No,No
C1617,38,Female,49000,8,0.5,1,0,No,No,Yes,No
C1618,56,Female,38000,10,5.8,6,2,Yes,No,No,No
C1619,61,Male,22000,6,6.9,4,3,Yes,No,Yes,No
C1620,27,Male,56000,6,4.0,3,0,Yes,No,No,No
C1621,53,Male,77000,3,11.2,4,3,Yes,No,No,Yes
C1622,66,Male,61000,5,1.2,6,6,Yes,No,No,No
C1623,21,Male,92000,5,4.0,6,5,No,No,No,Yes
C1624,32,Female,36000,3,7.5,7,0,No,No,No,No
C1625,51,Female,72000,3,1.8,5,1,No,No,No,No
C1626,22,Male,83000,8,10.9,3,3,No,No,No,No
C1627,65,Male,44000,6,4.2,6,1,Yes,No,No,No
C1628,47,Male,46000,4,3.7,6,3,Yes,No,No,No
C1629,57,Female,142000,6,0.7,4,3,No,Yes,No,No
C1630,32,Female,70000,7,28.6,6,2,No,No,Yes,No
C1631,28,Male,30000,7,27.7,3,3,No,No,No,No
C1632,34,Male,82000,8,0.5,3,1,No,No,No,No
C1633,61,Female,37000,5,1.4,7,1,No,No,No,No
C1634,37,Female,40000,6,15.4,4,2,Yes,No,No,No
C1635,19,Male,76000,3,9.6,2,1,No,Yes,No,No
C1636,20,Male,33000,6,11.8,2,1,No,No,No,No
C1637,49,Female,24000,8,3.3,4,1,Yes,No,No,Yes
C1638,50,Female,22000,3,6.2,6,3,No,No,Yes,No
C1639,56,Male,46000,1,3.2,10,0,No,No,No,No
C1640,60,Female,69000,7,21.3,4,2,No,No,No,No
C1641,27,Female,217000,4,10.2,1,2,No,Yes,Yes,No
C1642,28,Male,40000,6,0.5,8,0,No,No,No,No
C1643,54,Male,22000,10,19.7,2,1,Yes,No,No,No
C1644,53,Male,68000,5,6.5,3,1,No,No,Yes,No
C1645,68,Female,53000,3,1.1,10,2,No,No,Yes,No
C1646,58,Male,15000,4,0.5,3,4,Yes,No,No,No
C1647,68,Female,104000,1,13.9,3,3,No,No,No,No
C1648,36,Female,44000,4,24.2,4,2,Yes,No,No,Yes
C1649,50,Male,20000,3,5.0,5,2,No,No,Yes,No
C1650,19,Female,35000,3,3.5,4,2,No,No,No,No
C1651,56,Male,118000,7,2.1,5,3,Yes,Yes,No,No
C1652,27,Female,46000,4,9.6,3,5,Yes,No,No,No
C1653,69,Female,26000,5,7.3,4,4,No,No,No,No
C1654,36,Female,38000,11,4.3,3,1,Yes,No,No,No
C1655,53,Male,151000,7,1.9,6,3,No,No,No,No
C1656,58,Female,144000,7,8.3,2,2,Yes,Yes,No,Yes
C1657,66,Female,64000,5,1.1,5,0,No,No,No,No
C1658,42,Male,55000,3,22.0,5,4,No,No,No,No
C1659,45,Female,54000,8,28.5,6,2,No,No,No,No
C1660,56,Female,35000,7,1.8,3,0,No,No,No,No
C1661,18,Male,90000,8,1.1,3,0,Yes,No,No,No
C1662,66,Male,16000,8,26.2,4,2,Yes,No,No,Yes
C1663,64,Female,42000,5,0.5,2,2,No,No,No,No
C1664,66,Male,23000,4,6.7,8,0,No,No,Yes,No
C1665,34,Female,109000,3,13.8,2,3,Yes,No,Yes,Yes
C1666,43,Female,49000,5,1.5,6,1,Yes,No,No,No
C1667,28,Female,62000,8,8.3,4,2,No,No,No,No
C1668,56,Male,94000,2,2.7,5,4,Yes,Yes,No,Yes
C1669,29,Male,32000,2,1.2,3,0,No,No,No,No
C1670,34,Male,19000,9,3.3,4,2,No,No,No,No
C1671,60,Female,47000,5,3.1,3,2,No,No,No,No
C1672,41,Male,66000,13,10.5,9,4,No,No,No,No
C1673,56,Male,90000,9,1.3,8,0,No,No,No,No
C1674,27,Female,46000,6,0.5,2,1,No,Yes,No,No
C1675,20,Male,100000,6,13.6,4,1,Yes,No,No,Yes
C1676,47,Male,39000,8,0.7,1,0,Yes,No,No,No
C1677,49,Female,20000,11,37.2,8,4,No,No,No,No
C1678,26,Male,51000,6,10.6,8,2,No,No,No,No
C1679,66,Female,44000,3,1.0,3,0,No,Yes,No,No
C1680,39,Male,54000,3,14.3,4,0,No,No,No,No
C1681,30,Female,65000,4,2.3,3,0,No,No,No,No
C1682,30,Female,112000,5,7.6,3,2,Yes,No,No,No
C1683,67,Male,38000,9,11.0,3,4,No,No,No,No
C1684,51,Male,43000,6,7.8,3,2,No,No,Yes,No
C1685,28,Male,32000,7,1.7,6,1,No,No,No,No
C1686,42,Male,60000,7,1.8,1,1,No,No,No,No
C1687,47,Male,39000,1,6.5,6,2,Yes,Yes,No,No
C1688,22,Female,31000,3,2.3,2,2,No,No,No,No
C1689,45,Male,71000,2,4.7,3,2,No,No,No,No
C1690,35,Female,33000,4,2.4,4,1,No,No,No,No
C1691,35,Female,120000,2,1.8,3,4,No,No,Yes,No
C1692,51,Male,58000,5,0.5,5,3,No,No,No,No
C1693,68,Male,54000,8,27.6,5,4,No,Yes,Yes,No
C1694,21,Female,39000,4,1.8,6,1,No,Yes,No,No
C1695,46,Male,37000,5,1.2,6,1,No,No,No,No
C1696,41,Female,93000,8,9.9,3,2,No,No,Yes,No
C1697,42,Female,27000,3,2.8,4,5,No,No,No,No
C1698,43,Female,80000,10,9.6,6,0,Yes,No,Yes,No
C1699,52,Female,30000,9,0.5,2,0,No,No,No,No
C1700,34,Female,26000,7,17.9,7,2,No,No,No,Yes
C1701,28,Male,40000,5,4.6,5,1,Yes,Yes,No,No
C1702,52,Male,108000,7,8.3,4,5,Yes,No,Yes,No
C1703,63,Female,125000,5,15.5,2,2,No,No,No,No
C1704,47,Male,94000,9,0.5,2,2,No,No,No,No
C1705,38,Female,32000,6,5.6,6,2,No,No,No,No
C1706,52,Male,36000,5,13.7,4,4,Yes,No,No,Yes
C1707,41,Female,15000,4,34.0,7,2,Yes,No,No,No
C1708,65,Female,29000,2,28.0,8,3,No,No,No,Yes
C1709,36,Female,72000,7,5.7,1,2,No,No,No,No
C1710,49,Male,77000,4,15.2,3,4,No,No,No,No
C1711,24,Male,34000,3,18.3,2,2,No,No,No,No
C1712,55,Male,72000,4,27.7,4,1,No,No,No,Yes
C1713,66,Male,91000,4,18.2,4,1,No,No,Yes,Yes
C1714,34,Female,64000,5,0.5,3,5,No,No,Yes,No
C1715,19,Male,81000,8,3.0,7,0,Yes,No,No,No
C1716,19,Male,101000,11,3.5,7,1,No,No,No,No
C1717,20,Male,36000,6,2.8,4,0,Yes,No,No,Yes
C1718,59,Female,76000,6,0.5,5,2,Yes,No,Yes,Yes
C1719,33,Male,16000,4,0.7,4,1,No,No,No,No
C1720,41,Male,51000,7,4.2,4,3,No,No,No,No
C1721,34,Male,52000,4,12.2,4,1,Yes,No,No,No
C1722,49,Female,67000,4,4.6,4,1,No,Yes,No,No
C1723,30,Male,27000,6,5.6,5,2,Yes,No,No,No
C1724,25,Female,77000,3,1.0,8,1,Yes,No,No,No
C1725,36,Male,38000,4,2.6,5,1,No,No,No,No
C1726,64,Female,102000,3,15.1,2,2,No,No,No,No
C1727,22,Male,42000,8,9.8,5,1,No,No,Yes,No
C1728,19,Female,46000,5,2.8,1,2,Yes,No,No,No
C1729,49,Female,21000,9,4.6,7,5,No,Yes,No,No
C1730,22,Female,38000,7,1.1,6,2,No,No,No,No
C1731,55,Female,47000,2,12.3,2,1,Yes,No,Yes,No
C1732,40,Female,47000,3,1.6,8,2,Yes,Yes,No,Yes
C1733,20,Female,49000,3,5.2,2,1,Yes,No,No,Yes
C1734,23,Male,16000,5,8.5,8,1,No,No,No,No
C1735,61,Female,29000,5,0.5,8,1,Yes,No,No,No
C1736,20,Female,37000,10,3.3,2,3,Yes,Yes,No,No
C1737,30,Female,136000,8,2.7,7,1,No,No,No,No
C1738,33,Female,117000,5,3.9,2,3,No,No,Yes,No
C1739,58,Female,41000,3,11.2,5,4,No,No,No,No
C1740,65,Male,41000,2,2.8,5,0,Yes,No,Yes,No
C1741,67,Female,103000,4,2.7,2,3,Yes,No,No,Yes
C1742,57,Female,66000,7,3.4,4,1,Yes,No,Yes,No
C1743,24,Female,36000,5,2.7,7,0,Yes,No,Yes,No
C1744,35,Male,29000,5,15.1,8,1,No,Yes,No,No
C1745,65,Male,84000,7,3.2,4,2,Yes,No,No,No
C1746,32,Male,53000,6,41.1,1,0,No,No,No,No
C1747,19,Female,30000,5,1.3,2,1,No,No,No,No
C1748,24,Female,78000,6,14.0,6,0,No,No,No,No
C1749,47,Female,105000,7,4.1,3,0,No,No,No,No
C1750,55,Male,102000,4,3.5,5,2,No,No,Yes,No
C1751,32,Male,42000,4,1.7,2,1,Yes,No,No,No
C1752,30,Female,35000,4,7.6,6,3,Yes,No,No,Yes
C1753,44,Male,69000,4,0.5,8,0,No,No,No,Yes
C1754,29,Male,36000,3,8.4,6,0,No,No,No,No
C1755,61,Female,82000,1,5.9,11,2,Yes,No,Yes,No
C1756,21,Male,46000,5,2.6,8,3,No,No,No,No
C1757,30,Male,57000,6,16.3,1,1,No,Yes,No,Yes
C1758,39,Female,65000,2,8.3,4,1,Yes,No,No,No
C1759,60,Female,48000,4,5.9,5,3,Yes,Yes,No,No
C1760,64,Male,49000,4,1.7,6,2,No,No,No,No
C1761,54,Female,15000,5,1.8,8,2,No,Yes,No,No
C1762,23,Male,48000,3,4.0,7,2,Yes,No,No,No
C1763,69,Male,105000,6,0.9,4,2,No,No,Yes,No
C1764,66,Female,40000,2,8.7,2,2,No,No,Yes,No
C1765,44,Female,51000,7,6.2,4,3,Yes,No,No,No
C1766,39,Male,47000,4,4.8,6,2,Yes,No,No,No
C1767,30,Female,106000,3,21.3,5,2,Yes,No,Yes,No
C1768,34,Male,33000,1,3.1,3,1,No,No,No,No
C1769,37,Female,63000,6,1.8,4,0,Yes,Yes,No,Yes
C1770,59,Female,50000,2,1.3,3,2,No,No,No,No
C1771,57,Male,56000,6,8.4,3,3,No,No,No,No
C1772,49,Male,19000,4,6.7,4,4,Yes,No,No,No
C1773,45,Female,80000,5,6.4,2,2,No,No,Yes,No
C1774,51,Male,57000,4,8.7,7,2,No,No,No,No
C1775,56,Female,58000,5,0.5,8,2,No,No,No,No
C1776,32,Female,55000,3,1.1,3,3,Yes,No,No,No
C1777,60,Female,39000,8,14.3,7,2,Yes,No,No,No
C1778,56,Female,52000,5,0.5,3,3,Yes,No,No,No
C1779,21,Female,71000,4,2.3,5,2,No,No,No,No
C1780,46,Male,111000,2,3.4,4,0,Yes,No,No,Yes
C1781,49,Female,55000,8,6.2,5,3,No,No,No,No
C1782,18,Female,60000,9,32.7,2,2,No,No,No,No
C1783,28,Male,124000,8,4.7,3,0,Yes,No,No,No
C1784,57,Female,71000,3,7.5,2,2,Yes,No,No,No
C1785,37,Male,30000,8,30.5,5,1,No,No,No,No
C1786,32,Male,46000,4,2.5,4,4,No,No,No,No
C1787,63,Female,29000,5,20.8,5,2,Yes,No,No,No
C1788,36,Female,187000,4,16.8,2,2,No,Yes,No,No
C1789,47,Female,51000,5,17.1,4,4,Yes,No,No,No
C1790,37,Female,19000,8,13.3,5,1,No,No,No,No
C1791,65,Female,23000,3,9.5,9,2,No,No,No,No
C1792,18,Female,15000,8,21.4,3,3,Yes,No,No,No
C1793,57,Female,53000,6,1.2,8,0,No,No,No,No
C1794,58,Female,48000,7,2.8,4,4,No,No,Yes,No
C1795,53,Male,41000,6,18.9,2,3,Yes,Yes,No,No
C1796,41,Male,61000,10,1.6,2,1,No,No,No,No
C1797,62,Male,35000,6,6.9,4,1,Yes,No,No,Yes
C1798,19,Female,26000,5,3.0,5,2,No,No,No,No
C1799,30,Male,43000,1,5.5,6,1,No,No,No,No
C1800,42,Male,34000,5,5.2,5,1,No,No,No,No
C1801,47,Female,101000,5,1.4,4,0,Yes,Yes,No,No
C1802,46,Female,50000,4,3.1,5,3,Yes,Yes,No,No
C1803,59,Female,101000,2,7.0,6,1,Yes,No,No,Yes
C1804,38,Male,77000,5,1.0,2,2,Yes,No,Yes,No
C1805,35,Female,55000,8,20.1,6,4,No,No,No,No
C1806,25,Male,66000,6,4.2,8,2,No,No,No,No
C1807,33,Female,58000,5,0.5,1,1,No,No,No,No
C1808,63,Male,15000,3,1.2,2,2,No,No,Yes,Yes
C1809,35,Male,50000,4,6.4,4,2,No,Yes,Yes,No
C1810,57,Male,30000,3,14.2,3,1,No,No,No,No
C1811,50,Male,26000,4,11.8,3,4,No,No,No,No
C1812,36,Female,62000,9,13.2,3,0,No,No,Yes,No
C1813,20,Male,62000,3,4.2,5,5,No,Yes,Yes,No
C1814,35,Female,35000,4,9.5,6,5,No,No,Yes,Yes
C1815,68,Female,110000,7,1.0,9,1,Yes,No,No,No
C1816,51,Male,50000,8,10.3,8,2,No,No,No,No
C1817,64,Male,23000,6,8.8,3,1,Yes,No,No,No
C1818,24,Male,24000,3,3.7,5,1,No,No,No,No
C1819,49,Female,22000,7,7.1,3,2,No,No,No,No
C1820,55,Female,54000,1,10.4,3,2,No,No,Yes,No
C1821,36,Female,36000,12,6.0,6,1,No,No,Yes,No
C1822,41,Male,50000,3,4.4,6,0,No,Yes,No,No
C1823,57,Female,32000,4,17.1,6,2,Yes,No,Yes,Yes
C1824,36,Female,101000,5,40.7,8,0,No,No,No,No
C1825,36,Male,20000,1,2.0,3,6,No,No,No,No
C1826,38,Male,48000,3,8.6,4,4,No,No,No,No
C1827,63,Male,36000,4,8.2,3,1,Yes,No,Yes,Yes
C1828,20,Male,29000,3,4.3,4,2,No,No,Yes,No
C1829,24,Male,34000,2,4.3,5,0,No,No,No,No
C1830,47,Male,27000,4,16.9,6,1,No,No,No,No
C1831,19,Male,65000,5,3.0,5,4,No,No,No,No
C1832,48,Male,72000,7,2.6,7,1,No,No,No,No
C1833,65,Female,65000,5,4.7,4,2,Yes,No,No,Yes
C1834,69,Male,89000,5,1.5,5,0,No,No,No,No
C1835,27,Male,82000,11,4.7,3,0,No,Yes,Yes,No
C1836,69,Female,65000,4,0.5,5,2,Yes,No,No,No
C1837,60,Male,42000,4,6.6,5,1,No,No,No,No
C1838,38,Female,18000,4,13.1,3,1,No,No,No,No
C1839,28,Female,51000,8,1.1,3,1,No,No,No,No
C1840,19,Female,59000,4,0.5,1,3,Yes,No,No,No
C1841,27,Male,37000,4,14.6,3,2,No,No,No,No
C1842,34,Female,34000,7,0.7,2,1,No,No,Yes,No
C1843,24,Male,51000,5,24.4,6,2,No,No,No,No
C1844,41,Female,57000,2,20.8,7,2,Yes,No,No,No
C1845,31,Male,15000,1,40.6,1,2,No,No,No,No
C1846,24,Female,27000,3,4.1,3,3,Yes,No,Yes,No
C1847,53,Female,163000,9,5.5,5,1,Yes,No,No,Yes
C1848,21,Male,19000,7,1.9,2,2,No,Yes,Yes,No
C1849,55,Male,37000,4,16.7,5,1,Yes,No,No,No
C1850,36,Female,84000,3,7.5,1,3,No,No,No,No
C1851,64,Female,67000,6,4.3,1,2,No,No,Yes,No
C1852,63,Male,149000,9,2.1,3,2,No,No,No,No
C1853,36,Female,70000,7,19.4,4,1,No,No,No,No
C1854,18,Male,27000,2,5.0,7,1,No,No,No,No
C1855,31,Male,97000,5,4.5,7,2,No,No,No,Yes
C1856,60,Female,62000,7,3.5,1,1,Yes,No,No,Yes
C1857,67,Male,18000,7,12.2,5,3,No,No,No,No
C1858,50,Female,80000,3,38.4,3,4,No,No,No,No
C1859,63,Female,68000,4,5.1,2,2,Yes,No,No,No
C1860,33,Male,26000,8,12.1,4,4,No,No,Yes,No
C1861,35,Female,54000,9,8.7,3,2,Yes,No,Yes,No
C1862,35,Female,27000,5,0.5,4,4,No,No,No,No
C1863,67,Male,89000,9,1.0,6,1,No,No,No,No
C1864,69,Female,63000,2,9.4,4,4,No,Yes,No,No
C1865,59,Male,69000,2,11.9,5,2,No,No,Yes,No
C1866,26,Female,108000,3,3.0,1,1,Yes,No,No,Yes
C1867,49,Male,42000,7,0.5,1,3,Yes,No,No,No
C1868,57,Male,43000,5,0.9,5,1,No,No,No,No
C1869,42,Female,25000,3,23.0,3,1,Yes,No,No,Yes
C1870,48,Male,15000,8,1.6,6,3,No,No,No,Yes
C1871,36,Female,62000,5,7.4,6,0,Yes,No,No,No
C1872,22,Male,51000,5,23.9,3,2,No,No,No,No
C1873,51,Male,87000,5,15.6,6,1,Yes,No,No,No
C1874,35,Female,36000,2,2.1,2,1,No,No,Yes,No
C1875,52,Male,89000,5,6.1,6,1,No,No,No,Yes
C1876,43,Male,25000,6,12.2,4,3,No,No,No,No
C1877,46,Female,38000,6,1.1,9,3,Yes,No,Yes,No
C1878,28,Female,55000,6,3.9,4,3,No,No,No,No
C1879,26,Female,53000,1,9.9,2,3,Yes,No,No,No
C1880,50,Female,45000,6,2.4,8,0,Yes,No,No,No
C1881,47,Male,16000,3,11.1,6,0,Yes,Yes,No,No
C1882,48,Female,62000,2,11.5,4,1,No,No,Yes,No
C1883,65,Female,28000,3,15.1,5,1,No,No,No,No
C1884,24,Male,25000,7,6.4,4,1,No,No,Yes,No
C1885,69,Male,49000,4,20.5,1,3,Yes,No,Yes,No
C1886,42,Male,77000,5,11.3,6,3,Yes,Yes,No,Yes
C1887,22,Female,33000,3,8.3,3,0,No,No,No,No
C1888,40,Male,58000,4,8.9,4,4,Yes,No,No,No
C1889,64,Male,41000,6,2.5,7,1,Yes,No,No,No
C1890,58,Male,32000,5,10.4,2,3,Yes,No,No,No
C1891,33,Male,46000,7,24.9,3,3,Yes,No,No,No
C1892,39,Male,15000,6,14.5,1,4,Yes,No,Yes,No
C1893,58,Female,57000,4,1.8,5,2,Yes,No,Yes,Yes
C1894,56,Male,31000,8,6.3,2,3,No,No,Yes,No
C1895,24,Male,58000,4,9.9,1,2,Yes,No,No,No
C1896,53,Male,32000,3,24.0,4,0,No,No,No,Yes
C1897,58,Male,15000,3,0.5,3,1,No,No,Yes,No
C1898,26,Female,25000,6,21.3,5,3,No,No,Yes,No
C1899,37,Female,36000,7,10.0,4,1,No,No,No,No
C1900,44,Female,46000,1,2.8,4,1,No,No,No,No
C1901,31,Female,29000,4,1.7,4,1,No,No,No,No
C1902,50,Male,80000,6,9.8,2,2,No,No,Yes,No
C1903,61,Female,65000,5,9.3,3,2,No,No,No,No
C1904,32,Male,30000,3,8.8,5,1,No,No,No,No
C1905,36,Male,29000,7,1.6,2,2,No,No,No,No
C1906,59,Male,169000,5,35.7,2,1,No,No,No,No
C1907,20,Female,105000,3,5.2,2,1,No,No,No,No
C1908,36,Male,41000,6,5.3,4,3,Yes,No,No,No
C1909,52,Male,65000,5,1.7,8,1,No,No,No,No
C1910,63,Female,71000,6,10.2,3,3,Yes,No,No,No
C1911,23,Male,54000,6,0.5,2,2,Yes,No,No,No
C1912,54,Male,17000,6,1.2,4,3,No,No,No,No
C1913,51,Male,78000,9,0.5,3,0,No,No,No,No
C1914,38,Male,58000,2,4.9,4,1,No,No,No,No
C1915,55,Female,73000,8,18.1,2,2,Yes,No,Yes,Yes
C1916,36,Male,74000,5,4.1,4,2,No,No,Yes,No
C1917,32,Male,85000,5,2.9,3,1,No,No,No,Yes
C1918,32,Male,89000,11,2.9,3,1,Yes,No,No,No
C1919,24,Female,51000,4,2.9,2,2,No,Yes,No,No
C1920,21,Female,78000,5,11.2,8,0,No,No,No,Yes
C1921,46,Female,26000,6,5.8,1,0,No,No,Yes,No
C1922,53,Male,35000,4,0.5,4,2,Yes,No,No,No
C1923,49,Male,28000,5,0.6,7,1,Yes,No,No,Yes
C1924,22,Male,31000,9,5.2,5,4,Yes,No,No,No
C1925,27,Female,28000,2,3.0,2,1,Yes,No,No,Yes
C1926,68,Female,61000,7,0.6,1,2,No,No,No,No
C1927,67,Male,63000,9,13.6,4,6,Yes,Yes,No,No
C1928,57,Male,74000,3,3.1,3,1,Yes,No,No,Yes
C1929,42,Female,41000,4,1.5,1,2,Yes,No,No,No
C1930,34,Female,37000,6,21.9,1,1,No,No,No,No
C1931,32,Male,22000,4,8.5,2,4,No,No,No,No
C1932,31,Male,19000,7,17.9,1,3,No,No,No,Yes
C1933,64,Female,36000,7,1.9,8,2,Yes,No,Yes,Yes
C1934,39,Male,47000,7,9.5,4,5,No,Yes,Yes,Yes
C1935,34,Male,65000,5,1.3,6,3,Yes,No,No,Yes
C1936,29,Male,73000,3,12.4,5,5,No,No,No,No
C1937,43,Male,74000,3,1.2,3,1,No,Yes,Yes,No
C1938,59,Female,33000,6,1.1,3,3,Yes,No,No,No
C1939,20,Female,38000,5,18.9,1,3,No,No,No,No
C1940,30,Male,38000,8,17.1,3,1,Yes,No,No,No
C1941,56,Male,43000,1,5.5,4,2,No,No,No,No
C1942,24,Male,85000,5,1.1,6,2,No,No,No,Yes
C1943,59,Female,34000,2,1.7,3,1,No,Yes,No,No
C1944,23,Male,64000,4,3.2,7,5,No,No,No,No
C1945,22,Male,63000,5,18.2,4,2,No,Yes,No,No
C1946,64,Female,54000,7,22.5,1,0,Yes,No,No,No
C1947,18,Male,55000,3,8.9,7,2,No,No,No,No
C1948,67,Female,69000,1,35.6,5,2,Yes,Yes,No,No
C1949,64,Female,94000,6,5.3,4,3,Yes,No,No,No
C1950,66,Male,45000,7,8.6,2,3,Yes,No,No,Yes
C1951,53,Female,55000,3,27.8,7,3,No,No,No,Yes
C1952,39,Male,58000,2,3.7,5,0,No,No,No,No
C1953,45,Male,67000,11,29.7,3,2,No,No,Yes,No
C1954,45,Female,68000,3,2.9,9,1,No,No,No,Yes
C1955,26,Female,24000,2,25.1,5,0,No,No,No,No
C1956,53,Male,104000,5,2.1,5,2,No,Yes,No,No
C1957,48,Female,23000,7,2.5,2,2,Yes,No,No,No
C1958,19,Female,15000,10,1.3,9,3,Yes,Yes,No,No
C1959,56,Female,16000,7,5.3,3,2,No,Yes,No,No
C1960,30,Female,25000,5,0.5,4,2,No,No,No,No
C1961,21,Male,60000,8,7.7,4,2,No,No,Yes,No
C1962,59,Female,30000,6,9.0,5,0,No,Yes,No,No
C1963,49,Female,60000,4,3.0,6,2,Yes,No,No,No
C1964,66,Female,76000,6,3.3,1,1,Yes,No,No,No
C1965,41,Female,49000,8,24.8,3,1,No,No,No,No
C1966,56,Female,63000,5,8.4,3,1,Yes,No,No,No
C1967,22,Female,33000,5,0.5,8,1,No,No,No,No
C1968,48,Female,46000,8,5.3,4,5,No,Yes,No,No
C1969,61,Male,36000,2,3.0,3,1,No,No,Yes,No
C1970,31,Female,42000,7,16.9,4,6,No,No,No,No
C1971,54,Female,43000,6,0.5,6,4,No,No,Yes,No
C1972,54,Female,113000,3,14.8,2,2,Yes,No,Yes,No
C1973,47,Male,43000,5,11.7,5,3,Yes,No,No,Yes
C1974,37,Male,49000,6,11.8,5,4,No,No,No,No
C1975,28,Female,50000,7,2.0,9,4,No,Yes,Yes,No
C1976,52,Female,73000,6,27.7,5,4,No,No,No,No
C1977,25,Female,44000,5,3.7,2,1,Yes,No,No,No
C1978,28,Female,15000,4,9.6,4,1,No,No,Yes,No
C1979,60,Male,33000,8,8.7,7,2,No,No,No,No
C1980,48,Female,28000,2,19.2,4,3,Yes,No,No,No
C1981,68,Female,43000,8,15.7,2,4,No,No,No,No
C1982,42,Male,81000,4,5.4,6,4,No,No,No,Yes
C1983,59,Male,54000,9,6.6,5,2,No,No,No,No
C1984,36,Male,64000,4,6.6,1,2,No,No,No,No
C1985,56,Female,42000,3,3.2,7,0,Yes,No,No,No
C1986,55,Female,85000,5,26.0,5,3,Yes,No,No,No
C1987,54,Male,53000,2,3.5,4,3,No,No,No,No
C1988,43,Male,46000,4,0.8,3,3,Yes,No,No,No
C1989,21,Male,61000,7,13.2,1,4,No,No,Yes,No
C1990,26,Female,54000,2,6.1,8,0,No,No,No,No
C1991,18,Male,84000,5,0.5,8,3,No,No,Yes,No
C1992,18,Female,27000,4,15.6,4,2,Yes,No,Yes,No
C1993,21,Female,25000,3,5.7,4,2,No,No,Yes,No
C1994,57,Female,36000,6,14.6,2,1,Yes,No,No,Yes
C1995,19,Male,26000,4,2.0,6,2,No,No,No,No
C1996,50,Male,119000,3,21.4,5,1,No,No,No,No
C1997,24,Female,50000,10,7.6,4,1,Yes,No,No,Yes
C1998,43,Male,34000,9,8.7,1,3,No,No,No,No
C1999,44,Female,83000,7,10.9,4,1,Yes,No,No,No
C2000,63,Male,24000,5,5.9,6,0,No,No,No,No
C2001,27,Female,63000,5,6.1,3,2,No,No,No,No
C2002,66,Female,79000,6,1.1,1,0,Yes,No,No,No
C2003,28,Female,135000,3,15.9,6,4,Yes,No,No,Yes
C2004,53,Female,55000,7,15.3,3,2,Yes,No,No,Yes
C2005,44,Male,71000,6,2.5,4,4,No,No,No,No
C2006,56,Female,43000,5,18.1,6,2,Yes,No,Yes,No
C2007,42,Male,35000,4,2.3,7,4,No,No,No,No
C2008,47,Male,68000,2,15.4,4,1,Yes,No,Yes,No
C2009,31,Male,46000,3,1.1,2,2,Yes,Yes,No,No
C2010,43,Male,50000,7,8.1,7,2,No,No,Yes,No
C2011,41,Male,23000,7,6.3,2,3,No,No,No,No
C2012,45,Female,60000,5,10.0,3,2,No,No,Yes,No
C2013,29,Male,24000,4,10.3,3,1,No,No,No,No
C2014,53,Male,68000,7,4.1,5,5,Yes,No,No,Yes
C2015,41,Male,56000,9,0.5,6,3,No,No,No,No
C2016,37,Male,44000,7,11.6,7,1,No,No,No,No
C2017,57,Female,50000,4,11.6,6,3,No,No,No,No
C2018,68,Male,146000,5,0.6,6,1,No,Yes,No,No
C2019,22,Male,52000,8,0.8,4,1,No,No,No,No
C2020,59,Female,45000,2,20.1,3,2,Yes,No,No,Yes
C2021,30,Male,38000,7,10.4,3,3,No,No,No,Yes
C2022,34,Male,104000,4,4.9,6,0,No,No,No,No
C2023,51,Male,24000,10,0.5,2,1,No,No,No,No
C2024,48,Male,77000,6,1.0,1,3,No,No,Yes,No
C2025,28,Female,37000,4,12.7,2,0,No,No,No,No
C2026,51,Female,79000,8,27.4,6,1,No,No,No,No
C2027,21,Male,71000,6,1.6,7,3,Yes,No,No,Yes
C2028,27,Female,55000,3,10.9,3,3,Yes,Yes,No,No
C2029,39,Female,101000,1,0.6,3,0,No,No,No,No
C2030,45,Male,69000,3,12.8,5,3,Yes,No,Yes,No
C2031,66,Female,30000,4,4.6,3,3,No,No,No,No
C2032,33,Male,48000,5,0.5,3,3,Yes,No,No,No
C2033,54,Female,41000,7,1.3,5,6,Yes,No,No,No
C2034,23,Female,30000,9,4.7,4,1,No,Yes,Yes,No
C2035,46,Male,48000,3,0.5,3,2,No,No,No,No
C2036,58,Female,41000,9,0.8,8,4,No,No,No,Yes
C2037,63,Male,34000,3,3.5,1,1,No,No,No,No
C2038,36,Male,26000,7,5.7,5,5,Yes,No,No,No
C2039,35,Male,58000,5,7.5,5,1,Yes,Yes,No,No
C2040,50,Female,33000,5,0.6,3,0,No,Yes,No,No
C2041,50,Female,67000,5,5.8,7,2,No,No,No,No
C2042,42,Female,31000,5,12.0,2,2,No,No,No,No
C2043,52,Male,59000,6,4.2,5,3,No,No,No,No
C2044,59,Female,54000,6,8.4,11,1,No,No,No,No
C2045,18,Female,51000,7,18.3,1,2,No,No,No,No
C2046,60,Female,52000,5,2.1,1,2,No,No,No,No
C2047,22,Male,40000,6,3.3,1,0,Yes,No,No,No
C2048,22,Male,55000,6,3.8,6,1,No,Yes,No,No
C2049,24,Male,94000,7,4.6,4,1,No,No,No,No
C2050,66,Female,98000,9,0.5,4,3,No,Yes,Yes,No
C2051,30,Female,57000,7,4.7,3,1,Yes,No,Yes,No
C2052,41,Male,56000,3,21.1,5,2,No,No,No,No
C2053,27,Male,61000,5,9.9,2,1,Yes,Yes,No,No
C2054,52,Female,136000,9,11.4,5,4,No,No,Yes,No
C2055,69,Female,94000,3,0.5,4,3,No,Yes,No,Yes
C2056,66,Female,42000,5,3.0,8,2,No,No,No,No
C2057,56,Male,24000,4,1.4,7,2,Yes,No,No,No
C2058,38,Female,65000,7,2.2,2,1,No,No,No,No
C2059,57,Male,76000,1,0.5,5,1,No,No,No,No
C2060,40,Male,29000,5,5.2,5,2,No,No,No,No
C2061,53,Male,52000,6,5.0,9,2,Yes,No,No,Yes
C2062,24,Male,17000,5,4.5,4,1,Yes,No,Yes,No
C2063,60,Female,53000,6,18.6,2,2,Yes,No,No,No
C2064,37,Female,41000,4,6.6,3,1,No,Yes,No,No
C2065,21,Female,30000,4,11.7,3,1,Yes,No,No,No
C2066,30,Male,25000,4,12.1,1,2,No,No,No,No
C2067,23,Male,65000,6,3.3,10,1,No,No,No,No
C2068,24,Male,48000,5,0.5,5,2,No,No,No,No
C2069,52,Male,49000,4,0.5,5,2,No,No,No,No
C2070,30,Male,43000,2,13.3,4,4,No,No,No,Yes
C2071,63,Male,48000,2,0.8,6,2,No,Yes,No,No
C2072,46,Male,76000,5,5.6,1,1,No,No,No,No
C2073,32,Male,36000,5,4.2,6,2,Yes,No,No,No
C2074,64,Female,65000,8,6.8,4,2,Yes,No,No,No
C2075,61,Female,40000,5,3.2,2,1,No,No,No,No
C2076,22,Male,60000,5,16.2,1,1,Yes,Yes,No,No
C2077,25,Male,30000,2,0.5,4,3,No,No,No,No
C2078,23,Female,69000,7,1.4,5,1,Yes,Yes,No,Yes
C2079,52,Male,33000,5,9.8,2,0,Yes,No,No,No
C2080,33,Female,42000,7,22.7,5,1,No,No,No,No
C2081,29,Male,79000,3,11.5,5,0,Yes,Yes,No,No
C2082,66,Male,40000,3,9.6,4,2,Yes,No,No,No
C2083,43,Female,50000,7,3.3,1,3,Yes,No,No,No
C2084,23,Male,151000,3,11.0,6,2,Yes,No,No,Yes
C2085,29,Male,69000,3,0.5,6,2,No,No,No,No
C2086,46,Female,51000,5,5.1,5,1,Yes,No,No,No
C2087,61,Female,62000,5,5.7,7,2,No,No,No,No
C2088,42,Male,35000,6,6.4,4,1,No,No,No,No
C2089,58,Female,62000,6,16.8,2,5,Yes,Yes,No,Yes
C2090,61,Female,32000,1,26.2,5,1,Yes,Yes,Yes,No
C2091,62,Male,44000,2,23.7,3,1,No,No,No,No
C2092,35,Male,45000,3,3.8,5,4,Yes,No,Yes,No
C2093,48,Female,72000,5,1.9,9,2,Yes,Yes,No,Yes
C2094,32,Male,71000,6,13.4,5,2,Yes,No,No,Yes
C2095,65,Female,51000,5,1.7,1,3,Yes,No,No,No
C2096,25,Male,80000,2,1.4,3,2,Yes,Yes,No,No
C2097,48,Female,54000,4,4.0,5,2,No,Yes,Yes,No
C2098,43,Male,27000,7,9.7,6,4,No,No,No,No
C2099,31,Male,54000,7,0.7,4,1,No,Yes,No,No
C2100,65,Female,41000,9,1.7,6,2,No,No,No,No
C2101,30,Male,53000,9,20.6,2,2,No,No,Yes,No
C2102,49,Female,44000,8,21.1,9,2,Yes,No,No,Yes
C2103,35,Female,89000,4,9.5,3,2,Yes,No,No,No
C2104,35,Female,39000,7,14.6,5,1,Yes,No,No,No
C2105,54,Male,32000,5,0.8,4,1,No,No,Yes,No
C2106,66,Female,66000,3,5.0,6,2,No,No,No,No
C2107,21,Male,42000,9,20.2,2,1,No,No,No,No
C2108,54,Female,43000,4,11.1,4,0,Yes,No,No,No
C2109,31,Male,33000,3,1.8,9,1,Yes,No,No,No
C2110,35,Female,90000,9,1.1,6,3,No,No,Yes,No
C2111,20,Female,37000,3,12.5,7,1,No,No,No,No
C2112,41,Male,62000,6,12.4,7,1,No,No,No,No
C2113,24,Male,57000,5,2.6,2,0,No,No,Yes,No
C2114,41,Female,63000,10,23.4,8,1,No,Yes,Yes,Yes
C2115,63,Male,74000,3,4.0,6,3,No,No,No,No
C2116,22,Male,93000,2,1.8,2,4,Yes,No,No,Yes
C2117,41,Female,36000,7,21.4,5,3,No,Yes,No,No
C2118,21,Male,42000,5,13.7,9,0,Yes,No,No,No
C2119,65,Male,39000,6,8.1,5,1,Yes,No,No,No
C2120,26,Female,39000,9,9.6,3,3,No,No,Yes,No
C2121,56,Male,25000,3,17.6,5,4,No,No,No,Yes
C2122,44,Male,29000,2,7.0,4,4,No,No,Yes,No
C2123,20,Male,44000,1,5.2,4,1,Yes,Yes,No,No
C2124,18,Male,44000,2,5.7,5,1,No,No,No,No
C2125,30,Male,22000,4,1.0,5,3,No,No,Yes,No
C2126,56,Male,40000,4,10.0,7,4,No,No,No,No
C2127,31,Female,37000,7,14.9,6,1,No,No,Yes,Yes
C2128,60,Male,40000,4,1.3,3,0,No,Yes,No,Yes
C2129,45,Female,19000,6,21.3,3,4,Yes,No,No,No
C2130,55,Male,76000,6,11.9,6,1,Yes,No,No,No
C2131,38,Male,34000,7,10.2,3,3,No,No,No,No
C2132,40,Male,50000,5,2.4,3,2,No,No,No,Yes
C2133,42,Female,34000,3,15.7,4,2,No,No,Yes,Yes
C2134,66,Male,51000,8,0.5,2,6,No,No,No,No
C2135,66,Male,17000,3,0.5,1,3,Yes,No,No,No
C2136,51,Male,41000,6,5.6,3,1,No,No,No,No
C2137,57,Female,32000,5,1.1,4,2,Yes,No,No,No
C2138,35,Female,36000,4,7.3,4,3,No,Yes,No,Yes
C2139,58,Female,27000,7,9.1,3,2,No,No,No,No
C2140,45,Female,49000,4,0.5,3,1,No,No,No,No
C2141,56,Female,32000,6,3.7,2,2,Yes,Yes,No,Yes
C2142,50,Male,55000,5,14.0,3,3,Yes,No,No,Yes
C2143,18,Male,32000,4,3.3,4,1,Yes,No,No,Yes
C2144,31,Female,49000,6,4.3,4,0,No,No,No,No
C2145,58,Female,81000,2,0.5,9,0,No,Yes,Yes,No
C2146,59,Female,24000,3,5.9,3,3,No,No,Yes,Yes
C2147,61,Female,101000,7,0.9,2,4,No,No,Yes,No
C2148,56,Female,53000,6,1.2,4,1,No,No,No,No
C2149,39,Male,20000,6,8.1,4,2,No,No,Yes,No
C2150,20,Female,34000,3,23.7,2,1,Yes,Yes,No,No
C2151,45,Male,57000,4,7.1,2,2,Yes,No,No,No
C2152,38,Male,22000,6,12.1,5,1,Yes,No,No,No
C2153,18,Female,33000,10,2.2,5,3,No,No,Yes,No
C2154,24,Female,75000,4,25.3,6,2,No,No,Yes,No
C2155,51,Male,64000,2,8.7,6,3,No,No,No,No
C2156,22,Male,43000,8,2.4,5,2,Yes,No,No,No
C2157,68,Male,49000,3,4.3,1,1,No,No,No,No
C2158,27,Male,20000,2,1.2,4,4,No,Yes,No,No
C2159,20,Male,28000,4,3.4,5,1,No,Yes,No,No
C2160,52,Female,110000,8,2.0,2,8,No,No,No,No
C2161,23,Female,43000,2,0.9,3,3,No,Yes,No,Yes
C2162,34,Female,73000,5,3.4,2,2,No,No,No,Yes
C2163,64,Male,48000,3,19.7,4,1,No,Yes,No,No
C2164,57,Male,47000,11,32.3,6,1,No,No,No,No
C2165,62,Female,131000,7,8.9,3,2,Yes,No,Yes,No
C2166,62,Female,28000,6,1.2,3,6,Yes,Yes,No,No
C2167,28,Male,40000,8,0.6,3,1,Yes,No,No,No
C2168,43,Male,32000,5,4.8,2,2,Yes,No,No,No
C2169,64,Female,62000,6,2.2,6,0,No,No,No,No
C2170,50,Female,24000,5,3.9,2,1,No,No,No,No
C2171,33,Male,73000,6,2.4,7,2,Yes,No,No,No
C2172,54,Female,89000,4,1.2,3,1,No,No,Yes,No
C2173,34,Male,189000,2,19.9,1,4,No,No,No,No
C2174,66,Male,43000,4,8.8,3,2,Yes,No,No,No
C2175,30,Female,15000,6,6.0,6,2,Yes,No,No,No
C2176,62,Female,57000,5,6.2,5,1,No,No,No,No
C2177,61,Male,133000,5,1.3,3,4,No,No,No,No
C2178,60,Female,50000,5,0.5,6,3,No,No,No,No
C2179,33,Female,39000,6,2.6,6,2,No,No,Yes,No
C2180,36,Female,50000,3,7.7,4,0,Yes,Yes,No,Yes
C2181,51,Female,88000,8,1.3,3,0,Yes,No,No,No
C2182,22,Female,59000,5,2.9,4,1,No,No,Yes,No
C2183,55,Male,57000,3,1.4,6,1,Yes,No,Yes,Yes
C2184,65,Female,24000,3,6.1,7,0,No,No,No,No
C2185,61,Female,56000,9,2.0,2,2,No,No,No,No
C2186,20,Female,91000,3,0.5,3,8,No,No,Yes,Yes
C2187,18,Female,23000,5,7.4,4,0,No,No,No,No
C2188,33,Female,29000,3,1.0,7,2,Yes,No,No,No
C2189,66,Male,44000,9,18.4,5,2,No,No,No,Yes
C2190,53,Male,32000,3,5.2,6,3,No,No,No,No
C2191,38,Female,99000,2,9.6,4,3,Yes,No,No,No
C2192,66,Male,40000,5,8.7,4,2,Yes,No,No,No
C2193,53,Male,101000,2,10.2,2,1,Yes,No,No,No
C2194,21,Female,56000,5,3.9,2,2,Yes,No,No,No
C2195,42,Male,63000,2,4.1,1,4,Yes,No,No,No
C2196,51,Female,23000,2,11.3,7,0,No,No,No,No
C2197,39,Male,21000,7,17.3,4,0,No,Yes,No,Yes
C2198,26,Male,36000,3,2.6,3,1,Yes,Yes,No,No
C2199,61,Male,85000,6,14.7,6,0,No,No,Yes,No
C2200,68,Male,92000,6,10.4,4,5,Yes,No,No,No
C2201,43,Male,60000,9,8.7,4,2,No,No,No,No
C2202,28,Female,57000,3,1.2,3,1,No,No,No,No
C2203,61,Female,38000,3,20.4,3,2,No,No,No,No
C2204,52,Male,70000,5,8.7,4,3,No,No,No,No
C2205,52,Female,18000,4,6.5,6,2,Yes,Yes,No,Yes
C2206,30,Male,42000,9,0.9,2,1,Yes,Yes,No,No
C2207,33,Female,28000,3,0.6,4,1,No,No,Yes,No
C2208,44,Male,73000,10,2.0,4,1,Yes,No,No,No
C2209,62,Male,97000,3,20.6,3,2,No,No,No,No
C2210,40,Female,39000,1,15.5,3,2,Yes,No,No,Yes
C2211,63,Female,29000,4,1.8,6,3,Yes,No,Yes,No
C2212,29,Female,46000,7,10.2,2,1,Yes,No,Yes,No
C2213,25,Female,48000,4,11.6,4,1,No,No,No,No
C2214,51,Male,70000,12,25.8,5,5,No,No,No,No
C2215,37,Male,35000,3,1.6,4,1,Yes,No,No,No
C2216,33,Male,39000,3,3.9,4,0,No,No,Yes,No
C2217,30,Female,46000,9,4.2,4,2,Yes,No,No,Yes
C2218,22,Male,104000,8,1.4,4,1,No,No,No,Yes
C2219,26,Male,20000,4,2.4,3,1,No,No,No,No
C2220,62,Female,28000,3,12.7,10,1,No,No,Yes,No
C2221,23,Female,94000,6,19.7,4,3,No,No,No,No
C2222,20,Male,69000,11,3.3,2,2,Yes,No,No,Yes
C2223,26,Male,89000,2,6.4,1,0,Yes,Yes,No,Yes
C2224,67,Male,88000,5,5.2,7,2,No,No,No,No
C2225,27,Female,41000,6,1.3,4,2,Yes,Yes,No,No
C2226,65,Male,40000,9,7.5,5,4,Yes,No,No,No
C2227,52,Male,102000,3,9.3,2,3,Yes,No,No,No
C2228,69,Female,67000,3,25.1,5,4,Yes,No,No,Yes
C2229,38,Male,33000,6,4.5,2,0,No,No,No,No
C2230,18,Female,78000,4,0.8,1,0,No,No,No,No
C2231,23,Female,122000,6,1.3,3,3,No,No,No,No
C2232,57,Female,67000,6,2.0,7,3,No,Yes,No,No
C2233,28,Female,42000,4,5.1,5,0,Yes,No,No,No
C2234,45,Male,59000,6,5.6,8,2,No,Yes,No,No
C2235,52,Female,150000,4,0.7,5,0,No,No,No,No
C2236,40,Female,24000,6,1.7,6,3,Yes,No,No,No
C2237,21,Male,77000,5,11.4,4,2,No,No,No,No
C2238,25,Female,34000,6,14.9,7,1,Yes,No,No,No
C2239,56,Male,30000,6,0.7,7,0,No,No,No,No
C2240,64,Female,73000,7,3.3,3,1,No,No,No,No
C2241,37,Male,79000,6,8.3,2,4,Yes,No,No,No
C2242,33,Female,64000,7,4.7,6,2,No,No,No,No
C2243,36,Female,51000,3,9.5,6,0,No,Yes,No,No
C2244,57,Female,41000,7,2.2,5,9,Yes,No,No,No
C2245,63,Female,71000,7,4.5,3,2,Yes,No,No,Yes
C2246,67,Female,45000,2,1.3,3,1,No,No,No,No
C2247,40,Male,46000,2,1.2,3,4,No,Yes,No,No
C2248,43,Female,21000,8,3.6,3,0,No,Yes,No,No
C2249,42,Female,59000,3,20.2,5,2,Yes,No,No,No
C2250,65,Female,42000,3,14.9,2,0,No,No,No,No
C2251,35,Male,26000,3,0.8,4,2,Yes,No,No,No
C2252,44,Female,57000,5,8.3,1,0,No,No,No,No
C2253,45,Female,30000,10,5.8,4,0,No,Yes,No,No
C2254,30,Male,20000,8,3.9,6,3,Yes,No,Yes,No
C2255,46,Female,25000,6,5.7,3,1,No,No,No,No
C2256,57,Male,30000,5,4.5,3,1,No,No,No,No
C2257,18,Male,56000,4,4.7,2,3,No,No,No,No
C2258,56,Female,23000,3,2.3,3,2,Yes,No,No,Yes
C2259,46,Female,39000,5,1.6,2,1,Yes,No,No,No
C2260,36,Female,60000,6,4.1,4,3,No,No,Yes,No
C2261,63,Female,52000,7,4.7,2,1,No,No,No,No
C2262,27,Female,28000,5,1.3,4,1,Yes,No,No,Yes
C2263,61,Male,67000,6,11.7,1,4,Yes,Yes,No,Yes
C2264,51,Female,55000,5,25.3,4,3,Yes,No,No,No
C2265,20,Female,45000,6,0.5,2,3,Yes,No,Yes,Yes
C2266,57,Male,72000,11,0.7,4,0,Yes,No,Yes,No
C2267,40,Female,28000,4,17.9,5,1,No,No,No,No
C2268,42,Male,38000,4,0.5,4,0,No,No,No,No
C2269,55,Female,72000,2,7.7,6,0,Yes,No,No,No
C2270,19,Male,40000,11,11.6,1,2,Yes,Yes,No,Yes
C2271,69,Female,25000,4,5.6,3,0,Yes,No,No,No
C2272,48,Male,38000,4,9.7,1,1,No,Yes,No,No
C2273,65,Male,71000,4,0.5,3,0,No,Yes,No,No
C2274,33,Female,48000,9,9.7,8,2,Yes,No,No,No
C2275,43,Male,157000,4,22.9,2,0,No,No,No,No
C2276,46,Female,33000,6,0.5,1,2,No,Yes,No,No
C2277,58,Male,17000,2,6.2,1,3,Yes,Yes,No,No
C2278,39,Male,37000,5,26.6,7,3,No,Yes,No,No
C2279,51,Male,29000,7,22.9,5,3,No,No,No,No
C2280,38,Male,40000,5,14.2,8,0,Yes,No,No,Yes
C2281,69,Female,26000,6,42.9,6,1,No,No,No,No
C2282,18,Male,43000,8,24.9,7,2,Yes,No,No,No
C2283,60,Female,59000,2,6.4,5,1,No,No,No,No
C2284,30,Male,48000,4,0.6,5,2,Yes,No,No,No
C2285,50,Female,59000,8,0.5,2,3,No,No,Yes,No
C2286,26,Female,70000,7,4.5,5,0,Yes,No,No,No
C2287,67,Male,28000,8,2.6,3,1,No,No,No,No
C2288,39,Male,62000,3,7.4,6,1,No,Yes,Yes,No
C2289,69,Male,27000,1,10.2,4,4,Yes,No,No,Yes
C2290,21,Female,57000,5,3.2,2,2,Yes,No,No,No
C2291,34,Male,39000,4,0.5,6,1,No,No,No,No
C2292,41,Female,40000,5,0.5,5,1,No,No,No,No
C2293,57,Female,109000,2,6.0,6,2,No,No,No,No
C2294,69,Male,32000,4,9.8,1,1,Yes,No,No,Yes
C2295,44,Female,61000,8,1.8,4,0,No,No,No,No
C2296,56,Female,62000,5,11.1,2,2,No,Yes,No,No
C2297,66,Female,44000,7,1.3,5,3,No,No,No,No
C2298,37,Female,33000,5,32.8,5,4,Yes,No,No,No
C2299,43,Female,22000,1,4.0,5,0,Yes,No,No,No
C2300,33,Female,40000,6,6.7,8,2,Yes,Yes,No,Yes
C2301,19,Male,17000,7,0.5,4,2,No,No,No,No
C2302,33,Female,206000,3,0.5,2,0,Yes,Yes,No,Yes
C2303,55,Male,43000,3,8.1,5,0,No,No,Yes,No
C2304,24,Male,25000,5,33.2,5,3,Yes,No,No,No
C2305,21,Female,38000,5,8.9,4,2,No,No,No,No
C2306,46,Male,82000,5,4.7,6,4,No,No,No,No
C2307,49,Male,71000,6,4.2,3,0,Yes,No,No,No
C2308,46,Female,46000,7,11.3,6,2,No,No,No,No
C2309,23,Male,29000,7,5.3,5,2,Yes,No,Yes,No
C2310,35,Female,61000,5,3.9,3,3,Yes,No,No,No
C2311,62,Male,89000,4,13.6,4,1,Yes,No,No,Yes
C2312,39,Female,195000,3,0.5,6,2,No,No,No,No
C2313,41,Female,48000,4,5.3,4,2,No,No,No,No
C2314,36,Female,60000,5,4.8,4,2,No,No,Yes,No
C2315,24,Female,58000,6,12.4,2,1,No,No,No,No
C2316,69,Male,54000,9,0.8,5,0,No,No,No,No
C2317,20,Male,78000,6,1.1,3,1,Yes,No,Yes,No
C2318,59,Male,71000,1,22.9,3,2,Yes,No,No,No
C2319,52,Female,47000,1,23.8,4,1,Yes,No,No,No
C2320,69,Male,58000,2,0.9,6,5,No,No,No,No
C2321,19,Male,30000,5,2.5,1,2,No,Yes,No,Yes
C2322,26,Female,38000,3,5.2,6,1,No,No,No,No
C2323,20,Male,33000,3,5.5,4,2,No,No,No,No
C2324,31,Female,27000,5,15.3,5,1,No,No,No,Yes
C2325,68,Female,64000,6,0.5,4,2,No,No,No,No
C2326,47,Female,37000,9,1.4,7,1,Yes,No,Yes,No
C2327,37,Female,93000,4,13.7,4,3,Yes,No,No,Yes
C2328,18,Male,43000,4,5.9,3,5,No,No,No,No
C2329,62,Male,17000,6,4.3,5,1,Yes,No,No,No
C2330,43,Female,125000,4,3.9,4,3,No,No,No,No
C2331,36,Female,39000,3,0.9,4,3,Yes,No,Yes,No
C2332,49,Male,101000,7,0.6,3,4,No,No,No,No
C2333,29,Male,19000,1,9.0,3,1,No,No,No,No
C2334,66,Male,62000,8,1.9,2,2,Yes,No,No,No
C2335,68,Female,57000,5,0.8,7,3,No,No,No,Yes
C2336,46,Female,81000,3,1.8,3,1,Yes,No,No,No
C2337,69,Male,203000,2,1.3,4,1,No,Yes,No,No
C2338,22,Male,29000,7,2.2,8,3,No,Yes,No,No
C2339,30,Female,36000,7,18.6,3,0,No,No,Yes,No
C2340,65,Male,28000,7,23.4,3,2,Yes,No,No,No
C2341,43,Female,34000,5,3.7,3,2,Yes,No,Yes,No
C2342,28,Female,15000,6,3.6,3,0,No,No,No,No
C2343,30,Male,62000,2,9.1,4,3,No,No,No,No
C2344,21,Female,31000,2,3.9,3,1,No,No,No,No
C2345,48,Male,31000,3,2.2,11,2,No,Yes,Yes,No
C2346,64,Female,35000,4,24.5,3,0,No,No,No,Yes
C2347,24,Male,50000,7,19.1,4,0,No,No,No,No
C2348,47,Male,127000,3,1.3,2,3,No,No,No,No
C2349,65,Male,48000,4,24.0,6,1,Yes,No,No,No
C2350,54,Female,60000,5,0.5,6,0,No,No,No,No
C2351,61,Male,48000,7,7.0,6,2,No,No,Yes,No
C2352,65,Female,40000,1,8.6,4,1,No,No,No,No
C2353,62,Female,53000,5,1.0,5,1,No,No,No,No
C2354,47,Male,33000,7,15.0,6,0,Yes,No,No,No
C2355,68,Male,54000,7,5.6,2,2,Yes,No,No,Yes
C2356,69,Male,85000,3,23.1,5,1,Yes,No,No,No
C2357,55,Female,28000,6,17.5,7,1,Yes,No,No,No
C2358,28,Female,64000,1,2.7,4,4,No,No,No,No
C2359,41,Female,46000,6,3.6,1,3,No,No,Yes,No
C2360,37,Female,110000,4,5.0,3,3,No,Yes,No,No
C2361,60,Female,113000,5,7.4,2,1,Yes,No,Yes,No
C2362,21,Male,116000,6,3.7,7,0,Yes,No,No,No
C2363,59,Female,47000,9,4.1,5,2,Yes,No,Yes,No
C2364,31,Male,73000,4,1.1,4,0,No,Yes,No,No
C2365,34,Male,72000,8,8.7,5,3,Yes,Yes,No,No
C2366,60,Male,66000,8,3.3,6,2,Yes,No,No,No
C2367,44,Female,39000,4,5.5,1,5,No,No,Yes,No
C2368,58,Female,48000,7,21.0,4,1,Yes,No,Yes,No
C2369,66,Male,40000,2,0.5,4,1,No,No,No,No
C2370,54,Female,65000,2,0.9,3,2,Yes,No,No,No
C2371,38,Male,32000,4,11.1,3,1,No,No,No,No
C2372,18,Female,49000,4,25.5,3,2,No,No,No,No
C2373,69,Male,64000,7,9.4,3,1,Yes,No,No,No
C2374,40,Female,216000,9,3.2,7,1,Yes,Yes,No,No
C2375,42,Female,33000,9,36.3,1,3,No,No,No,No
C2376,32,Female,97000,3,0.9,5,2,No,Yes,No,No
C2377,60,Female,25000,4,20.0,4,1,No,No,No,No
C2378,24,Female,23000,3,14.8,1,3,No,No,No,No
C2379,28,Male,84000,5,6.6,4,4,No,No,No,No
C2380,31,Female,169000,7,15.3,2,0,Yes,No,No,No
C2381,64,Female,28000,7,9.5,1,3,No,No,No,No
C2382,19,Female,35000,9,1.9,2,2,Yes,No,No,No
C2383,38,Female,44000,6,9.7,5,3,No,No,No,No
C2384,60,Male,32000,4,0.5,5,3,No,No,No,No
C2385,54,Male,24000,12,2.1,5,1,No,No,No,No
C2386,39,Female,16000,4,2.7,7,2,Yes,Yes,No,No
C2387,49,Male,15000,6,6.8,5,1,No,No,No,Yes
C2388,28,Female,32000,6,2.6,3,4,No,No,No,No
C2389,36,Male,53000,7,10.5,5,1,Yes,No,No,No
C2390,57,Female,18000,5,37.2,3,2,Yes,No,Yes,Yes
C2391,40,Male,37000,5,9.0,5,1,No,No,No,Yes
C2392,25,Male,36000,4,1.8,5,0,No,Yes,No,No
C2393,57,Female,61000,4,2.9,4,1,Yes,No,No,No
C2394,59,Male,34000,1,7.3,2,3,No,Yes,No,No
C2395,28,Female,26000,4,2.1,4,2,No,No,No,No
C2396,41,Female,71000,6,1.6,4,3,Yes,No,No,No
C2397,57,Male,30000,1,0.5,2,2,Yes,Yes,No,No
C2398,45,Male,85000,6,18.9,7,3,No,No,Yes,Yes
C2399,46,Male,23000,4,1.7,7,5,No,Yes,No,No
C2400,52,Female,30000,3,6.3,2,5,Yes,No,No,No
C2401,65,Female,83000,6,10.6,3,1,Yes,No,No,No
C2402,36,Male,83000,11,0.7,6,1,No,No,No,Yes
C2403,30,Male,91000,6,8.7,6,2,No,No,No,No
C2404,48,Female,75000,3,17.0,9,1,No,No,No,No
C2405,55,Male,46000,5,5.8,2,0,No,No,No,No
C2406,68,Male,63000,5,7.5,1,2,No,No,No,No
C2407,19,Female,40000,6,18.0,8,1,Yes,No,Yes,No
C2408,64,Female,38000,2,4.5,7,1,Yes,No,No,Yes
C2409,59,Male,29000,8,0.5,1,2,No,Yes,No,No
C2410,33,Female,127000,7,12.0,5,2,Yes,No,No,No
C2411,37,Female,109000,6,7.2,4,1,No,Yes,No,Yes
C2412,57,Female,55000,2,13.2,3,2,No,No,Yes,No
C2413,24,Female,52000,7,19.1,5,3,No,No,No,No
C2414,29,Male,55000,3,3.1,5,2,Yes,No,No,No
C2415,19,Male,39000,8,7.2,7,1,No,No,No,No
C2416,30,Male,76000,6,10.1,5,2,Yes,No,Yes,No
C2417,41,Female,84000,4,7.9,2,6,No,No,Yes,No
C2418,25,Female,24000,6,1.1,7,1,No,No,Yes,No
C2419,38,Male,65000,8,1.1,4,3,No,Yes,No,No
C2420,55,Male,151000,3,9.0,2,0,Yes,No,Yes,No
C2421,37,Male,18000,3,2.1,6,1,No,No,Yes,No
C2422,26,Male,23000,7,3.9,2,2,No,No,Yes,No
C2423,33,Male,43000,7,2.2,5,2,No,No,Yes,Yes
C2424,38,Male,40000,3,1.4,6,2,Yes,No,No,No
C2425,21,Male,32000,5,1.4,6,0,No,No,No,No
C2426,58,Male,30000,3,6.2,1,2,No,No,No,No
C2427,26,Male,52000,6,0.5,5,2,No,No,No,No
C2428,42,Male,80000,8,3.7,4,3,No,No,No,No
C2429,21,Female,61000,4,9.1,3,3,No,No,Yes,No
C2430,21,Female,73000,3,2.2,4,3,Yes,No,No,No
C2431,65,Female,37000,8,1.8,4,2,Yes,Yes,No,Yes
C2432,52,Male,91000,8,9.4,5,1,No,Yes,No,No
C2433,32,Male,93000,3,2.2,4,3,No,No,No,No
C2434,18,Female,17000,7,11.5,1,3,No,No,No,No
C2435,49,Male,33000,1,23.9,4,4,Yes,No,No,Yes
C2436,35,Male,42000,6,17.7,1,2,No,No,No,No
C2437,48,Male,46000,7,2.4,4,5,Yes,No,No,No
C2438,54,Female,128000,5,5.2,3,2,No,No,No,No
C2439,23,Male,46000,2,6.6,4,2,No,No,Yes,No
C2440,50,Female,32000,4,0.5,5,0,No,No,Yes,No
C2441,43,Female,25000,5,2.2,7,6,No,No,No,No
C2442,40,Male,33000,3,4.9,5,3,No,No,No,No
C2443,31,Female,75000,4,6.3,7,3,Yes,No,No,No
C2444,19,Male,58000,4,5.1,3,5,No,No,Yes,No
C2445,34,Female,65000,8,0.5,8,2,No,No,No,No
C2446,18,Male,70000,5,3.0,6,2,Yes,No,No,No
C2447,27,Male,33000,4,1.0,4,0,No,No,No,No
C2448,30,Female,39000,4,5.1,7,2,No,No,No,No
C2449,21,Female,76000,6,1.2,4,1,Yes,Yes,Yes,No
C2450,34,Male,134000,7,8.0,3,4,No,No,Yes,No
C2451,63,Female,61000,2,4.5,5,2,Yes,No,No,No
C2452,35,Male,166000,3,2.0,1,3,No,No,Yes,No
C2453,26,Female,26000,3,11.1,5,2,Yes,No,No,Yes
C2454,25,Female,68000,2,5.6,5,2,No,No,No,No
C2455,35,Female,47000,4,3.7,5,2,No,No,No,No
C2456,69,Male,61000,2,9.1,4,4,Yes,No,No,No
C2457,66,Female,24000,6,23.2,1,2,No,No,No,No
C2458,30,Female,126000,5,10.8,3,0,No,No,No,No
C2459,61,Male,61000,10,6.9,7,4,No,No,No,No
C2460,69,Male,18000,4,0.5,2,0,Yes,No,Yes,No
C2461,64,Female,36000,4,1.8,4,2,No,No,Yes,No
C2462,58,Female,39000,4,0.5,1,1,No,No,Yes,No
C2463,66,Female,97000,4,9.0,8,2,No,No,No,No
C2464,50,Female,102000,4,17.7,6,3,Yes,Yes,No,No
C2465,50,Male,26000,4,11.6,7,1,No,No,No,No
C2466,62,Female,50000,6,14.1,7,3,Yes,No,Yes,No
C2467,39,Male,41000,2,2.2,4,3,Yes,No,No,Yes
C2468,58,Female,44000,5,6.5,3,3,Yes,No,No,No
C2469,65,Male,74000,3,3.9,6,1,Yes,Yes,No,Yes
C2470,36,Female,41000,5,9.0,1,3,No,No,No,Yes
C2471,41,Male,71000,6,2.8,4,1,Yes,No,No,Yes
C2472,23,Male,43000,6,2.5,3,0,No,No,Yes,No
C2473,32,Male,32000,3,1.7,6,2,Yes,No,No,No
C2474,25,Female,28000,6,0.5,3,3,No,No,Yes,No
C2475,26,Female,36000,4,7.3,3,3,No,No,No,No
C2476,60,Male,25000,7,18.3,2,3,Yes,Yes,No,No
C2477,22,Male,34000,5,2.2,6,3,No,No,No,No
C2478,49,Male,30000,9,2.4,2,0,No,No,No,No
C2479,50,Male,28000,3,15.5,3,3,Yes,No,No,No
C2480,65,Male,39000,4,15.6,5,3,No,No,No,No
C2481,30,Female,76000,2,13.0,3,2,No,No,No,No
C2482,66,Female,127000,10,0.5,3,4,Yes,No,No,Yes
C2483,56,Female,69000,5,13.9,6,2,Yes,No,No,No
C2484,53,Female,53000,8,7.5,5,0,No,No,No,No
C2485,61,Male,22000,5,3.2,6,4,Yes,No,No,No
C2486,40,Male,30000,8,2.7,7,1,Yes,No,Yes,Yes
C2487,64,Male,65000,3,4.5,2,1,No,No,No,No
C2488,20,Male,68000,4,8.6,2,1,Yes,No,No,No
C2489,35,Male,66000,8,5.8,8,3,No,Yes,No,No
C2490,27,Female,27000,5,3.8,4,1,No,Yes,Yes,Yes
C2491,20,Female,58000,4,6.3,6,2,No,Yes,No,No
C2492,64,Male,28000,8,0.5,4,1,No,No,Yes,No
C2493,49,Female,49000,4,9.2,2,3,Yes,No,No,No
C2494,40,Male,86000,6,14.4,1,5,No,Yes,No,Yes
C2495,67,Male,31000,3,1.5,8,6,No,No,No,No
C2496,20,Female,112000,5,1.1,5,6,No,Yes,No,No
C2497,25,Male,72000,7,6.3,4,2,No,No,No,Yes
C2498,59,Male,82000,3,13.8,5,0,No,No,No,No
C2499,46,Male,108000,5,4.3,2,2,No,No,No,No
C2500,62,Female,53000,3,0.5,3,2,No,No,No,No
C2501,65,Female,40000,7,17.5,3,1,No,No,No,No
C2502,27,Female,49000,4,8.1,3,1,No,No,No,No
C2503,40,Male,73000,6,2.8,3,1,No,No,No,No
C2504,47,Female,61000,7,3.8,5,1,Yes,Yes,No,No
C2505,58,Female,68000,3,9.4,5,1,No,Yes,No,No
C2506,28,Female,47000,2,3.1,5,2,Yes,No,No,No
C2507,29,Male,175000,7,9.3,4,1,Yes,No,Yes,No
C2508,31,Female,52000,4,8.9,4,0,No,No,No,No
C2509,18,Male,80000,4,21.5,4,1,No,No,Yes,No
C2510,26,Female,81000,6,7.3,5,0,No,No,No,No
C2511,21,Male,63000,7,6.5,3,1,Yes,No,No,No
C2512,52,Female,21000,5,5.5,5,2,Yes,No,No,No
C2513,27,Female,45000,3,13.8,2,3,No,No,Yes,No
C2514,65,Female,52000,2,0.5,3,4,Yes,No,No,No
C2515,63,Male,24000,1,1.5,3,3,Yes,No,No,No
C2516,51,Female,148000,5,7.1,4,1,Yes,No,No,No
C2517,53,Female,35000,3,3.1,3,4,No,No,Yes,No
C2518,50,Male,57000,4,0.8,1,3,Yes,No,No,No
C2519,63,Male,47000,4,4.0,7,1,No,No,No,No
C2520,36,Female,36000,1,9.6,3,4,Yes,No,Yes,No
C2521,27,Female,25000,6,23.3,4,5,Yes,No,No,No
C2522,21,Male,34000,3,31.6,5,3,Yes,No,No,Yes
C2523,54,Male,53000,2,1.3,3,1,No,No,No,No
C2524,59,Male,40000,6,1.1,2,2,No,No,Yes,Yes
C2525,37,Male,24000,4,7.4,1,3,No,No,No,No
C2526,25,Female,54000,3,3.2,3,1,No,No,No,No
C2527,28,Male,48000,4,6.2,3,1,Yes,No,No,No
C2528,21,Male,132000,2,9.7,5,1,Yes,Yes,Yes,No
C2529,29,Male,33000,2,0.5,4,4,Yes,No,No,Yes
C2530,19,Female,30000,6,10.2,3,4,No,No,No,No
C2531,46,Male,34000,2,11.9,2,4,Yes,No,No,Yes
C2532,28,Female,23000,7,4.0,5,1,Yes,No,Yes,No
C2533,41,Female,81000,6,0.9,3,0,Yes,No,Yes,No
C2534,27,Female,30000,3,1.8,3,2,Yes,No,Yes,No
C2535,41,Male,55000,8,0.5,3,2,No,No,No,No
C2536,32,Female,34000,6,4.6,2,4,No,No,No,No
C2537,27,Male,155000,7,9.1,6,0,No,No,No,No
C2538,50,Female,47000,8,25.2,4,2,No,Yes,No,Yes
C2539,53,Female,70000,7,0.8,5,1,No,No,No,No
C2540,37,Female,48000,4,11.1,10,3,No,Yes,Yes,No
C2541,21,Male,60000,2,12.9,5,0,No,No,No,No
C2542,68,Male,29000,4,11.8,5,3,No,Yes,Yes,No
C2543,55,Male,49000,4,26.1,2,0,No,No,No,No
C2544,40,Female,88000,6,0.9,4,3,No,Yes,No,No
C2545,52,Male,72000,8,9.2,4,4,Yes,No,No,No
C2546,61,Female,89000,4,6.1,4,2,No,No,No,No
C2547,26,Male,32000,4,3.2,6,4,No,No,No,No
C2548,22,Male,47000,3,8.3,5,2,No,No,No,No
C2549,22,Female,86000,6,6.3,2,5,No,No,No,No
C2550,18,Female,44000,9,4.5,5,2,Yes,No,No,No
C2551,57,Male,29000,2,10.5,5,0,No,No,Yes,No
C2552,33,Male,54000,1,4.7,7,2,Yes,No,No,Yes
C2553,62,Male,61000,5,5.6,4,3,Yes,No,No,Yes
C2554,56,Female,48000,3,23.8,5,2,Yes,No,Yes,No
C2555,51,Female,31000,8,4.3,2,5,Yes,No,Yes,No
C2556,50,Female,60000,5,9.1,6,1,No,No,No,No
C2557,30,Female,87000,2,1.1,4,3,No,Yes,No,Yes
C2558,23,Female,66000,5,4.4,4,1,No,No,Yes,No
C2559,24,Female,25000,9,7.7,5,2,No,Yes,Yes,No
C2560,49,Male,46000,10,19.5,4,1,Yes,No,No,Yes
C2561,63,Male,59000,7,2.6,4,3,No,No,No,No
C2562,52,Female,31000,3,26.3,7,1,Yes,No,No,Yes
C2563,68,Male,73000,4,6.0,2,1,No,No,Yes,No
C2564,23,Female,75000,4,5.4,1,1,Yes,No,No,No
C2565,39,Female,35000,3,1.4,8,0,No,No,No,No
C2566,64,Male,45000,2,24.2,4,3,No,No,Yes,No
C2567,33,Male,55000,4,8.3,3,2,Yes,Yes,No,No
C2568,57,Male,35000,2,7.2,5,2,Yes,No,No,No
C2569,58,Female,64000,6,0.5,4,1,No,No,No,No
C2570,35,Male,60000,5,0.5,2,0,No,No,Yes,No
C2571,28,Female,28000,5,1.2,5,2,Yes,No,Yes,No
C2572,49,Male,28000,3,13.8,6,0,Yes,Yes,No,No
C2573,56,Female,59000,5,4.0,4,3,No,No,No,No
C2574,53,Female,41000,5,0.5,4,1,No,No,Yes,No
C2575,20,Female,59000,10,10.0,5,1,No,Yes,Yes,No
C2576,47,Female,28000,11,13.6,3,5,No,No,No,No
C2577,28,Female,41000,5,20.0,1,4,No,No,No,No
C2578,20,Male,38000,7,4.1,4,0,Yes,No,No,No
C2579,57,Male,69000,3,22.0,4,5,No,No,Yes,No
C2580,59,Male,71000,4,4.0,3,3,Yes,No,No,No
C2581,38,Female,34000,3,10.9,3,2,No,No,No,Yes
C2582,31,Male,98000,3,6.1,10,1,No,No,No,No
C2583,52,Male,64000,5,6.2,4,1,No,No,No,No
C2584,24,Female,92000,6,6.2,4,2,No,Yes,No,No
C2585,43,Male,77000,5,22.3,5,3,Yes,No,No,No
C2586,59,Female,36000,3,15.1,3,2,No,No,No,No
C2587,46,Female,36000,4,1.6,6,1,Yes,Yes,No,No
C2588,61,Male,29000,3,11.2,2,2,Yes,No,No,No
C2589,22,Male,54000,6,6.1,1,2,Yes,No,No,No
C2590,55,Male,30000,7,4.1,1,1,No,No,No,No
C2591,47,Female,50000,5,3.9,6,2,Yes,No,No,No
C2592,57,Female,56000,4,1.2,4,4,Yes,No,No,No
C2593,47,Male,36000,8,5.2,2,1,No,No,No,No
C2594,18,Female,30000,6,8.7,4,4,Yes,No,Yes,No
C2595,35,Male,72000,5,3.3,3,3,No,No,No,No
C2596,22,Female,97000,7,6.9,1,2,No,No,No,No
C2597,47,Male,62000,3,15.6,3,3,No,No,No,No
C2598,29,Male,64000,3,2.8,4,2,Yes,No,No,Yes
C2599,32,Male,50000,6,1.5,7,1,No,Yes,Yes,No
C2600,24,Male,24000,7,7.8,3,0,Yes,No,No,No
C2601,41,Male,48000,5,0.5,5,2,No,No,Yes,No
C2602,66,Female,37000,6,5.0,5,0,Yes,No,No,No
C2603,21,Male,76000,1,8.2,3,1,No,No,No,Yes
C2604,39,Female,33000,5,1.1,3,3,No,No,Yes,No
C2605,44,Female,21000,9,1.2,4,1,No,No,Yes,No
C2606,68,Female,45000,6,15.2,5,0,No,No,No,No
C2607,52,Male,67000,4,3.2,2,4,No,No,No,No
C2608,58,Male,206000,6,11.3,3,1,Yes,No,No,No
C2609,40,Female,50000,4,4.3,4,1,No,No,No,No
C2610,69,Male,34000,3,4.0,3,1,Yes,No,No,Yes
C2611,37,Female,53000,4,10.7,5,2,No,No,No,No
C2612,60,Female,38000,2,22.5,2,1,Yes,No,No,No
C2613,64,Male,40000,5,33.8,1,3,Yes,No,No,No
C2614,62,Male,62000,6,1.2,2,2,No,No,No,No
C2615,61,Male,46000,3,7.8,2,2,Yes,No,No,No
C2616,34,Female,47000,3,3.3,3,1,Yes,No,No,No
C2617,54,Male,18000,3,7.2,5,2,No,Yes,No,No
C2618,56,Male,63000,2,2.2,3,1,No,No,No,No
C2619,67,Male,38000,8,7.6,6,2,No,No,Yes,No
C2620,39,Female,43000,5,1.1,5,2,No,Yes,No,No
C2621,25,Male,43000,8,2.1,5,0,No,No,Yes,No
C2622,28,Male,96000,7,11.3,3,0,No,No,No,No
C2623,26,Male,20000,1,7.6,3,0,No,No,No,No
C2624,21,Female,62000,7,2.1,6,3,No,No,No,No
C2625,59,Female,94000,5,21.0,2,2,No,No,No,No
C2626,63,Female,49000,5,3.3,7,4,Yes,No,No,No
C2627,39,Female,38000,4,1.6,4,2,Yes,No,No,No
C2628,66,Female,54000,9,1.6,4,3,Yes,No,No,No
C2629,18,Female,51000,5,4.4,2,3,No,Yes,Yes,No
C2630,35,Male,34000,3,5.3,3,3,Yes,No,Yes,Yes
C2631,41,Male,35000,9,3.2,3,1,Yes,No,Yes,No
C2632,55,Male,60000,2,2.3,4,1,No,Yes,No,No
C2633,38,Female,52000,2,21.8,3,5,No,No,No,No
C2634,63,Female,32000,6,5.3,1,3,No,No,No,No
C2635,65,Female,91000,9,10.1,6,0,No,No,Yes,No
C2636,67,Female,89000,5,2.7,3,1,No,No,No,No
C2637,22,Male,29000,9,1.0,4,2,No,No,No,No
C2638,63,Male,133000,8,6.1,7,1,No,No,No,No
C2639,41,Male,97000,5,13.2,2,3,No,No,Yes,No
C2640,45,Male,37000,8,14.8,4,1,Yes,No,No,No
C2641,18,Female,51000,3,4.4,8,3,Yes,No,No,Yes
C2642,24,Male,72000,6,3.1,6,1,Yes,No,No,Yes
C2643,44,Male,53000,3,5.3,5,4,No,No,No,Yes
C2644,21,Male,41000,4,0.5,3,3,No,No,Yes,No
C2645,36,Male,52000,4,3.2,2,1,No,No,No,No
C2646,37,Female,40000,5,0.5,4,4,Yes,No,Yes,No
C2647,38,Female,15000,3,0.5,4,2,Yes,No,No,No
C2648,23,Male,91000,2,3.8,6,4,No,No,No,No
C2649,60,Female,73000,5,18.3,4,1,No,No,No,Yes
C2650,68,Male,34000,4,4.5,7,1,No,No,No,No
C2651,40,Male,43000,9,10.5,7,4,Yes,No,No,No
C2652,56,Female,23000,6,10.6,2,0,No,No,No,No
C2653,43,Male,93000,2,7.8,6,2,Yes,No,No,No
C2654,37,Male,33000,2,5.5,6,3,No,No,No,Yes
C2655,41,Male,51000,3,3.1,5,1,Yes,No,No,Yes
C2656,52,Male,38000,5,0.9,2,3,No,No,Yes,No
C2657,46,Male,45000,6,2.4,2,2,No,No,Yes,No
C2658,21,Male,19000,2,12.4,3,1,Yes,No,No,No
C2659,18,Male,45000,3,4.2,5,4,Yes,No,No,No
C2660,52,Male,30000,4,22.0,4,5,No,No,No,No
C2661,26,Male,16000,5,5.2,4,1,No,No,No,No
C2662,46,Male,26000,7,7.0,2,2,Yes,Yes,No,No
C2663,24,Male,90000,9,7.7,2,0,No,No,No,No
C2664,57,Male,58000,3,24.7,4,1,No,No,Yes,No
C2665,50,Female,29000,6,4.7,3,2,Yes,No,No,No
C2666,46,Female,46000,8,21.9,3,3,No,No,No,No
C2667,22,Female,24000,6,1.5,5,2,No,Yes,Yes,No
C2668,40,Male,38000,4,3.2,4,3,No,No,No,No
C2669,32,Female,29000,5,7.0,6,1,No,No,No,No
C2670,60,Male,54000,3,5.3,4,1,No,No,No,No
C2671,22,Female,58000,4,2.5,8,3,No,No,No,No
C2672,29,Male,29000,7,2.1,2,2,No,Yes,No,No
C2673,65,Female,28000,7,6.5,3,4,No,No,No,No
C2674,30,Male,30000,3,22.0,4,1,Yes,No,No,Yes
C2675,37,Male,50000,8,19.3,3,1,Yes,No,No,No
C2676,52,Male,67000,5,5.1,4,5,No,No,Yes,No
C2677,20,Male,112000,3,28.7,6,1,No,No,Yes,No
C2678,25,Male,22000,5,5.8,2,2,Yes,No,No,No
C2679,20,Female,72000,5,5.2,2,1,No,Yes,No,No
C2680,59,Male,50000,12,16.8,5,1,Yes,No,No,No
C2681,32,Female,36000,2,0.5,4,1,Yes,Yes,Yes,No
C2682,33,Female,56000,7,0.5,6,1,Yes,Yes,No,No
C2683,58,Female,51000,5,26.9,6,0,Yes,No,Yes,Yes
C2684,37,Female,104000,7,9.4,4,1,No,No,No,No
C2685,34,Female,76000,4,0.5,4,4,No,No,No,No
C2686,64,Female,156000,8,14.4,4,1,No,No,Yes,No
C2687,51,Male,39000,2,3.6,3,6,Yes,No,No,No
C2688,54,Female,58000,2,5.3,4,1,No,No,Yes,No
C2689,39,Female,20000,7,15.0,3,3,Yes,No,No,No
C2690,21,Female,58000,6,12.3,3,1,Yes,No,No,Yes
C2691,61,Male,58000,2,5.8,6,3,Yes,No,No,No
C2692,60,Female,46000,5,1.5,4,2,No,No,Yes,No
C2693,63,Male,97000,4,4.0,5,3,Yes,No,No,No
C2694,20,Male,27000,1,0.8,3,1,Yes,No,No,No
C2695,56,Female,41000,5,1.4,3,2,Yes,Yes,Yes,No
C2696,63,Female,57000,5,6.7,8,1,Yes,No,No,No
C2697,53,Male,85000,4,4.3,3,3,Yes,No,No,No
C2698,30,Male,43000,5,0.5,4,2,No,No,Yes,No
C2699,19,Male,52000,3,17.9,4,1,No,No,No,No
C2700,54,Female,18000,5,16.5,4,3,No,No,No,No
C2701,49,Male,55000,4,17.3,4,0,No,No,No,No
C2702,52,Male,20000,6,0.5,4,4,No,No,No,No
C2703,29,Male,53000,2,0.5,1,1,No,No,Yes,No
C2704,47,Female,48000,3,2.5,5,0,Yes,Yes,No,Yes
C2705,25,Female,32000,3,2.9,2,3,Yes,No,No,No
C2706,39,Male,38000,3,10.8,4,1,No,No,No,No
C2707,44,Male,61000,6,10.8,5,3,Yes,No,No,No
C2708,53,Female,50000,5,6.2,5,3,No,No,No,No
C2709,33,Female,27000,8,21.6,7,1,Yes,Yes,No,No
C2710,69,Male,50000,7,1.1,3,3,No,No,No,No
C2711,34,Female,92000,1,0.6,6,4,Yes,No,No,No
C2712,25,Male,25000,8,17.0,4,1,No,No,No,No
C2713,64,Male,38000,7,14.4,3,1,No,No,No,No
C2714,68,Female,71000,3,2.9,8,3,Yes,No,No,No
C2715,53,Female,31000,7,4.7,7,4,No,No,Yes,No
C2716,66,Female,77000,3,1.7,4,2,No,No,No,No
C2717,38,Male,21000,6,0.9,5,2,Yes,No,No,Yes
C2718,25,Female,92000,3,14.2,5,2,No,No,No,No
C2719,69,Male,29000,6,3.5,4,5,Yes,No,No,Yes
C2720,42,Female,37000,6,10.3,8,1,Yes,No,Yes,No
C2721,52,Female,82000,6,2.9,1,3,Yes,No,No,No
C2722,43,Male,56000,3,4.5,5,2,Yes,Yes,Yes,No
C2723,31,Female,69000,4,26.4,4,3,Yes,No,No,No
C2724,60,Female,73000,4,8.4,3,1,Yes,No,No,No
C2725,20,Female,54000,2,3.5,4,3,No,Yes,No,No
C2726,64,Female,83000,6,0.6,5,0,No,No,No,No
C2727,66,Female,37000,5,1.3,7,3,Yes,No,Yes,No
C2728,37,Male,16000,3,1.5,1,1,No,No,No,No
C2729,38,Female,60000,1,15.2,5,2,No,No,No,No
C2730,65,Male,43000,4,8.0,4,5,No,No,No,No
C2731,30,Female,53000,8,5.0,2,5,Yes,Yes,No,No
C2732,22,Female,59000,6,5.9,2,2,No,No,No,No
C2733,24,Male,40000,4,13.0,5,1,Yes,No,No,No
C2734,47,Male,39000,6,7.2,5,1,Yes,No,No,No
C2735,29,Female,32000,5,14.2,2,2,No,No,No,No
C2736,68,Female,30000,4,7.4,2,2,No,No,Yes,No
C2737,18,Female,64000,6,2.9,1,2,No,No,No,No
C2738,52,Male,73000,9,0.5,6,1,No,No,Yes,No
C2739,34,Female,68000,3,0.5,2,4,No,No,No,No
C2740,61,Male,50000,4,14.4,2,2,No,No,No,No
C2741,69,Female,66000,5,6.4,3,0,No,No,No,No
C2742,60,Male,57000,7,3.0,5,3,No,No,Yes,No
C2743,33,Female,46000,5,3.1,1,1,No,No,No,No
C2744,39,Female,35000,3,1.0,2,2,No,No,Yes,No
C2745,62,Male,56000,7,0.5,6,4,Yes,No,No,No
C2746,53,Female,95000,8,1.2,4,1,No,No,Yes,No
C2747,51,Male,51000,9,24.0,6,2,Yes,No,No,No
C2748,51,Female,85000,4,13.5,1,4,Yes,No,No,Yes
C2749,42,Female,88000,3,32.1,2,6,No,No,Yes,No
C2750,40,Male,31000,1,2.6,2,6,No,No,No,No
C2751,34,Male,114000,4,17.6,7,1,No,No,Yes,Yes
C2752,66,Male,25000,5,0.8,3,3,No,No,No,No
C2753,63,Male,53000,7,0.5,3,1,No,No,No,Yes
C2754,38,Female,44000,4,17.9,3,0,Yes,No,No,No
C2755,67,Female,18000,5,8.2,5,2,No,No,No,No
C2756,63,Female,54000,6,3.4,5,0,Yes,No,No,No
C2757,46,Female,51000,5,10.3,6,4,Yes,No,No,Yes
C2758,34,Female,34000,3,10.5,1,2,Yes,No,No,No
C2759,59,Male,49000,5,7.6,8,4,No,No,No,No
C2760,21,Male,34000,4,3.1,3,3,Yes,No,No,No
C2761,61,Female,103000,6,17.1,7,2,Yes,No,No,No
C2762,63,Male,35000,5,11.3,2,2,Yes,No,No,No
C2763,31,Female,158000,7,3.8,3,1,No,No,No,No
C2764,27,Male,59000,4,7.5,5,2,No,No,No,No
C2765,23,Male,15000,8,1.2,2,3,No,No,Yes,No
C2766,20,Male,50000,6,2.4,5,0,Yes,No,No,Yes
C2767,35,Female,35000,3,5.3,2,3,Yes,No,Yes,No
C2768,60,Female,35000,4,6.1,6,1,No,No,No,No
C2769,67,Female,47000,4,2.4,1,1,Yes,No,Yes,No
C2770,25,Male,91000,5,7.5,2,2,No,No,No,No
C2771,36,Female,48000,7,5.7,1,4,Yes,No,No,No
C2772,33,Female,28000,5,0.6,7,3,No,No,Yes,No
C2773,43,Female,32000,4,6.4,3,1,Yes,No,Yes,No
C2774,25,Male,47000,4,2.1,2,0,Yes,Yes,No,Yes
C2775,59,Female,29000,6,9.1,2,2,No,No,No,No
C2776,33,Female,29000,5,1.4,5,1,No,No,No,No
C2777,44,Female,58000,5,6.8,3,2,Yes,No,No,No
C2778,37,Male,83000,1,1.4,6,2,Yes,No,No,No
C2779,31,Male,54000,5,0.5,5,1,Yes,No,No,Yes
C2780,61,Female,89000,3,27.7,4,2,Yes,No,No,No
C2781,54,Male,58000,5,7.2,4,2,No,No,No,No
C2782,49,Female,38000,4,5.9,3,4,No,No,No,No
C2783,66,Male,32000,6,9.9,5,2,Yes,No,No,No
C2784,32,Female,31000,1,4.5,7,3,Yes,No,No,Yes
C2785,27,Female,64000,1,7.3,5,1,Yes,No,No,No
C2786,48,Male,16000,4,1.6,2,1,No,No,No,Yes
C2787,25,Female,43000,2,2.4,4,2,Yes,No,No,No
C2788,59,Male,15000,6,22.8,5,0,No,No,No,No
C2789,54,Male,44000,2,15.0,6,4,No,No,No,No
C2790,47,Male,41000,1,11.1,2,2,No,No,No,No
C2791,35,Male,32000,6,5.4,3,0,Yes,No,No,No
C2792,55,Male,62000,3,2.2,6,2,No,No,Yes,No
C2793,46,Male,43000,8,1.7,5,3,Yes,Yes,No,No
C2794,18,Female,33000,5,6.6,5,0,No,Yes,No,No
C2795,63,Male,85000,5,5.0,6,4,Yes,No,No,No
C2796,67,Male,26000,7,5.9,1,5,No,No,No,No
C2797,48,Male,58000,3,13.7,5,2,No,No,No,No
C2798,32,Female,70000,6,15.8,2,0,No,No,Yes,Yes
C2799,37,Female,48000,7,3.1,4,3,Yes,No,No,No
C2800,50,Female,27000,2,4.7,5,4,No,No,No,No
C2801,62,Male,55000,7,3.6,7,0,No,Yes,No,No
C2802,25,Female,20000,5,4.2,2,2,Yes,No,No,No
C2803,53,Male,28000,3,2.5,4,0,No,No,No,No
C2804,20,Male,24000,4,3.0,1,3,No,No,No,No
C2805,38,Male,25000,4,7.9,7,3,No,No,No,No
C2806,61,Female,28000,2,1.4,3,1,Yes,No,No,Yes
C2807,50,Female,35000,4,13.9,5,2,No,No,No,No
C2808,43,Female,67000,2,0.5,1,4,Yes,Yes,No,No
C2809,37,Male,92000,5,10.4,3,3,Yes,No,No,No
C2810,25,Male,96000,5,11.4,2,4,No,No,No,No
C2811,60,Female,51000,4,8.2,3,4,No,No,No,No
C2812,54,Male,53000,5,3.1,11,5,No,No,No,No
C2813,21,Female,25000,8,14.1,5,5,Yes,Yes,No,No
C2814,48,Male,39000,3,9.5,1,4,No,No,Yes,No
C2815,24,Male,107000,4,2.5,6,1,Yes,No,No,No
C2816,42,Male,59000,2,21.4,2,4,No,No,No,No
C2817,37,Female,117000,3,9.7,5,1,No,No,No,No
C2818,44,Male,46000,4,38.0,4,3,Yes,No,No,No
C2819,60,Female,25000,2,9.2,3,2,No,No,No,No
C2820,52,Female,62000,11,2.7,8,3,No,Yes,Yes,No
C2821,50,Female,19000,5,7.4,2,4,Yes,No,No,No
C2822,25,Male,75000,7,2.7,4,1,No,No,No,Yes
C2823,57,Male,51000,1,9.0,4,4,No,No,No,No
C2824,55,Female,25000,4,9.2,5,2,No,No,No,No
C2825,26,Male,43000,3,5.9,4,0,No,No,No,No
C2826,67,Female,56000,4,1.8,3,2,Yes,No,No,Yes
C2827,63,Male,99000,8,5.0,1,3,Yes,No,No,No
C2828,22,Male,76000,3,2.1,8,2,No,No,No,No
C2829,43,Female,33000,3,3.8,7,5,Yes,No,No,No
C2830,42,Male,25000,5,16.8,6,0,Yes,No,No,No
C2831,60,Female,32000,4,11.1,3,1,Yes,No,No,No
C2832,69,Female,39000,9,6.2,4,3,No,No,No,No
C2833,56,Female,31000,4,9.1,3,0,Yes,Yes,No,No
C2834,53,Male,23000,4,1.5,4,1,No,No,No,No
C2835,32,Male,110000,3,18.4,8,2,No,No,No,No
C2836,34,Male,73000,8,4.9,1,2,No,No,Yes,No
C2837,37,Female,36000,7,0.9,3,0,No,No,No,No
C2838,52,Female,22000,3,2.1,2,3,No,No,No,No
C2839,21,Female,137000,2,4.0,8,3,No,No,No,No
C2840,49,Female,30000,5,7.8,3,1,No,No,No,No
C2841,38,Female,46000,8,0.5,5,2,No,No,Yes,No
C2842,29,Male,42000,12,4.8,7,4,Yes,No,No,No
C2843,30,Male,34000,2,23.6,3,2,No,No,No,No
C2844,30,Female,29000,1,0.9,1,1,Yes,Yes,No,No
C2845,21,Male,29000,4,23.3,6,2,Yes,No,No,No
C2846,49,Female,91000,5,2.5,3,3,No,No,No,No
C2847,48,Male,62000,5,20.2,1,3,Yes,Yes,No,No
C2848,37,Female,34000,9,0.7,1,2,No,No,No,No
C2849,42,Female,39000,5,11.4,2,2,Yes,No,No,No
C2850,32,Male,81000,3,9.9,3,5,No,No,No,No
C2851,24,Male,26000,6,3.0,3,4,No,No,No,No
C2852,35,Male,27000,5,3.2,6,3,Yes,No,No,No
C2853,56,Female,23000,4,39.8,2,2,No,No,No,No
C2854,50,Female,41000,3,3.9,5,7,Yes,No,Yes,No
C2855,49,Female,146000,9,5.4,4,0,No,No,No,No
C2856,18,Female,88000,5,21.1,1,3,Yes,No,No,No
C2857,56,Female,24000,4,8.4,2,1,Yes,No,No,No
C2858,48,Male,42000,5,10.6,2,5,Yes,No,Yes,Yes
C2859,21,Male,30000,2,2.2,4,4,No,No,No,No
C2860,68,Male,80000,4,4.8,3,3,Yes,No,Yes,No
C2861,64,Female,70000,6,5.8,1,2,No,No,No,No
C2862,60,Female,41000,8,30.9,10,4,No,No,No,No
C2863,21,Female,35000,4,15.2,2,1,No,No,No,No
C2864,58,Female,49000,6,8.9,5,3,No,No,Yes,No
C2865,21,Male,50000,3,8.7,2,4,No,No,No,No
C2866,30,Male,73000,1,3.9,3,1,No,Yes,No,No
C2867,26,Female,64000,2,3.2,4,2,No,No,Yes,No
C2868,41,Male,43000,9,6.4,4,4,Yes,No,No,No
C2869,26,Male,36000,4,3.2,2,1,No,No,No,No
C2870,19,Female,96000,11,7.0,4,3,Yes,No,No,No
C2871,50,Male,77000,3,2.8,3,0,No,No,No,No
C2872,61,Female,29000,4,7.2,2,1,No,No,No,No
C2873,47,Male,81000,3,11.8,9,2,Yes,No,No,No
C2874,43,Female,38000,5,4.2,4,3,No,No,No,No
C2875,41,Female,44000,10,3.2,9,4,No,Yes,No,No
C2876,20,Female,31000,7,0.7,2,2,No,No,Yes,No
C2877,46,Female,44000,7,0.5,1,0,Yes,No,No,No
C2878,49,Female,67000,9,11.0,4,4,No,Yes,No,No
C2879,54,Male,25000,6,4.2,2,3,Yes,No,No,No
C2880,28,Female,23000,2,10.9,8,1,Yes,No,Yes,No
C2881,39,Female,46000,8,5.8,1,6,No,No,Yes,No
C2882,54,Female,136000,5,2.5,5,3,No,No,No,No
C2883,68,Male,20000,4,0.5,2,2,Yes,Yes,No,No
C2884,41,Female,37000,5,16.0,6,3,Yes,No,No,No
C2885,59,Male,50000,3,3.9,3,1,No,No,No,No
C2886,55,Female,56000,2,2.0,3,2,Yes,No,No,No
C2887,63,Male,26000,9,4.9,8,4,No,No,Yes,No
C2888,40,Male,22000,4,5.7,3,2,Yes,No,No,No
C2889,36,Male,53000,6,27.0,5,1,Yes,No,No,No
C2890,21,Female,72000,5,11.4,4,2,No,No,Yes,No
C2891,46,Female,63000,5,3.7,2,1,No,No,No,No
C2892,47,Female,35000,5,11.3,3,4,No,Yes,No,Yes
C2893,69,Female,23000,4,4.3,4,2,No,No,No,No
C2894,47,Male,33000,3,14.6,2,1,Yes,Yes,Yes,No
C2895,42,Male,41000,4,5.0,7,3,Yes,Yes,No,No
C2896,44,Female,55000,4,6.7,6,0,Yes,No,No,No
C2897,46,Male,16000,5,5.2,6,0,No,No,No,No
C2898,64,Female,39000,5,8.2,1,4,No,No,Yes,No
C2899,46,Male,31000,5,1.8,4,3,Yes,No,No,Yes
C2900,54,Male,47000,1,1.9,3,1,Yes,No,No,No
C2901,55,Female,65000,5,14.7,1,2,No,No,No,No
C2902,42,Female,16000,5,1.0,2,3,No,No,No,No
C2903,30,Male,50000,2,3.7,3,2,Yes,No,No,No
C2904,55,Female,19000,1,6.5,5,1,Yes,No,No,No
C2905,24,Male,72000,3,2.9,3,2,Yes,No,No,No
C2906,38,Female,35000,5,7.4,2,1,Yes,No,No,No
C2907,65,Male,36000,2,16.6,3,1,No,No,No,No
C2908,30,Female,103000,4,10.0,4,5,No,Yes,No,No
C2909,63,Male,144000,9,4.4,4,0,Yes,No,No,Yes
C2910,66,Male,35000,4,14.9,2,1,No,No,Yes,No
C2911,62,Female,73000,4,2.9,2,4,No,No,No,No
C2912,39,Male,34000,8,11.3,3,1,No,No,No,No
C2913,62,Male,69000,7,22.8,7,1,No,Yes,No,No
C2914,69,Male,129000,4,7.6,4,1,Yes,No,No,Yes
C2915,65,Female,27000,7,11.5,6,3,Yes,No,No,No
C2916,40,Male,50000,7,6.1,4,2,No,No,No,No
C2917,61,Male,100000,8,1.3,2,2,No,Yes,No,No
C2918,33,Female,44000,6,10.0,3,1,No,No,No,No
C2919,54,Male,25000,5,3.4,5,1,No,Yes,No,No
C2920,53,Female,45000,2,14.2,7,0,No,No,No,No
C2921,66,Female,71000,12,0.5,5,3,No,No,No,No
C2922,62,Female,58000,4,0.6,7,2,Yes,No,No,No
C2923,40,Male,55000,4,60.0,7,4,Yes,No,Yes,No
C2924,37,Male,50000,4,12.5,3,1,Yes,No,No,No
C2925,53,Female,30000,10,5.8,6,1,Yes,No,No,No
C2926,56,Female,18000,2,4.3,2,0,Yes,No,No,No
C2927,61,Female,57000,10,2.4,4,1,No,No,No,No
C2928,46,Male,86000,9,2.1,3,1,No,No,No,No
C2929,62,Male,75000,5,2.4,5,0,Yes,No,No,No
C2930,37,Female,48000,4,0.6,3,1,No,Yes,No,No
C2931,19,Male,54000,6,16.5,3,1,No,Yes,No,No
C2932,43,Male,64000,8,0.5,4,4,No,No,No,No
C2933,53,Female,104000,4,15.4,2,2,No,No,No,No
C2934,63,Male,144000,7,1.0,4,2,No,No,No,No
C2935,49,Female,44000,2,0.5,6,3,No,No,No,No
C2936,57,Male,24000,5,1.1,2,2,Yes,No,No,No
C2937,47,Female,41000,5,9.7,2,2,Yes,No,No,No
C2938,46,Male,64000,4,16.9,7,0,Yes,No,No,No
C2939,38,Male,29000,9,1.9,7,2,No,No,Yes,No
C2940,58,Male,31000,6,3.0,5,1,No,No,No,No
C2941,52,Female,38000,5,16.6,2,1,No,No,No,No
C2942,36,Female,52000,5,35.5,5,2,No,No,No,Yes
C2943,34,Female,94000,6,0.5,4,4,Yes,No,No,No
C2944,47,Female,60000,7,3.6,3,0,No,No,No,No
C2945,42,Male,25000,5,8.5,4,2,No,No,Yes,No
C2946,23,Female,34000,5,4.6,6,0,Yes,No,No,No
C2947,67,Female,24000,6,22.9,2,2,No,Yes,No,No
C2948,36,Female,172000,4,7.9,8,3,No,No,No,Yes
C2949,41,Female,90000,4,1.9,5,2,Yes,No,No,Yes
C2950,35,Female,53000,5,17.4,4,1,No,No,No,No
C2951,23,Female,27000,7,8.6,8,3,No,No,No,No
C2952,50,Female,64000,2,4.9,4,2,Yes,No,No,No
C2953,48,Male,189000,1,16.3,1,3,Yes,No,No,No
C2954,27,Male,74000,6,4.6,7,0,No,No,No,No
C2955,33,Female,32000,7,4.2,4,5,Yes,No,Yes,Yes
C2956,27,Female,49000,6,6.2,4,0,Yes,No,No,No
C2957,21,Female,15000,5,8.9,5,3,No,No,Yes,No
C2958,33,Female,82000,4,10.5,4,1,Yes,No,No,Yes
C2959,33,Male,47000,6,2.5,5,3,Yes,No,No,Yes
C2960,54,Female,93000,6,8.2,5,1,No,Yes,No,No
C2961,46,Male,63000,3,10.6,4,0,No,Yes,No,Yes
C2962,21,Female,28000,8,5.6,4,2,No,No,No,No
C2963,22,Male,39000,5,13.8,3,0,Yes,No,No,No
C2964,46,Female,43000,9,3.9,2,1,Yes,No,No,No
C2965,28,Male,49000,7,7.5,6,0,Yes,Yes,No,No
C2966,65,Male,83000,5,4.8,2,4,No,No,Yes,No
C2967,56,Male,34000,7,3.7,5,2,No,No,No,No
C2968,48,Male,115000,7,8.9,5,2,No,Yes,No,No
C2969,39,Male,63000,7,57.7,5,0,No,No,No,No
C2970,50,Female,78000,4,1.0,4,3,No,No,Yes,No
C2971,64,Male,47000,10,14.6,2,1,Yes,No,No,No
C2972,56,Female,79000,6,3.5,4,4,No,No,No,No
C2973,18,Female,35000,5,9.3,3,0,Yes,No,No,No
C2974,36,Male,43000,6,6.2,4,0,No,No,Yes,No
C2975,60,Female,59000,4,14.3,3,5,No,No,No,No
C2976,66,Female,64000,4,23.3,7,2,Yes,Yes,Yes,Yes
C2977,66,Female,46000,7,17.6,4,4,Yes,No,No,No
C2978,33,Female,28000,6,9.9,5,1,Yes,No,No,No
C2979,67,Female,42000,5,5.1,1,2,No,No,No,No
C2980,18,Male,27000,7,0.5,3,3,Yes,No,No,No
C2981,66,Female,31000,9,10.9,3,3,No,No,No,No
C2982,49,Female,90000,7,8.8,4,0,No,No,Yes,Yes
C2983,58,Male,41000,6,1.1,5,1,No,No,Yes,No
C2984,21,Male,20000,9,3.4,4,0,No,Yes,No,No
C2985,36,Male,26000,7,2.0,4,1,No,No,Yes,No
C2986,23,Male,54000,5,6.4,4,4,Yes,No,Yes,Yes
C2987,68,Male,47000,3,9.1,1,1,Yes,No,Yes,Yes
C2988,46,Male,46000,6,8.7,5,2,No,No,No,No
C2989,18,Female,35000,3,0.5,3,1,Yes,Yes,No,No
C2990,31,Female,15000,7,8.9,3,1,No,No,Yes,No
C2991,32,Male,36000,2,26.3,6,3,No,No,No,No
C2992,64,Male,27000,3,16.9,1,1,No,No,No,Yes
C2993,35,Male,30000,2,23.7,2,3,No,No,Yes,No
C2994,35,Male,29000,2,11.2,3,6,No,No,No,No
C2995,62,Female,27000,4,2.3,2,3,No,No,No,No
C2996,37,Female,34000,6,7.0,4,3,No,No,No,Yes
C2997,57,Male,27000,7,14.3,4,1,Yes,No,No,No
C2998,36,Male,50000,4,12.7,4,3,Yes,No,Yes,No
C2999,63,Female,46000,9,0.5,8,1,No,No,No,No
C3000,69,Male,76000,5,2.9,2,2,No,No,No,No
C3001,19,Female,64000,6,21.2,2,2,No,No,No,No
C3002,38,Female,15000,8,38.6,4,1,Yes,No,No,No
C3003,60,Male,23000,5,20.6,2,4,No,No,No,No
C3004,63,Male,47000,6,1.3,6,3,No,No,No,No
C3005,43,Female,29000,8,5.7,7,5,No,No,No,No
C3006,54,Male,62000,6,6.9,6,1,Yes,No,No,No
C3007,54,Male,99000,2,12.6,9,2,No,No,No,Yes
C3008,51,Female,91000,7,1.8,4,2,Yes,No,No,No
C3009,56,Female,99000,3,0.5,2,2,No,No,Yes,No
C3010,42,Male,38000,2,14.2,2,0,Yes,No,Yes,No
C3011,22,Male,27000,3,1.0,3,1,Yes,No,No,No
C3012,33,Male,22000,7,10.6,1,1,Yes,No,No,No
C3013,31,Male,85000,3,0.6,3,2,Yes,No,No,No
C3014,52,Female,15000,5,5.2,2,1,No,No,No,No
C3015,61,Female,38000,7,4.0,5,3,No,No,No,No
C3016,57,Male,26000,4,18.8,3,1,Yes,No,No,Yes
C3017,29,Male,68000,8,4.2,4,1,Yes,No,No,No
C3018,34,Female,107000,6,3.1,3,1,Yes,No,No,No
C3019,55,Male,62000,8,5.9,3,2,No,No,No,No
C3020,31,Female,46000,7,32.3,1,2,Yes,Yes,No,No
C3021,27,Female,50000,8,14.5,4,2,Yes,No,No,No
C3022,44,Male,119000,2,6.2,4,2,Yes,No,No,Yes
C3023,68,Female,35000,5,6.7,5,1,Yes,No,No,Yes
C3024,28,Female,42000,3,4.6,5,2,Yes,Yes,No,No
C3025,41,Female,15000,6,1.6,5,3,No,No,No,No
C3026,25,Male,30000,4,16.3,5,0,No,Yes,No,No
C3027,40,Female,27000,5,1.5,5,1,Yes,No,No,No
C3028,53,Male,128000,4,11.1,4,2,Yes,No,No,No
C3029,28,Female,21000,4,10.6,2,1,Yes,No,No,No
C3030,44,Male,22000,3,4.4,5,3,No,No,No,No
C3031,23,Male,16000,5,17.7,1,1,No,No,No,No
C3032,57,Female,31000,4,11.6,3,1,No,No,Yes,No
C3033,18,Female,43000,6,5.5,4,1,Yes,No,Yes,No
C3034,44,Female,106000,4,7.2,5,2,No,No,Yes,No
C3035,22,Female,110000,4,12.1,1,4,No,No,No,No
C3036,65,Female,40000,7,1.2,4,2,No,No,No,No
C3037,52,Female,51000,8,6.2,9,0,Yes,No,No,No
C3038,40,Female,104000,7,1.3,1,2,No,Yes,Yes,No
C3039,38,Female,39000,2,4.1,5,2,No,No,Yes,No
C3040,57,Male,29000,8,4.8,7,3,Yes,Yes,No,No
C3041,54,Male,75000,1,8.4,8,4,Yes,No,Yes,No
C3042,27,Female,53000,9,2.0,3,2,Yes,No,Yes,No
C3043,56,Female,29000,7,0.9,3,1,No,Yes,No,No
C3044,29,Male,102000,2,33.3,5,3,No,No,No,No
C3045,50,Female,45000,7,6.6,2,1,No,No,Yes,No
C3046,50,Male,32000,4,0.7,3,2,No,No,No,No
C3047,21,Female,17000,4,5.0,5,2,Yes,No,No,No
C3048,65,Female,73000,2,2.6,2,1,No,No,No,No
C3049,30,Male,60000,4,4.1,4,3,No,No,Yes,No
C3050,55,Female,47000,7,21.8,5,3,Yes,No,No,No
C3051,33,Male,25000,5,1.4,4,1,No,No,Yes,No
C3052,63,Female,49000,3,2.5,5,1,Yes,No,No,No
C3053,59,Male,46000,5,2.8,2,0,Yes,No,Yes,Yes
C3054,27,Female,50000,3,13.3,1,2,No,No,Yes,No
C3055,57,Female,166000,4,5.7,4,0,No,No,No,No
C3056,59,Male,40000,5,24.3,1,2,No,No,No,No
C3057,24,Male,39000,7,5.6,8,2,Yes,Yes,No,Yes
C3058,58,Female,54000,2,5.3,3,2,No,No,No,No
C3059,51,Male,78000,5,8.4,8,1,Yes,No,No,No
C3060,43,Female,30000,3,1.0,3,2,No,No,No,No
C3061,68,Male,97000,5,0.5,5,3,Yes,No,No,No
C3062,31,Male,60000,2,0.5,2,3,Yes,No,Yes,No
C3063,35,Female,30000,6,7.2,3,2,No,No,No,No
C3064,47,Male,88000,6,1.0,5,2,No,No,No,No
C3065,64,Female,32000,7,15.1,3,2,No,No,Yes,No
C3066,45,Male,27000,6,6.8,6,2,No,No,No,No
C3067,56,Male,96000,4,23.8,7,3,No,Yes,Yes,No
C3068,25,Female,47000,3,1.7,5,0,Yes,No,Yes,No
C3069,52,Male,62000,7,0.9,5,1,No,Yes,No,No
C3070,32,Female,40000,7,0.9,6,1,No,No,No,No
C3071,19,Male,29000,4,1.1,1,1,Yes,Yes,No,No
C3072,47,Female,48000,3,10.8,4,1,Yes,No,No,No
C3073,46,Female,32000,11,3.1,5,4,No,No,No,No
C3074,58,Female,46000,4,13.5,1,3,No,No,No,No
C3075,38,Female,74000,6,13.7,6,1,No,Yes,No,No
C3076,19,Male,101000,3,6.6,5,1,No,No,No,No
C3077,46,Female,78000,6,1.5,2,1,No,No,No,No
C3078,38,Female,18000,4,9.6,5,1,No,Yes,No,No
C3079,24,Female,93000,4,7.4,6,0,No,No,No,No
C3080,40,Male,57000,3,1.1,5,1,No,No,Yes,No
C3081,65,Female,40000,5,8.1,5,2,Yes,No,Yes,No
C3082,54,Male,151000,6,10.8,8,0,No,No,No,No
C3083,69,Male,49000,4,14.6,2,3,No,No,No,No
C3084,67,Female,27000,7,1.1,3,2,No,Yes,Yes,No
C3085,57,Female,97000,2,5.8,1,3,Yes,No,Yes,No
C3086,56,Male,15000,5,4.9,6,1,No,No,No,No
C3087,27,Female,15000,6,23.0,2,0,Yes,Yes,No,Yes
C3088,39,Female,47000,1,0.5,6,6,No,No,No,No
C3089,62,Female,29000,2,14.8,6,3,Yes,No,No,No
C3090,61,Male,71000,2,0.6,5,3,No,No,Yes,No
C3091,61,Male,96000,5,18.3,4,2,Yes,No,No,No
C3092,19,Male,21000,1,21.0,4,3,Yes,No,No,No
C3093,37,Male,26000,5,4.3,6,1,No,No,No,No
C3094,68,Female,82000,5,2.4,4,2,No,No,Yes,No
C3095,47,Female,61000,2,0.7,5,1,No,No,No,No
C3096,47,Female,33000,4,26.3,7,1,Yes,Yes,No,No
C3097,57,Male,129000,8,14.7,3,0,No,Yes,No,No
C3098,18,Female,95000,3,11.6,6,2,No,No,No,No
C3099,67,Female,97000,9,7.3,7,1,No,No,No,No
C3100,52,Male,83000,3,1.6,6,3,No,No,No,No
C3101,36,Male,33000,5,1.3,3,1,Yes,No,No,No
C3102,65,Male,43000,2,12.3,5,1,No,Yes,No,No
C3103,36,Female,21000,6,3.5,5,4,Yes,No,No,No
C3104,47,Female,52000,5,2.8,5,3,No,No,Yes,No
C3105,21,Male,56000,9,0.9,5,2,Yes,No,No,No
C3106,26,Male,69000,6,10.5,5,3,No,No,No,No
C3107,22,Male,61000,4,6.3,3,3,No,No,No,No
C3108,58,Male,63000,3,12.2,4,1,Yes,No,No,No
C3109,19,Male,71000,3,8.4,5,3,No,No,Yes,No
C3110,48,Male,37000,7,0.6,1,0,No,No,No,No
C3111,48,Male,27000,4,7.5,5,2,No,No,No,No
C3112,46,Male,43000,5,0.5,2,2,Yes,No,No,No
C3113,18,Female,36000,4,10.8,7,2,Yes,Yes,Yes,No
C3114,43,Male,57000,4,4.9,5,3,No,No,No,No
C3115,24,Female,23000,4,2.4,4,3,No,Yes,Yes,No
C3116,48,Female,52000,6,0.9,5,1,Yes,No,Yes,No
C3117,62,Male,42000,3,30.3,6,0,Yes,No,No,No
C3118,31,Male,62000,3,20.8,5,2,Yes,No,No,No
C3119,58,Female,57000,4,4.3,6,3,No,No,No,No
C3120,41,Female,33000,7,2.2,1,4,Yes,No,No,No
C3121,20,Male,116000,8,3.9,3,2,Yes,Yes,No,No
C3122,37,Female,25000,7,6.3,4,1,No,No,No,No
C3123,29,Male,30000,3,4.4,3,3,Yes,No,No,No
C3124,36,Female,29000,6,5.8,4,1,Yes,Yes,No,No
C3125,23,Male,52000,10,6.1,3,2,No,No,Yes,No
C3126,51,Male,27000,8,6.6,6,1,No,No,No,Yes
C3127,40,Male,35000,2,2.1,4,1,Yes,Yes,No,Yes
C3128,41,Female,105000,3,11.1,4,2,Yes,No,Yes,No
C3129,54,Male,47000,7,2.6,3,1,No,No,No,No
C3130,57,Male,35000,8,20.8,5,5,No,No,No,No
C3131,42,Female,67000,3,17.1,5,1,No,No,No,No
C3132,67,Female,22000,8,1.3,3,2,Yes,No,Yes,Yes
C3133,30,Male,24000,3,6.9,6,2,No,No,No,No
C3134,50,Male,21000,8,7.0,5,4,No,No,Yes,No
C3135,18,Male,27000,6,0.5,1,3,No,No,No,No
C3136,50,Female,43000,1,3.4,2,5,No,No,No,No
C3137,23,Female,45000,2,3.1,5,0,No,No,No,No
C3138,21,Female,86000,4,12.8,2,0,No,No,No,No
C3139,26,Female,85000,3,2.8,5,1,No,No,No,No
C3140,54,Female,87000,7,8.1,1,5,No,No,No,No
C3141,36,Female,26000,6,10.5,5,1,Yes,No,No,No
C3142,66,Male,62000,2,22.8,1,1,No,No,No,No
C3143,49,Male,36000,3,22.5,3,0,No,No,No,No
C3144,34,Female,55000,7,0.5,1,2,No,No,No,No
C3145,23,Female,63000,2,1.5,7,3,No,No,No,No
C3146,48,Female,29000,3,0.5,6,3,Yes,Yes,Yes,No
C3147,22,Female,81000,7,16.2,3,0,Yes,No,Yes,No
C3148,47,Male,58000,8,13.6,5,3,Yes,No,No,Yes
C3149,50,Female,66000,6,0.9,3,3,Yes,No,No,No
C3150,67,Male,44000,5,18.5,1,1,No,No,Yes,No
C3151,22,Female,51000,5,19.1,7,1,No,No,No,No
C3152,66,Female,100000,2,16.4,3,0,No,No,Yes,No
C3153,42,Male,54000,2,25.1,3,1,Yes,No,No,No
C3154,43,Female,48000,4,3.8,3,3,No,Yes,No,No
C3155,28,Male,65000,5,6.2,3,2,No,No,No,No
C3156,21,Female,85000,5,3.8,2,1,No,Yes,Yes,No
C3157,46,Female,21000,4,16.3,2,1,No,No,No,No
C3158,32,Female,78000,5,0.5,2,0,No,No,No,No
C3159,51,Male,49000,7,8.2,2,6,No,Yes,No,No
C3160,33,Female,17000,6,0.5,2,1,No,No,No,No
C3161,23,Male,61000,4,19.1,6,6,No,No,No,Yes
C3162,27,Female,92000,3,5.0,6,0,Yes,Yes,No,No
C3163,57,Female,75000,8,23.5,2,3,Yes,No,No,No
C3164,25,Male,62000,4,5.0,1,2,No,No,No,No
C3165,62,Male,49000,3,2.9,1,0,Yes,No,Yes,No
C3166,63,Female,21000,3,2.5,4,2,Yes,No,No,No
C3167,69,Male,62000,7,0.9,5,2,Yes,Yes,No,Yes
C3168,45,Male,25000,2,0.5,6,2,No,No,Yes,No
C3169,60,Male,83000,12,7.7,6,3,Yes,No,No,No
C3170,63,Female,18000,9,3.3,1,5,No,No,Yes,Yes
C3171,55,Female,48000,6,9.0,4,2,No,No,No,Yes
C3172,26,Male,57000,4,15.4,4,0,No,No,No,No
C3173,59,Female,44000,4,2.9,5,4,No,No,No,No
C3174,52,Female,37000,6,3.1,3,0,No,No,No,No
C3175,23,Male,61000,1,15.4,7,1,Yes,No,Yes,No
C3176,46,Male,64000,2,9.8,3,0,Yes,No,No,No
C3177,68,Male,34000,6,5.0,4,1,No,No,No,Yes
C3178,28,Female,58000,6,0.7,5,1,No,No,No,No
C3179,23,Female,65000,7,1.3,3,1,No,No,No,No
C3180,45,Male,28000,5,8.9,4,3,Yes,No,No,No
C3181,59,Male,59000,3,4.1,1,2,Yes,No,No,No
C3182,44,Male,98000,6,0.8,7,0,Yes,No,No,Yes
C3183,25,Male,28000,6,22.6,2,4,Yes,No,No,Yes
C3184,65,Female,26000,7,1.6,4,1,Yes,No,No,No
C3185,28,Male,44000,5,1.9,1,1,Yes,No,No,No
C3186,63,Female,65000,3,9.7,4,2,Yes,No,No,Yes
C3187,41,Female,33000,4,2.7,7,2,No,No,No,No
C3188,18,Male,68000,5,13.3,1,3,No,No,No,No
C3189,26,Male,33000,6,7.8,10,4,Yes,No,No,Yes
C3190,55,Male,40000,7,17.0,2,1,No,No,Yes,No
C3191,29,Male,34000,3,21.1,4,2,No,Yes,No,No
C3192,28,Female,33000,5,5.2,3,2,No,No,No,No
C3193,38,Female,38000,1,14.3,2,1,Yes,No,No,No
C3194,43,Male,52000,8,5.4,3,4,No,No,No,No
C3195,44,Male,95000,6,5.8,5,4,Yes,No,No,No
C3196,18,Female,73000,3,25.2,2,1,No,No,No,No
C3197,69,Female,45000,4,4.3,2,0,No,No,No,Yes
C3198,52,Female,60000,9,23.1,2,2,No,No,No,No
C3199,20,Female,50000,4,0.5,1,1,No,Yes,No,Yes
C3200,58,Male,67000,6,0.7,8,4,Yes,No,No,No
C3201,45,Male,45000,7,3.7,7,0,No,No,No,No
C3202,45,Female,52000,7,37.1,1,6,No,No,No,No
C3203,60,Female,37000,3,14.2,6,2,No,No,No,No
C3204,29,Female,96000,9,0.6,3,1,Yes,Yes,No,Yes
C3205,51,Male,91000,4,15.6,2,3,Yes,No,Yes,No
C3206,41,Male,56000,10,3.1,2,2,Yes,No,No,Yes
C3207,24,Male,21000,9,10.2,5,0,Yes,No,Yes,Yes
C3208,21,Female,29000,8,25.4,8,2,No,Yes,Yes,No
C3209,20,Female,122000,3,0.5,2,3,No,No,No,No
C3210,60,Female,81000,3,11.0,5,1,Yes,No,No,No
C3211,28,Male,59000,5,1.4,4,3,No,No,No,No
C3212,59,Female,81000,6,1.1,3,1,No,Yes,No,No
C3213,28,Male,32000,8,2.5,7,2,No,No,No,No
C3214,46,Female,37000,6,4.2,1,4,No,No,No,No
C3215,22,Female,26000,2,0.6,5,2,No,No,No,No
C3216,22,Female,18000,9,13.5,1,2,No,No,No,No
C3217,34,Male,25000,3,9.2,3,3,No,No,No,No
C3218,43,Male,42000,8,0.6,3,3,Yes,Yes,No,Yes
C3219,66,Female,36000,8,0.6,5,2,No,No,No,No
C3220,28,Male,22000,4,13.6,1,0,Yes,No,No,No
C3221,35,Female,61000,8,9.0,9,0,No,Yes,Yes,No
C3222,22,Male,28000,5,2.8,4,0,Yes,Yes,Yes,Yes
C3223,21,Female,55000,4,1.1,6,2,No,No,No,Yes
C3224,31,Male,54000,7,14.6,7,1,Yes,No,No,No
C3225,26,Female,36000,3,3.2,5,4,No,No,No,No
C3226,32,Male,59000,5,4.2,3,4,No,No,No,No
C3227,27,Female,27000,3,7.4,3,0,No,No,No,No
C3228,57,Female,47000,7,14.3,10,0,No,Yes,Yes,No
C3229,51,Female,104000,4,10.7,2,4,No,Yes,No,No
C3230,62,Male,34000,9,18.5,9,2,Yes,No,No,Yes
C3231,45,Male,59000,4,1.6,8,0,No,Yes,Yes,No
C3232,27,Male,15000,4,0.9,5,4,No,No,Yes,No
C3233,39,Female,71000,7,5.2,1,1,No,No,No,Yes
C3234,21,Male,30000,4,0.5,2,1,No,Yes,No,No
C3235,69,Male,61000,5,3.4,1,0,No,No,Yes,No
C3236,18,Female,33000,3,2.4,4,0,No,Yes,Yes,Yes
C3237,63,Male,57000,1,0.5,6,0,Yes,No,No,No
C3238,55,Female,18000,2,2.9,5,2,Yes,No,No,No
C3239,19,Female,70000,5,5.5,4,2,No,No,No,No
C3240,24,Female,41000,7,2.9,5,0,No,No,Yes,Yes
C3241,57,Female,30000,7,1.7,5,1,No,No,No,No
C3242,55,Male,35000,7,7.9,2,2,No,No,No,No
C3243,61,Female,147000,7,6.8,4,2,No,No,No,No
C3244,26,Female,45000,4,0.6,6,1,No,No,No,No
C3245,18,Male,44000,6,3.5,4,1,Yes,No,Yes,Yes
C3246,51,Female,37000,4,12.1,5,1,Yes,No,No,No
C3247,67,Male,76000,6,8.0,2,3,Yes,No,No,No
C3248,35,Male,43000,4,3.5,5,5,No,No,No,No
C3249,32,Male,41000,7,35.6,7,3,Yes,Yes,Yes,No
C3250,63,Female,60000,2,13.3,5,2,No,No,No,No
C3251,57,Female,64000,6,9.0,3,1,Yes,No,No,No
C3252,24,Female,39000,5,21.2,10,3,Yes,No,Yes,No
C3253,47,Female,15000,8,2.4,3,1,Yes,No,No,No
C3254,30,Male,46000,7,2.6,2,3,No,No,No,No
C3255,37,Female,227000,5,1.1,6,2,Yes,No,Yes,Yes
C3256,65,Male,41000,5,5.4,2,1,Yes,Yes,No,Yes
C3257,29,Female,83000,3,1.7,10,1,No,No,No,No
C3258,25,Male,36000,3,5.2,2,1,No,No,No,No
C3259,64,Female,50000,2,2.7,9,3,No,No,No,No
C3260,48,Female,45000,4,5.3,2,6,No,No,No,No
C3261,32,Female,56000,5,1.2,5,2,Yes,No,No,Yes
C3262,33,Female,42000,12,2.5,6,2,Yes,No,No,No
C3263,56,Female,41000,5,2.7,4,2,No,No,No,No
C3264,56,Female,26000,4,2.0,5,0,No,No,No,No
C3265,40,Male,15000,5,1.6,3,2,Yes,No,No,No
C3266,29,Female,34000,7,8.9,7,0,Yes,No,No,No
C3267,48,Female,36000,7,4.5,4,0,Yes,No,No,No
C3268,32,Male,48000,6,3.3,7,0,Yes,No,Yes,No
C3269,59,Female,61000,8,13.0,4,1,No,No,No,No
C3270,23,Male,45000,3,0.5,3,4,No,No,No,No
C3271,66,Male,128000,6,7.3,8,3,No,No,Yes,No
C3272,67,Female,44000,5,8.9,2,2,Yes,No,Yes,No
C3273,61,Male,31000,6,3.7,3,1,No,No,Yes,Yes
C3274,63,Male,26000,5,16.0,4,1,Yes,Yes,No,No
C3275,45,Female,95000,7,1.6,5,4,Yes,Yes,No,No
C3276,35,Male,32000,4,2.2,2,0,No,No,No,No
C3277,20,Female,59000,2,8.2,2,4,No,No,No,Yes
C3278,24,Female,35000,5,2.3,3,0,No,No,No,No
C3279,60,Male,29000,6,32.2,2,3,No,No,No,No
C3280,62,Female,150000,5,8.5,4,3,No,Yes,No,Yes
C3281,18,Female,80000,7,0.6,6,1,Yes,No,Yes,Yes
C3282,53,Female,105000,3,0.5,2,1,No,No,No,No
C3283,29,Female,39000,8,7.3,1,3,Yes,No,No,Yes
C3284,55,Female,41000,5,1.1,5,0,No,No,Yes,No
C3285,28,Male,107000,3,4.6,3,2,Yes,No,No,No
C3286,33,Male,61000,1,5.9,3,4,No,No,Yes,No
C3287,21,Female,52000,5,1.0,3,0,Yes,No,Yes,No
C3288,65,Female,28000,8,11.9,3,3,Yes,No,No,Yes
C3289,25,Male,94000,3,9.1,7,2,Yes,No,Yes,No
C3290,59,Female,81000,5,7.1,3,0,No,No,No,No
C3291,42,Female,49000,5,1.2,11,3,Yes,No,Yes,No
C3292,48,Female,40000,8,2.4,5,1,Yes,No,Yes,No
C3293,18,Female,88000,4,6.1,6,3,No,No,Yes,No
C3294,25,Female,57000,7,3.4,6,4,No,No,No,No
C3295,68,Male,61000,4,10.9,5,2,No,No,No,No
C3296,42,Male,80000,3,2.8,5,3,No,No,No,No
C3297,43,Male,101000,4,3.0,3,2,No,No,No,No
C3298,24,Female,45000,2,3.3,4,3,No,Yes,No,No
C3299,56,Male,54000,7,8.7,5,3,No,No,No,Yes
C3300,52,Male,47000,4,14.2,5,1,No,No,No,Yes
C3301,65,Female,25000,7,0.5,1,3,No,No,No,No
C3302,66,Male,67000,3,7.3,5,2,No,No,No,No
C3303,62,Female,40000,7,7.2,1,5,Yes,No,No,No
C3304,28,Male,49000,1,1.2,2,3,Yes,No,No,No
C3305,46,Female,27000,5,3.2,1,2,No,No,No,No
C3306,43,Female,35000,6,3.5,2,2,No,No,No,No
C3307,20,Male,35000,7,13.7,4,2,Yes,No,No,No
C3308,43,Female,70000,4,27.0,6,5,Yes,No,No,Yes
C3309,39,Male,48000,9,0.5,4,1,Yes,No,No,No
C3310,53,Female,15000,4,0.5,5,3,No,Yes,No,No
C3311,65,Male,57000,2,0.6,6,3,No,No,No,No
C3312,39,Male,100000,8,2.8,2,1,Yes,No,Yes,No
C3313,37,Female,86000,7,2.5,2,2,No,No,Yes,Yes
C3314,60,Male,56000,3,6.6,1,1,No,Yes,No,Yes
C3315,43,Female,23000,2,2.3,5,2,No,No,No,Yes
C3316,19,Female,49000,4,3.0,1,1,No,No,No,No
C3317,41,Female,50000,2,2.8,6,1,Yes,No,No,No
C3318,69,Female,71000,8,3.6,9,3,No,Yes,No,No
C3319,50,Female,22000,4,7.9,6,1,No,No,No,No
C3320,36,Male,45000,4,5.6,4,0,No,No,No,No
C3321,45,Female,37000,3,4.0,4,0,Yes,No,No,No
C3322,65,Female,64000,2,5.7,5,1,Yes,Yes,Yes,No
C3323,62,Male,51000,3,7.8,3,2,Yes,No,No,Yes
C3324,56,Female,16000,2,9.5,2,3,Yes,No,No,No
C3325,21,Male,41000,8,20.3,5,2,No,No,No,No
C3326,25,Male,97000,4,13.2,8,2,No,No,No,No
C3327,50,Female,62000,10,13.8,1,2,No,No,No,Yes
C3328,45,Male,26000,5,2.5,5,1,No,Yes,No,Yes
C3329,30,Female,87000,3,0.5,9,2,No,No,No,No
C3330,45,Male,61000,6,2.2,5,2,No,No,No,Yes
C3331,28,Female,125000,4,2.9,6,1,Yes,No,No,No
C3332,36,Female,52000,3,3.4,3,2,No,No,No,Yes
C3333,54,Female,57000,2,15.4,1,0,No,Yes,Yes,No
C3334,35,Female,63000,2,9.3,4,2,No,No,No,No
C3335,61,Male,49000,4,1.5,2,0,No,No,No,No
C3336,62,Male,47000,3,1.9,1,0,No,Yes,No,No
C3337,68,Female,56000,4,5.0,2,2,No,Yes,No,Yes
C3338,65,Male,66000,4,23.8,4,2,No,No,No,Yes
C3339,45,Female,51000,5,3.7,7,1,No,No,No,No
C3340,53,Female,36000,1,23.4,3,0,Yes,No,No,No
C3341,46,Female,21000,8,0.5,5,1,No,No,No,No
C3342,30,Female,89000,8,5.4,2,0,No,No,No,Yes
C3343,50,Female,49000,4,16.3,4,5,Yes,No,No,No
C3344,45,Female,54000,6,12.9,2,2,No,No,No,No
C3345,69,Female,132000,5,19.6,2,1,Yes,No,No,No
C3346,23,Male,72000,6,3.7,7,1,No,No,No,No
C3347,20,Male,52000,1,1.8,3,5,Yes,No,No,Yes
C3348,21,Male,28000,5,3.8,2,2,No,No,Yes,No
C3349,52,Female,55000,7,11.0,4,4,No,No,Yes,No
C3350,61,Male,75000,7,13.1,8,2,No,No,No,No
C3351,57,Female,71000,9,1.6,4,3,No,No,No,No
C3352,56,Male,55000,2,8.8,3,2,No,No,No,No
C3353,61,Male,35000,4,5.9,3,3,Yes,No,Yes,No
C3354,28,Male,45000,3,24.3,3,4,No,No,Yes,No
C3355,51,Male,52000,6,7.6,3,4,No,No,No,Yes
C3356,45,Female,47000,4,8.8,3,0,No,No,No,No
C3357,46,Male,21000,2,0.9,3,4,No,No,No,No
C3358,34,Female,49000,10,6.2,1,4,Yes,No,Yes,No
C3359,45,Male,36000,3,12.9,3,5,No,No,Yes,No
C3360,57,Male,97000,4,4.3,4,0,Yes,No,No,No
C3361,68,Female,38000,10,35.9,1,0,No,No,Yes,No
C3362,26,Male,36000,8,6.8,7,3,No,No,Yes,Yes
C3363,58,Female,43000,3,37.1,4,1,Yes,No,No,Yes
C3364,47,Female,25000,3,20.1,1,1,No,No,Yes,No
C3365,61,Male,60000,4,1.2,3,1,No,No,No,No
C3366,45,Male,65000,5,54.0,5,2,No,No,No,No
C3367,36,Female,49000,7,25.3,5,2,No,No,No,No
C3368,38,Female,63000,3,3.3,5,0,Yes,No,No,Yes
C3369,69,Male,54000,4,12.8,4,2,No,Yes,Yes,No
C3370,67,Female,59000,7,7.7,3,3,No,No,No,No
C3371,42,Female,47000,5,7.8,2,0,No,No,No,No
C3372,50,Male,28000,3,13.0,7,1,Yes,No,No,No
C3373,64,Male,57000,3,1.0,4,1,No,No,No,No
C3374,43,Female,56000,3,9.1,3,2,Yes,No,No,No
C3375,60,Male,28000,5,6.2,5,1,Yes,Yes,Yes,No
C3376,36,Female,54000,3,7.5,6,1,Yes,Yes,No,Yes
C3377,30,Female,44000,1,11.4,4,1,No,No,No,No
C3378,18,Male,33000,6,17.7,6,0,Yes,No,No,Yes
C3379,62,Female,50000,3,12.5,4,2,Yes,No,Yes,No
C3380,21,Male,67000,7,11.1,4,1,No,No,No,No
C3381,35,Male,38000,5,12.6,4,1,No,No,No,No
C3382,62,Male,73000,2,9.1,1,3,No,No,No,Yes
C3383,30,Male,73000,4,28.6,8,3,No,No,Yes,No
C3384,47,Female,107000,5,2.4,7,3,Yes,No,No,Yes
C3385,68,Male,50000,4,5.1,5,0,Yes,No,No,No
C3386,55,Female,37000,3,3.1,3,1,Yes,No,No,Yes
C3387,66,Male,65000,8,21.0,2,1,Yes,No,No,Yes
C3388,55,Female,20000,5,17.4,4,1,No,No,No,No
C3389,59,Female,65000,8,7.0,8,2,Yes,No,No,Yes
C3390,58,Male,37000,6,26.2,6,3,No,No,No,No
C3391,28,Female,44000,6,0.5,2,0,Yes,No,No,No
C3392,52,Female,86000,5,3.5,3,3,Yes,No,Yes,Yes
C3393,65,Female,41000,7,15.8,3,1,No,No,No,No
C3394,46,Male,88000,4,28.8,3,1,Yes,No,No,No
C3395,51,Male,98000,5,4.8,3,3,No,No,No,No
C3396,34,Female,40000,4,11.7,7,2,Yes,No,No,Yes
C3397,67,Male,71000,6,3.2,2,1,Yes,No,No,No
C3398,56,Female,106000,6,14.3,5,2,Yes,Yes,No,Yes
C3399,50,Female,18000,3,8.7,2,2,Yes,No,No,Yes
C3400,35,Female,45000,4,0.5,3,2,No,No,No,No
C3401,67,Female,29000,1,1.6,6,0,Yes,No,Yes,Yes
C3402,28,Male,30000,4,4.4,8,3,Yes,No,No,No
C3403,46,Female,57000,3,0.5,1,2,Yes,No,No,No
C3404,26,Male,118000,5,1.4,2,2,Yes,No,No,No
C3405,27,Male,34000,1,11.8,3,1,No,No,No,No
C3406,66,Male,53000,3,0.5,2,3,Yes,No,No,No
C3407,49,Male,193000,8,11.6,5,4,No,No,No,No
C3408,64,Female,57000,8,12.9,6,1,No,No,No,No
C3409,24,Male,60000,8,2.6,3,1,No,No,No,No
C3410,22,Female,65000,3,25.5,3,0,Yes,No,No,No
C3411,21,Female,40000,6,4.1,2,0,No,No,No,No
C3412,46,Male,20000,1,25.3,7,0,No,No,No,No
C3413,68,Male,58000,6,10.5,4,0,Yes,No,No,No
C3414,41,Male,68000,5,22.7,5,2,No,No,No,No
C3415,52,Male,24000,1,11.3,2,1,No,No,Yes,No
C3416,37,Female,46000,2,3.7,2,0,No,No,No,No
C3417,27,Male,42000,4,13.3,3,2,Yes,No,No,Yes
C3418,45,Male,75000,7,6.4,1,1,No,No,No,No
C3419,46,Female,93000,4,12.5,2,1,No,No,No,No
C3420,23,Male,34000,5,27.4,4,1,Yes,No,No,Yes
C3421,66,Female,42000,5,15.1,3,1,No,No,Yes,No
C3422,38,Male,91000,10,16.8,2,3,No,Yes,No,No
C3423,39,Male,66000,1,0.5,3,2,No,No,No,No
C3424,42,Male,31000,4,10.5,3,5,No,No,No,No
C3425,28,Male,178000,6,3.8,7,2,Yes,No,No,No
C3426,58,Male,43000,6,4.4,3,6,No,No,Yes,No
C3427,36,Female,129000,6,5.2,1,2,No,Yes,No,Yes
C3428,22,Female,46000,9,58.7,3,2,No,No,No,Yes
C3429,53,Female,47000,2,6.5,4,9,No,No,No,No
C3430,29,Male,91000,6,13.3,5,1,Yes,Yes,No,No
C3431,50,Female,47000,6,12.8,2,0,No,No,No,No
C3432,65,Female,119000,7,28.7,8,4,No,No,No,Yes
C3433,23,Male,53000,3,13.7,7,4,Yes,No,Yes,No
C3434,50,Female,41000,1,1.2,9,1,No,No,Yes,No
C3435,38,Female,44000,4,9.5,4,3,No,Yes,No,No
C3436,35,Female,85000,5,0.5,5,1,No,No,Yes,No
C3437,29,Male,118000,3,8.6,1,0,Yes,Yes,No,No
C3438,68,Female,59000,4,19.1,5,1,No,No,No,No
C3439,60,Female,86000,6,1.8,4,0,No,No,No,No
C3440,19,Female,41000,4,27.7,5,4,Yes,Yes,No,No
C3441,39,Female,32000,4,1.9,5,4,Yes,No,No,Yes
C3442,35,Female,65000,2,6.3,3,4,No,No,No,No
C3443,60,Female,60000,4,26.9,3,3,Yes,No,No,No
C3444,28,Male,44000,4,9.4,9,3,No,No,No,No
C3445,39,Male,27000,3,10.2,2,1,No,No,No,No
C3446,18,Male,47000,6,3.0,4,1,Yes,No,No,No
C3447,22,Female,58000,8,2.1,4,3,Yes,No,No,No
C3448,52,Male,51000,4,11.2,3,3,Yes,No,No,Yes
C3449,43,Female,36000,3,15.1,5,2,No,No,No,No
C3450,29,Female,53000,6,1.9,2,2,No,No,Yes,Yes
C3451,54,Male,23000,6,0.5,2,3,Yes,No,No,No
C3452,55,Male,44000,3,7.8,4,0,No,Yes,No,Yes
C3453,49,Male,83000,4,7.4,3,4,No,Yes,Yes,No
C3454,35,Female,23000,5,16.8,4,0,Yes,No,No,No
C3455,46,Male,42000,4,5.2,6,2,No,No,No,No
C3456,43,Female,27000,3,15.3,1,2,Yes,Yes,No,No
C3457,18,Male,65000,9,1.3,5,2,No,No,No,No
C3458,35,Female,77000,5,11.8,4,2,Yes,No,No,Yes
C3459,61,Male,52000,1,14.4,2,1,Yes,No,Yes,Yes
C3460,27,Female,38000,4,0.5,6,1,Yes,No,Yes,No
C3461,66,Male,60000,6,13.0,6,1,No,No,Yes,No
C3462,36,Male,41000,4,11.7,3,2,No,No,Yes,No
C3463,21,Female,76000,4,3.4,5,1,No,No,Yes,No
C3464,28,Male,37000,12,5.4,3,2,No,No,No,No
C3465,47,Male,74000,6,6.2,6,0,No,No,No,No
C3466,38,Female,50000,5,34.3,6,1,Yes,No,No,Yes
C3467,25,Female,36000,3,4.1,8,0,Yes,No,Yes,No
C3468,24,Male,32000,7,2.2,3,3,No,No,No,Yes
C3469,38,Male,39000,2,1.8,1,0,No,No,Yes,No
C3470,56,Female,60000,3,17.9,2,4,No,Yes,No,No
C3471,32,Female,38000,8,3.4,5,2,No,No,No,No
C3472,27,Female,56000,4,15.1,5,1,No,No,No,No
C3473,32,Female,85000,6,0.6,5,1,No,No,Yes,No
C3474,67,Female,97000,5,0.6,5,1,No,No,No,No
C3475,51,Male,23000,8,5.0,2,2,Yes,No,No,No
C3476,30,Male,65000,3,4.3,3,3,Yes,No,Yes,No
C3477,26,Female,62000,6,1.5,6,2,No,No,No,No
C3478,63,Female,77000,1,6.6,3,4,No,No,No,No
C3479,26,Male,38000,2,5.7,3,2,Yes,No,Yes,Yes
C3480,53,Female,61000,6,1.0,5,0,No,No,Yes,No
C3481,37,Female,70000,2,12.6,1,0,Yes,No,No,No
C3482,67,Female,75000,3,12.1,4,2,No,No,No,No
C3483,27,Female,68000,1,3.1,9,1,No,No,No,No
C3484,40,Female,20000,7,0.6,7,3,Yes,No,No,Yes
C3485,69,Female,50000,3,3.4,2,2,No,No,No,No
C3486,25,Female,151000,5,7.2,6,3,No,No,No,No
C3487,41,Male,40000,5,1.5,2,1,No,No,No,No
C3488,38,Male,36000,4,6.1,3,2,Yes,No,No,Yes
C3489,47,Female,55000,8,1.5,2,1,Yes,Yes,No,No
C3490,69,Male,42000,6,10.4,7,1,Yes,Yes,No,No
C3491,23,Female,93000,1,20.3,6,0,No,No,Yes,No
C3492,41,Female,91000,4,20.7,6,3,No,No,No,No
C3493,22,Male,35000,3,24.0,7,2,No,No,No,No
C3494,28,Male,35000,9,19.5,7,2,No,No,No,No
C3495,35,Female,20000,7,23.2,2,2,No,No,No,No
C3496,59,Female,52000,7,19.0,2,2,No,No,No,No
C3497,20,Female,40000,1,1.7,1,3,No,No,Yes,No
C3498,35,Female,15000,4,10.1,7,3,Yes,No,No,Yes
C3499,20,Female,59000,3,7.3,4,2,Yes,No,Yes,No
C3500,48,Female,33000,3,5.1,5,0,Yes,No,No,No
C3501,26,Male,32000,4,10.9,3,3,No,No,Yes,No
C3502,21,Male,36000,7,2.4,7,3,No,Yes,No,No
C3503,22,Male,41000,4,13.5,6,0,Yes,No,No,Yes
C3504,27,Male,79000,1,2.2,6,2,No,No,No,No
C3505,68,Male,32000,9,4.1,2,1,Yes,No,No,No
C3506,30,Male,55000,5,5.5,3,1,Yes,No,Yes,Yes
C3507,54,Female,30000,6,0.8,5,4,No,No,No,No
C3508,69,Female,42000,6,13.1,1,1,No,No,No,Yes
C3509,44,Female,61000,2,17.3,3,3,Yes,No,No,Yes
C3510,59,Male,45000,6,4.4,8,4,Yes,No,No,Yes
C3511,44,Female,55000,2,5.9,3,4,No,No,No,No
C3512,46,Male,56000,10,6.1,3,1,Yes,No,No,No
C3513,69,Female,33000,1,1.2,7,2,No,No,No,No
C3514,62,Female,78000,3,1.2,3,2,No,No,No,No
C3515,46,Male,74000,5,5.6,3,0,Yes,No,No,No
C3516,45,Male,88000,9,49.3,3,3,No,No,No,Yes
C3517,20,Female,81000,5,0.5,2,4,No,No,No,No
C3518,52,Female,33000,4,8.0,6,1,No,No,No,No
C3519,68,Female,73000,3,1.8,8,2,Yes,Yes,No,No
C3520,57,Male,75000,8,4.1,5,3,Yes,No,Yes,No
C3521,28,Male,48000,6,3.7,6,3,Yes,No,No,Yes
C3522,38,Female,35000,3,14.2,3,0,No,No,No,Yes
C3523,24,Female,51000,8,0.5,5,1,No,No,Yes,No
C3524,52,Male,44000,5,5.9,4,1,Yes,No,No,No
C3525,23,Male,41000,3,14.2,4,1,Yes,No,No,No
C3526,37,Male,33000,4,3.6,3,2,No,No,No,No
C3527,37,Female,38000,8,0.5,3,5,Yes,No,No,Yes
C3528,64,Male,22000,6,18.7,5,1,No,No,Yes,No
C3529,29,Female,29000,3,17.2,5,2,No,No,No,Yes
C3530,64,Female,18000,11,0.6,2,0,Yes,No,No,Yes
C3531,50,Female,40000,2,1.7,5,2,Yes,No,No,Yes
C3532,20,Male,42000,4,6.2,4,1,No,Yes,Yes,No
C3533,20,Female,96000,4,22.1,3,4,Yes,No,No,Yes
C3534,37,Male,41000,5,0.5,4,3,No,No,No,No
C3535,24,Female,71000,9,3.9,2,3,No,No,No,No
C3536,41,Female,33000,3,0.5,2,1,No,No,Yes,No
C3537,39,Female,15000,1,8.5,6,1,Yes,No,No,Yes
C3538,38,Male,27000,7,1.2,2,4,No,No,No,No
C3539,45,Female,28000,7,6.6,2,1,Yes,No,No,No
C3540,30,Female,63000,6,2.5,5,3,No,No,No,No
C3541,61,Male,41000,6,6.5,5,0,No,No,No,No
C3542,36,Female,32000,3,2.7,3,1,Yes,No,No,Yes
C3543,39,Male,33000,5,22.2,4,2,Yes,No,No,No
C3544,20,Female,31000,5,14.7,5,1,Yes,Yes,No,No
C3545,27,Female,39000,4,14.8,1,1,No,No,No,No
C3546,57,Male,64000,7,0.5,1,2,No,No,No,No
C3547,44,Female,26000,4,22.8,3,2,Yes,No,No,No
C3548,34,Male,25000,6,13.9,3,1,Yes,No,No,No
C3549,67,Male,33000,6,23.3,4,1,No,No,No,No
C3550,37,Female,25000,6,2.0,4,1,No,No,No,No
C3551,55,Female,56000,5,9.2,5,0,No,No,Yes,No
C3552,49,Female,23000,2,11.8,5,1,Yes,No,Yes,Yes
C3553,63,Male,33000,2,6.4,2,5,No,No,Yes,No
C3554,45,Female,45000,5,3.7,5,2,Yes,No,No,No
C3555,58,Male,36000,4,6.0,4,4,No,No,No,No
C3556,22,Female,98000,5,4.0,6,1,No,No,No,No
C3557,32,Female,34000,2,4.8,4,2,No,No,No,No
C3558,61,Male,30000,5,1.3,8,2,No,No,No,No
C3559,61,Male,128000,4,1.9,6,1,No,No,No,No
C3560,24,Female,70000,7,1.1,5,0,No,No,No,No
C3561,30,Female,45000,4,9.1,6,6,No,Yes,No,No
C3562,20,Female,94000,6,18.4,2,1,No,Yes,No,No
C3563,41,Male,20000,5,8.7,4,1,No,No,No,Yes
C3564,63,Female,44000,3,6.2,3,2,Yes,No,Yes,No
C3565,30,Female,53000,5,12.6,4,1,Yes,No,No,No
C3566,37,Female,65000,5,18.2,2,3,No,No,No,No
C3567,51,Female,21000,4,16.6,7,1,No,No,No,No
C3568,54,Female,103000,7,9.8,1,1,No,No,No,No
C3569,20,Female,38000,3,5.5,3,4,No,No,No,No
C3570,28,Male,82000,9,6.8,2,0,No,Yes,No,No
C3571,64,Female,54000,4,12.0,5,0,No,Yes,No,Yes
C3572,31,Female,39000,2,4.8,7,4,Yes,No,No,No
C3573,39,Male,63000,4,13.7,1,1,Yes,No,No,No
C3574,56,Male,63000,1,12.3,7,0,No,No,No,No
C3575,19,Female,40000,3,5.5,6,4,Yes,No,Yes,No
C3576,27,Female,42000,8,21.9,3,0,Yes,No,Yes,No
C3577,66,Male,57000,6,7.5,1,2,Yes,No,Yes,No
C3578,44,Male,43000,4,3.1,4,2,No,No,No,No
C3579,22,Female,42000,1,5.8,3,3,Yes,No,No,No
C3580,45,Female,69000,9,6.4,4,3,No,No,No,No
C3581,35,Female,50000,2,5.9,3,2,No,Yes,No,No
C3582,67,Male,26000,7,3.2,4,1,Yes,Yes,No,No
C3583,68,Male,56000,5,2.1,3,1,No,No,No,No
C3584,22,Female,34000,5,1.9,3,0,Yes,No,Yes,No
C3585,34,Female,101000,4,6.4,4,1,No,No,Yes,No
C3586,68,Female,102000,5,9.2,5,3,No,No,No,No
C3587,21,Male,21000,3,2.8,2,1,Yes,No,No,No
C3588,69,Male,32000,4,7.4,2,1,Yes,No,Yes,No
C3589,25,Female,26000,6,2.0,4,3,No,No,No,No
C3590,24,Male,41000,6,25.1,5,0,Yes,No,No,No
C3591,60,Male,37000,2,3.4,5,0,Yes,No,Yes,No
C3592,26,Female,67000,1,4.6,2,3,No,No,Yes,No
C3593,60,Female,41000,5,11.5,2,2,No,No,Yes,Yes
C3594,45,Female,43000,5,3.9,6,2,Yes,No,No,Yes
C3595,51,Female,48000,5,6.0,4,3,Yes,No,No,Yes
C3596,60,Female,104000,4,1.0,5,2,Yes,No,No,No
C3597,18,Male,37000,4,7.0,3,0,Yes,Yes,No,No
C3598,39,Female,28000,6,43.1,4,3,No,Yes,No,No
C3599,43,Male,63000,4,19.6,4,2,No,Yes,No,No
C3600,35,Female,122000,5,21.1,5,2,No,No,No,No
C3601,21,Male,28000,6,0.5,2,2,No,No,No,No
C3602,27,Female,106000,6,8.8,5,2,No,No,No,No
C3603,45,Male,61000,6,27.0,3,0,No,No,No,No
C3604,55,Female,58000,8,0.8,1,0,No,No,No,No
C3605,55,Male,55000,2,6.1,8,1,No,No,No,No
C3606,61,Female,105000,6,2.0,5,2,No,No,No,No
C3607,19,Female,48000,4,1.7,1,1,Yes,No,Yes,Yes
C3608,50,Male,102000,9,6.4,6,1,No,No,No,No
C3609,55,Female,41000,7,4.2,5,3,No,No,No,No
C3610,69,Male,45000,6,6.8,6,3,No,No,No,No
C3611,48,Female,30000,4,7.6,2,0,Yes,No,No,Yes
C3612,33,Female,74000,8,18.8,5,2,Yes,No,No,No
C3613,25,Female,46000,5,12.9,5,2,No,No,No,No
C3614,66,Female,49000,5,0.5,2,4,No,No,No,No
C3615,34,Male,36000,5,0.5,8,3,No,Yes,No,No
C3616,48,Female,54000,3,16.6,2,3,Yes,No,No,No
C3617,33,Male,61000,5,2.9,2,4,No,No,Yes,No
C3618,24,Female,70000,4,24.6,3,3,No,No,No,No
C3619,69,Male,51000,3,2.8,6,3,Yes,No,Yes,Yes
C3620,48,Female,49000,3,0.6,7,4,No,No,Yes,No
C3621,58,Male,29000,6,4.1,1,2,No,No,No,No
C3622,48,Male,36000,8,17.7,2,1,No,No,No,No
C3623,42,Female,33000,4,0.5,3,2,Yes,No,No,No
C3624,45,Male,52000,4,4.8,1,4,No,No,No,No
C3625,39,Male,44000,5,5.4,4,0,Yes,Yes,No,No
C3626,55,Male,50000,8,9.9,3,0,Yes,No,Yes,No
C3627,19,Male,31000,7,3.1,2,1,Yes,No,No,No
C3628,26,Female,42000,6,12.9,1,1,Yes,Yes,No,Yes
C3629,59,Male,68000,5,1.9,4,1,No,No,No,No
C3630,30,Female,33000,7,10.1,4,4,Yes,No,Yes,No
C3631,53,Female,110000,4,1.2,4,4,Yes,No,No,No
C3632,51,Female,32000,5,5.5,5,8,No,No,No,No
C3633,29,Female,31000,4,1.9,5,0,Yes,Yes,No,Yes
C3634,69,Male,54000,6,1.4,4,2,No,No,No,No
C3635,38,Female,64000,6,1.9,1,2,Yes,Yes,No,Yes
C3636,37,Male,45000,5,10.8,3,2,No,No,No,No
C3637,19,Female,18000,5,1.4,5,3,Yes,No,No,No
C3638,48,Female,37000,6,23.2,4,1,No,No,No,No
C3639,57,Female,97000,5,5.5,4,1,No,No,No,No
C3640,56,Female,37000,3,8.0,1,4,No,No,No,Yes
C3641,30,Female,31000,6,4.1,8,2,No,No,No,Yes
C3642,34,Male,46000,5,9.0,4,2,No,No,No,Yes
C3643,32,Female,67000,3,8.3,3,1,Yes,No,No,No
C3644,65,Female,74000,1,7.5,2,1,No,No,No,No
C3645,26,Male,28000,6,7.1,1,0,No,No,Yes,No
C3646,20,Male,16000,2,15.8,1,2,No,No,No,No
C3647,19,Male,39000,4,1.6,1,4,No,No,No,No
C3648,58,Male,43000,5,1.4,1,2,No,No,No,No
C3649,24,Male,53000,4,18.4,6,0,No,No,No,No
C3650,63,Male,68000,7,3.4,8,4,No,No,No,No
C3651,49,Male,86000,4,0.5,8,3,No,No,No,No
C3652,41,Male,71000,7,10.2,4,0,Yes,No,No,No
C3653,29,Male,108000,2,0.7,4,5,Yes,Yes,No,Yes
C3654,47,Male,38000,5,29.3,1,1,No,No,No,No
C3655,46,Male,51000,5,5.5,4,6,No,Yes,No,No
C3656,22,Female,27000,2,0.5,5,1,No,No,No,No
C3657,35,Male,46000,3,14.3,3,1,Yes,No,No,No
C3658,63,Female,44000,6,1.7,1,1,No,No,No,No
C3659,54,Female,88000,4,2.5,6,3,Yes,No,No,No
C3660,37,Female,24000,4,2.2,4,3,No,No,No,No
C3661,29,Male,38000,3,11.8,6,3,No,No,No,No
C3662,53,Male,31000,6,7.5,7,2,No,No,No,Yes
C3663,28,Female,27000,7,10.9,2,2,No,No,No,No
C3664,43,Male,46000,6,0.9,2,0,No,No,No,No
C3665,33,Male,81000,6,1.7,3,1,No,No,No,No
C3666,29,Female,41000,9,10.0,2,4,Yes,No,Yes,No
C3667,39,Female,54000,2,6.4,6,3,No,No,No,No
C3668,55,Female,44000,4,2.2,7,2,No,No,No,No
C3669,58,Female,20000,8,1.3,7,2,No,No,No,No
C3670,59,Female,106000,3,0.5,2,4,No,No,No,No
C3671,65,Female,30000,6,6.5,4,3,No,No,No,No
C3672,61,Male,129000,5,2.3,2,2,No,No,No,No
C3673,32,Female,94000,9,23.9,3,2,No,No,No,No
C3674,68,Male,59000,3,1.5,9,2,Yes,No,No,No
C3675,59,Female,46000,7,2.0,6,2,Yes,No,No,No
C3676,37,Male,44000,2,1.7,1,1,Yes,No,No,No
C3677,51,Male,36000,3,1.5,1,1,Yes,No,No,No
C3678,34,Male,49000,1,6.4,3,2,No,No,Yes,No
C3679,67,Male,76000,7,0.5,3,6,Yes,Yes,No,No
C3680,53,Male,28000,4,22.4,7,1,Yes,No,No,No
C3681,21,Female,55000,3,2.5,4,1,No,No,No,No
C3682,65,Female,59000,5,3.5,5,2,No,No,Yes,No
C3683,20,Female,60000,9,36.6,6,3,No,No,No,No
C3684,32,Male,54000,6,3.1,5,2,No,Yes,Yes,No
C3685,19,Male,33000,3,20.2,7,2,No,No,No,No
C3686,21,Male,34000,2,6.1,5,1,No,No,No,No
C3687,26,Male,66000,6,6.3,3,1,No,No,No,No
C3688,28,Male,46000,2,4.4,6,3,Yes,No,No,Yes
C3689,66,Male,57000,5,1.1,3,3,No,No,Yes,No
C3690,60,Female,38000,8,8.1,3,1,No,No,No,No
C3691,54,Male,79000,3,11.5,2,2,No,No,No,No
C3692,63,Male,27000,8,2.3,3,1,Yes,No,No,No
C3693,19,Male,87000,6,0.6,2,2,No,No,No,No
C3694,44,Female,68000,7,1.4,6,3,No,No,No,No
C3695,59,Male,54000,5,1.9,5,2,Yes,No,No,Yes
C3696,21,Female,57000,3,8.5,5,3,No,No,No,No
C3697,39,Male,134000,5,2.2,2,3,No,No,No,No
C3698,58,Female,43000,5,0.5,3,4,No,No,Yes,No
C3699,43,Male,49000,9,4.8,1,1,Yes,No,No,No
C3700,22,Female,28000,5,0.5,1,4,No,Yes,No,No
C3701,25,Female,16000,6,6.8,6,2,No,No,No,No
C3702,69,Female,69000,4,4.7,6,1,No,Yes,No,No
C3703,40,Female,37000,3,6.4,3,2,No,No,No,Yes
C3704,56,Female,43000,2,1.3,3,1,Yes,No,No,No
C3705,19,Female,58000,3,10.8,7,2,No,No,No,Yes
C3706,26,Female,69000,3,13.9,5,2,Yes,No,No,Yes
C3707,47,Male,97000,4,8.5,5,5,Yes,No,No,Yes
C3708,68,Male,46000,2,4.2,3,3,No,Yes,No,No
C3709,43,Female,64000,4,12.3,5,1,No,No,No,No
C3710,18,Female,93000,3,7.5,4,1,Yes,No,Yes,Yes
C3711,35,Female,47000,4,17.0,1,4,No,No,No,No
C3712,28,Male,25000,7,20.3,2,1,No,Yes,No,No
C3713,44,Female,59000,6,2.0,7,4,Yes,Yes,No,No
C3714,60,Female,60000,4,0.8,7,5,No,No,Yes,No
C3715,33,Male,68000,2,3.6,2,3,No,No,Yes,No
C3716,48,Male,68000,8,0.5,2,5,Yes,No,Yes,No
C3717,33,Male,74000,8,14.5,7,1,No,Yes,Yes,No
C3718,36,Male,35000,5,1.2,1,1,No,No,No,No
C3719,39,Male,86000,6,0.8,4,1,No,No,Yes,No
C3720,39,Female,29000,8,0.5,2,3,No,No,Yes,No
C3721,34,Female,51000,7,2.8,6,2,Yes,No,No,No
C3722,57,Female,86000,8,11.5,3,1,No,Yes,No,No
C3723,29,Female,45000,7,3.7,5,2,No,No,No,No
C3724,42,Male,57000,6,7.4,6,1,No,No,No,No
C3725,22,Female,70000,7,1.5,2,1,No,No,Yes,No
C3726,63,Male,113000,1,2.5,4,3,Yes,No,No,No
C3727,32,Female,15000,6,8.6,6,2,Yes,No,No,Yes
C3728,45,Male,62000,11,9.5,1,1,No,No,No,No
C3729,60,Female,87000,4,12.5,5,1,No,No,No,Yes
C3730,38,Female,38000,4,10.7,4,1,No,No,No,No
C3731,20,Female,77000,4,1.4,4,2,No,No,No,No
C3732,57,Male,36000,7,3.5,5,0,Yes,No,No,No
C3733,57,Male,54000,6,6.9,2,3,No,No,No,No
C3734,31,Male,21000,4,8.9,2,2,Yes,No,Yes,No
C3735,61,Male,30000,7,1.4,4,7,No,No,No,No
C3736,61,Male,65000,8,3.3,1,1,Yes,Yes,No,No
C3737,55,Male,43000,4,16.4,3,0,No,Yes,No,Yes
C3738,19,Male,51000,4,5.1,5,2,No,No,No,No
C3739,39,Female,28000,5,1.2,7,3,Yes,No,Yes,No
C3740,65,Male,60000,10,19.1,2,3,No,No,Yes,No
C3741,60,Female,34000,4,2.8,4,1,Yes,No,No,Yes
C3742,24,Male,22000,3,21.1,1,2,No,No,No,No
C3743,51,Female,35000,4,1.9,3,1,No,No,No,No
C3744,44,Female,44000,7,2.5,6,4,No,No,No,No
C3745,53,Male,63000,12,16.5,3,1,No,No,No,No
C3746,65,Male,93000,7,17.2,5,6,No,Yes,No,No
C3747,48,Female,38000,3,3.0,4,1,No,No,No,No
C3748,41,Male,22000,6,12.6,5,0,No,No,No,No
C3749,23,Female,19000,6,5.5,4,1,Yes,No,No,No
C3750,49,Female,67000,2,15.1,4,4,No,No,No,No
C3751,26,Female,64000,8,1.4,2,3,No,Yes,No,Yes
C3752,43,Female,66000,8,5.9,4,1,No,Yes,No,No
C3753,65,Female,31000,3,4.4,5,2,No,No,No,No
C3754,27,Male,70000,8,3.0,1,1,Yes,Yes,Yes,Yes
C3755,67,Male,53000,10,2.4,5,5,Yes,No,No,Yes
C3756,43,Female,50000,7,4.4,5,0,No,No,Yes,No
C3757,57,Female,70000,6,3.6,6,1,No,No,Yes,No
C3758,44,Female,32000,6,9.7,4,0,No,No,No,No
C3759,66,Male,40000,6,8.8,6,3,No,No,No,No
C3760,64,Male,17000,7,0.5,2,2,No,Yes,Yes,No
C3761,66,Female,112000,5,11.5,2,2,No,Yes,No,No
C3762,51,Male,51000,5,1.9,3,6,Yes,Yes,No,No
C3763,59,Female,77000,4,9.5,1,2,No,No,Yes,No
C3764,46,Female,51000,7,5.4,2,2,No,No,No,No
C3765,60,Female,19000,8,7.0,4,0,No,No,No,No
C3766,34,Female,48000,2,10.0,7,2,No,No,No,No
C3767,53,Female,73000,2,20.7,2,1,No,No,No,No
C3768,44,Female,42000,6,3.2,1,2,Yes,No,Yes,Yes
C3769,65,Male,106000,2,2.7,3,3,Yes,Yes,Yes,No
C3770,28,Female,55000,5,2.0,4,1,Yes,Yes,No,No
C3771,50,Female,32000,9,7.9,8,4,No,No,No,No
C3772,18,Female,41000,2,10.0,3,1,Yes,No,No,No
C3773,55,Male,170000,4,8.0,2,3,Yes,Yes,No,No
C3774,60,Female,88000,5,1.1,6,1,No,No,Yes,Yes
C3775,33,Male,83000,7,5.3,4,2,Yes,Yes,No,Yes
C3776,58,Female,34000,2,0.7,7,4,Yes,Yes,No,No
C3777,66,Female,30000,2,5.1,5,1,Yes,Yes,No,No
C3778,67,Female,48000,4,11.0,4,0,Yes,No,No,No
C3779,56,Male,93000,1,2.8,3,3,Yes,Yes,No,No
C3780,69,Male,33000,2,2.1,4,1,No,No,No,No
C3781,27,Female,38000,7,6.8,1,1,No,No,No,No
C3782,53,Male,91000,8,4.7,4,1,Yes,No,No,No
C3783,69,Male,30000,8,54.1,2,2,Yes,No,Yes,Yes
C3784,52,Female,110000,4,11.4,8,2,Yes,Yes,Yes,Yes
C3785,32,Female,15000,9,1.3,5,2,Yes,No,No,No
C3786,25,Male,19000,6,6.5,5,1,Yes,No,No,No
C3787,42,Male,128000,3,1.6,10,4,No,No,Yes,No
C3788,50,Male,61000,4,20.9,1,4,Yes,Yes,Yes,Yes
C3789,35,Female,58000,2,3.8,3,2,No,No,No,No
C3790,20,Male,38000,1,3.9,1,3,No,No,No,No
C3791,38,Male,48000,4,13.9,5,3,Yes,No,Yes,No
C3792,26,Female,72000,6,2.0,4,2,No,No,No,No
C3793,49,Female,34000,3,8.2,4,3,No,No,No,No
C3794,34,Female,28000,4,13.2,6,4,No,No,No,Yes
C3795,66,Female,48000,8,12.1,5,4,Yes,No,No,No
C3796,19,Male,40000,4,10.3,4,0,Yes,No,Yes,Yes
C3797,18,Female,64000,2,3.3,4,2,Yes,Yes,No,Yes
C3798,18,Male,75000,4,5.1,2,3,Yes,No,No,No
C3799,57,Female,64000,5,6.3,4,3,No,No,Yes,No
C3800,19,Female,43000,6,4.8,4,1,Yes,No,No,No
C3801,23,Female,139000,4,10.2,6,2,Yes,No,No,No
C3802,55,Male,34000,1,4.1,3,4,No,No,No,No
C3803,19,Male,61000,1,12.8,3,2,No,No,No,No
C3804,37,Female,87000,2,0.5,1,0,Yes,No,Yes,No
C3805,47,Male,34000,2,8.5,5,3,No,No,No,Yes
C3806,20,Female,47000,5,19.8,5,1,No,No,No,No
C3807,44,Male,49000,4,2.5,4,3,No,Yes,No,No
C3808,31,Male,38000,4,21.2,7,2,Yes,No,No,No
C3809,33,Female,71000,5,5.1,3,3,Yes,No,No,No
C3810,25,Female,46000,4,3.3,8,0,Yes,No,No,No
C3811,44,Female,49000,2,5.5,3,2,No,No,No,No
C3812,52,Male,41000,7,3.6,3,3,No,No,No,No
C3813,20,Male,45000,5,2.9,4,0,No,No,No,No
C3814,32,Female,21000,12,1.0,2,4,No,No,No,No
C3815,67,Male,31000,8,6.5,3,2,Yes,No,No,Yes
C3816,27,Female,15000,3,19.8,3,4,No,No,Yes,No
C3817,43,Female,52000,6,0.9,4,3,No,No,Yes,No
C3818,34,Female,39000,4,6.7,3,2,No,No,No,No
C3819,57,Male,48000,1,10.3,5,3,Yes,No,No,No
C3820,65,Male,101000,7,2.0,2,2,Yes,Yes,No,No
C3821,59,Female,30000,5,5.2,5,2,Yes,No,No,No
C3822,68,Male,36000,4,15.3,2,1,No,No,Yes,No
C3823,26,Male,22000,3,1.9,3,4,No,No,No,No
C3824,64,Male,67000,5,7.6,3,1,No,No,Yes,No
C3825,19,Female,47000,5,4.7,1,2,Yes,Yes,Yes,No
C3826,18,Male,69000,8,0.5,2,2,Yes,No,No,No
C3827,21,Male,42000,3,4.1,4,1,Yes,No,No,Yes
C3828,21,Male,113000,3,2.7,4,2,Yes,No,No,No
C3829,41,Female,43000,7,0.5,4,2,No,No,No,No
C3830,28,Female,65000,4,1.6,4,2,No,No,Yes,No
C3831,46,Female,84000,6,2.3,3,4,No,No,No,No
C3832,29,Male,57000,6,4.0,8,2,Yes,No,No,No
C3833,41,Male,70000,3,7.4,5,3,Yes,No,No,No
C3834,49,Female,57000,3,4.8,1,1,No,No,No,No
C3835,32,Male,22000,4,2.0,6,0,No,No,No,No
C3836,20,Female,53000,6,1.0,2,0,No,No,Yes,No
C3837,66,Male,42000,3,1.5,4,3,Yes,No,No,No
C3838,39,Female,41000,7,17.7,1,0,Yes,Yes,No,Yes
C3839,39,Female,43000,5,3.5,9,4,Yes,No,No,Yes
C3840,26,Female,84000,6,8.6,3,1,No,Yes,No,No
C3841,37,Female,52000,9,5.6,4,2,No,No,Yes,No
C3842,46,Male,64000,8,3.1,6,2,No,No,No,No
C3843,45,Male,32000,5,1.4,5,2,No,No,No,No
C3844,69,Male,107000,3,1.0,2,4,No,No,No,No
C3845,25,Female,71000,5,1.4,5,0,No,No,No,No
C3846,62,Female,40000,4,8.9,2,0,No,No,No,Yes
C3847,27,Male,53000,4,0.5,4,2,No,No,Yes,Yes
C3848,54,Female,27000,4,1.6,3,3,No,No,No,No
C3849,39,Male,74000,5,6.7,5,2,No,No,No,Yes
C3850,67,Male,75000,7,19.1,1,2,No,No,No,No
C3851,28,Male,77000,2,6.5,5,5,Yes,No,No,No
C3852,52,Female,26000,3,9.9,4,4,No,No,No,No
C3853,42,Male,55000,6,0.5,4,1,No,No,Yes,No
C3854,42,Female,37000,13,20.0,4,5,Yes,No,Yes,Yes
C3855,57,Male,60000,9,2.0,4,3,Yes,Yes,No,No
C3856,26,Male,37000,4,4.3,1,0,No,Yes,No,No
C3857,51,Female,49000,4,2.4,4,1,Yes,No,No,No
C3858,41,Male,31000,7,3.9,2,1,No,No,No,No
C3859,18,Female,63000,7,14.7,3,2,Yes,No,No,No
C3860,48,Male,109000,5,1.1,5,0,Yes,No,No,No
C3861,49,Female,70000,1,7.6,7,1,No,No,No,No
C3862,33,Male,28000,7,1.2,4,3,Yes,No,No,No
C3863,29,Female,69000,7,2.4,10,3,No,No,No,No
C3864,41,Male,41000,4,14.8,3,2,Yes,Yes,No,Yes
C3865,34,Male,34000,3,10.2,2,4,Yes,No,Yes,No
C3866,29,Male,44000,6,24.5,5,2,Yes,No,No,No
C3867,59,Male,45000,9,12.7,3,2,Yes,No,No,No
C3868,64,Female,58000,5,24.2,5,2,Yes,No,No,No
C3869,52,Female,37000,4,1.2,4,0,No,Yes,No,No
C3870,55,Female,26000,4,8.6,6,1,Yes,No,No,No
C3871,24,Female,39000,3,29.8,2,2,Yes,No,No,No
C3872,57,Male,37000,2,4.0,4,4,Yes,No,No,No
C3873,34,Male,77000,8,1.6,3,1,No,No,No,No
C3874,34,Female,28000,7,8.3,1,3,No,No,Yes,No
C3875,52,Female,76000,1,3.2,6,0,No,No,No,No
C3876,24,Female,56000,5,7.4,7,1,No,No,No,Yes
C3877,54,Female,52000,5,0.6,5,1,Yes,No,No,Yes
C3878,42,Male,20000,1,6.2,7,2,No,No,No,Yes
C3879,69,Male,42000,2,4.5,3,4,No,Yes,No,No
C3880,31,Male,33000,6,5.1,6,3,No,No,No,No
C3881,48,Female,28000,6,8.7,3,2,No,Yes,No,No
C3882,64,Female,127000,3,4.6,7,0,Yes,No,No,No
C3883,49,Female,52000,6,9.8,6,3,No,No,No,Yes
C3884,54,Male,23000,4,2.6,4,2,No,No,Yes,No
C3885,61,Female,79000,5,16.3,7,1,Yes,No,No,No
C3886,31,Female,68000,5,1.8,6,6,Yes,No,Yes,No
C3887,26,Female,127000,4,6.3,2,2,Yes,Yes,No,No
C3888,52,Female,75000,4,0.6,2,0,Yes,No,Yes,No
C3889,45,Male,67000,4,5.6,3,8,No,No,No,No
C3890,27,Female,50000,7,4.5,2,2,No,No,No,No
C3891,37,Female,28000,3,14.4,1,1,Yes,No,No,No
C3892,44,Female,89000,2,48.2,4,1,Yes,No,No,No
C3893,20,Male,129000,4,12.0,2,0,Yes,Yes,No,Yes
C3894,29,Male,72000,6,1.6,3,4,Yes,No,Yes,No
C3895,53,Male,41000,5,5.3,6,3,No,No,Yes,No
C3896,21,Male,46000,4,0.6,6,0,Yes,Yes,No,Yes
C3897,51,Female,95000,4,10.5,8,3,No,No,No,No
C3898,36,Male,23000,7,5.5,1,3,Yes,No,Yes,No
C3899,54,Male,78000,4,8.7,6,2,No,No,No,No
C3900,62,Male,46000,5,20.8,2,0,No,No,No,No
C3901,47,Female,61000,4,17.0,4,4,No,No,No,No
C3902,62,Female,34000,4,7.2,4,3,Yes,No,No,Yes
C3903,68,Female,98000,3,18.0,4,2,No,No,No,No
C3904,48,Female,64000,5,2.0,5,3,No,No,No,No
C3905,32,Male,70000,4,14.0,2,1,No,No,No,No
C3906,37,Female,39000,7,2.9,5,3,No,No,Yes,No
C3907,33,Female,34000,5,12.7,6,1,Yes,No,No,No
C3908,43,Male,62000,3,4.5,4,4,Yes,No,Yes,No
C3909,44,Female,50000,2,12.0,3,1,Yes,No,Yes,No
C3910,33,Female,19000,1,9.7,3,3,No,Yes,No,No
C3911,50,Male,32000,3,2.4,2,3,Yes,Yes,No,Yes
C3912,56,Female,25000,8,5.5,3,3,Yes,No,No,No
C3913,29,Male,28000,3,11.0,3,1,Yes,No,No,No
C3914,46,Female,34000,5,2.7,5,1,No,No,Yes,No
C3915,19,Female,28000,10,5.8,2,3,Yes,No,No,Yes
C3916,25,Female,34000,3,12.7,3,3,No,No,No,No
C3917,46,Male,102000,8,1.8,4,1,No,No,No,No
C3918,31,Male,35000,3,13.1,7,2,No,Yes,No,No
C3919,36,Female,18000,11,8.2,6,2,Yes,Yes,No,No
C3920,51,Female,27000,5,8.7,5,0,No,No,No,No
C3921,60,Female,84000,3,10.0,5,1,No,No,No,No
C3922,53,Female,53000,8,1.3,2,1,Yes,No,No,No
C3923,56,Male,31000,3,6.1,6,2,No,No,No,No
C3924,49,Male,100000,3,5.6,5,3,No,No,No,No
C3925,27,Male,51000,7,1.7,7,1,No,No,No,No
C3926,18,Male,59000,4,3.4,7,4,Yes,No,Yes,No
C3927,21,Female,78000,3,10.8,3,4,Yes,Yes,Yes,No
C3928,29,Female,48000,8,4.0,4,2,No,No,No,No
C3929,64,Female,189000,6,7.0,3,0,No,No,No,No
C3930,28,Female,52000,2,7.5,9,0,No,No,Yes,No
C3931,46,Male,41000,3,3.8,2,0,No,No,No,No
C3932,56,Female,44000,8,6.9,3,1,No,Yes,No,No
C3933,54,Female,58000,8,5.9,4,1,No,No,No,No
C3934,62,Male,22000,3,2.8,8,3,No,No,No,No
C3935,52,Female,36000,5,8.4,3,4,No,Yes,No,No
C3936,51,Female,20000,8,8.6,1,1,No,No,No,No
C3937,18,Female,65000,4,24.6,4,2,Yes,No,No,No
C3938,49,Male,67000,4,2.9,7,3,Yes,No,No,No
C3939,21,Male,49000,8,0.7,7,1,No,No,No,No
C3940,53,Female,32000,5,7.1,5,3,No,No,No,No
C3941,65,Male,40000,4,3.2,4,3,No,No,No,No
C3942,25,Male,82000,3,7.5,2,4,No,No,No,No
C3943,21,Male,52000,1,16.5,6,2,No,No,No,Yes
C3944,30,Male,70000,9,8.4,6,3,No,No,No,No
C3945,34,Male,79000,5,4.5,3,1,Yes,No,No,No
C3946,58,Male,81000,3,10.3,3,0,No,No,No,No
C3947,26,Male,46000,5,1.5,7,0,Yes,No,Yes,No
C3948,45,Male,81000,2,0.5,4,1,No,No,No,No
C3949,32,Female,41000,8,4.7,1,3,No,No,No,No
C3950,34,Male,63000,5,11.4,2,2,No,No,No,No
C3951,34,Male,18000,3,4.7,7,3,No,No,No,No
C3952,30,Male,21000,5,9.9,1,5,Yes,No,No,No
C3953,56,Female,57000,4,9.2,5,0,Yes,No,No,No
C3954,19,Male,82000,8,5.3,3,2,No,No,No,No
C3955,42,Male,30000,1,1.0,3,1,Yes,No,No,Yes
C3956,23,Female,127000,6,3.6,5,2,No,Yes,No,No
C3957,40,Male,77000,2,19.7,2,1,No,No,No,No
C3958,68,Male,50000,9,5.5,11,0,Yes,No,No,Yes
C3959,45,Female,55000,6,0.5,3,1,Yes,No,No,No
C3960,26,Male,39000,4,1.3,6,3,No,No,No,No
C3961,19,Female,66000,9,28.8,8,1,No,No,No,No
C3962,22,Female,49000,3,23.8,6,0,No,No,No,No
C3963,48,Male,33000,4,10.6,5,2,No,No,No,Yes
C3964,40,Male,42000,8,15.7,5,1,Yes,No,Yes,No
C3965,27,Female,61000,1,0.9,1,3,Yes,Yes,No,No
C3966,40,Male,136000,7,3.5,1,2,No,No,No,No
C3967,30,Male,85000,8,5.1,5,4,No,No,No,No
C3968,65,Male,148000,3,2.5,9,1,Yes,No,Yes,No
C3969,64,Male,57000,3,6.4,2,2,No,No,No,No
C3970,23,Female,60000,6,5.0,5,3,Yes,No,No,No
C3971,39,Female,102000,2,0.5,4,3,Yes,No,No,Yes
C3972,64,Male,77000,7,12.1,6,2,Yes,No,No,No
C3973,52,Female,28000,2,2.4,2,3,Yes,No,No,Yes
C3974,56,Male,24000,4,3.7,6,0,No,No,Yes,No
C3975,40,Male,34000,3,4.3,2,1,No,No,No,No
C3976,40,Female,35000,2,9.2,3,4,Yes,Yes,Yes,No
C3977,18,Male,27000,7,0.8,5,1,Yes,No,No,No
C3978,36,Male,23000,8,9.1,3,1,No,No,Yes,No
C3979,30,Male,100000,6,3.4,7,4,Yes,No,No,No
C3980,22,Female,64000,3,0.5,5,1,Yes,No,No,No
C3981,35,Male,33000,6,1.7,4,2,No,No,No,No
C3982,49,Female,44000,2,4.2,8,4,Yes,No,No,Yes
C3983,65,Male,97000,7,15.6,3,3,No,No,No,No
C3984,59,Female,127000,3,9.1,1,1,Yes,No,No,No
C3985,67,Female,23000,5,7.5,6,4,No,No,No,No
C3986,42,Male,39000,2,5.3,4,3,Yes,No,No,No
C3987,34,Female,70000,3,14.5,3,2,Yes,No,No,No
C3988,37,Male,17000,3,2.1,3,2,No,No,No,No
C3989,19,Female,69000,6,22.8,2,3,Yes,No,No,Yes
C3990,40,Female,16000,7,15.3,6,1,No,No,No,No
C3991,42,Male,46000,6,1.4,4,3,Yes,Yes,No,No
C3992,65,Female,31000,5,1.5,5,2,No,No,No,No
C3993,55,Female,71000,7,18.9,1,2,Yes,Yes,No,Yes
C3994,26,Female,73000,4,7.7,4,3,No,Yes,Yes,No
C3995,35,Female,35000,2,1.7,4,4,No,No,No,No
C3996,20,Male,131000,8,2.8,4,2,Yes,No,Yes,Yes
C3997,37,Female,68000,4,0.8,3,0,No,No,No,No
C3998,40,Female,18000,7,29.2,7,1,Yes,No,Yes,No
C3999,19,Female,64000,5,3.9,3,1,No,No,No,No
C4000,22,Male,47000,6,0.5,7,0,No,No,Yes,No
C4001,28,Female,29000,6,4.8,3,3,Yes,No,No,No
C4002,50,Male,51000,10,7.8,2,1,No,Yes,No,No
C4003,40,Male,104000,7,6.3,5,2,Yes,No,No,No
C4004,37,Male,77000,4,13.8,2,0,No,No,No,No
C4005,66,Male,44000,5,16.9,2,2,Yes,No,No,No
C4006,34,Female,71000,3,7.8,7,3,Yes,No,No,No
C4007,36,Female,53000,5,4.1,6,2,No,No,No,No
C4008,67,Male,112000,7,0.5,2,5,Yes,No,No,Yes
C4009,61,Male,159000,2,3.9,2,1,No,No,No,No
C4010,29,Female,78000,6,5.3,5,2,No,No,No,No
C4011,45,Male,88000,6,1.5,3,4,No,No,No,No
C4012,31,Male,161000,6,4.2,3,6,No,Yes,No,No
C4013,23,Male,98000,5,6.6,1,0,No,No,No,No
C4014,61,Male,15000,5,0.7,1,4,No,Yes,No,No
C4015,53,Male,92000,8,11.3,2,2,No,No,Yes,No
C4016,56,Female,25000,8,3.2,1,3,Yes,No,No,Yes
C4017,30,Male,61000,8,6.3,3,2,No,Yes,No,No
C4018,49,Female,82000,2,15.9,2,1,Yes,No,No,No
C4019,67,Male,97000,6,0.5,4,2,No,Yes,No,No
C4020,52,Male,95000,3,2.3,3,1,No,No,No,No
C4021,60,Female,84000,1,2.6,2,2,No,No,Yes,No
C4022,35,Female,52000,6,6.4,3,3,No,No,No,No
C4023,36,Female,44000,5,2.0,5,0,Yes,Yes,No,No
C4024,52,Female,57000,3,5.7,3,3,No,No,Yes,No
C4025,66,Female,17000,4,4.2,8,1,Yes,No,No,No
C4026,18,Female,50000,10,5.1,1,2,Yes,No,No,No
C4027,37,Female,59000,2,4.8,2,1,No,No,No,No
C4028,37,Male,15000,5,1.8,5,2,Yes,No,No,Yes
C4029,64,Female,30000,3,12.9,3,0,Yes,No,No,No
C4030,22,Female,44000,2,7.1,3,3,Yes,Yes,No,Yes
C4031,47,Female,92000,3,3.4,3,1,Yes,No,No,Yes
C4032,37,Female,71000,12,18.6,5,2,No,No,No,No
C4033,34,Male,68000,8,0.5,3,2,Yes,No,No,No
C4034,60,Male,37000,4,8.3,2,0,Yes,No,No,No
C4035,67,Female,27000,3,6.7,2,2,No,No,Yes,Yes
C4036,52,Female,90000,3,1.4,5,2,Yes,No,Yes,No
C4037,63,Male,90000,5,7.8,5,2,No,No,Yes,No
C4038,23,Female,72000,8,4.6,4,3,No,No,No,No
C4039,42,Male,47000,6,0.7,4,3,Yes,No,No,No
C4040,45,Male,57000,5,1.7,5,3,No,No,No,No
C4041,56,Female,64000,4,14.7,3,1,No,Yes,Yes,Yes
C4042,48,Female,49000,7,4.2,5,3,Yes,No,No,No
C4043,49,Female,28000,2,0.5,1,1,No,No,No,No
C4044,27,Male,47000,2,19.6,2,0,No,No,No,Yes
C4045,25,Male,50000,4,0.5,4,1,Yes,No,No,No
C4046,55,Female,31000,5,6.1,1,2,No,No,No,No
C4047,54,Male,51000,4,4.8,4,3,No,No,No,No
C4048,43,Male,30000,3,13.3,6,2,No,No,No,No
C4049,40,Male,32000,7,0.5,5,3,Yes,No,No,No
C4050,53,Female,21000,3,3.5,3,1,Yes,No,No,No
C4051,36,Female,78000,6,0.7,4,3,No,No,Yes,No
C4052,25,Female,72000,3,0.5,4,2,No,No,No,Yes
C4053,26,Female,45000,3,3.1,3,2,No,No,No,Yes
C4054,46,Male,52000,5,19.5,5,6,Yes,Yes,No,No
C4055,22,Male,39000,7,9.0,3,4,Yes,No,No,No
C4056,60,Male,29000,4,16.4,6,2,No,No,No,No
C4057,25,Male,68000,2,3.7,8,2,No,Yes,No,No
C4058,35,Female,36000,2,1.6,7,4,Yes,No,No,Yes
C4059,22,Female,31000,5,5.0,7,0,No,No,No,No
C4060,43,Female,59000,10,0.8,8,3,Yes,No,Yes,No
C4061,59,Female,90000,5,1.0,7,5,Yes,No,No,Yes
C4062,39,Male,90000,7,0.7,8,1,No,No,No,Yes
C4063,48,Male,92000,8,20.8,4,2,Yes,No,No,No
C4064,28,Male,31000,4,7.5,5,1,No,No,No,No
C4065,36,Male,102000,4,0.5,8,1,No,No,No,Yes
C4066,47,Male,63000,4,13.7,1,2,No,No,No,No
C4067,36,Female,31000,3,2.5,6,1,No,No,No,No
C4068,60,Female,51000,9,16.5,3,1,No,No,No,No
C4069,66,Male,79000,3,13.1,7,2,No,No,Yes,No
C4070,26,Female,51000,8,2.9,4,3,No,Yes,No,No
C4071,49,Female,23000,8,9.8,4,2,No,Yes,No,No
C4072,50,Male,23000,4,2.7,2,3,Yes,Yes,No,No
C4073,45,Female,161000,6,27.6,6,2,Yes,No,No,No
C4074,31,Female,54000,8,10.7,7,0,Yes,Yes,No,Yes
C4075,55,Female,56000,6,7.3,1,0,Yes,No,No,No
C4076,26,Male,46000,3,2.8,4,0,No,No,Yes,No
C4077,36,Male,76000,4,2.3,2,2,Yes,No,No,Yes
C4078,20,Female,31000,2,2.6,8,2,Yes,No,No,No
C4079,56,Female,56000,9,4.2,4,0,No,No,No,No
C4080,61,Male,54000,8,3.9,2,3,Yes,No,No,No
C4081,47,Male,72000,8,6.9,4,2,Yes,No,No,No
C4082,21,Female,63000,5,1.0,2,2,No,No,No,No
C4083,40,Female,35000,2,2.6,3,0,No,No,Yes,No
C4084,31,Male,19000,5,2.9,1,1,No,No,No,No
C4085,69,Female,123000,7,7.1,5,0,No,No,No,No
C4086,27,Female,33000,2,11.4,5,1,Yes,Yes,No,Yes
C4087,67,Male,42000,7,1.6,4,1,Yes,No,Yes,No
C4088,64,Male,57000,6,12.0,6,1,Yes,No,No,No
C4089,59,Male,25000,5,27.0,2,2,Yes,Yes,No,No
C4090,35,Female,54000,5,1.5,4,2,No,No,No,No
C4091,22,Male,39000,4,3.7,1,3,No,No,No,No
C4092,34,Male,42000,5,8.0,10,7,No,No,No,No
C4093,58,Male,33000,4,15.4,3,1,Yes,No,No,Yes
C4094,24,Female,15000,5,0.5,6,1,No,No,No,No
C4095,53,Male,78000,4,5.8,3,1,Yes,No,No,No
C4096,57,Male,47000,8,5.0,3,4,Yes,No,No,No
C4097,36,Male,56000,11,4.2,5,2,Yes,No,No,Yes
C4098,42,Male,79000,6,5.5,5,6,No,No,No,No
C4099,29,Female,55000,8,6.2,2,2,No,No,No,No
C4100,61,Male,52000,3,10.1,4,3,Yes,Yes,No,No
C4101,28,Female,110000,6,3.3,5,4,Yes,No,No,No
C4102,18,Female,24000,6,22.5,7,4,No,No,No,Yes
C4103,32,Male,56000,3,0.5,4,3,No,No,No,No
C4104,49,Male,87000,4,5.2,5,1,Yes,Yes,Yes,Yes
C4105,63,Female,35000,9,33.8,3,3,No,No,No,No
C4106,25,Female,30000,7,1.4,4,2,No,No,No,No
C4107,55,Female,71000,4,1.1,5,3,Yes,Yes,Yes,No
C4108,32,Male,23000,4,6.6,3,3,No,No,No,No
C4109,44,Male,75000,3,1.4,1,3,No,No,No,No
C4110,36,Male,25000,5,2.1,3,0,No,Yes,No,No
C4111,69,Female,59000,1,12.4,9,4,No,Yes,No,No
C4112,28,Female,55000,6,14.8,4,3,Yes,No,No,Yes
C4113,20,Female,42000,6,2.1,2,2,Yes,No,No,Yes
C4114,21,Female,41000,3,3.5,4,3,No,No,No,No
C4115,54,Male,51000,10,33.9,4,4,No,No,No,No
C4116,51,Male,67000,3,10.3,3,2,Yes,No,Yes,No
C4117,61,Male,35000,2,3.6,2,2,Yes,No,Yes,No
C4118,26,Female,39000,4,10.0,5,2,Yes,No,Yes,No
C4119,20,Female,31000,6,2.8,3,1,Yes,No,No,No
C4120,60,Female,122000,8,5.5,2,3,No,No,No,No
C4121,44,Female,42000,3,2.1,3,2,No,No,Yes,Yes
C4122,60,Male,38000,8,12.2,4,3,Yes,No,No,Yes
C4123,26,Male,90000,5,14.7,1,0,No,No,No,No
C4124,20,Female,170000,7,4.3,5,2,No,Yes,No,No
C4125,20,Female,65000,6,0.7,8,1,No,No,No,No
C4126,64,Male,34000,10,9.3,1,3,No,No,No,No
C4127,28,Male,76000,5,1.9,6,0,Yes,No,No,Yes
C4128,18,Male,32000,1,8.8,6,2,Yes,No,Yes,No
C4129,52,Female,65000,5,11.2,5,4,Yes,No,No,No
C4130,67,Male,47000,4,0.5,2,1,No,No,No,No
C4131,50,Female,91000,13,0.5,8,4,Yes,No,No,No
C4132,51,Male,26000,12,11.2,4,0,No,No,No,No
C4133,62,Male,33000,7,4.5,3,3,Yes,No,No,No
C4134,33,Female,37000,2,8.3,1,1,Yes,No,Yes,No
C4135,52,Male,52000,4,1.8,4,2,No,No,No,No
C4136,24,Male,37000,7,5.0,1,5,No,No,No,No
C4137,36,Male,43000,4,1.3,5,1,No,No,No,No
C4138,67,Male,28000,1,15.6,2,1,No,No,No,No
C4139,52,Female,91000,4,5.6,2,1,Yes,Yes,No,Yes
C4140,50,Male,26000,4,4.0,4,2,Yes,No,Yes,No
C4141,41,Male,54000,5,7.4,4,3,No,No,Yes,No
C4142,67,Male,67000,6,1.1,5,1,No,No,No,No
C4143,41,Male,52000,7,12.8,3,3,Yes,No,No,Yes
C4144,47,Female,42000,6,10.7,3,4,No,No,No,Yes
C4145,18,Female,160000,4,8.4,5,1,Yes,No,Yes,No
C4146,31,Male,110000,4,8.8,2,0,No,No,Yes,No
C4147,66,Male,37000,4,5.2,6,2,No,No,No,Yes
C4148,64,Male,78000,9,1.2,4,2,Yes,No,No,Yes
C4149,40,Female,26000,7,7.3,3,0,No,No,No,No
C4150,62,Female,102000,2,0.9,8,2,Yes,No,No,No
C4151,41,Female,47000,7,12.8,4,2,Yes,No,No,No
C4152,66,Male,59000,1,5.9,6,3,No,No,No,No
C4153,21,Female,40000,7,2.7,7,0,No,No,No,No
C4154,28,Female,57000,4,55.7,4,1,Yes,No,No,No
C4155,63,Male,35000,4,1.6,4,2,Yes,Yes,No,No
C4156,29,Male,22000,3,0.5,6,1,No,No,No,No
C4157,61,Female,40000,1,6.3,3,2,No,No,No,No
C4158,50,Female,59000,4,14.3,6,2,No,Yes,No,No
C4159,47,Female,75000,10,17.9,5,3,Yes,No,No,No
C4160,59,Female,43000,6,1.8,3,1,Yes,No,No,No
C4161,36,Female,28000,6,11.0,6,2,No,Yes,No,No
C4162,31,Female,48000,6,14.0,1,2,No,No,No,No
C4163,57,Male,30000,3,9.8,4,1,No,No,No,No
C4164,52,Male,41000,4,6.8,4,6,No,No,No,No
C4165,45,Female,41000,10,10.0,3,5,Yes,No,Yes,No
C4166,38,Female,99000,6,27.3,3,3,No,No,No,No
C4167,54,Female,21000,5,25.3,6,2,Yes,No,No,Yes
C4168,48,Male,25000,6,10.0,4,1,No,Yes,No,Yes
C4169,59,Female,48000,4,2.0,5,1,Yes,No,No,Yes
C4170,26,Male,98000,7,1.4,5,3,No,No,No,No
C4171,46,Male,26000,7,3.2,4,1,No,No,No,No
C4172,63,Female,38000,6,37.9,5,4,No,No,No,No
C4173,57,Female,95000,6,1.8,6,3,No,No,Yes,No
C4174,36,Male,77000,3,23.8,5,2,No,No,No,No
C4175,18,Female,34000,2,7.5,2,0,Yes,No,Yes,No
C4176,52,Male,34000,7,1.3,4,2,Yes,No,Yes,No
C4177,34,Male,22000,3,32.9,3,1,No,Yes,No,No
C4178,38,Female,78000,7,4.7,5,0,No,No,No,No
C4179,63,Male,56000,3,5.1,3,0,No,No,No,No
C4180,47,Male,38000,6,3.6,1,0,No,No,No,No
C4181,57,Male,48000,2,6.0,5,2,Yes,No,No,No
C4182,57,Female,48000,5,6.2,6,3,Yes,No,No,No
C4183,19,Male,30000,6,2.5,5,1,No,No,No,No
C4184,61,Female,32000,2,3.1,5,3,No,No,No,No
C4185,27,Male,24000,6,1.3,2,1,No,Yes,No,No
C4186,58,Male,57000,6,15.8,5,0,No,Yes,Yes,No
C4187,19,Female,18000,5,1.2,2,2,Yes,Yes,No,No
C4188,24,Female,130000,6,6.4,6,2,No,No,No,No
C4189,45,Female,25000,4,12.2,4,1,No,No,No,No
C4190,32,Male,35000,4,23.7,3,3,Yes,No,No,No
C4191,50,Female,63000,4,0.6,5,3,Yes,No,No,No
C4192,62,Male,26000,9,41.6,5,2,Yes,No,No,No
C4193,20,Male,62000,4,29.1,5,1,No,No,No,No
C4194,31,Male,61000,6,12.5,4,2,No,No,No,No
C4195,64,Male,32000,7,35.8,6,1,Yes,No,No,No
C4196,57,Female,51000,3,0.5,2,3,No,No,No,No
C4197,32,Female,84000,2,6.4,2,2,Yes,No,No,No
C4198,47,Male,51000,8,1.6,4,2,No,No,Yes,No
C4199,36,Male,67000,9,1.6,3,4,No,No,No,No
C4200,57,Female,30000,6,25.0,6,1,No,No,No,No
C4201,41,Female,58000,5,19.3,7,0,No,Yes,No,No
C4202,22,Male,64000,12,21.1,5,3,Yes,Yes,Yes,No
C4203,25,Female,47000,9,14.1,3,0,Yes,Yes,No,Yes
C4204,24,Male,64000,8,2.7,6,3,No,No,Yes,No
C4205,30,Female,49000,6,4.2,5,5,No,No,No,No
C4206,20,Female,62000,8,3.4,2,0,No,Yes,No,No
C4207,37,Male,64000,4,10.5,4,5,Yes,No,No,Yes
C4208,61,Male,29000,4,17.4,5,2,No,No,No,No
C4209,61,Female,27000,7,4.3,2,1,No,Yes,No,No
C4210,66,Male,33000,7,0.5,1,1,No,No,No,No
C4211,45,Male,25000,4,3.7,3,0,No,No,Yes,No
C4212,52,Male,24000,4,0.7,2,2,Yes,No,No,No
C4213,30,Male,20000,1,0.5,5,1,Yes,No,No,No
C4214,59,Male,80000,3,25.7,3,1,No,No,No,No
C4215,18,Male,84000,6,8.9,3,1,No,No,Yes,No
C4216,68,Male,38000,7,23.0,2,1,No,No,No,No
C4217,68,Male,34000,6,0.6,3,2,No,Yes,No,No
C4218,42,Male,43000,4,13.7,3,2,No,No,No,No
C4219,68,Female,55000,5,2.3,12,1,Yes,Yes,No,No
C4220,47,Female,37000,6,27.8,5,4,Yes,No,No,No
C4221,48,Male,39000,5,3.7,6,4,No,No,Yes,No
C4222,57,Male,52000,3,4.6,4,3,No,No,No,No
C4223,68,Female,49000,7,5.4,4,2,No,No,No,No
C4224,41,Male,30000,10,5.4,7,2,No,No,No,No
C4225,59,Female,35000,5,11.8,4,2,Yes,No,No,No
C4226,62,Male,43000,6,6.6,3,1,Yes,No,No,No
C4227,46,Male,37000,6,9.7,1,2,No,No,No,Yes
C4228,42,Female,63000,4,18.3,2,2,Yes,No,No,No
C4229,25,Male,33000,8,16.5,6,3,Yes,Yes,No,No
C4230,29,Male,35000,5,4.7,3,3,No,No,No,No
C4231,28,Male,33000,7,0.5,1,2,Yes,No,Yes,No
C4232,24,Male,61000,4,15.0,2,3,No,No,No,No
C4233,58,Male,104000,4,3.8,4,4,No,Yes,No,No
C4234,32,Male,26000,7,9.4,3,3,No,Yes,Yes,No
C4235,18,Female,134000,9,13.4,1,5,Yes,No,No,Yes
C4236,62,Male,72000,9,4.2,1,1,No,No,No,No
C4237,63,Male,59000,4,0.8,4,1,Yes,No,No,No
C4238,46,Male,41000,4,5.3,9,1,No,No,Yes,No
C4239,27,Female,30000,5,1.8,2,0,No,No,No,No
C4240,41,Female,42000,1,2.7,4,6,No,No,Yes,Yes
C4241,67,Female,39000,4,1.1,7,1,No,Yes,No,No
C4242,25,Female,88000,5,0.6,3,1,No,No,Yes,No
C4243,68,Female,56000,8,0.5,1,1,No,No,No,No
C4244,35,Male,46000,4,4.3,4,2,No,No,No,No
C4245,59,Male,48000,4,20.4,2,5,Yes,No,No,No
C4246,49,Male,60000,4,0.5,4,1,Yes,No,No,No
C4247,51,Female,78000,2,8.8,5,3,No,No,No,Yes
C4248,63,Male,30000,8,18.2,2,2,No,Yes,No,No
C4249,23,Female,48000,5,2.0,4,0,No,No,No,No
C4250,43,Male,40000,11,0.9,3,1,No,Yes,No,Yes
C4251,52,Male,46000,8,3.8,4,4,No,Yes,No,Yes
C4252,67,Male,63000,5,0.5,7,2,No,No,No,No
C4253,42,Female,49000,8,0.5,2,3,Yes,Yes,No,No
C4254,38,Female,46000,5,0.8,5,3,No,No,No,Yes
C4255,55,Female,82000,9,0.9,3,1,No,Yes,No,No
C4256,61,Male,199000,3,1.1,2,3,No,No,Yes,No
C4257,37,Male,77000,3,9.8,6,1,No,No,No,No
C4258,64,Female,26000,7,3.1,2,5,Yes,No,No,Yes
C4259,25,Female,75000,3,12.7,3,1,No,No,No,No
C4260,32,Female,100000,2,12.1,1,2,Yes,No,No,Yes
C4261,19,Female,96000,6,11.8,3,3,Yes,Yes,Yes,No
C4262,49,Female,81000,8,4.9,4,2,No,No,No,No
C4263,61,Male,74000,3,3.1,4,4,No,No,Yes,No
C4264,35,Female,52000,2,2.0,8,1,No,No,No,No
C4265,67,Female,95000,6,1.1,6,2,No,No,No,No
C4266,42,Male,67000,8,7.2,8,2,No,No,No,No
C4267,24,Male,32000,7,5.2,11,3,Yes,No,No,No
C4268,58,Male,48000,2,13.6,2,3,Yes,No,No,No
C4269,54,Male,48000,3,4.8,11,1,Yes,No,No,No
C4270,47,Female,38000,9,0.5,5,3,No,No,Yes,No
C4271,58,Female,105000,4,4.0,2,3,Yes,No,No,Yes
C4272,53,Female,42000,6,0.5,7,3,Yes,No,Yes,No
C4273,18,Female,95000,6,22.7,2,1,No,No,No,No
C4274,30,Female,107000,7,21.4,5,0,No,No,Yes,No
C4275,69,Female,54000,8,18.6,5,0,No,No,No,Yes
C4276,27,Female,16000,5,4.8,6,3,No,No,No,No
C4277,22,Female,70000,6,8.8,4,6,No,No,No,No
C4278,61,Female,28000,1,2.5,2,2,No,No,Yes,No
C4279,41,Female,43000,3,7.6,4,2,Yes,Yes,No,No
C4280,49,Female,38000,5,19.0,7,3,No,Yes,No,No
C4281,27,Female,54000,6,1.9,2,1,No,Yes,No,No
C4282,23,Male,44000,3,0.6,3,3,No,No,No,No
C4283,64,Male,40000,4,40.9,4,3,Yes,No,No,No
C4284,55,Male,64000,4,11.5,3,1,No,No,No,Yes
C4285,32,Male,16000,2,0.5,1,1,No,No,No,No
C4286,54,Female,37000,3,7.4,3,5,No,No,No,No
C4287,29,Female,42000,2,8.4,6,3,No,No,No,No
C4288,48,Male,60000,5,4.8,4,2,Yes,Yes,No,No
C4289,55,Male,111000,5,0.8,6,3,No,No,No,No
C4290,32,Male,33000,4,8.4,5,5,No,No,No,No
C4291,44,Female,41000,4,5.9,4,3,Yes,No,No,No
C4292,34,Male,37000,7,4.7,8,1,No,No,No,No
C4293,52,Male,29000,4,1.3,2,3,No,No,No,Yes
C4294,68,Female,79000,4,0.7,6,2,Yes,No,No,No
C4295,46,Male,58000,4,2.1,1,2,No,No,No,No
C4296,18,Female,53000,5,11.6,3,1,Yes,No,No,No
C4297,39,Male,40000,8,9.0,6,4,No,Yes,No,No
C4298,34,Female,53000,5,0.5,1,1,Yes,No,No,No
C4299,27,Female,78000,5,15.9,3,1,No,No,No,No
C4300,37,Male,45000,5,2.8,1,1,No,No,No,No
C4301,27,Female,68000,7,18.9,3,3,No,No,Yes,No
C4302,46,Male,65000,2,8.7,5,1,No,No,No,No
C4303,44,Female,56000,4,2.6,2,2,Yes,No,No,No
C4304,65,Female,36000,6,50.7,8,0,No,Yes,No,No
C4305,24,Male,77000,8,2.8,2,2,No,No,No,No
C4306,18,Male,41000,5,15.3,5,0,No,No,No,No
C4307,30,Female,42000,8,22.6,4,5,No,No,No,No
C4308,55,Male,99000,5,1.9,3,0,No,No,No,No
C4309,60,Female,98000,4,36.1,3,2,No,Yes,No,Yes
C4310,62,Female,70000,2,10.3,3,2,No,No,No,No
C4311,59,Female,38000,6,14.5,5,2,No,No,No,No
C4312,47,Female,53000,6,7.9,5,2,No,No,No,No
C4313,28,Male,54000,3,3.7,3,1,No,No,No,No
C4314,68,Female,43000,10,2.9,7,2,No,No,Yes,No
C4315,23,Female,22000,5,4.6,1,1,Yes,No,No,No
C4316,22,Male,61000,7,1.7,3,3,No,No,No,No
C4317,51,Female,28000,6,8.1,9,3,No,No,Yes,No
C4318,26,Female,41000,13,2.5,5,1,No,No,No,No
C4319,65,Male,35000,6,2.8,7,5,No,No,No,No
C4320,42,Female,108000,4,9.2,4,1,Yes,No,Yes,No
C4321,40,Female,38000,4,3.7,4,3,No,No,Yes,No
C4322,64,Male,49000,6,5.1,6,2,No,No,No,No
C4323,42,Female,50000,5,7.0,3,3,No,No,No,Yes
C4324,39,Male,70000,12,12.3,4,0,Yes,No,No,Yes
C4325,19,Male,30000,4,16.7,2,0,Yes,No,No,Yes
C4326,57,Female,23000,1,18.7,9,1,No,No,No,No
C4327,40,Female,58000,4,0.9,5,3,Yes,No,No,Yes
C4328,28,Male,54000,6,0.5,4,5,No,No,No,No
C4329,67,Male,67000,7,10.3,2,5,Yes,No,No,No
C4330,44,Male,58000,1,8.7,5,2,No,Yes,No,No
C4331,35,Female,56000,10,0.5,4,1,Yes,No,No,No
C4332,36,Female,47000,3,18.1,4,2,No,No,No,No
C4333,42,Female,40000,1,1.0,4,1,No,Yes,No,No
C4334,32,Female,67000,4,4.9,4,0,No,No,No,No
C4335,31,Female,42000,6,10.5,3,1,No,No,No,Yes
C4336,66,Male,64000,5,31.5,5,3,No,No,No,No
C4337,62,Male,59000,2,7.4,4,5,No,Yes,No,No
C4338,64,Male,24000,4,11.7,5,3,Yes,No,No,No
C4339,24,Male,76000,7,3.0,3,3,No,No,No,No
C4340,34,Female,29000,2,1.3,3,0,No,No,No,Yes
C4341,43,Male,65000,6,6.8,5,5,No,Yes,No,Yes
C4342,44,Male,93000,4,0.5,1,1,Yes,No,No,No
C4343,46,Male,118000,8,9.9,2,2,Yes,Yes,No,Yes
C4344,46,Male,178000,1,14.4,5,4,No,No,No,Yes
C4345,36,Female,96000,2,0.5,6,1,Yes,Yes,No,No
C4346,58,Female,41000,9,1.8,2,0,Yes,No,No,No
C4347,61,Male,67000,5,17.8,5,8,Yes,No,No,No
C4348,56,Female,44000,4,0.9,6,4,Yes,No,No,Yes
C4349,44,Male,75000,5,0.5,4,0,No,Yes,No,No
C4350,25,Female,29000,1,0.5,5,2,No,No,No,No
C4351,29,Female,38000,3,8.5,1,2,No,No,No,No
C4352,40,Male,54000,10,4.2,7,0,No,No,No,No
C4353,20,Male,36000,3,10.4,7,1,No,No,No,No
C4354,59,Male,63000,4,1.4,3,2,No,No,No,No
C4355,67,Female,82000,7,5.1,2,0,Yes,Yes,Yes,Yes
C4356,25,Male,23000,2,7.1,3,3,No,No,No,No
C4357,69,Female,77000,8,3.5,5,0,No,No,No,No
C4358,46,Female,40000,8,11.0,5,0,No,No,No,Yes
C4359,27,Female,66000,11,2.9,7,2,No,No,No,No
C4360,32,Male,57000,4,1.9,3,2,No,No,No,No
C4361,44,Female,108000,11,1.1,5,6,Yes,No,No,No
C4362,55,Male,71000,3,0.8,3,2,No,No,No,No
C4363,66,Female,29000,3,0.8,6,2,Yes,No,No,No
C4364,45,Male,28000,6,0.8,6,1,No,No,Yes,No
C4365,48,Male,44000,5,3.6,4,2,No,No,No,No
C4366,24,Female,77000,5,5.4,3,2,Yes,No,No,No
C4367,44,Male,53000,6,8.1,5,0,No,Yes,No,No
C4368,36,Male,52000,5,11.6,3,1,No,No,No,No
C4369,18,Female,32000,5,0.5,1,4,No,No,No,No
C4370,25,Male,32000,5,1.2,3,2,Yes,No,Yes,No
C4371,33,Male,48000,7,0.5,6,0,Yes,No,No,No
C4372,22,Female,56000,5,2.9,5,6,No,No,No,No
C4373,55,Female,40000,8,21.6,8,2,Yes,No,Yes,No
C4374,68,Male,59000,5,43.5,4,0,No,No,No,No
C4375,55,Female,29000,4,2.7,6,2,No,No,Yes,No
C4376,35,Male,37000,5,9.9,1,0,Yes,No,No,No
C4377,32,Female,42000,3,3.2,5,3,Yes,No,No,No
C4378,42,Male,46000,10,1.5,9,5,No,Yes,No,No
C4379,44,Male,33000,4,38.3,4,2,No,No,Yes,No
C4380,27,Female,41000,5,11.1,3,2,Yes,No,Yes,Yes
C4381,53,Female,65000,4,0.5,4,3,No,No,No,No
C4382,68,Male,16000,6,0.5,4,2,No,No,No,Yes
C4383,24,Male,150000,7,4.4,3,3,No,No,No,No
C4384,23,Female,84000,3,0.5,6,0,No,No,No,No
C4385,62,Male,69000,2,1.0,4,0,No,No,No,No
C4386,19,Male,33000,4,0.5,5,2,No,No,No,No
C4387,67,Male,44000,2,16.9,3,2,Yes,No,Yes,No
C4388,50,Male,128000,6,11.2,2,5,No,No,No,No
C4389,53,Male,25000,2,24.7,4,1,No,No,Yes,No
C4390,35,Male,53000,2,11.4,4,1,No,Yes,No,Yes
C4391,67,Female,44000,4,4.5,5,2,No,No,Yes,No
C4392,64,Female,56000,8,0.5,2,3,Yes,No,No,No
C4393,33,Female,70000,5,17.3,4,1,Yes,No,No,Yes
C4394,39,Male,39000,4,3.2,4,2,Yes,Yes,No,Yes
C4395,44,Male,96000,12,0.6,4,5,Yes,No,No,No
C4396,29,Female,46000,2,0.5,2,1,Yes,Yes,No,Yes
C4397,47,Female,54000,5,3.3,9,2,No,Yes,No,No
C4398,26,Male,39000,5,0.5,5,1,No,No,No,No
C4399,34,Male,75000,3,6.1,1,1,Yes,No,Yes,No
C4400,54,Male,37000,4,0.6,6,4,No,Yes,No,No
C4401,22,Male,60000,6,24.5,3,1,No,No,No,No
C4402,30,Male,44000,5,3.0,4,1,No,Yes,No,No
C4403,54,Male,39000,2,21.1,1,0,Yes,No,No,No
C4404,24,Female,39000,6,2.6,2,0,No,No,No,No
C4405,20,Female,36000,1,5.4,2,2,Yes,Yes,No,No
C4406,55,Female,35000,5,6.0,2,4,No,No,No,No
C4407,18,Male,39000,1,1.7,4,1,No,No,No,No
C4408,31,Male,35000,3,14.5,2,3,Yes,No,No,No
C4409,62,Male,21000,11,1.3,4,3,No,No,Yes,No
C4410,25,Male,53000,3,12.2,1,1,No,No,No,No
C4411,20,Female,62000,3,0.5,5,2,Yes,No,No,No
C4412,33,Female,28000,3,9.5,5,2,No,No,No,No
C4413,67,Female,96000,4,8.2,6,2,No,No,No,No
C4414,68,Male,32000,6,8.9,4,1,No,No,No,No
C4415,21,Female,61000,5,2.6,6,3,No,No,No,No
C4416,55,Male,80000,4,5.1,9,0,No,Yes,No,No
C4417,59,Female,74000,7,1.5,10,0,Yes,No,No,No
C4418,46,Male,74000,6,2.1,5,4,Yes,No,No,Yes
C4419,36,Female,40000,1,11.7,2,3,No,No,No,No
C4420,63,Female,52000,2,12.9,4,3,Yes,No,No,Yes
C4421,37,Female,43000,2,5.2,3,1,No,No,Yes,No
C4422,27,Female,39000,6,9.9,5,4,Yes,Yes,No,No
C4423,28,Female,33000,5,2.0,8,0,No,No,Yes,No
C4424,22,Female,29000,9,15.1,6,3,Yes,Yes,No,No
C4425,69,Male,47000,1,19.0,5,0,Yes,No,No,No
C4426,45,Female,33000,4,3.6,3,2,Yes,No,No,No
C4427,18,Male,87000,8,2.9,4,2,Yes,No,No,No
C4428,69,Female,121000,4,17.6,1,1,No,Yes,No,Yes
C4429,51,Male,49000,4,5.2,2,2,No,No,No,No
C4430,52,Male,44000,7,2.2,5,1,No,No,No,Yes
C4431,43,Male,75000,3,5.6,6,3,No,No,Yes,No
C4432,26,Female,106000,5,0.5,2,4,No,No,No,No
C4433,52,Female,22000,10,3.2,5,4,No,No,Yes,No
C4434,49,Female,50000,5,3.9,4,2,Yes,Yes,Yes,No
C4435,23,Male,53000,7,17.0,2,2,No,No,Yes,No
C4436,48,Female,56000,3,19.0,4,1,No,No,No,No
C4437,38,Female,36000,6,21.5,5,1,Yes,No,No,No
C4438,26,Male,26000,7,7.4,3,1,Yes,No,No,Yes
C4439,44,Male,38000,3,16.2,4,1,Yes,No,No,No
C4440,60,Female,50000,3,0.8,2,1,No,No,Yes,No
C4441,22,Female,40000,3,7.6,2,4,No,No,Yes,No
C4442,47,Female,101000,3,0.5,4,2,Yes,No,No,No
C4443,51,Male,49000,2,9.8,5,0,Yes,No,No,No
C4444,37,Male,38000,4,2.7,1,2,No,No,No,No
C4445,29,Male,37000,2,10.0,4,2,Yes,No,No,No
C4446,58,Female,164000,5,1.3,8,1,No,No,No,No
C4447,32,Female,68000,13,0.5,10,1,No,No,No,No
C4448,33,Female,43000,4,2.8,8,1,No,No,No,No
C4449,21,Female,81000,4,9.5,5,1,No,No,Yes,No
C4450,60,Female,75000,1,13.8,2,4,No,No,Yes,No
C4451,33,Male,42000,7,20.0,2,3,Yes,No,No,No
C4452,67,Male,84000,4,10.1,5,0,No,No,Yes,No
C4453,62,Male,37000,4,12.9,8,4,Yes,Yes,No,No
C4454,37,Female,129000,4,7.4,3,1,Yes,No,No,No
C4455,28,Male,34000,3,19.1,5,1,No,Yes,No,No
C4456,50,Female,47000,6,30.8,3,2,Yes,No,Yes,No
C4457,66,Male,74000,7,0.5,1,0,No,No,No,No
C4458,49,Male,94000,4,16.3,3,2,Yes,Yes,No,No
C4459,47,Female,42000,6,7.8,5,2,Yes,No,No,No
C4460,40,Female,58000,2,9.9,2,2,No,No,No,No
C4461,27,Male,41000,6,4.6,4,1,No,No,No,No
C4462,31,Male,66000,1,9.7,3,0,Yes,No,No,No
C4463,46,Female,72000,2,2.6,6,4,Yes,No,No,No
C4464,69,Female,49000,8,1.2,6,1,No,No,No,No
C4465,19,Female,67000,4,1.9,3,0,Yes,No,No,No
C4466,36,Female,68000,5,27.5,8,4,No,No,No,Yes
C4467,53,Male,20000,3,10.7,2,3,Yes,No,Yes,Yes
C4468,46,Female,49000,3,12.5,6,4,Yes,Yes,No,No
C4469,32,Male,80000,4,1.5,2,2,No,No,No,No
C4470,61,Female,41000,5,1.5,3,3,No,No,No,No
C4471,48,Female,24000,9,6.3,6,1,No,No,No,No
C4472,30,Female,52000,5,8.5,4,1,No,No,No,No
C4473,30,Male,37000,2,6.7,7,1,No,No,No,No
C4474,65,Female,137000,7,3.8,1,1,No,No,No,No
C4475,42,Female,34000,3,6.4,7,5,No,No,No,No
C4476,28,Female,27000,7,1.3,3,2,No,No,Yes,No
C4477,37,Female,59000,10,12.1,3,2,No,Yes,Yes,No
C4478,19,Female,44000,4,4.9,5,1,No,No,Yes,Yes
C4479,32,Female,48000,5,3.8,6,2,Yes,No,No,No
C4480,37,Female,49000,7,14.4,5,2,No,No,No,No
C4481,21,Female,20000,6,11.3,4,2,No,No,No,No
C4482,45,Female,33000,3,1.9,4,3,No,Yes,No,No
C4483,60,Female,40000,3,9.3,6,0,No,No,Yes,No
C4484,25,Male,67000,3,5.2,5,3,No,Yes,Yes,No
C4485,25,Female,58000,6,7.7,3,1,Yes,No,No,Yes
C4486,48,Male,39000,4,0.5,4,1,No,No,Yes,No
C4487,35,Female,39000,4,4.1,5,1,No,Yes,Yes,Yes
C4488,33,Female,108000,4,1.4,2,3,No,No,No,No
C4489,50,Male,96000,7,0.5,4,1,Yes,No,No,No
C4490,51,Female,105000,7,9.9,5,0,No,No,No,No
C4491,22,Male,36000,7,4.5,2,0,Yes,No,No,Yes
C4492,34,Female,32000,4,2.0,2,4,Yes,No,No,Yes
C4493,48,Male,105000,7,5.5,5,3,Yes,No,No,No
C4494,20,Female,23000,5,4.5,6,0,Yes,No,No,Yes
C4495,51,Female,52000,5,6.6,6,1,No,Yes,No,No
C4496,27,Female,102000,3,3.1,5,2,No,No,No,No
C4497,31,Male,56000,3,2.5,7,1,No,No,Yes,No
C4498,54,Female,50000,1,12.5,6,1,Yes,No,No,No
C4499,30,Male,125000,5,4.4,2,5,No,No,Yes,No
C4500,31,Female,23000,5,5.5,2,2,No,No,No,No
C4501,27,Male,104000,7,22.9,4,1,No,No,No,No
C4502,47,Female,35000,5,20.5,3,1,No,No,No,No
C4503,27,Female,33000,2,42.4,8,4,No,No,Yes,No
C4504,40,Female,22000,6,1.1,2,3,No,No,No,No
C4505,41,Female,75000,4,13.4,4,2,Yes,No,No,Yes
C4506,48,Male,84000,7,5.1,4,1,No,No,No,No
C4507,56,Male,61000,6,3.2,5,1,Yes,No,No,No
C4508,45,Male,48000,5,7.7,4,1,No,No,No,No
C4509,26,Female,32000,2,2.6,6,2,Yes,No,Yes,No
C4510,47,Female,131000,9,8.9,4,5,Yes,Yes,No,Yes
C4511,60,Male,28000,2,12.4,4,2,No,No,No,No
C4512,19,Male,16000,3,14.3,4,2,Yes,No,No,Yes
C4513,19,Male,42000,3,24.0,1,2,No,No,No,No
C4514,45,Male,73000,6,2.4,7,3,Yes,Yes,No,Yes
C4515,27,Female,26000,4,5.5,5,3,No,No,No,No
C4516,54,Male,66000,5,2.3,5,2,No,Yes,Yes,No
C4517,53,Female,23000,6,14.5,3,1,No,Yes,No,No
C4518,55,Female,34000,3,10.3,4,4,Yes,No,No,No
C4519,45,Male,55000,4,1.3,7,2,No,No,No,No
C4520,59,Male,29000,2,2.1,3,3,Yes,Yes,No,Yes
C4521,56,Female,31000,4,7.9,5,2,No,No,No,No
C4522,45,Female,119000,6,2.8,6,3,No,No,No,No
C4523,20,Male,65000,6,1.9,6,1,No,Yes,Yes,No
C4524,23,Male,31000,6,9.4,2,5,Yes,Yes,Yes,No
C4525,63,Male,66000,5,16.1,4,2,Yes,No,No,No
C4526,22,Female,21000,5,1.9,4,3,No,No,No,No
C4527,66,Female,52000,7,6.4,2,3,Yes,No,Yes,Yes
C4528,43,Male,71000,5,2.4,5,1,No,No,No,No
C4529,69,Male,84000,2,36.7,5,1,No,No,No,No
C4530,36,Female,52000,5,9.3,4,2,No,Yes,No,No
C4531,65,Male,62000,5,22.8,1,2,Yes,No,No,No
C4532,66,Male,49000,7,7.6,1,1,No,No,No,No
C4533,29,Female,55000,3,4.3,4,3,Yes,No,No,Yes
C4534,19,Female,79000,3,2.7,6,2,No,No,No,No
C4535,56,Male,33000,9,1.1,4,4,No,No,No,No
C4536,48,Male,48000,11,9.9,4,6,No,No,Yes,Yes
C4537,43,Female,50000,9,1.9,5,1,Yes,No,No,No
C4538,55,Female,75000,6,5.5,2,3,No,No,No,No
C4539,52,Male,74000,2,11.7,8,0,No,Yes,Yes,No
C4540,29,Female,39000,11,15.0,5,1,No,No,No,No
C4541,36,Female,114000,2,5.4,1,1,Yes,No,No,Yes
C4542,39,Male,23000,3,3.8,2,2,No,No,No,No
C4543,61,Male,56000,4,20.5,6,1,Yes,No,No,No
C4544,68,Male,40000,6,2.6,4,2,Yes,No,No,No
C4545,63,Male,46000,3,0.5,5,2,No,No,Yes,No
C4546,68,Female,50000,6,0.5,9,5,No,No,Yes,Yes
C4547,51,Female,107000,7,4.0,7,1,No,Yes,No,Yes
C4548,61,Female,31000,5,1.2,6,0,Yes,No,Yes,No
C4549,42,Female,44000,7,0.5,6,3,No,No,No,No
C4550,58,Female,37000,3,3.3,2,2,No,Yes,No,No
C4551,33,Male,58000,2,7.1,8,0,Yes,Yes,Yes,No
C4552,29,Female,63000,3,3.9,5,0,No,Yes,No,No
C4553,57,Male,41000,7,24.8,7,1,No,No,Yes,No
C4554,22,Male,24000,5,10.3,4,3,No,No,Yes,No
C4555,35,Female,23000,2,7.1,6,1,Yes,No,No,Yes
C4556,43,Female,88000,3,6.8,5,3,Yes,No,No,No
C4557,53,Male,65000,3,4.9,9,0,No,No,Yes,No
C4558,23,Male,89000,5,5.0,3,3,Yes,No,No,No
C4559,18,Male,53000,5,1.9,2,1,No,No,Yes,No
C4560,59,Male,166000,6,0.5,5,1,Yes,No,No,No
C4561,31,Male,50000,5,3.1,3,0,Yes,Yes,Yes,No
C4562,22,Male,22000,3,0.6,4,2,Yes,No,No,No
C4563,59,Female,98000,7,6.5,4,3,No,Yes,No,No
C4564,34,Male,60000,7,10.3,6,1,No,Yes,No,Yes
C4565,29,Male,44000,8,3.9,4,1,No,No,No,No
C4566,68,Female,40000,4,0.6,5,4,No,No,No,No
C4567,23,Female,64000,6,1.9,9,2,No,No,No,No
C4568,32,Female,79000,6,2.5,3,1,Yes,Yes,No,No
C4569,50,Female,59000,3,19.4,3,1,No,No,No,Yes
C4570,42,Female,54000,4,15.2,5,2,No,Yes,No,Yes
C4571,24,Female,58000,8,23.2,3,0,No,No,No,No
C4572,29,Female,133000,7,13.7,8,2,No,No,No,Yes
C4573,44,Male,42000,5,5.2,2,0,No,No,No,No
C4574,34,Female,51000,1,2.7,3,0,Yes,No,Yes,No
C4575,33,Female,45000,5,5.0,3,2,No,No,No,No
C4576,47,Male,57000,4,17.5,5,3,Yes,No,Yes,No
C4577,18,Male,31000,5,4.8,4,2,No,No,Yes,No
C4578,54,Female,71000,5,9.1,3,2,Yes,No,No,Yes
C4579,46,Female,33000,8,10.1,1,1,Yes,No,No,No
C4580,44,Female,100000,6,1.9,1,6,No,No,No,No
C4581,58,Female,54000,7,5.8,2,0,No,No,No,No
C4582,24,Male,26000,4,3.8,3,5,No,No,Yes,No
C4583,62,Male,40000,1,0.5,5,3,No,No,No,No
C4584,50,Female,58000,9,4.4,1,1,No,Yes,Yes,Yes
C4585,64,Male,54000,5,5.1,6,1,No,Yes,No,No
C4586,20,Male,46000,2,7.0,1,2,No,No,Yes,No
C4587,58,Female,27000,7,22.9,3,1,No,No,No,No
C4588,51,Female,30000,4,24.3,7,1,Yes,No,No,No
C4589,21,Male,41000,3,3.6,3,2,No,No,No,No
C4590,48,Female,250000,5,20.0,2,1,No,Yes,No,Yes
C4591,18,Female,40000,7,0.6,7,4,No,No,Yes,No
C4592,27,Female,42000,3,10.1,2,2,No,No,Yes,No
C4593,59,Female,42000,5,3.4,4,3,Yes,Yes,No,No
C4594,66,Male,55000,6,1.3,5,0,No,Yes,No,No
C4595,42,Male,31000,9,17.7,3,2,No,No,No,No
C4596,27,Male,88000,4,12.0,2,3,No,No,No,No
C4597,41,Male,68000,8,24.6,7,2,No,No,No,No
C4598,51,Female,67000,7,5.3,3,5,Yes,No,No,No
C4599,68,Female,96000,5,5.4,5,2,No,No,No,No
C4600,69,Female,19000,6,3.4,2,1,No,No,No,No
C4601,22,Male,38000,9,4.8,5,1,Yes,No,No,No
C4602,59,Female,24000,5,6.3,3,0,Yes,No,No,No
C4603,62,Female,110000,7,6.3,4,2,No,No,Yes,No
C4604,49,Female,93000,10,9.3,5,0,Yes,No,Yes,No
C4605,36,Male,36000,8,0.9,3,4,No,Yes,No,No
C4606,30,Female,65000,7,11.1,1,1,No,Yes,No,No
C4607,23,Male,36000,5,8.8,4,5,Yes,No,Yes,No
C4608,31,Female,50000,7,3.0,4,0,Yes,No,No,No
C4609,29,Female,21000,3,20.7,3,3,Yes,No,No,Yes
C4610,22,Female,37000,3,1.3,8,2,No,No,No,No
C4611,44,Male,47000,3,2.7,6,0,No,No,No,No
C4612,69,Male,89000,2,4.9,2,2,No,No,No,No
C4613,27,Male,43000,2,13.1,2,2,No,Yes,No,No
C4614,30,Male,41000,3,0.5,5,2,No,Yes,No,Yes
C4615,52,Male,54000,10,1.4,3,5,No,No,No,No
C4616,24,Female,66000,6,22.4,1,4,No,No,No,No
C4617,23,Male,87000,4,21.8,4,1,No,No,No,No
C4618,19,Male,104000,7,2.0,6,2,No,No,No,Yes
C4619,46,Female,33000,8,7.9,3,0,Yes,No,No,Yes
C4620,23,Male,24000,4,5.7,7,4,No,No,No,No
C4621,18,Female,51000,8,35.2,3,3,No,No,Yes,No
C4622,32,Male,58000,9,9.3,3,1,No,No,No,No
C4623,67,Female,59000,6,1.2,2,0,Yes,No,No,No
C4624,69,Female,54000,5,4.1,4,3,No,No,No,No
C4625,37,Female,26000,8,1.5,4,2,Yes,No,No,No
C4626,33,Female,51000,9,6.1,4,3,No,Yes,No,No
C4627,59,Male,45000,3,8.6,2,4,No,Yes,No,No
C4628,54,Male,42000,5,5.9,12,2,No,No,No,No
C4629,37,Female,30000,4,10.5,8,4,No,No,Yes,No
C4630,28,Female,35000,6,6.6,2,2,No,No,Yes,No
C4631,61,Male,30000,6,2.9,5,1,Yes,No,Yes,No
C4632,41,Female,67000,8,0.5,4,5,No,Yes,No,No
C4633,36,Male,146000,5,28.7,3,4,No,No,No,No
C4634,34,Male,89000,5,8.9,8,0,Yes,No,No,Yes
C4635,45,Female,98000,8,8.2,2,3,No,Yes,No,No
C4636,41,Female,76000,5,2.0,4,2,No,No,No,No
C4637,53,Male,247000,5,9.0,1,0,Yes,No,No,No
C4638,43,Female,73000,4,7.2,5,2,No,No,No,No
C4639,41,Female,109000,7,8.0,3,1,No,No,Yes,No
C4640,69,Male,55000,6,5.5,5,4,No,Yes,No,No
C4641,30,Male,45000,3,2.4,1,3,No,No,Yes,No
C4642,26,Male,80000,5,1.3,5,1,Yes,No,No,Yes
C4643,20,Female,88000,2,10.7,2,5,Yes,No,No,Yes
C4644,50,Male,66000,7,9.7,1,1,Yes,No,Yes,Yes
C4645,24,Male,43000,2,4.0,2,2,No,No,No,No
C4646,55,Female,45000,12,2.7,5,4,Yes,No,No,No
C4647,23,Female,136000,8,5.1,5,2,Yes,No,No,Yes
C4648,36,Female,99000,5,1.7,2,0,No,No,No,No
C4649,25,Male,33000,3,25.1,3,4,No,No,No,No
C4650,63,Male,43000,1,18.4,4,1,No,Yes,Yes,Yes
C4651,68,Male,53000,7,9.6,3,4,Yes,No,No,No
C4652,59,Female,27000,6,9.2,6,3,No,No,Yes,Yes
C4653,46,Male,38000,6,19.5,4,2,Yes,No,Yes,No
C4654,49,Male,60000,4,10.0,10,0,No,No,No,No
C4655,38,Female,21000,4,5.3,3,3,No,No,No,No
C4656,25,Male,63000,5,2.9,4,3,No,No,No,No
C4657,39,Female,43000,3,29.1,6,3,No,No,Yes,No
C4658,60,Female,32000,4,7.5,4,2,Yes,No,No,No
C4659,43,Male,69000,2,8.3,6,2,Yes,No,Yes,No
C4660,30,Male,52000,5,0.5,6,1,Yes,No,No,No
C4661,64,Female,34000,7,4.9,3,1,Yes,No,Yes,No
C4662,47,Male,77000,10,7.5,4,3,Yes,No,No,No
C4663,39,Male,53000,1,5.6,2,1,No,No,No,No
C4664,47,Male,44000,6,7.2,5,1,No,No,No,No
C4665,34,Female,62000,4,15.2,9,1,No,No,No,No
C4666,23,Male,40000,13,7.4,6,3,No,No,Yes,No
C4667,36,Male,80000,3,1.6,1,2,No,No,No,No
C4668,47,Male,27000,5,6.5,3,3,Yes,No,No,No
C4669,33,Male,142000,8,1.3,3,1,No,No,No,No
C4670,25,Female,57000,6,9.6,5,0,Yes,No,No,No
C4671,29,Male,105000,2,11.9,5,2,Yes,No,Yes,No
C4672,40,Male,66000,6,7.4,3,1,No,No,No,No
C4673,49,Male,19000,2,18.0,2,3,No,No,No,No
C4674,47,Male,39000,5,5.9,5,2,No,No,No,No
C4675,36,Female,59000,6,1.1,4,3,No,No,No,No
C4676,68,Male,111000,10,1.9,4,3,No,No,Yes,No
C4677,49,Male,53000,5,0.5,3,1,Yes,No,No,No
C4678,53,Male,60000,4,3.7,6,0,Yes,No,No,No
C4679,26,Female,95000,5,10.3,6,1,No,No,No,No
C4680,31,Female,26000,3,25.4,3,2,No,No,No,No
C4681,64,Male,19000,5,1.7,5,5,No,No,No,No
C4682,51,Male,155000,5,9.8,2,3,No,No,No,No
C4683,63,Male,61000,4,1.4,7,2,Yes,Yes,Yes,Yes
C4684,27,Male,19000,7,9.5,5,2,No,No,No,No
C4685,39,Female,25000,2,3.5,4,5,Yes,No,No,No
C4686,50,Female,30000,3,5.6,4,1,Yes,No,No,Yes
C4687,27,Male,81000,4,2.2,1,3,No,No,No,No
C4688,68,Female,44000,1,4.5,4,3,Yes,No,No,Yes
C4689,37,Male,23000,7,11.1,8,1,Yes,No,No,No
C4690,46,Female,75000,4,14.4,7,2,No,Yes,No,No
C4691,68,Female,63000,3,2.4,3,7,No,Yes,No,Yes
C4692,21,Female,38000,12,10.1,6,3,No,No,No,No
C4693,49,Male,39000,4,8.4,2,1,No,No,No,No
C4694,62,Male,26000,7,4.9,4,2,No,No,Yes,No
C4695,66,Female,28000,8,13.1,4,1,No,No,No,No
C4696,63,Female,15000,5,1.9,10,1,No,No,No,No
C4697,47,Female,70000,7,0.7,4,3,Yes,No,No,No
C4698,66,Male,111000,5,0.5,3,0,Yes,No,No,Yes
C4699,68,Female,124000,3,10.4,2,0,Yes,No,No,No
C4700,55,Male,33000,10,2.6,8,1,No,No,No,No
C4701,58,Female,72000,6,18.3,6,1,Yes,No,No,No
C4702,62,Male,36000,4,27.0,3,2,No,No,Yes,No
C4703,39,Female,37000,4,1.0,8,2,Yes,Yes,No,No
C4704,43,Female,77000,6,7.6,4,2,No,No,No,No
C4705,21,Male,59000,6,3.7,1,2,No,No,No,No
C4706,67,Male,29000,4,9.4,2,3,No,No,Yes,Yes
C4707,60,Female,48000,4,6.9,5,3,No,Yes,No,No
C4708,21,Male,61000,3,1.9,5,3,No,No,No,No
C4709,45,Male,90000,7,11.4,4,2,No,No,No,No
C4710,68,Male,54000,2,19.6,3,3,No,No,Yes,No
C4711,33,Male,98000,8,4.2,4,3,Yes,No,Yes,No
C4712,45,Male,52000,9,0.6,6,3,No,No,No,No
C4713,32,Male,34000,5,17.2,2,1,No,No,No,No
C4714,20,Female,39000,4,1.9,5,1,No,No,No,Yes
C4715,69,Female,36000,1,0.6,5,3,No,No,No,No
C4716,64,Male,67000,6,9.0,6,1,No,No,No,No
C4717,49,Male,53000,9,4.1,1,2,Yes,Yes,No,No
C4718,55,Male,24000,7,5.9,6,3,Yes,No,No,No
C4719,28,Female,68000,2,6.1,4,2,No,No,Yes,No
C4720,23,Female,89000,5,7.8,5,3,Yes,No,No,No
C4721,52,Male,83000,2,16.7,7,2,No,No,No,No
C4722,38,Female,74000,5,9.4,2,0,No,Yes,No,No
C4723,59,Male,43000,4,17.8,5,0,No,No,No,No
C4724,32,Male,106000,5,3.3,4,0,No,No,No,No
C4725,37,Female,28000,4,6.5,6,2,No,No,No,No
C4726,23,Female,63000,3,13.2,5,2,No,No,No,Yes
C4727,27,Female,48000,4,9.9,4,4,Yes,Yes,No,Yes
C4728,20,Male,15000,4,2.5,5,3,Yes,No,No,No
C4729,32,Male,115000,8,1.3,5,3,No,No,No,No
C4730,30,Female,44000,8,24.4,6,0,No,No,No,No
C4731,40,Female,97000,4,2.3,3,2,Yes,No,Yes,No
C4732,44,Male,61000,3,18.3,2,0,Yes,No,No,No
C4733,35,Male,95000,6,2.4,3,2,No,No,No,No
C4734,64,Female,41000,6,1.0,3,2,Yes,No,Yes,No
C4735,43,Female,50000,4,19.4,3,1,No,No,No,No
C4736,47,Female,41000,5,6.4,2,1,No,Yes,Yes,No
C4737,38,Female,46000,3,2.5,3,1,No,No,No,No
C4738,24,Female,76000,5,1.3,5,1,Yes,No,Yes,No
C4739,55,Male,82000,3,3.9,3,1,Yes,No,No,Yes
C4740,57,Male,47000,5,4.6,4,2,No,No,Yes,No
C4741,50,Female,40000,4,14.5,8,2,Yes,No,No,No
C4742,67,Male,115000,5,0.5,5,2,Yes,No,No,No
C4743,24,Male,28000,11,11.5,5,3,No,Yes,No,Yes
C4744,25,Female,50000,5,47.9,7,2,Yes,No,No,No
C4745,32,Female,83000,8,3.7,5,0,Yes,No,Yes,No
C4746,50,Female,31000,6,12.5,5,2,No,Yes,No,No
C4747,53,Male,43000,7,0.6,6,2,Yes,Yes,No,No
C4748,25,Female,74000,5,10.0,1,2,No,No,No,No
C4749,60,Female,95000,9,13.4,2,0,No,No,No,No
C4750,55,Female,23000,5,11.5,2,2,No,No,No,No
C4751,59,Female,122000,3,2.8,5,2,No,No,No,No
C4752,56,Male,47000,7,1.1,5,2,Yes,No,No,No
C4753,22,Female,53000,5,16.8,4,5,No,No,No,Yes
C4754,45,Male,37000,6,10.1,2,4,No,No,No,No
C4755,57,Male,77000,6,22.1,7,0,No,No,No,No
C4756,52,Female,82000,7,3.2,5,2,No,No,No,No
C4757,61,Male,23000,5,14.2,5,3,No,No,No,No
C4758,39,Female,74000,6,12.4,4,4,Yes,No,Yes,No
C4759,62,Female,43000,2,11.9,4,1,Yes,No,No,No
C4760,22,Male,64000,5,1.9,5,1,Yes,No,Yes,Yes
C4761,68,Female,59000,3,5.7,5,1,Yes,No,Yes,No
C4762,34,Female,31000,10,22.8,2,2,No,No,No,Yes
C4763,34,Female,79000,6,3.4,2,2,No,No,No,No
C4764,41,Male,34000,4,9.7,6,1,No,No,Yes,No
C4765,25,Male,41000,2,4.4,2,2,Yes,No,No,No
C4766,61,Female,27000,8,6.8,3,2,Yes,No,No,Yes
C4767,31,Female,59000,6,16.1,4,1,Yes,No,Yes,Yes
C4768,31,Male,49000,7,5.7,6,1,No,Yes,No,No
C4769,21,Female,17000,7,1.4,2,5,Yes,No,Yes,No
C4770,18,Female,37000,8,7.3,4,2,Yes,No,No,No
C4771,22,Female,84000,2,5.0,3,4,No,No,No,No
C4772,69,Female,37000,2,5.6,2,4,No,No,No,No
C4773,61,Female,23000,3,7.4,4,2,Yes,No,No,No
C4774,35,Male,26000,4,2.2,4,4,No,No,No,No
C4775,38,Male,70000,11,0.5,3,2,Yes,No,No,Yes
C4776,48,Female,49000,11,2.1,4,1,No,No,No,No
C4777,48,Male,70000,1,5.2,5,3,No,No,No,No
C4778,65,Male,63000,4,1.5,4,0,No,No,No,No
C4779,67,Female,28000,4,11.1,4,2,No,Yes,No,No
C4780,24,Female,74000,6,2.3,3,2,Yes,Yes,Yes,No
C4781,53,Female,51000,11,5.8,5,4,No,No,Yes,No
C4782,44,Male,59000,5,11.6,4,3,No,No,Yes,No
C4783,44,Male,19000,5,0.5,2,1,No,No,No,No
C4784,64,Female,32000,7,12.4,7,4,Yes,Yes,No,No
C4785,53,Female,26000,8,1.0,7,1,Yes,Yes,Yes,No
C4786,28,Male,75000,5,7.8,6,4,No,No,No,No
C4787,51,Female,86000,5,1.9,3,1,Yes,No,No,No
C4788,59,Male,23000,7,2.3,3,0,No,No,No,No
C4789,53,Female,50000,3,3.2,4,2,Yes,Yes,Yes,No
C4790,22,Male,70000,4,8.8,6,5,Yes,No,Yes,No
C4791,18,Male,63000,7,0.6,2,4,Yes,No,No,No
C4792,63,Female,68000,4,14.9,3,1,Yes,No,No,Yes
C4793,42,Male,68000,2,0.6,2,1,No,No,No,No
C4794,48,Female,57000,8,4.1,5,3,No,No,No,No
C4795,38,Male,30000,5,12.6,8,0,Yes,No,No,No
C4796,46,Male,96000,5,2.7,4,1,No,No,Yes,No
C4797,62,Male,227000,3,4.9,4,3,No,No,No,No
C4798,27,Female,49000,6,13.5,3,1,No,Yes,No,No
C4799,33,Female,97000,9,0.5,5,0,Yes,No,No,No
C4800,59,Female,131000,8,1.4,1,4,Yes,No,Yes,No
C4801,49,Male,86000,5,9.2,6,2,Yes,No,Yes,Yes
C4802,25,Female,33000,3,7.9,3,3,Yes,No,No,No
C4803,28,Female,41000,10,0.5,3,1,Yes,No,No,No
C4804,43,Male,30000,9,2.8,5,2,Yes,Yes,No,Yes
C4805,66,Female,41000,3,4.7,2,2,No,Yes,No,No
C4806,66,Male,51000,6,10.3,5,1,Yes,No,No,No
C4807,24,Male,76000,4,1.5,4,1,No,No,No,No
C4808,21,Male,32000,7,9.0,4,2,Yes,Yes,No,No
C4809,44,Female,48000,8,10.4,5,3,No,No,No,No
C4810,54,Female,55000,4,4.0,5,4,No,No,Yes,No
C4811,66,Male,69000,5,12.4,5,0,No,No,No,No
C4812,54,Male,31000,2,16.5,1,2,No,Yes,No,No
C4813,35,Male,51000,3,11.0,2,3,No,No,No,No
C4814,31,Female,86000,4,4.3,4,0,Yes,No,Yes,No
C4815,69,Male,39000,7,20.4,3,0,Yes,No,No,No
C4816,36,Female,33000,5,12.3,3,1,Yes,No,No,Yes
C4817,47,Female,30000,7,8.5,4,3,No,No,Yes,No
C4818,60,Male,49000,4,3.2,3,2,Yes,No,No,No
C4819,62,Male,37000,6,35.6,4,2,Yes,No,No,No
C4820,50,Male,134000,10,27.3,4,2,No,No,Yes,No
C4821,34,Female,43000,1,22.7,1,1,No,No,No,No
C4822,58,Female,83000,7,1.6,3,3,No,No,No,No
C4823,50,Female,62000,4,1.9,4,3,No,No,No,No
C4824,63,Female,41000,4,1.0,6,1,Yes,Yes,No,Yes
C4825,53,Male,40000,4,2.5,4,3,No,No,No,No
C4826,49,Male,44000,5,15.7,8,0,No,No,No,No
C4827,45,Male,112000,9,2.7,7,2,No,No,No,No
C4828,56,Male,31000,6,8.3,7,1,No,No,No,No
C4829,38,Female,24000,5,4.7,3,3,No,No,No,No
C4830,29,Female,46000,6,6.2,1,2,No,Yes,No,No
C4831,22,Male,64000,6,2.2,4,1,No,Yes,No,No
C4832,40,Male,125000,6,2.5,4,3,Yes,No,No,No
C4833,56,Male,38000,4,2.6,5,3,No,No,No,No
C4834,51,Female,39000,6,5.2,6,1,Yes,No,No,No
C4835,36,Male,36000,5,9.6,6,2,No,No,No,No
C4836,62,Male,55000,4,10.5,6,3,No,Yes,No,Yes
C4837,24,Female,54000,7,15.3,1,2,Yes,No,No,Yes
C4838,37,Female,157000,3,3.9,3,1,Yes,Yes,No,Yes
C4839,55,Male,34000,7,22.0,2,0,No,No,No,No
C4840,31,Female,76000,6,6.6,2,3,No,No,No,No
C4841,31,Female,55000,4,2.3,5,2,No,No,No,No
C4842,30,Female,59000,4,20.8,2,1,No,No,No,No
C4843,21,Female,63000,1,3.1,3,6,No,Yes,No,No
C4844,48,Male,23000,4,8.3,1,2,No,No,Yes,No
C4845,22,Male,102000,3,9.5,6,4,No,No,Yes,No
C4846,41,Male,50000,3,3.0,8,0,No,No,Yes,No
C4847,62,Male,24000,7,10.9,4,3,No,No,No,Yes
C4848,24,Female,27000,6,24.1,3,1,No,No,No,No
C4849,69,Male,49000,5,14.9,5,1,Yes,No,No,Yes
C4850,20,Female,71000,8,3.3,4,2,Yes,No,No,No
C4851,52,Female,58000,7,12.5,2,2,No,No,No,No
C4852,49,Male,39000,3,0.7,6,6,No,Yes,No,No
C4853,58,Male,32000,6,17.3,5,2,Yes,No,Yes,No
C4854,35,Female,51000,1,2.6,4,0,No,No,Yes,No
C4855,38,Female,32000,5,1.5,6,1,Yes,Yes,No,No
C4856,35,Male,61000,8,28.4,5,2,No,No,No,No
C4857,28,Female,43000,4,16.4,4,1,Yes,No,No,No
C4858,45,Male,48000,4,2.6,3,1,No,No,No,No
C4859,18,Male,66000,4,3.7,2,2,Yes,No,No,No
C4860,38,Male,132000,2,3.1,7,3,Yes,No,No,Yes
C4861,23,Female,82000,6,6.3,3,2,No,No,No,No
C4862,66,Male,46000,9,8.0,4,3,Yes,No,No,No
C4863,57,Male,26000,6,19.6,4,0,No,No,Yes,No
C4864,27,Male,61000,3,11.7,7,1,No,No,Yes,No
C4865,34,Female,39000,3,4.4,2,3,Yes,No,No,No
C4866,40,Female,36000,3,13.3,2,3,Yes,No,No,No
C4867,33,Male,57000,4,0.8,7,5,No,No,No,No
C4868,27,Male,40000,5,12.0,3,4,Yes,No,No,Yes
C4869,25,Female,36000,8,10.4,5,1,No,No,No,Yes
C4870,52,Female,56000,5,0.7,2,1,Yes,No,No,No
C4871,51,Female,52000,3,9.8,3,1,No,No,No,No
C4872,61,Female,33000,1,5.1,6,5,No,No,No,No
C4873,23,Male,22000,3,0.8,2,2,Yes,No,Yes,No
C4874,52,Female,108000,7,0.7,1,0,No,No,No,Yes
C4875,33,Female,37000,1,0.8,5,2,Yes,No,No,No
C4876,33,Male,40000,4,18.5,4,5,Yes,No,Yes,No
C4877,67,Female,32000,5,4.5,3,0,Yes,No,No,No
C4878,38,Female,25000,10,3.2,4,0,Yes,No,No,No
C4879,42,Male,40000,5,12.0,4,1,Yes,No,No,No
C4880,69,Female,30000,9,25.2,9,1,No,No,No,No
C4881,54,Female,55000,4,2.6,7,3,Yes,No,No,No
C4882,22,Female,121000,6,4.8,5,2,Yes,No,No,No
C4883,60,Male,42000,6,6.1,3,1,No,No,No,No
C4884,24,Male,130000,3,8.5,2,2,No,No,Yes,No
C4885,43,Female,73000,3,7.6,7,4,No,No,No,Yes
C4886,32,Male,56000,4,5.9,4,1,No,No,Yes,No
C4887,63,Female,67000,2,4.0,3,0,Yes,No,No,Yes
C4888,41,Female,160000,10,5.0,3,3,Yes,No,No,No
C4889,38,Male,41000,4,6.2,6,1,No,No,No,No
C4890,60,Male,80000,4,2.6,1,1,Yes,No,No,No
C4891,46,Female,44000,4,17.3,7,3,Yes,No,No,Yes
C4892,18,Male,86000,7,3.7,1,2,Yes,No,Yes,No
C4893,25,Female,37000,5,5.9,1,1,No,No,No,No
C4894,49,Male,24000,4,2.1,6,3,No,No,No,No
C4895,42,Male,83000,3,1.1,3,1,Yes,Yes,Yes,No
C4896,27,Female,45000,4,0.5,4,1,Yes,No,No,No
C4897,53,Male,50000,3,3.0,2,1,No,No,No,No
C4898,56,Male,19000,10,3.0,2,2,Yes,No,No,No
C4899,68,Male,28000,6,17.7,6,1,No,No,No,Yes
C4900,23,Male,78000,3,0.5,3,0,Yes,No,No,No
C4901,35,Male,53000,3,9.4,2,0,Yes,No,No,No
C4902,44,Female,59000,3,23.6,11,2,No,No,No,No
C4903,18,Male,51000,3,2.8,4,3,Yes,No,Yes,No
C4904,37,Female,42000,5,2.2,2,3,No,No,No,No
C4905,45,Female,42000,6,13.9,7,3,Yes,No,Yes,No
C4906,42,Female,124000,9,4.7,2,1,No,No,No,No
C4907,63,Female,99000,6,0.8,4,3,Yes,No,No,No
C4908,22,Male,41000,6,0.7,7,1,Yes,Yes,No,No
C4909,63,Male,18000,1,24.6,4,3,No,No,Yes,No
C4910,46,Male,32000,6,0.5,3,1,Yes,No,No,No
C4911,32,Female,99000,7,4.3,7,1,No,No,No,Yes
C4912,61,Female,116000,4,12.3,5,0,No,No,No,No
C4913,19,Male,55000,10,9.0,2,4,No,No,No,No
C4914,45,Male,82000,5,3.2,2,0,Yes,Yes,Yes,No
C4915,58,Male,22000,9,6.9,4,5,No,No,No,No
C4916,57,Female,50000,2,6.7,4,4,No,No,No,No
C4917,29,Male,149000,4,10.3,7,1,No,No,No,No
C4918,60,Male,160000,4,10.6,4,2,No,No,No,No
C4919,58,Male,68000,3,2.3,3,1,No,No,No,Yes
C4920,37,Female,61000,5,2.3,3,4,No,No,No,Yes
C4921,53,Male,106000,2,1.9,3,3,Yes,No,No,No
C4922,27,Male,47000,3,1.1,3,1,Yes,Yes,Yes,No
C4923,40,Female,45000,2,4.3,3,4,No,No,No,No
C4924,34,Female,47000,3,2.4,5,4,No,Yes,No,No
C4925,39,Female,53000,3,2.8,2,0,No,No,No,No
C4926,68,Male,68000,2,0.7,4,5,No,No,No,No
C4927,21,Male,54000,5,8.5,5,4,No,No,No,No
C4928,31,Female,60000,4,1.2,3,4,Yes,No,No,No
C4929,52,Female,115000,1,11.9,1,4,No,No,No,No
C4930,25,Female,77000,6,2.1,11,1,No,No,No,No
C4931,54,Female,32000,2,24.9,4,2,Yes,No,No,No
C4932,30,Female,43000,3,5.6,3,2,No,No,No,No
C4933,25,Female,65000,1,23.0,3,2,No,No,No,No
C4934,64,Female,49000,6,9.3,2,2,Yes,No,No,Yes
C4935,61,Female,50000,7,1.9,4,3,No,No,No,Yes
C4936,53,Female,33000,10,15.1,2,1,Yes,No,No,No
C4937,33,Male,70000,1,11.7,5,3,No,No,No,No
C4938,35,Female,48000,5,3.2,5,6,Yes,No,No,No
C4939,50,Female,37000,7,9.0,3,6,Yes,No,No,Yes
C4940,61,Female,81000,5,16.1,5,2,No,No,No,No
C4941,39,Female,35000,3,2.0,8,2,Yes,No,No,No
C4942,24,Male,24000,2,9.7,4,2,No,No,No,No
C4943,36,Male,65000,3,3.1,4,5,No,No,No,No
C4944,58,Female,84000,5,2.8,5,1,Yes,Yes,Yes,No
C4945,66,Female,32000,3,6.2,1,1,No,No,No,No
C4946,37,Male,51000,8,10.1,10,2,No,No,Yes,No
C4947,51,Female,64000,5,14.2,7,4,Yes,No,No,No
C4948,43,Male,30000,7,6.9,4,2,No,Yes,No,No
C4949,27,Male,51000,3,8.6,4,1,Yes,No,No,No
C4950,28,Female,38000,6,8.3,2,1,No,No,No,No
C4951,46,Female,32000,5,0.5,1,4,No,No,No,Yes
C4952,67,Male,110000,4,7.3,3,1,Yes,No,No,No
C4953,66,Male,52000,7,4.8,3,4,No,No,No,No
C4954,69,Female,50000,4,5.2,3,1,No,No,Yes,Yes
C4955,68,Female,99000,7,12.5,4,2,Yes,No,No,Yes
C4956,47,Male,55000,3,5.2,3,2,No,No,No,No
C4957,34,Male,57000,4,7.6,5,3,No,No,No,No
C4958,54,Female,80000,4,0.5,3,2,No,No,No,No
C4959,40,Female,61000,7,15.5,2,1,No,No,No,No
C4960,51,Female,69000,8,30.4,2,2,Yes,No,No,No
C4961,44,Female,38000,3,10.9,4,1,Yes,Yes,Yes,No
C4962,54,Male,47000,3,20.5,3,1,Yes,No,No,Yes
C4963,22,Female,93000,5,7.7,5,1,No,No,No,No
C4964,35,Female,21000,6,4.6,2,2,No,No,Yes,No
C4965,65,Female,20000,6,4.6,9,1,No,Yes,Yes,No
C4966,66,Female,80000,5,1.0,10,1,Yes,No,No,No
C4967,39,Female,69000,7,1.4,2,3,Yes,Yes,No,No
C4968,18,Female,63000,2,1.2,4,5,No,Yes,No,No
C4969,28,Female,40000,3,0.5,3,5,No,Yes,No,No
C4970,65,Female,39000,8,2.6,1,2,Yes,No,No,Yes
C4971,55,Male,29000,1,3.3,3,6,No,No,No,No
C4972,66,Male,94000,7,2.9,2,2,No,No,Yes,No
C4973,52,Female,130000,6,3.7,7,2,Yes,No,No,No
C4974,59,Female,46000,8,26.1,1,1,No,No,No,No
C4975,56,Male,122000,8,6.3,4,5,No,No,No,No
C4976,20,Male,96000,5,5.9,3,1,Yes,No,No,No
C4977,54,Female,97000,1,10.8,1,0,No,No,No,No
C4978,29,Female,66000,6,13.8,2,1,Yes,Yes,No,No
C4979,69,Male,25000,4,6.8,7,0,No,No,No,No
C4980,54,Male,93000,5,2.8,3,2,Yes,No,Yes,Yes
C4981,45,Male,129000,5,4.8,5,1,Yes,No,No,No
C4982,40,Male,49000,2,5.5,1,2,No,No,No,No
C4983,68,Male,89000,2,2.1,6,4,No,No,Yes,No
C4984,39,Male,65000,4,1.4,1,1,No,Yes,No,No
C4985,53,Female,53000,6,8.0,4,1,No,No,Yes,No
C4986,56,Female,48000,5,8.0,6,6,Yes,No,No,No
C4987,58,Male,15000,4,8.7,5,3,No,Yes,No,No
C4988,20,Female,78000,6,2.4,6,2,No,No,No,No
C4989,35,Male,106000,5,5.1,5,2,No,No,No,Yes
C4990,24,Female,58000,4,3.8,3,0,No,No,No,No
C4991,25,Female,121000,3,5.4,3,1,Yes,No,No,No
C4992,49,Male,63000,8,5.1,2,1,No,No,No,No
C4993,21,Female,46000,3,6.4,6,3,No,No,Yes,No
C4994,20,Male,74000,6,0.8,3,1,No,No,No,No
C4995,61,Male,52000,3,0.7,8,5,Yes,No,Yes,No
C4996,22,Male,48000,8,15.5,2,5,Yes,No,Yes,No
C4997,25,Female,56000,2,8.0,3,3,Yes,No,No,No
C4998,23,Male,87000,5,0.5,7,3,Yes,No,No,Yes
C4999,42,Male,22000,5,1.0,3,0,No,No,No,No
C5000,69,Male,53000,2,27.4,4,0,No,No,No,No
