SqFt,Bedrooms,Bathrooms,YearBuilt,LotSize,HasGarage,HasPool,ZipCode,DistanceToDowntown,CrimeRate,SchoolRating,Price
1060,3,2.0,1975,13000,1,0,85003,7.4,12.0,2.6,202000
1890,4,2.5,1998,5700,1,0,85002,4.5,10.2,5.1,334000
1550,4,3.0,2006,10500,0,0,85005,6.0,32.7,3.9,246000
1870,3,2.0,1992,4400,1,0,85002,7.4,5.5,6.6,360000
3770,4,2.0,2001,3400,1,0,85003,4.4,2.3,5.1,567000
1660,4,2.0,1998,3200,0,0,85001,9.7,0.5,6.1,321000
1750,4,4.0,2023,5600,1,0,85003,14.6,14.2,8.5,314000
1670,4,2.0,1968,4000,1,0,85003,5.0,22.0,6.6,249000
2780,4,2.5,2014,6400,1,0,85004,16.0,6.5,3.5,372000
1730,4,2.5,2018,3600,1,1,85003,3.0,8.0,7.1,372000
2660,3,2.0,2016,5300,1,1,85002,2.9,1.5,4.0,439000
1450,2,2.0,2022,3100,1,0,85004,7.6,5.6,2.3,271000
1650,3,2.0,1975,5100,1,0,85001,5.3,29.9,5.9,299000
1840,4,2.0,1963,8100,1,0,85001,3.1,4.3,1.8,359000
2350,2,2.0,1977,8600,1,0,85003,9.3,3.0,3.1,294000
1260,4,2.5,2020,5800,1,0,85002,16.0,2.9,5.8,242000
2490,3,2.0,2009,3000,1,0,85002,10.3,1.1,9.0,385000
1730,4,4.0,1951,3400,0,0,85002,2.3,5.7,3.2,271000
3580,6,2.0,2022,2700,1,0,85004,3.3,1.4,1.1,578000
1450,4,3.0,2007,3800,1,0,85001,19.6,3.4,7.5,307000
1350,6,2.0,1995,4500,1,0,85002,8.9,0.9,4.1,248000
2110,2,2.0,1994,3400,1,0,85004,44.0,0.5,2.5,241000
1150,4,2.0,2011,5600,1,0,85002,2.4,10.1,6.3,238000
2550,2,2.0,1960,3500,1,0,85002,5.5,2.5,4.9,352000
1640,4,2.0,1984,6100,1,0,85003,22.4,8.5,8.2,266000
1150,4,4.0,2007,6000,1,1,85004,5.1,19.5,7.2,289000
1970,3,2.0,1961,5000,1,0,85005,50.0,14.0,2.6,155000
1660,3,2.0,1992,8400,0,1,85002,3.4,11.0,5.9,296000
2900,3,2.0,1988,5400,1,0,85004,46.2,5.0,3.0,323000
3360,6,3.0,1999,4300,1,0,85005,7.3,1.6,2.4,512000
3540,4,2.0,1954,5200,1,0,85002,2.8,15.4,1.6,496000
1920,2,1.5,1999,9100,1,0,85001,13.4,3.4,10.0,339000
3050,4,2.0,1987,3800,0,1,85005,5.8,25.6,1.7,428000
1730,3,2.0,1979,1600,1,1,85003,3.3,3.9,3.3,355000
2670,2,1.0,2003,14200,1,0,85004,13.2,11.5,3.9,371000
1750,4,2.0,2023,5800,1,1,85003,4.7,3.4,7.6,358000
1330,4,4.0,1973,3300,1,1,85002,7.3,5.2,1.7,275000
2580,4,4.0,1982,5200,1,0,85003,10.3,9.4,9.7,386000
2110,3,2.0,2018,4100,1,0,85003,3.4,11.4,2.7,324000
2640,4,2.0,2022,2300,1,0,85004,10.2,8.6,7.8,418000
2310,4,2.0,2003,5400,1,0,85001,2.1,6.8,7.8,400000
1840,3,2.0,1981,3500,1,0,85003,4.0,7.4,4.6,289000
1740,4,2.5,2008,3800,1,0,85001,29.9,7.2,4.4,279000
3050,5,2.0,1981,4400,1,0,85002,12.3,0.6,9.5,523000
1390,3,1.5,1992,3700,1,0,85001,10.3,7.3,4.0,255000
1560,4,2.5,1995,6000,1,1,85005,5.7,2.3,1.4,302000
2000,3,1.5,1968,4000,1,1,85002,9.6,6.7,7.1,321000
1630,3,1.5,2002,10600,1,0,85002,2.1,6.0,8.3,321000
2420,3,2.0,2012,2400,0,1,85004,14.8,11.3,9.2,422000
2150,3,2.0,1988,5900,1,0,85004,5.2,7.7,3.2,333000
1510,2,2.0,2012,2500,1,0,85001,2.8,8.7,8.5,311000
1650,3,2.0,1968,5600,1,0,85005,9.7,5.4,9.8,296000
2450,3,2.0,1974,5100,0,0,85002,5.2,2.2,5.0,360000
1460,4,3.0,1978,4600,1,0,85004,6.0,2.5,8.9,274000
1720,3,2.0,1978,6100,1,0,85002,2.4,2.6,1.2,267000
1430,6,4.0,1967,1900,1,0,85005,25.9,1.3,4.7,253000
2220,5,2.5,1964,10500,1,0,85002,3.6,1.9,6.2,402000
2770,2,2.0,2000,5200,1,0,85004,5.4,1.7,1.2,416000
1640,5,2.0,1986,6000,0,0,85003,4.0,2.0,7.1,337000
1710,3,2.0,1996,3600,1,1,85003,8.1,6.1,5.9,320000
2600,3,2.0,1982,8300,1,0,85005,16.7,27.1,5.7,384000
1890,4,3.0,1972,8800,0,0,85002,2.0,5.4,6.8,295000
1950,4,4.0,2013,2700,0,0,85004,2.6,8.9,8.7,422000
2310,5,4.0,1999,7300,1,0,85004,8.0,12.8,8.1,416000
1520,5,2.5,1968,2700,1,0,85004,15.1,0.5,7.0,290000
1790,3,2.0,2022,8800,1,0,85002,11.3,14.3,2.4,256000
2070,4,2.0,2007,4000,1,0,85003,8.2,1.3,1.4,307000
2370,4,3.0,1983,3000,1,0,85004,6.6,6.7,5.2,368000
1450,4,3.0,1987,4000,0,0,85002,2.4,6.1,1.4,269000
2040,1,1.0,1972,9800,1,0,85004,3.6,2.3,9.6,349000
1470,4,3.0,1980,7400,1,0,85002,26.1,2.0,4.2,251000
3030,3,2.0,2014,9100,1,0,85003,9.4,2.9,1.0,408000
2130,4,2.5,1985,2500,1,0,85002,4.1,0.9,6.4,439000
1910,4,2.0,1992,7100,1,0,85002,4.2,1.1,1.2,315000
1020,2,2.0,2001,4100,1,0,85002,19.1,18.8,7.5,145000
4600,4,2.0,1980,4400,1,0,85001,1.5,13.1,6.8,711000
1860,6,3.0,1999,10100,1,0,85002,5.7,5.7,1.3,349000
2200,4,2.5,1988,5000,1,0,85004,8.7,5.4,8.0,391000
1550,5,2.0,2019,7900,0,0,85002,9.7,14.1,7.6,283000
1190,3,2.0,1959,3100,1,0,85004,23.1,3.1,3.3,179000
1290,4,4.0,1996,10400,1,0,85001,4.9,2.1,6.9,295000
2800,4,2.5,1955,3600,1,0,85005,14.2,0.6,5.0,410000
1570,3,2.0,1975,4600,1,1,85003,14.1,13.3,9.3,273000
2830,4,2.0,1952,6600,1,0,85002,7.7,7.0,9.3,448000
1420,4,3.0,1986,5600,1,0,85003,4.0,6.7,1.4,276000
2920,2,2.0,1955,2400,1,0,85003,15.3,11.5,7.9,368000
2420,2,2.0,1966,6100,0,0,85001,9.2,3.0,1.8,349000
2250,6,3.0,1983,1700,1,0,85003,7.1,10.9,3.0,342000
1850,4,2.0,1980,5900,0,0,85004,21.0,16.1,7.8,271000
2330,2,2.0,1978,5700,1,0,85002,2.7,7.1,3.3,359000
1770,3,2.0,1977,8600,1,0,85002,5.9,9.5,7.8,312000
2420,3,2.0,2003,4400,1,0,85005,6.6,4.0,3.7,357000
2280,4,2.0,1964,7500,0,1,85004,2.2,6.5,4.9,372000
1960,4,3.0,1952,2900,1,0,85003,6.4,12.2,4.5,343000
1420,3,1.0,1974,9300,1,0,85002,12.8,15.1,10.0,263000
1240,4,4.0,1987,6000,1,1,85003,16.1,3.2,5.8,279000
1580,3,2.0,1971,2200,0,0,85002,17.0,26.9,9.8,264000
1700,5,2.5,2003,10500,1,0,85005,11.6,8.7,9.7,352000
2770,3,2.0,1995,4700,1,0,85001,6.3,31.6,2.6,396000
2370,4,2.0,2021,4800,1,0,85003,2.2,16.3,8.6,370000
2120,5,2.5,1998,5900,1,0,85004,3.4,9.2,4.3,350000
1780,3,2.0,2013,2900,0,0,85003,15.1,7.4,1.9,285000
2220,3,2.0,2004,10900,1,0,85002,1.4,1.9,6.7,360000
1290,3,2.0,1999,2900,1,1,85005,3.0,4.1,5.2,260000
1860,2,2.0,2002,5500,1,0,85004,11.3,1.7,1.4,258000
980,4,2.5,1969,4700,1,0,85001,2.8,9.9,8.6,235000
2910,4,2.5,2018,8800,1,1,85005,5.8,0.5,7.6,479000
1590,4,3.0,1994,2500,1,0,85002,6.5,26.7,5.1,318000
2340,4,2.5,1985,3200,1,0,85001,6.2,6.6,2.0,363000
1720,4,2.5,1958,10200,1,0,85004,16.2,2.3,6.1,314000
2020,3,1.5,2023,3100,0,0,85002,5.9,4.3,3.5,236000
3370,3,1.5,1957,6200,1,0,85005,18.4,1.3,7.8,489000
2450,3,2.0,1965,4200,1,1,85004,20.0,1.1,1.0,311000
1980,3,1.5,1971,5100,1,0,85001,1.0,0.5,5.3,374000
3010,2,2.0,1975,8100,1,0,85004,5.1,3.0,8.8,487000
1330,4,3.0,1992,9400,1,0,85003,35.1,1.2,3.4,227000
2410,6,2.0,1971,7300,1,0,85001,5.0,30.5,5.4,453000
760,5,3.0,1957,5800,1,0,85003,0.8,1.3,5.6,183000
1660,3,2.0,1998,4300,1,0,85003,15.8,1.1,7.8,255000
1210,4,3.0,1984,5400,0,0,85003,13.9,4.5,8.6,235000
1370,3,2.0,1977,7000,0,0,85004,2.7,2.0,1.9,246000
2370,5,2.0,1984,3100,0,0,85002,7.8,2.2,5.1,380000
2000,6,2.5,2006,3200,0,0,85003,17.5,12.8,2.5,295000
1750,6,2.5,1991,7100,1,0,85005,9.4,1.1,1.0,331000
2670,3,2.0,2021,4100,1,0,85001,2.1,1.1,3.1,395000
1150,4,2.0,1961,3900,1,0,85001,9.6,2.9,2.5,234000
1930,4,2.5,1995,2100,1,0,85005,13.1,11.0,5.6,341000
1540,3,2.0,2010,4900,1,0,85003,21.5,11.5,6.9,263000
1400,3,2.0,1983,7100,0,0,85005,22.4,1.9,9.9,208000
1430,4,3.0,1962,8500,1,0,85004,11.6,2.3,8.2,301000
1680,4,2.0,1971,11000,1,0,85003,20.9,12.6,4.9,254000
2010,5,2.5,1988,5800,1,0,85002,11.2,8.3,5.0,416000
1330,5,2.5,1981,9500,1,0,85001,3.4,1.9,1.6,303000
2170,5,2.5,2023,4500,1,0,85003,5.0,1.7,5.8,393000
1320,6,2.5,2012,2100,1,0,85003,6.9,2.3,7.8,302000
1350,3,2.0,1966,4300,1,0,85002,1.5,21.7,6.5,216000
1000,5,4.0,2003,4200,1,0,85003,17.2,9.4,6.7,230000
1950,4,2.5,1977,5600,1,0,85004,3.5,2.9,4.8,345000
2640,4,3.0,1978,4600,1,0,85004,2.9,6.9,5.1,394000
1870,4,2.5,2014,4700,1,0,85002,8.8,1.7,7.0,354000
1280,3,2.0,2000,7600,1,0,85001,16.5,1.1,7.4,261000
880,5,4.0,1965,3900,1,0,85005,6.8,18.7,7.6,249000
2020,6,3.0,2002,2700,1,0,85004,3.2,2.0,8.0,412000
1860,4,2.5,1992,6500,1,0,85002,7.4,7.4,8.1,332000
1780,3,2.0,1961,3700,1,0,85005,0.9,1.3,3.6,254000
2020,1,1.0,1954,4700,0,0,85004,2.4,21.6,2.4,222000
1370,4,2.5,1997,7400,0,0,85001,9.2,11.4,8.1,289000
1600,2,1.5,2012,8300,1,0,85003,2.7,11.2,6.5,294000
2100,3,2.0,1957,9400,1,0,85001,6.5,5.0,4.6,363000
1320,4,3.0,1991,4000,1,0,85002,1.8,14.7,1.3,209000
2710,4,2.5,2007,9200,1,0,85001,6.0,8.9,3.0,439000
3170,3,2.0,1980,8000,1,0,85004,9.4,16.8,7.0,450000
1100,4,2.0,1959,16000,1,0,85003,3.8,0.9,4.5,213000
2330,4,2.5,1957,3400,0,0,85002,13.3,6.1,8.2,383000
1820,3,2.0,2004,4200,1,0,85005,6.7,8.3,9.6,323000
1670,4,2.0,1974,3600,0,0,85001,4.8,24.2,4.2,296000
2980,2,2.0,1957,5500,1,0,85005,1.6,37.2,3.9,365000
1160,2,2.0,2001,4500,1,0,85002,1.2,3.6,3.7,247000
2890,3,2.0,2023,8400,1,0,85002,9.0,13.4,1.2,397000
920,5,2.5,1995,3900,1,0,85003,16.3,50.0,6.7,158000
2680,4,2.0,1992,4600,1,0,85004,9.5,6.9,4.1,410000
2690,4,2.0,1978,2200,1,0,85005,19.1,18.5,5.5,380000
1790,3,2.0,1967,19200,1,0,85004,2.8,4.9,8.9,288000
1490,2,2.0,1962,3300,1,0,85005,26.4,13.2,5.9,180000
1230,3,2.0,1957,6700,1,0,85002,4.1,2.0,6.7,253000
2610,4,2.5,1981,4600,1,0,85005,9.4,13.5,5.2,401000
1480,4,2.0,1951,4000,1,1,85004,7.9,1.3,9.0,333000
950,6,3.0,2011,3500,1,1,85002,4.3,9.6,3.3,249000
1530,2,2.0,1968,5500,1,0,85002,6.8,0.5,6.6,258000
1470,4,2.5,1992,5200,0,0,85002,1.6,1.6,1.9,266000
1620,3,2.0,2013,9900,1,0,85003,3.0,14.4,9.4,298000
2030,3,2.0,1990,9000,1,0,85005,9.6,27.4,2.0,262000
1200,5,2.0,2007,3400,1,1,85005,10.3,9.2,2.9,227000
2830,3,2.0,1992,3500,1,0,85002,6.9,4.1,2.2,418000
2230,2,2.0,1972,4400,1,0,85004,20.5,4.1,2.2,274000
2140,5,2.5,1955,6500,0,0,85004,11.3,8.1,8.7,376000
2190,5,2.5,1996,2300,1,0,85004,4.7,4.2,4.3,358000
2190,4,2.0,1981,5500,1,0,85003,1.2,9.9,3.2,335000
2170,5,3.0,1969,5100,1,0,85001,10.1,1.0,2.9,388000
1600,2,2.0,1991,4600,1,0,85002,3.8,8.7,6.2,314000
1820,4,3.0,1953,15900,1,0,85003,12.5,13.0,9.3,324000
1490,3,2.0,1977,2600,0,0,85002,6.9,11.5,7.3,232000
1670,5,3.0,2004,3100,1,1,85003,6.3,5.1,5.3,301000
1600,5,2.5,1999,3500,1,0,85001,4.4,0.7,1.8,305000
2290,4,4.0,1989,3900,1,0,85004,22.3,1.5,4.3,340000
1080,4,4.0,1994,4200,1,0,85001,16.0,3.8,6.3,239000
3260,3,2.0,2004,11800,1,0,85005,7.2,1.4,1.3,468000
2520,4,2.0,1985,10400,1,0,85004,16.8,1.5,2.2,347000
4270,3,2.0,2009,3700,1,0,85003,9.6,8.7,6.9,628000
1990,3,1.0,2009,5900,1,0,85002,3.4,2.1,5.0,316000
1820,4,2.5,1980,2800,1,0,85001,3.7,4.7,5.9,369000
3230,4,2.5,2000,2700,1,0,85002,3.5,0.5,1.2,515000
1200,3,2.0,1950,2400,1,0,85004,3.2,5.7,2.6,243000
1380,3,2.0,1954,5100,1,0,85003,37.2,7.0,9.2,178000
1650,3,1.5,1999,3900,0,0,85005,3.2,8.4,1.8,222000
1030,6,4.0,2022,5800,1,0,85004,2.3,2.9,2.9,277000
1290,3,2.0,1977,4200,1,0,85002,9.9,4.8,9.5,274000
2570,3,2.0,1988,5800,1,1,85001,5.9,2.1,6.5,466000
950,3,2.0,1953,4900,1,0,85004,7.4,14.7,7.7,187000
3680,2,1.0,1982,6900,1,1,85005,9.6,2.0,6.9,563000
2130,3,1.5,1961,6100,1,0,85005,4.2,10.6,4.7,320000
1510,5,2.5,1974,2600,1,0,85005,7.0,0.5,9.9,399000
2150,3,2.0,1950,3900,1,0,85004,5.0,15.9,3.5,324000
1310,5,3.0,2016,2600,1,0,85001,5.2,8.4,2.1,320000
1530,4,3.0,1992,7400,1,0,85001,9.6,11.0,6.3,350000
2200,5,3.0,2022,2600,1,0,85002,1.1,2.4,4.4,440000
1870,5,2.0,2003,10500,1,0,85001,6.4,9.7,3.6,313000
2450,4,2.0,1970,4900,0,0,85005,12.8,7.8,1.8,411000
2630,4,3.0,1971,5200,1,0,85003,7.7,8.1,1.8,356000
2470,3,2.0,1965,6200,0,0,85004,8.1,43.1,2.9,282000
3230,3,2.0,1959,8400,0,0,85005,5.4,11.9,4.2,499000
1850,3,2.0,1982,5300,1,0,85004,12.8,13.5,8.7,330000
1870,5,3.0,2019,7900,1,0,85005,7.6,2.5,6.5,350000
2100,5,3.0,1976,6300,0,0,85003,10.3,7.3,2.3,291000
1540,5,2.0,2020,4900,0,0,85003,11.2,11.4,9.9,301000
2110,1,1.0,2018,9500,1,0,85003,10.7,25.4,1.4,289000
2070,4,3.0,1995,3900,1,0,85001,6.2,0.5,2.8,376000
1450,3,1.0,1981,9700,1,0,85004,10.3,19.6,4.4,250000
2320,5,3.0,2003,2700,1,0,85004,12.6,3.8,1.8,379000
1840,3,2.0,1998,10100,1,0,85005,13.9,0.5,6.4,333000
2230,5,3.0,1991,5300,1,0,85002,7.1,5.7,3.8,406000
1140,3,2.0,1950,8600,0,0,85004,9.0,7.1,2.6,211000
790,4,2.0,1973,6200,1,1,85003,18.0,2.0,9.6,188000
1470,4,2.0,1969,4800,1,0,85001,11.3,14.0,7.3,272000
2190,4,3.0,1988,5600,0,0,85005,3.2,3.2,2.8,339000
1620,4,3.0,1984,6300,1,0,85002,8.5,12.9,8.5,297000
1770,5,2.5,1985,2200,1,0,85001,2.6,4.3,4.7,406000
1770,2,2.0,2010,7400,1,0,85001,13.7,11.4,9.7,313000
2040,4,2.0,2022,3200,1,0,85003,5.3,4.8,5.3,357000
830,2,2.0,2018,3600,1,0,85001,11.4,0.5,2.7,181000
2340,3,2.0,2010,2300,1,0,85004,8.9,1.6,2.6,349000
1460,2,2.0,2023,3300,1,0,85003,5.2,4.7,5.4,283000
1930,1,1.0,1963,2700,1,0,85003,4.5,2.2,8.1,261000
3750,3,2.0,1964,3200,1,1,85003,5.7,10.7,8.0,528000
1330,3,2.0,2012,3400,1,0,85002,4.2,2.1,1.7,273000
1750,6,2.5,1991,5700,0,0,85002,4.1,46.7,7.0,249000
1230,5,2.5,2022,3900,1,0,85005,13.5,0.5,1.5,257000
1560,6,3.0,2002,14900,0,0,85001,8.5,3.2,7.7,358000
1220,4,2.5,1952,5200,0,0,85005,1.5,16.4,2.3,198000
3030,5,3.0,2022,2900,1,0,85001,3.7,7.5,7.8,525000
1560,4,2.0,1973,4500,0,0,85002,17.6,12.4,7.0,229000
2910,4,2.5,2012,6200,1,0,85005,4.3,9.9,6.9,478000
2230,3,2.0,2004,4600,0,0,85001,11.9,3.8,8.6,400000
2670,3,2.0,1971,3300,1,0,85003,10.8,12.6,4.5,361000
1160,3,2.0,1950,1500,1,0,85001,3.8,9.3,2.4,283000
1480,3,2.0,1985,5800,1,0,85003,7.4,6.0,2.2,266000
3710,5,2.5,1960,4000,1,0,85001,4.4,5.9,3.9,612000
2070,1,1.0,1966,3700,1,1,85003,8.2,7.1,5.4,279000
1330,3,2.0,1953,5200,0,0,85004,10.5,0.5,4.5,198000
2010,2,2.0,1970,6200,1,0,85002,24.3,28.2,8.8,281000
3040,4,2.5,1978,3300,1,0,85001,5.2,26.7,4.9,441000
1070,1,1.0,1995,5300,1,0,85004,9.8,5.2,6.9,186000
780,2,2.0,1996,1800,1,0,85003,4.8,4.5,7.2,163000
1300,3,2.0,2001,4400,1,0,85002,17.2,1.3,1.8,169000
2010,3,2.0,1995,8300,1,0,85003,18.5,5.9,6.7,302000
2220,4,2.0,2018,3200,1,0,85002,6.9,7.1,9.8,364000
1200,4,2.5,1990,1900,0,0,85003,8.9,1.2,6.5,240000
1690,6,3.0,1972,6600,1,0,85004,5.7,0.5,9.4,324000
2200,3,2.0,1962,3400,1,0,85003,3.9,9.2,1.5,299000
1390,3,2.0,1991,6200,1,0,85004,2.8,20.8,5.6,250000
1940,3,1.5,2000,3000,1,0,85001,7.8,5.0,9.6,380000
1060,3,1.0,2018,12900,1,0,85004,7.3,12.2,1.8,173000
1980,2,2.0,1995,5000,1,1,85001,5.8,1.9,5.8,368000
990,3,2.0,2004,2700,1,0,85003,2.7,4.8,8.6,188000
1430,3,2.0,1987,5900,1,0,85004,12.0,6.3,1.7,276000
2370,4,3.0,1962,3100,1,0,85005,17.6,2.6,9.4,403000
1940,3,2.0,1984,5500,1,0,85004,3.6,0.5,1.8,254000
2110,2,2.0,1953,5600,1,1,85004,2.2,22.8,2.3,308000
1020,3,2.0,2010,7800,0,1,85003,20.5,6.5,1.6,183000
2020,4,3.0,2018,9900,1,0,85002,7.6,10.2,8.7,331000
1640,3,1.5,1976,3300,1,0,85001,3.9,15.8,6.9,284000
1610,3,2.0,1964,6300,0,0,85004,32.7,9.8,8.6,263000
1690,3,2.0,2016,7400,1,0,85005,10.4,1.3,3.7,255000
910,6,2.0,1963,5400,1,0,85001,50.0,27.9,4.0,180000
2640,3,2.0,1960,5200,1,0,85002,2.7,3.5,2.5,379000
1610,3,2.0,1971,6400,1,0,85001,11.7,0.8,7.2,259000
2530,3,2.0,1951,4500,0,1,85001,13.4,9.4,4.6,397000
1370,5,2.0,1963,2300,1,0,85002,7.0,1.2,7.7,320000
1670,2,1.5,2017,2700,1,0,85003,5.5,6.2,4.6,294000
1460,2,2.0,1955,8200,1,0,85004,4.2,4.9,4.7,243000
1560,5,3.0,2020,5000,1,0,85003,2.2,4.2,4.4,326000
1320,3,2.0,1996,2800,1,0,85003,22.0,0.5,1.5,152000
910,4,2.0,1975,7800,1,0,85004,5.0,4.6,4.8,173000
4060,3,1.0,1975,5300,1,0,85004,7.1,1.2,8.2,575000
2480,4,2.5,1981,1500,1,0,85001,7.5,14.7,4.0,416000
2990,3,2.0,1997,7300,1,0,85003,4.6,4.1,6.2,486000
1210,3,1.0,1972,2500,0,1,85002,12.6,15.7,7.2,182000
1130,3,2.0,1968,12400,1,0,85004,9.0,15.4,9.1,182000
1470,4,4.0,1978,1900,1,1,85004,28.9,12.1,7.0,275000
2680,3,2.0,1967,4500,1,0,85003,7.9,10.3,8.6,430000
1320,4,2.0,1971,2800,1,0,85001,11.9,11.1,7.3,313000
2620,4,2.0,1956,3200,1,0,85004,8.6,1.0,2.1,383000
720,5,3.0,2009,2700,1,0,85002,12.0,7.3,7.0,171000
2080,4,3.0,1981,11200,1,0,85002,6.8,4.4,9.1,370000
2110,4,4.0,1962,4200,1,0,85004,11.1,2.4,1.8,388000
1750,4,3.0,1963,3200,1,0,85002,6.8,2.3,3.4,293000
1570,5,2.5,2020,2800,1,0,85003,5.5,13.7,6.9,340000
1390,3,2.0,1982,13700,1,0,85003,2.8,2.0,6.6,270000
1480,3,2.0,1990,3100,1,0,85004,24.5,3.6,9.6,265000
2240,4,2.0,1962,6200,1,0,85004,3.0,6.6,3.2,339000
2280,5,2.0,2005,7400,1,0,85002,5.6,6.5,9.6,390000
2030,3,2.0,1983,5700,1,0,85002,5.9,4.4,7.6,310000
2530,3,2.0,1953,4800,1,0,85004,3.9,14.8,8.6,380000
1310,4,2.0,1993,4800,1,0,85005,11.0,6.7,1.1,210000
2660,3,2.0,1982,5700,1,0,85003,6.5,9.2,5.3,412000
1360,4,2.0,1961,11500,1,0,85005,9.2,9.6,5.8,247000
2050,2,2.0,1971,6000,1,0,85001,3.6,6.3,4.7,339000
1630,3,2.0,1964,3400,0,0,85001,13.0,8.0,6.3,270000
2950,4,2.0,1977,2500,1,0,85004,6.9,0.9,1.8,475000
1250,3,2.0,2004,7800,1,0,85003,35.5,2.1,1.7,139000
1700,4,3.0,1951,4400,1,0,85005,28.3,21.1,9.0,299000
2280,4,2.0,1960,7600,1,0,85002,12.1,8.5,3.9,339000
1240,5,2.5,1984,6300,1,0,85002,7.7,5.2,2.9,280000
1340,5,2.5,2002,12100,1,0,85001,3.6,2.1,5.5,319000
1190,3,1.0,1952,3500,1,0,85002,19.1,5.2,1.5,156000
1230,3,1.5,1956,3600,1,1,85001,2.2,3.9,1.2,274000
3740,3,2.0,1972,6900,1,0,85004,4.5,5.1,2.3,492000
1190,4,4.0,1953,4900,1,0,85002,6.5,8.6,5.4,261000
2360,4,4.0,2013,8700,1,0,85002,6.1,3.7,2.5,410000
1640,4,3.0,2020,4100,1,0,85005,25.5,7.3,2.6,222000
1980,2,2.0,2001,3400,1,0,85002,7.7,12.2,6.5,309000
4270,5,2.0,2016,6900,1,0,85001,3.9,4.2,7.8,686000
950,3,2.0,1958,3000,1,0,85002,4.1,16.9,5.3,237000
1930,6,2.0,1963,3600,1,0,85004,34.9,4.0,6.1,346000
2300,3,2.0,1975,2500,1,0,85005,9.3,3.3,5.5,368000
2590,4,4.0,2006,4900,0,0,85004,6.2,10.2,4.5,389000
2780,3,2.0,1950,3600,0,0,85005,22.9,2.0,3.8,340000
1250,1,1.0,1997,3600,1,0,85001,11.2,6.2,7.0,210000
2230,5,2.5,1978,1500,1,0,85001,5.9,11.3,6.8,418000
1250,4,3.0,1970,1600,1,0,85005,4.8,1.5,7.9,303000
960,4,2.5,1959,5500,1,0,85002,2.8,4.7,6.2,218000
2600,4,2.0,1962,8900,1,1,85003,10.2,8.7,8.4,465000
1610,3,2.0,1962,2200,1,0,85004,13.4,2.2,4.7,288000
1840,4,2.5,1962,7700,1,1,85004,5.8,0.9,9.8,321000
2580,1,1.0,1998,3100,1,0,85005,3.2,0.5,5.7,357000
1290,3,2.0,1991,8000,1,0,85001,16.0,1.0,9.9,290000
1460,3,2.0,2016,4200,1,0,85004,4.5,10.1,3.9,273000
1590,4,2.5,1982,6000,1,1,85004,8.5,3.6,4.4,305000
1230,3,1.0,1993,3100,0,0,85001,14.3,1.6,3.6,229000
1850,4,2.5,1982,6700,1,0,85004,23.3,1.5,7.0,297000
2100,4,2.5,2007,2800,1,0,85003,10.8,2.3,4.3,393000
2130,1,1.0,1971,5200,0,0,85005,15.2,20.3,6.3,289000
1120,5,2.0,1995,6400,1,0,85002,1.8,13.4,6.6,233000
1080,4,2.0,1978,3200,1,0,85003,9.5,0.6,9.8,251000
2350,2,2.0,2006,2100,1,0,85001,2.7,5.1,4.1,377000
1250,4,2.5,2020,11100,1,1,85002,14.1,5.7,5.0,275000
2820,1,1.0,1960,11900,0,1,85002,30.4,5.5,9.6,356000
2200,3,2.0,1974,2400,1,0,85001,3.0,12.5,6.1,409000
2030,4,2.0,1977,8800,1,0,85005,7.0,4.6,3.1,294000
1480,3,2.0,2016,8000,0,0,85002,6.1,4.0,7.0,291000
1830,6,3.0,2021,6100,1,0,85001,4.8,3.2,2.8,354000
1880,2,2.0,1957,8300,0,0,85004,7.8,9.9,2.3,226000
3280,4,3.0,1966,3900,1,0,85004,41.9,10.6,7.4,413000
1650,3,2.0,2018,6500,1,0,85004,7.5,0.7,6.3,266000
1880,2,2.0,1982,8600,1,1,85002,7.0,6.7,5.4,354000
1930,3,2.0,2008,7000,1,0,85004,17.1,13.9,1.5,280000
2050,2,1.5,1957,5900,1,0,85005,2.7,2.3,8.8,380000
2930,3,2.0,1994,3100,1,0,85004,6.1,2.1,5.4,459000
2050,4,3.0,1958,5600,1,0,85004,11.8,15.8,5.1,275000
1350,5,2.0,1976,3100,0,0,85001,7.0,9.9,8.0,308000
1760,3,1.5,1999,4800,1,0,85005,7.5,3.3,5.7,283000
1330,3,2.0,1978,3600,1,0,85004,14.2,14.4,2.1,204000
1770,4,3.0,1980,4500,1,0,85002,24.0,1.1,5.7,319000
1620,3,2.0,1993,4100,1,0,85003,35.2,1.8,2.1,229000
1170,4,2.0,2011,12700,1,0,85002,3.2,0.5,6.3,252000
2400,3,1.0,1964,3900,1,0,85004,1.8,11.9,9.5,401000
970,4,2.0,1991,4800,1,0,85003,5.6,1.5,6.2,218000
2240,3,2.0,1966,2500,1,0,85004,13.9,11.5,3.3,263000
1310,5,3.0,1956,4400,1,1,85002,2.5,5.0,6.1,344000
1690,4,2.5,2003,5000,1,0,85005,7.2,2.8,4.5,324000
1380,4,3.0,2006,3300,0,0,85003,2.9,0.7,2.0,232000
1440,4,3.0,1996,8700,1,0,85004,26.8,2.2,1.2,206000
1100,6,2.0,1997,6400,1,0,85002,34.4,12.4,5.0,160000
1740,2,2.0,2007,5100,1,0,85005,8.0,9.5,1.3,266000
1500,2,2.0,2018,2900,1,0,85001,15.5,2.1,9.6,245000
2150,3,2.0,2005,6200,1,0,85002,9.7,9.6,6.1,340000
2160,3,2.0,2000,8400,0,0,85002,11.2,2.7,6.6,377000
1030,3,2.0,1996,9100,1,0,85004,9.7,20.2,2.3,181000
2940,2,1.0,1962,7800,1,1,85003,10.0,13.2,4.4,422000
1020,4,2.0,1963,5000,1,0,85001,19.7,0.5,3.3,189000
2590,5,3.0,1974,5300,1,0,85003,13.2,26.6,2.6,412000
2100,3,2.0,1981,4300,1,0,85001,9.7,2.0,1.3,375000
1490,4,2.5,1980,4500,1,0,85005,3.0,11.0,9.9,319000
1730,6,3.0,2014,3100,1,0,85005,11.8,4.4,4.5,361000
3010,3,2.0,1988,4000,1,0,85002,4.9,2.9,5.9,418000
1300,5,2.0,2002,3800,1,0,85001,22.5,14.7,1.5,246000
2930,3,2.0,1987,5300,1,0,85002,11.9,0.5,1.8,394000
2140,3,2.0,1983,9700,1,0,85001,9.0,2.2,1.9,350000
2520,4,2.5,1991,2200,0,1,85001,7.4,3.9,7.8,427000
2320,3,2.0,2015,6100,1,0,85003,7.9,8.9,3.9,349000
2310,4,3.0,1986,9200,1,0,85001,3.9,18.7,9.1,438000
2040,5,2.0,1972,4300,0,0,85004,5.8,5.5,2.2,311000
3500,4,2.5,1950,12200,0,0,85004,9.0,1.5,6.3,526000
2060,2,2.0,1974,5500,1,0,85001,16.8,3.9,4.9,381000
1530,3,2.0,2017,3200,1,0,85004,4.4,6.9,5.5,265000
2100,3,2.0,1999,2100,1,0,85004,4.8,25.5,7.5,341000
1660,4,3.0,2001,2700,1,0,85001,10.0,1.4,1.7,312000
2000,4,3.0,1983,6600,0,0,85001,3.7,4.2,8.2,390000
1690,3,2.0,1981,3200,1,0,85003,7.3,12.1,3.5,256000
1540,2,2.0,1988,5000,1,0,85001,4.0,8.2,5.8,339000
1240,4,4.0,1981,4700,1,0,85002,5.6,20.1,3.8,243000
2270,3,1.0,2005,4700,1,0,85002,12.3,12.7,3.4,344000
2460,4,2.5,1951,8400,1,0,85005,2.0,1.9,3.0,368000
850,5,2.5,1969,4700,1,0,85005,33.8,1.8,3.8,178000
1820,5,2.5,1993,4800,1,0,85002,16.6,11.5,6.7,341000
1540,3,2.0,2019,3200,1,0,85003,3.8,7.4,4.0,229000
1290,4,4.0,1951,9300,1,0,85004,3.8,3.1,8.4,249000
1790,3,2.0,2011,1900,1,0,85004,14.5,2.6,8.7,298000
2040,4,2.5,1951,4300,0,0,85004,16.1,1.4,4.6,283000
1740,3,2.0,2016,8600,1,0,85005,12.1,0.5,9.0,284000
1100,3,2.0,2004,4700,1,0,85004,7.7,10.9,4.3,218000
1330,3,2.0,1973,3800,1,0,85005,29.3,10.8,3.5,161000
2060,4,2.5,1970,3600,1,0,85001,3.3,6.4,7.4,412000
2310,3,2.0,2004,9500,0,0,85001,2.1,9.3,9.8,381000
2340,1,1.0,1996,6800,1,0,85003,28.7,0.8,3.2,270000
2220,3,2.0,1973,7400,1,0,85001,16.6,4.3,5.6,396000
1020,2,2.0,1968,2300,1,0,85002,9.0,8.0,6.9,180000
2100,3,2.0,1968,2200,1,0,85004,9.3,43.6,6.4,299000
2880,4,3.0,1997,3300,0,0,85004,7.0,6.9,2.6,476000
1580,3,2.0,1978,3500,1,0,85001,9.5,2.0,7.8,284000
1030,3,2.0,1953,2600,1,0,85001,1.3,11.9,3.3,243000
4420,5,2.5,2010,2900,1,0,85001,3.6,17.5,4.6,614000
4780,5,3.0,1996,2700,0,0,85002,2.6,7.1,5.2,715000
1600,4,2.0,1986,5600,1,0,85004,4.4,12.1,4.1,266000
1490,3,2.0,1990,9800,1,0,85004,10.6,24.2,7.7,251000
1740,4,4.0,1975,6100,1,0,85004,12.2,3.6,4.1,336000
1160,2,2.0,2004,5300,1,0,85002,4.9,4.0,2.4,184000
1950,3,2.0,1962,5600,1,0,85004,9.3,6.8,10.0,335000
1340,3,2.0,1991,2300,1,0,85004,17.2,14.5,5.1,159000
2120,3,2.0,1979,3400,0,0,85005,5.9,3.3,4.6,347000
3030,3,2.0,1987,3400,1,0,85005,34.4,10.7,1.4,395000
1220,3,2.0,2003,6800,1,0,85003,16.8,7.5,6.6,187000
2190,3,2.0,1996,2500,0,0,85003,11.6,0.5,5.0,329000
1780,2,2.0,2006,2600,1,0,85003,16.1,17.6,6.0,270000
1740,2,2.0,1956,4300,1,0,85003,5.7,2.5,3.4,246000
2340,3,2.0,1966,1700,1,0,85003,31.1,13.9,9.4,295000
3420,4,3.0,1965,7100,0,0,85003,0.8,4.7,8.7,560000
1650,3,2.0,1962,2200,1,0,85004,7.3,1.8,2.3,272000
1300,3,2.0,1988,3100,1,0,85002,8.3,6.4,7.8,287000
2550,2,2.0,1985,3700,1,0,85003,10.1,7.0,5.2,324000
2410,4,3.0,1967,3000,1,0,85004,13.3,4.5,6.4,391000
2140,3,2.0,2001,4300,1,0,85002,12.9,3.2,2.4,306000
820,3,2.0,1975,2100,1,0,85001,8.1,0.5,8.4,212000
2280,3,2.0,2005,3600,1,0,85002,9.2,1.6,8.6,360000
1010,2,2.0,1967,3600,1,0,85005,8.2,1.1,9.3,232000
1930,2,2.0,1975,11700,0,1,85004,7.1,6.1,6.1,322000
2160,3,2.0,1992,7600,1,0,85001,14.2,9.0,2.6,355000
1760,4,2.0,1973,5300,0,0,85004,13.9,18.1,7.6,253000
1560,3,2.0,2021,3700,1,0,85001,4.3,1.1,5.3,271000
2030,5,3.0,1968,7500,1,0,85005,9.5,32.1,2.7,377000
1240,4,3.0,1987,5200,1,0,85003,10.8,16.5,9.0,219000
1590,2,2.0,2010,5600,1,0,85005,13.7,3.7,3.4,276000
2990,5,3.0,1958,3700,1,1,85005,30.6,8.9,3.3,459000
1710,2,2.0,1964,3700,1,0,85001,7.7,27.4,2.2,271000
1700,2,2.0,2011,2900,1,1,85005,3.5,6.5,9.1,361000
2060,3,2.0,2018,6100,1,0,85004,5.1,7.3,3.5,346000
660,1,1.0,1997,3300,0,0,85004,20.0,5.4,3.1,30000
1740,3,2.0,1954,1900,1,0,85001,37.6,28.9,7.9,227000
2020,5,3.0,1972,4300,1,0,85005,11.1,1.2,6.9,315000
1290,5,2.5,1960,4700,1,0,85005,4.6,4.5,7.5,272000
2050,5,4.0,2019,3100,1,0,85005,8.2,3.5,6.7,373000
3790,3,2.0,1952,6500,1,0,85002,10.1,4.1,5.7,523000
2850,3,2.0,1991,5400,1,0,85002,11.1,3.7,1.1,418000
1240,4,2.5,2006,8800,1,0,85001,5.7,10.1,2.6,283000
2010,2,2.0,2019,9500,1,0,85003,4.4,13.7,2.9,329000
1940,4,2.0,2007,2800,1,0,85005,2.6,8.4,5.0,348000
1620,4,2.0,1986,8400,1,1,85004,13.5,6.5,6.8,334000
970,4,2.5,1956,4900,1,0,85003,20.0,1.0,9.3,184000
1690,6,4.0,1979,7000,1,1,85005,7.6,6.7,5.8,417000
860,3,1.5,1972,5900,1,0,85005,9.3,18.5,9.1,153000
2120,5,2.5,2021,12200,1,0,85004,21.6,5.7,1.6,399000
2300,3,2.0,1974,5700,1,1,85005,14.1,7.6,4.6,385000
1240,4,2.5,1985,5500,1,0,85005,7.3,0.6,8.4,261000
2740,3,2.0,1982,7700,1,0,85002,11.6,18.6,7.0,429000
2710,3,2.0,1973,10200,1,0,85004,5.2,0.5,3.7,368000
2370,5,2.0,1999,3900,1,0,85004,15.9,9.6,5.5,395000
1920,4,2.5,1950,5600,1,0,85002,15.0,3.5,1.2,295000
1830,3,2.0,1984,5800,1,0,85002,8.6,5.2,1.7,247000
1820,4,2.0,2017,4800,1,0,85001,1.1,0.5,6.6,355000
1280,3,1.0,1974,1500,1,0,85002,3.7,12.4,2.3,250000
1450,4,3.0,1992,3900,1,0,85001,24.8,4.0,3.5,271000
1760,3,1.5,1953,1900,1,0,85004,6.2,3.0,4.1,301000
1350,4,2.5,1950,12700,0,0,85003,25.2,0.5,9.5,235000
1440,2,2.0,2013,10900,1,1,85004,12.5,5.2,3.0,261000
1770,4,3.0,2022,4000,1,0,85005,13.3,5.5,6.8,305000
3010,2,2.0,1975,5500,1,0,85004,17.2,15.4,3.3,400000
1780,3,2.0,1981,1800,1,0,85001,13.8,3.3,2.3,320000
3300,5,3.0,1999,5700,1,0,85004,5.9,28.0,8.3,490000
1460,3,2.0,1998,7300,1,0,85002,18.4,4.8,2.1,236000
1120,2,2.0,2016,2600,1,1,85005,12.8,17.1,6.4,170000
1490,4,2.0,2023,6200,0,1,85005,3.1,2.3,8.9,327000
2100,4,4.0,1962,2200,1,0,85001,2.4,4.5,6.3,393000
1690,3,2.0,1985,2500,1,0,85001,12.0,1.7,3.1,313000
1170,6,3.0,2008,4900,0,0,85001,2.4,20.5,2.8,297000
2830,4,3.0,1962,7600,1,0,85002,6.0,13.0,1.2,415000
2070,5,2.5,2018,5500,0,0,85003,7.3,6.7,8.2,355000
2530,3,2.0,1989,2500,1,0,85003,8.9,2.1,1.3,367000
1170,3,2.0,1982,1700,1,0,85002,25.2,11.3,8.4,209000
1310,4,3.0,1962,6800,1,0,85005,3.4,8.0,4.6,277000
1990,3,2.0,1997,6900,1,0,85003,22.6,2.6,9.0,286000
1690,5,2.0,1989,3100,1,0,85004,4.4,2.1,4.7,358000
2260,3,2.0,1979,3700,1,1,85001,11.2,5.9,10.0,459000
960,4,2.5,2011,4200,0,0,85001,21.3,2.1,7.8,232000
2130,4,2.0,1984,3900,1,1,85005,2.2,10.6,9.2,432000
1830,3,2.0,2017,3500,1,0,85004,5.8,1.1,5.0,328000
2070,5,2.5,1965,6600,0,0,85004,3.6,10.8,2.3,284000
2090,4,2.0,1970,3600,0,0,85005,25.7,8.1,7.6,299000
730,3,2.0,1986,2300,1,0,85003,8.6,5.2,9.5,214000
1060,4,3.0,1968,8600,1,0,85003,3.7,2.3,2.2,189000
3090,3,2.0,2013,8900,0,0,85001,10.0,3.7,1.0,477000
1720,4,2.0,2011,3400,1,0,85003,8.5,9.1,1.4,249000
2020,2,2.0,1952,7000,1,1,85001,13.9,6.9,3.1,291000
1890,3,2.0,2002,7500,1,0,85002,9.0,24.8,7.0,307000
1440,3,2.0,1959,8800,0,0,85002,12.6,1.0,3.6,197000
2080,3,2.0,1992,4500,1,0,85004,6.7,25.6,2.9,283000
1880,4,2.0,2021,4400,1,1,85003,5.3,2.8,6.8,368000
1290,3,2.0,1968,5300,1,0,85003,8.5,5.9,2.7,220000
3530,4,3.0,2009,6700,1,0,85004,7.4,13.6,4.0,543000
3990,4,2.0,1975,3800,0,0,85002,7.1,1.2,10.0,636000
1630,3,2.0,1995,6300,0,0,85004,32.5,0.5,4.9,256000
1480,3,2.0,1960,7500,1,0,85004,45.3,12.4,8.2,174000
1430,2,2.0,2009,5200,1,1,85002,10.8,17.7,5.8,289000
1550,3,2.0,1997,9600,1,0,85001,4.5,21.8,3.0,314000
2590,4,3.0,1987,5100,1,0,85002,11.4,5.2,7.2,455000
1000,4,3.0,2009,4800,1,0,85004,4.2,5.9,3.3,247000
1300,2,2.0,2014,6500,1,0,85002,1.2,12.2,7.9,240000
1110,3,2.0,2009,3100,1,1,85003,2.4,0.5,1.2,224000
1610,3,1.5,1965,6500,0,0,85003,13.9,8.8,9.9,235000
2220,4,3.0,1979,6800,1,0,85004,5.1,26.0,9.2,375000
1820,5,2.5,2019,5000,1,0,85002,6.1,11.6,6.7,358000
1900,2,2.0,1980,4300,1,0,85003,13.6,4.6,5.5,249000
2440,5,2.5,1968,2500,1,0,85004,4.7,3.7,4.6,408000
2970,4,3.0,1957,5700,1,0,85003,13.6,14.6,4.2,387000
1350,4,3.0,1999,2000,1,0,85002,2.2,6.7,9.1,318000
2020,5,3.0,1979,8200,1,0,85002,13.5,3.4,1.8,328000
2690,4,2.5,1995,4000,0,0,85004,3.2,13.0,1.8,389000
1670,3,2.0,1961,3000,1,0,85002,8.2,0.5,6.0,294000
1170,3,2.0,1974,4100,1,0,85001,11.2,6.8,1.9,235000
2250,4,2.0,2007,9900,1,0,85003,20.3,6.9,9.3,310000
1310,3,2.0,1995,9900,1,1,85003,21.2,24.0,3.4,228000
1190,4,4.0,1998,8700,1,0,85004,10.0,2.3,9.3,294000
1570,2,2.0,1968,4200,1,0,85003,4.7,10.6,9.7,247000
1060,4,2.0,1979,12300,1,0,85004,11.0,12.3,7.8,232000
1510,3,2.0,1959,4900,1,0,85004,13.0,2.7,2.1,215000
1740,1,1.0,1964,6000,1,0,85004,11.0,0.7,7.9,258000
1260,4,2.0,1973,3500,0,0,85004,1.9,6.6,6.5,255000
1100,4,2.0,1983,4800,1,0,85005,5.8,5.6,9.6,275000
2080,3,1.0,1966,3700,1,0,85004,23.8,1.3,3.1,270000
1660,3,2.0,1975,9800,0,0,85005,20.2,0.9,4.2,263000
2030,3,1.5,2021,5600,1,0,85004,8.1,8.3,3.2,362000
1510,3,2.0,2003,3100,1,0,85003,3.7,9.6,5.0,291000
3150,3,2.0,1983,5100,1,0,85004,3.5,24.9,2.4,487000
1990,4,3.0,1999,7500,0,0,85003,12.6,1.8,5.4,327000
1820,3,2.0,2015,8500,1,0,85003,6.7,0.6,1.5,285000
1970,3,2.0,1959,3500,1,0,85004,5.6,2.1,2.2,275000
1240,3,2.0,2023,5700,1,0,85003,7.8,9.0,4.3,245000
2280,4,2.0,1991,2500,1,0,85004,5.5,0.6,6.7,409000
1350,3,2.0,1962,7500,1,1,85002,7.9,1.3,9.6,243000
1440,5,2.0,2010,4800,1,0,85001,2.3,4.6,1.1,291000
1400,3,2.0,1951,3700,0,0,85004,6.4,15.9,6.7,229000
1870,5,4.0,2022,10900,1,1,85003,7.4,26.6,7.6,369000
1260,3,2.0,1996,7300,1,0,85003,6.5,16.7,8.8,233000
1780,4,2.0,1985,3700,1,0,85005,23.8,10.4,3.8,237000
1510,4,3.0,1987,8500,1,0,85003,6.1,4.0,2.5,266000
1570,3,1.0,1990,3100,1,0,85001,12.4,6.5,7.7,304000
2950,3,1.0,2001,7400,1,0,85003,20.0,0.9,1.4,379000
2120,3,2.0,1992,3800,1,0,85003,6.0,7.3,5.2,311000
2350,2,2.0,1977,5600,1,0,85005,1.4,8.1,5.6,336000
1450,3,2.0,1982,2800,1,1,85003,5.3,9.0,6.2,267000
1550,3,2.0,2015,4300,1,0,85003,1.7,0.5,1.3,256000
1200,5,2.5,1995,2100,1,0,85003,9.7,13.5,9.0,274000
2440,3,2.0,1996,3400,0,0,85004,2.5,7.0,2.0,402000
2640,5,4.0,2000,2000,0,0,85002,4.8,11.0,1.2,378000
1610,4,2.0,1998,3600,1,0,85005,13.8,0.5,5.2,272000
1660,2,2.0,1966,5000,1,0,85005,4.4,1.5,8.5,282000
2210,2,1.0,1974,2100,1,0,85005,7.9,0.5,2.0,307000
1210,3,2.0,1953,5500,1,1,85002,5.0,0.5,1.3,266000
1730,5,3.0,2003,5100,0,0,85005,21.1,6.3,3.7,288000
1280,3,2.0,1986,5000,1,0,85002,10.5,16.0,9.4,253000
2350,3,2.0,1964,9500,1,1,85005,6.9,12.0,9.3,353000
2180,3,2.0,2002,8100,1,0,85002,10.2,5.1,9.7,388000
2640,4,3.0,1972,7800,0,1,85004,5.8,11.7,3.3,395000
3280,3,2.0,2016,2700,1,0,85002,7.9,10.4,5.6,496000
1950,4,2.5,1991,5000,1,0,85004,11.9,7.2,7.9,315000
1540,4,2.0,1958,5900,0,0,85005,6.9,17.2,4.9,258000
2170,2,2.0,1951,5100,0,1,85004,15.1,8.4,5.6,323000
1940,4,3.0,2000,3600,1,0,85001,7.8,1.0,1.5,360000
1760,4,4.0,1988,10000,1,0,85005,3.3,6.3,1.9,338000
910,3,2.0,1971,5000,1,0,85005,3.7,14.9,8.1,209000
3080,6,3.0,1982,5600,0,0,85004,23.2,3.1,3.8,431000
3100,3,2.0,1968,4700,1,0,85001,8.4,11.6,1.4,451000
1910,4,2.5,2021,3700,1,0,85004,18.6,2.7,3.6,292000
1900,3,2.0,2000,4200,1,0,85004,50.0,3.9,3.7,266000
2130,5,3.0,1975,3500,1,0,85004,12.7,24.3,7.4,361000
1420,3,2.0,1989,5900,0,1,85002,4.1,15.5,9.1,238000
2200,3,1.5,1962,10900,1,1,85003,12.4,6.5,1.0,323000
2910,4,2.0,1956,8100,1,0,85002,3.8,1.6,4.1,485000
1600,3,2.0,1990,9800,1,0,85001,6.1,4.4,7.2,289000
1790,3,2.0,1983,9400,1,0,85003,23.2,2.4,2.8,239000
1000,4,2.0,1971,6600,1,0,85002,4.2,11.3,6.6,191000
2320,1,1.0,1970,2700,1,0,85004,12.4,1.0,1.1,307000
3230,2,1.5,1990,1800,1,0,85001,5.1,10.6,9.6,517000
1870,4,2.5,2015,5900,1,0,85003,4.5,13.7,2.8,367000
2950,4,3.0,1955,7700,1,0,85001,3.6,6.2,4.7,469000
1480,3,2.0,1955,2100,1,0,85001,14.2,25.4,3.9,214000
1500,4,2.0,2006,7300,1,0,85001,14.1,4.4,1.7,225000
2320,2,2.0,2015,5500,1,0,85001,2.1,8.2,7.7,413000
1190,4,3.0,1970,3100,1,0,85003,1.7,8.7,6.1,222000
2470,5,2.0,2007,4500,1,0,85003,26.5,0.5,6.3,418000
1780,3,1.0,1966,5700,1,0,85004,21.7,19.6,9.5,294000
2850,4,2.0,1964,6600,1,0,85005,17.5,4.2,9.1,425000
2280,3,2.0,2023,2800,1,0,85003,6.6,15.7,9.5,357000
1790,4,3.0,1981,8300,1,0,85003,4.9,3.8,3.0,322000
1800,2,2.0,1959,4300,1,0,85005,7.3,8.6,7.7,283000
2250,4,3.0,1983,3100,1,0,85005,15.1,17.7,5.8,393000
1640,4,2.5,2007,4100,1,1,85004,19.4,6.2,3.6,297000
1140,3,2.0,2020,4300,1,0,85004,4.5,30.0,3.2,186000
1540,5,2.5,1967,6600,1,0,85001,7.2,7.5,4.9,309000
2150,4,2.0,1975,2400,0,0,85001,7.4,30.6,4.4,345000
2350,5,2.0,2002,2800,1,0,85002,9.6,10.8,2.6,386000
1890,4,2.5,1950,6600,1,1,85001,10.5,6.4,8.6,400000
1830,5,3.0,1963,7900,1,0,85004,1.5,3.7,8.9,371000
850,4,2.0,2008,4100,1,0,85002,2.6,1.1,5.0,235000
2200,3,2.0,1972,7300,1,0,85004,3.8,2.5,8.3,359000
2370,5,3.0,2017,4400,1,0,85005,14.9,8.8,8.8,391000
1680,2,2.0,1960,9100,1,0,85001,2.5,0.8,7.5,317000
1810,3,2.0,1977,9600,1,0,85002,2.8,3.0,7.2,312000
1980,4,2.5,1997,4900,1,0,85005,7.8,1.6,8.9,334000
1920,4,3.0,1981,3900,1,0,85001,4.7,5.7,1.8,352000
750,4,3.0,1969,6000,1,0,85003,14.4,1.7,5.8,134000
2060,4,2.0,1967,8700,1,0,85005,7.6,20.2,1.3,317000
2390,5,2.0,2015,2000,0,0,85004,10.9,2.1,9.3,390000
1490,3,1.0,2015,1500,1,1,85003,11.2,18.7,8.2,245000
1660,4,2.5,2015,3200,1,0,85001,2.4,3.3,6.0,335000
1330,5,2.5,2007,1500,1,0,85005,0.8,13.6,1.6,266000
1650,4,2.5,1979,3000,1,0,85002,4.8,12.2,9.9,303000
1670,2,2.0,2023,2500,1,0,85003,12.2,1.1,8.1,242000
1230,3,1.5,2014,2900,1,0,85002,4.5,5.1,3.3,226000
1150,5,2.5,1951,5200,1,0,85001,2.0,10.6,6.7,290000
1210,1,1.0,2014,1500,0,0,85001,8.4,5.5,1.9,189000
2610,4,2.5,2010,4800,1,0,85003,7.8,2.9,3.9,359000
1690,4,3.0,1970,4500,1,1,85004,3.1,4.9,9.3,367000
1280,4,3.0,2008,3700,1,0,85002,3.9,3.6,6.0,295000
1960,4,2.5,1971,2800,1,0,85001,20.0,11.9,1.8,354000
1500,4,3.0,1975,3900,0,0,85005,3.0,0.8,7.2,247000
1330,4,3.0,1960,5400,0,0,85005,25.0,22.2,3.8,196000
2500,5,2.0,1993,6300,1,0,85001,5.3,13.9,8.4,479000
1520,3,2.0,1968,4200,1,0,85005,15.6,2.2,4.8,253000
3220,4,3.0,1959,3700,1,0,85004,11.2,12.0,4.1,452000
2780,4,2.0,2006,3000,1,0,85005,11.3,12.5,3.0,438000
1460,4,4.0,1981,6000,1,0,85002,22.4,15.6,5.6,246000
1730,4,3.0,2018,8000,1,0,85003,3.4,5.1,5.0,340000
970,3,2.0,1969,3000,0,0,85001,8.0,1.7,3.8,205000
1630,6,2.0,1957,3100,1,0,85001,5.8,2.9,2.5,334000
2180,1,1.0,1996,4700,1,0,85003,8.5,0.5,7.8,307000
1430,4,3.0,2009,4100,1,0,85004,10.1,4.3,3.4,261000
1590,4,3.0,1958,5900,1,0,85005,7.3,0.7,9.3,340000
2600,4,2.5,1950,12600,1,0,85001,4.6,9.8,6.3,415000
1160,5,2.0,1991,3000,1,0,85002,7.4,2.5,5.2,235000
1390,6,2.5,1976,2400,1,0,85004,11.4,17.3,3.0,290000
1580,3,2.0,2003,3900,1,0,85004,3.0,11.3,3.8,303000
1420,1,1.0,2018,5600,1,0,85004,2.9,4.6,5.0,226000
1240,2,2.0,2015,2800,1,0,85001,5.2,10.5,2.7,230000
2780,3,2.0,1977,3500,1,0,85002,2.1,22.1,7.9,406000
1580,4,2.0,2005,3500,1,0,85004,5.6,0.5,9.6,352000
3050,3,2.0,1980,7100,1,0,85005,3.1,30.2,3.5,372000
1920,2,2.0,2014,4100,1,0,85004,19.6,11.2,2.7,220000
940,2,2.0,2020,5000,1,0,85005,5.7,3.8,3.8,159000
2480,3,2.0,1960,4600,1,1,85001,22.0,3.1,4.6,388000
1920,3,2.0,1951,5700,1,0,85003,15.9,12.8,1.9,231000
1700,5,2.5,1974,4500,0,0,85002,18.7,0.9,9.1,368000
1420,5,2.0,1963,7200,1,0,85003,3.2,20.7,2.2,242000
870,4,2.0,1972,8200,1,0,85005,20.6,6.7,3.2,128000
2200,3,2.0,1958,5900,1,0,85004,3.9,3.7,4.7,343000
1680,4,2.5,1950,4400,1,0,85004,17.3,5.6,8.3,294000
1710,4,4.0,1994,7900,1,0,85004,5.7,1.0,3.6,317000
1730,4,2.0,1965,6000,1,0,85001,3.2,8.0,9.5,355000
2050,3,2.0,2000,4200,1,0,85002,11.1,9.3,7.5,343000
2010,5,2.0,1960,5900,1,0,85005,17.0,9.2,1.4,359000
3050,2,2.0,1996,2000,1,0,85005,15.0,0.6,5.5,441000
2330,4,3.0,1978,7700,1,0,85005,8.5,22.7,2.5,363000
1380,3,1.0,1968,2700,1,0,85001,11.6,12.9,7.9,257000
2190,3,2.0,1968,7500,1,0,85001,6.8,13.7,5.2,375000
1880,3,2.0,2017,5800,1,0,85004,12.8,0.5,3.4,267000
1490,5,2.5,1959,3200,1,0,85001,6.5,18.6,6.8,346000
1990,5,4.0,2012,8800,1,0,85005,10.6,2.8,7.0,375000
1840,5,3.0,1963,15400,0,1,85004,2.3,9.0,4.2,350000
1440,3,2.0,1969,3400,1,0,85001,4.2,18.5,2.7,310000
2290,2,1.5,2002,3500,1,0,85004,31.1,27.1,4.2,275000
2070,6,3.0,1972,4700,1,0,85004,15.2,0.8,7.4,375000
1750,3,2.0,1980,12200,1,0,85002,8.8,0.7,9.2,354000
1360,2,2.0,1985,5000,1,0,85004,3.4,3.6,5.2,260000
1260,4,3.0,2020,4100,1,0,85002,1.9,22.0,1.3,221000
2840,3,1.0,1985,4500,0,0,85004,1.9,5.5,6.0,402000
3310,5,3.0,1996,4000,1,0,85003,4.5,6.8,1.2,489000
2320,5,2.0,1952,7900,0,0,85005,1.7,7.5,4.0,370000
840,4,2.5,1979,2600,1,0,85005,7.3,0.5,7.6,229000
3500,4,2.5,1977,4700,1,0,85005,13.1,3.9,9.6,526000
1670,2,2.0,1962,5900,0,0,85004,4.5,8.2,4.7,234000
1740,3,2.0,1997,8200,1,0,85004,3.5,1.3,2.8,328000
2240,3,2.0,1973,8100,1,1,85001,50.0,5.7,3.0,307000
1350,4,2.5,2019,1500,1,0,85002,13.9,23.1,3.5,210000
2030,3,2.0,2003,9500,1,0,85002,5.6,3.5,9.4,413000
2010,5,2.5,1968,5300,1,0,85001,10.9,5.1,2.3,354000
2660,5,3.0,1993,2300,1,0,85003,18.8,4.0,9.8,468000
1350,3,2.0,1992,5500,0,0,85005,16.7,1.8,9.3,270000
2000,2,1.5,1984,4900,1,0,85001,15.7,5.7,2.5,326000
2170,4,3.0,2010,8900,1,0,85001,11.4,7.8,8.6,392000
2470,4,2.0,1973,5000,1,1,85005,9.8,4.6,2.9,391000
2160,3,2.0,1966,5500,1,0,85005,4.1,2.6,4.3,394000
1910,3,2.0,1981,4000,1,1,85004,5.2,3.3,2.7,329000
2730,4,2.5,2021,7400,1,0,85002,12.0,0.5,5.7,427000
1300,3,1.0,1976,3600,1,0,85004,5.0,1.1,9.7,254000
2310,4,2.5,1977,5900,1,0,85002,16.3,43.7,2.8,342000
2000,6,2.5,1950,3800,0,0,85002,12.7,4.3,1.9,326000
2420,5,2.0,1992,5900,1,0,85001,6.2,6.1,2.4,436000
1980,2,2.0,2013,4800,1,0,85003,10.2,4.5,1.5,287000
2480,5,2.0,1966,3300,1,0,85004,16.1,20.9,5.4,362000
1940,3,2.0,2011,5500,1,0,85002,5.1,1.2,4.4,347000
2500,3,1.5,1987,6400,1,0,85001,2.9,2.1,9.9,436000
2140,4,3.0,1966,4500,1,0,85002,2.3,9.9,8.3,377000
1470,3,2.0,1998,2700,0,0,85005,36.8,7.9,7.6,177000
1690,3,2.0,1981,8700,1,0,85004,14.5,0.5,7.9,230000
2500,4,2.0,1968,2400,1,0,85001,6.1,4.4,7.7,399000
1410,3,1.5,2019,2900,1,1,85001,13.9,5.1,4.2,297000
2320,5,2.0,1953,7800,1,0,85002,12.5,17.9,1.4,325000
2660,6,3.0,1954,6300,1,0,85002,12.8,15.9,1.3,382000
2280,4,2.5,1982,3400,1,0,85005,24.2,3.9,8.6,330000
3050,3,2.0,2008,11100,1,0,85001,1.8,4.4,6.1,504000
1780,4,3.0,2003,4400,0,0,85002,4.3,32.4,4.2,253000
1460,4,2.5,1967,5800,1,0,85003,5.5,7.9,8.5,287000
2520,4,2.0,2006,4400,1,0,85004,1.3,10.2,4.3,405000
2680,3,2.0,1995,6200,1,0,85001,0.8,12.2,6.0,457000
3040,4,3.0,2002,5800,1,0,85005,13.7,11.8,9.0,485000
2500,3,1.0,1975,4100,1,0,85003,0.9,2.6,7.2,421000
2410,5,3.0,2019,3400,0,0,85002,11.2,7.6,3.4,317000
1650,3,2.0,1985,3100,1,0,85002,4.7,0.5,6.5,312000
2650,4,2.0,1972,4100,1,0,85001,22.3,27.0,9.2,383000
2740,2,2.0,2019,4000,1,0,85003,7.1,5.0,6.0,404000
1760,2,2.0,2010,4900,1,0,85002,20.3,5.7,7.9,242000
1860,2,2.0,1968,9500,1,0,85002,6.6,0.6,10.0,349000
1660,6,3.0,1957,3500,1,1,85003,27.2,10.8,2.2,283000
2200,6,2.5,1955,4200,1,0,85003,7.5,0.5,8.5,344000
2240,3,2.0,1989,4600,0,0,85004,9.1,0.5,9.0,419000
2320,2,2.0,2016,5700,1,0,85001,7.2,2.8,3.5,355000
2620,4,2.0,2017,5600,1,0,85005,6.8,0.8,7.0,460000
1000,3,2.0,1970,5500,1,0,85002,9.8,10.8,4.5,154000
1660,6,2.0,2010,9500,1,1,85001,5.9,6.6,8.0,348000
1150,3,2.0,2002,6500,1,0,85002,4.2,14.6,2.4,257000
880,3,2.0,2002,3300,1,0,85004,3.1,4.0,2.8,186000
1090,3,2.0,1972,4700,1,0,85002,18.2,0.5,9.1,208000
2440,5,2.0,1980,7100,1,0,85003,4.2,4.3,1.7,401000
2030,2,2.0,1953,2500,1,0,85001,1.7,2.8,7.3,363000
1800,4,2.0,1963,2700,1,0,85001,10.4,1.2,8.2,344000
1510,3,2.0,2010,4600,1,0,85001,4.9,1.2,2.6,287000
1300,5,2.0,2011,8000,0,0,85004,3.0,0.8,6.4,271000
1970,4,3.0,2017,2600,1,0,85005,4.2,7.1,7.5,369000
1090,3,2.0,1963,3100,1,0,85001,23.2,4.5,9.7,227000
1460,3,2.0,2002,6900,1,0,85002,41.6,0.5,8.8,189000
2270,3,2.0,1966,3100,1,0,85004,7.0,7.8,7.2,330000
1770,4,2.5,1983,3700,1,0,85004,20.4,10.7,9.7,312000
1530,5,2.0,2023,4800,1,0,85002,8.1,0.5,3.0,295000
1580,2,2.0,1992,4400,1,0,85004,4.1,24.8,1.0,242000
1840,3,2.0,1970,5500,1,0,85002,11.5,10.3,2.8,273000
1300,4,2.0,2014,5800,1,0,85002,3.0,3.2,1.1,261000
1930,3,2.0,1982,7700,1,0,85003,6.1,12.5,6.7,301000
1520,4,3.0,2014,3100,1,1,85005,3.4,7.4,4.1,300000
2510,1,1.0,1957,5300,1,0,85005,4.2,9.8,2.0,347000
2560,2,2.0,1964,6900,1,0,85004,14.0,20.7,2.3,294000
2270,3,2.0,2021,6500,1,0,85005,5.3,2.2,2.2,340000
2090,3,2.0,2017,1500,1,0,85002,6.2,0.5,9.0,344000
3080,2,2.0,1974,3500,1,1,85002,18.6,2.3,8.6,408000
2500,4,3.0,1986,4900,1,0,85003,7.0,5.1,3.7,393000
2490,4,2.0,1952,3700,1,1,85002,21.5,5.5,4.5,406000
3840,1,1.0,1972,5700,1,0,85005,5.6,3.0,8.0,490000
2160,3,2.0,2012,5100,1,0,85003,5.5,1.5,9.4,363000
2020,4,2.0,2009,2300,0,1,85003,1.5,5.9,4.8,361000
2540,3,1.5,1964,6700,1,0,85001,7.1,5.5,2.2,443000
3220,3,2.0,1950,3600,1,0,85001,4.2,4.4,4.5,499000
1650,2,2.0,2005,2500,1,0,85003,30.9,3.9,4.0,188000
2880,3,2.0,1965,4400,1,0,85001,37.3,8.9,9.1,440000
1290,3,2.0,2006,7400,1,0,85003,2.7,3.3,7.0,250000
1510,3,2.0,1967,5400,1,0,85005,9.2,11.1,6.7,287000
1690,4,2.0,1998,3000,1,0,85003,2.7,0.9,5.8,294000
3250,3,2.0,1966,7900,1,0,85004,10.2,5.7,6.3,472000
1200,4,2.5,1987,3800,1,0,85003,4.5,2.5,3.9,228000
1800,3,2.0,1973,3700,1,0,85003,6.5,3.9,3.8,275000
2170,6,3.0,2006,12600,1,0,85002,11.0,3.2,6.1,420000
1270,5,2.5,2006,8300,0,0,85002,18.6,3.3,2.3,237000
1400,3,1.5,2016,4000,1,0,85002,11.9,7.9,5.2,222000
2580,2,2.0,1979,3100,1,0,85005,3.6,17.9,8.4,372000
2850,5,2.0,1977,7100,1,0,85001,6.4,16.1,2.4,473000
1750,3,2.0,2022,4500,1,0,85004,2.2,16.4,2.6,264000
2240,4,3.0,1952,5700,1,0,85003,10.0,0.9,2.6,353000
1350,3,2.0,1986,6100,1,0,85001,3.1,27.7,5.1,223000
1330,4,2.0,1970,3300,1,0,85003,2.5,0.9,4.4,305000
2290,3,2.0,1997,4200,1,0,85002,9.1,18.5,7.5,380000
1230,6,2.0,1991,3200,0,0,85003,19.6,7.7,7.5,236000
1780,5,3.0,1971,4500,1,0,85002,23.0,30.5,9.8,285000
1970,6,3.0,1981,5900,1,0,85005,11.2,0.7,9.4,382000
1740,4,2.0,1962,3300,0,0,85005,9.8,2.0,1.7,235000
1450,3,2.0,2019,4400,1,1,85003,17.4,13.2,5.3,266000
2410,4,2.5,1963,7400,1,0,85005,5.4,1.8,3.0,391000
2970,3,2.0,2008,8800,0,0,85003,41.2,0.5,6.2,349000
1760,3,2.0,1998,2000,1,0,85002,5.1,5.3,5.1,282000
1260,5,2.5,2007,4300,1,0,85003,6.3,6.6,7.6,252000
2050,5,2.0,2015,11400,1,0,85003,19.5,4.3,1.9,249000
1840,3,2.0,1953,6000,1,0,85005,11.7,20.1,9.1,291000
2520,4,2.0,1962,3200,1,1,85001,5.7,2.6,9.5,477000
2230,3,2.0,1973,8000,1,0,85005,13.2,21.4,8.6,321000
1650,6,2.0,1985,4700,0,0,85003,20.3,0.8,7.4,312000
1660,3,2.0,2012,4300,0,0,85005,7.1,5.4,6.6,318000
2710,3,2.0,2013,10000,1,0,85004,9.8,16.0,5.6,388000
930,3,2.0,1970,6600,0,0,85003,2.2,3.8,2.3,160000
1580,4,2.0,1999,5200,1,0,85003,11.9,3.7,4.6,277000
1420,3,2.0,2000,1900,1,0,85004,14.1,5.1,5.2,202000
2620,3,2.0,2001,9400,1,0,85003,8.8,6.3,3.3,357000
3900,5,2.5,1950,5800,1,0,85001,6.8,3.4,6.3,562000
1720,3,2.0,1985,3900,0,0,85003,37.0,18.3,6.5,208000
1590,4,3.0,2001,3600,1,0,85005,24.5,13.1,4.9,225000
1410,3,2.0,1998,4300,1,0,85004,7.6,8.0,8.2,253000
2840,4,2.0,2010,7700,1,0,85005,2.0,21.2,4.0,413000
1560,2,2.0,1996,5000,1,0,85004,12.0,2.4,7.8,232000
1590,4,3.0,2012,5100,1,0,85001,4.6,4.9,9.1,332000
1660,2,2.0,1997,4900,1,0,85002,23.4,24.9,5.3,205000
1390,3,2.0,1978,2100,1,0,85003,7.2,7.3,3.0,244000
2740,4,3.0,2002,6100,1,1,85004,7.9,4.6,5.2,454000
1250,4,2.0,2022,4300,1,0,85004,5.0,5.5,8.2,213000
1960,3,2.0,1986,3100,1,0,85001,6.6,2.3,6.7,363000
1390,3,1.5,1990,3500,1,0,85003,4.8,1.0,5.3,210000
1570,3,2.0,1959,6600,1,0,85001,6.6,18.3,2.2,262000
1540,3,2.0,2003,4600,1,0,85001,6.8,3.3,7.2,288000
1780,2,2.0,1955,5900,1,0,85004,2.7,8.4,2.9,264000
1470,4,3.0,2010,7600,1,0,85003,6.0,15.7,2.1,282000
1450,1,1.0,1995,7100,1,0,85001,17.2,5.8,1.7,163000
1050,3,2.0,1990,4800,1,0,85002,11.4,21.1,2.8,147000
2290,4,2.5,2012,4200,0,0,85005,12.8,15.1,7.0,340000
2470,3,2.0,2018,7700,1,0,85002,5.6,14.3,6.7,375000
2070,4,3.0,1955,11700,1,0,85002,17.9,3.7,8.4,315000
1860,4,3.0,1983,10200,0,0,85003,12.0,15.0,8.4,286000
1400,6,2.5,2021,11200,1,0,85002,16.4,2.0,2.7,316000
2390,4,2.0,1990,3300,1,0,85005,5.3,16.5,9.1,356000
1410,5,2.0,1966,4600,1,0,85005,12.2,1.3,5.3,327000
2380,3,1.0,1954,4200,1,0,85003,4.8,3.5,6.5,371000
1510,3,2.0,1959,6800,1,0,85002,2.1,9.7,1.7,232000
1690,3,2.0,1990,4200,1,0,85003,6.2,1.1,5.4,270000
1040,2,2.0,1968,6300,1,0,85002,2.5,15.6,2.1,168000
1410,4,2.5,1961,9500,1,0,85004,9.5,7.1,4.5,286000
1350,5,2.5,1978,6200,1,0,85001,5.6,13.9,8.0,284000
1710,3,2.0,2006,4400,1,0,85001,3.4,4.4,2.9,310000
1480,1,1.0,1989,3500,1,0,85002,2.6,10.9,3.1,203000
2280,2,2.0,1991,4500,0,0,85004,4.8,26.7,9.2,352000
1360,4,2.5,1984,3900,1,0,85001,7.6,15.7,6.3,340000
1650,3,2.0,1955,13000,1,0,85004,16.2,3.3,7.7,265000
2640,3,2.0,1964,3600,1,1,85005,6.0,16.7,9.0,410000
4170,3,2.0,2008,8200,1,0,85004,7.7,40.3,6.8,574000
2440,4,2.5,2010,2600,1,0,85003,3.4,1.2,1.9,366000
3320,4,4.0,1988,9500,1,1,85001,19.4,14.4,5.7,557000
1770,3,2.0,1985,5600,1,0,85003,5.5,6.0,4.2,245000
1590,3,2.0,1980,5400,1,0,85002,6.3,5.1,1.8,251000
880,1,1.0,2009,18600,1,0,85002,3.8,2.0,9.7,174000
1010,4,2.5,1960,5900,1,0,85003,22.0,5.0,1.8,208000
1920,4,4.0,1954,4700,0,0,85003,19.5,7.0,9.9,308000
1530,2,2.0,2019,13200,1,0,85005,3.7,8.8,1.8,222000
2230,3,2.0,1961,3800,1,1,85001,7.4,2.3,6.7,423000
1300,5,3.0,1992,11500,1,0,85005,1.7,0.8,2.1,269000
1960,4,2.0,1954,4000,1,1,85001,5.4,3.6,6.5,360000
3460,3,2.0,1991,15800,1,0,85003,22.8,0.5,4.1,469000
1450,2,2.0,1965,7400,1,0,85005,7.3,2.6,8.3,259000
1660,3,2.0,1951,4500,1,0,85003,5.7,3.9,5.0,241000
1680,3,2.0,2010,4100,1,0,85002,5.2,12.7,7.7,293000
2010,5,2.0,2010,6300,1,0,85004,12.5,3.7,8.3,366000
2100,2,2.0,1961,12400,0,0,85001,9.8,9.7,8.8,371000
3020,3,2.0,1984,14800,0,0,85004,1.9,0.5,7.9,465000
700,4,2.5,2019,4100,1,0,85004,7.1,2.7,6.2,188000
1300,4,2.0,1967,9300,1,0,85004,11.2,20.1,4.8,202000
1880,4,3.0,1978,5700,0,0,85005,6.9,10.1,4.9,306000
1940,5,3.0,1971,3200,1,0,85004,8.0,1.2,2.9,325000
1890,3,1.5,1975,3500,1,0,85005,16.7,1.3,5.9,294000
2880,2,2.0,1950,6200,1,0,85002,7.7,10.4,2.2,403000
3590,2,2.0,1991,5300,1,0,85001,8.5,5.3,6.0,557000
1910,6,3.0,2020,3200,0,1,85003,2.9,1.9,1.5,331000
2110,5,3.0,1951,8100,1,0,85003,1.6,28.4,8.9,377000
1090,4,2.0,2013,6100,1,0,85004,7.7,4.1,1.9,217000
2420,3,2.0,1994,3300,1,0,85002,45.3,4.9,7.4,328000
1630,3,2.0,2014,10300,1,1,85002,9.6,0.5,7.3,331000
1730,5,2.0,2000,18400,0,0,85003,5.1,5.5,2.4,246000
2170,4,2.0,2013,5400,1,0,85004,4.2,2.2,9.3,347000
1120,5,2.0,2016,6300,1,0,85001,6.7,0.5,5.4,297000
2690,3,2.0,2018,3900,1,0,85002,5.0,3.6,7.6,475000
2330,4,3.0,2005,5600,1,0,85003,1.7,9.1,7.1,403000
2370,4,2.0,1983,2700,1,0,85003,8.4,2.1,3.9,331000
1190,4,2.0,1985,9900,1,0,85004,4.2,8.3,5.0,237000
2210,2,1.0,1960,1600,1,0,85002,9.5,0.5,8.9,321000
2470,6,3.0,2006,3100,1,0,85002,15.6,12.1,2.8,389000
2050,5,3.0,1952,5200,1,0,85002,6.9,3.7,8.0,405000
2860,3,2.0,1971,7000,1,0,85002,13.1,0.5,1.9,376000
1600,6,2.0,1956,1800,1,0,85004,4.8,8.2,4.7,336000
2330,3,2.0,1954,3800,1,0,85001,2.1,1.5,9.1,428000
1640,5,3.0,1963,10300,1,0,85004,3.6,3.1,7.1,322000
2320,4,4.0,1969,10000,1,1,85002,50.0,33.4,5.8,341000
740,1,1.0,1962,9500,1,0,85005,43.0,5.1,5.6,99000
2060,2,2.0,1963,5800,1,0,85004,4.6,9.4,5.1,287000
2170,3,2.0,2014,2900,1,0,85005,2.9,6.5,4.9,335000
1110,1,1.0,1985,3600,1,0,85001,13.5,0.5,8.9,196000
2410,5,3.0,1986,6900,1,0,85005,2.1,0.5,8.5,486000
2540,4,3.0,2002,4400,1,0,85004,3.3,0.5,2.0,387000
1570,5,2.0,2001,2800,1,0,85004,4.5,0.5,8.0,351000
1120,5,2.0,1951,4200,1,0,85003,2.2,11.6,3.8,235000
1660,5,2.5,2018,3500,1,0,85004,9.1,7.7,4.7,289000
1530,4,2.5,1968,8000,1,0,85001,10.3,7.4,4.6,269000
2410,3,2.0,1993,3300,0,0,85004,15.7,2.8,1.1,282000
2370,3,2.0,1968,6600,1,0,85002,5.0,5.8,7.4,374000
1440,3,1.0,2003,4200,1,0,85002,4.8,1.8,8.5,265000
1540,4,2.0,2007,6900,1,0,85001,12.8,2.4,9.9,325000
1950,3,2.0,2003,2400,1,0,85004,10.2,0.5,2.9,309000
1640,2,2.0,1969,9700,1,0,85005,2.1,7.7,2.0,291000
2090,2,1.5,1980,7600,1,0,85002,20.0,1.6,1.1,284000
1800,3,2.0,1999,1500,1,0,85002,5.5,4.6,8.2,310000
1510,4,2.5,1998,10000,1,0,85001,15.7,2.2,5.2,308000
1160,5,3.0,1984,5100,0,0,85005,2.9,5.5,5.4,226000
2270,2,2.0,1973,2300,1,0,85004,12.1,18.3,7.9,350000
2100,3,2.0,2008,4100,1,0,85004,3.7,7.4,6.0,325000
1240,4,2.0,1961,4900,1,0,85005,13.5,30.5,4.6,168000
1800,5,2.5,1986,13800,1,0,85004,11.0,5.5,9.8,371000
2320,5,3.0,2005,8900,1,0,85002,2.9,0.9,4.9,438000
3160,1,1.0,1963,4400,0,0,85001,1.6,8.0,3.2,453000
1140,5,2.5,1973,2100,0,0,85001,6.2,6.4,1.7,281000
2230,3,2.0,1988,5400,1,1,85002,9.2,14.6,4.5,343000
3610,3,2.0,1992,6400,1,1,85001,5.7,4.0,6.3,639000
1910,6,2.5,2021,7300,1,0,85002,17.3,7.9,6.2,361000
4490,3,2.0,2004,3100,0,0,85001,3.9,6.2,2.2,601000
1590,4,2.0,1988,2300,1,0,85003,44.9,0.6,6.0,198000
1730,4,2.0,1972,4600,1,0,85003,6.8,26.4,8.5,272000
1500,3,2.0,2001,2500,1,0,85001,7.5,18.4,7.2,285000
2380,3,2.0,1953,5300,1,0,85002,7.7,6.4,3.0,347000
1660,4,2.0,2015,2800,1,0,85005,22.3,15.0,5.2,271000
1880,4,2.5,1995,2800,1,1,85005,7.5,2.3,4.6,342000
2290,3,2.0,2008,8000,0,0,85001,8.2,3.8,5.4,380000
1270,4,3.0,2005,1500,0,0,85003,4.8,1.6,5.6,284000
1490,4,3.0,1963,8700,1,0,85001,8.4,7.9,2.9,314000
2930,3,2.0,1966,1700,1,0,85004,10.5,3.9,9.7,469000
1930,3,2.0,2008,4100,1,0,85003,10.0,5.4,7.6,309000
1400,5,3.0,2015,4100,1,1,85004,5.2,10.8,1.3,288000
1880,4,2.0,2022,6300,1,0,85005,6.2,3.0,3.5,342000
2810,4,2.0,2014,5000,1,0,85001,2.8,2.5,4.8,472000
1570,5,3.0,1986,3900,0,0,85003,2.4,4.0,4.7,270000
2800,4,2.0,1968,7300,1,0,85005,3.1,3.4,2.5,448000
1000,5,3.0,2008,9700,1,0,85002,14.0,0.5,3.1,250000
1610,2,2.0,1989,6800,1,0,85001,22.2,0.9,7.3,247000
1390,4,4.0,1997,10400,1,0,85003,5.9,0.5,8.6,280000
2900,4,4.0,1993,5200,1,0,85004,2.3,12.7,7.7,498000
1320,5,4.0,2002,6600,1,0,85005,8.3,5.5,9.1,261000
1550,4,2.0,1999,3000,1,0,85001,6.0,1.3,5.3,350000
1130,4,2.5,1998,4400,1,1,85001,25.3,4.1,3.0,269000
1570,3,2.0,1965,15200,1,0,85004,14.6,28.0,7.6,261000
3370,3,1.5,2011,2000,1,1,85003,5.3,11.4,8.8,488000
1650,2,2.0,1967,6500,1,0,85002,3.5,1.7,6.9,255000
2370,2,2.0,2021,4900,1,1,85004,23.4,4.3,7.8,333000
1640,5,2.0,1983,10000,1,0,85002,3.4,0.5,2.4,320000
1410,2,2.0,1994,5200,1,0,85005,2.8,4.9,6.9,237000
2580,6,3.0,1967,3500,0,0,85001,8.8,2.8,8.4,472000
2470,4,2.0,1957,8700,0,0,85003,14.1,1.7,6.9,334000
2100,6,3.0,1998,10600,1,0,85005,2.5,16.9,8.6,420000
1290,6,2.0,1987,7200,1,0,85005,12.0,19.6,2.7,216000
2630,3,2.0,1956,4800,1,0,85005,3.7,20.2,5.8,360000
1890,4,2.0,1958,4200,0,0,85003,8.4,11.2,2.1,245000
3330,1,1.0,1954,5100,1,0,85005,2.5,3.2,9.3,460000
1380,4,4.0,2022,3900,0,0,85004,13.8,7.6,2.2,293000
1710,4,2.0,2014,12900,0,0,85002,7.7,3.9,7.7,315000
1760,2,2.0,1976,4600,0,0,85002,12.9,12.1,7.2,236000
1940,4,2.0,1972,1500,1,0,85003,13.9,5.0,9.1,281000
2810,6,3.0,1978,6200,1,1,85001,10.0,17.7,5.1,479000
1000,4,2.5,1989,6100,1,0,85005,4.5,7.3,2.9,195000
1500,5,3.0,1999,6900,1,1,85003,21.1,3.2,3.3,297000
1260,4,3.0,1959,5000,1,0,85003,7.2,5.4,3.8,245000
1260,2,2.0,1976,7200,1,0,85001,6.4,14.2,6.5,250000
3390,4,3.0,1974,8000,0,0,85004,4.3,6.6,2.2,523000
1890,3,2.0,2015,7900,0,0,85004,9.9,2.8,8.7,304000
1230,4,2.5,1975,4200,1,1,85005,18.6,6.6,5.4,261000
1010,2,2.0,1959,10900,1,0,85003,2.2,2.8,9.4,197000
1420,4,2.0,1972,8200,0,0,85004,12.9,5.2,5.6,233000
1990,2,2.0,2018,9400,0,0,85005,40.5,3.8,6.2,258000
1510,6,3.0,2023,9500,1,1,85002,10.8,3.1,3.4,334000
1390,4,2.0,2000,4600,1,0,85002,22.5,14.2,6.4,234000
2290,3,2.0,1985,4000,0,0,85005,4.8,1.2,4.3,365000
2650,4,2.5,2021,1500,1,0,85005,3.2,4.8,3.7,432000
1310,3,2.0,1978,4300,1,0,85004,7.4,2.6,4.0,238000
1790,1,1.0,2015,2600,1,0,85003,7.0,0.5,4.3,255000
1350,5,2.0,1993,9100,1,0,85001,7.3,3.1,8.7,311000
1040,5,4.0,1968,6000,0,0,85003,2.8,0.9,8.0,264000
1330,3,2.0,1984,5400,1,0,85002,3.8,28.4,4.4,197000
2590,6,4.0,2018,5200,1,1,85002,11.7,3.8,8.2,475000
1700,3,2.0,1984,2200,1,1,85003,7.4,11.9,3.6,324000
1050,3,2.0,1980,3000,1,0,85002,10.1,14.0,9.2,235000
1480,4,3.0,1957,7700,1,0,85004,8.3,13.7,5.4,272000
1790,2,2.0,1964,12900,1,0,85002,31.8,6.9,2.1,234000
3780,3,2.0,1981,2200,0,1,85005,10.7,11.0,2.0,501000
1370,4,3.0,1973,4100,1,0,85005,3.7,5.9,2.6,232000
2070,5,3.0,1995,3300,0,0,85002,3.8,1.9,6.9,390000
1760,2,2.0,1952,5300,0,1,85004,20.3,3.8,1.4,207000
1070,4,2.5,2013,5100,0,0,85005,6.3,3.7,5.8,235000
970,3,2.0,1965,8600,1,0,85005,4.0,6.6,4.3,204000
1410,4,2.0,2000,2700,1,1,85004,8.5,12.4,3.8,307000
1940,4,2.5,2022,5200,1,0,85001,29.9,2.0,5.1,256000
2010,4,2.5,2020,6300,0,0,85005,12.1,1.5,6.4,311000
1450,3,2.0,1987,3300,1,0,85001,5.1,0.9,4.5,305000
1770,3,2.0,1977,7600,0,0,85003,1.6,9.8,7.7,300000
1900,4,2.5,1988,7900,1,0,85003,4.2,11.1,7.2,325000
2410,4,2.5,1976,9100,0,0,85003,4.8,6.8,6.3,394000
1360,3,2.0,1975,8800,1,1,85002,3.0,1.9,2.5,250000
3500,4,2.0,1984,7500,1,0,85002,2.0,25.7,3.5,478000
1100,3,2.0,2016,2700,1,0,85002,5.9,1.8,3.8,228000
1670,3,1.5,2004,5300,0,0,85002,4.7,25.6,8.8,250000
3200,4,3.0,1976,2100,1,0,85003,5.0,6.3,2.7,459000
1540,4,2.5,1953,4000,1,1,85001,50.0,16.3,6.1,269000
1420,2,2.0,2006,5500,1,1,85005,21.1,3.9,6.4,254000
1710,5,2.5,2000,8700,1,1,85004,18.9,2.1,6.2,370000
1060,4,2.5,1982,8900,1,0,85004,15.1,0.5,4.0,223000
1850,3,1.5,2014,4000,1,0,85001,6.1,2.5,8.1,352000
890,4,2.5,1979,5800,1,0,85005,8.4,5.2,7.9,201000
1280,5,3.0,1959,4800,1,0,85005,14.3,3.9,4.9,263000
1800,3,2.0,1956,5800,1,0,85001,6.8,11.4,2.7,301000
2570,3,2.0,1985,1700,1,0,85002,36.2,14.3,5.0,336000
2040,5,4.0,1962,4600,1,0,85001,4.0,2.1,4.6,388000
1450,4,3.0,1979,12100,1,0,85002,9.6,0.5,9.9,286000
2270,3,2.0,2003,6200,1,0,85001,1.8,7.9,9.6,404000
1380,4,2.5,2010,4100,0,0,85005,2.6,8.4,2.5,250000
1510,4,2.5,2021,6100,1,1,85004,9.1,29.8,1.8,246000
990,4,3.0,1967,3400,1,1,85003,5.0,6.6,4.4,230000
1400,2,2.0,2008,5400,1,0,85003,10.7,8.0,4.8,214000
1120,3,2.0,2009,6600,1,0,85001,3.0,3.6,6.7,293000
1700,5,3.0,1968,3800,0,0,85003,2.1,5.9,7.3,252000
2710,5,2.0,1962,2900,1,0,85001,5.1,4.1,9.2,468000
3570,3,2.0,1954,2600,1,0,85003,19.2,7.9,7.3,502000
1840,4,4.0,2016,5200,1,0,85001,8.3,5.6,8.1,382000
1300,3,2.0,1978,9500,1,0,85001,3.8,1.2,2.3,267000
1290,3,2.0,1979,3700,1,1,85003,27.3,2.1,9.0,237000
1560,3,2.0,1955,5100,1,0,85001,15.3,6.7,1.9,253000
1140,3,2.0,1952,3900,1,0,85001,9.6,6.2,3.9,202000
2860,2,2.0,1972,3900,1,0,85005,4.5,1.2,9.1,467000
2220,2,2.0,2002,2800,1,0,85002,8.2,40.5,7.4,320000
2160,4,2.0,1967,2900,1,0,85003,8.4,3.9,4.7,366000
2370,4,2.0,2005,5200,0,1,85003,8.2,3.3,9.9,433000
1490,4,3.0,2008,4200,1,0,85005,4.9,24.7,8.0,273000
2050,3,1.5,2016,4600,1,0,85003,3.5,2.8,6.5,358000
2010,3,2.0,1970,6700,1,0,85002,3.6,1.3,6.9,317000
1860,4,2.0,1996,6200,1,0,85003,3.5,3.4,1.9,304000
1280,6,2.5,2015,2900,1,0,85004,16.8,15.1,5.2,247000
2390,5,2.5,1974,3300,1,0,85001,7.3,2.4,6.9,464000
2320,3,1.5,2019,4500,1,0,85005,6.3,3.6,1.1,323000
1130,5,2.0,1968,1600,1,0,85001,7.9,14.0,9.2,310000
2120,3,2.0,1985,8700,1,0,85002,2.4,3.9,3.2,301000
2440,4,2.5,1999,7600,1,0,85005,2.3,21.6,7.4,450000
980,2,2.0,1965,8200,0,0,85001,3.5,6.5,5.8,156000
860,4,3.0,1963,4200,1,0,85001,9.4,0.5,7.3,216000
1020,3,2.0,2008,8400,1,0,85002,8.7,6.2,4.2,241000
1630,6,3.0,1963,6300,1,0,85003,3.4,0.5,5.3,369000
2530,3,2.0,1959,34700,1,0,85003,12.3,20.9,9.4,352000
1610,4,4.0,2008,6300,1,0,85003,4.7,12.5,9.1,310000
2030,5,4.0,1964,6100,1,0,85001,10.2,18.5,3.8,381000
1020,4,4.0,2011,4100,1,0,85001,11.1,0.7,1.4,260000
2060,3,2.0,2012,5700,1,1,85004,4.5,0.5,9.5,413000
930,6,2.5,2001,2500,1,0,85002,9.7,2.2,7.3,222000
1520,2,2.0,2001,3700,1,0,85002,11.0,2.0,10.0,246000
1240,5,2.5,2001,2100,1,1,85004,6.6,2.5,3.2,240000
1570,4,2.0,2023,9300,1,0,85003,3.7,14.0,4.4,300000
3190,4,3.0,1952,3700,1,0,85002,7.3,1.5,4.4,459000
1630,3,2.0,1985,3000,1,0,85003,9.6,11.5,6.6,265000
1700,3,2.0,2015,5900,1,0,85003,5.5,0.6,8.5,324000
3800,6,2.0,1983,2600,1,0,85001,2.6,7.1,1.7,613000
1180,5,2.0,1959,2700,0,0,85004,8.1,6.7,1.0,183000
2420,5,4.0,1968,9700,1,0,85002,13.2,3.3,8.2,388000
2550,4,2.5,2022,5500,1,0,85002,7.4,4.5,2.8,376000
1710,4,2.5,1998,3000,1,0,85002,2.8,5.8,2.3,332000
2560,3,2.0,2009,7300,1,0,85005,16.6,10.7,3.8,357000
1000,5,3.0,1951,4600,1,0,85002,10.6,1.3,4.7,219000
2070,5,2.5,2000,2500,1,1,85002,35.8,24.8,2.4,290000
2500,3,1.5,1960,6700,1,0,85005,15.0,3.8,8.6,361000
3320,3,2.0,1978,2400,1,0,85005,1.5,1.9,5.3,493000
2190,3,2.0,1985,2500,1,1,85004,4.3,2.6,7.3,336000
970,4,2.0,2004,4500,1,0,85001,8.7,27.7,6.4,246000
1620,5,2.0,1969,2600,1,0,85003,5.1,1.2,2.9,326000
1800,2,2.0,2009,3800,1,0,85002,11.4,7.3,9.5,325000
2590,5,3.0,1969,4500,1,0,85005,3.3,17.8,3.7,393000
1560,4,2.5,1957,4400,1,0,85004,2.6,8.3,7.3,293000
2560,3,1.5,2017,4200,1,0,85005,9.6,2.9,5.0,432000
2230,6,2.5,1990,9200,1,0,85004,12.5,2.5,5.8,433000
1580,2,2.0,2003,10000,1,1,85001,17.0,19.4,3.3,239000
2600,4,3.0,1968,4500,1,0,85003,10.7,0.6,5.9,409000
2340,4,2.0,1993,6200,1,0,85001,6.4,6.4,8.5,418000
1510,3,1.0,1977,2600,1,0,85001,20.2,1.0,9.4,275000
2250,4,2.0,2021,5500,1,1,85001,6.4,0.8,1.6,441000
1280,3,1.0,2015,4700,1,0,85004,2.5,5.1,7.6,216000
1230,2,2.0,1953,2900,1,0,85003,9.8,1.5,6.9,214000
2360,5,3.0,2013,3100,1,0,85001,10.6,0.5,7.5,413000
2650,3,2.0,1958,7900,1,0,85004,13.0,4.4,4.8,346000
2730,4,2.0,2019,2800,1,0,85004,3.9,8.7,5.5,476000
1640,4,2.0,1951,4400,1,0,85001,27.2,8.2,4.3,281000
2290,3,2.0,1974,4300,1,0,85004,6.5,5.6,7.3,391000
2530,1,1.0,2004,6000,1,0,85002,19.8,5.4,6.4,367000
3520,4,4.0,1982,5500,1,0,85004,4.1,1.1,4.1,560000
2080,3,2.0,1983,3100,1,0,85003,31.8,19.9,2.5,216000
1730,5,2.0,1994,5800,1,0,85003,7.2,5.7,6.5,341000
1070,4,3.0,1973,5600,1,0,85002,3.8,2.4,4.3,205000
1510,3,2.0,1991,6500,0,0,85002,7.1,10.3,4.4,211000
1850,1,1.0,1989,7800,1,0,85003,11.1,6.9,6.1,254000
1960,5,2.0,1995,13000,1,0,85005,9.2,23.0,4.9,343000
2930,3,2.0,2008,7800,1,0,85004,9.7,3.0,2.8,348000
1890,4,2.0,1970,1800,1,0,85004,2.3,0.6,9.6,356000
2150,5,2.0,1997,4700,0,0,85005,15.5,2.0,1.9,311000
2310,2,2.0,2001,10800,1,1,85005,6.6,6.4,4.5,389000
1680,3,1.5,1996,7300,1,0,85002,4.2,3.1,7.5,298000
1390,3,2.0,1964,6200,1,0,85005,8.0,12.9,7.8,233000
2050,3,2.0,1951,3800,1,0,85003,2.5,0.5,7.5,331000
2620,5,2.0,2005,1500,1,1,85004,18.7,2.6,7.1,429000
1210,2,2.0,1959,4400,1,0,85001,3.6,5.9,8.1,236000
2210,4,2.0,1993,5500,1,0,85002,6.9,38.0,8.6,322000
1190,5,3.0,1962,9600,0,0,85004,10.7,2.9,6.4,229000
1490,4,3.0,1989,11800,1,0,85001,12.9,2.1,1.3,278000
2150,4,2.5,2000,4000,1,0,85005,3.8,0.5,3.1,392000
1380,2,2.0,2001,7300,0,0,85003,2.8,3.1,6.6,295000
1670,5,2.0,2020,10200,1,0,85001,7.6,4.2,6.1,371000
1670,2,2.0,2013,3800,1,0,85002,40.8,12.5,3.0,189000
1380,3,2.0,2000,4400,1,0,85002,10.5,29.3,1.8,232000
1630,2,2.0,1961,9900,1,1,85003,6.9,11.4,1.4,242000
2130,4,2.5,2019,4600,1,0,85001,9.2,3.3,3.8,444000
1370,4,2.5,1966,7800,0,0,85003,1.3,2.7,7.0,278000
1720,3,2.0,2008,8200,1,0,85004,2.5,16.3,1.8,302000
2470,3,2.0,1985,4800,1,0,85004,7.7,2.0,2.5,367000
3910,3,2.0,1974,5000,0,0,85005,5.4,12.0,4.0,519000
1920,6,3.0,1985,1500,1,0,85005,6.6,12.5,6.7,403000
1870,4,2.5,2017,7100,1,0,85004,2.2,4.1,1.0,298000
1510,4,3.0,1998,4500,1,0,85005,3.1,4.2,5.1,266000
2120,3,2.0,1994,8500,1,0,85001,5.6,4.4,3.1,326000
2120,5,4.0,1980,7200,1,0,85004,4.3,5.5,7.9,421000
1050,4,2.0,2013,7200,1,0,85002,34.7,6.1,1.3,118000
2300,4,2.5,1989,6200,0,0,85003,1.6,0.5,7.4,378000
1970,4,4.0,1956,2400,1,0,85003,26.2,8.1,4.5,266000
1650,4,3.0,1959,6100,1,0,85003,5.1,7.7,1.4,278000
1420,6,2.0,2009,3900,1,0,85005,32.4,0.5,3.2,238000
1680,3,2.0,1963,6400,1,0,85002,10.4,5.2,2.0,261000
1150,3,2.0,1972,4000,1,0,85002,2.2,2.1,8.9,233000
1640,3,2.0,1999,3700,1,0,85001,4.5,1.5,9.2,301000
1150,4,3.0,2003,4800,1,0,85001,9.0,6.5,9.2,322000
2260,6,2.0,1988,4200,1,1,85005,11.2,15.6,6.9,416000
1740,4,3.0,1970,1800,1,0,85003,18.1,5.8,3.4,255000
2340,4,3.0,1953,9700,1,0,85003,13.3,3.2,8.2,388000
2820,3,1.5,2023,7100,0,0,85005,1.9,22.5,3.5,401000
1910,4,3.0,1981,5000,0,0,85002,5.6,4.2,4.7,335000
1920,5,2.0,2008,4600,1,0,85003,36.0,10.4,4.1,266000
2080,4,3.0,1967,4100,1,0,85005,13.6,3.0,9.5,329000
1070,5,2.0,1966,6100,1,0,85005,21.3,7.7,2.9,183000
1650,3,2.0,1983,7000,0,0,85004,2.2,0.5,6.3,327000
1970,5,2.0,1997,4800,1,0,85004,5.7,4.5,3.1,367000
1800,3,2.0,2022,4100,1,0,85005,19.7,9.7,8.1,233000
1580,6,3.0,1980,3600,1,1,85003,18.1,2.2,4.5,312000
3590,5,3.0,1988,1700,1,0,85002,5.0,0.9,8.8,599000
2410,3,2.0,1960,13100,1,1,85001,6.7,5.8,6.1,430000
3830,4,3.0,1967,5000,1,0,85005,41.8,33.6,1.1,461000
1700,3,2.0,1960,5100,0,0,85004,3.4,8.1,1.6,250000
1560,3,2.0,2020,6100,1,1,85004,9.7,9.2,7.4,330000
670,4,2.0,1995,2500,1,0,85005,4.6,6.0,3.2,168000
2030,1,1.0,1979,3200,1,0,85001,9.6,14.2,10.0,320000
2800,4,4.0,2013,14500,1,0,85005,4.0,0.7,5.2,429000
2180,4,2.0,1998,6500,1,0,85003,15.2,7.9,4.0,350000
2460,3,2.0,2018,7200,1,0,85001,50.0,2.4,7.2,327000
2510,3,2.0,2023,3000,1,0,85005,13.4,0.5,5.0,370000
1950,6,3.0,1999,5200,1,0,85002,3.9,17.3,8.7,394000
2250,3,2.0,1952,6400,1,0,85005,26.4,10.0,5.2,288000
1790,3,2.0,2017,4200,1,0,85005,2.8,2.8,2.0,299000
3050,4,2.5,1951,8500,1,0,85003,11.5,5.3,2.6,411000
1870,5,3.0,1965,4100,1,0,85004,11.3,0.5,1.5,302000
1570,5,2.0,2014,7600,1,0,85004,5.6,1.5,4.2,318000
2110,4,2.0,1958,4800,1,1,85001,9.9,3.8,3.2,377000
1180,2,2.0,1998,7800,1,0,85003,8.2,11.6,8.0,207000
1630,4,3.0,1954,5600,1,0,85002,13.1,0.9,2.8,258000
1930,4,2.0,1971,11700,0,1,85001,5.8,50.0,5.2,295000
1440,3,1.5,1973,7100,1,0,85001,24.9,20.3,6.9,251000
790,4,2.5,1998,7700,1,0,85004,3.3,0.8,9.1,233000
2730,4,2.5,2006,6000,1,0,85004,11.1,5.1,8.6,493000
3940,5,2.0,1965,2800,1,1,85001,11.0,21.6,3.9,605000
2830,4,2.0,2004,4400,1,0,85005,21.8,3.2,6.9,447000
670,4,2.5,1954,2700,1,0,85002,12.3,5.5,6.3,242000
1420,4,3.0,1970,8700,1,0,85003,6.8,3.8,5.8,217000
1580,3,2.0,1963,8600,0,0,85005,5.9,4.7,9.0,272000
1960,1,1.0,1998,3400,1,0,85005,2.6,12.1,1.1,238000
1410,3,2.0,2007,8300,1,0,85005,5.9,11.2,4.5,237000
1800,2,1.0,1962,6100,1,0,85004,9.3,6.0,9.7,282000
950,4,2.0,1974,10800,1,0,85004,8.9,13.1,8.5,241000
1630,4,2.5,1986,5800,1,1,85005,7.9,3.3,6.4,368000
2330,3,2.0,1967,2100,1,0,85004,20.7,4.9,8.1,346000
1450,2,2.0,1956,4600,1,0,85004,6.1,4.2,9.0,267000
1580,4,2.5,1998,3900,1,0,85002,5.0,2.0,7.4,311000
2700,3,2.0,2007,4300,1,0,85002,14.6,7.2,2.9,358000
820,4,2.5,1976,4100,1,0,85005,4.9,2.4,1.0,160000
2090,3,2.0,1956,3500,1,0,85005,12.1,6.2,2.2,254000
1740,3,2.0,1982,8600,1,0,85005,3.3,8.0,7.9,296000
3670,3,2.0,1969,7900,1,0,85002,3.7,11.7,6.7,556000
2200,5,4.0,1964,13900,1,0,85003,3.5,11.9,2.5,414000
1990,2,2.0,2014,2700,1,0,85001,9.8,2.0,2.2,319000
2590,5,2.0,1993,2300,1,0,85004,1.4,6.7,5.7,461000
2220,4,4.0,2010,2800,1,0,85002,11.0,3.0,7.8,399000
2180,2,2.0,1976,4800,1,0,85002,6.1,24.6,8.9,347000
5040,4,3.0,1972,10000,1,0,85004,6.2,4.1,2.7,713000
1930,3,1.5,2012,3200,1,0,85005,14.9,13.0,1.8,239000
1830,5,2.0,1998,8400,1,0,85001,3.2,3.7,8.8,378000
3490,4,2.5,1987,3400,1,0,85005,10.9,1.9,1.4,513000
2070,3,2.0,1955,15200,1,1,85004,5.1,1.1,3.2,333000
1630,4,2.5,1975,1500,1,0,85002,10.5,3.2,3.6,320000
2720,3,1.0,2011,7800,1,0,85005,2.6,2.8,9.7,423000
1490,3,2.0,2012,11300,1,0,85003,10.1,7.9,8.8,257000
2320,3,2.0,1966,3300,1,0,85001,8.1,26.2,8.2,418000
2080,3,1.5,1963,11100,1,0,85002,2.6,0.5,8.5,337000
2040,6,2.0,1954,4700,1,1,85004,4.0,0.5,4.3,404000
1490,5,2.0,1979,2900,1,0,85001,5.1,5.3,3.7,347000
1580,5,4.0,1965,6100,1,0,85004,35.2,13.1,8.7,268000
1610,3,2.0,1952,1900,1,0,85001,4.5,2.3,9.2,310000
740,3,2.0,1987,3300,1,0,85001,4.8,10.2,4.6,191000
1970,6,3.0,1996,4800,0,0,85004,7.1,7.4,1.4,333000
780,3,2.0,1994,3200,0,0,85005,14.3,2.6,6.3,117000
1310,2,2.0,2015,3800,1,0,85004,6.5,5.1,5.5,238000
1670,5,2.5,2015,4100,0,0,85004,24.5,14.3,7.3,219000
1210,5,2.5,2009,3300,1,1,85003,12.9,8.4,1.8,255000
2900,4,2.0,2012,4200,1,0,85004,8.7,9.3,3.4,400000
990,4,2.5,2000,6900,1,0,85005,4.0,1.5,6.1,252000
1130,4,2.0,2012,6600,1,0,85004,6.2,3.2,8.7,252000
1920,4,2.0,2014,11000,1,0,85002,11.0,10.7,9.5,369000
1050,4,2.0,1960,7100,1,0,85005,3.1,2.3,7.0,240000
1700,4,2.5,2014,4200,0,0,85001,9.4,7.1,2.2,322000
1730,3,2.0,1962,2500,1,1,85005,6.2,0.9,9.8,322000
1320,4,2.0,1950,3100,0,0,85003,2.7,14.3,9.7,237000
1540,3,2.0,1988,15800,1,0,85001,3.3,37.4,2.0,256000
1400,2,2.0,1984,4500,1,0,85003,6.2,2.4,7.2,239000
2200,3,1.0,1994,3500,1,0,85001,8.1,6.4,5.1,370000
1120,5,2.5,1958,5100,1,0,85001,5.1,11.6,9.0,282000
3670,5,4.0,2020,9500,1,0,85005,5.3,0.7,5.4,571000
1590,4,2.5,1993,3200,1,1,85003,12.4,1.9,2.8,255000
3550,5,3.0,1980,2800,1,0,85001,5.0,0.8,4.6,605000
2400,4,2.0,2022,8300,1,0,85005,12.9,5.3,2.7,354000
1860,3,2.0,1956,10200,1,0,85004,3.4,6.6,8.4,293000
1730,3,2.0,2018,1500,1,0,85001,7.1,9.4,7.8,329000
2330,6,2.5,1982,7600,1,0,85005,10.5,7.9,2.4,417000
1620,3,2.0,2003,2500,1,1,85002,2.7,8.2,3.3,306000
1660,3,1.0,1998,5400,1,0,85001,10.9,1.7,2.9,291000
2530,4,2.0,1997,3500,0,0,85004,5.4,21.3,2.7,391000
2300,3,2.0,1993,6800,1,0,85003,14.3,3.4,7.9,372000
1530,4,2.0,1955,6600,1,0,85003,4.3,2.5,3.3,265000
2150,4,3.0,2008,3900,1,0,85004,3.4,5.4,3.7,391000
2460,3,2.0,1997,4300,1,0,85003,9.4,19.3,7.8,339000
1810,6,3.0,1963,7200,1,0,85003,12.0,10.8,3.1,342000
1680,3,2.0,2004,5400,1,0,85005,5.9,0.6,6.7,289000
1400,1,1.0,1971,6200,1,0,85004,18.8,25.8,4.4,180000
670,4,2.5,1963,7700,1,0,85003,6.4,2.4,9.9,140000
1370,3,2.0,1996,5600,1,0,85003,2.4,4.4,7.8,278000
3150,1,1.0,1977,4500,1,0,85005,8.0,7.5,5.2,372000
1410,3,2.0,1974,4400,1,0,85001,6.1,26.9,5.8,248000
2400,5,2.5,1981,7400,1,0,85001,24.5,20.9,9.8,371000
3260,6,2.5,2018,6300,1,0,85005,11.4,4.7,6.9,588000
1330,2,2.0,1970,4500,1,0,85005,6.7,0.5,5.5,237000
2170,5,3.0,1961,5600,1,0,85005,7.6,2.5,2.2,357000
790,3,2.0,1985,2700,1,0,85002,9.2,3.1,4.2,207000
2010,3,1.0,2012,7600,1,0,85001,8.5,5.6,2.1,335000
2270,4,2.0,1968,7200,1,1,85002,1.9,0.8,2.0,402000
2200,5,2.0,1993,2800,1,0,85002,22.9,11.3,9.0,394000
2970,3,2.0,1995,16400,1,0,85003,50.0,12.2,3.7,330000
1410,4,3.0,1968,9800,1,1,85002,4.2,14.6,6.9,313000
1190,2,1.5,2014,4100,0,0,85004,11.7,22.9,9.7,189000
1570,3,1.0,1999,11000,1,0,85003,16.4,13.4,8.4,254000
1470,4,3.0,1954,3000,1,0,85004,4.5,14.0,5.3,286000
1600,3,2.0,1962,6100,0,0,85002,7.7,4.5,8.8,201000
920,5,4.0,1985,10100,1,0,85004,50.0,9.5,5.5,172000
2660,3,2.0,1982,4000,1,0,85002,5.3,1.6,8.6,433000
650,3,1.5,2011,4600,1,0,85001,5.1,18.0,8.5,228000
1230,3,2.0,1957,9700,1,0,85001,6.1,2.3,9.5,252000
720,3,2.0,1989,4100,0,0,85003,22.8,10.3,7.3,61000
1420,4,2.5,1978,9000,1,0,85003,8.6,12.6,1.8,242000
1700,3,2.0,2013,3300,0,0,85002,35.4,0.5,2.7,222000
2080,6,2.5,2013,7300,1,0,85005,3.9,0.5,7.8,399000
1810,2,2.0,1985,9700,1,0,85004,1.1,4.2,2.1,274000
2700,3,2.0,1994,4800,0,1,85002,36.8,5.8,7.1,412000
1740,3,1.0,1977,6700,1,0,85005,4.6,33.4,9.6,258000
2150,2,2.0,2021,2000,1,0,85003,22.8,1.9,7.0,320000
1800,4,3.0,1950,5800,1,1,85005,3.0,10.1,3.3,375000
2100,3,2.0,1956,10000,1,0,85003,4.4,1.4,5.5,272000
1510,3,2.0,1971,5600,1,1,85003,3.8,3.2,8.4,283000
1460,4,4.0,1990,8500,1,0,85001,3.8,6.3,8.5,348000
2310,4,4.0,1999,8400,1,0,85003,1.1,8.5,3.2,436000
1260,3,2.0,1954,6500,1,0,85002,8.7,1.8,8.3,226000
1280,3,2.0,2006,7800,1,0,85005,18.5,3.3,5.1,196000
1520,5,3.0,2020,3400,1,0,85004,10.2,6.5,1.6,267000
1620,3,2.0,2023,6400,1,0,85001,3.5,1.1,1.9,318000
1410,4,3.0,1962,5700,1,0,85004,10.7,0.5,9.3,298000
1320,4,2.5,2004,9400,1,0,85002,16.3,6.5,2.6,233000
1550,3,2.0,2008,6200,1,0,85004,7.5,2.2,6.1,280000
2110,4,2.5,2012,5200,1,1,85005,1.9,14.3,5.8,354000
1570,3,2.0,1986,3100,0,1,85002,4.0,8.8,7.5,288000
1110,5,2.5,2009,21000,1,0,85002,4.1,3.8,6.6,257000
1780,3,2.0,1987,4300,1,0,85004,3.1,1.5,1.9,291000
1410,3,2.0,1996,5700,1,0,85001,2.3,0.9,9.0,295000
1240,4,2.5,1979,4800,1,0,85004,1.6,13.3,8.8,287000
1260,5,3.0,1996,4800,1,1,85005,6.5,6.9,2.0,324000
1500,6,2.0,1952,5800,1,0,85001,11.0,1.4,8.4,321000
2330,3,2.0,2016,10200,0,0,85002,2.1,4.4,8.2,343000
1170,3,2.0,2005,5400,1,0,85005,2.1,2.5,1.4,242000
1090,3,2.0,1972,3000,1,0,85004,9.2,0.7,9.1,208000
2270,4,2.5,1992,2300,1,0,85002,14.2,0.5,4.7,350000
1380,3,2.0,2007,13300,1,0,85003,2.4,1.3,9.7,230000
1620,2,2.0,2002,6300,1,0,85002,13.6,19.6,1.1,197000
810,2,2.0,2001,5400,1,0,85003,5.4,19.7,6.1,162000
1180,3,2.0,1952,2200,1,1,85003,1.4,0.5,3.5,249000
2830,3,2.0,1999,11300,1,0,85005,4.4,3.6,4.3,452000
1610,6,4.0,2022,4800,1,0,85003,18.0,21.9,5.8,291000
1290,4,3.0,2016,3400,0,0,85002,3.6,26.9,2.6,235000
1630,3,2.0,1954,8200,1,0,85003,14.7,22.1,4.6,194000
1390,2,2.0,2006,11300,1,0,85001,9.8,8.4,7.6,248000
1320,4,2.0,1996,3700,1,0,85003,1.4,0.9,9.5,317000
1440,2,2.0,1987,6000,1,0,85001,5.5,15.2,7.5,298000
1430,5,4.0,1960,2200,1,0,85003,12.2,5.4,2.1,266000
3660,4,3.0,2009,2000,1,0,85002,17.0,7.9,2.2,539000
1520,4,2.5,1955,1500,1,0,85005,6.6,0.8,2.4,244000
1870,6,2.5,1981,4000,1,0,85003,15.9,6.7,9.7,378000
1640,5,2.5,2009,2600,1,0,85003,26.1,2.4,5.2,258000
1770,3,2.0,2001,6000,1,0,85005,13.1,0.7,7.7,322000
1190,6,3.0,2012,2600,1,0,85005,8.6,9.4,4.2,283000
1490,4,2.0,1981,1500,1,0,85004,5.2,8.5,2.3,276000
2360,2,2.0,1993,6800,0,0,85001,1.2,2.7,7.9,390000
1860,5,2.0,2004,3200,1,1,85001,4.4,5.6,6.1,415000
1530,3,2.0,2006,7000,1,0,85005,3.5,4.4,9.1,317000
1710,4,2.5,1986,7200,1,0,85004,24.9,10.5,6.9,268000
1650,3,2.0,1968,4600,1,0,85003,23.1,1.2,1.9,195000
1980,3,2.0,1985,5200,1,1,85002,19.5,5.0,8.3,380000
2600,3,2.0,1950,4100,1,0,85005,2.5,15.9,5.3,355000
950,5,4.0,2007,7400,1,1,85001,2.5,0.8,4.7,329000
1810,3,1.0,1960,2500,1,0,85002,10.7,9.9,9.2,278000
2600,4,3.0,1975,5300,1,0,85002,7.4,3.4,4.2,389000
1900,4,2.0,2007,10600,1,0,85002,21.9,2.1,5.8,299000
1240,5,4.0,1966,3800,1,0,85004,9.4,5.8,7.3,243000
2390,4,3.0,1978,3000,0,0,85004,13.1,8.7,9.5,394000
1520,3,2.0,1966,4900,1,1,85001,12.0,8.3,3.8,292000
1800,3,1.0,2014,5100,0,0,85004,3.8,3.2,5.8,284000
1770,3,1.5,2017,3400,1,0,85005,21.7,9.8,1.6,313000
2430,2,2.0,1979,8300,1,0,85001,5.3,0.8,5.2,408000
3180,3,2.0,1957,7500,0,0,85003,5.0,27.2,1.5,430000
1530,3,2.0,2009,5400,1,0,85004,2.3,5.8,9.6,310000
1630,2,2.0,1993,1500,1,0,85003,11.0,19.7,5.5,199000
2020,3,2.0,2012,3200,1,0,85002,7.5,10.6,4.1,344000
1820,4,2.5,1987,2500,1,0,85005,4.7,15.1,2.2,260000
1900,6,2.5,1975,7600,1,0,85003,8.6,12.9,3.7,324000
1780,4,2.0,2011,4300,1,0,85001,17.1,0.7,9.4,319000
1320,3,1.0,2004,2000,0,0,85005,4.9,13.8,4.1,244000
1120,4,3.0,2009,4300,1,0,85001,4.0,12.0,2.9,274000
830,3,1.5,1962,7800,1,0,85003,10.4,3.7,2.6,142000
2030,3,2.0,1987,9600,1,0,85001,13.0,1.5,8.6,351000
2260,3,1.5,1974,7100,1,0,85004,46.7,12.7,4.9,297000
2480,3,2.0,2010,3700,1,0,85005,5.7,21.5,2.4,307000
1810,5,2.0,1983,2200,1,0,85002,5.5,19.2,6.9,323000
2650,5,3.0,1995,5200,1,0,85002,28.4,2.9,1.9,382000
720,4,2.5,1997,3300,0,1,85001,3.8,2.7,5.0,212000
2360,3,2.0,1978,3000,1,0,85005,11.4,3.4,5.6,370000
2290,5,2.0,1961,4000,1,0,85002,1.2,11.4,9.3,387000
2970,3,2.0,1995,5400,1,0,85004,7.3,2.6,1.5,423000
1980,3,2.0,2015,2700,1,0,85004,6.7,25.3,5.8,290000
1700,2,2.0,1966,1600,0,0,85004,19.2,23.7,4.2,221000
2640,3,2.0,1966,2300,1,0,85002,8.4,10.6,9.7,432000
1520,2,2.0,2022,6000,1,1,85002,1.6,7.7,9.0,287000
860,3,1.5,1970,5600,0,1,85005,15.2,19.7,6.4,152000
1210,4,4.0,1963,7000,1,0,85001,10.7,1.7,8.6,284000
1740,3,2.0,1974,2900,0,0,85002,17.9,8.8,2.4,245000
1830,3,2.0,1961,6900,1,0,85003,8.4,2.2,7.9,271000
1700,3,2.0,1971,7000,1,0,85005,7.8,3.3,9.4,294000
1140,5,3.0,1990,3700,0,0,85003,9.0,6.6,8.4,247000
2190,3,2.0,2006,5800,1,0,85002,9.3,10.5,9.1,319000
2450,2,1.0,1961,3600,1,0,85003,12.3,2.1,6.1,330000
1710,4,2.0,2023,14200,1,0,85005,10.7,27.9,4.0,287000
1160,4,2.5,2001,3600,1,1,85002,13.0,0.5,5.2,241000
2240,4,3.0,1978,2100,0,0,85001,3.4,11.8,5.5,401000
2030,3,1.5,1969,2700,1,0,85003,5.2,4.1,8.0,332000
1380,3,2.0,2007,3200,0,0,85005,2.2,3.2,4.7,249000
1800,4,3.0,1982,2300,1,0,85003,11.7,4.8,1.9,271000
2830,5,2.5,1983,2500,1,0,85003,2.0,0.8,5.1,455000
1320,2,2.0,1982,3900,0,1,85002,6.8,24.4,7.4,211000
1000,3,2.0,1976,5500,1,0,85004,3.5,14.3,9.0,292000
2000,3,1.0,1960,4800,1,1,85005,12.6,13.0,6.6,321000
1770,4,2.5,1988,2000,1,0,85003,5.4,3.4,5.3,325000
1190,4,2.5,2013,6000,1,0,85003,3.7,3.2,5.7,230000
1970,3,2.0,2018,4300,1,0,85003,6.2,0.5,8.8,349000
2740,4,2.5,2009,5400,1,0,85001,3.1,1.1,5.3,495000
1680,4,2.5,1986,2900,1,0,85002,3.1,8.5,6.5,297000
2600,3,2.0,1952,1800,1,0,85002,6.7,1.2,8.8,380000
1350,2,2.0,1967,6400,1,0,85003,7.0,8.7,3.0,187000
1900,3,2.0,2001,3700,1,0,85004,15.8,6.6,8.9,340000
1670,5,4.0,1965,2900,1,0,85003,2.4,3.1,6.1,336000
2860,4,4.0,1950,3000,1,1,85003,4.7,16.7,6.2,446000
3060,4,2.5,1996,3000,1,0,85001,3.8,2.8,6.1,541000
1930,4,3.0,2019,2900,1,0,85003,15.4,2.2,7.1,356000
1580,5,4.0,1999,3100,0,1,85001,46.2,2.9,9.0,321000
2560,3,2.0,1964,13200,0,0,85001,4.9,5.5,8.5,437000
1420,4,4.0,1976,4900,1,0,85005,21.0,1.4,8.5,287000
2090,3,1.5,1986,5300,1,0,85005,5.6,0.5,9.6,379000
2860,4,2.0,1971,4200,1,0,85004,14.7,3.2,4.4,377000
2210,3,2.0,2009,4500,1,0,85001,15.1,6.8,5.6,374000
1840,3,2.0,2009,7500,1,1,85001,9.0,12.1,2.8,315000
850,3,2.0,2009,3100,1,0,85002,2.6,5.9,2.9,193000
1240,3,2.0,1983,8400,1,1,85004,0.7,1.9,1.2,260000
1250,5,2.0,1970,6600,0,0,85005,9.6,2.5,4.7,273000
3770,2,2.0,1967,3200,0,0,85004,10.9,4.9,8.1,547000
1870,3,1.0,2021,3200,1,0,85002,2.4,2.7,6.7,270000
2120,4,2.0,1964,8100,1,0,85002,2.2,14.1,4.8,361000
1980,3,2.0,1961,5500,1,0,85001,28.3,6.6,2.7,279000
2650,5,2.5,1974,4300,1,0,85002,6.5,3.2,1.4,402000
2340,3,2.0,2003,4800,0,0,85002,12.9,29.2,3.9,273000
1830,3,2.0,1961,3500,1,0,85005,5.6,7.0,3.7,293000
3010,2,2.0,1987,4600,1,0,85002,1.8,6.0,6.4,434000
1770,3,1.5,2000,3500,1,0,85003,0.6,34.4,7.8,311000
1990,4,2.5,1958,6200,1,0,85004,6.2,22.8,8.0,310000
1030,4,4.0,2005,3100,1,0,85001,9.7,7.2,3.1,323000
1350,4,3.0,1953,16900,1,0,85004,11.5,15.2,6.3,257000
2620,4,2.0,1951,4200,0,0,85001,4.5,1.3,5.5,433000
1820,3,2.0,1980,5300,1,0,85002,6.5,17.9,1.9,240000
3100,3,2.0,2021,5800,1,0,85003,2.2,2.6,6.7,461000
2160,5,2.0,1981,8000,1,0,85002,6.2,0.7,2.6,360000
1930,3,2.0,1955,3700,1,1,85002,14.0,2.2,3.4,356000
4980,3,2.0,1987,4600,0,0,85001,8.0,0.5,8.6,670000
2670,3,2.0,2014,5000,1,0,85001,23.5,15.6,3.0,366000
2910,3,2.0,2006,4600,1,1,85003,7.0,4.2,5.6,413000
1200,3,2.0,1971,2700,1,1,85004,21.3,9.3,7.7,235000
1860,4,2.5,1975,9600,0,0,85005,5.5,12.1,9.5,320000
2050,4,2.5,1950,9900,1,0,85005,5.4,0.5,9.3,371000
1180,6,3.0,1962,4000,1,0,85003,4.6,4.5,8.5,253000
1370,3,1.5,2020,5500,0,0,85005,3.9,9.8,4.9,240000
2770,3,1.0,2003,4100,1,0,85003,7.6,40.9,8.6,365000
1230,3,2.0,1974,5800,1,0,85001,9.2,18.3,3.2,207000
2280,4,2.5,2017,8800,0,0,85002,12.0,13.1,5.7,354000
2400,2,2.0,1979,2900,1,0,85004,4.8,1.9,9.6,393000
1800,3,2.0,1975,2400,0,0,85001,3.7,0.5,9.2,315000
1600,2,2.0,1979,6900,0,0,85002,10.3,6.8,7.8,242000
1130,4,3.0,2006,5700,1,0,85005,15.0,13.6,2.8,233000
1890,4,4.0,1980,7300,1,0,85004,6.6,20.5,6.3,351000
2830,6,3.0,1955,3000,1,0,85004,11.4,3.8,5.0,409000
1770,6,2.5,1992,4300,0,0,85004,9.4,0.8,3.2,350000
1650,4,2.0,2016,7300,0,0,85005,32.4,11.0,7.7,219000
1390,4,4.0,2009,7000,1,0,85002,6.0,19.0,4.7,285000
1570,3,2.0,2007,2900,1,0,85005,31.2,14.2,3.5,224000
2120,3,2.0,1959,3300,1,0,85001,4.8,0.5,2.8,347000
1550,2,1.5,1987,6800,1,0,85004,5.0,13.6,4.4,234000
3060,4,2.5,1975,6400,1,0,85002,7.1,11.9,4.5,460000
2520,3,2.0,1980,6500,1,1,85001,3.7,27.4,1.7,452000
2640,6,2.5,1957,12700,1,0,85001,12.0,5.9,6.3,479000
1710,4,4.0,1962,3700,1,0,85005,6.4,6.4,8.8,369000
2370,3,2.0,2013,7300,0,0,85001,7.5,7.8,2.3,347000
1070,4,2.0,1953,3900,1,0,85001,9.8,3.7,7.6,276000
2740,1,1.0,1974,2600,1,0,85001,3.3,21.7,3.2,369000
2040,2,1.0,1973,5700,1,0,85003,4.9,0.5,1.3,291000
2840,4,3.0,2008,2400,1,0,85004,6.9,2.9,4.2,414000
2540,4,2.5,2009,5200,1,0,85002,9.6,22.1,8.4,420000
1360,5,2.0,1963,2000,1,0,85005,2.1,2.6,2.7,254000
2900,4,2.0,2006,13900,1,1,85001,1.0,9.7,6.1,535000
2620,4,2.5,1985,3300,1,1,85003,3.7,5.2,3.5,470000
2960,3,1.0,1985,1900,1,1,85001,3.4,29.7,1.0,492000
950,5,4.0,1958,9300,1,0,85003,3.5,5.9,2.0,220000
2910,3,2.0,1994,8400,1,0,85002,10.8,2.9,5.1,426000
2510,3,2.0,1999,6700,1,0,85001,4.9,3.8,7.7,461000
1840,2,2.0,1956,2800,1,1,85002,3.7,0.5,5.9,331000
2570,6,2.5,1991,7600,1,0,85001,27.3,14.5,2.0,379000
1640,2,2.0,1979,6600,1,1,85001,1.6,0.5,1.5,333000
2200,3,1.0,1993,2600,1,0,85003,5.6,0.5,1.6,335000
1470,2,2.0,1989,3400,1,1,85005,3.1,6.2,1.8,253000
1190,3,2.0,1964,6400,1,0,85004,3.4,4.2,1.6,165000
2580,4,2.5,1984,3100,1,0,85002,7.6,12.1,3.1,411000
800,4,3.0,1979,9000,1,0,85001,17.5,0.5,3.9,179000
2500,3,2.0,1959,7600,1,1,85002,6.9,8.9,7.1,378000
1450,4,3.0,1960,6000,1,0,85005,6.3,9.5,8.5,284000
3390,3,2.0,2001,7600,1,0,85002,29.6,1.1,6.6,441000
1280,5,2.0,2001,4300,1,0,85002,9.7,21.0,3.3,276000
1230,2,2.0,2018,4100,1,1,85005,4.0,7.7,3.8,249000
940,5,2.5,1989,5600,0,0,85005,12.3,3.2,7.1,216000
2330,2,2.0,1993,3600,1,0,85002,12.4,8.5,6.7,337000
1090,3,2.0,2007,2600,1,1,85005,21.3,2.6,2.5,182000
1330,2,2.0,1981,4900,1,0,85004,5.0,11.4,10.0,251000
1800,3,2.0,1951,9200,1,0,85004,6.1,4.5,7.5,293000
2800,3,2.0,1988,7100,1,0,85002,5.6,5.2,2.9,389000
1660,2,2.0,1998,4600,1,0,85003,9.4,0.9,7.5,268000
1560,4,3.0,1963,2800,1,0,85003,7.0,14.4,4.3,271000
3270,3,2.0,1978,4300,1,0,85001,5.5,2.7,2.2,512000
980,3,2.0,1980,3600,0,0,85004,10.3,16.1,6.1,182000
2320,4,2.0,1967,9600,1,0,85005,21.6,7.7,8.9,352000
1330,4,4.0,2017,3300,1,0,85005,28.4,5.7,2.2,250000
1420,4,2.5,1999,9400,1,0,85005,4.9,2.8,1.4,237000
1710,5,2.5,1965,2700,1,1,85003,12.0,12.9,1.1,336000
1790,2,1.0,1982,5100,1,0,85005,2.5,16.0,8.4,300000
1510,5,3.0,1985,9600,1,0,85003,17.1,46.8,9.6,255000
1680,4,2.5,1997,7600,0,0,85002,6.2,6.5,2.3,247000
2330,5,2.5,1987,8800,1,1,85005,21.4,2.0,9.4,399000
1580,4,2.5,1972,3200,1,0,85003,1.9,2.4,3.1,303000
3270,3,2.0,1992,3900,1,0,85001,1.5,1.6,3.8,530000
1510,5,2.0,1983,2100,1,0,85002,6.9,13.1,8.6,309000
1700,3,2.0,1977,3600,0,1,85003,6.8,0.5,2.4,270000
1620,2,2.0,1972,4900,1,0,85003,2.6,15.8,5.6,265000
1590,1,1.0,1984,3100,1,0,85005,4.1,17.3,6.4,246000
1240,3,1.5,1970,1900,1,0,85001,6.5,2.9,8.8,249000
2170,4,2.5,1997,7400,0,0,85001,2.1,7.2,6.5,369000
2240,4,3.0,2022,4900,1,0,85003,4.7,3.9,5.8,403000
1900,4,2.5,1995,10400,0,0,85005,9.1,0.5,3.3,321000
3740,1,1.0,1993,2000,1,0,85004,11.2,1.3,8.7,533000
2820,3,2.0,1981,5700,1,1,85001,6.3,3.7,4.7,456000
2230,4,2.0,1973,4800,0,0,85001,6.3,1.9,9.9,397000
1350,3,2.0,1957,7100,0,0,85003,8.8,12.3,1.5,175000
1660,5,3.0,1971,6400,1,0,85004,7.8,15.3,1.3,292000
2140,5,2.0,1986,9100,1,0,85004,15.1,1.0,9.4,378000
1910,5,2.5,1957,2400,1,0,85001,20.5,6.0,2.9,339000
780,5,2.0,1996,2200,1,0,85001,5.6,2.1,4.6,226000
1260,3,2.0,2015,6300,1,0,85003,14.4,12.5,1.6,215000
2470,4,4.0,1953,7900,1,0,85003,25.2,1.9,6.5,341000
2150,4,4.0,1964,3600,1,0,85001,3.6,0.7,8.9,408000
1900,3,2.0,1985,3300,1,0,85005,4.0,16.7,7.4,289000
2890,5,2.5,1962,9400,1,0,85002,22.5,15.7,1.4,401000
3060,5,3.0,1981,3500,1,0,85004,16.8,16.9,3.5,474000
1700,3,2.0,1957,4500,1,1,85002,5.2,6.1,7.8,287000
2270,5,3.0,1962,5400,1,0,85004,13.1,4.4,3.6,369000
2120,4,2.5,1966,2900,1,0,85003,3.5,3.4,2.1,324000
1870,3,2.0,1989,1500,1,0,85002,5.1,2.2,7.7,311000
2420,3,2.0,1992,7800,1,0,85003,9.2,1.0,6.3,326000
1580,3,2.0,1998,3500,1,0,85004,5.8,0.7,3.6,263000
1280,1,1.0,2023,7100,1,0,85002,5.4,13.5,4.5,178000
2410,3,2.0,1979,4300,1,0,85004,9.2,13.4,9.4,382000
1750,4,2.5,1997,2800,1,0,85005,6.6,40.5,4.3,278000
1170,4,3.0,1976,4600,1,0,85005,3.2,10.8,1.2,253000
940,2,2.0,1969,7500,1,0,85005,7.5,18.8,1.1,198000
1500,5,2.5,1999,4400,1,0,85001,4.0,13.3,9.0,373000
4030,6,3.0,2010,2500,1,0,85003,12.6,18.4,7.9,604000
1640,4,2.5,1998,7100,1,1,85005,9.8,7.6,3.9,300000
1720,3,1.0,1951,9100,1,1,85003,5.0,22.5,9.4,277000
860,3,2.0,1960,6900,0,0,85003,13.8,3.4,4.8,91000
1600,3,2.0,1966,3700,1,1,85002,3.7,11.5,6.5,266000
3320,4,2.0,1989,2700,1,0,85001,4.3,11.5,5.3,522000
4890,3,2.0,2007,12000,0,0,85003,10.0,20.4,3.2,653000
1480,3,2.0,2014,4400,1,0,85005,1.5,7.9,4.3,276000
1590,2,2.0,2021,7400,1,0,85003,3.7,8.8,5.2,243000
2410,3,2.0,1986,5500,1,0,85003,6.2,0.9,8.6,388000
3660,3,2.0,1966,6800,1,0,85002,5.1,50.0,7.0,444000
2640,4,3.0,1993,3300,1,0,85005,14.8,15.7,4.8,432000
1290,3,2.0,1966,6600,1,0,85005,3.6,1.0,6.4,264000
1670,4,2.0,1967,7700,0,0,85003,6.7,2.3,6.6,263000
1780,5,2.5,1970,5300,1,0,85002,5.6,2.6,7.7,346000
1330,2,2.0,1980,4500,1,0,85004,15.1,24.1,3.8,195000
2520,4,2.5,2004,5000,1,1,85001,14.7,28.3,2.6,422000
2290,3,2.0,2000,9700,1,1,85002,8.9,16.2,6.1,347000
1350,3,1.5,1973,5500,1,0,85002,26.9,11.4,7.8,198000
1510,4,2.0,1992,6300,1,0,85001,16.0,0.8,9.5,321000
1950,3,2.0,1964,9600,1,0,85003,3.6,2.6,7.2,337000
1720,3,2.0,2004,6500,1,0,85001,16.5,5.5,2.7,297000
2620,3,2.0,1994,3700,1,1,85001,6.7,9.4,7.4,459000
1550,4,2.5,1998,2000,1,0,85004,10.3,0.5,7.6,278000
1450,4,3.0,2020,7900,1,1,85004,14.5,4.7,4.2,298000
2200,3,2.0,2006,3500,1,0,85005,17.7,3.4,6.0,349000
1430,5,2.0,1962,3900,1,0,85002,13.6,3.8,1.4,264000
2260,3,1.5,2001,5400,1,0,85003,1.2,5.9,5.8,321000
1730,4,2.5,2013,3800,1,0,85003,12.1,5.3,4.7,330000
1940,1,1.0,1961,3200,1,1,85005,9.4,19.5,5.1,225000
2230,4,3.0,1959,8600,1,0,85003,3.8,25.3,3.7,348000
1510,4,2.0,1969,6500,1,0,85004,3.9,2.4,1.1,263000
1500,4,2.5,1974,3400,0,0,85003,10.2,7.1,7.0,285000
1980,5,2.5,1987,2700,0,0,85001,1.9,8.8,4.9,398000
1660,4,2.5,1956,3800,0,0,85002,3.8,11.2,5.8,277000
1410,2,2.0,1974,5400,1,0,85004,8.8,0.7,9.4,222000
2540,3,2.0,1984,5000,0,0,85003,16.9,4.7,8.8,328000
3700,3,1.0,1953,5400,1,0,85005,2.6,0.9,4.2,515000
2110,4,3.0,1965,3200,1,0,85005,12.3,4.0,7.0,358000
1270,3,2.0,2009,6200,1,0,85001,7.7,12.0,4.0,238000
2090,5,3.0,1955,23000,0,1,85002,9.2,5.4,4.8,384000
1790,4,2.0,1970,3500,1,0,85004,12.0,19.3,6.4,311000
1940,3,2.0,2020,5200,1,0,85005,21.6,13.5,9.4,266000
1300,6,3.0,1976,8200,1,0,85005,16.4,3.3,1.5,303000
2110,5,4.0,2008,7400,0,0,85004,24.8,2.3,7.7,363000
2270,5,2.0,1966,5600,1,0,85004,2.4,11.5,9.5,405000
1860,3,2.0,2007,2400,1,0,85002,11.3,8.0,6.4,321000
2280,4,2.0,1995,3400,1,0,85001,4.0,11.0,2.2,434000
1760,6,2.5,1950,6800,1,0,85003,1.2,4.7,4.7,360000
1480,5,2.5,1970,2300,1,0,85005,9.0,0.5,3.1,290000
1950,4,2.0,1991,6900,1,0,85004,8.0,2.4,3.0,298000
1730,4,2.0,1993,6600,0,0,85004,30.5,9.1,4.7,180000
2510,5,2.5,1962,5200,1,0,85001,5.2,4.6,3.8,453000
1210,4,2.0,1992,6700,1,0,85003,7.1,11.4,8.6,269000
2540,3,2.0,1992,3200,1,0,85002,12.4,22.9,8.3,381000
1440,5,4.0,1983,5000,1,0,85005,1.3,6.7,8.1,334000
1180,4,2.5,1990,7500,1,0,85004,1.7,15.4,8.1,236000
1700,2,2.0,1978,7200,1,0,85002,3.9,4.0,3.9,278000
2310,4,3.0,2016,4600,1,0,85005,2.5,10.2,1.1,399000
3100,5,3.0,1955,1500,1,0,85004,1.9,17.3,3.3,470000
1300,3,2.0,2023,4500,1,0,85003,16.8,7.2,2.7,175000
2370,3,2.0,2018,7300,1,0,85001,25.2,39.8,8.8,387000
2500,2,2.0,1992,3600,0,1,85001,6.4,4.7,8.6,420000
2120,3,2.0,1987,8800,1,0,85004,3.0,14.2,4.3,304000
2870,4,3.0,1976,6800,1,0,85002,2.9,6.8,8.4,466000
2310,2,2.0,2004,3700,1,0,85001,12.9,4.9,5.7,356000
1350,4,3.0,1965,1500,1,0,85002,2.8,5.3,2.1,274000
4400,4,2.0,2018,7800,1,0,85002,4.4,5.0,5.8,640000
1760,3,2.0,1971,4100,1,0,85001,7.2,9.2,4.4,316000
1310,4,2.0,1955,5300,0,0,85002,5.1,3.6,2.4,214000
1690,3,2.0,1960,8100,1,0,85004,12.5,6.7,6.5,274000
1980,5,3.0,1991,2700,1,0,85005,11.7,7.9,4.6,353000
2050,5,3.0,1995,7700,1,0,85002,12.4,3.4,2.8,351000
1600,3,2.0,1963,3400,1,0,85001,31.3,1.8,6.9,249000
1540,3,2.0,1977,6400,1,0,85003,0.8,1.2,5.7,272000
2080,6,3.0,1988,4300,1,0,85001,17.3,1.3,9.7,450000
2730,4,3.0,1972,4200,1,0,85004,2.2,1.1,1.9,425000
2500,3,2.0,2001,5200,1,0,85001,7.9,11.2,5.2,376000
1540,3,2.0,1972,2600,1,0,85004,14.8,1.9,4.7,253000
2620,4,2.5,1956,1500,1,0,85001,1.9,19.3,1.7,404000
1640,3,2.0,1971,6900,1,0,85005,13.7,3.5,8.0,259000
2210,5,3.0,1975,4500,1,0,85005,16.6,3.3,5.9,349000
3020,5,2.5,1951,4200,1,1,85005,4.7,23.4,7.1,512000
1220,5,2.0,1990,8300,1,0,85005,6.6,5.1,8.0,275000
3560,4,3.0,1998,2400,1,0,85002,24.1,5.0,7.5,538000
2290,3,2.0,1954,4700,1,0,85001,21.5,30.8,3.1,353000
1690,3,2.0,2020,4200,1,1,85001,4.4,16.9,8.9,337000
1800,3,2.0,1997,5200,0,0,85001,1.7,3.5,3.3,287000
3610,4,2.0,2010,5700,1,0,85003,15.7,19.9,6.8,484000
2250,3,2.0,1975,12400,1,1,85002,16.7,6.4,7.0,389000
2040,5,3.0,1957,8700,1,0,85001,16.4,27.9,2.0,326000
1460,3,2.0,2005,8000,1,0,85002,26.8,2.7,8.7,243000
1190,4,3.0,2009,6400,1,0,85004,17.9,11.7,6.2,221000
3300,2,1.5,1964,6300,1,0,85003,8.5,1.9,4.0,492000
1980,3,2.0,1971,4100,0,0,85003,8.4,5.3,7.7,340000
1840,6,2.5,2010,2200,1,0,85001,4.4,20.1,9.5,364000
1170,2,2.0,1967,13400,1,0,85002,1.1,10.4,4.5,194000
2870,4,2.0,2022,3300,1,0,85003,1.7,8.3,9.8,443000
2180,3,2.0,2023,4300,1,0,85003,6.6,23.5,3.8,312000
2220,3,2.0,1954,9100,1,1,85003,12.9,8.6,5.0,382000
2170,4,3.0,1979,6500,0,0,85001,9.1,13.1,9.6,312000
1680,6,2.0,1953,5500,1,0,85003,15.6,7.8,2.5,257000
1610,3,2.0,1958,7000,1,0,85002,16.5,2.1,7.8,262000
2160,3,2.0,1998,5500,1,0,85003,6.9,19.1,1.5,352000
1500,4,2.5,1968,8400,1,1,85004,3.6,4.3,3.6,313000
1400,4,2.5,1966,3400,1,1,85003,2.5,1.3,10.0,282000
1090,4,2.0,2018,7200,1,0,85001,3.6,1.8,5.2,253000
1600,3,2.0,1967,2200,1,0,85004,4.1,4.5,4.5,290000
3270,1,1.0,1978,3900,1,0,85002,5.1,9.1,1.3,385000
1930,2,2.0,1992,12000,1,0,85001,5.1,5.0,5.1,411000
1270,3,1.0,1950,3700,1,0,85003,2.9,10.9,7.5,214000
1440,5,2.0,1999,15400,1,0,85005,41.5,4.1,9.4,236000
1460,2,1.5,1965,8400,1,0,85005,22.3,7.7,7.7,181000
3190,3,2.0,1991,7500,1,0,85001,2.5,0.5,2.5,469000
1210,3,2.0,2003,3000,1,0,85005,33.3,12.5,8.2,187000
1880,3,1.0,2019,6600,1,1,85002,9.4,32.1,7.8,321000
1350,2,2.0,1974,4300,0,0,85001,3.6,0.5,5.8,246000
2060,4,2.0,1971,4000,1,0,85005,2.1,20.7,7.4,353000
3340,4,2.0,2007,3500,0,0,85003,4.7,2.3,6.7,466000
1470,3,2.0,1985,2900,1,0,85004,4.9,0.6,4.6,281000
1200,2,2.0,2017,5300,1,0,85005,3.5,11.1,1.3,215000
2100,3,1.0,2015,4500,1,0,85001,2.3,6.3,1.5,347000
4270,3,2.0,2006,14100,0,0,85004,3.0,22.1,1.3,577000
1880,4,3.0,1959,4300,1,0,85002,13.8,2.5,9.4,336000
1700,3,1.0,2006,3900,1,0,85003,9.2,15.0,5.8,228000
1370,5,2.0,1951,9700,1,0,85001,13.5,7.6,4.9,275000
1090,3,2.0,1993,1800,1,0,85002,11.0,5.8,5.7,192000
1210,4,2.5,2011,4300,1,0,85004,7.6,25.6,4.7,237000
1510,3,1.5,2002,2100,0,0,85003,4.6,5.9,1.8,254000
2110,3,2.0,1969,4900,1,0,85002,15.9,10.8,4.1,296000
1650,5,3.0,2012,8500,1,0,85005,12.3,6.6,5.8,280000
2230,2,2.0,1959,3100,1,0,85004,6.4,4.7,4.1,339000
2310,2,1.0,2011,4500,1,0,85002,1.6,0.6,6.7,350000
1250,4,2.5,1962,13600,0,0,85005,1.9,1.6,9.5,271000
2270,4,2.5,1971,8500,1,0,85004,8.4,14.2,5.8,355000
1900,2,1.5,1957,15400,0,1,85004,11.0,11.3,6.4,269000
2610,3,2.0,1952,8800,1,0,85005,7.6,7.5,2.6,399000
2090,4,2.0,2023,2000,1,0,85004,8.5,3.6,9.5,366000
1610,2,2.0,1982,4600,1,0,85003,3.4,10.0,5.5,250000
1510,6,3.0,1976,2900,1,0,85005,8.7,34.3,7.0,288000
1140,4,3.0,1984,9400,1,0,85002,18.8,27.7,4.4,214000
1950,2,2.0,1999,8200,1,0,85001,7.6,0.5,4.5,282000
2230,5,3.0,2018,13400,1,0,85003,4.4,1.5,7.7,397000
2710,3,1.5,1981,3300,1,0,85003,6.9,0.5,7.9,398000
1510,3,2.0,1981,7300,1,0,85002,8.4,11.6,9.0,273000
1740,4,2.5,1957,4000,1,0,85001,8.7,0.6,8.5,388000
1200,4,2.5,1956,3200,1,1,85001,7.0,0.5,3.1,301000
4820,4,2.5,1962,4300,1,0,85001,7.8,8.4,2.0,651000
1770,3,2.0,1988,7400,1,0,85003,50.0,6.2,7.6,242000
2500,3,2.0,1986,3900,0,0,85004,16.0,0.9,6.6,419000
2720,2,2.0,2007,8300,1,0,85005,7.7,5.7,7.0,451000
1450,5,2.0,1999,2400,1,1,85003,3.5,3.1,2.8,256000
2450,3,2.0,2006,5700,1,0,85003,2.8,19.7,6.3,419000
1390,2,2.0,1968,6900,1,0,85001,6.5,6.5,8.9,272000
1860,5,3.0,1953,6200,1,0,85001,5.1,12.5,4.5,313000
1920,5,2.5,1951,4200,1,0,85003,6.8,9.5,2.0,290000
2700,4,3.0,2002,4500,1,0,85001,13.6,5.6,2.5,479000
3030,4,3.0,1958,2300,1,0,85002,2.8,0.9,8.7,517000
1520,3,2.0,1996,3000,1,0,85004,7.7,6.2,5.9,234000
1610,3,2.0,1990,2500,1,0,85001,11.4,3.2,7.3,275000
2330,3,2.0,1979,3500,1,1,85001,3.8,15.2,6.7,425000
2740,3,2.0,2013,4300,1,0,85003,6.6,8.8,8.3,438000
3120,4,2.0,1994,4200,1,0,85002,13.1,8.5,7.7,488000
1630,5,4.0,1989,5700,0,0,85004,4.2,4.6,5.9,345000
3460,3,2.0,2019,3400,1,1,85004,2.9,6.5,6.0,534000
1800,3,1.0,1990,2800,1,0,85005,7.5,10.7,3.7,317000
2750,5,2.0,1970,2400,1,0,85004,7.5,3.6,3.4,406000
3000,3,1.0,1959,5700,1,0,85004,8.9,3.6,7.7,422000
940,6,3.0,2018,2000,1,0,85004,0.9,2.5,8.7,297000
3160,4,3.0,1969,6700,1,0,85001,9.7,17.4,8.4,484000
2190,4,3.0,2013,3100,0,0,85002,9.8,5.3,8.6,387000
1440,3,1.5,2022,4800,1,0,85005,2.2,24.4,7.5,272000
1590,4,2.0,1979,5900,0,0,85001,2.6,2.0,3.7,311000
1430,4,3.0,1967,3000,1,0,85005,5.8,40.4,4.7,163000
2370,3,2.0,2001,3300,1,0,85004,2.6,3.6,2.2,272000
2170,3,1.0,1950,10300,1,0,85002,4.2,31.5,2.1,294000
1910,4,2.5,1997,6200,1,0,85003,1.6,1.2,8.0,351000
2030,5,2.0,2001,4700,1,0,85004,36.5,2.9,2.1,292000
2170,4,2.0,1965,10100,1,0,85003,30.9,2.8,7.5,298000
4770,3,2.0,2010,6100,1,0,85001,1.3,2.9,7.9,723000
2520,3,2.0,1974,3100,1,0,85005,29.8,0.5,8.6,360000
1080,4,2.0,1996,12200,1,0,85001,17.3,19.1,4.6,238000
1770,4,2.5,1956,7600,1,0,85001,6.9,9.7,3.9,306000
1490,5,2.5,1993,5900,1,1,85004,4.5,12.7,8.9,347000
2530,4,2.5,2017,10700,0,1,85002,17.5,29.5,1.6,348000
2000,4,3.0,1979,2900,0,0,85004,4.6,17.9,3.7,274000
2680,1,1.0,1961,5300,0,1,85001,21.1,3.7,8.9,352000
1660,6,4.0,2013,5500,1,0,85002,8.2,0.5,6.6,297000
1920,3,2.0,1995,5700,1,0,85001,29.6,5.5,6.9,328000
1440,3,2.0,1950,3600,0,0,85003,10.0,3.0,6.6,232000
1540,5,2.0,2023,8800,1,0,85005,9.5,0.5,4.7,287000
1450,2,2.0,1966,10500,1,0,85001,6.2,3.4,5.8,245000
1380,3,2.0,1951,7500,1,0,85001,9.4,3.2,7.4,267000
2960,2,2.0,2016,3000,1,0,85004,18.0,4.0,1.7,350000
1320,3,2.0,1995,2800,0,0,85002,5.5,2.7,5.8,202000
1700,3,2.0,1981,5200,1,0,85003,4.7,0.5,3.5,265000
2060,4,4.0,2022,4300,1,0,85005,26.7,13.2,9.9,348000
1080,5,3.0,1991,8100,1,0,85002,2.4,8.1,4.8,246000
3740,3,2.0,1963,4200,1,0,85001,8.3,2.3,8.9,569000
2060,3,1.5,2014,5900,1,0,85001,5.2,2.5,9.8,395000
1420,4,2.0,1990,4300,1,0,85002,4.0,21.8,5.9,248000
2320,5,3.0,1979,4600,1,0,85002,9.3,14.6,7.5,444000
1930,3,2.0,1950,3500,1,0,85005,7.2,3.8,3.7,290000
830,4,2.5,2012,6900,1,0,85004,2.5,10.4,2.3,193000
1800,4,2.5,2001,6800,1,0,85005,3.9,4.3,1.5,338000
1660,3,2.0,2009,2500,1,0,85005,4.8,10.4,8.2,316000
1620,3,2.0,1965,4900,1,0,85005,6.8,32.2,4.2,223000
2370,4,3.0,1997,4600,0,0,85004,20.0,2.5,2.2,410000
1140,2,2.0,1989,5400,1,0,85005,3.5,0.9,6.0,214000
1330,4,2.0,2009,4000,0,0,85005,5.4,8.8,9.5,309000
2840,3,2.0,2011,9500,1,0,85001,8.1,10.9,2.2,418000
2120,4,2.5,1981,1800,0,1,85001,1.3,10.3,9.0,419000
1490,6,4.0,1976,5200,1,0,85004,50.0,17.5,2.5,214000
2450,3,2.0,1962,2600,0,0,85002,29.7,2.8,2.9,271000
3110,5,3.0,1995,5800,1,0,85003,14.2,9.2,1.1,442000
2430,3,1.5,1970,6200,1,1,85003,7.3,6.1,6.0,391000
1880,5,2.5,1980,5900,1,0,85005,23.1,18.2,9.9,337000
2160,3,1.5,1962,4000,0,0,85005,5.1,12.2,2.3,278000
2500,4,2.0,2014,3300,0,0,85003,8.6,3.7,7.9,400000
1350,4,2.5,2013,3900,0,0,85003,7.0,5.3,7.0,250000
2320,5,3.0,1952,9800,1,0,85005,10.1,28.9,1.7,387000
2450,4,3.0,1995,5500,0,0,85005,18.8,3.4,6.9,408000
2270,3,2.0,1950,1700,1,0,85002,13.1,3.0,3.1,337000
2450,6,2.0,2017,2700,1,0,85001,6.6,10.5,9.1,505000
1620,5,2.5,1981,11300,1,0,85001,8.3,6.9,1.7,322000
2750,4,2.5,2003,4900,1,0,85004,11.0,2.1,1.3,403000
1510,5,2.0,1985,6600,0,0,85001,10.1,2.1,3.1,320000
2310,3,2.0,1990,5000,1,0,85001,24.8,1.4,3.2,350000
1370,3,2.0,2021,8600,0,0,85002,7.4,30.6,6.9,264000
1280,3,2.0,1974,5600,1,0,85005,5.4,0.5,5.1,281000
1580,4,3.0,1952,5600,1,0,85004,16.0,15.7,5.2,239000
2050,4,3.0,1955,5700,1,0,85001,4.4,3.4,4.7,374000
1190,3,2.0,2011,3900,1,0,85004,12.2,3.2,8.2,238000
1650,4,2.0,1974,9400,1,0,85005,5.1,0.6,1.5,267000
2350,4,4.0,2000,6300,1,0,85002,7.5,23.0,4.4,365000
1530,3,1.5,1954,2600,1,0,85003,4.4,1.1,3.5,253000
3320,2,1.0,1983,5200,1,0,85001,8.2,34.4,5.8,469000
1490,3,2.0,1993,5600,1,0,85002,10.4,0.5,8.5,288000
1640,4,3.0,1954,7300,1,0,85001,50.0,10.2,8.5,197000
1850,2,1.5,1978,6300,1,0,85002,13.1,1.6,5.0,276000
1570,6,2.0,1990,3800,1,0,85002,1.6,23.5,5.6,320000
1350,4,2.0,2000,7800,1,0,85004,16.3,21.2,3.3,210000
2000,4,3.0,1982,5200,1,0,85005,9.8,3.3,8.5,400000
1730,3,1.5,2017,7400,1,0,85005,14.6,25.9,3.7,234000
1660,3,2.0,1973,3900,1,0,85004,4.6,8.5,2.5,265000
2850,3,2.0,2022,9100,1,0,85005,8.7,0.5,3.6,383000
1830,6,2.5,2017,3200,0,0,85001,5.4,17.0,5.9,325000
1360,3,2.0,1957,5400,0,0,85005,3.7,22.9,1.1,235000
1060,4,3.0,1987,2400,1,0,85004,11.0,2.4,2.2,214000
1960,5,2.0,1989,4500,1,0,85003,12.8,3.5,1.4,293000
1710,2,2.0,1990,2200,1,0,85001,2.2,1.6,3.9,295000
1970,4,3.0,1972,19000,1,0,85005,4.2,2.1,2.0,329000
1590,4,2.0,1998,5500,1,0,85004,4.5,13.4,1.4,291000
4120,4,2.5,1994,9000,1,0,85001,7.5,6.1,2.0,635000
1400,1,1.0,1980,3000,1,0,85004,18.4,0.7,7.8,223000
2470,4,3.0,2013,2900,1,0,85003,8.7,1.6,5.4,374000
1310,2,2.0,1985,8500,1,0,85002,17.8,12.8,7.4,208000
2590,5,4.0,1992,2000,0,0,85003,13.3,3.9,3.5,386000
1940,4,2.5,1980,6200,1,0,85001,7.2,11.8,2.5,338000
1300,3,1.5,1965,9100,0,0,85005,4.2,4.8,6.7,224000
2130,4,2.5,1998,3800,1,0,85003,5.9,1.9,4.1,375000
1730,4,4.0,1973,3200,1,1,85003,3.4,4.3,4.3,277000
1780,4,3.0,1977,7100,1,0,85002,9.2,0.5,1.6,354000
1930,4,2.0,1984,7900,0,0,85005,2.2,9.4,6.2,338000
1500,4,2.0,1979,3900,1,0,85005,5.2,1.2,1.1,286000
2980,4,3.0,2008,4700,1,1,85004,8.0,7.6,8.4,447000
1650,2,2.0,2021,4500,1,1,85002,22.0,0.5,7.7,246000
860,4,3.0,2022,2700,1,0,85002,23.1,7.3,2.6,209000
2710,4,4.0,2007,7300,1,0,85003,16.5,6.1,2.2,412000
2130,2,2.0,1955,4600,0,1,85001,8.2,14.4,2.6,332000
4110,5,2.5,1959,3200,1,0,85002,12.2,5.8,5.6,562000
2670,3,1.5,2013,3200,1,0,85002,8.9,2.7,1.8,413000
1820,3,2.0,2007,5200,1,0,85005,9.5,2.4,3.6,298000
2680,2,2.0,1987,7700,1,0,85001,3.0,18.6,3.9,420000
1910,3,2.0,2023,4600,1,0,85004,13.0,32.4,10.0,274000
1420,4,2.0,1988,10800,1,0,85003,6.3,2.9,3.6,247000
1520,5,2.5,1988,2500,0,0,85002,4.1,4.1,9.3,341000
4100,4,2.5,1951,4900,1,0,85005,2.3,27.2,3.4,514000
3810,3,2.0,1983,3100,1,0,85002,12.6,0.8,3.6,573000
1920,3,2.0,2018,15800,1,0,85005,14.7,4.6,9.4,296000
2010,4,2.0,1966,6700,1,0,85004,5.7,7.2,1.4,330000
2130,3,2.0,1977,5600,1,0,85003,2.3,5.5,6.3,313000
1530,4,3.0,1966,4500,1,0,85004,12.7,22.2,2.9,267000
2100,3,2.0,1967,4200,0,0,85001,50.0,1.5,8.0,287000
1330,3,2.0,2006,7700,1,0,85004,3.6,6.4,1.9,224000
2410,4,3.0,1985,3800,1,0,85002,13.1,22.0,8.4,361000
1330,2,2.0,1950,9000,1,1,85002,40.4,5.1,6.1,181000
1770,5,4.0,1970,5700,1,0,85004,6.3,3.8,4.2,321000
1640,4,2.0,1990,8000,0,0,85002,4.6,0.6,8.9,293000
2840,3,2.0,1978,3800,0,0,85005,3.3,7.7,2.1,396000
2130,2,1.5,2017,5400,1,0,85003,10.9,4.3,3.9,254000
2900,3,2.0,1970,6100,1,0,85002,10.7,3.6,5.6,414000
2960,4,3.0,1954,2700,1,0,85005,5.0,2.7,7.7,468000
1960,4,2.0,1967,10500,1,0,85002,6.7,28.2,4.4,277000
2240,4,2.0,2002,3700,0,0,85001,4.9,3.0,8.3,364000
1880,2,2.0,1999,4300,1,0,85003,5.6,6.6,6.5,274000
2510,6,2.5,1961,2300,1,0,85004,14.9,8.2,2.9,387000
2160,4,2.0,1966,9200,1,0,85004,13.0,9.5,5.5,345000
1470,3,2.0,1950,7000,1,0,85005,11.9,0.5,5.6,262000
1790,3,2.0,1975,3700,1,0,85002,27.4,7.9,4.1,274000
2080,4,4.0,2009,1500,1,0,85005,25.0,36.2,2.5,260000
2080,3,2.0,2020,4700,1,0,85001,10.2,2.3,5.2,363000
1480,4,3.0,1965,10600,1,0,85004,6.8,1.1,9.0,301000
1060,4,2.0,1951,8100,1,0,85002,3.0,4.7,9.7,243000
2730,4,3.0,1970,5900,0,0,85002,12.3,1.5,2.7,391000
990,5,2.0,2016,6300,1,0,85005,7.3,32.8,4.8,200000
2380,3,2.0,2016,6000,1,0,85004,8.6,5.5,8.2,348000
910,2,2.0,2004,6700,1,0,85001,7.8,4.8,6.2,238000
1720,3,1.5,1983,12700,0,0,85004,21.5,6.8,8.5,296000
1760,5,3.0,1998,4100,1,0,85003,26.7,6.0,6.0,263000
1170,2,2.0,2014,16500,1,0,85001,5.9,6.7,6.4,244000
3900,3,2.0,1984,22800,0,0,85004,50.0,14.6,7.9,490000
2010,3,2.0,1962,2900,1,1,85005,18.4,9.3,8.2,299000
1930,3,2.0,2016,2500,1,0,85005,44.1,9.7,4.0,210000
3500,4,3.0,1992,4700,0,0,85004,14.7,11.8,5.4,483000
1600,2,2.0,2020,3300,1,0,85001,9.7,6.6,9.7,370000
2510,3,2.0,2020,5500,1,0,85004,2.0,0.5,5.2,356000
1860,3,2.0,2000,11200,1,0,85003,5.8,7.3,1.5,296000
2120,4,3.0,2005,2600,0,1,85003,9.7,1.2,5.5,388000
1490,1,1.0,1988,2800,1,0,85002,5.9,17.1,3.6,246000
1510,4,2.5,2022,7100,1,0,85004,7.2,0.5,6.3,318000
2220,4,2.5,1958,6600,1,1,85005,2.0,3.4,1.8,406000
2710,1,1.0,1985,4600,1,0,85005,24.3,4.8,4.8,327000
2310,3,2.0,1993,5000,1,0,85002,4.9,6.6,5.8,379000
1870,2,2.0,1979,9100,1,0,85005,1.9,4.6,2.5,330000
2660,2,2.0,1987,3200,1,0,85004,5.9,3.5,2.2,372000
1190,2,2.0,2021,2000,1,0,85001,12.5,3.9,9.5,264000
4430,4,3.0,1959,3200,1,0,85001,7.3,1.5,6.2,652000
1870,2,2.0,1997,6700,1,0,85002,50.0,10.0,3.1,235000
1000,4,2.5,1961,7400,1,1,85004,8.8,20.9,8.2,244000
2640,2,2.0,1952,7400,1,0,85003,7.6,0.5,3.5,364000
1550,3,2.0,1982,2400,1,0,85001,4.2,20.8,6.7,306000
1160,3,2.0,1951,1500,1,0,85003,3.6,0.5,3.6,186000
1940,2,2.0,1960,5100,0,0,85002,0.6,11.2,2.6,282000
2600,4,3.0,1999,3700,1,1,85002,13.6,13.4,9.1,469000
3150,3,2.0,1992,2900,1,0,85002,2.3,50.0,3.2,415000
2900,3,2.0,1993,5000,1,0,85004,8.1,1.9,5.4,481000
2540,4,2.0,2012,5400,1,1,85005,15.6,11.6,9.9,416000
2560,3,2.0,1974,3100,0,0,85002,3.1,9.0,9.1,429000
1900,6,2.0,1985,12800,1,0,85003,21.6,1.9,4.4,298000
3220,2,2.0,1977,5100,1,0,85004,5.7,9.1,4.0,472000
1290,4,3.0,1999,33000,1,0,85002,4.6,0.5,7.6,298000
1640,6,2.5,1975,2500,1,1,85001,19.5,10.4,1.8,351000
1970,3,2.0,1950,6000,1,1,85003,8.1,3.4,3.6,318000
1200,6,2.0,1963,2300,0,0,85001,6.3,5.5,9.5,285000
1220,4,2.5,1956,6100,1,0,85003,0.8,6.1,5.3,261000
910,4,2.5,1962,1900,1,0,85003,4.4,17.1,6.1,165000
1390,6,2.0,1990,5700,1,0,85005,14.6,1.3,4.6,274000
3450,4,2.5,1996,9700,0,1,85001,3.6,16.3,2.6,570000
2530,4,2.5,2017,3000,1,1,85005,3.1,11.4,6.6,480000
3240,4,2.0,1994,4700,1,0,85004,5.6,6.8,7.8,501000
3000,4,2.5,1996,3100,1,0,85002,3.0,4.2,4.4,438000
2500,2,2.0,1994,3600,1,0,85002,20.6,1.7,3.6,312000
1260,5,3.0,1987,3400,1,0,85005,35.7,12.0,6.8,201000
1600,1,1.0,2023,7900,1,0,85005,13.4,5.1,1.4,211000
3280,4,4.0,1983,2300,1,0,85001,29.6,7.1,8.4,545000
2940,4,3.0,1963,5400,0,0,85004,4.7,3.4,9.3,467000
1760,4,3.0,1991,3900,1,0,85002,32.5,2.0,7.4,279000
1090,4,2.5,1979,6100,1,0,85005,18.0,2.2,8.8,247000
2020,3,2.0,2022,6000,1,0,85001,5.1,4.6,8.8,370000
1750,4,3.0,1994,2700,1,0,85004,8.7,1.6,5.2,335000
2110,3,1.0,2021,5100,1,0,85001,5.3,4.0,5.7,354000
1360,4,3.0,1951,3500,1,0,85001,5.8,16.1,2.5,282000
1370,3,2.0,1971,4100,1,0,85003,16.1,10.9,7.4,189000
2200,3,2.0,1977,10800,0,0,85005,6.1,20.0,5.4,341000
2150,5,2.0,1953,2100,1,1,85001,8.0,2.5,1.4,374000
1220,4,2.5,1982,7000,1,0,85002,7.3,0.7,3.3,231000
2370,3,2.0,1987,3700,1,0,85004,10.6,0.5,8.3,406000
3070,4,2.0,1961,6900,1,0,85002,4.7,12.8,8.8,466000
1620,4,3.0,1967,15400,1,0,85005,16.6,16.5,9.7,292000
2320,2,1.0,2011,4000,1,1,85003,9.8,34.1,5.5,322000
1830,4,2.0,1952,5900,1,0,85005,7.2,0.5,9.3,318000
2280,3,2.0,2005,10100,1,0,85002,1.3,6.6,8.3,352000
2190,2,2.0,1979,5600,1,1,85003,0.9,13.7,1.1,350000
960,4,4.0,2023,5100,1,0,85005,2.1,14.2,8.0,235000
1160,5,2.5,1999,3400,1,0,85004,12.4,14.1,5.5,270000
3410,2,2.0,1977,6000,1,0,85001,13.2,3.3,3.2,473000
3020,4,2.5,2018,4800,1,0,85003,6.1,8.2,4.1,466000
2460,3,1.5,2019,3400,1,0,85002,5.8,2.7,3.4,404000
900,6,3.0,1994,4900,1,0,85003,6.0,29.7,4.1,237000
2070,3,2.0,1991,3100,1,0,85001,12.9,3.8,7.3,317000
1490,5,2.5,1980,3400,0,0,85003,3.1,6.8,6.6,282000
2850,4,3.0,1992,3000,1,0,85005,2.9,1.9,1.0,449000
2240,4,2.0,1953,5200,1,0,85001,25.3,6.6,1.0,346000
3150,4,2.0,1971,3200,1,0,85004,12.5,6.9,8.8,461000
1770,4,4.0,1998,2900,1,0,85003,4.6,38.8,6.1,307000
1410,2,2.0,1988,2500,1,1,85005,6.7,22.6,4.3,267000
1190,4,3.0,1953,4200,1,0,85004,5.6,7.9,5.7,263000
1520,2,2.0,1954,7700,1,0,85003,9.5,5.1,2.5,232000
3160,3,2.0,1968,7200,1,0,85001,7.4,3.0,1.1,473000
2340,2,2.0,1979,3000,1,0,85005,3.6,2.0,7.0,367000
2080,5,3.0,1969,7800,1,0,85001,1.9,13.1,3.4,371000
1290,2,2.0,1988,9500,1,0,85005,10.0,7.1,9.7,280000
1660,4,3.0,1996,4700,1,1,85003,2.5,2.7,7.8,394000
2020,4,2.0,1973,10500,1,0,85002,9.3,1.8,4.2,338000
4130,4,3.0,2009,3900,1,0,85001,2.8,19.6,9.7,642000
2850,4,3.0,1981,6800,1,0,85005,3.3,1.6,5.4,432000
1030,4,2.0,1952,2900,1,0,85003,7.3,21.0,2.2,151000
1360,5,2.5,1968,4000,0,0,85004,5.8,12.1,8.2,245000
1950,4,2.5,1976,4700,1,0,85001,7.2,5.5,7.7,400000
1210,5,3.0,1993,4300,1,0,85004,13.9,4.5,2.7,252000
1070,5,2.5,2022,6300,1,0,85004,37.0,4.5,4.9,204000
1580,5,2.0,1953,4100,1,0,85004,11.2,28.4,8.3,265000
1940,3,2.0,2015,3500,1,0,85004,8.0,7.5,5.2,268000
1890,3,2.0,1952,5700,1,0,85003,7.8,11.1,2.4,282000
1200,2,2.0,2008,7200,1,0,85004,5.1,2.0,7.5,263000
1530,1,1.0,1990,6400,1,0,85001,5.2,16.6,1.3,269000
1510,5,3.0,1987,1500,1,0,85004,5.7,8.1,4.7,260000
1880,2,2.0,1998,9200,1,0,85001,29.2,3.5,3.6,275000
1640,4,2.0,1975,6500,1,0,85005,8.7,14.1,1.8,290000
1850,3,2.0,1999,7500,1,1,85004,8.4,21.3,1.1,303000
1910,5,3.0,1972,4500,1,0,85003,5.4,11.4,3.2,303000
1490,3,1.0,1992,9400,1,0,85002,3.4,3.6,5.0,271000
3700,2,2.0,1989,8600,1,0,85002,27.3,2.1,3.8,458000
2450,4,2.0,2004,8800,1,0,85003,18.5,3.8,2.7,359000
3260,3,2.0,2021,2400,1,0,85002,10.8,0.8,7.8,486000
3470,5,2.0,1968,1500,1,1,85004,5.9,10.7,3.2,547000
2020,3,2.0,1954,3300,1,1,85005,4.4,21.4,7.5,331000
1560,5,2.5,1991,6100,1,0,85001,11.1,3.3,4.4,342000
1070,3,2.0,1997,3300,1,0,85005,8.8,4.1,6.2,211000
2100,3,1.5,1957,1800,1,0,85002,10.4,4.5,3.0,337000
1510,5,2.0,1960,5500,0,0,85001,19.5,1.9,6.5,295000
1740,4,2.0,1985,4600,1,0,85002,2.0,4.8,8.3,315000
1200,6,4.0,2020,4700,1,0,85003,11.8,3.4,4.5,292000
1850,4,2.5,2001,3400,1,0,85004,9.1,1.0,2.6,372000
1130,4,2.5,1978,20700,1,0,85003,4.3,1.3,7.6,278000
2440,4,3.0,1963,5700,1,0,85005,0.8,17.0,7.5,431000
1510,1,1.0,2016,11800,1,1,85003,8.8,24.5,9.2,253000
1680,4,2.0,2000,6700,1,0,85003,5.5,0.8,1.2,292000
1410,4,2.0,1991,11500,0,0,85004,10.9,2.9,7.4,263000
1400,3,2.0,1982,3100,1,0,85004,2.6,15.1,3.0,174000
2180,4,2.0,2004,6200,1,0,85002,10.2,4.7,3.3,354000
1870,3,2.0,2016,4100,0,0,85001,9.4,19.7,4.8,258000
1490,3,2.0,1964,1600,1,0,85002,3.2,2.9,2.3,273000
1560,4,2.5,1994,5200,0,1,85001,36.2,0.5,7.8,319000
1810,3,2.0,2013,5500,0,0,85002,3.6,8.9,3.0,276000
3210,3,2.0,2023,3200,1,0,85005,12.3,2.1,7.0,450000
1360,4,3.0,1968,2100,1,1,85005,5.9,0.5,3.6,298000
2240,3,2.0,1961,5700,1,0,85001,3.3,5.1,6.5,402000
1550,3,2.0,1981,10200,1,0,85005,9.0,26.4,8.8,262000
1320,4,2.5,2005,3800,1,0,85001,15.1,16.7,9.6,287000
860,3,2.0,2011,5500,1,1,85003,49.0,4.8,6.6,108000
1750,2,2.0,2001,3300,0,1,85003,14.6,5.6,6.1,284000
3670,3,1.5,1951,8200,1,0,85001,4.5,6.8,2.8,501000
1970,4,3.0,1982,4000,0,0,85002,10.8,9.3,2.3,300000
1820,5,2.0,1992,11300,1,0,85005,16.5,25.2,1.1,289000
1740,3,2.0,1978,9200,1,0,85002,22.4,0.5,4.0,269000
1180,5,3.0,2001,2600,1,0,85005,50.0,3.6,3.5,155000
3720,3,2.0,1995,4700,1,0,85001,7.3,8.0,7.5,571000
1400,4,3.0,1989,7500,1,0,85001,7.1,1.2,8.9,330000
1660,3,2.0,1956,8000,1,0,85005,11.2,0.5,4.0,263000
2160,3,2.0,1968,12300,1,1,85001,11.8,2.0,3.5,421000
1190,4,2.0,2013,5700,1,0,85003,5.6,0.5,9.1,267000
1460,5,3.0,1998,4500,1,0,85004,3.8,5.7,4.7,311000
1120,3,2.0,1993,4100,1,0,85005,14.2,0.6,4.6,175000
2610,4,2.5,1980,2300,1,0,85004,28.5,10.0,1.5,337000
2380,3,2.0,1966,4300,1,0,85002,4.4,7.6,4.4,361000
1840,4,3.0,2003,2700,1,0,85004,8.3,2.6,1.9,281000
3120,2,2.0,1955,7300,1,1,85004,12.5,6.5,2.0,411000
2110,3,2.0,1970,10100,1,0,85005,10.9,1.6,5.6,303000
900,2,2.0,2009,2700,1,0,85005,50.0,2.7,8.1,97000
3010,2,2.0,1994,4200,1,0,85001,7.9,6.6,9.8,482000
1460,3,2.0,2023,4700,1,0,85004,12.6,2.5,7.5,302000
3650,2,1.0,2021,12400,1,0,85001,3.1,0.8,2.5,557000
940,3,2.0,2014,5800,1,0,85003,4.9,6.6,9.3,207000
1670,3,2.0,2008,6200,1,0,85003,7.0,8.9,1.1,284000
1750,3,2.0,2017,6700,1,0,85001,5.9,2.7,9.1,350000
1120,3,2.0,1983,5000,1,0,85003,10.2,9.9,6.8,202000
1870,6,2.0,1972,2900,1,0,85004,6.8,10.7,6.9,365000
3920,3,2.0,1978,7700,1,0,85001,1.9,1.3,5.7,590000
2300,2,2.0,1981,11500,1,0,85001,1.4,31.9,4.8,360000
1230,6,2.0,1963,4500,1,0,85003,11.0,12.7,2.6,253000
2420,4,2.5,1969,3400,1,0,85003,6.3,0.9,2.6,347000
1790,3,2.0,2008,5400,1,0,85005,6.7,0.5,7.9,328000
1950,3,2.0,1982,1500,1,1,85004,3.4,14.6,4.4,340000
1640,3,2.0,1968,4600,1,1,85003,2.6,23.2,7.2,314000
2150,2,2.0,1951,2500,1,1,85002,11.4,3.2,8.4,351000
3160,3,2.0,1951,4400,1,0,85003,6.9,5.8,7.8,494000
2860,3,2.0,1990,4600,1,0,85005,1.8,3.4,2.6,430000
2300,4,3.0,1963,4200,1,0,85002,3.5,4.4,8.5,361000
1760,4,4.0,1956,2600,1,0,85004,2.8,9.5,4.0,286000
1360,5,4.0,1957,4500,0,0,85003,3.3,5.2,4.7,253000
1990,3,2.0,1995,3600,1,0,85005,3.0,1.1,4.0,358000
1880,3,2.0,1960,4300,1,0,85001,23.4,1.7,5.2,273000
1950,2,2.0,1982,4100,1,0,85001,2.7,6.9,9.9,351000
1120,4,3.0,1964,7100,1,1,85003,27.1,3.4,7.4,242000
1260,5,2.0,1970,4900,0,0,85001,6.4,10.0,2.8,289000
2120,3,2.0,1953,4000,1,0,85002,9.8,2.1,3.4,346000
1790,3,2.0,2022,3900,1,0,85002,1.5,4.4,8.5,298000
2120,3,2.0,2018,6800,1,0,85005,13.7,3.5,9.3,367000
1680,5,3.0,1971,3800,1,0,85003,4.4,0.5,6.4,358000
2240,4,3.0,1956,13300,0,0,85002,10.4,12.2,2.2,348000
1280,4,2.5,1974,4700,0,0,85002,2.9,1.0,2.0,252000
1380,5,3.0,2005,4300,1,0,85005,10.3,3.0,2.6,237000
890,3,2.0,1952,5800,1,0,85002,1.8,2.8,8.0,221000
2720,3,2.0,1982,7900,1,0,85002,9.4,1.5,10.0,460000
2880,3,2.0,2002,2900,1,0,85003,7.3,1.5,6.2,405000
1430,2,1.0,1986,11000,1,0,85002,6.5,3.7,7.6,263000
1370,5,3.0,1966,2500,1,0,85004,5.6,7.9,5.1,282000
1450,4,3.0,1969,5800,1,0,85003,12.9,3.8,2.0,239000
4120,2,2.0,1996,6500,1,0,85002,7.0,0.5,5.9,561000
1670,2,2.0,1972,4800,1,0,85003,17.2,0.5,8.1,229000
2120,3,2.0,1998,4400,1,0,85005,6.2,11.3,7.4,388000
1200,1,1.0,2018,5900,1,0,85001,15.0,7.8,6.7,220000
2230,4,2.5,1987,5900,1,0,85002,15.6,3.1,7.8,322000
2210,3,1.0,2003,2700,1,1,85004,2.3,15.5,9.3,346000
1600,2,2.0,1961,4300,1,0,85005,5.8,22.1,2.1,219000
1200,2,2.0,1976,2200,1,0,85002,50.0,1.6,7.3,157000
2070,4,2.0,2009,2700,1,0,85005,13.3,0.8,6.1,360000
1560,3,2.0,1995,5300,1,0,85002,25.3,15.5,5.6,213000
1840,3,2.0,1974,3700,1,0,85001,5.1,5.3,4.0,298000
920,4,4.0,1967,9200,0,0,85004,6.8,7.0,9.6,225000
3100,2,2.0,1964,7700,1,0,85001,3.4,3.4,8.9,508000
2060,3,2.0,2017,4800,1,0,85001,1.6,3.4,4.3,389000
2220,4,3.0,1950,4100,1,0,85003,20.9,9.5,1.7,287000
1100,3,2.0,2020,18800,1,0,85005,3.2,2.4,8.2,262000
2450,3,2.0,1950,6700,1,0,85002,50.0,29.1,6.6,300000
1540,4,3.0,1957,3200,1,0,85004,10.5,15.4,2.9,266000
990,5,2.0,1997,4800,1,0,85004,4.5,11.8,1.1,204000
1100,4,3.0,1967,1600,0,0,85003,5.9,13.1,8.5,265000
2770,1,1.0,1964,8900,1,0,85002,12.0,2.7,3.3,360000
1490,5,3.0,2014,6500,1,0,85003,42.4,9.6,5.3,227000
2250,3,2.0,2020,4400,1,0,85004,6.7,0.9,7.1,400000
1540,3,2.0,1987,2300,1,0,85001,3.8,13.0,7.4,322000
1740,4,4.0,1952,13900,1,0,85003,3.7,1.6,1.6,260000
1030,4,4.0,1975,3600,1,0,85003,16.6,1.8,6.9,222000
1930,3,2.0,1980,5600,1,0,85005,25.9,0.5,9.6,348000
2490,4,3.0,1983,2000,1,0,85005,15.8,7.3,2.1,388000
1980,4,3.0,1995,5700,0,0,85004,8.5,1.3,8.8,367000
1130,3,2.0,1984,6100,1,0,85001,5.4,3.1,9.2,248000
1320,2,2.0,2009,9600,1,0,85002,3.6,1.2,7.8,313000
1700,3,2.0,1978,5800,1,0,85004,8.6,10.2,7.3,270000
1730,4,3.0,1956,11000,1,0,85002,3.0,12.0,8.9,301000
2120,3,2.0,1967,3700,0,0,85004,11.8,2.0,5.3,255000
1830,4,2.5,2020,5300,1,0,85001,6.9,4.6,3.4,316000
1510,3,2.0,1972,3000,0,0,85004,27.2,0.5,1.1,214000
760,5,2.5,1996,12800,1,0,85003,2.7,3.1,5.7,173000
900,3,1.5,2012,5700,1,0,85005,12.4,20.9,5.1,150000
2250,4,2.5,1967,2000,1,0,85002,31.5,6.0,6.8,305000
1850,4,3.0,1983,12400,1,0,85004,3.9,2.5,6.6,319000
1880,2,1.5,1964,4900,1,0,85001,21.4,8.3,8.1,303000
1560,5,2.5,1980,7700,1,0,85002,6.7,8.0,1.5,312000
3770,4,2.5,1998,3500,0,0,85002,30.0,13.3,9.1,532000
1270,4,2.5,2020,3200,1,0,85004,2.7,29.8,5.6,263000
880,5,2.0,1987,2400,1,1,85003,6.8,2.4,9.6,269000
2160,4,3.0,1952,11500,1,0,85001,2.4,8.3,8.3,371000
1340,5,3.0,2010,6400,1,0,85004,1.8,5.8,5.2,298000
800,5,3.0,1982,7500,1,0,85004,8.6,0.7,7.1,229000
1940,3,2.0,1972,3300,1,1,85001,6.8,0.7,3.2,320000
2270,4,3.0,1971,10000,1,0,85002,3.5,7.7,4.2,387000
2440,3,2.0,1959,2400,1,0,85004,3.9,1.4,3.9,327000
1310,4,4.0,1958,4900,1,0,85003,5.8,15.8,2.8,202000
2510,6,3.0,1973,4800,1,0,85001,2.8,7.1,1.6,445000
1760,5,4.0,1997,1500,1,0,85003,19.6,1.4,2.9,275000
2170,3,2.0,2016,9800,0,0,85002,8.7,5.4,8.2,355000
1930,3,2.0,1992,6300,1,0,85003,9.0,5.6,8.4,320000
1950,3,2.0,1970,10900,1,0,85001,15.8,12.2,5.9,275000
2340,5,4.0,2009,7900,0,0,85005,24.5,10.0,8.8,351000
1070,3,2.0,2007,2800,1,0,85003,11.2,15.3,9.8,216000
1740,4,2.0,1964,2000,1,0,85005,14.7,0.9,8.6,345000
1940,5,2.0,1984,3200,0,0,85001,11.3,4.8,4.8,356000
1350,2,1.5,1951,7600,1,0,85003,8.2,5.3,4.0,197000
1380,4,3.0,1971,3200,1,0,85005,4.8,4.4,3.8,250000
2910,4,3.0,1956,8100,0,0,85004,5.5,14.4,8.7,463000
2330,3,2.0,1993,2800,1,0,85005,2.9,10.4,8.9,357000
1230,5,2.5,2009,2600,0,0,85003,10.0,5.8,9.7,259000
2520,3,1.5,1994,6300,1,0,85001,7.0,8.1,1.4,411000
1900,4,2.0,2007,6800,1,0,85003,10.5,10.1,3.3,277000
2800,4,2.0,1956,6200,1,0,85001,4.6,0.9,9.3,486000
2260,5,2.5,2019,4100,1,0,85003,7.4,7.8,6.3,393000
1000,2,2.0,1984,8200,1,0,85004,4.5,33.8,9.8,185000
1740,5,2.0,1958,5500,1,0,85002,6.5,6.9,8.1,323000
1210,3,2.0,2004,7100,1,0,85005,8.5,7.1,6.0,238000
3570,3,2.0,1955,6400,0,1,85001,5.2,7.5,3.0,543000
1570,2,2.0,1961,9800,1,0,85005,7.0,7.1,5.5,234000
1680,3,2.0,1994,6000,1,0,85003,16.7,6.7,7.5,281000
1360,4,4.0,2021,4500,1,0,85004,39.7,8.5,9.1,206000
1840,3,2.0,1984,7200,1,0,85005,5.8,15.5,7.3,322000
1890,3,2.0,1970,3700,1,0,85001,17.1,2.1,6.0,313000
2480,6,2.5,1950,1700,1,0,85002,26.9,8.0,9.2,375000
1680,3,2.0,1952,4700,1,1,85005,4.9,42.4,5.7,276000
1840,4,2.5,2016,5700,1,0,85004,50.0,0.5,1.0,266000
3020,4,2.5,2019,3300,1,0,85005,3.5,7.0,9.1,477000
1270,2,2.0,2000,7300,0,1,85001,9.1,3.5,8.6,298000
1810,4,2.5,2003,2700,1,0,85002,24.4,0.5,6.0,302000
1430,2,2.0,2023,5400,1,0,85004,15.8,5.2,5.4,209000
3060,4,3.0,1950,4500,1,0,85002,8.2,5.0,2.5,459000
3140,5,3.0,1988,3700,1,0,85002,4.9,0.9,7.3,543000
2340,6,3.0,1966,8100,1,0,85003,2.4,1.4,7.6,440000
2960,4,2.0,2016,5200,1,0,85001,5.8,0.8,8.3,510000
1690,2,2.0,1966,8400,1,0,85002,13.9,17.2,8.7,262000
1020,3,2.0,1997,2600,1,0,85002,4.3,15.7,6.6,239000
1700,4,3.0,2015,10400,1,0,85004,14.7,7.9,3.6,268000
5540,4,3.0,1983,9200,1,0,85005,5.6,3.7,9.7,836000
2080,3,2.0,1955,11500,1,0,85005,11.2,0.8,2.1,326000
1580,4,2.5,1980,8100,1,0,85004,15.2,4.1,1.2,253000
1700,4,4.0,2001,4600,1,0,85004,6.8,4.1,4.1,377000
1200,3,2.0,1990,11700,0,0,85005,7.5,1.1,8.1,254000
1450,4,2.0,1975,7600,0,0,85002,17.5,0.5,4.8,231000
1630,3,2.0,2018,2700,1,0,85003,1.9,8.8,9.0,323000
1960,3,2.0,1963,2200,1,0,85004,9.3,25.0,5.4,329000
2220,2,2.0,1967,4500,1,0,85003,5.3,17.8,8.5,318000
1140,5,2.5,2005,11700,0,0,85002,2.9,19.9,2.3,205000
1830,4,3.0,2005,3700,1,0,85004,11.3,11.7,9.9,298000
1150,3,2.0,2000,7300,1,0,85003,4.5,4.0,3.0,180000
920,6,3.0,1993,4100,1,0,85004,15.8,6.4,10.0,232000
2710,3,2.0,1959,5100,1,0,85005,12.8,1.7,2.3,412000
2360,2,2.0,1969,4300,0,0,85005,5.6,14.9,8.5,344000
1710,4,2.0,1972,9300,0,0,85005,18.7,3.6,5.3,259000
850,6,3.0,1968,4500,1,0,85005,2.6,3.1,2.6,194000
2920,3,2.0,1980,3500,1,0,85004,9.3,17.0,8.0,429000
3120,3,2.0,1974,16900,1,0,85001,5.8,0.5,9.1,492000
1200,6,2.0,1969,3200,1,0,85003,5.4,0.9,6.8,247000
1080,5,2.0,1962,5900,1,0,85004,6.3,3.7,9.0,229000
1840,4,2.5,1952,4200,0,0,85002,16.6,2.8,9.5,295000
1430,2,1.5,1976,4400,1,0,85001,4.6,4.2,9.5,301000
2270,3,2.0,2015,7800,1,0,85002,3.3,7.2,2.9,339000
2560,4,2.5,1955,4200,1,0,85004,10.3,7.1,6.8,413000
1970,5,3.0,2021,6400,1,0,85001,8.0,7.5,7.3,431000
1950,4,2.0,1958,5300,1,1,85004,7.9,3.9,9.8,373000
1430,5,2.5,1999,3800,1,0,85002,4.4,8.4,2.5,312000
1720,2,2.0,2001,8000,0,1,85004,14.7,0.5,6.0,319000
3120,1,1.0,1950,6200,1,1,85005,9.8,16.0,7.0,405000
1460,3,1.5,2005,5900,1,0,85005,6.0,2.2,6.1,239000
2380,2,2.0,1985,3700,1,0,85004,1.6,3.5,1.8,337000
3470,3,2.0,1971,7200,1,0,85001,7.1,6.0,9.6,561000
2730,4,2.0,1984,3900,0,0,85004,6.3,0.5,8.7,454000
2200,4,4.0,1973,4900,1,0,85005,6.6,8.6,9.7,404000
1590,4,2.5,1984,2900,1,0,85004,4.0,21.1,3.5,259000
2150,2,1.0,1999,3700,1,0,85003,4.3,14.6,4.2,331000
1870,3,2.0,1999,8200,1,0,85005,8.4,4.6,7.1,322000
2300,4,2.0,1970,5600,1,0,85003,6.5,4.7,8.6,381000
1840,3,2.0,1974,12800,1,0,85003,1.5,7.4,3.3,257000
1640,4,2.5,2012,8300,0,1,85001,7.0,5.1,7.2,388000
2270,2,1.5,1997,10100,1,0,85004,11.0,22.7,9.8,355000
1260,4,3.0,2020,5100,0,0,85001,15.6,15.1,8.9,280000
2680,4,2.0,2012,3100,1,0,85002,8.0,11.8,3.1,411000
1890,2,2.0,1974,10500,0,0,85004,10.8,4.6,6.7,284000
3010,2,1.5,1979,6100,1,0,85002,5.5,6.0,7.1,459000
1260,5,2.5,2020,3600,1,0,85002,4.3,11.7,6.5,285000
1910,1,1.0,1969,6500,1,0,85003,6.9,0.8,7.3,278000
1790,2,2.0,1968,3200,1,0,85003,7.5,4.4,3.1,252000
1190,4,2.5,2017,2900,1,1,85001,8.1,27.1,6.0,290000
1480,3,2.0,1958,2500,1,0,85002,4.4,6.1,7.8,203000
2410,4,2.5,1953,3500,1,0,85003,20.6,11.4,1.7,320000
2520,4,2.0,2003,16300,1,0,85002,0.5,0.8,2.2,404000
1660,5,4.0,1967,4600,1,0,85004,3.6,26.4,6.5,332000
2420,5,2.5,1987,3200,0,0,85005,9.2,2.9,1.4,360000
1300,2,2.0,1996,5200,1,0,85001,4.0,3.7,2.8,284000
970,4,2.5,2011,3500,1,0,85004,7.9,9.3,5.3,184000
1850,4,4.0,1974,5400,0,0,85004,5.6,19.8,3.1,274000
1030,4,3.0,2008,1900,1,1,85004,16.7,5.7,1.8,176000
2440,3,1.5,1966,2700,0,0,85005,6.7,17.6,9.0,312000
1900,3,2.0,1989,7500,1,0,85004,19.2,23.9,4.8,246000
1620,5,2.5,1951,8600,1,0,85004,4.2,0.5,6.8,290000
1080,5,2.0,1968,10400,1,1,85005,2.7,21.7,2.7,226000
1820,3,2.0,2010,3400,0,1,85002,28.1,2.7,2.6,258000
2350,4,3.0,2004,6100,1,0,85005,4.7,2.1,2.2,431000
1970,3,2.0,1997,3600,1,0,85002,4.9,7.4,5.9,289000
1390,3,2.0,1994,4700,1,0,85002,5.7,11.7,5.7,255000
2600,3,2.0,1951,5900,1,0,85005,2.6,0.6,3.1,429000
1290,3,2.0,1984,6900,1,0,85002,12.3,8.2,9.2,233000
2210,5,4.0,1989,8300,1,0,85004,30.3,8.9,4.4,289000
2050,4,2.5,1971,6100,1,0,85003,11.7,1.6,6.7,278000
3240,3,2.0,1990,3400,1,1,85004,3.9,5.1,9.9,552000
1700,5,3.0,2005,10700,1,0,85003,6.8,2.2,2.1,325000
2160,4,3.0,2021,4700,1,0,85001,6.8,4.7,6.0,406000
1150,4,2.5,1955,5300,1,0,85001,3.0,6.0,2.0,269000
1050,3,2.0,1979,8500,1,1,85004,4.8,2.8,7.3,243000
1690,3,2.0,2022,4600,1,0,85003,5.5,9.4,3.9,264000
1850,1,1.0,1950,10600,1,0,85003,6.8,0.8,4.5,229000
2150,2,2.0,1997,9300,1,0,85002,4.9,1.2,2.4,314000
1750,2,2.0,2011,5100,1,0,85001,4.7,5.4,2.2,269000
2590,6,4.0,1966,7600,1,0,85002,25.8,3.2,8.1,393000
1040,3,2.0,1977,2500,1,0,85001,5.7,2.8,1.8,262000
1810,3,2.0,2009,5100,1,0,85004,7.9,0.5,9.8,327000
1940,5,2.0,1980,5200,0,0,85001,1.7,1.7,3.5,355000
2610,3,2.0,2019,2900,1,0,85001,6.4,30.4,7.9,387000
1130,5,2.0,1961,5400,1,0,85004,2.5,7.0,9.1,270000
1360,3,2.0,2019,4200,1,0,85001,1.4,25.0,5.9,305000
1600,5,4.0,1991,2400,1,0,85002,1.5,20.7,3.4,338000
2150,3,2.0,2008,4900,1,0,85005,8.6,4.1,2.2,354000
1440,5,3.0,1968,2900,1,0,85004,6.5,18.1,2.3,238000
2270,5,2.5,2008,3100,1,0,85005,0.6,11.2,9.6,431000
1420,4,4.0,1972,2900,1,0,85001,1.5,0.5,6.8,319000
2980,3,2.0,1981,4600,0,0,85002,1.8,5.1,5.7,439000
2030,3,2.0,1965,6700,1,0,85001,12.5,3.8,4.9,330000
2880,5,2.5,2004,3700,1,0,85001,3.8,5.6,3.2,497000
2110,5,2.0,1959,2400,0,1,85004,1.6,4.6,2.4,358000
930,2,2.0,1978,8300,1,1,85002,4.2,21.6,4.7,160000
1070,3,2.0,1992,1600,1,0,85005,2.5,2.9,6.2,249000
3010,4,3.0,2011,3000,0,0,85005,8.3,8.0,8.9,488000
1270,3,2.0,1982,5500,1,0,85004,3.6,9.1,9.5,259000
2410,4,2.0,1978,3600,1,0,85003,15.9,1.2,9.4,411000
2710,3,2.0,2002,5700,1,0,85002,3.7,7.3,9.4,412000
1550,4,2.0,1994,4000,1,0,85005,12.2,0.5,6.4,244000
1620,3,2.0,2010,3600,0,0,85002,7.7,2.5,3.8,261000
1230,4,2.0,1994,4900,1,0,85003,3.8,2.5,4.1,227000
2080,4,4.0,1967,3900,1,0,85001,7.6,0.6,1.7,378000
1770,4,3.0,1967,9500,1,0,85005,8.2,7.0,7.3,306000
1480,6,2.5,1953,3300,1,0,85002,1.8,3.8,7.4,326000
3860,3,2.0,1985,9700,0,1,85004,4.6,4.6,5.3,583000
2180,4,2.0,2006,14800,1,0,85001,2.1,0.9,4.8,388000
3610,5,3.0,1989,6800,0,0,85002,11.6,1.3,7.3,545000
1850,3,1.5,1973,1500,0,0,85001,4.7,13.9,3.2,279000
1790,3,2.0,2007,5700,0,0,85001,3.4,1.2,8.5,323000
2510,3,2.0,1957,3800,1,0,85001,11.1,4.0,7.5,403000
1850,3,2.0,2007,7300,1,0,85002,6.9,1.0,9.0,346000
1550,3,2.0,1974,8700,1,0,85003,2.4,7.3,2.6,246000
1070,2,1.5,2015,4400,1,0,85003,7.9,11.5,9.7,198000
3050,4,2.5,1982,3800,1,1,85001,2.5,5.4,6.7,552000
1010,1,1.0,1975,14600,1,0,85001,6.6,13.0,5.5,220000
1870,2,1.0,1987,3800,1,0,85004,2.9,4.1,6.3,291000
1790,3,2.0,1955,9700,1,0,85004,19.5,0.5,9.4,292000
1190,3,2.0,1996,5400,1,0,85005,4.6,6.7,2.7,208000
2140,4,3.0,2010,5300,1,0,85002,6.6,2.5,5.4,396000
1960,5,3.0,1989,5400,1,0,85002,2.5,19.7,8.9,381000
2480,4,2.0,2020,5600,1,0,85002,5.3,2.0,3.4,378000
2510,3,2.0,1981,2200,1,0,85001,6.6,0.5,5.1,412000
2530,4,2.0,1969,2500,1,0,85003,3.0,10.9,5.0,368000
1750,3,2.0,1970,11300,1,0,85001,8.9,6.6,1.0,299000
1040,4,3.0,1974,2100,1,0,85004,2.2,21.5,2.9,220000
2400,1,1.0,1987,5300,1,0,85003,2.5,2.5,2.0,322000
1550,6,2.5,1980,9200,1,0,85004,8.4,0.5,7.5,330000
1940,3,1.0,1991,4500,1,0,85004,18.8,0.7,3.4,289000
1420,3,2.0,1961,7000,1,0,85001,6.3,0.5,1.3,261000
1560,3,2.0,1991,4000,1,1,85003,5.1,8.5,6.2,321000
1720,3,2.0,2019,8400,1,0,85004,8.3,4.7,3.7,330000
1670,4,2.0,1970,2200,1,0,85001,4.5,1.4,2.9,323000
1300,2,1.0,1989,5700,0,0,85005,4.3,2.3,9.4,250000
1920,5,2.0,1980,5000,1,0,85002,17.0,2.7,8.4,307000
1380,3,2.0,1999,3500,1,1,85005,2.5,2.2,2.4,265000
1680,3,1.5,2010,5000,0,0,85001,5.2,0.8,3.2,300000
1520,3,1.0,1989,2000,1,0,85004,15.9,12.2,4.0,202000
2540,4,4.0,1990,4800,0,0,85004,17.3,7.8,6.4,402000
1580,5,2.0,1975,4500,1,0,85001,5.9,6.9,3.1,334000
1070,3,2.0,2004,3300,1,0,85001,22.6,9.0,9.4,218000
990,3,1.5,2005,7100,1,0,85001,6.6,1.9,4.7,273000
3050,3,2.0,2020,3700,1,0,85005,3.2,23.2,8.9,465000
3290,5,2.0,1956,4700,1,0,85003,8.2,1.4,9.6,513000
2070,3,2.0,1985,3500,1,0,85004,14.4,5.5,3.5,321000
1320,5,2.5,1988,1500,1,0,85005,8.7,3.6,2.6,266000
1290,2,2.0,2013,8800,0,0,85001,8.0,0.9,4.4,246000
2130,2,2.0,1973,8600,1,0,85002,6.9,5.7,8.6,359000
2650,3,2.0,1962,5900,1,0,85002,22.4,2.3,6.8,376000
2690,5,2.0,1962,6200,1,0,85005,4.1,0.9,1.7,423000
1370,3,2.0,1991,2300,0,0,85004,4.6,4.7,5.2,194000
1320,3,2.0,2020,4500,1,0,85002,50.0,2.3,9.9,192000
1680,3,2.0,2006,3400,1,0,85002,2.1,7.2,4.3,275000
1840,4,2.0,2015,2400,1,1,85002,3.0,4.2,3.8,365000
1180,4,2.5,1963,3300,1,0,85001,7.1,3.8,9.6,266000
2190,2,2.0,1972,3800,1,0,85002,7.1,14.4,5.2,362000
3460,3,2.0,1999,4300,0,0,85004,6.7,3.4,4.6,497000
3070,4,4.0,1979,9400,0,0,85001,19.1,12.7,7.8,493000
2500,2,2.0,1997,9200,1,0,85003,25.8,2.9,9.8,363000
2830,4,3.0,1995,5000,1,0,85002,33.3,12.5,2.5,360000
1260,4,3.0,2006,2900,1,0,85002,7.3,3.5,8.4,298000
2270,3,2.0,2018,5600,1,0,85004,7.0,9.8,2.3,356000
1520,4,3.0,2013,5000,1,1,85005,10.1,4.4,9.9,341000
1150,4,3.0,2015,4400,1,1,85001,9.8,10.0,6.1,311000
1450,4,2.5,1992,4200,0,0,85004,16.3,1.3,3.4,253000
2000,5,2.5,2009,7400,1,0,85003,3.4,5.0,2.2,378000
1440,2,2.0,1994,14800,1,0,85002,25.5,4.5,5.5,258000
2190,3,2.0,1958,1700,1,0,85001,2.8,9.9,4.0,382000
1720,3,1.5,2020,3900,1,0,85002,6.3,10.4,2.9,246000
1170,3,2.0,1984,2200,1,0,85004,1.7,8.4,1.2,208000
960,5,3.0,1997,8100,1,0,85004,3.2,20.2,5.0,263000
3390,4,2.0,1968,5000,1,0,85004,11.8,1.4,3.6,463000
2820,5,2.5,2018,4700,1,0,85004,9.6,2.9,6.7,449000
1800,4,3.0,1975,3900,1,1,85005,8.5,10.9,1.7,325000
1790,3,2.0,1954,9400,1,0,85005,8.2,1.8,3.7,288000
2150,5,3.0,1970,5000,1,0,85002,50.0,0.8,9.3,332000
1680,2,2.0,2015,3600,1,0,85005,2.3,8.8,6.3,236000
1610,4,2.5,2020,4100,1,0,85001,3.6,27.4,4.1,290000
2020,4,3.0,2013,5600,1,0,85001,8.9,8.6,2.6,324000
2530,4,2.0,1955,5000,1,0,85003,9.5,11.3,2.0,364000
1520,3,1.0,1996,6000,1,0,85003,1.2,4.1,6.3,254000
1310,3,2.0,1991,2900,1,0,85004,9.0,2.4,8.8,262000
1760,4,3.0,2011,5100,0,0,85005,3.9,0.5,6.8,379000
3080,3,2.0,2020,2100,0,0,85004,8.7,5.5,7.1,446000
1720,3,2.0,1989,6500,1,0,85004,4.5,12.8,3.6,314000
2230,2,2.0,2004,7500,1,0,85005,4.2,10.7,3.2,354000
3280,4,3.0,1986,6900,1,0,85002,29.9,4.9,9.7,488000
1700,5,4.0,1957,3700,1,0,85003,5.7,1.2,3.5,295000
1790,4,2.0,1989,4700,0,0,85004,6.4,0.5,6.9,311000
1460,4,3.0,1951,3900,1,0,85004,18.0,4.9,4.4,273000
1990,3,2.0,1995,2600,1,0,85001,13.3,4.8,8.7,369000
1450,3,2.0,1954,5400,1,0,85001,6.8,4.0,4.9,296000
3650,4,2.5,1975,2300,1,1,85002,13.5,11.1,8.1,598000
3460,4,3.0,1957,16700,1,0,85004,19.1,13.3,8.5,500000
1000,5,2.5,2021,6300,1,0,85001,44.1,2.3,1.8,216000
1540,5,3.0,1994,1700,1,0,85005,10.6,19.1,2.7,246000
2820,4,4.0,1968,2900,1,0,85001,37.1,5.3,6.3,404000
1360,3,2.0,1956,6000,1,0,85003,13.7,4.4,3.7,233000
2880,5,2.0,2005,4900,1,0,85005,10.0,25.2,6.7,423000
1130,4,4.0,1968,9200,0,0,85005,3.2,1.7,1.6,225000
1440,5,2.5,2019,5400,1,0,85002,3.0,8.6,9.3,311000
1450,4,2.5,2015,7000,1,0,85003,9.3,13.1,7.3,275000
1590,3,2.0,1962,4600,1,0,85001,10.9,14.7,6.2,283000
1820,2,1.0,1994,2700,1,1,85002,2.1,7.4,9.8,354000
1650,2,2.0,1970,3800,1,0,85005,6.9,15.3,7.5,238000
1340,2,2.0,1973,9600,1,0,85003,7.0,11.1,6.1,213000
1260,5,3.0,1958,5300,1,0,85003,4.1,8.8,6.7,278000
2170,4,3.0,1986,4000,1,0,85004,10.7,0.5,8.9,418000
1490,5,2.0,2022,3800,1,1,85003,8.1,11.4,7.1,339000
2320,3,2.0,1991,3400,1,0,85002,2.1,2.1,6.0,395000
1760,3,2.0,2002,7900,1,0,85004,6.1,1.0,2.6,288000
1800,3,2.0,1997,4000,1,0,85002,9.7,11.6,2.4,330000
1270,5,4.0,1970,6100,1,0,85004,26.9,8.8,8.4,283000
1360,4,2.5,1954,6000,1,0,85002,11.2,1.4,9.4,287000
1810,4,2.5,1971,6400,1,0,85003,3.2,0.5,7.7,326000
1500,3,1.0,1956,4000,1,0,85005,24.9,9.2,9.2,233000
2400,3,2.0,2014,4200,1,0,85001,21.4,9.2,2.7,360000
2530,4,3.0,1959,9100,1,0,85004,16.0,5.6,9.1,400000
1730,4,2.5,2014,17500,1,0,85002,5.1,5.8,5.6,346000
4600,4,2.0,2020,7100,1,0,85002,14.3,2.5,8.1,644000
950,2,2.0,1994,3800,0,0,85004,12.7,0.5,4.1,194000
2120,4,3.0,1977,3900,1,0,85005,2.9,11.2,2.8,398000
2560,3,2.0,1952,7200,1,0,85004,4.7,22.9,7.8,382000
1510,3,1.5,1995,8200,1,0,85002,16.1,14.8,2.7,174000
960,2,2.0,1973,3700,1,0,85002,5.6,17.9,1.9,188000
1180,4,4.0,1975,7300,1,0,85003,3.5,18.6,7.9,215000
1930,3,2.0,1998,3800,1,1,85005,9.5,0.8,3.0,343000
2240,4,2.0,2022,3300,1,0,85005,4.9,2.8,5.9,382000
2760,6,2.5,1975,13200,1,0,85005,5.6,38.2,9.9,498000
1830,3,2.0,2006,3900,1,0,85001,32.5,18.8,6.9,300000
3730,3,2.0,2014,4400,1,1,85001,5.1,0.5,3.4,656000
2340,4,2.0,2023,7500,1,0,85005,19.4,13.8,2.6,268000
2360,3,2.0,1950,3700,1,1,85002,2.7,12.3,2.4,329000
2270,5,2.5,1980,4000,1,0,85004,4.2,0.6,3.8,374000
2490,4,2.5,2021,3400,1,0,85004,9.1,0.5,9.3,437000
930,3,2.0,2011,5800,1,0,85005,1.7,9.3,8.8,214000
1220,5,2.5,2004,2300,1,0,85004,3.1,1.0,7.0,289000
2200,5,2.0,2004,11300,1,0,85002,7.4,30.0,5.7,358000
2210,5,2.5,2001,3600,1,0,85002,16.9,7.2,6.2,338000
1030,3,1.5,1964,9100,1,0,85005,13.4,12.8,9.4,227000
1450,1,1.0,1978,6500,1,0,85004,6.4,4.4,1.2,217000
940,2,2.0,1968,5000,1,0,85005,7.5,1.3,5.3,145000
3350,4,3.0,1993,3300,1,0,85002,4.0,9.7,1.8,474000
1440,4,3.0,2001,3300,1,0,85002,4.5,1.2,4.1,308000
2090,3,2.0,1987,6000,0,1,85004,4.5,17.4,7.2,389000
2330,3,2.0,1990,1900,1,0,85003,6.9,19.0,6.3,363000
1130,5,3.0,2010,2000,1,0,85001,4.8,5.3,8.5,312000
1840,2,2.0,2016,5800,1,0,85005,11.0,2.9,5.4,308000
2000,5,2.5,1967,5200,1,0,85004,2.6,4.5,8.2,371000
2380,2,1.0,2012,2900,0,0,85003,9.4,0.5,3.1,277000
1700,3,2.0,1969,5900,0,0,85002,7.4,8.3,5.0,318000
3370,1,1.0,1970,6000,1,0,85003,20.5,0.5,4.2,402000
910,5,2.0,2020,2800,1,0,85004,50.0,13.2,5.8,113000
1670,5,3.0,1990,4000,1,0,85002,15.6,9.0,1.0,298000
2180,3,2.0,2004,7200,1,0,85005,9.1,15.9,7.0,298000
1630,4,2.0,1962,4100,1,0,85002,6.5,0.9,9.4,318000
1430,4,3.0,1951,2500,1,1,85001,2.1,3.4,8.7,328000
1380,4,2.0,2013,20100,1,0,85001,1.5,9.3,9.8,327000
1810,3,2.0,1985,10500,1,0,85001,7.4,4.6,6.8,325000
1880,5,2.0,1975,2100,1,0,85001,2.8,0.9,9.3,427000
2270,3,2.0,2023,2600,1,0,85005,11.5,5.1,8.3,381000
1890,1,1.0,1955,3600,1,1,85001,10.2,4.8,2.2,274000
1730,3,2.0,1957,2100,1,0,85002,10.2,0.5,8.1,275000
1390,5,2.5,1958,2700,1,0,85002,50.0,2.3,2.5,161000
1310,5,2.5,1990,5000,1,0,85005,9.6,3.2,9.8,298000
1630,6,2.0,1988,6000,1,0,85003,1.5,25.2,7.1,293000
2130,4,4.0,1980,6000,1,0,85001,4.0,6.3,3.2,462000
1100,5,2.0,1964,2500,1,0,85001,8.1,5.5,2.7,236000
2720,4,2.5,1956,5400,0,0,85002,16.1,8.9,1.9,362000
1220,4,2.0,1962,3300,1,0,85003,2.0,5.2,3.4,207000
1190,4,2.5,2023,11300,1,0,85005,8.6,7.0,3.0,267000
1650,5,2.5,2017,10900,1,0,85003,16.1,11.2,3.3,290000
1060,4,2.0,1987,5200,1,0,85002,5.1,12.6,9.3,228000
2230,2,2.0,2022,10600,1,0,85002,22.8,10.0,7.1,333000
2860,6,2.0,1950,14900,0,0,85002,9.2,32.0,6.5,382000
1510,4,2.5,2007,5300,1,0,85003,5.4,3.1,8.4,255000
1060,3,1.5,2007,3800,1,0,85002,13.2,4.7,7.2,202000
1630,6,2.0,1996,2500,1,0,85003,6.8,21.0,1.9,319000
1430,3,2.0,1954,2900,1,0,85001,21.1,20.1,3.2,196000
3470,4,2.0,1996,6500,0,0,85005,3.2,2.2,3.3,491000
1010,3,2.0,1972,3600,1,0,85003,3.6,1.1,9.7,233000
1220,4,2.5,1962,5800,0,0,85002,4.2,14.6,8.0,218000
2020,2,2.0,1996,4900,1,0,85005,2.9,29.0,8.1,288000
1250,4,2.5,1997,5500,1,0,85003,5.1,12.0,4.2,230000
2020,3,2.0,1964,9700,0,0,85004,4.8,21.6,9.5,312000
1410,4,2.5,1955,12700,1,0,85005,7.8,16.4,10.0,248000
1200,3,2.0,1999,5100,1,0,85004,2.7,7.0,2.4,243000
1950,6,3.0,1980,4400,1,0,85005,1.1,2.1,7.8,412000
2680,5,2.0,1985,3200,0,0,85001,9.5,0.9,3.1,428000
2140,3,2.0,2007,8800,1,1,85002,2.6,3.8,4.4,353000
1180,4,2.5,2009,4700,1,1,85005,5.8,4.2,5.0,241000
1870,4,2.5,1955,13300,1,1,85001,2.2,12.7,2.2,377000
1330,2,2.0,2021,6400,1,0,85002,8.8,9.7,8.8,230000
2500,3,2.0,1994,4000,0,0,85001,2.8,9.5,6.3,417000
1440,3,2.0,2015,3400,1,0,85004,17.3,7.2,5.7,252000
1790,5,2.0,2001,6500,0,0,85004,4.2,15.6,3.9,264000
1520,3,2.0,1951,3700,1,0,85001,7.7,0.9,1.9,280000
1180,3,2.0,1972,4600,1,0,85003,2.4,8.8,8.5,242000
1670,4,2.0,1959,6000,1,0,85005,13.8,2.4,7.0,325000
1950,3,2.0,1970,8300,1,0,85001,5.0,9.6,8.4,352000
2370,4,2.0,1983,15600,1,1,85002,13.9,12.0,9.4,416000
2720,4,2.0,2009,7500,1,0,85004,6.5,19.5,6.2,434000
1820,2,2.0,1954,3300,1,1,85002,5.1,3.2,1.6,287000
1900,3,2.0,1979,10900,0,0,85001,12.6,5.6,8.2,375000
1590,3,2.0,1956,6300,1,1,85001,5.7,9.8,8.9,355000
3160,3,2.0,2010,6800,1,0,85001,13.2,8.1,2.2,494000
2340,3,2.0,1994,6700,0,0,85004,50.0,4.9,3.5,244000
1710,5,4.0,1963,3200,1,0,85003,18.3,25.5,4.6,271000
1560,1,1.0,2000,2600,0,0,85004,9.0,24.5,4.1,234000
2800,3,2.0,1980,4900,1,1,85005,7.3,7.4,1.4,395000
2400,4,3.0,1965,6800,1,0,85005,7.9,7.9,8.6,388000
2440,2,2.0,2015,3400,1,0,85005,2.3,18.4,2.5,345000
2490,3,2.0,1964,4400,1,0,85005,4.8,15.4,5.1,405000
1560,3,2.0,1978,2500,1,0,85001,16.9,6.6,5.3,248000
2370,4,3.0,1984,3300,1,0,85004,26.4,1.9,7.5,384000
3350,2,2.0,1952,9100,0,0,85001,6.9,17.4,3.1,411000
2130,4,3.0,2015,4900,1,0,85005,9.6,3.9,2.3,324000
1520,4,4.0,1950,2800,1,0,85003,2.1,2.3,6.7,273000
3670,3,2.0,2019,1600,1,0,85003,11.3,5.4,8.1,550000
2050,3,1.5,2010,6500,1,0,85004,4.2,5.7,3.9,305000
1920,4,2.0,1991,12000,1,0,85003,10.3,4.7,3.6,319000
2540,4,3.0,1958,9100,1,0,85005,4.3,19.6,5.0,392000
2580,4,2.0,1966,2200,0,0,85003,4.6,2.6,1.5,327000
1840,5,3.0,2002,7600,1,1,85004,8.6,9.0,4.7,361000
1390,4,2.5,1971,4900,1,0,85003,5.9,15.7,8.4,289000
1210,3,2.0,1974,4800,1,0,85002,7.3,1.8,5.1,248000
1540,1,1.0,1989,11700,1,0,85001,2.4,9.1,5.9,231000
1340,4,2.5,1967,8100,1,0,85005,6.8,0.7,2.9,288000
3180,2,2.0,2022,6500,1,0,85004,4.2,6.1,4.5,446000
2370,4,2.0,2000,4200,1,0,85004,3.1,1.5,8.2,425000
1770,5,3.0,2017,10300,1,1,85001,2.5,11.6,6.1,395000
2010,2,2.0,1964,4700,1,0,85005,17.5,18.9,8.6,345000
3550,4,2.5,1960,7600,1,0,85003,3.9,1.8,1.3,496000
1750,4,3.0,1992,9100,1,0,85005,7.0,3.6,1.4,296000
1530,3,2.0,1951,2200,1,0,85001,6.0,11.5,9.4,289000
1360,4,3.0,2009,6500,1,0,85002,11.7,4.8,1.2,265000
1670,4,2.0,2010,5300,1,0,85005,25.9,4.8,2.2,265000
1840,3,2.0,2023,17200,1,0,85002,33.2,5.1,6.2,269000
1430,3,2.0,1987,4000,0,0,85003,2.0,1.4,6.5,241000
700,3,2.0,1965,14000,0,0,85005,12.9,1.0,9.1,105000
1100,5,3.0,1967,10400,1,0,85001,1.2,6.7,7.3,315000
2020,4,2.0,1962,5100,1,0,85001,19.2,11.1,4.3,347000
900,4,2.5,1993,4000,1,0,85001,6.9,3.2,9.4,282000
960,3,1.5,1983,3700,0,1,85001,5.0,15.4,1.2,217000
1930,5,4.0,1992,5800,1,0,85002,19.2,16.3,4.7,308000
1590,3,2.0,2008,10000,1,0,85003,9.3,3.4,9.2,300000
1500,4,2.5,1999,5800,0,0,85003,4.1,30.3,2.6,226000
2690,3,2.0,1950,5600,1,0,85003,5.0,30.3,7.5,372000
3720,5,2.5,1991,15800,1,0,85001,3.4,32.2,7.2,614000
1970,6,2.0,1989,7100,1,0,85001,12.0,8.7,2.1,375000
1380,5,2.0,2008,3800,1,1,85005,15.0,8.8,2.1,258000
2970,5,2.0,1993,6500,1,1,85004,26.0,10.3,10.0,491000
2650,3,2.0,1952,2800,1,0,85005,6.5,50.0,1.8,307000
2520,3,1.0,2011,3300,0,0,85004,5.9,16.4,7.2,357000
1690,2,2.0,1972,9100,1,0,85001,11.8,3.0,9.9,297000
970,6,2.0,1974,6100,1,0,85002,2.8,4.5,4.4,255000
1660,4,2.0,1976,4800,1,0,85005,13.1,18.4,8.6,296000
1280,4,4.0,2003,1500,1,0,85002,21.6,3.0,7.0,292000
2570,5,2.5,1965,6700,1,1,85004,13.6,1.9,4.2,445000
880,3,2.0,1973,7200,1,0,85002,9.4,19.0,9.9,217000
1120,2,2.0,2000,16100,1,0,85002,7.9,8.9,9.4,232000
1930,4,4.0,2005,3500,1,1,85005,6.2,5.2,6.0,361000
2010,4,2.0,2000,7400,1,0,85005,29.8,13.3,9.5,330000
1390,3,1.5,1993,2300,1,0,85004,9.1,0.7,9.8,290000
1910,3,2.0,1974,2500,1,1,85004,5.4,5.3,2.6,328000
1960,4,2.5,1990,7800,0,0,85002,15.1,7.1,7.7,290000
3270,4,3.0,2007,3600,1,0,85004,3.2,8.1,9.4,502000
1730,2,2.0,1997,2700,0,0,85002,3.3,2.4,9.9,284000
1210,3,2.0,1990,4000,0,1,85001,5.3,10.6,8.2,191000
1210,4,2.0,1991,2500,0,0,85003,4.7,0.5,6.2,217000
1170,4,2.5,1967,4300,1,0,85003,2.5,4.6,3.2,253000
3230,4,2.5,2008,7300,0,0,85005,6.4,0.5,1.1,433000
1570,4,4.0,1993,4400,1,0,85005,6.0,5.2,8.8,265000
1830,3,2.0,2010,3800,1,0,85002,6.8,0.7,3.7,279000
3030,4,2.0,2017,4800,1,0,85004,27.6,23.8,5.1,424000
1900,3,2.0,2004,2200,1,0,85005,8.1,7.6,6.6,318000
1040,3,2.0,1956,5500,1,0,85005,11.2,23.3,2.5,172000
1770,4,2.0,1957,5900,1,0,85001,2.9,6.8,2.1,340000
2050,5,3.0,1976,2400,1,0,85001,16.3,11.4,7.8,414000
1260,4,2.0,1976,5300,1,0,85005,7.4,11.6,2.9,260000
1890,3,2.0,1955,6200,1,1,85003,14.0,19.7,8.1,311000
2500,4,4.0,2006,7500,1,0,85005,10.2,3.6,4.8,393000
1010,5,2.0,1990,5100,1,0,85001,10.6,10.4,5.1,237000
1420,3,2.0,2019,7400,1,1,85003,2.0,7.9,7.4,273000
1860,2,2.0,2023,6000,0,1,85004,15.2,0.6,9.8,315000
680,4,2.0,1968,4400,1,0,85005,14.0,14.3,3.5,129000
1070,3,2.0,2022,8000,0,0,85004,10.8,20.9,2.0,167000
1680,3,2.0,1991,9100,1,0,85004,16.5,4.5,5.8,270000
1240,4,2.0,1983,4300,1,0,85001,9.0,3.6,9.9,290000
890,4,2.5,1990,2400,1,0,85001,2.4,10.1,2.1,206000
3990,4,3.0,1956,3900,1,0,85004,18.8,3.2,8.1,555000
1270,4,2.5,1974,5200,0,1,85005,13.3,2.9,7.3,274000
1780,3,2.0,1964,2600,1,0,85002,3.3,0.8,3.4,343000
1580,3,2.0,1977,3400,1,0,85003,2.9,1.7,7.3,299000
1930,4,2.0,1992,11100,1,0,85004,5.9,6.0,7.6,347000
1710,3,2.0,1984,1900,1,0,85003,2.5,22.8,3.9,228000
2320,2,2.0,1975,4300,0,0,85002,29.4,2.9,8.4,312000
1790,3,2.0,1977,8500,1,0,85005,15.0,11.5,9.5,307000
1830,4,2.0,1986,6100,1,1,85002,4.4,9.3,3.1,315000
1820,3,2.0,1958,13900,1,0,85003,16.6,2.2,9.2,326000
1130,5,2.5,1951,6900,1,1,85005,5.4,7.4,7.2,300000
1410,4,2.5,2000,8200,1,0,85004,9.9,8.6,3.3,232000
2080,3,2.0,1972,2400,0,0,85001,7.4,4.1,6.4,356000
1220,4,2.5,2010,27400,1,0,85005,25.2,23.8,1.2,153000
2000,3,2.0,1974,8900,1,1,85001,8.0,10.3,2.7,368000
1050,3,2.0,2022,3400,0,0,85004,12.8,2.3,3.4,171000
1710,5,2.5,1989,5200,0,0,85004,3.3,3.8,4.9,320000
2680,5,2.0,1961,2600,1,0,85001,5.6,5.1,6.5,477000
940,3,2.0,1978,2600,1,0,85002,3.5,3.5,5.1,207000
1570,4,2.0,2017,11500,0,0,85002,5.0,3.7,2.2,259000
1500,4,3.0,1962,2500,0,0,85005,4.2,19.5,8.6,267000
2360,3,2.0,1987,5600,1,0,85005,14.1,2.6,6.7,357000
1650,2,2.0,1963,7700,1,1,85001,4.3,0.7,9.1,357000
1800,4,3.0,1988,3900,1,1,85003,12.1,15.8,9.3,323000
2200,3,2.0,1993,2000,1,0,85002,5.1,1.3,6.6,407000
2550,3,1.5,1961,3900,1,0,85005,1.4,3.5,6.0,408000
2310,4,2.0,1966,3300,1,0,85003,6.6,4.7,8.8,373000
1200,4,3.0,2001,4200,1,0,85004,8.0,28.9,3.5,202000
2620,3,2.0,1952,4200,1,0,85003,7.9,3.6,2.1,338000
1840,5,3.0,1964,6700,1,0,85003,6.7,5.9,6.9,329000
1100,5,4.0,1981,3700,0,0,85002,9.2,6.1,7.9,262000
2290,4,3.0,1962,3900,1,0,85005,17.8,10.0,6.0,335000
910,4,2.0,1984,4700,0,0,85002,2.8,7.0,7.4,184000
2540,3,2.0,2019,6900,1,0,85002,7.0,1.0,3.7,390000
1090,4,3.0,1969,3800,1,0,85003,6.2,4.3,5.9,240000
1600,3,2.0,1990,4900,1,0,85001,8.8,20.8,2.1,246000
3950,3,1.5,1977,10500,1,0,85002,2.2,5.1,9.7,630000
1030,3,2.0,1950,5000,1,0,85005,3.4,4.6,2.7,176000
1370,3,2.0,1955,7200,1,0,85001,5.5,7.7,5.4,259000
2030,3,2.0,1972,6600,1,0,85002,4.7,19.4,6.8,297000
3760,4,2.0,1974,12100,1,0,85005,12.9,1.1,3.2,517000
2420,3,2.0,2005,3400,0,0,85004,5.1,6.5,8.3,377000
1610,5,3.0,1984,3400,0,0,85005,8.5,9.5,9.3,333000
1190,4,4.0,1982,8300,1,1,85003,50.0,3.2,7.8,171000
2000,2,2.0,2001,4300,1,0,85002,7.2,2.0,4.5,334000
3690,5,2.5,1956,1900,1,0,85003,9.1,14.4,2.0,531000
1470,4,2.0,1988,7500,1,0,85005,7.9,26.9,1.6,238000
1680,4,2.0,1985,11100,1,0,85002,17.4,7.7,3.3,267000
2020,5,2.0,1972,6800,1,0,85005,7.0,7.8,7.9,365000
2300,5,3.0,1972,7700,1,0,85001,2.9,7.1,9.8,427000
1720,3,2.0,2011,7900,1,0,85002,16.4,2.3,3.3,245000
2370,5,3.0,1950,5600,1,0,85003,17.2,13.0,1.9,378000
1530,3,2.0,1985,4200,1,0,85003,8.4,4.9,4.5,248000
1700,5,4.0,1998,4800,1,1,85005,7.2,32.0,1.9,342000
2140,3,1.5,2001,3500,1,0,85005,2.9,10.4,4.7,316000
3380,4,2.5,1958,5300,1,0,85004,6.2,3.5,3.8,530000
1130,4,2.0,1990,3900,1,0,85001,2.0,1.6,5.9,284000
2580,4,2.5,1962,4400,0,0,85003,4.0,2.1,2.6,338000
1460,2,2.0,2023,4000,1,0,85001,11.0,8.3,8.6,279000
1760,6,2.5,2004,6100,0,0,85003,23.5,3.1,2.5,271000
1440,4,3.0,1958,5400,0,0,85004,15.2,13.3,7.0,241000
1310,4,4.0,1951,5800,1,0,85005,9.2,5.1,6.4,272000
2920,4,3.0,1957,5800,1,1,85005,6.7,5.0,2.1,474000
2210,4,3.0,1987,16400,1,0,85003,1.8,9.4,9.1,415000
1630,3,2.0,1991,5300,1,0,85001,9.2,5.4,7.3,320000
1260,4,2.5,2006,5000,0,0,85001,17.6,0.5,3.5,270000
1580,3,2.0,1977,5300,1,0,85004,13.1,8.0,7.6,276000
2980,5,2.5,1972,6300,1,1,85004,14.7,14.6,3.5,514000
2680,4,2.0,1983,6300,1,0,85002,10.9,8.9,3.0,419000
1520,2,2.0,1952,6300,1,1,85005,7.1,0.7,3.7,250000
1580,4,4.0,1967,3700,1,0,85002,5.0,0.6,5.4,280000
2590,5,2.5,1972,4200,1,1,85003,2.9,0.5,6.6,488000
1540,4,2.0,2021,4600,1,1,85001,12.9,29.8,4.5,267000
1540,4,2.5,1994,1800,1,0,85005,7.4,10.4,6.8,263000
1790,2,2.0,1972,9100,1,0,85005,9.3,10.2,8.9,286000
4480,4,3.0,1951,6400,1,0,85002,19.4,10.8,6.8,628000
850,3,2.0,1983,11400,1,0,85005,4.3,6.8,5.0,177000
1210,4,4.0,1990,2700,0,0,85003,9.1,1.7,2.6,234000
2240,3,1.5,1973,3500,1,0,85002,6.4,1.7,7.5,336000
2010,3,2.0,1951,6200,1,0,85005,5.2,4.6,8.4,318000
1060,4,2.0,1969,3000,1,0,85001,1.9,4.2,9.3,287000
1380,5,3.0,1977,3300,1,0,85003,4.7,10.7,7.3,267000
2940,3,1.5,1968,3500,1,0,85003,8.9,2.8,3.2,422000
2190,3,2.0,1977,4500,1,0,85001,2.1,4.7,7.4,419000
1470,3,1.5,2009,2600,1,0,85001,11.9,13.8,3.8,283000
1830,4,3.0,2004,8900,0,0,85005,21.9,1.3,1.2,211000
1820,4,4.0,1958,1900,1,0,85002,5.8,1.2,4.2,341000
920,3,2.0,2002,1500,1,0,85003,1.1,8.6,2.4,187000
2630,3,2.0,2021,6600,0,0,85001,5.8,2.9,7.6,412000
990,4,2.0,2013,2900,1,0,85001,3.6,17.0,1.1,223000
580,3,2.0,1975,7500,1,0,85005,4.2,8.6,1.8,113000
1590,4,4.0,1967,3500,1,1,85004,15.8,2.9,8.0,310000
1540,4,3.0,1963,3100,1,0,85003,23.5,7.6,6.6,266000
2310,2,2.0,2003,3400,0,0,85005,7.8,7.1,1.3,307000
840,3,2.0,2006,7800,1,0,85002,3.8,6.9,9.3,248000
2500,5,2.5,1985,3300,1,0,85005,12.0,4.3,3.9,419000
1320,3,2.0,1967,5100,1,0,85004,18.3,2.2,5.9,208000
1580,6,2.0,1987,4100,1,0,85005,6.7,4.3,1.9,308000
2380,3,1.0,1997,6700,1,0,85004,7.0,2.0,4.3,359000
1620,4,2.5,1963,2000,1,0,85004,17.8,6.9,5.1,264000
1200,3,2.0,1954,3900,1,0,85002,15.7,5.2,5.6,201000
1590,4,2.0,2021,3400,1,0,85001,3.3,4.7,5.6,315000
2010,3,2.0,1981,4700,1,0,85001,8.6,9.0,9.7,366000
1430,4,2.0,1957,3300,0,0,85004,5.2,17.3,10.0,232000
2290,5,2.0,1958,5000,1,0,85004,2.4,2.8,9.0,398000
2690,3,2.0,1956,2700,1,0,85004,7.3,2.3,7.8,427000
2050,2,1.5,1993,2100,1,1,85002,16.0,13.2,1.6,301000
2040,4,3.0,1986,2800,1,0,85003,8.4,5.1,4.4,355000
1690,5,3.0,1969,2100,1,0,85005,20.0,5.8,9.4,300000
1730,5,3.0,1963,1500,1,0,85003,12.2,2.0,3.6,269000
1280,4,2.0,2021,6400,1,1,85001,9.6,0.5,5.4,298000
1120,3,2.0,2001,5200,1,0,85005,7.0,13.9,3.9,171000
3370,3,1.5,2002,10900,1,0,85003,4.7,11.4,7.1,544000
1800,4,2.0,1977,4100,1,0,85004,43.5,14.5,2.5,240000
1390,3,2.0,1973,6200,1,0,85005,3.6,4.0,7.5,299000
3090,3,2.0,1962,4400,1,0,85001,18.0,3.8,1.3,439000
2080,3,1.0,2009,5400,1,0,85003,3.1,0.5,6.2,364000
1080,4,2.0,1988,10900,1,0,85001,4.7,0.5,8.4,296000
2240,6,2.0,2019,4100,1,0,85005,3.0,1.1,7.8,404000
1830,4,3.0,1955,5400,1,0,85004,13.9,25.0,6.0,304000
1570,3,2.0,1952,6700,1,1,85002,5.2,1.1,9.1,285000
1080,4,2.5,1981,4100,1,0,85004,12.5,4.9,8.8,266000
1610,1,1.0,1957,8600,1,0,85001,4.9,1.1,3.6,208000
2470,3,2.0,1955,5900,1,0,85003,10.1,3.4,6.1,372000
1600,3,2.0,2018,2900,0,0,85004,6.7,3.2,5.8,249000
1930,4,3.0,1990,10200,1,0,85003,9.8,11.7,1.5,305000
1970,5,2.5,2018,8400,0,0,85001,2.0,5.4,9.1,403000
5170,3,2.0,1993,3000,1,0,85005,6.8,8.3,5.6,711000
1940,2,2.0,2012,4000,1,0,85001,14.6,10.1,3.3,343000
1800,4,3.0,1994,9800,1,0,85005,3.6,3.0,8.2,367000
1260,3,2.0,1997,5300,0,1,85004,9.5,2.6,8.5,239000
1900,2,2.0,2007,5600,1,0,85004,19.2,7.3,3.5,279000
1700,3,2.0,2015,5800,1,0,85002,3.3,15.3,4.3,307000
2590,4,2.5,1965,6100,1,0,85005,8.9,11.3,4.0,406000
3750,5,2.5,1995,3600,1,0,85003,21.2,4.0,5.0,566000
1130,3,2.0,1959,5100,1,0,85001,7.6,6.2,5.9,255000
1870,4,2.0,2010,8500,1,0,85004,5.6,14.5,1.3,296000
2910,5,2.5,2015,4800,1,1,85001,11.6,1.2,3.9,496000
1740,3,2.0,2007,6600,1,1,85001,13.4,15.1,4.4,345000
2600,3,1.5,2021,8200,1,0,85005,25.8,0.8,2.2,358000
2100,4,3.0,2006,3000,1,0,85002,4.0,1.4,4.3,340000
1810,4,2.0,1995,3100,1,1,85004,17.3,8.0,1.1,315000
2200,4,3.0,2009,6800,0,0,85003,3.1,0.9,9.6,414000
1270,2,2.0,1960,4600,0,1,85003,4.4,0.5,3.8,171000
2320,3,2.0,1959,4800,1,0,85004,12.3,8.3,3.8,296000
940,3,2.0,1991,3000,1,0,85002,6.0,1.4,1.9,155000
5190,4,4.0,1972,3800,1,0,85002,3.8,7.9,2.3,722000
2340,3,2.0,2017,5400,1,1,85004,24.0,0.6,7.8,334000
1590,6,3.0,1970,9000,1,0,85001,1.2,0.5,6.4,380000
2090,3,2.0,1958,7900,1,1,85002,1.2,3.8,3.0,353000
1250,5,2.0,1991,4400,1,0,85004,24.4,0.5,8.2,232000
3170,4,3.0,1975,2900,1,0,85004,50.0,39.8,3.2,385000
1870,3,2.0,2000,4300,1,0,85002,16.4,1.0,7.9,298000
2290,3,2.0,1972,7300,0,0,85002,2.9,17.6,5.3,323000
1340,6,2.0,1954,7800,1,0,85002,5.2,0.5,6.4,262000
3040,3,2.0,1973,4400,1,0,85005,4.2,19.7,9.4,493000
940,4,2.0,1996,7600,1,0,85003,8.7,4.5,4.3,128000
1540,4,3.0,2008,11500,1,0,85003,17.5,3.1,6.9,239000
2350,5,2.5,1995,6800,1,0,85001,12.7,0.5,4.4,431000
1330,4,3.0,1998,6700,1,0,85002,11.9,0.8,5.1,275000
1570,3,2.0,2013,5000,0,0,85001,3.0,23.2,5.2,251000
2100,2,2.0,2010,3100,0,0,85004,2.3,14.0,5.5,327000
1820,3,2.0,1987,3600,1,0,85001,25.7,1.0,1.8,256000
1050,3,1.5,2014,2700,1,0,85001,2.3,21.0,5.2,276000
2280,4,2.5,1960,2600,1,0,85003,7.8,3.0,3.1,344000
1650,3,2.0,1990,2400,1,0,85004,30.1,27.1,6.1,192000
2850,3,2.0,1955,13600,0,0,85003,1.4,13.4,9.6,442000
2020,4,3.0,2015,6200,1,0,85005,2.1,10.9,3.0,323000
1340,4,2.0,1993,4000,1,0,85002,13.7,4.5,5.1,255000
2690,3,2.0,1967,3400,0,1,85004,8.0,6.6,5.2,420000
1110,4,2.0,1993,4800,1,0,85005,5.8,4.8,3.3,245000
1120,4,2.0,1989,6900,0,0,85005,8.6,2.1,3.0,239000
2490,3,2.0,1987,8900,1,0,85005,5.3,5.0,9.9,404000
1900,3,1.0,1983,3100,1,0,85003,21.4,15.2,1.8,230000
1620,4,2.5,2020,5000,0,0,85004,21.0,0.6,7.7,284000
1450,3,1.5,2009,3800,1,1,85003,3.4,0.5,9.5,340000
2250,4,2.5,1958,2400,1,0,85001,19.6,12.5,4.8,308000
3060,3,2.0,2001,3000,1,0,85005,13.3,1.6,7.2,439000
1390,4,3.0,2009,3800,1,0,85004,2.7,0.6,5.0,260000
1880,2,2.0,1981,5700,1,0,85003,16.4,23.8,9.4,285000
2480,3,2.0,1975,6700,1,0,85001,20.9,0.5,8.6,408000
1740,2,2.0,2002,7600,1,1,85004,19.5,10.4,7.4,296000
1760,4,2.5,1993,6600,1,0,85002,8.6,5.8,5.4,307000
2340,3,2.0,1951,14000,1,0,85004,1.6,1.6,9.0,361000
1330,5,3.0,1984,3400,1,0,85002,50.0,14.6,3.5,173000
2230,5,3.0,2007,4000,1,0,85003,21.1,3.4,3.1,300000
1400,3,2.0,1986,5800,0,0,85003,16.0,7.7,3.0,192000
1510,4,3.0,1971,4000,0,0,85004,11.5,2.6,1.9,252000
1480,4,2.5,1950,6600,0,0,85002,12.9,10.1,6.0,198000
1780,3,2.0,1976,6300,1,0,85005,9.1,1.1,6.6,306000
2090,2,1.0,1990,2400,1,0,85005,4.1,20.2,2.3,261000
1350,3,2.0,1960,6400,1,0,85001,16.1,1.6,5.7,221000
2200,4,3.0,1960,3000,1,0,85001,8.6,1.4,4.4,401000
2560,4,3.0,2003,7300,1,0,85005,2.9,9.9,4.8,422000
2630,5,3.0,2001,5300,1,0,85005,4.4,3.2,1.3,423000
2090,3,2.0,2023,5400,1,0,85001,9.2,0.5,8.5,389000
2450,3,2.0,1960,2700,1,0,85001,16.1,3.8,3.7,378000
2520,4,3.0,2021,4900,0,0,85005,3.3,3.7,8.5,410000
1650,3,2.0,2004,3400,1,0,85005,4.0,3.5,5.4,332000
2480,3,2.0,1982,4100,1,0,85003,23.4,4.7,7.7,347000
1230,4,2.5,1953,6400,1,0,85005,13.7,6.3,2.1,202000
2110,4,2.0,1982,5300,1,0,85005,4.4,0.8,5.0,373000
2300,4,3.0,1987,8400,1,0,85005,1.1,18.2,7.0,402000
2690,3,2.0,1950,8100,1,0,85005,6.4,6.8,9.0,397000
2200,4,2.0,1956,2400,1,0,85005,4.5,6.6,1.1,337000
2390,4,3.0,2010,3800,1,0,85002,2.5,14.0,7.5,412000
2060,2,1.0,1995,6800,1,0,85005,3.3,3.7,1.7,299000
830,4,3.0,2021,11500,1,1,85003,5.3,2.0,7.5,246000
1660,6,3.0,2020,8100,1,1,85002,2.8,6.5,1.2,379000
2940,4,2.0,1954,6300,1,1,85003,12.1,9.4,2.3,408000
1810,5,3.0,2022,4400,1,0,85005,7.2,8.4,2.3,268000
1830,4,2.0,2013,6500,1,0,85002,16.6,5.0,1.8,298000
2080,5,2.5,1970,2400,1,0,85003,7.1,7.7,3.9,335000
2100,3,2.0,1984,3800,1,0,85004,12.2,7.8,1.8,331000
2170,3,2.0,2013,2900,1,0,85005,2.7,13.3,7.5,388000
3130,5,3.0,2003,10900,1,0,85001,1.6,3.3,6.0,567000
1580,4,2.0,2012,6500,0,0,85005,6.9,9.4,6.9,240000
2640,3,2.0,1957,2800,1,0,85004,15.7,8.3,1.9,341000
2140,2,2.0,1953,6600,1,0,85001,6.0,1.5,2.7,379000
2200,3,2.0,1969,5200,0,0,85005,19.2,10.6,9.6,308000
1510,3,2.0,1984,3100,1,0,85005,4.7,11.5,7.8,214000
3220,3,2.0,2015,4900,1,0,85002,5.5,12.0,7.6,475000
2030,4,2.0,1965,1900,0,0,85001,2.9,8.6,8.1,360000
1200,2,1.5,1953,4300,0,0,85005,6.9,2.2,6.5,204000
1920,2,1.5,1986,5400,1,0,85002,10.4,11.4,6.5,257000
1680,2,2.0,2022,4800,1,0,85005,8.9,22.0,1.1,210000
1290,3,2.0,2022,5300,1,0,85004,2.7,0.6,1.0,235000
2260,1,1.0,1972,3700,0,0,85004,16.9,6.1,2.0,309000
1530,5,3.0,1979,3600,1,0,85004,13.9,9.2,5.7,291000
1180,3,1.5,1951,9200,1,0,85001,9.5,11.4,5.4,231000
1930,4,2.0,1959,2100,1,0,85003,13.5,2.7,2.1,314000
1970,3,2.0,1987,16600,1,0,85005,7.9,19.8,9.5,341000
2080,4,2.0,1980,10900,1,0,85004,6.8,1.9,9.7,352000
1310,3,1.5,2009,7400,0,0,85003,7.8,3.6,5.2,244000
1170,3,1.5,1978,5200,0,0,85002,10.9,12.2,9.1,203000
1490,4,3.0,1996,12300,1,0,85004,3.6,0.7,8.0,298000
1720,3,2.0,1994,3700,1,0,85001,3.2,0.5,8.5,375000
1140,3,2.0,1987,9300,1,0,85001,8.5,1.1,8.8,279000
1830,3,2.0,2004,3600,1,0,85001,12.0,0.9,1.7,339000
1660,6,2.0,2011,4400,1,0,85005,5.2,6.8,7.6,381000
2900,5,3.0,2006,8200,1,0,85002,11.1,0.9,3.1,420000
1110,3,2.0,1957,8100,1,0,85004,4.5,3.6,5.0,213000
1310,5,3.0,2003,7100,1,0,85002,3.1,1.7,7.3,299000
1010,3,2.0,2017,2200,1,0,85003,10.4,31.7,4.0,181000
750,3,2.0,2002,6400,1,0,85004,6.0,0.5,4.3,141000
2090,3,2.0,2023,3800,1,1,85001,26.1,13.0,8.0,364000
1980,5,2.0,1997,5600,1,0,85004,8.3,28.1,9.2,362000
1290,4,3.0,2016,5400,1,0,85002,14.3,25.2,8.5,218000
2230,2,2.0,2016,3100,1,0,85005,4.1,17.8,7.2,351000
1910,4,3.0,1950,5500,1,0,85003,1.9,1.1,7.8,342000
1790,3,1.5,1956,5000,1,0,85004,24.1,0.7,1.7,212000
1330,3,2.0,1965,9700,1,0,85001,12.5,2.1,7.6,309000
1610,3,2.0,1992,4900,1,0,85004,18.7,7.7,8.9,288000
1310,3,1.5,1994,5200,1,0,85005,5.3,0.8,7.4,274000
2120,3,1.5,1975,4400,1,0,85001,4.7,5.2,7.6,396000
1510,5,2.5,1966,7400,1,0,85005,5.2,3.1,7.9,326000
2000,3,2.0,2007,7000,1,0,85004,11.4,4.7,1.5,285000
3010,5,2.5,1982,6300,1,0,85003,17.9,10.0,5.6,484000
1820,3,2.0,1962,4500,0,0,85004,4.5,2.2,6.0,267000
2070,4,3.0,2001,12900,1,0,85005,6.9,12.0,1.2,334000
3830,4,2.0,2017,3300,1,0,85001,8.7,4.1,4.9,583000
1090,3,2.0,2021,2700,1,0,85004,2.9,4.0,8.3,246000
1450,3,2.0,1977,8400,1,0,85005,3.3,0.8,4.3,262000
2970,4,2.5,1963,4600,1,0,85002,12.7,1.9,9.1,472000
1100,3,2.0,1970,6800,1,0,85001,50.0,6.5,6.2,160000
1850,5,3.0,1957,3200,1,0,85005,0.9,1.4,2.8,332000
1840,4,3.0,1956,3700,0,0,85001,4.0,6.0,7.7,337000
1260,4,3.0,1963,3000,0,0,85002,3.5,4.4,9.3,236000
1260,4,4.0,1964,13600,1,0,85004,6.2,20.8,2.9,247000
2230,4,2.5,1988,3700,0,0,85002,14.9,3.2,3.2,328000
1950,5,2.0,2013,5600,0,0,85004,8.5,4.8,8.8,346000
1950,5,2.5,1990,2800,1,0,85001,3.0,24.4,1.3,336000
1560,5,2.5,1972,3900,1,0,85003,3.7,13.3,3.4,292000
2600,6,4.0,2017,4600,1,0,85001,38.8,11.7,8.2,398000
2360,3,2.0,1961,3000,1,0,85001,4.2,11.3,2.0,389000
1680,4,2.0,2011,2400,1,0,85002,0.7,3.1,7.1,309000
1400,3,1.0,1950,2400,1,0,85001,5.7,26.1,7.9,266000
2150,5,3.0,2005,9100,1,0,85001,5.2,20.3,3.7,417000
1180,4,2.0,2012,7400,1,0,85001,2.4,7.6,1.4,265000
2530,5,2.5,1975,3600,0,0,85003,10.3,6.0,2.3,378000
2130,5,2.5,2018,3300,1,0,85002,1.9,1.1,1.9,381000
1630,3,2.0,1972,1500,1,0,85003,9.2,5.3,5.2,232000
2090,3,1.5,2001,3200,1,0,85003,2.0,8.1,8.6,357000
1420,3,2.0,2002,5600,1,0,85003,14.0,3.2,9.2,218000
1200,4,3.0,2019,2300,1,0,85004,25.0,9.4,7.8,229000
1480,4,3.0,1963,3400,1,0,85002,4.2,1.9,3.4,277000
1810,2,2.0,2020,8800,1,0,85005,3.0,5.3,9.1,329000
1260,3,2.0,2005,15800,1,0,85005,10.8,1.9,9.7,270000
2280,5,2.0,2000,3500,1,0,85001,7.2,2.6,6.2,465000
1440,3,2.0,1991,4900,1,0,85004,5.0,2.5,4.8,279000
1480,4,3.0,1979,4500,1,0,85001,2.3,9.8,5.6,324000
2840,3,2.0,2015,4900,1,0,85004,4.8,7.0,2.0,372000
1720,4,4.0,1962,3000,1,0,85001,24.9,16.0,6.0,321000
1790,4,3.0,2001,12800,1,0,85005,19.4,4.2,3.1,267000
2250,4,3.0,1953,4300,1,0,85002,6.3,5.1,8.1,384000
1880,4,2.0,2002,3000,1,0,85002,7.8,0.5,3.0,335000
1740,4,2.0,1961,1500,1,0,85001,16.9,1.9,4.3,316000
2380,3,2.0,1999,3700,1,0,85002,5.3,11.8,1.6,326000
1600,5,2.0,1974,8300,1,0,85005,5.1,7.9,8.4,326000
1940,5,3.0,2009,7100,0,0,85002,3.2,0.8,1.1,302000
1650,4,2.0,1954,1500,1,0,85005,5.5,11.7,2.3,225000
1300,4,2.0,1952,8700,1,0,85004,4.8,7.9,5.6,265000
1530,6,3.0,2009,4900,1,0,85004,7.4,8.7,2.8,308000
2530,4,3.0,1968,2900,1,0,85004,1.1,0.5,4.2,426000
1670,3,2.0,1958,3100,1,0,85004,7.3,15.1,3.5,220000
1950,4,2.5,1965,9300,1,0,85004,50.0,8.3,8.4,187000
970,4,2.5,1962,8500,1,0,85005,1.5,0.5,5.6,226000
3060,2,2.0,2012,7300,1,0,85005,29.5,12.3,5.3,353000
3330,2,2.0,2003,3000,0,0,85002,3.4,3.1,1.0,437000
2340,2,2.0,1993,3900,1,0,85001,8.2,0.8,2.8,385000
950,3,2.0,2003,11700,1,0,85001,12.0,15.7,2.7,168000
1350,6,2.5,1990,3600,1,0,85001,15.9,5.1,9.5,351000
1680,4,3.0,1978,4500,1,0,85003,27.2,4.2,7.7,277000
2530,4,3.0,2010,5000,1,1,85002,6.3,1.4,7.4,431000
2110,4,3.0,2003,2400,1,0,85002,20.3,1.4,6.8,346000
910,4,2.0,2012,4400,1,0,85003,4.6,0.5,9.0,190000
2770,4,3.0,2012,4900,1,0,85005,3.0,4.2,9.8,481000
1890,3,2.0,2021,5500,1,0,85004,5.1,11.8,9.5,326000
1780,5,2.5,2008,3700,1,0,85002,22.6,34.6,1.7,268000
2350,3,2.0,2001,3900,1,0,85004,13.0,2.8,1.9,365000
1820,3,2.0,1959,3700,1,0,85001,9.4,2.1,3.2,360000
1060,3,2.0,1977,4700,1,0,85003,6.9,0.5,2.2,172000
1460,3,2.0,1993,4300,1,0,85005,23.4,18.1,1.1,191000
1090,5,2.0,1993,5300,0,0,85003,15.9,18.0,5.4,188000
1430,2,2.0,1958,4100,1,0,85003,5.7,2.8,1.3,205000
2440,3,2.0,1967,9100,1,0,85005,5.1,8.0,4.5,353000
1310,3,2.0,2021,4300,1,0,85003,8.5,0.8,9.0,256000
2600,3,2.0,2010,6300,1,0,85003,8.0,6.1,3.3,372000
890,2,2.0,1986,8400,0,0,85005,21.0,3.0,3.6,99000
1640,4,2.0,1996,3800,1,1,85004,6.8,2.2,6.4,336000
1310,2,2.0,2014,5500,1,1,85005,13.1,4.0,6.3,228000
1980,3,1.0,2012,1900,1,0,85002,12.3,8.5,7.8,322000
1560,3,2.0,1991,7400,1,0,85005,8.2,5.1,1.4,304000
2030,3,2.0,1958,3000,1,0,85002,7.6,6.7,3.0,273000
3220,5,3.0,1978,4700,1,0,85003,4.9,3.5,1.7,451000
2320,4,2.0,1975,7200,1,0,85003,18.3,4.6,2.7,306000
2040,3,2.0,1951,3400,1,0,85005,34.6,4.3,1.2,227000
1540,4,2.0,1990,5600,1,0,85004,5.3,16.0,6.9,292000
1840,3,2.0,1964,9800,1,0,85004,5.0,4.2,3.0,307000
2860,4,2.0,2001,8500,1,0,85004,2.1,3.3,2.1,479000
2300,4,2.5,1979,7300,1,0,85003,4.5,8.6,7.1,418000
2340,4,2.5,1968,1700,1,1,85005,5.6,1.0,6.8,390000
2210,5,2.5,2004,2800,1,0,85002,3.8,7.5,4.3,384000
1640,3,2.0,1997,3500,1,0,85005,14.8,1.9,9.6,296000
2330,3,2.0,1953,1900,0,0,85002,5.1,6.2,1.5,333000
1150,3,2.0,1977,4400,1,0,85003,12.3,7.1,9.0,239000
890,6,2.0,2017,3700,1,0,85003,5.4,4.3,8.3,236000
1730,3,1.5,1973,4700,1,0,85004,4.2,13.0,2.0,301000
3420,4,4.0,1973,3500,1,1,85002,9.5,16.9,2.2,503000
1380,3,2.0,1965,6300,1,0,85001,14.1,2.7,7.8,247000
2390,4,2.0,1984,3600,1,0,85003,8.4,18.2,8.4,343000
2040,3,2.0,1992,7000,0,0,85005,10.7,2.7,4.0,293000
2620,6,2.5,2001,7400,1,0,85002,11.5,6.4,1.1,425000
1190,4,2.0,2021,4500,1,0,85002,7.9,2.2,1.3,273000
1670,6,2.5,1991,4700,1,0,85005,7.2,3.0,4.3,374000
1310,4,2.5,1994,7300,1,1,85002,5.2,4.9,2.5,234000
2580,6,3.0,1953,9800,1,0,85003,3.9,5.9,5.2,440000
2860,3,2.0,1976,1600,0,0,85003,1.9,5.2,1.3,403000
1080,3,2.0,1969,2400,1,0,85005,23.1,1.3,4.9,134000
2150,4,2.0,2020,4300,1,0,85005,8.6,1.2,3.8,386000
2380,4,2.5,2010,3700,1,0,85005,1.9,1.1,9.4,445000
1630,5,2.0,2008,2900,1,0,85001,5.7,6.7,1.7,324000
2370,3,2.0,1968,8800,1,0,85005,6.9,4.7,6.4,374000
1410,4,2.0,1997,8500,1,1,85001,1.2,14.6,4.7,358000
1120,5,2.5,1998,2800,1,0,85002,10.0,10.6,9.1,196000
1350,3,2.0,2006,4200,1,0,85002,3.6,4.0,3.0,250000
1000,5,2.0,2011,5100,1,0,85002,6.0,13.9,3.8,210000
1820,4,4.0,1969,6100,1,0,85001,5.1,1.3,1.4,345000
1810,4,3.0,2018,2000,1,0,85004,2.0,2.9,1.9,330000
1670,3,2.0,1967,2600,1,1,85003,4.3,3.8,3.1,264000
1630,2,2.0,1982,8800,1,0,85004,4.4,10.0,4.9,252000
2490,3,2.0,1955,3700,1,0,85004,10.5,32.9,5.3,318000
2420,4,3.0,2008,7700,1,0,85002,7.8,15.5,4.8,378000
2480,4,3.0,1999,3400,1,0,85004,4.5,0.9,8.8,418000
3130,3,2.0,1974,3000,1,0,85002,24.1,2.4,1.1,448000
2420,5,3.0,2014,4100,1,0,85002,11.4,28.4,3.6,381000
2310,5,4.0,1984,5300,1,0,85005,19.6,2.2,5.1,347000
1740,3,2.0,1989,8900,0,0,85001,3.8,7.4,1.0,299000
1020,4,2.0,2012,5000,1,0,85002,9.0,4.7,7.9,233000
720,3,2.0,2019,6700,1,0,85002,1.7,5.9,9.3,224000
570,4,3.0,2007,14300,1,0,85005,8.9,6.5,4.3,201000
1820,3,2.0,2009,5200,1,0,85002,11.5,2.7,8.3,298000
2110,3,1.5,1979,7000,1,0,85005,14.2,3.5,7.2,356000
4500,4,2.5,1951,6500,1,0,85005,6.4,4.2,6.0,648000
2030,3,2.0,2006,6400,0,1,85002,9.8,7.6,4.8,355000
2890,4,3.0,1996,4800,1,0,85002,12.0,3.0,7.1,492000
1540,3,2.0,1993,8500,0,0,85005,4.3,13.4,7.9,236000
1120,2,2.0,1967,1700,1,0,85003,5.8,1.4,2.0,144000
1590,3,2.0,1981,2400,1,0,85001,9.7,25.0,7.0,301000
1770,3,2.0,1969,5600,0,0,85005,3.6,7.6,8.3,269000
2470,3,1.5,1951,10400,1,0,85003,9.4,6.8,10.0,348000
2620,3,2.0,1955,3500,1,0,85001,4.5,5.2,7.8,429000
1780,3,2.0,1966,2000,1,0,85003,6.3,1.1,8.8,281000
3030,3,2.0,1991,6000,1,0,85005,2.7,0.5,2.6,426000
1030,3,2.0,2003,8200,0,0,85001,21.2,19.1,3.6,176000
1650,4,2.0,1974,3300,1,1,85002,34.4,6.9,1.9,256000
2290,2,2.0,1990,5600,1,0,85003,10.4,2.0,6.1,340000
1820,5,4.0,1965,3200,1,1,85005,4.1,6.2,4.1,405000
2570,3,2.0,2014,6100,1,0,85005,7.7,15.4,2.5,377000
1470,6,3.0,2005,3100,0,0,85005,15.5,1.9,4.9,270000
2460,4,2.0,1960,6600,1,0,85001,16.7,3.2,6.4,424000
1240,6,2.5,1984,11400,0,0,85001,6.2,4.0,4.2,302000
2540,3,2.0,1971,8600,0,0,85005,6.5,8.7,7.1,362000
1800,4,4.0,1975,2100,1,0,85003,11.6,2.7,8.8,333000
2930,3,2.0,2013,12200,0,1,85002,10.6,10.8,2.6,448000
1800,4,2.5,1971,6400,1,0,85002,11.2,0.5,7.2,332000
2720,2,2.0,1978,7000,1,0,85005,27.8,2.6,9.7,358000
2450,3,2.0,1972,2600,1,0,85003,7.9,2.1,6.7,391000
2240,4,2.5,1977,5000,1,0,85001,13.7,2.3,4.6,371000
2450,5,2.0,1962,9100,1,0,85003,6.3,4.9,7.2,365000
2320,3,2.0,2005,8500,1,0,85002,9.2,26.2,8.7,364000
2030,3,2.0,1993,7100,1,0,85002,6.0,1.2,7.9,312000
2870,2,2.0,2008,5000,1,0,85004,0.5,5.9,1.4,390000
1370,4,2.0,2014,7100,1,0,85002,5.7,9.6,6.2,231000
1000,3,2.0,1952,3200,0,0,85003,13.3,21.2,4.2,167000
2420,4,2.0,1966,5900,0,0,85004,18.5,2.5,2.8,362000
3450,4,4.0,1992,5700,1,0,85004,22.0,0.7,5.8,525000
1430,3,2.0,2019,8100,1,0,85005,2.3,14.1,3.4,230000
1840,3,2.0,1985,6100,1,0,85003,14.8,5.0,5.8,289000
2270,3,2.0,1993,6600,1,0,85002,6.1,4.1,1.2,382000
3200,4,2.5,2023,10300,1,0,85004,2.8,1.1,9.9,566000
1620,3,2.0,1989,2600,1,0,85004,17.7,18.9,7.5,247000
1480,4,2.5,2022,5000,1,0,85005,8.6,3.6,9.9,284000
1910,3,2.0,2016,6400,1,0,85002,3.6,16.0,2.0,318000
2660,2,2.0,1999,8400,1,0,85005,8.9,13.2,1.7,390000
3000,4,2.0,2012,4900,0,0,85003,5.0,15.2,1.6,383000
2090,3,2.0,1950,3000,0,0,85004,16.4,0.9,8.9,328000
2030,4,2.0,2008,11200,1,1,85005,7.4,2.8,2.3,394000
1300,2,2.0,1975,5800,1,0,85004,14.0,15.6,8.3,234000
1750,2,2.0,1982,7500,1,0,85003,17.3,0.5,6.5,278000
2390,4,2.5,2014,4200,1,1,85003,4.9,13.0,6.6,415000
1790,3,2.0,1976,5600,0,0,85005,2.4,4.5,2.1,300000
1850,1,1.0,1982,8600,1,0,85005,29.2,6.8,3.5,251000
2990,5,2.0,2019,4600,1,0,85001,4.1,10.9,9.9,550000
1420,3,2.0,2022,3000,1,0,85005,8.2,0.5,2.8,215000
3620,4,3.0,1958,4100,1,0,85004,7.2,0.5,6.5,544000
1850,4,2.5,2013,4500,1,0,85004,11.3,1.0,5.9,319000
1200,4,2.5,2021,4400,1,1,85001,9.1,6.6,5.1,295000
1730,4,3.0,2014,2400,0,0,85001,10.8,5.5,6.4,313000
1860,3,2.0,1976,4100,1,0,85003,15.3,2.0,8.4,270000
1290,4,2.5,1951,7800,1,0,85003,5.2,5.2,6.2,281000
2120,5,2.5,1985,3900,1,0,85003,4.8,9.0,6.0,357000
1620,5,2.0,1998,2000,1,0,85004,14.0,9.9,8.1,316000
1650,3,1.5,1996,15600,1,1,85003,2.0,3.7,7.6,330000
1490,3,2.0,2019,10100,1,0,85001,6.3,10.2,3.6,297000
2630,3,2.0,1970,3600,1,0,85004,21.7,6.7,5.9,357000
1870,4,2.5,2002,9800,0,0,85001,6.7,6.6,7.7,335000
2240,3,2.0,2010,8400,1,0,85004,16.4,15.3,4.5,356000
1380,4,2.0,1957,2400,1,0,85002,3.2,5.6,10.0,295000
1440,5,2.0,1997,9400,1,0,85004,20.3,20.6,1.3,236000
2700,3,2.0,2018,6700,0,0,85003,29.9,0.9,3.9,402000
1360,3,2.0,2004,3200,0,0,85001,21.7,7.9,2.7,237000
2150,2,2.0,1976,4000,1,0,85003,7.2,4.5,2.8,299000
2190,3,2.0,1957,4400,1,0,85004,16.9,20.2,1.2,289000
1650,4,2.0,1991,5800,1,0,85005,2.0,9.1,6.7,334000
1710,3,2.0,1975,3000,1,0,85002,2.7,16.3,1.9,244000
2070,4,4.0,2008,5800,1,0,85001,8.4,10.3,7.9,397000
1870,5,3.0,1978,3400,1,0,85004,4.5,21.7,3.9,335000
1410,2,2.0,1965,4800,1,0,85004,8.1,7.9,6.6,240000
2740,3,2.0,1953,4000,1,0,85004,9.5,6.8,2.2,377000
1560,5,3.0,1956,2100,1,1,85001,7.7,8.8,7.0,339000
2140,3,2.0,1973,7600,1,0,85002,20.2,0.5,7.5,358000
2140,2,2.0,2003,8900,1,1,85002,14.0,19.5,3.4,318000
2160,5,2.5,2014,5300,0,0,85003,2.6,12.1,6.9,371000
2430,4,2.0,2018,6900,1,0,85002,2.3,1.5,5.8,339000
1350,4,3.0,2007,5700,1,0,85001,11.9,10.7,3.1,277000
2800,6,4.0,1956,6000,1,0,85005,33.8,27.3,6.6,417000
1880,3,2.0,2001,7200,1,0,85003,8.0,0.5,6.5,321000
3060,3,2.0,1967,5600,1,0,85004,2.7,6.6,6.7,447000
2450,4,4.0,1959,3400,0,0,85003,3.0,0.5,6.5,376000
1170,3,2.0,1985,5300,1,0,85004,1.4,0.5,2.1,204000
1790,3,2.0,2022,5100,1,1,85001,5.2,15.9,7.3,348000
1860,3,2.0,1963,3200,0,0,85002,13.3,20.9,4.8,282000
1890,4,2.0,2010,9100,1,0,85004,15.7,11.9,3.2,314000
930,3,2.0,2014,4400,1,0,85002,11.0,2.7,1.9,159000
2280,4,2.0,1979,9100,0,0,85004,4.8,2.4,6.4,353000
1250,4,2.0,2018,8000,0,0,85005,8.7,2.3,7.6,240000
2670,4,2.5,1995,4500,1,0,85001,3.3,5.2,1.3,429000
1380,3,2.0,2019,2700,1,0,85005,4.8,8.6,6.2,284000
1600,3,2.0,1971,5800,1,0,85005,16.4,3.7,2.4,245000
1720,3,2.0,1962,5400,1,0,85001,23.3,7.5,6.4,283000
3800,6,2.5,1974,6400,1,1,85002,12.0,9.0,9.0,640000
2260,2,2.0,1950,2200,0,0,85001,6.5,0.5,3.2,385000
1420,4,2.5,1992,3000,1,0,85002,16.3,10.9,8.2,228000
