Age,Department,DistanceFromHome,Education,JobSatisfaction,MonthlyIncome,NumCompaniesWorked,OverTime,PercentSalaryHike,PerformanceRating,YearsAtCompany,YearsSinceLastPromotion,Attrition
29,Research & Development,23.1,2,4,55200,0,No,23.6,3,2.1,0.6,No
49,Human Resources,2.8,2,2,27100,2,No,8.4,2,5.5,0.6,No
42,Research & Development,5.1,2,3,85300,5,No,21.8,3,2.4,3.2,No
46,Sales,38.6,2,1,37400,2,Yes,16.1,3,0.3,0.0,No
35,Research & Development,19.9,3,4,34600,2,No,14.0,1,3.4,1.8,No
54,Sales,22.8,3,4,42600,2,No,24.7,4,14.2,0.5,No
47,Research & Development,22.2,2,2,32900,2,Yes,20.0,3,7.5,1.1,Yes
54,Research & Development,8.8,2,3,40800,6,No,17.0,3,2.3,3.7,No
35,Research & Development,4.2,2,2,57700,1,No,21.8,4,3.1,2.9,No
39,Research & Development,9.3,2,2,42700,2,No,18.0,3,1.6,3.6,No
47,Sales,0.7,3,2,30000,4,No,21.4,4,12.9,1.2,No
38,Research & Development,11.6,4,3,33700,2,Yes,23.8,4,6.0,7.7,No
25,Human Resources,1.1,2,4,27500,0,Yes,10.2,3,3.3,0.6,Yes
45,Human Resources,19.2,2,4,28600,4,Yes,20.6,3,0.8,0.0,No
26,Human Resources,33.2,1,4,22500,1,No,21.8,3,2.9,0.9,No
58,Sales,6.7,3,2,56200,0,No,8.6,3,9.6,0.2,Yes
26,Sales,1.9,4,3,33000,1,No,12.7,3,5.7,4.5,No
48,Sales,2.8,3,1,49300,7,Yes,21.7,2,10.8,3.5,Yes
24,Research & Development,1.2,1,2,43300,2,No,12.9,2,33.3,2.1,Yes
45,Sales,4.9,2,1,85500,3,Yes,13.9,3,9.6,2.4,No
47,Research & Development,6.4,2,3,26300,3,No,17.8,3,0.5,0.0,No
45,Research & Development,11.0,3,2,82400,3,No,11.2,3,0.3,0.0,Yes
53,Research & Development,14.5,2,2,20000,1,No,18.7,2,0.9,0.0,Yes
27,Human Resources,11.1,3,4,29100,3,No,14.1,3,5.1,3.3,No
38,Research & Development,7.5,2,3,46200,3,No,17.2,3,15.1,2.9,No
28,Sales,12.8,4,2,151200,1,No,16.8,1,5.8,0.4,No
51,Research & Development,8.2,1,2,57900,3,No,16.8,3,7.6,1.6,No
53,Human Resources,0.3,3,2,38700,3,No,19.9,3,4.2,9.9,Yes
39,Research & Development,4.0,3,2,40200,1,Yes,20.4,3,4.9,11.2,No
49,Research & Development,0.8,3,4,26300,4,No,10.7,3,3.5,2.4,No
36,Sales,0.2,3,3,34700,4,No,14.9,3,12.3,10.7,Yes
25,Sales,0.4,3,3,25700,2,No,18.5,2,26.6,4.4,No
28,Research & Development,5.0,2,3,26300,1,No,20.8,1,1.4,5.3,No
26,Research & Development,3.2,2,3,67100,2,Yes,22.9,4,0.7,0.0,No
28,Human Resources,0.8,2,2,30600,1,No,19.4,4,20.0,0.5,Yes
49,Research & Development,10.8,2,3,42600,4,No,12.2,1,0.1,0.0,Yes
33,Sales,5.6,4,3,41900,7,Yes,13.8,2,1.9,11.2,Yes
59,Human Resources,5.4,2,1,30800,5,No,21.7,4,0.8,0.0,No
50,Research & Development,1.2,4,3,34100,2,No,24.1,4,9.7,2.9,No
46,Research & Development,0.9,3,4,43900,1,No,13.8,3,9.0,0.1,Yes
28,Sales,8.4,3,2,49400,4,No,8.4,2,1.5,3.6,No
41,Research & Development,55.5,2,4,36400,2,Yes,13.9,4,18.9,0.9,No
34,Human Resources,0.1,2,4,20000,3,No,20.4,2,7.4,1.5,No
52,Research & Development,19.3,2,4,28800,6,No,19.5,3,3.5,4.8,No
24,Research & Development,3.0,4,2,40200,2,Yes,13.2,2,0.1,0.0,No
26,Sales,0.8,4,3,35500,2,No,22.9,2,13.8,2.0,Yes
34,Sales,11.9,2,3,50300,0,No,8.6,2,7.6,3.9,No
34,Research & Development,0.3,3,3,51200,4,Yes,11.6,4,0.9,0.0,Yes
23,Research & Development,12.5,2,4,53300,3,No,10.2,3,10.8,1.8,No
48,Human Resources,58.7,1,4,23000,3,No,10.5,4,6.5,0.5,No
32,Research & Development,1.7,1,1,31200,2,Yes,9.4,3,3.0,0.3,No
22,Sales,1.8,3,3,56000,3,No,22.6,3,1.5,10.5,Yes
32,Human Resources,12.6,1,2,27800,1,No,17.3,1,28.2,6.4,No
59,Human Resources,1.0,2,3,20000,2,Yes,15.7,3,0.5,0.0,Yes
34,Sales,12.7,2,2,47800,3,Yes,13.0,3,8.3,7.9,Yes
51,Sales,0.5,4,4,26700,4,Yes,12.4,3,30.1,2.2,No
28,Sales,4.9,1,2,33600,5,No,17.0,3,3.9,7.1,Yes
46,Sales,5.7,1,3,21500,1,No,21.8,1,4.5,1.4,No
40,Research & Development,5.0,4,2,28400,4,No,18.4,3,2.4,5.4,Yes
37,Human Resources,11.0,2,3,49700,3,No,21.8,3,1.5,0.5,No
43,Sales,13.6,2,2,32500,4,No,15.5,3,4.1,3.3,No
32,Sales,12.9,4,3,61500,4,No,13.8,3,1.8,0.6,No
25,Sales,5.1,2,2,37100,3,No,12.1,4,8.5,14.7,Yes
50,Research & Development,13.6,4,4,30300,3,No,12.4,4,8.5,3.1,No
33,Sales,4.9,2,4,43000,0,No,19.1,3,1.9,2.6,No
40,Human Resources,12.3,2,3,24900,3,No,13.1,3,11.3,1.1,No
40,Research & Development,4.0,4,3,27700,6,Yes,14.4,2,6.1,0.5,No
58,Research & Development,21.9,1,2,53000,2,Yes,20.5,4,5.0,0.5,Yes
45,Sales,5.4,2,2,46700,2,No,8.1,3,8.4,0.4,Yes
32,Research & Development,46.3,4,4,50400,2,No,12.0,3,0.7,0.0,No
28,Human Resources,0.3,2,2,21200,1,No,13.0,3,16.1,4.7,No
54,Human Resources,4.8,2,3,30500,2,No,17.6,4,0.5,0.0,No
38,Sales,3.2,3,3,70300,3,No,12.8,3,8.6,1.6,No
28,Research & Development,33.3,2,2,20000,5,No,20.6,3,3.2,2.3,No
38,Research & Development,0.5,3,3,76200,0,No,12.8,3,3.7,2.5,No
25,Sales,9.6,2,2,41500,3,Yes,8.5,4,13.5,0.5,Yes
46,Research & Development,12.6,3,1,35400,3,No,16.4,3,5.1,1.6,No
57,Sales,2.7,4,1,20000,3,No,24.5,4,20.1,1.0,No
35,Sales,18.2,2,4,41800,2,No,18.5,4,8.5,4.0,No
26,Research & Development,10.5,3,3,31000,2,Yes,15.8,4,0.8,0.0,No
33,Research & Development,16.5,4,2,65900,3,No,17.5,3,5.6,0.8,Yes
59,Sales,14.3,2,3,20000,1,No,22.9,3,5.2,1.4,No
51,Research & Development,22.8,2,2,53800,5,No,8.6,2,3.5,0.5,Yes
34,Research & Development,13.2,3,4,38500,4,Yes,17.9,4,6.7,3.1,No
32,Sales,6.7,4,4,50200,1,No,20.2,2,1.3,0.3,No
49,Sales,17.5,1,3,39300,1,No,8.6,4,4.4,9.8,No
59,Human Resources,3.4,2,3,37800,2,No,8.2,3,9.8,1.5,No
49,Sales,10.7,3,2,23500,3,No,24.5,4,3.3,6.8,No
43,Human Resources,25.9,1,2,22400,3,No,15.2,3,1.5,6.0,Yes
52,Research & Development,16.2,3,4,36400,1,No,16.1,3,12.7,3.1,No
53,Sales,13.7,3,4,41800,3,No,23.7,4,7.0,0.6,No
35,Research & Development,7.2,3,2,32900,3,Yes,10.6,2,7.1,2.1,Yes
39,Human Resources,0.6,4,4,31500,1,No,23.8,3,1.4,1.7,No
55,Human Resources,4.6,3,4,25200,1,No,24.5,2,1.2,0.0,No
32,Sales,38.3,2,2,32000,1,No,20.7,3,21.0,7.0,Yes
26,Research & Development,19.6,3,3,49300,4,No,18.5,2,10.2,3.9,No
29,Research & Development,17.5,2,4,34600,2,No,17.3,3,0.4,0.0,No
48,Human Resources,36.8,3,1,42900,3,No,19.8,3,4.9,1.6,No
28,Sales,2.5,3,1,20000,2,Yes,16.5,3,1.3,1.8,No
36,Sales,0.5,2,2,60700,1,No,23.0,3,8.4,2.2,No
58,Human Resources,0.2,4,4,45600,6,Yes,20.2,3,3.6,1.4,No
31,Research & Development,6.8,4,3,70700,1,Yes,24.8,3,13.0,0.1,No
23,Research & Development,21.4,2,2,25300,2,Yes,9.2,4,5.6,1.6,No
25,Human Resources,15.5,2,4,34400,8,No,17.7,1,1.1,1.7,No
55,Research & Development,18.9,2,4,52100,0,No,20.7,4,7.4,1.0,No
36,Research & Development,2.1,1,4,74800,5,No,13.6,3,8.1,1.3,No
42,Research & Development,0.3,2,3,61200,5,No,15.8,3,3.1,5.1,No
46,Sales,15.6,3,2,36600,4,No,18.2,3,2.6,0.4,No
40,Sales,5.4,2,3,29100,5,No,10.1,2,1.3,5.3,No
59,Research & Development,16.7,4,3,49700,3,No,17.2,3,13.0,4.3,No
41,Human Resources,21.3,2,2,30300,1,No,10.2,4,14.0,6.3,No
50,Sales,11.2,3,4,28600,3,No,8.5,3,2.7,2.6,No
44,Sales,6.7,3,4,39400,2,No,22.9,2,21.6,1.0,No
44,Sales,9.4,1,1,23400,1,No,16.2,3,2.4,3.3,No
44,Research & Development,12.8,1,2,82600,4,Yes,13.7,3,5.2,1.1,Yes
47,Research & Development,12.7,2,3,49700,3,Yes,8.4,3,8.5,2.6,No
35,Sales,8.8,2,3,61100,0,No,23.7,2,8.4,4.0,No
26,Research & Development,0.5,4,3,44000,5,No,9.7,3,6.8,7.6,No
24,Research & Development,4.6,2,4,38200,0,No,16.8,3,8.6,6.9,No
23,Sales,6.1,3,3,30200,4,No,10.6,4,1.9,3.2,No
49,Research & Development,0.0,2,4,65100,3,No,16.1,4,3.3,2.7,No
26,Research & Development,20.6,4,3,52900,4,No,13.4,1,4.1,1.0,No
35,Research & Development,11.5,4,2,42000,2,Yes,23.2,3,3.1,1.3,No
39,Sales,9.1,3,4,33400,2,No,16.7,4,2.7,0.4,No
35,Research & Development,15.8,4,4,35200,0,No,24.6,4,2.9,0.3,Yes
46,Research & Development,4.2,3,3,78900,3,No,15.5,4,8.3,0.9,No
41,Sales,5.3,2,2,51800,6,No,22.9,3,6.8,2.4,No
53,Research & Development,32.0,4,3,38600,1,No,13.1,3,20.4,0.2,No
49,Research & Development,13.7,3,4,50700,1,Yes,8.2,4,2.5,0.1,No
28,Research & Development,5.8,1,4,47200,0,No,9.8,3,8.9,0.9,No
41,Sales,2.0,4,2,23000,5,No,9.3,3,2.2,0.4,No
56,Human Resources,10.2,4,4,20000,1,No,20.0,3,5.4,1.2,No
23,Research & Development,17.8,2,2,39900,5,No,9.6,2,25.6,2.6,Yes
25,Sales,9.6,1,2,44000,2,No,12.0,4,12.6,0.6,No
44,Research & Development,2.1,4,4,41200,2,No,22.4,3,4.2,2.9,No
58,Human Resources,8.7,1,4,33800,2,No,13.9,1,6.1,2.8,No
35,Research & Development,1.6,3,1,55400,3,Yes,13.3,4,0.2,0.0,Yes
41,Sales,0.2,4,4,40000,1,Yes,14.4,4,0.1,0.0,Yes
57,Research & Development,11.2,2,2,90200,6,No,10.9,3,2.9,0.2,Yes
40,Sales,4.6,1,3,28200,4,No,19.3,4,10.0,4.2,No
25,Research & Development,24.7,3,3,42500,1,No,13.6,4,2.2,5.5,No
54,Sales,10.4,1,4,28400,0,Yes,9.4,3,2.1,1.2,No
33,Sales,6.9,3,3,37400,2,No,17.3,2,1.8,0.1,No
26,Human Resources,7.2,2,4,30700,2,No,14.2,2,6.6,0.7,No
52,Sales,41.8,1,2,58600,2,Yes,23.1,3,0.8,0.0,No
50,Sales,3.7,2,3,29700,1,No,12.6,4,2.8,2.6,No
54,Research & Development,8.8,4,3,35400,1,No,8.4,3,1.6,1.4,No
58,Research & Development,4.2,4,1,92500,1,No,21.6,1,0.6,0.0,Yes
43,Research & Development,19.0,2,4,50600,1,Yes,22.6,4,0.4,0.0,No
42,Research & Development,11.0,2,4,41600,4,No,8.9,4,4.3,7.6,No
26,Sales,8.7,1,3,46700,1,No,14.2,4,0.7,0.0,No
35,Research & Development,3.2,3,2,99000,4,No,15.0,3,1.3,3.3,No
44,Sales,6.4,2,4,27600,0,No,13.4,3,8.2,10.6,No
41,Sales,4.1,2,3,36300,2,Yes,17.4,2,3.4,5.3,No
56,Research & Development,1.5,2,4,39800,3,Yes,10.9,3,4.3,0.7,No
59,Sales,9.8,2,4,34000,3,No,20.0,2,7.4,0.7,No
29,Research & Development,6.4,3,3,27900,3,Yes,22.9,4,2.8,0.8,No
49,Research & Development,5.4,1,3,37900,1,No,9.4,4,12.1,0.9,No
44,Research & Development,2.9,3,3,55400,3,Yes,8.4,4,1.4,2.1,No
44,Research & Development,8.5,1,3,35500,4,Yes,16.8,4,0.2,0.0,No
55,Research & Development,4.9,4,4,38600,1,Yes,10.9,3,2.0,2.0,No
46,Research & Development,15.6,3,4,43700,1,No,18.7,2,1.0,0.0,No
41,Research & Development,0.9,2,3,45800,2,No,19.2,1,8.5,0.6,No
36,Sales,21.2,4,4,56200,6,No,23.0,4,8.2,0.4,No
55,Research & Development,10.1,3,3,58200,5,Yes,20.6,2,2.4,1.4,No
51,Research & Development,5.5,3,1,57800,3,No,11.4,3,15.4,0.0,No
29,Sales,4.4,3,3,50700,4,No,10.8,3,5.7,3.6,No
54,Human Resources,52.1,3,3,30600,1,No,9.1,3,3.6,0.5,No
43,Sales,0.1,1,4,28900,5,No,10.0,3,0.9,0.0,No
42,Research & Development,6.1,3,3,32400,1,Yes,12.0,2,0.7,0.0,No
51,Sales,13.2,4,3,40900,3,Yes,8.0,2,1.7,1.1,No
59,Research & Development,4.7,3,3,27400,4,Yes,16.8,4,9.1,2.1,No
29,Research & Development,7.4,3,1,23900,0,No,13.2,3,3.0,8.5,Yes
59,Human Resources,26.9,2,2,20600,4,No,9.8,3,2.5,3.8,No
36,Research & Development,6.9,3,1,41900,2,Yes,13.3,2,1.0,0.7,Yes
26,Research & Development,18.2,2,1,58400,2,No,10.7,3,8.1,6.1,No
56,Sales,17.2,2,3,25800,4,Yes,13.2,3,1.3,0.9,No
38,Research & Development,11.0,4,3,54600,3,No,9.7,3,0.6,0.0,No
49,Research & Development,17.1,3,2,35000,5,No,11.6,3,6.5,10.5,No
49,Research & Development,0.6,4,3,23200,1,No,13.9,4,2.8,7.1,No
51,Research & Development,6.0,4,1,34800,1,Yes,23.4,4,7.5,6.2,No
22,Research & Development,65.4,4,3,45400,0,Yes,10.1,1,10.8,0.6,No
49,Human Resources,9.2,4,4,35500,4,Yes,22.1,3,5.8,1.5,No
53,Sales,25.3,2,1,20000,4,No,10.9,3,0.4,0.0,Yes
49,Research & Development,2.5,2,3,31200,0,No,8.1,3,1.1,2.2,No
53,Sales,0.3,2,4,25500,2,Yes,19.0,3,12.6,1.0,No
57,Human Resources,28.7,3,3,23400,0,No,9.4,3,5.2,5.4,No
56,Research & Development,29.8,2,4,26800,4,No,13.7,3,2.9,2.0,No
27,Research & Development,19.2,3,3,59500,5,Yes,9.8,3,15.4,6.9,No
41,Research & Development,43.6,1,1,35300,4,No,19.5,2,16.2,2.6,No
47,Sales,5.6,2,4,55100,3,No,19.2,1,2.8,0.6,No
59,Research & Development,9.4,3,4,31700,2,Yes,24.9,4,3.6,0.0,No
49,Research & Development,8.1,2,4,37400,2,No,24.2,1,11.7,1.2,No
32,Research & Development,6.1,4,3,41300,3,No,18.0,3,1.6,1.1,No
55,Research & Development,4.3,4,3,55100,3,Yes,18.1,4,23.3,2.9,No
57,Human Resources,14.1,4,2,22300,5,No,12.0,3,25.2,9.4,No
29,Research & Development,0.0,2,4,57400,3,Yes,17.9,2,4.3,6.3,No
28,Sales,12.6,1,3,59900,2,No,20.8,4,6.2,4.2,No
49,Sales,19.5,3,1,26700,0,Yes,22.4,3,2.0,2.0,No
41,Human Resources,1.0,2,3,20000,3,No,17.6,3,1.0,1.1,No
31,Sales,1.8,3,3,21200,2,No,24.9,2,5.1,0.5,No
52,Research & Development,13.3,4,1,24500,4,No,9.9,3,38.4,5.6,No
47,Research & Development,22.7,2,4,41700,3,Yes,24.9,4,5.2,4.0,No
37,Research & Development,11.0,3,2,40400,2,Yes,15.7,1,5.0,8.8,No
55,Research & Development,1.2,3,4,33200,2,No,12.8,2,3.1,1.6,No
36,Sales,0.9,4,2,20400,2,No,14.9,3,1.1,6.5,No
45,Research & Development,4.4,4,2,31400,4,No,18.2,2,7.5,4.0,No
44,Research & Development,1.3,2,3,29500,1,Yes,12.1,4,10.5,2.7,No
22,Human Resources,11.4,4,4,30900,3,No,15.3,3,0.6,0.0,No
58,Human Resources,3.4,4,3,43500,1,No,9.0,2,6.9,0.5,No
22,Human Resources,7.3,3,2,21800,1,Yes,17.0,3,2.2,4.3,No
42,Research & Development,14.6,3,4,48600,5,No,23.4,4,11.2,0.7,No
31,Sales,26.2,4,3,74400,1,Yes,18.3,3,0.9,0.0,No
51,Research & Development,3.3,4,3,27400,1,No,15.1,3,5.6,0.2,No
29,Sales,12.3,2,2,28300,0,No,11.1,4,6.3,5.3,Yes
31,Sales,5.0,2,4,36200,2,No,23.7,3,6.9,1.7,No
37,Research & Development,1.4,3,2,35000,3,No,13.1,2,0.7,0.0,No
43,Human Resources,1.4,1,4,26400,4,No,20.4,3,24.0,1.6,No
53,Research & Development,48.6,3,3,65300,3,No,22.0,3,2.3,1.7,No
57,Research & Development,8.1,2,2,62900,6,No,20.7,3,2.5,3.1,No
30,Human Resources,15.6,2,3,42900,2,No,18.7,2,0.1,0.0,No
25,Research & Development,27.4,2,3,50200,4,Yes,8.7,2,7.3,4.8,No
53,Research & Development,1.2,3,4,22200,3,No,10.2,4,5.8,4.2,No
27,Sales,3.6,4,4,20000,3,No,16.8,4,1.4,0.8,No
45,Sales,11.1,3,2,35500,3,No,15.7,3,4.8,0.5,Yes
43,Human Resources,7.5,2,3,44000,2,No,19.4,2,6.0,3.9,No
59,Research & Development,3.3,2,2,37900,2,No,16.4,3,3.1,3.4,No
48,Sales,8.7,3,4,34200,2,Yes,19.1,2,9.6,9.0,No
57,Research & Development,8.1,3,3,49900,1,Yes,20.7,2,24.8,1.1,No
24,Research & Development,2.4,2,3,58900,1,No,9.8,4,8.3,3.0,No
33,Human Resources,10.4,2,2,44000,3,No,12.1,4,2.5,6.8,Yes
38,Human Resources,1.4,4,2,20000,2,No,14.5,4,23.5,3.8,No
44,Research & Development,9.4,2,4,48700,0,Yes,22.4,3,5.5,1.1,No
24,Human Resources,20.3,3,3,32100,1,No,19.5,3,5.3,1.9,No
44,Research & Development,1.6,4,4,46400,2,Yes,18.8,1,6.6,2.6,No
56,Research & Development,20.0,4,2,31300,2,Yes,12.4,3,0.4,0.0,No
47,Research & Development,1.9,2,3,32600,5,No,17.9,2,5.2,2.7,No
57,Sales,11.6,3,3,33500,2,Yes,22.9,4,0.4,0.0,Yes
48,Sales,14.5,2,3,25100,3,No,18.9,3,0.0,0.0,No
29,Research & Development,36.3,3,2,43600,4,Yes,10.0,3,9.1,3.3,No
24,Research & Development,14.8,3,3,35500,3,No,15.0,2,0.8,0.0,No
43,Research & Development,2.5,3,3,20000,0,No,9.5,4,5.4,7.8,No
46,Sales,10.6,1,3,38700,3,Yes,14.8,2,8.9,2.0,No
48,Human Resources,13.8,1,3,26600,0,No,10.6,3,4.2,0.4,No
37,Sales,5.0,1,3,24000,2,No,16.2,3,7.1,7.4,No
30,Sales,1.7,3,2,30900,3,Yes,22.7,3,0.5,0.0,No
32,Sales,15.8,2,4,41300,4,No,12.3,1,1.0,2.1,No
28,Research & Development,20.0,2,3,46100,1,No,19.5,3,2.4,4.6,No
34,Sales,8.9,2,3,42200,2,No,17.5,1,1.2,0.1,No
40,Research & Development,5.1,4,4,40800,1,No,11.8,3,0.2,0.0,No
52,Research & Development,1.6,2,3,82700,3,No,23.3,3,0.2,0.0,No
49,Research & Development,4.4,3,2,80500,2,No,10.8,3,7.0,2.7,Yes
57,Sales,1.8,4,2,32600,3,Yes,16.4,2,0.7,0.0,No
44,Research & Development,0.6,2,4,45300,3,Yes,23.8,3,3.2,1.3,No
49,Sales,0.7,1,3,57800,3,No,10.4,2,8.5,4.7,No
24,Sales,3.6,3,4,94800,3,No,8.5,3,6.7,1.7,No
53,Research & Development,16.4,4,3,52900,1,No,14.6,3,19.5,0.4,No
32,Research & Development,1.1,3,2,45000,4,No,18.1,3,6.3,8.0,No
58,Research & Development,3.1,2,3,26700,3,No,18.0,3,9.8,1.6,No
45,Sales,16.5,3,1,33700,2,No,11.3,4,0.9,0.0,No
35,Sales,12.4,3,4,60000,1,No,17.9,3,2.8,4.6,No
58,Sales,8.5,3,2,27300,4,No,21.5,3,4.0,1.0,Yes
59,Research & Development,32.0,4,4,42600,1,Yes,12.5,2,2.6,0.4,No
33,Human Resources,4.2,4,4,37300,1,Yes,8.6,4,10.8,1.0,No
50,Sales,12.3,2,4,31200,1,No,24.6,2,5.1,0.6,No
46,Research & Development,16.1,1,4,49500,2,No,17.2,3,6.2,3.1,No
57,Sales,26.9,4,3,20000,2,No,11.5,4,5.4,3.1,No
24,Research & Development,14.4,2,4,38400,5,No,18.6,2,0.6,0.0,No
40,Sales,15.8,2,1,46500,0,No,13.1,3,2.6,1.0,No
42,Research & Development,9.5,4,1,41600,3,Yes,22.7,3,3.1,1.3,No
36,Sales,7.6,3,1,31600,3,No,10.1,4,2.8,1.4,No
35,Research & Development,12.0,3,4,26900,2,No,24.1,3,1.3,3.8,No
32,Sales,2.7,3,2,31900,1,No,23.3,4,0.1,0.0,No
59,Research & Development,7.4,2,3,40200,2,No,18.1,1,5.3,5.2,No
24,Human Resources,1.6,1,4,51100,3,Yes,15.6,4,0.3,0.0,No
22,Research & Development,8.8,3,4,47400,2,Yes,9.0,3,4.5,1.9,No
27,Research & Development,6.4,1,4,75000,2,No,12.0,2,2.2,1.9,No
29,Human Resources,16.7,4,3,30800,2,No,13.2,3,12.6,2.1,No
42,Research & Development,19.8,4,4,44200,0,No,9.0,3,4.2,2.5,No
23,Research & Development,5.6,1,2,29300,3,No,14.7,4,6.0,2.0,Yes
32,Research & Development,20.3,2,4,54800,2,Yes,14.0,3,1.7,1.4,No
23,Research & Development,27.8,3,3,52000,3,Yes,13.8,1,3.0,1.3,No
31,Sales,4.1,2,3,58200,4,No,15.4,3,3.6,2.6,No
26,Human Resources,1.1,3,1,20000,2,No,14.2,3,17.0,5.4,No
54,Research & Development,17.3,3,4,28400,2,No,19.2,1,1.7,0.1,No
34,Sales,3.3,2,4,37000,1,No,19.4,3,8.0,1.3,Yes
26,Sales,20.9,3,3,27400,0,No,22.0,2,10.8,0.1,No
43,Human Resources,1.3,2,4,20000,0,Yes,21.2,3,0.0,0.0,No
26,Sales,3.7,1,3,29800,3,Yes,16.9,3,10.0,1.0,No
56,Sales,19.9,2,3,23200,2,No,14.8,2,1.7,17.4,No
50,Human Resources,1.9,3,2,34400,2,No,17.1,3,1.8,0.3,No
45,Human Resources,11.1,2,1,32800,2,No,21.6,3,2.4,2.3,No
43,Research & Development,5.5,3,4,42100,3,No,9.5,4,2.8,2.9,No
55,Research & Development,5.3,1,3,53300,4,No,8.8,3,6.9,4.0,No
40,Research & Development,0.3,2,2,47100,3,Yes,9.0,3,9.0,1.5,No
24,Research & Development,1.7,4,2,64900,2,No,10.8,4,5.2,9.1,Yes
57,Sales,4.8,2,1,31700,3,No,9.3,3,11.8,2.9,No
57,Research & Development,7.1,2,4,32900,2,No,23.1,3,5.8,3.4,No
51,Research & Development,7.4,3,1,33500,1,No,9.2,2,1.7,1.6,No
57,Human Resources,10.5,2,4,28400,3,No,12.3,1,0.7,0.0,No
49,Human Resources,12.2,2,2,25200,5,No,24.2,3,0.1,0.0,No
43,Research & Development,36.2,4,3,39900,3,Yes,23.2,3,0.7,0.0,No
35,Research & Development,10.8,1,4,44200,1,Yes,19.4,3,8.4,1.2,No
28,Sales,18.0,2,4,49800,4,Yes,15.9,2,0.4,0.0,No
49,Research & Development,4.1,4,3,38600,2,No,16.0,3,4.9,2.3,No
39,Research & Development,4.4,4,3,22500,6,No,9.2,3,1.8,1.1,No
32,Sales,16.2,3,3,48500,4,No,23.9,4,2.8,2.0,No
23,Research & Development,12.3,2,1,26400,1,No,11.7,3,3.8,1.1,No
53,Sales,15.1,1,4,22300,2,No,10.0,4,5.5,2.2,No
58,Research & Development,26.4,4,4,60600,1,Yes,12.9,4,3.3,1.6,No
44,Research & Development,20.4,3,4,32900,2,No,14.3,3,4.4,0.3,No
41,Sales,2.5,3,2,45500,1,No,23.1,4,1.1,4.6,Yes
43,Research & Development,1.7,1,3,57300,1,No,8.3,2,6.4,0.4,No
57,Research & Development,0.0,4,3,91100,3,Yes,22.1,3,3.3,0.4,No
37,Sales,10.0,1,3,46400,3,No,16.7,3,15.9,5.1,Yes
36,Research & Development,10.2,1,1,83400,1,Yes,17.4,3,2.4,4.7,Yes
48,Research & Development,6.0,1,4,65900,3,No,20.9,3,2.6,1.0,No
23,Sales,2.6,4,2,37500,2,No,22.9,3,0.3,0.0,No
35,Research & Development,0.8,4,3,25800,5,Yes,13.1,3,4.2,1.1,No
34,Research & Development,7.5,3,4,52200,1,No,8.8,2,2.4,2.2,No
22,Research & Development,1.8,3,3,40600,2,No,18.0,3,2.6,1.1,No
58,Human Resources,24.3,3,4,30700,3,No,18.1,4,0.2,0.0,No
37,Research & Development,12.8,4,3,40900,1,Yes,14.7,2,5.1,5.3,Yes
50,Research & Development,5.3,2,4,34200,4,No,9.4,3,6.8,1.7,No
25,Research & Development,1.3,2,4,27500,2,Yes,10.4,4,2.2,3.1,No
30,Research & Development,22.1,3,2,33300,3,Yes,19.6,3,7.3,0.3,No
32,Sales,8.7,2,4,53200,3,Yes,10.0,3,2.6,0.3,Yes
29,Sales,9.8,1,2,22300,1,No,11.3,4,11.1,0.1,No
48,Research & Development,0.6,1,3,54900,5,Yes,15.3,3,11.4,4.1,No
48,Sales,2.0,2,3,52500,1,Yes,12.2,4,10.7,5.3,No
30,Sales,0.6,2,4,22800,2,Yes,12.0,4,13.0,9.5,Yes
54,Sales,14.1,2,3,49300,2,No,24.7,4,23.6,4.2,No
50,Research & Development,2.3,3,3,37800,2,Yes,17.6,2,14.5,4.5,No
35,Research & Development,0.2,2,1,98100,0,No,19.5,4,3.7,3.4,No
40,Research & Development,1.4,3,3,99500,3,Yes,16.8,3,1.0,1.2,No
32,Research & Development,4.1,2,2,37500,4,Yes,22.8,2,8.8,9.4,Yes
31,Sales,8.5,2,2,34100,1,No,18.8,4,1.2,1.1,No
49,Research & Development,7.3,2,3,42700,1,No,16.7,3,0.5,0.0,No
51,Sales,15.4,3,3,41900,2,No,11.4,2,6.4,2.2,No
29,Research & Development,32.7,1,3,26600,4,No,17.8,3,2.8,0.4,Yes
27,Research & Development,3.0,1,1,82400,1,Yes,12.7,1,0.4,0.0,No
23,Sales,12.1,2,4,40000,3,Yes,15.7,3,9.1,5.9,Yes
39,Sales,5.5,3,4,48000,6,No,12.9,3,0.6,0.0,No
28,Human Resources,0.5,3,4,43500,3,Yes,15.7,3,1.6,1.2,No
49,Research & Development,0.7,2,2,50600,1,No,12.1,3,2.5,3.4,Yes
36,Sales,3.2,2,3,51900,3,Yes,13.6,3,12.5,0.3,No
44,Sales,17.6,1,3,23000,4,No,18.2,3,0.6,0.0,No
43,Research & Development,22.9,2,3,47800,5,No,24.4,2,13.6,3.9,No
40,Sales,21.5,3,2,37000,2,No,18.5,4,9.3,4.4,Yes
33,Human Resources,14.2,4,2,36700,5,No,25.0,3,0.6,0.0,No
32,Sales,0.2,3,1,20000,1,Yes,13.4,4,23.2,8.1,No
24,Human Resources,3.7,1,2,28300,1,Yes,17.8,3,6.1,4.4,No
50,Sales,12.6,4,3,25100,5,No,19.0,4,15.3,15.2,No
30,Sales,22.4,1,2,32200,2,Yes,9.9,4,0.9,0.0,No
42,Research & Development,10.1,3,3,70800,3,Yes,9.2,3,8.4,1.9,No
46,Sales,15.7,2,3,30000,2,No,15.0,4,2.3,3.4,No
34,Research & Development,5.0,3,3,59200,3,No,13.5,3,14.5,2.7,No
39,Sales,22.3,2,3,64200,3,No,17.3,2,0.8,0.0,No
46,Research & Development,16.8,2,3,52900,1,No,13.0,3,0.8,0.0,No
27,Research & Development,24.8,3,2,56000,2,Yes,23.5,3,1.2,1.8,No
39,Research & Development,0.4,2,4,48800,2,No,11.9,4,18.5,1.3,No
27,Research & Development,4.8,2,1,64400,0,No,21.4,4,2.5,1.8,No
24,Research & Development,9.9,2,3,53800,3,No,24.3,4,7.3,7.9,No
43,Research & Development,9.8,2,3,50000,1,Yes,23.9,4,5.7,1.7,No
23,Research & Development,2.6,2,3,30400,0,No,24.0,3,1.8,2.6,No
45,Research & Development,3.7,2,3,75000,2,Yes,20.2,2,1.1,8.5,Yes
26,Sales,34.6,2,4,34200,1,No,11.2,4,8.9,3.2,No
39,Research & Development,5.6,1,4,21700,5,No,24.1,4,0.6,0.0,No
29,Research & Development,22.5,3,1,38600,3,Yes,11.7,3,23.8,0.7,Yes
52,Research & Development,9.5,3,2,57600,2,No,24.9,3,8.4,2.5,No
23,Research & Development,1.0,1,1,48500,2,No,24.3,4,2.8,0.2,No
26,Research & Development,15.0,3,4,44100,3,No,13.8,4,4.9,3.6,No
52,Sales,8.4,3,3,20000,0,No,17.2,3,9.5,4.5,No
44,Research & Development,8.6,1,3,30400,2,No,9.5,3,3.5,7.6,Yes
34,Sales,3.7,4,2,66800,1,Yes,10.5,3,3.5,7.8,No
34,Research & Development,0.3,3,4,59200,3,No,13.0,4,4.9,1.0,No
43,Sales,2.9,4,2,89700,3,No,24.2,2,4.0,3.7,No
55,Research & Development,44.1,4,4,105800,2,Yes,20.7,2,2.5,0.8,No
31,Research & Development,3.0,1,4,27500,4,No,9.4,3,5.9,0.8,No
32,Sales,1.3,2,3,42600,2,No,17.0,2,5.4,0.4,No
54,Research & Development,5.6,4,4,27200,4,No,13.7,3,7.2,1.4,No
47,Sales,18.6,4,3,49300,1,No,10.4,4,8.2,11.5,No
31,Research & Development,0.5,1,4,60200,4,Yes,8.2,3,1.0,3.5,No
44,Research & Development,8.4,3,3,75200,2,Yes,21.8,4,14.0,0.2,No
58,Sales,4.6,2,2,20000,2,No,13.5,3,4.9,8.7,Yes
42,Human Resources,1.4,2,2,34500,4,No,11.3,4,3.2,2.8,No
38,Sales,0.8,2,3,46200,2,No,9.8,3,3.4,1.2,Yes
39,Research & Development,14.8,4,3,72300,3,No,14.1,4,8.0,0.1,No
32,Research & Development,5.6,3,4,118500,3,Yes,23.0,3,8.9,0.3,No
55,Human Resources,0.6,2,3,20000,3,No,14.1,2,2.5,1.1,No
27,Research & Development,1.1,2,4,64300,3,No,10.0,3,7.4,2.4,No
32,Research & Development,4.5,4,3,41000,2,No,9.9,1,21.3,1.3,No
52,Research & Development,2.7,4,3,36200,4,No,18.3,3,0.6,0.0,No
56,Sales,6.7,4,1,37400,0,No,12.6,4,1.2,2.4,Yes
49,Human Resources,5.2,2,2,41500,1,No,10.4,3,6.3,1.4,No
37,Research & Development,17.0,2,3,23700,1,No,17.7,3,0.6,0.0,No
39,Sales,15.9,2,3,41900,4,No,24.2,1,0.1,0.0,No
44,Sales,5.4,2,3,29200,4,No,15.0,4,4.5,4.3,No
50,Research & Development,15.7,2,3,36300,2,No,18.0,4,5.9,0.6,No
41,Sales,16.1,3,3,22600,0,No,9.2,3,3.4,1.3,No
48,Research & Development,2.2,1,1,28200,3,No,15.6,3,1.1,0.2,No
56,Research & Development,13.1,3,4,29000,2,No,20.5,3,8.7,6.8,No
50,Research & Development,15.3,3,2,21600,2,No,11.4,2,11.8,0.8,No
34,Research & Development,38.9,2,2,83500,1,No,14.1,1,22.3,0.9,No
55,Human Resources,4.0,3,3,36200,0,No,19.3,3,5.2,1.2,No
32,Research & Development,17.2,1,2,81400,1,No,16.7,4,4.5,0.7,Yes
42,Research & Development,1.6,4,4,32600,3,No,19.5,3,6.5,0.9,No
57,Research & Development,7.5,3,3,47900,1,No,10.0,3,2.9,1.6,No
57,Human Resources,1.4,1,4,26500,1,No,19.9,1,4.4,1.3,No
30,Sales,18.5,4,3,74400,3,No,10.5,3,16.5,0.8,No
24,Sales,9.9,1,4,29800,2,No,22.3,2,6.2,3.6,No
26,Research & Development,8.6,3,4,55100,1,No,23.4,3,7.5,4.0,No
29,Sales,7.9,2,4,36300,1,No,23.1,4,2.3,7.2,No
48,Research & Development,10.8,1,3,70100,3,No,10.2,2,2.6,2.3,No
45,Sales,4.4,2,4,33300,4,No,16.5,3,0.6,0.0,No
37,Research & Development,0.3,2,4,32200,4,No,8.6,4,6.1,6.9,No
53,Research & Development,4.5,3,4,44800,4,Yes,22.4,3,23.4,5.6,No
51,Human Resources,10.4,2,3,32400,1,Yes,9.2,3,0.3,0.0,No
39,Sales,25.9,3,4,36300,2,No,24.3,4,14.1,1.1,No
46,Research & Development,18.9,2,3,33200,0,No,11.9,2,5.3,6.9,No
56,Research & Development,10.1,2,4,50900,3,No,13.4,3,10.2,1.1,No
47,Human Resources,28.6,3,3,26400,1,Yes,19.0,4,0.5,0.0,No
50,Sales,0.4,3,3,48800,2,Yes,15.6,3,0.8,0.0,No
27,Sales,4.1,3,3,47700,4,No,12.7,2,2.8,3.4,No
39,Research & Development,2.9,1,4,41900,3,No,17.4,3,1.8,3.9,No
43,Sales,21.7,1,3,55900,2,No,20.9,3,1.7,4.3,No
28,Research & Development,1.0,3,3,21700,4,No,10.0,4,1.2,5.0,No
59,Sales,33.7,2,2,22600,1,No,22.6,3,1.3,1.8,Yes
42,Research & Development,3.5,2,4,73500,2,No,18.9,3,13.8,1.5,No
52,Human Resources,4.0,3,3,24200,1,No,10.2,2,7.0,3.7,No
24,Human Resources,19.3,3,3,33200,1,No,19.4,3,1.8,1.8,No
57,Human Resources,4.3,2,2,31900,3,Yes,22.1,2,5.4,2.6,Yes
32,Research & Development,17.3,4,4,60700,1,Yes,22.0,1,5.1,0.0,No
55,Sales,13.9,2,3,23300,2,No,17.7,3,4.7,4.3,No
22,Research & Development,2.1,3,4,33600,3,No,11.4,4,2.6,0.1,No
29,Sales,8.5,2,2,25100,5,No,12.5,3,10.9,7.5,No
41,Sales,8.3,2,3,33900,3,No,22.5,3,15.3,1.3,No
38,Research & Development,0.3,4,3,42300,3,Yes,21.3,4,0.8,0.0,No
55,Sales,0.4,4,4,20000,2,No,11.6,4,2.3,2.6,No
31,Sales,3.6,3,1,24700,4,No,21.5,3,1.9,6.7,No
39,Sales,5.7,3,4,34700,3,No,11.8,2,0.9,0.0,No
50,Research & Development,24.0,2,3,61400,3,Yes,14.0,4,3.0,3.7,Yes
45,Research & Development,3.1,2,3,65600,5,No,19.0,4,6.2,5.3,No
50,Human Resources,8.3,3,4,35500,2,Yes,22.4,1,21.1,2.8,No
39,Research & Development,6.1,4,3,35600,2,No,18.7,2,2.1,0.6,No
52,Human Resources,0.6,4,1,26500,1,No,16.4,3,2.8,0.9,Yes
34,Sales,6.0,2,3,36500,2,Yes,14.2,1,7.4,0.1,No
30,Sales,8.1,3,3,26300,2,Yes,14.3,4,23.6,4.4,No
38,Research & Development,25.4,3,4,37800,1,No,19.2,4,3.4,0.5,No
31,Research & Development,46.5,4,3,35900,1,No,18.6,3,0.6,0.0,No
29,Research & Development,3.0,3,3,50100,4,No,21.2,3,26.7,1.7,No
55,Research & Development,2.2,4,4,35600,4,No,9.4,4,0.9,0.0,No
44,Sales,3.0,2,2,31300,2,No,22.2,2,2.1,6.5,No
22,Sales,0.7,3,4,26200,3,No,10.4,3,2.5,1.5,No
53,Research & Development,19.1,3,2,33500,2,Yes,13.1,3,0.7,0.0,Yes
36,Sales,13.2,3,4,44400,5,No,12.9,3,2.5,6.6,No
33,Research & Development,12.5,2,2,64400,7,Yes,24.6,4,13.5,2.4,Yes
57,Research & Development,17.9,4,4,49200,5,No,22.9,1,1.1,0.9,No
55,Sales,9.8,3,4,132600,1,Yes,15.5,4,11.1,5.3,Yes
45,Research & Development,40.6,1,4,28700,2,No,11.0,3,0.4,0.0,No
34,Sales,20.9,3,3,56100,2,No,11.2,3,5.0,1.6,No
58,Human Resources,1.0,3,4,26400,0,Yes,24.7,2,8.6,5.7,No
22,Research & Development,11.7,3,4,73700,1,No,21.3,1,2.3,8.5,No
27,Sales,1.7,3,4,45300,4,Yes,14.3,3,1.3,3.8,No
44,Sales,7.2,4,4,46600,2,Yes,10.8,3,7.2,1.6,No
54,Sales,13.7,3,1,26600,6,Yes,23.8,3,1.0,2.1,Yes
51,Research & Development,27.0,2,2,56100,2,No,13.7,3,18.2,0.1,No
58,Research & Development,6.8,4,4,30800,4,No,21.8,3,2.7,1.2,No
46,Sales,11.5,3,4,20000,2,No,15.9,2,1.7,1.2,No
56,Sales,4.1,2,1,51500,2,No,22.9,4,4.6,0.2,No
49,Research & Development,4.1,1,2,37500,6,No,24.2,3,3.2,3.5,No
31,Research & Development,0.1,3,2,45800,0,Yes,15.0,4,13.7,3.8,Yes
32,Research & Development,4.8,2,2,39500,1,Yes,24.2,3,2.6,0.2,No
37,Sales,4.9,2,4,51200,4,No,24.7,4,2.7,3.4,No
23,Research & Development,5.6,3,1,51700,2,Yes,21.9,4,9.9,1.3,No
46,Sales,5.0,3,2,34800,3,No,11.0,4,0.5,0.0,No
28,Research & Development,4.5,4,2,28500,2,No,24.5,3,6.2,1.5,No
50,Sales,21.8,1,3,27800,4,Yes,19.4,4,3.1,3.2,No
47,Sales,2.7,3,3,22800,1,Yes,19.4,3,15.9,1.0,No
58,Sales,7.3,3,3,36700,3,No,13.7,3,5.8,3.6,No
37,Sales,36.1,3,1,55000,3,No,21.3,3,5.9,13.3,No
56,Sales,9.9,4,3,47500,3,Yes,14.9,3,6.7,6.7,No
45,Sales,3.7,1,3,81800,1,No,24.7,4,4.3,2.8,No
47,Sales,6.5,1,3,35300,1,No,10.9,3,3.7,0.4,No
45,Research & Development,46.7,2,4,47000,2,No,8.3,3,7.0,3.1,No
37,Human Resources,2.3,2,3,21400,1,No,10.9,3,17.4,1.0,No
55,Research & Development,12.2,3,1,82700,6,Yes,23.4,3,11.5,1.5,No
22,Sales,6.9,1,2,43900,4,No,19.5,2,19.5,0.8,Yes
48,Research & Development,2.1,3,1,56900,3,No,16.1,3,2.8,3.4,No
23,Research & Development,7.5,4,3,53900,1,No,24.6,3,17.9,1.7,No
28,Research & Development,2.6,3,3,79400,2,Yes,13.0,3,4.0,1.7,No
25,Research & Development,17.6,1,2,34000,4,No,8.3,2,0.7,0.0,Yes
22,Research & Development,17.8,4,4,45100,4,Yes,14.8,3,10.2,4.3,No
25,Research & Development,2.4,3,2,69600,3,No,11.1,3,7.9,3.6,No
23,Sales,3.1,4,2,59800,4,Yes,22.1,3,4.4,2.8,No
28,Research & Development,0.5,4,3,33900,3,Yes,9.8,4,4.2,3.1,Yes
26,Sales,13.6,3,3,25300,3,Yes,15.0,3,3.8,1.6,No
27,Sales,5.6,3,3,20000,2,No,11.2,2,2.9,6.2,No
36,Sales,38.1,3,2,33700,3,No,8.1,3,1.9,0.9,No
33,Research & Development,6.2,4,4,65100,2,No,13.4,4,7.1,1.6,No
29,Sales,8.7,1,3,44300,4,No,23.6,2,1.0,4.0,No
43,Human Resources,13.5,1,3,27600,2,No,10.8,3,12.7,0.2,No
40,Research & Development,3.0,2,4,45500,2,No,16.0,2,8.8,3.5,No
37,Research & Development,4.4,2,3,56400,3,No,10.1,2,1.9,8.3,No
27,Human Resources,1.8,4,1,37200,6,No,21.5,3,2.4,2.6,No
28,Sales,31.5,2,2,31700,2,No,23.7,3,0.2,0.0,Yes
50,Research & Development,7.3,1,3,58200,4,No,15.3,3,19.3,0.6,No
35,Sales,9.3,4,3,58900,2,No,9.8,4,10.0,6.3,No
39,Sales,55.8,2,3,41700,1,No,20.4,3,3.1,1.8,Yes
31,Human Resources,0.3,2,3,27700,1,No,19.3,3,2.2,0.5,No
42,Research & Development,29.1,4,1,58600,1,No,24.2,4,0.5,0.0,No
35,Research & Development,4.2,2,3,51600,3,Yes,19.9,4,3.6,1.4,No
55,Sales,11.8,2,4,20000,1,No,14.3,3,5.4,1.4,No
45,Sales,8.4,4,3,31700,1,Yes,19.5,4,1.9,9.2,No
28,Research & Development,6.4,1,4,39400,2,Yes,13.2,2,9.9,3.2,No
26,Research & Development,6.7,2,4,49900,4,No,16.8,3,4.2,0.1,No
29,Research & Development,0.5,2,3,77000,2,No,11.8,4,4.5,2.6,No
33,Sales,8.7,2,1,51000,3,Yes,11.4,1,1.2,1.8,No
46,Research & Development,1.2,2,1,43600,2,Yes,19.6,3,5.3,0.3,No
54,Human Resources,3.7,3,3,30000,4,No,21.0,3,2.0,8.8,No
48,Sales,8.0,1,2,46400,2,No,21.9,3,2.7,2.5,Yes
56,Research & Development,0.8,3,4,36700,3,Yes,14.4,3,4.0,7.5,Yes
42,Research & Development,1.4,3,1,57500,5,No,16.3,2,3.4,2.0,No
38,Sales,5.4,3,4,31100,6,No,11.4,3,2.8,0.4,No
52,Sales,58.7,2,3,51300,1,No,23.5,2,11.4,1.0,No
37,Sales,18.2,3,4,40400,3,No,13.6,3,3.9,12.6,Yes
26,Research & Development,34.4,2,3,38700,2,Yes,15.0,3,1.8,5.6,No
49,Sales,4.7,3,4,47700,3,No,24.7,3,6.4,1.5,No
31,Sales,5.6,3,2,52300,2,Yes,14.6,3,10.0,5.3,No
51,Research & Development,21.1,3,4,71800,1,No,8.9,2,36.0,1.7,No
23,Research & Development,16.9,2,2,54900,3,No,10.8,3,4.1,2.1,No
58,Sales,2.3,3,3,21600,2,No,8.9,2,3.0,3.1,No
27,Sales,5.0,2,1,40600,5,Yes,22.5,3,5.7,8.0,Yes
27,Sales,2.4,3,4,79700,2,Yes,17.9,3,6.8,0.8,No
48,Research & Development,9.9,3,2,70500,0,No,12.7,3,4.0,3.4,Yes
22,Human Resources,2.9,3,2,28200,3,No,17.4,4,18.6,4.3,No
34,Research & Development,25.3,2,3,76300,5,Yes,12.1,4,4.0,0.3,No
27,Human Resources,1.1,3,3,30200,2,Yes,19.8,3,0.3,0.0,No
52,Sales,14.7,2,2,58500,0,No,22.0,4,11.4,1.9,No
29,Sales,3.7,4,3,41600,1,No,24.7,3,4.2,0.1,No
39,Sales,8.3,1,2,96900,1,No,20.7,4,14.6,3.0,No
46,Research & Development,30.3,4,2,49000,2,No,23.4,4,2.2,3.5,No
46,Sales,3.5,1,2,61000,1,No,22.4,3,10.6,4.8,No
31,Sales,1.3,4,2,33000,1,Yes,9.8,3,5.9,0.4,No
31,Research & Development,25.1,3,1,71500,0,No,23.9,3,6.0,0.2,No
51,Research & Development,1.5,3,4,20000,5,No,13.6,4,0.9,0.0,No
24,Research & Development,0.7,4,3,38400,2,Yes,16.8,2,1.3,6.0,Yes
44,Research & Development,6.5,4,2,38600,5,Yes,12.7,3,2.7,1.0,No
50,Research & Development,19.3,2,4,38700,1,No,12.7,4,2.4,3.3,No
44,Research & Development,9.2,4,3,53700,5,No,16.6,3,0.0,0.0,No
30,Human Resources,6.1,3,2,31800,2,Yes,21.5,3,11.6,1.8,No
25,Sales,2.1,3,1,35300,1,No,15.3,3,1.9,0.4,No
59,Research & Development,4.2,4,3,36300,2,Yes,19.3,3,2.3,0.2,No
56,Sales,1.1,4,3,53700,3,No,9.8,3,3.7,4.8,No
29,Sales,4.7,4,1,27900,1,Yes,15.3,3,1.9,3.5,No
29,Research & Development,6.0,2,3,27600,4,Yes,17.5,3,4.4,2.3,No
55,Sales,0.2,2,3,26900,2,No,11.3,3,13.2,0.5,No
51,Sales,3.5,3,1,45500,5,No,24.4,2,5.6,11.3,No
38,Sales,19.1,3,4,58000,6,Yes,13.2,3,2.1,0.2,No
33,Research & Development,1.2,1,3,70600,4,No,19.6,3,0.8,0.0,No
53,Research & Development,3.9,1,3,49200,3,Yes,8.5,3,4.2,2.1,No
29,Human Resources,7.0,3,4,28200,3,No,14.0,3,12.6,1.2,No
41,Research & Development,7.6,4,2,77400,1,Yes,20.3,2,10.7,5.5,Yes
57,Sales,31.8,3,3,20000,2,No,21.8,3,0.8,0.0,Yes
45,Sales,3.7,1,1,59200,1,No,15.1,4,1.9,0.5,No
55,Human Resources,17.1,4,3,33300,4,No,12.6,2,16.9,11.3,No
34,Research & Development,35.0,1,1,28200,2,Yes,15.8,2,2.0,0.2,No
28,Sales,14.9,3,3,31300,1,Yes,19.8,3,0.2,0.0,No
23,Human Resources,19.8,1,4,34300,3,No,10.9,2,19.4,0.2,No
41,Human Resources,6.7,2,1,36600,1,No,19.5,4,4.4,0.9,No
49,Research & Development,2.1,3,4,54400,4,No,19.1,3,6.7,2.5,No
57,Research & Development,1.9,4,2,52000,2,No,8.3,3,12.6,0.0,No
40,Sales,14.1,1,1,30200,1,No,20.7,3,1.5,0.3,No
57,Research & Development,21.4,2,3,49300,3,No,21.9,3,4.3,3.9,No
35,Research & Development,8.7,3,3,56400,5,Yes,10.0,4,1.8,0.2,No
44,Sales,0.6,1,1,36400,0,No,19.9,3,0.9,0.0,Yes
38,Sales,16.6,1,4,24200,4,No,10.4,3,2.2,3.7,No
58,Sales,8.6,3,2,42900,5,Yes,15.3,3,7.5,0.3,Yes
56,Research & Development,0.6,4,2,30100,1,Yes,22.5,2,5.5,1.8,No
28,Research & Development,9.6,3,1,69400,3,No,24.2,4,1.3,1.9,No
57,Sales,15.5,3,3,67600,2,No,24.6,4,1.9,4.5,No
48,Human Resources,2.4,3,4,30300,4,No,20.3,3,12.3,1.6,No
59,Research & Development,7.9,4,3,35000,0,No,21.7,3,2.0,3.1,No
40,Research & Development,10.3,1,4,29100,3,Yes,21.0,3,0.5,0.0,No
54,Research & Development,10.4,3,4,49400,3,No,20.9,1,0.1,0.0,Yes
58,Sales,2.1,2,4,38000,2,Yes,22.1,3,20.7,5.4,No
31,Research & Development,7.3,2,4,21800,3,Yes,23.5,3,4.0,2.2,No
31,Sales,11.4,3,2,42400,3,No,19.4,3,9.2,0.0,No
30,Research & Development,20.2,4,4,70000,1,No,15.4,4,0.4,0.0,No
35,Research & Development,6.5,2,2,68400,4,No,19.0,3,7.3,0.5,No
51,Research & Development,13.1,2,3,55300,3,No,20.7,1,1.9,1.9,No
54,Research & Development,7.6,1,1,32500,3,Yes,12.9,3,2.4,1.6,No
25,Sales,0.1,3,3,56400,0,No,22.0,3,10.5,1.4,No
23,Research & Development,18.0,4,4,30000,1,Yes,9.5,3,8.7,3.2,No
56,Human Resources,35.0,3,2,37900,2,No,12.8,1,16.9,0.5,No
23,Research & Development,5.5,1,3,78000,2,Yes,13.5,3,5.5,0.0,Yes
27,Research & Development,2.6,2,3,43600,2,No,20.2,2,3.5,9.9,No
53,Sales,21.3,2,3,31600,1,No,21.0,3,1.3,0.3,No
22,Sales,5.9,2,3,60800,3,No,21.8,4,6.8,2.9,No
55,Research & Development,4.9,1,4,32000,2,No,16.2,4,1.0,3.1,No
43,Sales,20.1,4,1,31300,1,No,8.2,2,6.9,7.4,Yes
24,Sales,2.7,2,4,40900,1,No,14.9,4,2.5,4.6,No
35,Sales,3.6,1,3,44500,4,No,12.6,3,1.0,1.1,No
28,Sales,7.7,3,1,24600,4,No,21.7,3,2.3,1.0,Yes
40,Research & Development,25.3,3,3,24700,2,No,15.7,3,7.2,5.3,Yes
25,Sales,0.2,2,2,30800,1,No,11.2,4,3.3,0.7,No
24,Research & Development,20.7,2,4,33400,2,No,23.7,3,0.2,0.0,No
52,Sales,3.2,2,3,37600,0,No,22.9,2,9.6,1.1,Yes
40,Research & Development,0.9,1,2,52700,4,No,17.1,4,5.5,2.3,No
43,Research & Development,8.0,3,4,44900,2,No,24.2,2,2.5,2.8,No
37,Sales,2.8,3,4,20600,8,No,8.0,3,2.0,3.8,No
44,Research & Development,3.3,4,3,84000,2,No,9.2,3,0.1,0.0,No
39,Sales,1.1,4,2,30000,2,No,16.8,3,16.0,4.9,Yes
31,Sales,7.1,3,3,42200,3,No,24.4,3,0.2,0.0,No
54,Sales,3.3,2,2,27300,2,Yes,12.1,2,2.2,1.4,No
47,Research & Development,4.9,3,1,45500,1,No,19.4,2,0.7,0.0,Yes
53,Research & Development,10.1,3,4,24800,4,Yes,9.4,2,11.6,0.8,No
23,Sales,16.0,3,2,26700,3,No,12.2,3,24.4,1.1,No
59,Research & Development,3.2,3,2,32100,5,No,15.9,3,7.6,10.0,No
37,Research & Development,20.3,2,4,69900,3,No,14.0,3,0.9,0.0,No
33,Research & Development,4.1,3,1,31400,2,No,18.4,3,13.4,0.5,Yes
36,Sales,20.0,2,2,36900,3,No,19.3,3,0.4,0.0,No
26,Research & Development,5.3,3,3,53800,1,Yes,21.2,3,6.4,1.2,No
36,Research & Development,15.6,2,4,31300,4,No,18.6,4,11.7,3.2,No
54,Sales,2.2,4,3,48900,0,Yes,18.5,4,3.7,0.8,No
49,Sales,2.4,3,4,24200,4,No,19.4,3,24.0,0.1,No
59,Sales,12.4,4,3,35100,3,Yes,22.6,3,12.4,6.8,No
23,Sales,20.2,3,4,38600,2,No,19.6,3,6.9,0.7,No
44,Human Resources,3.4,3,3,26300,3,No,24.0,3,5.9,7.9,No
26,Sales,7.2,4,1,33400,1,No,17.0,3,4.2,2.0,No
42,Research & Development,2.1,3,4,44100,4,No,20.3,4,16.1,1.0,No
44,Sales,7.0,1,3,50700,3,No,21.9,2,10.9,1.7,No
44,Sales,6.3,2,4,65300,2,No,24.5,4,4.6,3.2,No
59,Human Resources,3.9,1,3,40100,3,Yes,16.7,3,0.5,0.0,No
38,Sales,7.9,2,3,43500,3,No,9.0,3,14.1,2.1,No
45,Research & Development,0.4,2,4,34700,1,No,13.5,3,0.2,0.0,No
58,Research & Development,2.1,4,4,60200,3,No,20.3,3,0.3,0.0,Yes
22,Research & Development,1.1,2,3,39400,2,No,9.8,2,7.5,3.6,No
31,Research & Development,12.8,2,4,26700,2,No,16.7,2,3.3,0.0,No
33,Research & Development,3.7,1,4,24400,3,Yes,16.8,3,6.0,2.1,No
25,Research & Development,4.7,3,4,42700,3,Yes,13.5,2,3.9,2.6,No
45,Sales,2.8,3,2,20000,2,No,23.0,3,4.7,0.0,No
46,Research & Development,7.1,3,3,59000,2,No,9.5,3,2.4,6.1,No
35,Research & Development,11.7,4,2,31400,6,No,13.3,4,6.6,5.4,No
25,Human Resources,1.9,3,3,30300,1,No,19.1,3,1.2,3.2,No
25,Sales,2.5,3,4,61000,1,No,22.2,3,1.1,1.7,No
56,Research & Development,18.6,4,2,36300,3,Yes,14.9,3,0.1,0.0,No
41,Research & Development,1.7,2,3,49800,1,No,15.7,3,2.4,9.0,No
32,Research & Development,8.9,3,4,63700,2,No,20.0,3,4.8,1.0,No
29,Sales,7.7,4,3,34700,2,No,23.6,3,8.0,3.4,No
51,Research & Development,45.6,3,4,27900,5,Yes,13.6,4,2.5,0.4,No
54,Sales,29.6,3,3,20000,1,Yes,22.8,3,0.2,0.0,No
53,Research & Development,21.1,1,4,43000,2,No,20.6,3,2.0,5.1,No
32,Research & Development,6.4,2,4,31600,0,Yes,16.4,3,8.8,1.1,No
39,Research & Development,54.0,3,3,29100,4,No,18.4,4,0.2,0.0,Yes
50,Research & Development,22.8,2,3,47400,3,Yes,17.6,3,0.8,0.0,Yes
29,Sales,12.4,3,4,37500,4,No,9.4,4,1.9,1.7,No
52,Sales,5.6,3,2,21100,1,No,17.4,3,13.4,6.4,No
43,Sales,9.6,4,4,33000,1,No,11.6,1,10.9,7.4,No
50,Sales,2.9,3,4,45000,0,Yes,21.9,2,3.4,0.7,No
28,Sales,48.9,2,2,26400,1,No,16.5,4,1.8,3.9,Yes
38,Sales,9.0,3,3,40500,1,No,19.1,3,13.5,0.9,No
30,Research & Development,5.6,1,4,59100,2,Yes,14.5,3,25.8,5.3,No
25,Sales,26.2,3,4,32200,1,No,19.4,3,0.3,0.0,No
58,Sales,2.5,3,4,23000,2,No,13.2,2,18.9,1.1,No
33,Research & Development,3.9,1,4,38600,6,No,9.2,3,0.4,0.0,No
36,Human Resources,5.2,1,2,25400,1,No,13.8,4,0.2,0.0,No
49,Research & Development,16.7,2,4,24000,5,Yes,13.1,3,5.0,2.3,No
25,Sales,7.5,3,2,26600,1,No,12.3,3,26.9,1.6,Yes
57,Research & Development,20.9,3,3,64900,5,No,19.6,3,22.5,5.3,Yes
37,Research & Development,0.1,2,4,45100,0,No,22.3,4,18.0,0.2,No
25,Research & Development,0.0,1,3,64900,3,No,8.6,2,1.2,0.6,No
59,Sales,10.4,3,3,25800,6,No,17.4,3,10.5,0.1,No
39,Sales,7.3,2,2,41400,3,No,23.6,3,6.1,2.2,Yes
22,Research & Development,12.4,1,2,45200,2,No,13.3,3,18.9,2.4,Yes
24,Sales,3.4,1,3,26700,2,No,18.9,3,8.8,1.2,No
35,Human Resources,10.3,3,3,20000,3,No,18.6,3,0.8,0.0,No
31,Sales,3.3,3,3,44800,5,No,22.1,3,5.3,1.6,No
54,Research & Development,6.4,1,3,25500,3,No,19.7,3,26.0,12.3,No
54,Research & Development,4.1,2,3,46900,2,Yes,10.1,3,6.0,0.1,No
58,Research & Development,3.9,2,4,71100,1,Yes,11.3,3,1.4,1.9,No
30,Research & Development,1.8,1,2,66000,1,No,15.2,2,5.9,1.1,Yes
31,Human Resources,5.6,2,2,20500,3,No,22.3,3,9.5,1.4,Yes
42,Research & Development,2.4,1,4,35800,2,Yes,13.5,3,8.6,5.8,No
25,Sales,8.3,2,1,30800,3,No,23.7,2,0.1,0.0,No
41,Sales,1.2,2,3,25100,3,No,20.6,3,3.5,0.2,No
34,Research & Development,13.9,3,3,36600,2,No,9.4,4,0.5,0.0,No
39,Research & Development,8.4,3,1,71900,0,No,24.3,3,2.4,0.9,Yes
52,Sales,10.9,3,4,35100,1,No,18.8,4,1.1,2.1,No
53,Research & Development,25.0,4,4,25500,2,No,10.3,3,17.4,2.4,No
37,Human Resources,4.9,4,4,27900,1,Yes,16.1,3,2.5,8.3,No
40,Research & Development,2.0,3,4,60000,1,No,8.2,3,7.8,3.5,No
40,Research & Development,1.0,4,4,47500,5,Yes,14.1,3,2.4,6.5,No
36,Research & Development,33.0,2,4,44200,1,No,8.8,3,7.8,4.8,No
29,Human Resources,18.2,3,1,27900,3,Yes,9.2,3,4.0,3.2,No
37,Research & Development,2.8,4,1,49600,5,No,23.3,4,0.6,0.0,No
56,Sales,0.7,1,1,45000,1,No,11.8,3,9.6,0.8,No
30,Sales,0.3,4,4,27000,3,No,15.2,3,4.6,2.1,No
25,Sales,20.0,2,3,33700,1,No,11.5,2,3.8,9.7,No
52,Research & Development,11.3,1,2,28100,1,Yes,10.9,3,7.6,1.2,Yes
30,Human Resources,6.9,2,4,29200,3,No,18.3,2,3.3,0.6,No
36,Research & Development,5.4,2,4,20500,3,No,19.1,3,1.9,7.4,No
58,Sales,20.5,4,4,50100,4,No,8.3,3,1.3,6.9,No
34,Research & Development,6.7,3,3,48300,5,Yes,9.4,4,10.8,0.1,No
57,Research & Development,32.2,2,2,58900,4,No,23.7,1,5.0,2.8,No
49,Sales,12.7,3,4,86400,0,No,23.6,3,14.9,2.8,No
41,Human Resources,0.2,2,3,53200,5,No,12.8,3,1.5,1.5,No
27,Research & Development,6.9,4,3,45300,4,No,12.7,4,0.8,0.0,No
36,Human Resources,10.8,3,2,32900,5,No,20.4,3,5.1,1.4,No
39,Research & Development,1.4,3,4,36500,4,No,20.8,1,5.4,1.5,No
24,Sales,2.8,3,4,26500,0,Yes,8.6,3,11.3,5.5,Yes
33,Research & Development,7.5,2,2,39900,6,Yes,13.9,2,11.5,1.2,No
27,Research & Development,0.6,2,4,66400,3,No,13.8,4,7.3,4.6,No
22,Research & Development,13.3,3,1,27100,5,Yes,24.9,1,0.9,0.0,Yes
54,Research & Development,8.5,2,3,53300,2,No,16.2,4,1.7,1.3,No
37,Research & Development,17.5,3,3,63200,5,No,18.7,3,0.8,0.0,No
27,Sales,7.8,1,3,30000,2,Yes,8.2,3,0.4,0.0,Yes
57,Sales,36.9,3,4,28700,1,No,24.7,1,10.6,3.2,No
59,Research & Development,11.5,1,3,92100,4,No,19.8,3,3.0,0.8,No
35,Research & Development,6.4,4,4,48800,3,Yes,13.0,3,4.8,0.6,No
23,Sales,4.3,1,3,20000,4,No,11.2,3,1.9,8.6,No
38,Research & Development,15.8,2,3,50700,2,Yes,15.0,4,2.6,4.7,No
25,Research & Development,3.6,3,4,61500,2,No,22.4,4,14.8,1.3,No
55,Sales,2.3,3,3,38500,1,Yes,17.0,3,2.7,0.6,No
57,Research & Development,1.6,4,1,67500,1,Yes,23.8,3,15.4,0.3,No
42,Research & Development,11.2,2,1,33900,1,Yes,11.6,4,1.0,0.8,Yes
45,Research & Development,5.1,4,4,71100,4,No,19.5,4,0.5,0.0,No
33,Sales,3.4,3,2,23500,4,No,24.5,4,5.2,1.1,No
28,Research & Development,15.0,2,4,42700,2,Yes,9.6,3,0.2,0.0,No
51,Sales,15.6,2,4,29200,5,No,20.0,4,1.5,0.2,No
42,Sales,8.6,1,4,27200,2,No,12.8,4,26.9,1.9,No
44,Research & Development,1.4,1,1,47100,1,No,20.2,1,6.3,8.9,No
59,Sales,10.7,4,1,59400,2,No,13.1,4,1.2,4.4,No
44,Research & Development,5.7,3,4,41800,1,Yes,24.7,3,0.1,0.0,No
23,Human Resources,45.4,3,4,20900,3,No,8.1,3,1.2,0.2,No
37,Research & Development,33.2,3,3,45200,2,No,24.9,1,2.7,0.8,No
44,Research & Development,23.5,2,2,37900,1,Yes,23.7,2,0.2,0.0,No
27,Research & Development,6.7,4,4,47900,1,Yes,10.7,3,1.9,2.4,No
36,Human Resources,4.7,3,3,26300,4,No,24.1,2,3.9,1.5,No
58,Human Resources,6.1,3,1,20800,3,No,15.4,1,0.5,0.0,Yes
39,Sales,6.3,4,3,31100,1,No,20.7,3,5.5,2.0,No
56,Research & Development,2.7,3,2,42200,2,No,14.0,3,6.1,6.4,No
26,Research & Development,0.2,3,2,34200,1,No,23.2,3,0.9,0.0,Yes
31,Sales,10.7,2,2,43400,2,No,22.1,3,4.8,0.7,No
23,Research & Development,1.8,4,4,39800,0,No,8.4,1,8.0,0.9,No
30,Research & Development,9.2,2,3,33600,1,No,23.3,3,7.7,2.9,No
39,Sales,9.7,3,4,51400,7,No,11.1,3,4.8,2.0,No
34,Research & Development,22.5,2,3,37300,3,No,9.9,4,5.1,3.0,No
23,Research & Development,0.9,4,2,37100,3,No,19.3,2,15.7,0.1,Yes
35,Research & Development,4.9,3,3,25900,4,Yes,11.7,3,1.3,6.6,No
58,Sales,4.7,3,3,26000,1,No,14.8,1,6.3,4.3,No
55,Research & Development,1.7,3,2,36800,4,No,9.6,2,6.3,4.5,No
32,Human Resources,7.1,1,4,29700,1,No,22.8,1,12.3,7.8,No
41,Sales,4.4,2,1,53700,3,Yes,14.5,3,7.8,6.0,No
51,Research & Development,0.9,4,3,41600,1,No,13.6,1,3.9,2.6,No
55,Sales,6.5,3,1,34000,1,No,16.6,4,6.1,1.3,No
57,Sales,28.1,2,3,57800,2,No,15.7,3,5.1,2.8,No
58,Sales,28.1,1,4,26800,2,No,20.9,2,3.4,0.4,No
32,Research & Development,26.2,3,3,71400,1,No,19.5,3,22.2,1.7,No
50,Human Resources,8.2,2,4,33800,0,Yes,17.5,3,5.1,3.0,No
42,Research & Development,35.3,3,3,46000,3,No,8.5,3,10.0,0.9,No
51,Human Resources,6.3,2,3,38300,4,No,21.5,2,1.3,2.1,No
38,Research & Development,16.8,4,3,70100,1,Yes,17.3,3,0.7,0.0,No
45,Sales,24.2,1,3,24000,2,Yes,9.6,3,8.5,0.8,No
26,Sales,18.1,2,2,47900,3,No,15.4,1,12.4,1.6,No
29,Human Resources,1.1,2,1,44000,2,No,9.1,3,13.6,2.2,No
26,Research & Development,6.9,3,3,64900,3,No,19.1,4,1.1,6.5,No
43,Sales,32.5,4,4,20200,3,No,18.3,3,4.2,4.3,No
55,Sales,5.9,1,4,61600,3,No,11.0,4,2.7,0.5,No
34,Research & Development,3.4,1,3,59600,8,No,22.0,3,10.7,0.1,No
29,Sales,11.9,3,1,49500,3,No,13.5,4,4.7,4.7,No
56,Human Resources,2.2,3,4,26000,2,No,17.7,3,18.0,5.1,No
23,Sales,0.6,3,4,68300,3,No,17.2,3,6.5,1.9,No
32,Sales,39.5,1,3,35600,3,Yes,16.6,3,2.4,0.8,No
50,Sales,18.8,3,1,45300,5,Yes,13.3,4,6.8,3.8,No
41,Research & Development,3.0,3,4,87600,2,No,23.9,4,11.7,1.1,No
48,Research & Development,13.7,1,4,82800,1,No,19.1,3,1.6,0.4,No
46,Sales,8.5,3,3,35400,0,Yes,11.3,4,6.3,0.3,Yes
47,Research & Development,4.2,2,3,43200,5,No,12.7,4,0.2,0.0,No
58,Sales,17.3,1,1,27700,7,No,18.9,3,0.2,0.0,No
26,Research & Development,6.8,2,3,32600,3,No,13.0,4,0.8,0.0,No
47,Research & Development,1.0,3,4,56400,2,No,15.8,3,1.1,5.6,No
31,Sales,2.1,4,3,59800,3,No,18.3,3,0.2,0.0,No
45,Sales,5.6,2,3,20000,5,No,13.9,4,6.3,1.9,No
53,Sales,9.0,2,3,32800,3,No,22.9,3,4.1,2.9,No
47,Human Resources,0.4,4,1,34100,2,Yes,22.3,4,23.3,2.4,No
28,Human Resources,14.8,4,4,31200,1,Yes,8.3,4,0.2,0.0,Yes
32,Sales,32.1,2,3,20000,1,Yes,9.6,4,11.7,1.6,No
50,Sales,8.3,2,1,62600,3,No,15.8,3,3.4,4.7,No
35,Sales,3.9,2,1,33500,5,No,20.9,2,8.5,3.0,No
31,Research & Development,30.2,4,2,37300,4,No,24.6,3,2.4,0.5,No
53,Sales,4.2,3,4,64800,1,No,8.4,3,3.1,0.9,No
37,Research & Development,7.3,4,3,57200,3,No,17.0,4,2.6,3.9,No
39,Research & Development,8.0,3,2,35100,2,No,17.1,2,1.0,1.7,No
35,Research & Development,45.0,2,4,43600,2,No,20.0,2,3.7,1.0,Yes
25,Sales,4.4,3,4,53200,4,No,11.7,3,1.4,0.2,No
39,Research & Development,22.4,2,3,52000,1,Yes,13.8,2,21.8,0.4,Yes
53,Human Resources,22.4,2,3,31500,3,No,17.4,3,26.1,0.9,No
52,Research & Development,75.6,4,4,45100,2,Yes,16.5,3,0.5,0.0,Yes
29,Sales,0.3,2,1,20000,1,Yes,17.0,4,2.1,2.9,No
48,Research & Development,9.6,3,3,20000,2,No,10.0,3,2.2,2.1,No
39,Human Resources,22.3,1,1,29400,4,No,22.9,2,2.5,3.0,No
28,Research & Development,25.2,4,4,45000,4,No,18.4,3,2.8,1.0,No
43,Research & Development,21.8,3,2,56200,1,Yes,24.9,4,3.6,0.0,Yes
27,Sales,1.6,3,4,52900,1,Yes,9.0,3,6.3,0.3,No
48,Sales,11.0,3,1,21500,5,No,13.0,2,20.1,5.0,No
30,Sales,17.9,2,4,20000,2,Yes,18.6,2,0.5,0.0,Yes
43,Research & Development,0.6,3,3,47600,1,No,18.2,3,1.9,5.1,No
40,Research & Development,4.8,3,4,27200,2,No,21.3,3,10.3,2.5,No
48,Research & Development,33.5,2,3,40600,1,No,24.5,3,4.5,2.9,No
46,Sales,11.4,2,1,34000,2,No,12.3,4,17.0,1.8,No
52,Human Resources,6.8,2,3,35300,2,No,23.2,4,5.7,3.1,No
32,Sales,8.3,1,4,81000,2,No,18.7,1,1.6,1.6,No
54,Sales,25.2,3,2,35800,3,No,11.6,3,3.8,2.1,No
55,Sales,1.8,1,4,20000,3,No,11.1,4,4.8,3.2,No
55,Research & Development,1.2,3,4,62800,4,Yes,8.6,3,2.8,0.4,No
39,Sales,7.1,1,1,32800,2,Yes,24.5,3,1.3,0.4,Yes
39,Research & Development,1.6,2,2,62800,4,No,18.9,3,5.9,1.0,Yes
25,Sales,10.6,4,1,20000,4,No,15.1,4,5.1,13.1,No
49,Research & Development,8.9,3,3,52400,4,No,9.5,3,1.7,1.4,Yes
46,Research & Development,4.0,2,4,43700,6,No,11.1,3,5.1,3.5,No
29,Sales,4.2,3,1,26900,2,No,24.0,3,8.4,3.7,No
46,Research & Development,12.8,1,3,34200,1,Yes,20.9,4,15.8,3.3,No
40,Research & Development,2.6,2,3,43900,3,No,20.4,3,4.6,3.5,No
45,Research & Development,1.3,2,4,54400,5,No,16.8,3,13.0,0.4,No
49,Sales,14.1,4,4,77800,4,No,23.9,3,0.6,0.0,No
33,Research & Development,4.6,4,3,39400,3,No,23.5,3,17.7,21.2,No
41,Research & Development,2.3,4,2,35900,5,No,12.7,3,0.7,0.0,No
26,Sales,53.3,4,4,34900,6,Yes,10.3,3,0.2,0.0,No
38,Sales,1.9,2,1,27600,2,No,19.6,4,26.9,0.4,Yes
55,Sales,6.5,3,4,88800,1,No,10.7,3,2.9,0.8,No
54,Human Resources,6.6,2,4,27500,1,Yes,12.4,3,1.2,4.7,No
58,Research & Development,11.8,2,4,42800,4,No,17.8,3,5.2,3.6,No
59,Research & Development,7.4,1,4,50700,0,No,20.5,3,1.5,0.5,No
33,Research & Development,4.9,4,4,48800,2,No,9.4,3,2.2,0.9,No
22,Sales,15.0,4,2,48600,1,Yes,10.1,3,5.2,0.8,Yes
44,Research & Development,22.7,2,4,67600,4,No,23.8,1,8.4,6.3,No
23,Research & Development,17.6,1,3,20000,2,Yes,13.0,3,6.6,0.8,No
54,Sales,2.1,2,2,82600,1,No,19.8,3,19.6,0.9,No
56,Research & Development,7.3,3,2,32600,2,Yes,16.0,3,6.4,3.1,No
38,Research & Development,33.6,3,3,35900,4,No,14.2,3,2.0,2.0,No
50,Research & Development,33.1,2,4,45800,2,No,10.9,1,1.3,0.6,No
53,Research & Development,19.3,2,3,47000,1,No,18.4,2,21.9,2.7,No
33,Research & Development,14.1,2,4,28800,1,No,13.8,3,1.0,1.0,No
29,Human Resources,4.6,3,3,38600,1,No,13.3,2,1.5,1.4,No
33,Sales,18.6,4,2,20000,4,No,13.8,3,1.3,0.2,No
22,Sales,6.5,4,3,24000,2,No,17.6,3,13.1,3.1,No
54,Sales,7.6,4,4,68000,1,No,17.3,2,9.3,0.2,No
31,Research & Development,2.4,2,2,56000,2,Yes,16.3,3,8.2,4.7,Yes
59,Research & Development,7.8,3,3,27200,5,No,12.4,3,1.3,6.6,No
47,Human Resources,21.3,4,3,31100,2,No,9.1,1,2.4,9.9,Yes
25,Research & Development,17.6,4,4,69300,2,Yes,22.4,2,1.1,0.5,No
27,Human Resources,15.6,1,2,33200,0,No,24.8,2,6.2,0.7,No
49,Sales,11.1,1,2,35200,2,No,19.3,3,10.7,5.8,Yes
31,Research & Development,4.0,2,3,52700,0,No,11.3,3,6.5,2.2,No
36,Research & Development,32.7,1,4,50900,4,No,14.8,3,12.2,11.0,Yes
38,Research & Development,29.2,3,4,50400,1,No,19.6,3,2.4,0.2,No
39,Sales,7.4,1,3,55600,5,No,14.6,3,0.6,0.0,No
27,Human Resources,4.7,3,2,29100,1,No,24.6,3,9.6,0.4,No
40,Human Resources,14.3,2,4,27300,0,No,18.2,3,2.1,3.3,No
58,Sales,1.2,2,2,20000,3,No,19.4,4,0.4,0.0,Yes
32,Research & Development,25.6,4,4,71300,2,No,18.2,4,5.3,2.7,No
50,Sales,6.0,4,3,31700,5,Yes,8.8,3,4.9,6.8,Yes
40,Sales,7.4,3,2,20500,1,Yes,9.2,4,4.9,0.8,No
48,Research & Development,22.2,3,3,25100,2,No,12.7,3,4.2,1.9,No
31,Human Resources,11.9,1,4,38900,4,Yes,23.5,2,4.8,0.5,No
25,Sales,10.1,2,1,20000,4,No,13.1,1,2.2,0.9,No
27,Sales,15.4,4,3,77700,4,Yes,14.0,4,3.4,4.1,No
24,Sales,18.6,3,4,55600,4,No,21.2,4,2.6,4.2,No
24,Research & Development,9.7,3,3,74600,2,No,24.4,3,1.0,6.5,No
31,Sales,1.8,1,3,26300,5,No,19.9,3,18.0,4.0,No
36,Research & Development,7.9,3,2,31800,1,No,24.9,3,12.2,0.2,No
37,Sales,17.2,4,3,22800,4,No,14.3,3,11.2,0.4,No
43,Research & Development,5.1,1,3,25000,1,No,8.9,4,2.6,1.3,No
46,Research & Development,20.9,3,1,35400,1,Yes,10.2,4,2.8,1.2,No
23,Sales,7.0,4,3,40600,3,No,24.6,3,0.5,0.0,Yes
28,Human Resources,1.1,2,1,38900,2,Yes,11.9,4,5.0,0.5,No
58,Human Resources,6.8,2,4,35500,2,No,22.7,3,6.8,0.9,Yes
34,Research & Development,5.7,3,1,55300,1,Yes,19.3,3,7.3,6.8,No
29,Research & Development,2.3,3,3,44700,1,No,23.0,4,0.5,0.0,No
58,Research & Development,14.6,3,2,26300,3,No,12.7,4,11.7,3.4,Yes
51,Research & Development,1.1,2,3,40500,4,No,17.2,2,0.4,0.0,Yes
50,Human Resources,0.8,4,1,27400,1,Yes,19.9,3,0.6,0.0,Yes
57,Sales,57.3,3,2,38000,4,Yes,11.6,3,8.0,1.2,Yes
26,Research & Development,4.5,2,3,60100,7,Yes,21.3,3,5.2,0.2,No
27,Sales,21.1,2,4,34900,1,No,23.6,3,12.5,0.5,No
36,Research & Development,26.2,1,1,46000,0,Yes,10.4,2,0.9,0.0,No
52,Research & Development,2.8,2,4,88400,1,No,24.9,4,15.4,0.2,No
30,Research & Development,17.5,2,3,45400,4,No,16.7,3,3.5,1.0,No
25,Sales,25.5,2,1,20000,0,No,16.8,2,3.2,3.9,Yes
34,Human Resources,1.3,4,2,33400,2,Yes,24.3,3,9.4,0.4,No
37,Sales,12.4,2,2,26800,1,No,19.0,3,0.5,0.0,No
34,Human Resources,20.8,1,3,48600,0,No,9.6,4,2.2,1.5,No
59,Research & Development,4.0,3,2,47800,2,Yes,21.8,3,5.9,0.9,Yes
37,Sales,0.6,1,2,50300,3,No,10.4,3,20.8,0.1,No
28,Research & Development,17.4,4,4,81300,3,No,10.0,3,2.2,9.2,No
47,Human Resources,36.6,4,3,20000,1,No,25.0,3,1.2,9.7,No
49,Research & Development,6.9,2,4,58100,2,Yes,19.4,3,3.1,0.1,No
42,Research & Development,0.8,4,3,52000,3,Yes,15.9,3,16.4,2.7,No
53,Sales,3.4,3,3,28200,3,No,16.7,2,3.6,5.7,No
37,Research & Development,7.2,4,4,46800,5,Yes,21.2,3,3.1,0.5,No
47,Research & Development,15.7,2,3,58500,2,Yes,22.1,4,3.8,2.5,No
45,Sales,42.3,3,1,44900,3,Yes,8.8,3,1.6,2.9,No
45,Research & Development,3.5,2,4,43600,2,No,13.0,3,3.9,2.3,No
28,Research & Development,1.3,3,4,21400,0,Yes,14.7,4,18.1,1.0,No
56,Research & Development,30.6,2,2,40100,3,Yes,10.8,3,5.8,2.3,No
47,Research & Development,5.3,3,2,23900,4,No,22.2,3,8.0,3.6,Yes
33,Research & Development,39.9,1,1,43800,5,No,8.8,3,9.7,0.7,No
56,Research & Development,10.5,1,2,46600,2,No,16.0,3,8.6,1.7,Yes
23,Research & Development,17.7,4,1,37500,4,Yes,12.6,3,6.4,0.0,No
57,Research & Development,12.9,1,1,51400,3,No,11.1,3,8.8,0.6,No
44,Sales,27.8,1,3,41400,3,Yes,24.6,2,0.2,0.0,No
35,Human Resources,1.2,3,4,30500,1,Yes,18.3,3,2.5,3.6,Yes
26,Sales,5.8,3,4,45700,3,No,9.9,3,4.2,2.6,No
22,Human Resources,7.1,1,3,30400,2,Yes,9.2,4,27.0,2.4,No
43,Research & Development,2.3,1,4,47000,1,No,9.2,4,4.0,1.7,No
47,Sales,17.4,2,4,29800,2,No,24.8,3,1.4,1.8,No
58,Sales,10.8,3,3,23400,2,No,9.7,4,0.3,0.0,No
44,Research & Development,0.5,4,2,66900,4,Yes,11.6,4,4.3,7.8,No
26,Research & Development,4.1,4,1,42300,2,No,17.6,4,1.7,10.0,No
43,Research & Development,11.0,4,3,38900,2,No,21.8,2,5.7,4.4,No
56,Sales,14.4,3,1,60800,4,No,13.1,4,15.0,0.0,No
43,Human Resources,8.1,1,4,26100,2,No,16.7,3,3.1,1.8,No
40,Research & Development,2.5,4,4,41100,3,No,14.7,3,0.7,0.0,No
29,Research & Development,1.1,3,3,45900,1,No,17.1,3,2.3,2.2,No
54,Sales,0.2,3,4,30900,2,No,20.1,2,1.4,1.2,No
27,Sales,1.4,2,1,40300,3,No,12.4,2,0.6,0.0,No
51,Human Resources,6.9,4,4,23900,2,No,9.8,2,0.2,0.0,No
25,Human Resources,0.2,3,3,33700,1,No,20.1,4,3.1,2.7,No
50,Sales,4.7,2,2,20000,4,Yes,8.5,4,13.1,2.2,No
31,Sales,0.3,1,4,31200,1,No,23.5,4,0.6,0.0,No
27,Research & Development,5.5,4,4,62900,3,No,13.3,3,2.2,8.1,No
36,Research & Development,20.3,3,1,42200,1,No,8.6,3,22.4,2.1,No
50,Human Resources,3.7,1,3,40400,6,No,10.1,3,12.9,1.0,No
52,Sales,10.4,3,2,23300,2,Yes,17.7,3,2.4,2.2,Yes
27,Sales,7.3,4,2,39200,4,No,8.2,3,6.4,11.9,No
38,Research & Development,9.2,3,4,81500,2,No,10.4,3,3.1,3.3,No
37,Sales,4.2,3,3,46000,4,Yes,13.5,3,11.2,2.3,No
50,Research & Development,14.7,3,3,24600,2,Yes,13.1,3,3.0,1.7,No
52,Research & Development,2.3,2,3,78700,5,No,23.7,4,1.5,4.6,No
22,Sales,0.7,2,2,24400,5,No,21.0,3,2.2,1.1,Yes
47,Sales,6.5,1,4,40800,1,Yes,14.2,4,0.6,0.0,Yes
39,Research & Development,5.9,3,3,34500,3,Yes,16.5,4,9.0,0.3,No
22,Sales,9.3,4,4,35400,3,No,23.8,3,4.0,0.4,No
28,Sales,2.9,1,2,53400,1,Yes,13.1,3,5.6,2.1,No
46,Research & Development,3.9,1,2,52200,2,No,8.1,3,1.5,4.5,Yes
42,Sales,7.5,2,3,21200,1,No,19.9,3,3.3,2.2,No
50,Research & Development,0.1,1,4,71600,3,No,8.5,3,11.2,1.1,No
27,Research & Development,19.9,3,2,32000,1,No,21.5,3,7.5,0.5,No
25,Research & Development,5.1,3,4,63300,2,Yes,15.4,2,3.3,0.2,No
43,Sales,3.4,3,3,25400,1,No,17.0,3,6.5,5.7,No
53,Research & Development,19.7,2,2,58300,1,No,17.6,3,1.5,2.9,No
51,Sales,4.4,1,4,35500,6,No,22.9,3,1.6,1.0,No
25,Research & Development,5.2,2,3,47500,1,No,20.4,3,23.1,1.8,No
46,Sales,2.1,4,3,26700,0,No,14.4,3,2.4,6.1,No
56,Research & Development,5.4,4,4,38600,1,Yes,17.6,4,10.8,1.4,No
53,Research & Development,15.7,3,3,33100,0,No,17.4,3,0.2,0.0,No
43,Research & Development,6.8,2,3,35100,3,No,24.0,2,4.0,0.6,No
41,Sales,0.1,3,1,32500,1,No,23.4,4,6.9,1.8,No
24,Sales,2.7,4,4,27800,3,No,21.9,3,4.1,3.1,No
30,Sales,38.0,3,4,20000,4,No,12.3,4,2.2,3.1,No
30,Research & Development,1.3,2,4,43500,2,Yes,15.2,3,11.9,0.9,No
49,Research & Development,3.9,2,3,35500,1,No,11.9,4,3.6,8.5,No
46,Research & Development,10.4,1,4,25900,1,No,15.0,3,7.4,0.1,No
30,Research & Development,1.5,3,2,64700,2,No,22.0,3,6.5,4.8,No
44,Research & Development,18.2,2,3,45400,1,No,12.4,4,7.2,1.5,No
30,Research & Development,11.0,2,3,48400,2,Yes,24.7,3,9.7,2.9,Yes
48,Research & Development,0.5,1,3,49900,2,No,14.0,3,0.6,0.0,No
44,Research & Development,19.3,4,3,30900,3,No,21.0,3,1.1,1.9,No
48,Sales,1.7,2,4,89700,2,Yes,23.6,4,6.6,0.6,No
56,Sales,24.9,4,2,48000,3,No,10.8,3,5.6,4.9,No
42,Research & Development,12.6,3,3,60400,5,Yes,16.1,3,5.7,0.4,No
23,Research & Development,4.8,1,4,70600,1,Yes,11.9,3,4.3,1.5,Yes
37,Research & Development,3.4,3,2,37300,0,No,24.6,3,3.4,0.6,No
33,Human Resources,13.5,2,3,28300,2,Yes,24.9,1,0.9,0.0,Yes
35,Sales,22.5,1,3,52200,2,No,18.6,4,5.4,8.9,No
29,Sales,6.6,2,2,36800,1,Yes,15.4,3,15.2,3.1,No
47,Research & Development,8.3,3,4,50100,4,No,22.4,4,7.3,0.9,No
47,Research & Development,1.2,2,3,71600,3,No,17.9,2,0.5,0.0,No
32,Human Resources,3.8,3,2,33800,4,No,10.4,3,11.6,2.7,No
56,Sales,8.5,1,1,52600,2,Yes,17.8,4,5.5,0.3,No
28,Human Resources,1.8,3,1,50300,4,No,13.4,1,1.1,2.7,No
43,Research & Development,2.5,4,2,46400,2,No,11.8,3,1.4,5.5,No
58,Research & Development,8.4,2,3,59100,2,Yes,16.7,3,2.2,1.6,Yes
29,Research & Development,7.5,4,3,46300,4,No,18.4,3,7.7,5.1,No
47,Research & Development,5.5,1,1,60100,0,No,21.2,3,2.1,5.0,Yes
29,Research & Development,5.4,3,4,50100,1,No,14.5,3,1.0,0.4,No
57,Research & Development,23.7,3,1,34300,3,No,19.9,4,7.2,2.6,No
33,Research & Development,7.4,1,3,33500,2,No,21.7,4,20.5,9.3,No
42,Research & Development,6.3,1,4,26000,1,No,22.6,3,6.7,2.3,No
33,Sales,8.1,3,3,58100,5,No,13.5,3,2.3,7.0,No
29,Research & Development,4.8,3,4,41600,0,No,19.5,3,0.4,0.0,No
30,Human Resources,7.6,3,3,35000,4,Yes,11.1,3,5.2,0.2,No
50,Research & Development,6.2,3,3,43500,2,No,8.3,3,2.0,3.9,No
28,Sales,14.4,3,1,57100,4,No,22.8,4,11.8,0.2,No
34,Sales,10.9,3,3,36700,2,No,11.9,4,5.3,1.4,No
49,Sales,18.3,2,3,39200,3,No,16.0,3,6.3,6.3,No
50,Research & Development,24.3,1,3,42600,3,No,17.6,3,7.5,4.6,No
32,Research & Development,8.7,3,3,54000,2,No,23.2,4,11.6,1.6,No
44,Research & Development,6.1,4,1,61500,3,No,16.6,4,4.4,0.3,No
22,Research & Development,13.1,4,1,64800,6,No,15.2,4,14.0,2.6,No
25,Research & Development,14.0,4,4,54500,1,Yes,23.1,4,0.5,0.0,No
49,Research & Development,13.5,2,4,27000,2,No,19.9,2,17.3,1.7,No
22,Research & Development,4.2,1,3,46800,4,No,16.0,3,9.6,1.3,No
39,Research & Development,6.5,2,3,48600,4,Yes,21.7,3,5.6,4.5,No
40,Human Resources,5.1,3,4,20000,1,No,16.5,2,9.4,5.1,No
48,Research & Development,7.6,3,4,47800,3,No,22.2,3,15.3,1.1,No
28,Sales,19.3,3,4,44600,0,Yes,12.4,3,5.6,0.3,Yes
57,Research & Development,3.3,2,1,61300,4,Yes,24.9,3,9.1,2.0,No
30,Sales,5.1,3,4,31000,2,No,21.3,3,9.9,0.6,No
34,Research & Development,22.6,2,4,48200,2,No,13.8,3,5.3,4.1,No
26,Sales,3.6,2,3,68900,2,No,16.7,2,1.2,4.2,No
44,Research & Development,0.9,3,3,31100,3,No,9.3,3,8.6,1.7,No
50,Research & Development,0.2,3,4,43100,6,No,17.9,4,5.9,4.4,No
31,Human Resources,4.2,4,4,25000,4,No,22.0,3,13.7,2.4,No
57,Sales,25.9,3,2,60500,4,No,9.3,4,27.8,2.1,No
45,Research & Development,16.7,2,4,34300,4,Yes,18.6,3,11.0,3.1,No
34,Sales,2.2,3,3,20000,4,No,19.2,4,9.1,5.5,No
51,Sales,32.2,1,3,67100,3,No,17.5,4,5.5,7.2,No
39,Research & Development,29.5,2,4,39200,1,No,18.6,4,0.3,0.0,No
35,Research & Development,1.2,1,3,55900,3,Yes,13.9,3,11.5,3.1,No
50,Human Resources,6.1,2,4,20500,4,Yes,9.6,4,2.1,2.8,No
30,Human Resources,2.0,3,1,27700,1,No,19.3,3,1.6,0.5,No
33,Research & Development,3.0,2,1,86600,2,No,14.7,3,0.3,0.0,No
27,Sales,1.9,3,1,37700,2,No,20.1,3,1.6,6.2,No
40,Sales,0.3,3,3,36800,2,No,22.1,3,3.1,6.7,Yes
38,Research & Development,23.6,3,2,34900,0,No,14.0,2,7.8,3.7,Yes
40,Research & Development,2.6,3,3,30200,2,Yes,11.6,4,2.1,3.8,No
35,Sales,18.5,4,3,26700,5,Yes,21.0,2,12.0,1.5,No
51,Human Resources,7.4,4,2,20000,3,Yes,20.4,3,4.4,1.3,Yes
39,Human Resources,24.4,4,1,24600,1,No,24.1,4,7.7,0.2,Yes
46,Research & Development,11.0,4,4,48000,4,No,18.4,2,2.9,0.5,No
59,Sales,18.7,4,4,59200,2,No,17.7,3,1.2,1.0,No
22,Human Resources,21.7,4,3,29700,2,No,19.7,4,3.4,1.0,No
56,Sales,3.9,1,4,30000,2,Yes,9.9,1,3.6,0.6,No
33,Research & Development,0.5,3,2,43100,4,No,14.6,3,2.8,2.6,No
46,Sales,1.3,2,4,66700,1,No,23.8,3,0.9,0.0,No
56,Research & Development,17.2,1,3,37400,0,No,11.1,4,2.1,1.2,No
24,Research & Development,2.6,1,2,40000,4,Yes,13.3,2,3.5,2.8,No
56,Research & Development,11.1,2,3,20400,2,No,24.5,2,6.6,0.4,No
47,Research & Development,1.2,3,4,25600,1,No,11.0,4,6.7,0.8,No
56,Sales,23.5,2,1,20000,6,No,14.6,4,2.5,0.5,No
31,Human Resources,20.6,1,4,32100,3,No,14.4,4,13.6,10.1,No
47,Sales,5.5,1,1,30700,1,Yes,17.1,2,5.6,1.9,Yes
33,Sales,14.3,1,2,31100,1,No,11.7,4,7.3,5.0,No
44,Human Resources,15.8,2,4,28300,2,No,24.2,4,14.1,11.5,No
55,Research & Development,12.1,2,3,41600,3,No,16.7,4,1.7,3.1,No
38,Research & Development,2.3,2,3,59600,1,Yes,8.2,2,0.5,0.0,No
58,Research & Development,24.0,2,2,53700,5,Yes,22.1,3,3.8,0.0,No
34,Research & Development,10.8,2,3,31400,2,No,10.8,3,24.6,7.3,No
34,Research & Development,21.0,2,4,59300,1,Yes,11.1,3,10.6,1.8,No
34,Research & Development,8.3,2,3,33800,3,No,16.4,3,7.0,3.2,No
32,Research & Development,13.8,1,4,34000,2,No,18.1,1,13.6,0.5,No
59,Human Resources,5.0,2,3,31300,0,Yes,23.1,3,2.3,0.3,Yes
30,Sales,5.4,3,2,45300,5,No,24.0,3,5.1,5.3,No
40,Sales,5.2,4,3,53500,2,Yes,19.0,3,8.1,3.5,No
57,Sales,40.1,1,4,39000,4,Yes,21.7,3,5.5,0.2,No
35,Research & Development,3.1,2,4,125800,3,No,12.6,4,1.0,4.0,No
34,Sales,3.5,2,2,26800,3,Yes,13.5,1,8.7,1.0,No
30,Sales,2.5,2,1,44200,2,Yes,21.1,4,6.5,0.3,No
22,Sales,4.4,3,3,57100,2,Yes,24.4,3,2.9,0.8,No
23,Research & Development,10.2,2,4,83400,3,No,16.1,3,0.1,0.0,No
27,Research & Development,12.6,4,3,42600,1,No,16.8,1,40.0,0.8,Yes
24,Research & Development,2.2,2,2,47000,3,No,13.7,3,15.5,3.9,Yes
51,Research & Development,43.7,4,4,49000,2,No,17.6,3,21.3,4.4,No
40,Sales,7.5,1,4,30300,1,No,12.6,2,3.3,1.8,No
22,Sales,0.5,1,1,45200,3,No,20.5,3,8.4,1.9,No
23,Research & Development,2.2,4,2,39500,0,Yes,24.5,2,5.6,4.0,No
58,Sales,10.5,3,2,45500,6,No,9.5,3,0.5,0.0,Yes
43,Sales,9.5,3,4,47300,4,Yes,13.2,4,0.3,0.0,No
24,Research & Development,3.0,3,3,49900,2,Yes,24.3,3,17.9,10.4,No
23,Sales,9.4,2,1,35000,2,No,8.7,3,3.0,0.1,No
51,Sales,5.1,4,3,31700,5,No,8.2,3,1.4,0.6,No
28,Sales,7.3,2,4,41300,4,No,14.9,3,1.3,4.6,No
58,Sales,14.7,4,2,26300,1,No,20.1,2,8.7,0.6,No
40,Sales,12.2,2,3,20000,1,Yes,15.5,2,6.2,6.3,No
22,Sales,1.9,3,1,33800,4,No,17.0,3,2.1,0.6,No
54,Sales,3.9,1,4,28100,3,Yes,13.7,3,1.4,2.3,No
50,Research & Development,1.5,4,3,64800,1,Yes,12.3,2,3.1,4.4,No
29,Sales,3.3,1,1,49300,1,No,16.9,4,2.3,1.8,No
29,Sales,16.7,4,3,60200,1,Yes,21.8,3,1.6,4.4,No
47,Research & Development,4.6,2,3,62200,3,No,12.7,4,1.6,6.8,No
40,Research & Development,16.4,3,3,45600,1,No,12.8,4,9.0,3.1,No
39,Sales,17.6,4,3,46200,7,Yes,18.5,4,8.5,2.9,No
57,Research & Development,2.9,2,1,23600,2,No,24.4,2,3.2,1.1,No
46,Research & Development,9.1,4,4,53600,2,No,10.0,1,16.8,5.4,No
32,Sales,0.9,3,3,30000,2,No,16.2,3,12.4,2.4,No
38,Sales,2.2,1,2,25700,3,No,12.3,3,13.4,0.0,No
30,Research & Development,11.6,4,3,32500,2,Yes,19.9,4,0.7,0.0,No
57,Research & Development,8.3,2,2,61000,2,No,11.9,3,10.2,1.0,No
39,Human Resources,1.6,2,3,23600,1,No,15.7,3,2.5,0.7,No
31,Research & Development,1.9,1,2,92700,1,No,20.1,3,5.7,1.6,No
23,Research & Development,7.2,2,2,35900,0,No,19.3,3,21.3,0.4,No
33,Research & Development,6.8,1,2,54200,1,No,10.1,2,1.9,4.0,Yes
36,Sales,6.2,1,3,61200,2,Yes,18.8,3,1.1,2.9,Yes
45,Sales,11.1,4,2,38200,2,No,21.8,3,2.8,0.2,No
46,Human Resources,16.5,1,4,34200,2,No,21.0,1,10.3,5.8,No
42,Research & Development,8.0,2,3,22900,1,No,12.7,3,2.5,0.4,No
32,Sales,12.8,1,2,42300,3,No,20.9,3,5.4,5.4,Yes
38,Sales,1.7,4,4,36900,1,Yes,14.9,3,2.2,2.0,Yes
46,Sales,4.2,3,3,20000,5,Yes,17.8,4,4.2,5.1,Yes
31,Sales,13.3,3,2,48300,2,Yes,23.5,3,3.1,1.0,Yes
25,Sales,8.3,3,2,59400,0,No,17.4,4,5.5,3.0,No
38,Human Resources,0.7,3,4,29300,0,No,15.5,3,11.0,4.1,No
45,Sales,5.4,3,4,23000,5,No,23.4,3,8.3,0.4,No
55,Research & Development,12.0,3,4,43200,5,No,23.7,2,13.3,0.9,No
56,Sales,13.0,2,2,31500,1,No,23.3,3,7.7,1.8,No
56,Sales,7.0,3,4,29200,3,No,24.0,4,13.2,1.8,No
23,Research & Development,7.0,2,2,37000,3,No,18.4,3,1.6,2.1,No
26,Research & Development,4.0,3,2,33700,5,Yes,21.9,3,0.9,0.0,No
55,Research & Development,34.5,2,3,53500,0,No,18.9,4,18.4,0.1,No
56,Research & Development,6.5,3,4,89900,4,Yes,9.8,3,11.2,3.6,No
42,Research & Development,7.0,1,2,39900,2,No,17.3,3,10.1,0.7,No
56,Sales,26.4,3,3,39700,5,No,19.4,4,6.9,5.1,No
55,Sales,5.5,2,2,59900,2,Yes,23.8,3,16.5,2.9,Yes
58,Sales,12.5,1,2,31700,1,No,12.4,3,9.6,0.9,No
22,Research & Development,7.9,1,3,57300,1,No,13.5,2,0.5,0.0,No
40,Sales,0.6,2,3,33800,5,Yes,12.5,2,6.2,3.6,No
53,Human Resources,24.8,2,2,28000,1,No,17.2,4,3.0,10.0,No
55,Research & Development,19.3,2,1,31100,0,Yes,20.9,3,6.4,5.4,Yes
40,Sales,1.5,1,2,21400,3,No,9.9,2,6.4,0.5,No
57,Research & Development,32.3,2,3,43700,8,No,19.6,3,4.0,0.3,No
27,Research & Development,5.1,4,2,48800,3,No,12.9,2,1.4,2.1,No
32,Sales,2.6,3,4,30900,4,Yes,13.9,3,7.3,0.7,No
50,Sales,1.2,4,3,21200,1,No,16.3,4,6.9,0.6,Yes
40,Research & Development,3.6,4,3,82400,7,No,21.3,4,1.8,1.4,No
50,Human Resources,15.6,2,2,20000,2,No,9.1,2,0.6,0.0,No
30,Human Resources,48.4,3,3,46100,1,Yes,11.3,3,8.0,2.5,No
26,Research & Development,11.7,3,4,83200,2,Yes,24.7,3,4.8,3.3,Yes
51,Sales,16.0,3,2,21500,2,No,13.5,3,4.8,5.3,No
41,Research & Development,24.6,3,2,62500,0,No,10.7,4,2.6,4.9,No
28,Sales,2.6,1,3,58000,7,Yes,19.1,3,18.6,0.5,Yes
41,Sales,15.0,3,2,44800,4,No,17.4,2,10.9,2.6,No
54,Research & Development,1.5,1,3,38500,1,No,14.6,3,6.1,4.3,No
42,Human Resources,28.6,1,1,23100,3,No,20.3,3,17.2,4.9,Yes
27,Research & Development,1.7,3,4,52000,4,No,16.4,3,4.6,6.5,No
56,Research & Development,10.6,3,2,51400,5,No,21.3,4,6.0,0.5,Yes
50,Sales,8.6,1,3,23600,1,Yes,15.1,3,14.5,1.9,No
31,Human Resources,22.9,3,2,20000,1,No,11.0,4,1.9,2.5,Yes
38,Research & Development,17.5,4,1,20000,2,No,10.8,2,18.1,1.5,No
55,Sales,33.0,3,3,20000,4,No,20.6,4,13.4,3.1,No
50,Research & Development,25.1,2,2,59000,2,Yes,23.9,1,8.9,1.7,No
52,Research & Development,6.5,2,3,33000,3,No,13.4,3,2.4,0.8,No
28,Research & Development,12.1,4,1,40800,2,No,21.6,1,1.2,2.9,No
51,Human Resources,2.1,4,4,34600,3,No,13.5,3,0.6,0.0,No
56,Research & Development,6.1,2,2,29900,2,No,24.5,1,0.1,0.0,No
58,Sales,1.8,2,4,26200,1,Yes,15.6,4,7.9,5.1,No
23,Research & Development,6.4,3,3,38600,1,Yes,11.3,3,22.4,0.5,No
36,Research & Development,24.7,1,3,43600,0,No,13.0,3,4.6,0.6,No
56,Sales,12.2,2,2,40600,5,No,23.1,3,10.5,7.6,No
27,Research & Development,3.9,2,2,20000,3,Yes,20.0,3,17.0,5.9,Yes
50,Research & Development,3.5,2,3,68400,3,No,19.8,3,9.5,2.3,No
35,Research & Development,0.5,3,4,47000,2,No,13.9,3,15.6,16.8,No
26,Research & Development,5.9,1,1,96800,2,Yes,13.6,2,13.5,4.7,No
36,Research & Development,6.8,4,4,59900,5,No,12.0,3,3.9,3.4,Yes
55,Research & Development,5.4,2,3,38800,5,Yes,22.4,3,2.6,2.0,No
33,Research & Development,20.1,4,3,69700,3,No,17.1,3,3.1,2.4,No
44,Human Resources,5.5,2,4,51200,0,No,16.9,4,16.4,0.1,No
24,Human Resources,3.1,2,2,20000,5,Yes,17.5,3,15.6,1.8,Yes
37,Sales,6.8,2,3,71000,5,No,17.1,3,10.5,3.7,No
47,Sales,1.1,3,3,52700,3,No,11.5,2,9.3,2.4,No
40,Sales,19.9,1,3,33000,3,No,14.9,3,2.5,5.2,No
35,Human Resources,12.5,4,3,37300,7,No,15.8,3,0.0,0.0,No
26,Sales,5.2,3,3,30300,5,No,22.9,2,8.6,24.9,No
42,Research & Development,16.7,3,2,33400,2,No,17.5,3,6.1,1.1,No
59,Research & Development,21.2,1,4,63200,0,No,19.0,1,5.0,9.4,No
39,Sales,2.8,3,1,52100,3,No,9.2,3,3.2,2.2,No
54,Research & Development,5.9,3,3,51800,1,No,11.0,2,0.5,0.0,No
38,Sales,6.4,4,4,41200,1,No,22.8,4,7.4,9.3,No
51,Research & Development,0.5,2,3,58500,1,No,10.9,3,1.7,5.5,No
47,Sales,8.2,2,2,28100,1,No,24.5,4,3.5,2.0,No
42,Sales,9.3,3,2,21600,2,No,11.3,3,15.9,1.0,No
57,Research & Development,48.2,2,3,30100,2,No,8.2,3,0.4,0.0,No
39,Sales,4.2,1,1,30000,2,Yes,12.5,3,8.2,0.3,Yes
24,Research & Development,58.9,3,3,52900,1,Yes,9.0,2,2.6,5.7,No
26,Sales,12.4,2,2,71300,4,No,16.5,3,4.2,2.9,No
26,Sales,7.5,2,1,29600,1,No,20.6,4,14.6,0.5,No
46,Human Resources,4.5,3,2,49200,2,Yes,13.6,3,1.7,0.3,Yes
53,Research & Development,1.3,3,2,20000,2,No,23.4,3,1.0,3.6,No
40,Research & Development,5.9,4,1,38400,1,No,16.0,4,0.3,0.0,No
24,Sales,4.0,1,3,39100,3,No,8.7,4,0.2,0.0,No
36,Human Resources,9.4,4,1,51600,0,No,8.6,3,6.3,4.3,No
52,Research & Development,6.4,2,3,65700,2,No,17.8,3,2.9,6.5,No
56,Human Resources,15.3,3,1,40800,3,No,12.1,4,19.5,6.7,No
54,Human Resources,10.3,3,1,47400,1,No,17.2,4,0.4,0.0,No
31,Research & Development,15.0,4,1,36000,0,Yes,17.9,3,7.3,3.5,No
42,Research & Development,8.0,2,3,51100,4,No,15.9,4,3.3,4.8,No
57,Research & Development,0.5,4,3,40700,3,Yes,17.2,4,24.4,3.1,No
48,Sales,3.6,4,2,24600,1,No,11.1,3,0.0,0.0,Yes
34,Human Resources,5.8,2,1,28400,1,No,17.4,3,11.6,3.1,No
24,Research & Development,18.3,4,4,47300,5,No,23.8,4,4.6,4.1,No
23,Research & Development,1.1,3,3,35200,10,No,14.2,3,10.4,2.4,No
26,Sales,2.7,3,3,20400,4,No,23.2,3,2.1,3.7,No
36,Research & Development,1.4,2,3,43300,3,No,22.5,4,5.6,3.0,No
44,Research & Development,16.6,2,4,36500,4,No,21.6,3,10.9,8.8,No
34,Research & Development,1.4,4,3,42500,3,No,17.3,4,0.2,0.0,No
32,Research & Development,9.7,2,4,67700,1,No,13.6,2,1.8,6.3,No
26,Human Resources,13.5,3,2,36500,3,Yes,8.1,3,7.2,0.2,No
58,Research & Development,4.3,2,2,38400,1,No,21.7,3,7.8,2.3,No
32,Sales,0.0,3,3,37000,1,No,24.9,3,0.2,0.0,No
38,Human Resources,1.8,3,2,42800,1,No,20.3,4,11.5,2.2,Yes
35,Sales,6.4,4,3,48000,3,Yes,23.1,3,5.7,2.1,No
34,Research & Development,0.3,3,3,76600,2,No,13.1,3,0.9,0.0,No
59,Research & Development,2.3,3,2,23500,4,No,10.4,3,8.0,0.1,No
50,Human Resources,13.6,3,4,27800,2,Yes,15.5,3,8.6,1.0,No
44,Sales,18.5,3,4,33400,2,Yes,11.5,3,7.6,0.1,No
38,Research & Development,16.0,1,2,20000,3,No,22.8,3,1.9,2.4,No
40,Sales,7.0,4,3,34600,1,Yes,13.2,3,3.8,0.5,No
43,Research & Development,38.7,2,2,34500,5,Yes,21.4,3,2.5,4.7,No
56,Research & Development,49.7,4,3,54700,3,No,23.9,2,2.9,4.0,No
53,Sales,38.3,1,4,32800,3,No,24.8,3,0.9,0.0,No
53,Sales,12.6,2,4,37500,6,Yes,19.6,3,5.0,0.1,No
44,Sales,10.8,3,2,36200,3,No,9.7,2,6.9,2.3,No
25,Human Resources,14.5,4,2,28400,3,Yes,22.0,3,6.3,7.8,Yes
48,Research & Development,13.5,2,4,29900,2,No,19.3,4,11.4,0.1,No
28,Research & Development,1.2,2,2,27800,3,Yes,15.6,3,2.0,5.4,No
45,Sales,1.4,3,2,50100,0,Yes,15.4,2,2.2,11.6,Yes
24,Research & Development,0.3,3,3,49900,4,No,21.6,3,7.6,2.1,No
37,Research & Development,23.8,3,2,37900,4,Yes,17.3,3,7.2,0.7,Yes
37,Research & Development,4.1,2,4,40300,2,No,20.8,2,2.3,7.6,No
50,Sales,10.9,1,4,26500,2,Yes,22.3,3,3.4,1.8,No
58,Human Resources,3.5,4,2,31400,2,No,18.7,4,1.0,1.3,No
23,Research & Development,0.5,3,3,40100,3,No,12.9,4,0.8,0.0,No
32,Sales,6.3,2,2,47600,4,Yes,22.1,3,8.6,1.3,No
53,Sales,7.3,2,2,20000,0,No,8.9,2,4.9,1.8,Yes
53,Sales,8.2,2,3,32100,3,No,9.2,3,5.7,3.7,No
29,Sales,13.1,3,4,51600,2,No,17.6,4,1.2,7.3,No
38,Research & Development,13.7,3,3,45800,0,Yes,18.9,3,11.2,3.2,No
31,Research & Development,10.8,3,4,54300,2,No,24.1,3,0.4,0.0,No
50,Research & Development,1.6,1,3,35000,1,No,17.9,3,11.8,0.0,No
59,Human Resources,44.9,1,3,22000,4,No,17.7,3,23.2,3.8,No
59,Research & Development,8.2,4,4,38600,2,Yes,22.1,2,6.6,1.3,No
34,Human Resources,14.5,3,3,26100,3,No,14.1,3,8.1,13.5,Yes
52,Research & Development,2.0,2,1,44600,1,No,15.3,4,2.6,2.2,Yes
33,Research & Development,7.4,4,4,33300,5,No,20.5,3,9.2,1.4,No
44,Sales,0.2,2,2,73500,6,No,9.6,3,3.7,4.6,No
47,Research & Development,2.7,3,3,89900,3,No,10.6,2,5.0,2.1,No
22,Research & Development,16.1,3,3,72700,2,No,22.5,4,1.4,1.1,No
37,Research & Development,4.9,2,1,42200,4,No,18.5,3,2.7,0.2,Yes
27,Research & Development,4.5,1,4,30300,2,No,9.1,2,0.6,0.0,No
51,Research & Development,7.3,4,3,38400,1,No,19.7,3,2.0,8.7,No
34,Research & Development,9.0,2,4,26300,2,No,23.0,3,4.1,5.2,No
38,Research & Development,2.0,2,2,89400,1,Yes,21.4,4,0.7,0.0,No
52,Research & Development,14.1,3,3,35100,0,No,23.2,3,1.8,0.9,No
28,Sales,3.4,4,3,29800,4,No,12.9,3,1.1,2.0,Yes
32,Research & Development,3.4,1,3,33200,1,No,24.3,2,5.6,1.0,No
54,Sales,28.0,1,2,76700,2,No,8.8,3,3.0,3.3,No
40,Research & Development,4.2,4,3,34000,1,Yes,13.3,3,8.2,5.4,No
30,Sales,2.1,1,4,57800,2,No,13.5,4,11.1,9.0,No
28,Research & Development,1.1,2,1,33400,0,No,10.1,3,3.8,0.0,No
48,Research & Development,11.8,3,4,53200,1,No,16.2,1,7.1,11.6,No
42,Sales,0.9,4,3,39700,1,No,16.2,3,0.1,0.0,No
52,Research & Development,17.2,1,3,42000,4,No,22.0,2,12.4,2.1,No
45,Research & Development,3.4,1,4,48700,1,No,12.0,2,9.7,2.6,No
35,Sales,3.5,1,2,22800,2,No,19.4,3,2.4,1.7,No
58,Research & Development,2.5,3,1,43800,0,No,17.7,3,16.4,3.0,No
33,Sales,2.8,2,4,61400,4,No,19.2,1,9.0,1.7,No
32,Research & Development,14.9,3,3,71800,6,No,14.0,3,10.3,4.5,No
22,Sales,18.8,3,2,24600,2,Yes,17.4,4,4.1,2.7,No
44,Research & Development,2.5,2,2,47500,0,No,16.9,2,8.3,0.1,No
48,Research & Development,21.5,4,4,31200,5,Yes,9.6,4,8.5,6.3,Yes
55,Sales,2.3,4,2,40400,1,Yes,10.8,2,22.4,0.0,No
23,Human Resources,4.6,1,3,26700,3,Yes,23.2,3,0.1,0.0,No
29,Research & Development,22.5,3,3,32000,1,No,15.5,2,1.0,1.1,No
35,Research & Development,5.3,2,4,71500,0,Yes,15.9,4,2.5,5.0,No
33,Research & Development,3.7,3,3,45000,2,No,13.6,2,1.9,0.9,No
56,Research & Development,4.2,2,4,36700,1,No,23.8,3,4.4,4.0,No
37,Research & Development,2.0,2,4,50100,2,Yes,20.3,3,2.3,0.5,No
29,Research & Development,1.8,4,4,56500,2,No,9.4,1,15.5,0.6,No
44,Research & Development,20.9,2,3,29800,2,Yes,23.9,2,9.9,0.7,No
37,Research & Development,2.0,2,1,42600,3,No,14.0,3,6.4,0.6,No
23,Research & Development,0.8,1,4,28900,2,No,18.5,4,2.2,0.4,No
36,Research & Development,5.1,1,4,47700,1,No,15.3,4,32.0,0.8,No
32,Research & Development,31.3,3,3,32800,2,Yes,17.5,4,0.1,0.0,No
27,Research & Development,2.0,4,4,29300,0,Yes,13.5,3,3.5,5.8,No
22,Research & Development,14.6,1,2,48600,1,No,22.1,3,10.4,7.6,No
57,Research & Development,15.0,3,3,33500,1,No,13.9,3,3.8,5.0,No
46,Sales,2.9,1,2,50400,1,No,15.1,4,1.4,4.8,No
36,Research & Development,22.8,1,4,32100,4,No,16.1,4,0.3,0.0,No
44,Research & Development,13.2,3,3,41700,2,No,8.7,3,2.1,1.7,No
52,Sales,2.2,3,3,21000,2,Yes,24.5,4,10.5,0.0,No
24,Research & Development,3.2,4,4,35500,4,No,20.1,3,3.4,0.9,No
36,Research & Development,7.3,2,2,66800,1,No,16.7,3,6.1,8.2,No
57,Human Resources,1.3,2,3,20000,1,No,19.5,3,1.5,1.2,No
32,Research & Development,9.2,4,2,26100,4,No,11.1,3,3.4,8.8,Yes
26,Research & Development,5.6,3,4,40500,4,No,19.7,3,14.3,8.3,No
49,Research & Development,0.5,4,1,73500,1,No,13.1,3,25.0,2.3,Yes
24,Human Resources,9.6,1,4,29900,0,No,17.8,4,6.1,0.5,No
29,Sales,17.4,3,3,33800,3,No,21.8,3,1.5,0.6,No
41,Sales,7.6,2,2,37200,3,No,13.7,3,9.7,5.3,Yes
31,Research & Development,8.4,3,2,50800,1,No,22.8,3,5.6,2.2,Yes
56,Research & Development,16.9,2,4,26100,4,No,20.5,4,18.5,0.0,No
41,Research & Development,20.2,1,4,74300,1,Yes,12.1,3,6.5,9.8,No
40,Sales,3.5,3,1,36300,4,Yes,20.0,2,4.9,3.3,No
59,Research & Development,19.1,3,3,23600,2,No,19.1,3,2.3,3.4,No
35,Sales,12.0,4,2,35000,3,Yes,9.3,3,1.3,1.3,No
29,Human Resources,8.3,3,1,22300,3,No,24.1,3,0.3,0.0,No
39,Research & Development,1.9,4,4,38600,1,No,15.7,2,0.0,0.0,No
40,Research & Development,2.4,1,3,41000,6,No,19.4,3,8.1,2.2,No
37,Human Resources,18.2,3,2,28700,2,No,14.7,2,1.4,0.9,No
35,Sales,0.2,2,3,39400,1,No,10.1,4,1.8,9.2,Yes
24,Human Resources,0.6,2,1,32700,4,No,12.5,3,1.2,0.8,No
58,Sales,9.2,3,1,23000,2,No,15.6,1,1.7,5.2,Yes
45,Sales,18.1,2,4,53200,1,Yes,21.6,4,1.9,10.2,No
32,Human Resources,6.2,2,2,49700,6,No,16.4,2,2.8,0.9,No
55,Research & Development,3.5,1,4,52200,1,Yes,8.3,2,0.4,0.0,No
50,Research & Development,4.7,2,3,41800,3,No,10.2,3,2.3,3.8,No
58,Research & Development,0.5,1,3,79600,4,Yes,12.9,4,11.0,1.1,No
57,Research & Development,0.8,1,4,58100,2,No,11.6,3,0.8,0.0,No
44,Research & Development,0.4,2,4,67500,2,No,19.3,3,1.0,6.8,No
37,Research & Development,10.6,2,2,40300,4,No,15.2,3,0.9,0.0,No
33,Human Resources,7.9,4,2,31000,0,No,23.7,3,2.1,0.4,Yes
36,Sales,0.2,1,1,49800,2,No,23.4,3,10.7,4.3,No
56,Human Resources,33.6,3,4,22300,1,No,13.6,4,3.5,1.0,No
45,Research & Development,2.6,1,3,59400,3,Yes,19.6,3,4.8,1.5,Yes
34,Research & Development,14.9,3,3,42600,3,Yes,13.7,3,4.2,0.9,No
29,Sales,13.7,3,3,46800,3,No,10.5,4,4.8,4.6,No
48,Research & Development,9.1,3,2,56200,8,Yes,20.8,3,13.2,2.3,No
49,Research & Development,16.7,1,2,45000,3,No,22.9,4,12.3,2.9,No
28,Research & Development,2.2,1,3,45700,2,No,16.4,2,0.6,0.0,No
52,Research & Development,23.2,1,2,43800,3,No,21.3,3,1.7,1.6,Yes
25,Research & Development,24.4,1,2,42000,2,Yes,18.1,4,1.9,0.3,Yes
33,Human Resources,1.5,3,3,44000,4,No,8.7,3,11.2,3.0,No
25,Sales,21.4,3,2,25400,2,No,24.5,4,4.8,1.5,No
24,Research & Development,3.4,3,2,71800,2,No,18.4,3,2.5,2.8,Yes
43,Research & Development,5.3,4,3,26700,3,No,21.2,2,0.5,0.0,No
27,Research & Development,7.9,3,4,27600,2,No,24.0,3,6.9,19.2,No
54,Sales,17.9,4,2,28200,3,No,14.4,2,1.6,4.4,Yes
33,Sales,20.0,1,3,36800,2,No,20.2,3,2.7,0.4,No
24,Sales,4.8,3,2,49100,5,Yes,16.6,3,18.6,3.7,No
30,Research & Development,10.1,1,3,48200,1,No,11.8,3,3.4,0.9,No
50,Human Resources,0.3,2,2,20000,4,No,13.6,4,1.9,2.2,Yes
54,Research & Development,17.7,4,3,39400,2,No,24.3,3,8.0,1.0,No
25,Sales,30.3,3,2,38000,2,Yes,16.3,1,0.8,0.0,Yes
46,Sales,11.9,3,4,35600,2,No,23.8,3,2.3,9.3,No
56,Human Resources,6.9,3,3,24200,2,No,22.2,2,6.3,0.4,No
57,Research & Development,0.8,1,2,51300,3,No,13.8,4,3.3,3.6,No
29,Sales,12.2,3,3,32000,3,No,12.2,3,5.0,5.4,No
55,Research & Development,8.9,3,2,37200,5,No,19.0,1,3.6,0.3,Yes
50,Research & Development,5.6,1,3,35100,4,No,8.1,4,5.0,8.4,No
55,Research & Development,7.6,2,4,61600,4,Yes,14.1,3,8.2,4.2,No
44,Research & Development,15.0,4,2,23200,3,No,13.0,2,8.3,7.3,No
22,Sales,20.2,3,2,66700,0,No,21.7,2,2.8,1.0,No
23,Research & Development,1.0,4,3,42800,0,No,13.3,3,2.8,0.4,No
43,Research & Development,16.0,2,4,47100,1,No,18.0,3,5.3,13.1,No
57,Research & Development,4.3,2,3,36100,1,No,14.3,3,11.7,0.4,No
37,Research & Development,5.5,3,3,20000,2,No,22.5,3,22.9,3.3,No
35,Research & Development,14.6,2,3,54600,1,No,21.0,2,2.1,2.3,No
26,Research & Development,16.0,3,1,50900,1,No,20.8,3,6.6,3.7,No
33,Sales,0.5,3,2,27800,1,No,8.4,3,0.0,0.0,No
23,Research & Development,9.6,3,4,49600,2,No,8.5,3,1.9,3.9,No
55,Research & Development,2.2,3,2,48500,4,No,10.5,2,8.1,2.5,Yes
39,Sales,13.4,1,1,112800,2,No,18.0,2,10.5,0.0,Yes
27,Sales,14.7,3,3,38900,0,Yes,16.0,3,4.7,0.9,No
33,Human Resources,26.6,4,4,26300,4,No,12.8,4,35.4,0.3,No
49,Research & Development,3.7,3,3,41000,5,No,14.4,4,4.4,3.9,No
28,Sales,13.3,3,3,37900,1,Yes,12.4,4,0.7,0.0,No
59,Sales,22.0,3,2,20000,3,No,9.0,1,3.4,2.7,No
30,Human Resources,2.1,3,3,21400,2,No,19.1,2,6.0,2.7,No
41,Research & Development,7.7,1,2,34600,3,No,14.6,3,5.7,1.0,No
33,Research & Development,4.0,1,3,59900,1,No,22.9,4,14.9,0.5,No
38,Research & Development,20.4,2,3,52400,3,No,24.1,2,1.2,2.5,No
57,Sales,9.9,2,4,25100,3,Yes,14.1,3,1.5,1.8,No
22,Human Resources,0.7,4,3,37400,4,Yes,14.4,1,8.3,1.6,No
34,Sales,3.4,3,1,31900,4,No,8.8,4,1.4,9.7,No
43,Human Resources,22.8,3,2,45800,1,Yes,12.8,2,14.6,10.3,Yes
31,Research & Development,7.8,3,4,90600,4,No,18.9,2,8.8,11.5,No
39,Sales,0.1,3,3,33500,7,No,18.0,3,2.5,0.3,No
32,Research & Development,8.1,1,1,35600,3,Yes,18.0,3,1.1,9.9,No
29,Sales,1.5,3,3,38700,4,No,18.1,1,3.1,4.0,No
56,Sales,8.7,2,3,20000,3,No,22.3,3,5.9,1.8,No
57,Research & Development,8.1,3,3,46100,1,No,11.3,4,2.1,0.0,Yes
48,Research & Development,0.9,1,4,22400,2,No,15.8,3,3.7,2.8,No
36,Human Resources,2.7,3,4,35300,1,Yes,19.5,4,14.1,11.5,No
23,Research & Development,1.9,2,3,71800,3,No,9.8,3,0.8,0.0,No
26,Sales,4.2,3,1,42500,2,No,20.7,3,9.7,0.4,No
38,Research & Development,21.9,3,1,20000,3,No,13.7,3,0.3,0.0,Yes
32,Research & Development,9.1,3,3,83900,3,No,22.6,3,2.4,1.3,No
54,Sales,3.3,4,2,38600,3,No,10.7,2,1.4,0.2,Yes
59,Research & Development,7.7,1,1,30800,2,Yes,14.0,4,5.2,0.3,No
45,Sales,16.4,3,2,51400,3,No,14.0,4,3.4,1.3,No
58,Research & Development,15.0,3,2,48000,2,No,23.9,4,2.3,5.1,Yes
27,Research & Development,43.2,4,4,38600,2,No,9.1,4,2.6,0.1,No
52,Research & Development,1.7,3,4,43800,4,Yes,24.4,2,1.6,4.3,No
32,Research & Development,10.6,2,3,31400,2,No,16.9,3,3.6,0.3,No
23,Research & Development,7.2,3,4,33900,2,No,12.6,3,14.9,7.4,No
51,Human Resources,5.6,3,3,31700,2,No,18.2,3,1.5,0.0,No
55,Research & Development,10.0,1,4,40700,3,Yes,10.8,3,0.9,0.0,No
43,Research & Development,67.2,2,2,43200,0,No,23.9,4,1.0,0.3,No
22,Sales,22.8,4,3,34100,2,No,12.5,1,9.5,14.4,No
58,Human Resources,8.7,3,2,25200,7,No,22.7,2,18.6,5.9,No
24,Research & Development,0.7,3,3,38100,1,No,24.7,4,14.4,2.6,No
28,Sales,20.0,3,4,40200,4,Yes,8.3,3,2.4,4.8,No
44,Research & Development,2.1,4,2,31000,4,No,9.1,3,1.3,0.6,Yes
59,Sales,10.7,3,1,31900,7,No,8.7,3,0.0,0.0,Yes
32,Research & Development,12.3,3,4,56000,3,No,22.0,4,0.5,0.0,No
25,Sales,9.1,2,4,32100,3,No,22.7,3,5.7,0.6,No
22,Human Resources,0.8,3,3,40900,6,No,13.0,3,15.8,0.7,No
37,Research & Development,17.1,2,1,36600,0,Yes,12.9,3,2.1,6.2,No
59,Sales,4.2,3,1,44300,5,Yes,8.8,3,2.5,4.2,No
30,Sales,1.0,2,3,36600,2,No,8.9,2,3.2,8.4,No
33,Human Resources,14.2,3,2,20000,6,No,24.9,4,1.4,1.6,Yes
30,Human Resources,3.7,2,3,20300,1,Yes,24.5,4,16.4,0.4,No
38,Research & Development,1.2,1,4,53200,1,Yes,8.5,3,1.3,3.1,No
39,Research & Development,0.6,4,1,51900,0,No,15.4,2,3.7,4.9,No
47,Human Resources,44.9,4,2,24100,6,Yes,16.9,3,0.4,0.0,No
45,Human Resources,17.6,3,2,21000,3,Yes,19.4,3,2.3,0.9,No
39,Sales,14.8,2,4,37400,2,No,23.0,3,0.8,0.0,No
29,Research & Development,7.0,3,2,24400,2,Yes,17.2,3,11.3,0.9,No
46,Research & Development,2.4,4,4,34900,2,No,24.0,2,11.1,0.3,No
57,Sales,16.1,2,3,42000,6,Yes,19.8,3,0.8,0.0,Yes
36,Research & Development,10.1,1,4,35200,1,No,11.7,3,15.7,4.1,No
42,Research & Development,10.1,4,3,75900,0,No,15.8,3,6.5,3.7,No
57,Research & Development,3.0,1,3,59800,3,No,22.4,2,5.0,3.1,No
47,Research & Development,0.9,3,3,40900,4,Yes,12.1,4,2.3,0.1,No
57,Sales,1.1,1,3,43600,4,Yes,14.7,3,3.6,0.1,No
30,Sales,0.9,4,4,53400,4,No,18.3,2,3.3,4.9,No
24,Research & Development,27.8,2,2,49900,3,Yes,16.3,3,4.4,1.9,No
30,Sales,1.1,1,2,25500,2,Yes,11.4,3,4.8,0.4,No
49,Sales,7.0,3,1,48400,1,Yes,19.2,3,5.6,1.2,No
28,Research & Development,7.5,4,1,70000,4,No,23.1,3,2.6,1.1,No
33,Research & Development,13.1,2,1,24800,1,No,22.5,3,13.6,6.8,No
34,Research & Development,29.3,2,3,41900,2,No,19.6,2,7.1,1.6,No
46,Human Resources,29.2,2,4,25800,5,No,16.4,2,0.9,0.0,No
49,Sales,0.1,4,3,20000,2,No,23.0,3,9.9,7.7,No
57,Research & Development,7.7,3,2,46900,1,No,23.5,1,1.1,9.8,Yes
58,Research & Development,2.9,4,3,38400,1,No,20.1,4,1.0,0.9,No
52,Sales,10.6,3,3,42400,4,No,19.1,3,6.1,0.2,No
38,Research & Development,3.4,2,2,52200,3,No,16.4,3,2.2,0.2,No
46,Sales,0.2,3,4,22800,2,Yes,24.3,4,9.5,0.9,No
47,Research & Development,9.6,2,1,31600,3,No,17.6,2,4.2,7.8,No
23,Sales,17.3,1,3,36400,2,No,16.0,4,0.0,0.0,No
40,Human Resources,10.5,3,4,47500,3,No,10.4,2,1.7,0.7,No
56,Research & Development,3.7,4,3,40700,3,No,10.0,3,1.7,2.3,No
29,Sales,41.0,4,3,28100,0,No,24.3,4,0.2,0.0,No
43,Human Resources,14.2,3,3,46000,3,Yes,15.0,3,3.8,15.8,Yes
41,Research & Development,5.0,3,3,49500,1,No,15.9,2,0.9,0.0,Yes
50,Sales,2.8,2,3,20700,2,No,17.2,3,2.0,1.4,No
30,Research & Development,0.8,2,4,70000,0,No,9.0,3,11.7,11.5,No
31,Research & Development,2.3,1,2,28600,2,No,14.8,2,1.0,9.5,No
32,Human Resources,2.5,4,4,37000,2,No,10.9,2,4.5,0.3,No
55,Sales,10.6,2,3,34700,1,No,13.3,3,1.3,11.2,No
55,Sales,27.4,2,4,22300,1,Yes,17.0,3,9.1,4.9,Yes
30,Sales,16.0,3,4,23700,2,No,22.9,2,7.3,6.4,No
45,Research & Development,1.9,2,4,25000,2,No,22.6,2,40.0,2.8,No
37,Research & Development,8.8,3,2,51600,2,No,13.5,3,20.0,0.2,No
49,Sales,19.0,1,4,21500,4,No,21.3,3,1.0,1.0,No
25,Human Resources,0.6,1,2,29200,4,No,18.0,4,4.0,3.5,No
51,Sales,9.1,1,4,52300,5,No,14.8,3,1.0,1.9,No
58,Sales,3.1,1,4,30000,1,Yes,20.1,2,4.2,6.0,No
52,Human Resources,12.9,1,4,27700,1,No,13.6,3,2.5,0.1,No
59,Sales,1.9,3,2,20000,2,Yes,24.6,3,10.4,0.3,Yes
39,Research & Development,2.8,3,4,29200,3,No,13.9,3,0.4,0.0,No
48,Sales,3.7,3,3,41700,4,No,22.7,3,8.0,1.1,No
31,Sales,5.3,2,3,52400,3,No,24.8,3,1.1,0.1,No
46,Human Resources,14.0,3,3,30500,1,No,22.9,4,6.2,0.1,No
52,Research & Development,1.1,4,2,42300,5,No,22.3,3,3.3,0.1,No
59,Sales,0.5,3,3,36800,3,No,14.5,3,2.0,2.1,No
41,Sales,2.3,2,4,40500,4,No,20.5,3,4.7,2.3,No
41,Research & Development,18.9,2,1,61200,5,No,17.4,4,1.0,5.6,No
42,Research & Development,3.2,4,2,33500,2,Yes,19.6,2,8.7,4.6,Yes
48,Research & Development,4.9,3,3,27700,1,No,21.6,3,5.9,0.9,No
51,Research & Development,2.8,3,3,32400,2,Yes,13.5,3,1.1,2.8,No
46,Research & Development,26.8,3,4,32700,2,No,10.2,3,2.2,1.0,No
28,Sales,2.1,1,4,61500,4,No,15.4,3,3.9,1.4,No
48,Sales,2.3,1,3,23200,4,No,23.5,3,11.4,1.1,No
40,Research & Development,4.5,1,2,27100,3,No,8.7,2,0.3,0.0,No
22,Sales,30.0,4,3,25600,3,No,22.6,2,7.3,2.8,No
32,Research & Development,22.4,1,3,55200,3,No,21.2,3,10.5,0.4,No
28,Sales,11.8,2,3,36100,2,No,16.7,4,2.3,1.0,No
34,Human Resources,5.4,3,1,20000,2,No,21.3,3,24.8,6.3,No
50,Research & Development,12.2,3,2,68900,0,Yes,19.4,4,35.8,1.3,No
26,Research & Development,2.0,1,3,61400,1,No,14.1,3,3.6,5.4,No
33,Research & Development,11.3,4,4,38900,4,Yes,24.9,3,13.4,2.8,No
39,Research & Development,0.0,4,3,38400,2,Yes,13.9,4,2.1,3.2,No
26,Research & Development,0.4,1,2,30000,2,No,12.6,4,15.6,2.5,No
51,Research & Development,0.3,2,4,63000,2,No,17.7,3,5.2,2.3,No
31,Research & Development,17.7,3,3,44700,1,No,14.6,3,1.0,9.2,No
37,Human Resources,0.3,3,3,30400,2,No,12.6,3,4.3,3.3,No
26,Human Resources,4.8,3,4,36100,3,No,18.5,4,5.9,0.1,No
56,Sales,7.5,1,3,39700,1,Yes,8.0,1,21.6,0.7,No
54,Human Resources,1.0,4,3,24300,2,No,20.2,3,0.2,0.0,No
50,Research & Development,3.7,2,2,41900,1,No,22.0,4,5.1,4.8,No
51,Human Resources,6.3,4,4,37900,7,No,19.8,3,10.7,0.0,No
24,Research & Development,14.3,3,3,48300,3,No,21.5,2,2.9,7.1,No
44,Sales,14.6,4,3,46800,6,No,22.2,4,0.9,0.0,No
22,Research & Development,3.6,4,4,30100,1,Yes,20.7,3,6.6,3.0,No
41,Sales,12.6,3,2,55600,1,No,13.6,4,9.8,16.3,No
52,Research & Development,4.5,2,2,30600,4,Yes,18.0,3,3.1,8.9,Yes
26,Human Resources,3.7,1,1,32900,3,No,12.1,3,14.0,0.4,No
48,Human Resources,0.9,1,4,24800,2,Yes,19.7,3,6.0,6.1,Yes
48,Research & Development,5.5,2,2,42400,2,No,23.1,2,0.5,0.0,No
36,Research & Development,13.4,2,4,36900,4,No,22.5,4,0.6,0.0,No
23,Sales,2.5,4,3,32800,2,No,24.7,3,2.7,3.2,No
36,Sales,33.0,4,2,45500,2,No,17.4,3,0.2,0.0,Yes
44,Sales,13.5,4,3,27000,0,No,18.6,4,4.1,0.7,No
45,Human Resources,4.8,3,3,46300,5,No,20.3,1,0.8,0.0,No
28,Research & Development,7.5,3,2,20600,5,No,12.3,3,12.4,6.1,No
48,Human Resources,2.7,2,4,52600,6,No,24.7,4,6.5,1.5,No
34,Research & Development,1.7,3,1,51900,1,Yes,12.4,3,34.1,4.6,No
45,Research & Development,21.9,1,4,38800,0,No,14.9,3,1.9,0.7,No
26,Sales,2.5,2,2,20000,1,No,15.0,3,1.7,20.3,No
44,Sales,3.8,3,4,33500,2,Yes,16.1,4,7.4,3.9,No
57,Sales,3.7,2,4,32500,3,Yes,12.2,3,0.1,0.0,No
52,Research & Development,25.0,1,3,20500,0,No,8.4,3,2.7,1.1,No
24,Human Resources,17.7,2,4,40200,1,Yes,23.5,3,1.0,0.3,No
26,Sales,2.7,4,3,21500,4,Yes,21.0,4,0.5,0.0,No
36,Sales,0.8,3,3,34700,1,No,10.7,2,5.5,2.4,No
59,Sales,17.3,2,3,47000,2,No,23.7,3,11.7,0.1,No
48,Research & Development,19.7,4,3,30200,2,No,18.1,3,7.8,1.7,No
29,Research & Development,18.3,3,3,31200,3,No,12.6,3,1.3,1.6,No
26,Research & Development,9.3,1,3,56100,5,No,8.0,3,2.8,0.9,No
39,Research & Development,24.8,3,3,33200,2,No,20.7,3,0.8,0.0,No
57,Sales,17.5,2,2,20400,1,Yes,12.4,1,0.1,0.0,Yes
39,Sales,10.3,3,3,42100,2,No,11.5,3,3.4,1.6,No
49,Sales,2.0,3,2,25000,1,No,12.7,3,0.2,0.0,No
35,Research & Development,10.3,4,4,47300,4,No,9.5,3,2.2,0.8,No
30,Sales,17.4,4,2,21800,2,Yes,8.3,4,6.1,1.8,No
56,Sales,17.3,3,4,35200,2,No,10.6,3,9.2,3.6,No
25,Human Resources,7.7,4,1,20000,7,No,10.1,4,7.2,3.0,No
23,Sales,4.9,1,4,58800,0,No,9.9,3,11.7,6.6,Yes
57,Research & Development,5.4,4,4,45000,4,No,19.4,3,7.2,5.9,No
53,Human Resources,7.8,4,3,28300,1,No,23.0,4,4.5,0.4,Yes
45,Sales,3.4,4,2,72100,1,No,13.2,3,15.6,0.1,No
48,Human Resources,4.6,1,4,47700,4,No,9.8,4,0.7,0.0,No
42,Research & Development,2.9,3,1,50200,0,No,19.9,3,10.6,3.8,Yes
24,Research & Development,13.2,4,2,49900,1,No,9.9,4,4.7,4.1,No
32,Sales,21.1,4,4,49900,2,No,16.8,3,0.9,0.0,No
23,Sales,17.9,2,1,49100,5,No,16.0,3,0.8,0.0,No
57,Research & Development,8.3,3,3,39300,2,No,19.5,3,4.5,1.9,No
46,Sales,8.4,2,3,30700,2,No,19.4,4,6.6,0.9,No
34,Research & Development,4.1,4,4,44600,4,No,10.1,3,2.5,0.3,No
45,Research & Development,0.8,3,2,64900,3,No,18.9,2,0.3,0.0,No
29,Research & Development,4.7,3,4,40600,1,No,8.6,3,15.1,5.9,No
46,Sales,6.9,4,4,36800,5,No,10.7,3,1.7,2.1,No
26,Sales,9.9,4,1,34700,0,No,18.5,3,4.3,1.8,No
59,Research & Development,2.1,4,4,64000,6,No,23.7,3,10.1,1.8,No
32,Research & Development,6.1,3,3,39500,1,Yes,23.3,3,4.5,0.6,No
29,Research & Development,0.8,2,2,38800,4,No,14.0,4,3.1,2.1,Yes
59,Research & Development,1.7,3,3,66300,1,No,16.2,3,9.9,0.1,No
39,Research & Development,3.1,3,2,49600,4,Yes,18.8,4,2.1,3.0,Yes
31,Research & Development,6.8,2,2,32600,4,Yes,21.3,3,3.8,0.3,No
37,Research & Development,1.4,2,3,40500,4,No,18.5,3,6.5,0.3,No
29,Research & Development,14.5,3,2,50900,1,No,17.1,4,10.0,4.4,No
45,Sales,27.8,2,3,67900,3,No,9.5,3,1.3,0.8,No
37,Sales,5.9,3,2,77400,6,Yes,20.9,4,30.6,1.1,No
46,Sales,6.9,2,3,46700,7,Yes,22.6,2,2.9,6.2,Yes
32,Sales,6.4,3,4,52500,3,No,13.4,4,10.0,2.8,No
38,Research & Development,5.5,4,3,64900,1,No,12.5,4,0.2,0.0,No
29,Research & Development,57.2,2,4,41200,2,No,11.9,3,2.5,2.3,No
39,Research & Development,1.7,2,3,35600,0,No,24.4,3,2.5,4.4,No
35,Research & Development,3.8,1,1,46200,2,No,24.5,3,2.4,0.2,Yes
53,Human Resources,19.4,1,3,27000,3,No,16.3,3,0.2,0.0,No
51,Sales,10.3,3,3,51200,1,No,24.2,3,14.6,2.5,No
59,Research & Development,0.6,4,1,78700,1,No,10.5,3,5.4,1.8,No
49,Research & Development,17.4,2,3,32400,3,No,11.8,4,11.3,3.8,No
37,Research & Development,13.2,2,4,30800,4,No,9.7,3,3.8,1.8,No
40,Sales,3.1,3,2,36400,3,Yes,15.8,2,4.9,3.4,No
32,Human Resources,4.2,4,4,25800,2,No,18.0,4,1.9,1.2,No
46,Sales,13.9,4,1,31900,5,No,17.2,3,9.7,3.0,Yes
36,Sales,7.8,2,4,28900,1,No,11.5,4,9.3,9.2,No
30,Human Resources,9.7,1,4,31600,1,No,22.4,4,3.5,0.9,No
41,Research & Development,0.4,1,3,35900,7,No,11.0,3,2.0,1.4,Yes
25,Research & Development,3.4,3,3,30800,1,Yes,21.1,4,7.5,5.6,No
30,Sales,4.2,3,4,31900,2,No,10.4,3,12.2,0.4,No
55,Research & Development,13.7,2,2,65600,1,No,23.2,4,2.5,3.2,No
44,Research & Development,5.2,2,3,58500,3,No,8.7,3,3.8,15.8,Yes
56,Research & Development,3.6,1,3,47100,2,No,18.5,3,23.0,4.0,No
47,Research & Development,0.3,4,3,71600,3,Yes,20.0,1,1.7,5.7,No
25,Research & Development,8.7,2,2,43100,2,Yes,14.5,3,5.0,1.9,No
26,Human Resources,0.0,4,2,37100,3,No,9.2,3,7.7,0.8,No
56,Sales,10.9,3,2,24200,2,No,20.4,3,0.0,0.0,No
30,Sales,14.4,3,1,66500,5,No,11.2,3,0.9,0.0,No
40,Human Resources,17.9,2,3,31700,3,Yes,23.3,3,7.4,2.0,No
40,Sales,6.7,2,3,43500,3,Yes,14.6,3,15.4,5.3,Yes
27,Research & Development,28.1,2,3,26200,0,No,20.9,4,3.2,3.5,No
29,Research & Development,16.3,4,4,93000,0,No,19.7,4,0.2,0.0,No
42,Sales,19.3,3,1,20200,2,No,23.3,4,4.6,9.0,No
59,Human Resources,9.5,2,4,44200,0,No,18.6,2,6.6,0.9,No
53,Research & Development,23.9,3,3,28100,2,No,19.5,3,0.7,0.0,No
57,Sales,1.0,4,2,47500,4,No,15.7,4,0.3,0.0,No
55,Sales,15.3,3,4,33100,2,No,11.1,3,3.4,3.6,No
27,Research & Development,4.3,3,4,28700,2,No,10.9,3,5.7,2.7,No
32,Research & Development,0.7,3,4,41200,2,Yes,14.0,1,12.2,1.2,No
28,Research & Development,4.4,2,1,38600,3,No,12.9,3,2.4,1.8,No
29,Research & Development,4.5,3,3,51300,2,Yes,10.9,3,11.7,1.8,No
42,Sales,5.8,3,3,30300,0,No,15.8,3,9.3,5.6,Yes
53,Sales,6.7,3,4,29600,5,No,10.9,3,2.2,8.9,No
53,Human Resources,39.0,1,4,36500,2,No,12.5,3,2.3,2.1,No
43,Human Resources,7.7,4,3,33500,3,Yes,10.0,4,17.2,4.1,No
26,Research & Development,2.3,3,4,46200,1,No,14.9,2,14.5,2.1,No
53,Sales,0.3,4,2,33600,2,Yes,24.7,2,8.2,0.0,No
51,Research & Development,7.1,2,1,66900,2,No,17.7,4,0.5,0.0,No
22,Research & Development,5.8,1,3,20600,3,No,16.9,4,4.9,3.9,No
52,Research & Development,2.7,3,3,30200,2,Yes,24.7,3,2.0,0.1,No
47,Research & Development,8.0,1,4,48400,1,Yes,18.6,1,23.1,0.5,No
28,Research & Development,4.8,3,3,50500,2,No,11.6,3,3.2,2.2,No
37,Sales,7.8,3,4,35800,5,No,24.3,3,4.1,2.4,No
23,Research & Development,0.2,3,1,23100,1,Yes,15.8,3,4.7,6.7,Yes
25,Research & Development,2.1,1,4,73500,2,No,8.2,3,8.0,8.8,No
57,Sales,6.2,2,2,71100,1,Yes,13.5,3,9.4,0.1,No
26,Research & Development,7.9,2,3,59200,3,No,17.5,3,2.5,0.0,No
22,Research & Development,5.4,1,4,36800,4,No,16.9,2,4.0,1.4,No
54,Human Resources,29.8,2,2,34200,4,Yes,19.1,3,3.3,2.0,Yes
45,Human Resources,8.5,1,4,23800,2,No,11.5,4,14.7,3.7,No
35,Human Resources,3.5,3,3,31200,4,Yes,13.9,3,0.3,0.0,No
44,Research & Development,41.3,2,4,30100,3,No,20.1,3,1.7,3.3,No
34,Research & Development,34.4,3,2,80000,6,No,24.2,3,8.0,4.5,No
42,Research & Development,11.6,1,1,54900,2,No,18.2,1,0.8,0.0,Yes
55,Research & Development,2.2,3,3,42700,4,No,10.2,4,0.8,0.0,No
57,Research & Development,0.1,3,1,64500,3,No,18.2,3,4.5,3.5,Yes
36,Sales,25.6,4,3,31200,2,No,15.7,2,6.3,4.2,No
56,Research & Development,22.2,3,4,44600,7,Yes,23.9,3,3.3,2.9,No
51,Sales,6.9,2,4,79100,3,No,24.2,4,0.9,0.0,No
22,Sales,3.1,4,3,20000,0,No,9.4,4,6.6,2.2,No
23,Research & Development,11.8,4,1,29400,0,No,19.3,2,3.5,2.9,Yes
56,Research & Development,0.9,3,3,42800,6,No,23.0,4,5.1,2.3,No
49,Research & Development,18.2,4,1,36300,2,No,22.8,3,10.9,1.8,No
45,Research & Development,28.7,2,2,37800,1,Yes,11.3,4,1.4,1.2,No
35,Sales,5.2,2,2,47500,2,No,12.8,3,2.2,0.0,No
49,Human Resources,14.0,2,3,36500,2,No,14.2,3,7.2,3.2,No
36,Research & Development,0.5,1,1,53000,4,No,13.4,4,4.4,4.0,Yes
48,Research & Development,2.4,3,3,41300,3,No,13.4,1,17.6,2.6,No
29,Human Resources,5.6,2,3,20000,2,Yes,18.4,3,3.4,2.9,No
55,Research & Development,5.3,3,3,33700,1,No,14.1,3,1.8,0.2,No
36,Human Resources,14.4,2,2,20000,3,No,20.8,3,2.7,1.9,Yes
55,Research & Development,8.9,4,4,31300,1,No,17.2,3,12.7,1.2,No
39,Research & Development,12.5,1,1,37000,3,No,23.0,3,11.6,3.9,No
57,Research & Development,2.9,3,3,44700,5,No,17.3,3,30.0,0.3,No
44,Human Resources,2.4,3,4,26900,3,No,17.7,3,2.7,8.4,No
58,Human Resources,20.4,4,4,48600,4,Yes,19.5,3,6.3,3.5,No
33,Research & Development,19.9,4,4,71400,1,No,13.3,4,4.8,3.2,No
23,Sales,32.8,2,2,26600,1,Yes,17.4,3,2.0,6.8,Yes
34,Sales,20.9,4,2,38900,2,Yes,24.9,1,1.5,11.7,Yes
58,Sales,7.3,3,4,47900,7,Yes,17.9,1,1.3,5.6,No
37,Sales,5.7,4,3,50000,1,No,21.2,2,4.4,2.9,No
38,Research & Development,0.6,2,2,37300,1,No,9.8,3,3.5,1.5,Yes
30,Human Resources,0.7,3,3,60300,1,No,17.0,3,7.2,0.4,No
48,Research & Development,1.4,3,3,60700,2,No,20.6,3,2.8,5.3,Yes
24,Research & Development,0.6,4,2,46100,2,No,13.2,4,1.5,5.7,No
35,Human Resources,6.3,1,4,42200,2,Yes,10.4,3,2.8,0.7,No
59,Research & Development,0.7,3,3,43300,2,No,15.6,4,3.9,7.0,Yes
48,Research & Development,9.1,2,4,88200,2,Yes,15.2,1,4.5,0.4,No
25,Research & Development,32.1,4,4,67000,1,No,11.6,3,1.0,1.2,No
51,Sales,7.7,3,3,44300,2,No,17.1,3,0.5,0.0,No
29,Sales,12.6,3,4,30400,2,No,14.5,3,8.3,0.1,No
25,Research & Development,12.2,3,1,50000,3,Yes,12.8,3,2.5,1.8,No
39,Research & Development,6.7,3,4,46700,1,Yes,22.9,2,17.7,3.7,Yes
57,Research & Development,22.4,4,3,30400,1,No,8.5,3,0.7,0.0,No
25,Sales,3.6,2,2,33300,2,No,18.0,3,6.2,2.4,No
47,Research & Development,4.1,4,2,30500,2,No,24.9,3,0.6,0.0,No
50,Research & Development,6.6,4,4,65800,5,Yes,25.0,3,25.7,0.0,No
58,Research & Development,15.2,1,3,53700,3,Yes,14.8,3,4.7,0.7,Yes
24,Research & Development,8.8,2,4,34800,4,No,21.7,3,0.9,0.0,Yes
52,Human Resources,9.9,2,4,20700,1,Yes,16.4,1,0.2,0.0,Yes
29,Human Resources,5.3,1,4,24700,4,No,14.4,4,1.1,8.6,No
32,Sales,4.7,3,4,31300,4,No,20.3,2,2.2,0.2,No
32,Research & Development,8.1,2,2,36400,2,Yes,21.5,1,1.4,2.0,Yes
31,Research & Development,1.4,3,3,24100,0,No,18.5,3,1.5,0.5,No
55,Human Resources,14.8,2,2,22400,4,No,16.7,4,2.0,1.9,No
41,Research & Development,7.6,3,4,43100,1,No,8.1,3,6.9,5.2,No
24,Sales,6.5,2,1,21700,3,No,21.9,4,8.1,1.3,No
57,Research & Development,10.9,3,2,39300,2,No,13.1,3,3.7,0.7,No
32,Research & Development,22.4,1,3,47400,1,No,24.7,3,2.3,0.9,No
33,Sales,0.5,4,1,61200,2,No,12.8,3,1.1,4.9,No
48,Human Resources,0.2,4,3,23700,3,No,10.9,3,7.1,2.6,No
30,Research & Development,15.1,2,4,114700,3,No,21.8,3,11.9,5.9,No
56,Research & Development,15.1,4,4,55200,1,No,8.8,4,3.4,2.5,No
50,Research & Development,16.5,3,1,54300,3,No,18.0,3,4.1,0.5,No
24,Research & Development,46.0,4,3,69900,5,Yes,15.7,3,17.0,6.8,No
22,Research & Development,2.5,3,3,24500,3,No,16.3,4,0.2,0.0,No
36,Research & Development,0.2,2,2,59300,1,No,21.1,3,0.1,0.0,Yes
24,Research & Development,24.3,2,2,39200,2,No,18.3,4,1.1,0.8,Yes
47,Sales,6.7,3,3,37000,2,No,18.1,3,17.3,9.8,No
58,Research & Development,0.0,2,2,41700,2,Yes,20.8,3,4.0,1.7,Yes
24,Sales,15.2,3,3,39400,6,Yes,11.3,3,13.3,7.3,Yes
38,Human Resources,9.7,1,3,35500,4,Yes,23.2,4,0.0,0.0,No
47,Research & Development,7.5,1,2,44000,3,Yes,24.5,4,1.4,3.8,Yes
42,Research & Development,29.0,3,3,89500,2,No,13.3,4,4.8,3.6,No
43,Sales,4.1,2,4,55600,6,No,21.3,2,7.6,1.9,No
42,Research & Development,16.7,2,4,20000,3,No,11.3,3,0.7,0.0,No
24,Sales,4.1,3,2,20000,1,No,10.5,4,1.3,2.3,No
24,Research & Development,3.7,1,1,48000,4,No,17.1,3,2.1,2.5,No
38,Sales,0.9,3,4,44600,3,Yes,14.1,3,22.4,1.6,No
22,Human Resources,15.8,2,4,25900,1,No,14.2,3,5.7,1.2,No
37,Sales,0.3,3,4,42700,2,No,9.3,2,7.9,1.5,No
46,Research & Development,4.8,1,3,31600,2,No,14.3,3,1.5,1.9,No
25,Sales,1.1,3,3,22000,2,No,8.7,3,1.3,8.0,No
35,Research & Development,11.3,3,4,20000,4,No,13.8,3,3.2,0.6,No
37,Sales,4.2,2,3,22600,4,Yes,21.8,3,8.7,9.3,No
39,Research & Development,0.3,1,3,52400,3,No,11.8,3,2.1,1.6,No
29,Sales,2.4,3,3,28200,2,No,24.5,3,5.5,3.1,No
23,Sales,8.1,2,2,62100,2,No,18.5,4,0.1,0.0,Yes
48,Research & Development,2.9,3,4,62800,1,Yes,8.5,3,30.4,7.4,No
23,Research & Development,3.8,3,4,31200,0,Yes,9.9,3,2.8,1.7,No
25,Research & Development,12.9,3,3,40900,2,No,16.6,3,1.6,2.5,No
38,Research & Development,7.3,1,3,63600,4,No,12.5,3,1.4,1.0,No
36,Research & Development,10.5,4,4,43200,1,No,22.2,3,0.7,0.0,No
54,Sales,20.9,2,4,23000,2,No,17.3,3,1.1,2.1,No
57,Sales,28.2,4,3,42600,3,No,11.9,4,8.5,0.8,No
58,Research & Development,14.9,2,2,67200,1,No,13.9,3,2.1,1.6,No
57,Sales,22.7,1,4,21500,3,Yes,12.6,3,1.6,2.2,No
59,Research & Development,9.7,4,2,58900,3,No,19.3,4,1.2,2.9,Yes
56,Sales,1.0,2,3,62800,1,No,15.0,2,10.0,7.0,No
36,Research & Development,39.6,3,3,36600,4,No,11.2,2,5.0,1.8,No
54,Research & Development,3.4,1,4,45700,3,No,12.5,3,4.4,0.6,No
36,Sales,6.7,3,3,68600,0,No,12.0,4,12.9,0.4,No
41,Sales,1.6,4,3,34200,4,Yes,23.5,4,1.0,5.8,Yes
44,Research & Development,1.6,2,3,36100,3,Yes,17.4,1,1.0,0.3,Yes
45,Research & Development,11.0,3,3,47300,5,No,11.3,3,4.3,5.9,No
43,Sales,2.6,3,1,72900,2,No,17.5,4,7.4,1.7,No
23,Research & Development,1.1,3,2,61200,4,Yes,8.1,3,12.4,0.8,No
22,Research & Development,19.8,3,3,59500,2,No,8.9,3,3.5,1.3,No
25,Research & Development,29.9,4,2,43600,4,No,23.4,3,0.4,0.0,Yes
35,Research & Development,3.3,3,2,50800,2,No,12.1,4,0.1,0.0,Yes
57,Sales,8.0,3,3,24200,0,Yes,22.0,2,7.2,6.7,No
37,Sales,7.0,2,2,36700,5,No,20.1,4,4.6,3.9,No
55,Research & Development,2.7,2,4,81500,4,No,18.8,3,13.3,5.7,No
48,Research & Development,0.4,3,2,48600,3,No,24.6,3,2.4,10.3,Yes
38,Research & Development,4.5,2,1,48300,1,Yes,16.1,4,1.3,1.2,No
50,Sales,16.3,4,3,61200,5,No,20.6,2,13.6,1.8,Yes
25,Sales,13.2,3,3,41300,2,No,20.6,3,15.5,0.8,No
53,Sales,20.3,2,4,34300,0,Yes,17.2,3,30.7,1.1,No
48,Research & Development,6.0,2,4,39500,1,No,9.5,3,16.3,0.0,No
39,Sales,15.1,4,2,33600,3,No,14.6,3,2.5,6.3,No
46,Research & Development,13.0,3,2,46300,2,Yes,20.1,3,13.8,2.6,No
51,Research & Development,5.9,3,4,40500,1,Yes,20.6,2,7.1,5.0,No
29,Human Resources,3.6,3,4,24100,5,No,21.4,2,6.7,1.5,Yes
41,Sales,11.0,2,3,26400,2,No,14.0,2,1.0,1.4,No
31,Research & Development,1.6,3,4,39700,0,No,22.4,4,0.6,0.0,No
44,Sales,16.5,3,1,42800,4,Yes,11.5,2,0.8,0.0,Yes
36,Sales,41.3,4,2,32800,1,No,18.6,3,4.1,0.0,No
35,Sales,6.0,2,1,26500,5,No,10.3,4,5.6,4.4,No
22,Research & Development,19.7,1,4,52200,5,No,18.6,3,1.4,0.6,No
35,Research & Development,3.7,2,3,58300,1,No,20.8,3,3.4,8.0,No
25,Sales,25.9,2,3,57700,1,No,14.1,4,4.9,1.5,No
33,Human Resources,27.2,4,3,23600,0,Yes,8.1,4,2.3,2.2,Yes
28,Research & Development,3.0,2,4,29400,4,No,8.9,4,8.5,15.2,No
58,Sales,4.7,2,4,36900,3,No,8.9,4,0.7,0.0,No
22,Human Resources,6.7,2,4,35500,3,No,18.3,4,7.0,1.0,No
53,Human Resources,12.2,4,2,22400,5,No,20.9,3,0.6,0.0,Yes
52,Sales,8.1,1,3,22900,0,Yes,13.8,4,0.3,0.0,No
38,Sales,12.6,2,1,38200,2,Yes,16.5,1,1.0,0.3,Yes
34,Research & Development,9.7,1,2,21900,1,Yes,9.2,4,5.7,1.6,Yes
59,Sales,15.9,2,4,20000,2,No,21.9,3,5.9,1.9,No
28,Human Resources,2.8,1,1,30200,7,No,18.7,4,8.4,8.5,No
42,Research & Development,5.9,4,3,20000,2,Yes,8.3,2,1.5,0.4,No
26,Human Resources,0.1,1,4,21900,2,No,8.9,3,22.9,0.7,No
57,Sales,9.5,4,4,21400,2,No,9.3,1,2.7,1.1,No
36,Sales,42.8,2,3,26500,3,No,10.8,3,8.1,0.4,No
39,Human Resources,11.0,2,3,33100,1,No,11.2,3,9.5,0.7,No
44,Sales,12.5,4,1,26700,2,No,17.9,4,0.7,0.0,No
48,Research & Development,4.2,4,3,39500,4,Yes,24.0,2,9.5,14.5,No
33,Research & Development,3.5,2,2,32100,2,Yes,12.6,3,4.7,3.9,No
58,Sales,3.7,2,4,40700,3,No,11.8,3,1.6,8.1,Yes
58,Sales,3.3,2,4,28500,2,Yes,13.8,3,13.5,0.6,Yes
52,Sales,6.9,2,4,38500,3,No,9.8,2,11.2,1.9,No
29,Sales,5.5,3,3,21600,1,Yes,17.7,2,13.1,1.2,No
45,Sales,47.5,2,2,40400,7,No,8.9,4,3.1,7.7,No
30,Research & Development,19.7,2,4,46700,0,No,19.7,2,7.9,1.0,No
25,Sales,3.5,1,4,20000,6,Yes,11.4,4,4.7,2.0,No
32,Human Resources,1.9,2,4,23900,2,No,19.1,3,1.5,1.1,No
56,Sales,3.4,2,3,29200,1,No,13.8,4,2.3,5.1,No
28,Sales,5.4,4,3,34200,2,Yes,16.2,3,2.7,7.7,No
35,Sales,2.8,2,3,30400,5,Yes,11.7,4,11.0,2.8,No
44,Research & Development,13.7,2,2,26600,1,No,8.9,2,2.6,1.5,Yes
57,Sales,1.5,4,3,32500,1,No,12.2,1,13.5,0.1,No
22,Sales,38.7,3,3,35200,2,Yes,21.0,3,2.2,1.1,No
26,Sales,5.0,2,4,20000,3,Yes,14.8,2,18.9,3.0,No
46,Sales,22.8,3,2,40300,2,No,15.4,1,10.0,0.4,No
46,Research & Development,35.3,3,4,77300,1,No,10.2,4,4.2,1.3,No
28,Sales,26.0,2,4,27400,1,No,20.9,2,6.0,3.7,No
53,Research & Development,5.2,2,4,54800,1,No,8.8,4,6.8,3.2,No
48,Research & Development,30.2,1,2,33000,1,No,11.6,3,0.4,0.0,No
43,Research & Development,46.0,3,1,34000,1,No,18.3,3,0.1,0.0,No
32,Research & Development,0.4,1,3,47400,3,No,20.9,3,1.2,0.4,No
51,Research & Development,2.5,1,4,42500,3,No,11.0,3,4.4,1.6,No
48,Research & Development,6.8,1,3,40400,4,No,14.0,4,9.7,1.4,No
35,Sales,20.6,4,3,32900,1,Yes,13.8,3,6.7,1.4,No
47,Sales,13.5,3,4,20000,0,Yes,22.3,3,0.1,0.0,No
54,Research & Development,10.1,4,3,44600,4,No,23.1,3,2.4,3.4,Yes
45,Sales,10.5,2,4,28500,1,No,24.6,4,1.4,7.4,Yes
40,Sales,10.7,1,1,24800,2,No,16.2,3,1.9,0.4,Yes
52,Research & Development,11.5,2,1,30900,1,Yes,24.5,4,7.4,0.8,Yes
42,Research & Development,6.6,3,4,49500,3,Yes,8.1,3,0.3,0.0,Yes
26,Human Resources,8.0,2,4,44800,2,No,12.2,4,7.0,3.4,Yes
31,Sales,1.0,1,3,58800,2,No,17.4,3,11.3,0.3,No
47,Research & Development,3.9,4,3,47300,6,No,9.5,3,4.9,5.7,No
22,Sales,16.1,3,3,34800,1,No,13.7,3,1.5,0.2,No
43,Research & Development,12.1,4,4,33100,4,Yes,15.1,4,7.0,2.1,No
29,Research & Development,5.9,2,2,47600,1,Yes,13.7,1,12.5,2.2,No
53,Research & Development,1.0,2,4,52000,2,No,23.5,4,1.4,12.2,Yes
35,Research & Development,9.9,2,2,51300,5,No,24.1,3,13.0,3.5,No
40,Research & Development,1.6,2,3,67400,0,No,19.7,2,1.1,0.4,No
50,Research & Development,26.7,3,3,60200,1,No,13.5,3,11.7,1.0,No
44,Research & Development,1.1,1,3,55600,2,No,20.8,3,9.3,0.9,No
25,Human Resources,9.6,1,2,20000,3,Yes,18.9,3,14.5,1.4,No
54,Research & Development,2.6,4,4,51500,4,Yes,16.1,3,0.1,0.0,No
25,Research & Development,5.5,3,2,49700,2,No,18.2,4,14.6,3.5,No
54,Research & Development,13.2,2,4,33000,4,No,16.7,2,8.5,3.8,No
40,Sales,4.2,3,1,40600,1,No,22.7,2,1.7,0.3,No
23,Research & Development,4.2,3,3,38800,2,No,21.0,1,15.1,2.1,No
49,Research & Development,7.1,2,4,63800,1,No,19.9,1,8.3,0.3,No
42,Sales,14.0,3,3,20100,1,Yes,14.6,3,13.4,0.9,No
57,Research & Development,2.7,2,1,93800,1,No,12.9,3,8.3,21.2,No
39,Sales,8.2,4,4,55300,4,No,9.7,1,2.2,0.1,No
58,Research & Development,4.5,2,1,58500,2,No,12.5,3,11.2,6.2,No
51,Research & Development,9.3,3,2,32200,1,Yes,13.8,3,8.1,0.1,Yes
32,Sales,31.6,2,4,56000,3,Yes,20.4,3,0.9,0.0,No
27,Research & Development,2.0,4,2,29100,1,No,16.0,3,11.8,1.5,No
29,Research & Development,2.0,4,4,43700,4,Yes,12.0,3,5.7,0.5,No
55,Sales,0.0,2,1,53900,4,No,18.0,3,3.5,5.3,No
22,Human Resources,0.1,3,4,42200,2,No,20.3,3,1.2,4.2,No
44,Research & Development,1.8,3,3,47000,1,No,14.8,4,0.9,0.0,No
52,Research & Development,31.2,2,3,93100,0,Yes,20.7,3,5.9,1.1,No
45,Research & Development,12.2,1,3,36900,2,Yes,22.1,2,0.8,0.0,Yes
59,Research & Development,7.7,2,1,62000,2,No,11.0,4,4.0,3.4,No
23,Research & Development,3.3,1,2,48400,1,No,20.1,3,2.0,3.3,Yes
45,Research & Development,0.7,4,1,64900,2,No,16.7,3,7.2,3.0,Yes
33,Sales,5.6,3,3,76600,3,Yes,8.2,3,1.8,1.5,No
55,Sales,6.3,4,2,32100,1,No,9.6,3,4.6,3.7,No
33,Sales,15.1,2,3,20000,2,No,12.5,4,14.7,5.8,No
47,Sales,16.2,3,4,43700,2,No,16.4,4,2.3,1.7,No
47,Research & Development,2.3,3,3,32100,1,No,22.1,3,12.7,0.1,No
22,Sales,16.4,1,1,41700,2,Yes,14.4,1,2.8,0.1,No
59,Sales,21.1,3,3,67000,2,Yes,24.4,1,6.4,2.3,No
55,Human Resources,14.4,1,3,35200,4,Yes,17.8,3,1.7,4.8,No
52,Sales,0.6,1,1,53600,5,Yes,10.6,1,0.8,0.0,No
22,Sales,17.6,2,3,31200,3,No,15.0,3,20.2,7.1,Yes
25,Research & Development,1.9,4,3,63400,2,No,20.3,3,2.3,0.6,No
39,Human Resources,11.5,2,4,28900,4,No,10.3,4,0.9,0.0,No
42,Sales,2.5,4,1,20000,0,No,19.2,4,3.9,1.1,Yes
22,Sales,31.8,2,3,50700,1,Yes,8.9,4,3.3,8.4,No
25,Sales,5.7,2,4,33600,3,No,15.7,1,2.9,0.3,No
26,Research & Development,5.4,1,2,51100,4,Yes,22.7,4,10.7,8.2,Yes
30,Sales,5.9,3,1,20000,4,No,22.3,2,2.5,0.5,No
24,Research & Development,2.1,2,1,44900,2,No,16.1,3,8.0,1.1,No
31,Research & Development,2.3,3,3,44000,2,No,11.5,3,9.9,4.0,Yes
59,Human Resources,0.7,3,4,25000,1,No,16.5,3,2.9,0.6,No
50,Research & Development,5.0,3,3,43900,2,No,16.5,4,1.1,8.2,No
54,Sales,22.0,4,1,28900,0,Yes,14.3,1,4.8,1.1,No
40,Human Resources,1.3,2,3,47900,5,No,18.4,3,2.3,1.6,No
42,Sales,3.4,1,3,98300,2,No,23.3,3,1.3,0.9,No
27,Research & Development,6.1,1,3,33300,3,No,23.7,3,10.6,0.0,No
30,Human Resources,18.2,1,3,29600,1,Yes,22.0,3,0.4,0.0,Yes
40,Sales,14.3,3,2,27200,5,Yes,15.5,3,8.1,1.3,Yes
42,Sales,15.9,3,3,28600,4,Yes,22.0,3,3.2,1.1,No
40,Research & Development,5.7,4,4,32900,2,No,13.4,3,4.8,3.2,No
53,Sales,3.7,3,3,31500,4,No,21.6,4,2.0,4.0,No
34,Research & Development,11.9,1,3,37900,1,No,17.1,3,0.8,0.0,No
58,Human Resources,12.5,2,3,50400,3,No,16.8,3,8.9,2.0,No
59,Sales,13.5,2,4,45600,4,Yes,19.2,2,9.1,8.7,Yes
39,Research & Development,1.6,2,2,28000,1,No,23.9,3,5.7,0.4,Yes
50,Research & Development,5.6,2,3,75900,2,Yes,12.2,4,4.6,4.2,No
34,Research & Development,32.2,2,2,41100,3,No,15.8,3,16.3,1.3,Yes
33,Sales,2.9,3,1,20600,4,No,24.0,3,0.8,0.0,No
35,Research & Development,0.0,1,1,41200,3,No,24.4,4,12.5,1.0,No
25,Sales,6.4,3,3,24700,3,Yes,24.9,2,4.5,0.1,No
35,Research & Development,5.0,3,4,46500,2,No,11.5,1,5.2,0.0,No
24,Sales,2.3,3,4,20000,3,No,24.0,3,7.9,2.4,No
42,Sales,9.2,1,3,48500,4,No,14.1,4,6.6,10.2,No
33,Research & Development,5.7,2,2,38100,4,No,14.7,2,4.4,1.4,No
44,Research & Development,13.1,2,4,39900,2,No,23.9,2,1.2,11.9,No
54,Research & Development,5.6,3,1,83300,2,Yes,9.1,3,0.3,0.0,No
23,Sales,9.8,3,3,24000,2,No,16.1,3,6.3,0.7,No
40,Sales,39.2,2,3,23200,2,No,17.4,3,0.4,0.0,No
40,Research & Development,2.8,4,4,39800,6,No,9.6,3,1.1,3.4,No
57,Sales,5.3,3,4,52800,1,No,20.5,3,6.2,2.8,No
23,Sales,3.0,4,4,23900,0,No,15.6,2,13.2,0.8,No
51,Research & Development,6.5,2,4,46100,3,No,15.9,1,8.0,1.6,No
52,Research & Development,13.5,4,2,55000,3,Yes,21.0,2,1.7,2.2,No
41,Sales,12.1,4,2,20000,3,Yes,13.4,2,5.6,4.7,No
28,Research & Development,3.1,3,3,48300,4,Yes,13.4,3,0.7,0.0,No
56,Research & Development,0.0,1,4,40200,4,No,10.8,3,22.0,22.2,No
59,Sales,10.3,1,3,94800,7,No,18.4,3,0.9,0.0,No
54,Sales,27.9,4,3,22800,4,No,15.6,4,3.2,0.7,No
46,Sales,4.2,2,3,42100,1,No,23.4,4,3.1,3.7,No
37,Sales,0.6,2,3,20600,1,No,14.2,3,5.2,4.0,No
51,Sales,2.9,3,3,22200,5,No,8.2,3,1.3,1.0,No
34,Research & Development,16.9,1,2,47400,0,No,8.4,4,1.4,0.3,No
43,Research & Development,5.5,3,3,29700,3,No,22.6,3,1.4,0.3,No
27,Research & Development,1.1,1,4,41800,4,No,16.1,3,10.0,5.3,No
33,Sales,1.9,3,4,28500,1,No,23.0,4,3.9,1.3,No
28,Research & Development,0.2,3,4,32600,3,Yes,9.9,3,10.5,1.1,Yes
53,Research & Development,6.0,2,1,46200,1,No,18.1,3,1.7,2.2,Yes
28,Research & Development,12.1,2,3,33900,2,Yes,20.9,3,21.1,5.2,No
40,Human Resources,9.4,3,2,26300,5,No,19.0,3,9.1,2.1,No
34,Sales,14.1,3,2,31400,2,No,20.6,3,21.8,5.1,Yes
45,Research & Development,1.5,4,4,64100,5,Yes,9.5,1,0.5,0.0,No
47,Research & Development,5.7,3,4,38200,2,Yes,16.5,3,9.6,1.2,No
36,Sales,20.1,4,3,40500,3,No,23.5,4,0.3,0.0,No
34,Sales,5.3,2,3,31200,5,Yes,22.5,3,2.7,0.3,No
23,Sales,16.8,4,1,22300,0,No,9.3,4,1.3,0.7,No
59,Research & Development,3.7,3,3,25700,3,Yes,11.5,3,1.6,2.3,Yes
28,Sales,36.1,2,3,36500,2,No,19.3,4,1.7,0.2,No
36,Research & Development,11.5,3,1,50200,6,No,10.7,4,5.1,4.9,No
36,Sales,7.6,3,3,41600,1,No,10.2,4,8.5,0.8,No
31,Sales,9.7,3,4,35100,1,Yes,11.6,3,6.8,0.4,Yes
45,Research & Development,3.8,3,4,29100,2,No,18.3,2,11.4,0.6,No
49,Sales,11.9,3,3,46900,1,No,18.5,2,0.8,0.0,No
35,Human Resources,17.7,1,3,23900,3,Yes,13.1,3,11.0,6.2,No
34,Sales,9.0,3,2,48400,0,No,19.3,3,3.5,0.2,No
42,Research & Development,2.5,1,3,51100,4,Yes,15.1,3,3.2,12.0,No
54,Research & Development,3.1,3,3,38500,3,No,17.0,4,0.2,0.0,No
27,Research & Development,4.9,3,3,38600,3,No,21.9,4,0.3,0.0,No
32,Sales,3.1,4,3,39600,2,No,17.5,4,0.7,0.0,No
35,Human Resources,1.9,3,2,25800,1,No,9.5,3,6.3,0.1,No
45,Research & Development,19.7,2,4,46400,3,No,9.6,4,3.5,9.7,No
25,Research & Development,3.0,4,4,63400,2,Yes,12.2,1,1.0,2.6,No
28,Sales,0.2,2,4,21500,5,No,12.4,3,5.6,0.5,No
44,Research & Development,1.1,4,2,71400,2,No,19.6,2,5.2,4.8,No
38,Human Resources,4.8,3,4,20600,2,No,18.0,3,4.8,1.0,No
24,Human Resources,11.8,3,4,36200,2,No,13.1,3,6.6,3.3,No
35,Research & Development,9.7,3,2,68600,5,No,23.7,4,15.0,1.1,No
31,Sales,11.4,1,4,37300,1,Yes,12.9,4,0.6,0.0,No
22,Sales,1.7,3,2,74700,7,Yes,18.1,3,0.2,0.0,Yes
23,Research & Development,6.3,4,2,51500,2,No,15.8,2,8.8,3.4,No
51,Research & Development,0.7,4,4,24100,5,No,19.7,4,6.4,3.9,No
39,Sales,20.1,3,1,20400,3,No,11.9,4,3.4,7.6,Yes
37,Sales,3.7,1,3,20000,2,No,24.4,4,11.2,1.7,No
32,Research & Development,1.6,3,2,65700,5,Yes,10.0,3,7.5,1.3,No
51,Sales,12.2,2,3,34400,4,No,14.7,3,2.8,0.8,No
40,Research & Development,10.8,3,3,35900,0,Yes,12.7,2,3.2,1.8,No
48,Research & Development,2.7,3,2,35400,3,No,12.4,4,2.7,1.9,No
38,Sales,0.7,2,3,20000,4,Yes,22.5,3,8.2,6.2,No
24,Research & Development,3.9,1,3,43900,3,No,14.9,3,1.8,3.0,No
42,Human Resources,3.4,1,3,21800,3,No,10.2,2,9.9,0.8,No
48,Sales,8.4,1,3,33100,1,No,9.9,3,0.2,0.0,No
39,Research & Development,6.1,3,3,34400,1,No,10.4,4,11.8,4.3,No
40,Human Resources,3.5,4,3,39300,1,Yes,14.4,4,18.4,2.0,No
47,Research & Development,5.9,3,1,36400,8,No,18.2,2,3.5,0.7,No
26,Research & Development,15.8,2,2,39500,3,No,20.7,4,15.4,6.2,Yes
48,Sales,11.1,1,3,27200,3,Yes,17.4,3,1.3,1.7,No
33,Research & Development,2.3,3,2,29500,3,Yes,21.0,3,3.7,0.9,Yes
37,Sales,5.8,3,1,29600,2,No,21.3,2,0.5,0.0,No
45,Research & Development,8.5,1,2,55000,1,No,20.1,3,3.3,2.5,No
22,Research & Development,2.8,2,4,59500,5,Yes,18.2,2,5.0,0.8,No
57,Research & Development,5.2,3,4,50100,4,Yes,10.7,3,0.3,0.0,Yes
57,Sales,9.0,4,3,26800,2,No,20.2,2,6.6,4.6,No
59,Sales,12.7,4,3,29200,4,No,13.8,3,1.9,10.5,Yes
51,Sales,1.1,2,3,36300,4,No,23.5,4,10.8,1.0,No
40,Sales,1.2,3,3,44400,3,No,10.9,3,3.9,2.9,No
59,Sales,23.7,4,2,69800,1,Yes,21.4,4,10.2,0.1,Yes
29,Research & Development,7.8,4,3,42900,2,No,15.9,3,16.8,4.9,No
26,Research & Development,2.5,4,3,36100,3,No,8.4,2,4.6,4.6,No
39,Research & Development,13.7,2,2,47700,0,No,24.4,4,8.7,13.5,No
46,Research & Development,0.7,3,2,29100,3,Yes,10.4,3,13.8,0.9,Yes
35,Sales,23.8,3,3,26700,2,No,14.5,3,1.0,0.3,No
44,Human Resources,1.9,1,4,34100,1,No,11.3,2,8.3,0.9,Yes
39,Sales,5.5,1,4,58800,2,No,17.7,3,1.2,2.9,No
46,Sales,4.5,2,1,38600,3,No,15.7,3,6.2,6.0,Yes
29,Sales,4.0,3,3,82100,3,No,12.6,4,3.6,3.9,No
37,Research & Development,1.7,1,3,36600,4,No,21.7,4,0.5,0.0,No
24,Sales,21.4,4,3,35400,0,No,20.5,4,4.5,7.5,No
44,Research & Development,6.9,4,3,87200,1,No,8.4,3,3.1,4.6,No
56,Research & Development,8.3,2,2,36300,0,No,16.7,3,4.7,3.1,No
26,Research & Development,4.1,3,4,32000,4,Yes,15.4,3,7.1,4.0,No
35,Sales,1.5,4,4,29400,2,No,18.8,3,18.5,0.3,No
40,Research & Development,18.4,2,4,26800,1,No,22.2,3,0.4,0.0,No
40,Research & Development,2.3,1,4,37600,2,Yes,10.4,3,0.5,0.0,No
30,Human Resources,0.6,4,4,20000,3,No,23.7,4,9.6,1.1,No
29,Research & Development,9.7,2,4,31900,3,Yes,14.1,3,1.0,2.4,Yes
47,Human Resources,3.3,2,3,20500,3,No,21.0,3,1.7,10.0,Yes
47,Research & Development,13.6,3,4,68500,2,No,22.8,3,2.8,2.6,No
48,Sales,7.7,4,4,36500,5,No,22.1,2,16.0,2.6,No
59,Sales,4.0,4,1,74400,4,No,11.6,3,40.0,0.7,No
57,Sales,3.7,2,1,50300,1,No,21.8,3,4.5,2.9,No
32,Research & Development,2.6,3,1,46400,5,No,9.1,2,0.7,0.0,No
39,Research & Development,0.1,2,2,30500,0,No,23.4,2,18.2,4.3,No
44,Research & Development,5.1,1,4,32900,5,No,11.5,4,12.4,5.7,No
22,Sales,0.7,2,4,38300,2,No,10.1,3,11.7,6.4,No
45,Sales,13.0,2,1,25700,1,No,13.7,3,0.7,0.0,No
47,Research & Development,5.9,3,3,31900,1,No,23.7,3,12.4,0.7,No
35,Research & Development,7.5,2,3,49000,2,Yes,19.1,3,1.7,0.6,No
41,Research & Development,28.4,3,1,53400,1,No,20.5,3,9.1,2.8,No
57,Human Resources,15.5,3,3,32900,3,No,21.0,3,0.0,0.0,No
47,Research & Development,2.2,1,2,48800,6,No,9.8,4,0.5,0.0,No
32,Research & Development,9.1,3,1,53600,4,No,13.2,3,2.2,4.2,No
39,Research & Development,15.3,3,3,73600,0,No,15.2,3,1.4,2.5,No
49,Research & Development,7.8,3,4,66000,3,No,19.6,2,1.3,8.2,No
29,Human Resources,16.8,3,2,20000,1,No,8.8,3,9.8,1.1,No
38,Sales,6.8,4,3,20000,2,No,16.7,3,8.0,1.3,No
55,Human Resources,0.2,2,3,30900,2,No,13.5,3,10.0,2.2,No
50,Research & Development,2.8,2,2,35800,3,No,20.0,3,7.1,3.0,Yes
49,Sales,19.7,3,3,30700,3,No,10.6,1,4.5,3.7,No
27,Sales,3.7,4,3,47900,2,No,19.5,2,1.2,2.7,No
58,Human Resources,10.8,2,4,20000,3,Yes,8.6,3,2.5,5.7,No
24,Sales,1.3,4,2,33400,5,No,24.5,3,2.0,0.9,Yes
51,Sales,4.3,2,1,66100,2,Yes,16.8,4,1.4,10.2,No
38,Human Resources,1.0,1,3,35300,2,No,23.5,2,25.3,0.8,No
34,Sales,5.5,4,2,50100,2,Yes,21.3,3,5.9,0.1,No
50,Sales,5.5,1,3,37700,1,No,15.8,3,5.9,2.4,No
27,Research & Development,0.4,4,4,41700,3,Yes,17.3,4,3.4,0.9,No
54,Research & Development,4.3,2,4,52300,3,No,20.3,3,2.7,0.3,No
59,Sales,2.9,2,3,25300,3,No,20.5,3,7.0,0.8,No
56,Sales,1.0,1,2,33300,2,No,12.0,3,6.5,0.8,No
46,Sales,2.2,1,2,32300,4,Yes,14.0,4,2.4,18.0,Yes
43,Research & Development,3.3,4,4,40600,1,No,9.8,3,0.7,0.0,No
45,Research & Development,7.8,3,4,69000,1,No,21.8,2,0.7,0.0,No
57,Sales,12.0,3,2,38900,3,Yes,13.3,3,8.7,1.5,No
