Timestamp,SourceIP,DestIP,Protocol,PacketSize,Duration,BytesSent,BytesReceived,NumPackets,ErrorRate,TimeOfDay,AnomalyType
2024-01-01 00:00:00,5332196,4929028,DNS,190.3,0.775,1845.6,11371.3,15,0.0037,9.95,None
2024-01-01 00:00:05,1137497,1371385,DNS,138.5,0.217,1066.3,5448.6,8,0.0346,22.32,None
2024-01-01 00:00:10,8766697,1995916,HTTP,205.2,0.149,4924.6,22945.0,12,0.0059,22.28,None
2024-01-01 00:00:15,6097396,1444926,UDP,317.8,0.198,540.8,3875.5,14,0.0189,17.95,None
2024-01-01 00:00:20,2871728,1423229,HTTP,132.0,1.749,2280.5,2212.3,14,0.0158,14.21,None
2024-01-01 00:00:25,4463757,3219952,TCP,132.0,0.106,231.9,18257.3,13,0.0059,16.58,None
2024-01-01 00:00:30,2119481,8687729,UDP,326.9,0.822,783.4,5398.3,10,0.0485,6.07,None
2024-01-01 00:00:35,4454840,5312926,DNS,217.8,2.798,1240.0,5904.6,11,0.0184,11.72,None
2024-01-01 00:00:40,1902100,2604971,TCP,117.4,0.697,8926.0,4328.9,11,0.0066,12.87,None
2024-01-01 00:00:45,7213371,6959035,DNS,194.7,2.882,5931.9,5050.2,15,0.0037,1.53,None
2024-01-01 00:00:50,4120939,4028218,TCP,117.7,2.737,1713.1,32959.5,13,0.0008,20.79,None
2024-01-01 00:00:55,2351166,2130634,UDP,117.6,0.564,6181.8,42723.3,13,0.0063,10.96,None
2024-01-01 00:01:00,4096177,8697271,HTTP,167.5,2.61,7241.8,48775.3,11,0.0045,21.57,None
2024-01-01 00:01:05,9747536,9365607,UDP,57.0,2.755,2538.5,24103.7,12,0.0124,9.36,None
2024-01-01 00:01:10,9940815,5941830,HTTP,62.6,1.013,746.7,12916.6,12,0.0002,9.81,None
2024-01-01 00:01:15,8691631,1686719,UDP,112.0,0.473,2421.4,1934.7,12,0.0178,5.86,None
2024-01-01 00:01:20,3391387,3782710,TCP,89.4,1.473,2703.0,6717.5,8,0.0054,15.46,None
2024-01-01 00:01:25,5337591,9665827,UDP,173.7,5.087,869.2,70035.3,13,0.0063,13.16,None
2024-01-01 00:01:30,4155025,2495731,HTTP,94.3,2.041,4302.9,5241.6,16,0.002,21.91,None
2024-01-01 00:01:35,5740145,2378708,HTTP,73.2,0.38,3943.5,36832.8,8,0.0277,10.3,None
2024-01-01 00:01:40,6372544,5391901,TCP,308.8,2.296,4652.0,8561.5,8,0.0051,15.55,None
2024-01-01 00:01:45,1180475,4105143,TCP,132.6,1.114,3939.9,556.6,12,0.0185,16.98,None
2024-01-01 00:01:50,1675940,7697606,TCP,153.5,1.791,6184.8,15374.8,8,0.0027,7.68,None
2024-01-01 00:01:55,6565259,6207753,HTTP,72.8,2.649,2491.6,28746.0,7,0.001,21.14,None
2024-01-01 00:02:00,9935732,3063866,DNS,113.0,1.447,3647.5,7715.6,8,0.0101,9.14,None
2024-01-01 00:02:05,9766140,1169918,UDP,156.9,3.364,2002.7,27807.2,10,0.0416,15.3,None
2024-01-01 00:02:10,8318028,2206294,DNS,83.5,2.561,1661.5,1528.7,7,0.0104,14.78,None
2024-01-01 00:02:15,5181289,7622392,TCP,179.1,1.909,11364.5,2027.3,18,0.0094,10.11,None
2024-01-01 00:02:20,9149165,9277788,DNS,109.9,0.327,386.2,9945.4,5,0.0058,4.4,None
2024-01-01 00:02:25,2757392,5813327,DNS,128.3,3.615,7163.5,13057.5,9,0.0033,14.22,None
2024-01-01 00:02:30,8982584,4417437,HTTP,109.9,5.495,1602.7,31463.4,10,0.0056,9.01,None
2024-01-01 00:02:35,4681065,2379003,TCP,374.7,0.295,1408.1,15350.8,15,0.0016,9.1,None
2024-01-01 00:02:40,9493927,5042715,HTTP,147.4,1.34,3872.2,2456.2,12,0.003,11.83,None
2024-01-01 00:02:45,5754173,6445780,UDP,87.5,0.599,672.1,10027.1,3,0.0067,16.25,None
2024-01-01 00:02:50,7515883,8805313,DNS,223.9,2.809,1318.1,14775.5,13,0.0016,17.51,None
2024-01-01 00:02:55,8938156,1365197,TCP,80.6,2.558,1275.2,1243.6,11,0.0157,10.25,None
2024-01-01 00:03:00,5611909,8110979,HTTP,164.8,0.304,2388.9,7757.1,12,0.0001,2.88,None
2024-01-01 00:03:05,3382357,1098146,HTTP,55.7,4.192,1333.9,5793.1,8,0.0039,19.0,None
2024-01-01 00:03:10,1762839,1977715,UDP,76.4,0.399,14781.3,4210.4,13,0.0073,16.07,None
2024-01-01 00:03:15,2274324,8123393,TCP,163.8,3.192,17980.0,13343.4,9,0.0264,19.22,None
2024-01-01 00:03:20,9830024,2503749,TCP,214.7,1.221,394.7,2566.6,11,0.0085,7.58,None
2024-01-01 00:03:25,9907056,5566054,UDP,161.7,0.796,5137.5,12294.2,8,0.0035,21.82,None
2024-01-01 00:03:30,6683263,4558801,UDP,140.1,0.345,7035.1,14178.6,9,0.0043,6.31,None
2024-01-01 00:03:35,2780836,1437693,TCP,127.7,0.367,5130.6,23951.0,8,0.0041,6.95,None
2024-01-01 00:03:40,8838355,4067268,HTTP,70.9,2.169,1543.6,2634.8,9,0.002,12.87,None
2024-01-01 00:03:45,1099668,5276147,TCP,103.6,1.599,2335.3,1798.6,10,0.0016,23.94,None
2024-01-01 00:03:50,5437335,5769740,UDP,117.9,0.26,1410.5,10709.7,7,0.0066,4.85,None
2024-01-01 00:03:55,9788168,3942013,TCP,251.8,0.239,1958.1,6085.9,4,0.0032,20.12,None
2024-01-01 00:04:00,1647919,8832640,UDP,176.2,0.15,888.9,147657.4,9,0.001,0.06,None
2024-01-01 00:04:05,6960511,1239749,DNS,61.5,2.723,2657.7,12816.6,8,0.0024,5.7,None
2024-01-01 00:04:10,5537719,4731366,UDP,174.5,2.489,663.3,8588.3,5,0.0074,8.31,None
2024-01-01 00:04:15,2961664,4157004,DNS,122.4,0.12,2440.3,6817.0,7,0.003,15.57,None
2024-01-01 00:04:20,3362452,1598793,HTTP,105.8,1.643,855.3,2396.9,9,0.0027,2.73,None
2024-01-01 00:04:25,5890212,7824621,HTTP,201.5,0.177,3665.9,14241.0,11,0.0097,3.09,None
2024-01-01 00:04:30,2027483,9330778,TCP,248.5,4.682,1511.1,7486.5,7,0.0117,3.51,None
2024-01-01 00:04:35,5719925,6744179,TCP,236.4,4.753,3986.1,7492.7,19,0.0028,15.9,None
2024-01-01 00:04:40,6423356,3792718,TCP,97.6,2.396,8791.9,8905.7,4,0.0064,2.75,None
2024-01-01 00:04:45,6735221,2205337,UDP,127.2,5.212,14609.8,10109.3,9,0.0145,9.56,None
2024-01-01 00:04:50,9175280,2915233,HTTP,175.1,3.337,237.9,1423.3,14,0.0117,3.76,None
2024-01-01 00:04:55,3899420,6488858,HTTP,241.7,3.527,1294.4,18713.9,6,0.0007,9.17,None
2024-01-01 00:05:00,1887117,5287683,TCP,116.8,1.687,2201.5,3475.7,7,0.0045,17.14,None
2024-01-01 00:05:05,7655176,5024971,UDP,135.3,0.731,4723.6,7058.4,13,0.0128,6.67,None
2024-01-01 00:05:10,5962150,6716776,TCP,85.4,0.491,572.3,29316.5,12,0.002,14.82,None
2024-01-01 00:05:15,4668855,8327273,UDP,81.6,0.793,1116.4,48023.6,7,0.0022,5.96,None
2024-01-01 00:05:20,8820999,5884189,HTTP,222.8,1.98,3396.0,1479.6,10,0.0099,17.7,None
2024-01-01 00:05:25,7320005,6032375,DNS,292.4,0.379,3245.1,8351.9,14,0.0033,18.65,None
2024-01-01 00:05:30,1023290,2303030,TCP,143.2,0.599,4348.6,10645.7,6,0.0039,7.45,None
2024-01-01 00:05:35,8561498,4836150,TCP,245.1,1.262,4645.6,1794.5,8,0.0074,0.57,None
2024-01-01 00:05:40,5659910,8014416,UDP,177.8,0.531,4182.2,18080.5,13,0.0139,3.1,None
2024-01-01 00:05:45,6111456,9871648,TCP,107.5,1.777,3617.9,9102.1,10,0.0069,11.78,None
2024-01-01 00:05:50,3890326,5114758,HTTP,177.8,5.132,3151.8,9839.5,7,0.0224,9.17,None
2024-01-01 00:05:55,4675047,4119042,HTTP,320.2,2.757,5795.1,3237.1,13,0.0011,8.29,None
2024-01-01 00:06:00,8347407,7151826,HTTP,145.8,2.196,317.6,12245.2,9,0.014,13.9,None
2024-01-01 00:06:05,4748010,9593527,HTTP,324.5,1.748,13965.3,18736.4,6,0.0078,3.88,None
2024-01-01 00:06:10,2056856,6558830,HTTP,40.0,1.339,328.8,9203.1,13,0.017,10.96,None
2024-01-01 00:06:15,3923654,4319090,HTTP,223.8,0.413,1013.2,4846.8,10,0.0038,4.88,None
2024-01-01 00:06:20,1488819,4648799,DNS,155.0,4.502,2376.2,5239.2,6,0.0066,23.55,None
2024-01-01 00:06:25,2894593,2382340,DNS,127.8,0.571,5840.7,10101.1,9,0.0173,1.17,None
2024-01-01 00:06:30,1185048,5966737,UDP,155.4,0.192,149.1,8508.3,13,0.0178,0.38,None
2024-01-01 00:06:35,9358435,4264273,DNS,54.9,2.773,2898.3,20026.7,7,0.0047,13.54,None
2024-01-01 00:06:40,4601087,4178034,UDP,133.0,0.386,6584.0,5012.8,6,0.0173,1.5,None
2024-01-01 00:06:45,4907277,1203404,HTTP,177.4,0.93,8058.8,2396.2,10,0.0115,19.46,None
2024-01-01 00:06:50,9319720,7001127,DNS,310.7,0.057,1484.3,11607.3,8,0.0053,19.67,None
2024-01-01 00:06:55,5104653,9236633,HTTP,114.5,0.295,2206.5,5026.5,13,0.035,10.37,None
2024-01-01 00:07:00,5993396,4111997,TCP,99.1,0.38,1609.8,17741.9,7,0.0003,20.12,None
2024-01-01 00:07:05,5644373,9266067,DNS,115.5,0.112,2012.9,8164.4,8,0.0048,17.77,None
2024-01-01 00:07:10,7941766,2553148,UDP,234.6,2.138,1062.3,15596.7,10,0.0037,3.25,None
2024-01-01 00:07:15,8551807,4600185,UDP,174.9,3.628,1225.1,2938.6,14,0.0275,20.63,None
2024-01-01 00:07:20,5181693,6030457,TCP,113.9,0.935,4602.6,9352.4,10,0.001,20.98,None
2024-01-01 00:07:25,8175266,2051136,TCP,191.8,4.152,3400.3,4026.8,9,0.0099,7.75,None
2024-01-01 00:07:30,6188160,4258605,DNS,155.8,0.48,4873.6,2391.4,12,0.0126,18.6,None
2024-01-01 00:07:35,3777328,2919448,UDP,240.9,0.787,3692.3,3425.1,12,0.002,21.54,None
2024-01-01 00:07:40,3550934,8816074,HTTP,104.5,0.327,6029.0,4701.0,16,0.0016,17.9,None
2024-01-01 00:07:45,2293346,5852144,UDP,126.0,1.938,7174.0,28132.9,12,0.0005,2.26,None
2024-01-01 00:07:50,6015021,9046490,UDP,122.0,1.089,522.3,4578.2,10,0.0017,2.27,None
2024-01-01 00:07:55,7096909,6611377,TCP,71.4,1.9,1268.6,2272.1,7,0.0165,23.58,None
2024-01-01 00:08:00,3434075,2721589,TCP,172.1,2.868,2365.2,9241.7,8,0.0288,12.99,None
2024-01-01 00:08:05,2898850,6106414,HTTP,169.1,1.578,2914.1,8343.0,4,0.0232,15.47,None
2024-01-01 00:08:10,2331047,7240715,TCP,148.8,1.976,1525.2,4954.0,5,0.0045,21.89,None
2024-01-01 00:08:15,3505285,7336939,HTTP,132.0,5.474,7420.7,6896.5,19,0.0129,0.18,None
2024-01-01 00:08:20,7510480,3449131,HTTP,73.1,0.711,21589.2,21509.0,7,0.0175,10.24,None
2024-01-01 00:08:25,5466661,3881000,UDP,120.3,0.89,3590.9,15846.5,15,0.0167,13.59,None
2024-01-01 00:08:30,4695464,4073268,TCP,125.0,2.53,3243.3,14533.8,14,0.0006,0.05,None
2024-01-01 00:08:35,6476382,6959369,DNS,99.4,1.89,6970.6,2480.8,9,0.0024,14.99,None
2024-01-01 00:08:40,9410125,4248236,UDP,136.9,0.393,461.4,145298.9,12,0.028,20.42,None
2024-01-01 00:08:45,3556012,4347871,HTTP,181.6,0.944,3067.0,23184.8,13,0.0135,1.32,None
2024-01-01 00:08:50,3588464,2654831,HTTP,381.1,1.262,7935.0,13589.2,15,0.018,19.3,None
2024-01-01 00:08:55,1194828,1422015,DNS,162.0,1.087,1566.9,2529.3,7,0.0072,23.46,None
2024-01-01 00:09:00,9469730,6830162,TCP,168.8,0.393,874.3,20904.7,16,0.005,22.09,None
2024-01-01 00:09:05,4803569,4276263,UDP,143.0,5.165,2475.5,4909.2,16,0.0105,12.89,None
2024-01-01 00:09:10,5015171,6728014,DNS,56.9,2.874,2805.4,6672.4,5,0.0064,20.65,None
2024-01-01 00:09:15,4415655,1683781,DNS,146.5,1.313,1201.5,1509.0,4,0.0047,18.5,None
2024-01-01 00:09:20,3693102,5853749,TCP,153.0,2.279,24249.7,2341.4,8,0.0043,19.62,None
2024-01-01 00:09:25,1095295,6413761,HTTP,508.6,4.552,1847.0,12563.4,21,0.0017,9.55,None
2024-01-01 00:09:30,7101134,4572965,UDP,134.8,0.293,940.4,22164.2,8,0.0075,11.41,None
2024-01-01 00:09:35,4609359,2202215,HTTP,172.6,0.576,2714.5,16073.1,11,0.0073,5.74,None
2024-01-01 00:09:40,4894127,5362453,DNS,145.9,1.565,7389.8,15534.5,13,0.0089,1.24,None
2024-01-01 00:09:45,4710054,2216506,UDP,82.7,3.209,3033.3,7594.9,9,0.0012,14.33,None
2024-01-01 00:09:50,4805037,7994316,HTTP,262.8,0.074,4844.5,5395.4,9,0.0246,7.43,None
2024-01-01 00:09:55,2120583,6714277,HTTP,216.1,8.273,1247.0,10817.2,13,0.0136,12.06,None
2024-01-01 00:10:00,8294760,3588603,TCP,220.4,1.214,13196.3,18424.0,8,0.0014,23.1,None
2024-01-01 00:10:05,3730759,9299341,TCP,94.2,0.89,5227.6,8142.6,6,0.0008,1.52,None
2024-01-01 00:10:10,4981400,8724471,TCP,299.3,0.693,8499.0,27180.4,10,0.0103,20.96,None
2024-01-01 00:10:15,6132529,5024617,HTTP,73.6,0.383,4294.8,6535.0,13,0.0042,2.08,None
2024-01-01 00:10:20,2382190,4650445,HTTP,199.0,3.136,6801.4,3040.3,5,0.0038,15.69,None
2024-01-01 00:10:25,9572921,7718928,TCP,443.7,6.221,1245.1,8019.6,9,0.0183,8.24,None
2024-01-01 00:10:30,8393753,7534957,HTTP,90.4,1.068,1823.6,9008.9,16,0.0042,2.4,None
2024-01-01 00:10:35,4806212,4048403,HTTP,111.8,6.091,11458.4,7464.9,10,0.01,18.17,None
2024-01-01 00:10:40,3610627,4957762,TCP,156.0,3.472,14182.2,29163.0,9,0.0077,16.77,None
2024-01-01 00:10:45,8303520,5842089,DNS,115.4,1.312,946.7,18129.6,8,0.0031,15.37,None
2024-01-01 00:10:50,2079208,7164148,UDP,68.4,2.242,3826.6,1937.3,11,0.004,23.16,None
2024-01-01 00:10:55,1783420,3061434,TCP,153.6,1.142,1937.3,37585.3,13,0.0287,0.57,None
2024-01-01 00:11:00,3027671,8567870,HTTP,87.3,1.636,1484.7,522.5,14,0.004,10.43,None
2024-01-01 00:11:05,6182176,8362949,UDP,188.1,0.12,3963.3,69635.1,11,0.0153,13.5,None
2024-01-01 00:11:10,8541274,3637796,UDP,93.7,2.383,9329.7,6079.6,6,0.0198,8.58,None
2024-01-01 00:11:15,8957148,1164007,HTTP,322.1,0.109,4682.9,6703.8,6,0.0007,16.07,None
2024-01-01 00:11:20,5577885,3622281,TCP,100.3,3.397,2165.7,7631.1,9,0.0109,21.58,None
2024-01-01 00:11:25,3210740,8523029,UDP,126.3,3.485,4988.4,11910.9,5,0.0138,16.73,None
2024-01-01 00:11:30,3191479,3456521,TCP,222.9,0.541,2079.8,8101.0,6,0.0057,13.66,None
2024-01-01 00:11:35,1847190,1665266,DNS,80.2,0.782,4501.3,7091.2,18,0.0084,17.71,None
2024-01-01 00:11:40,7117412,6154339,UDP,166.3,1.313,12045.7,29999.0,9,0.0018,2.63,None
2024-01-01 00:11:45,9235080,5464481,UDP,285.3,1.816,373.5,14265.5,9,0.0038,15.12,None
2024-01-01 00:11:50,9575691,6199811,TCP,66.4,0.678,6616.0,3106.3,8,0.0123,9.77,None
2024-01-01 00:11:55,9164039,6576251,HTTP,162.8,1.795,639.7,16995.0,18,0.0092,7.65,None
2024-01-01 00:12:00,9061387,3921394,HTTP,169.0,0.707,10181.5,13685.7,10,0.0015,12.17,None
2024-01-01 00:12:05,7124736,3920944,DNS,219.4,0.114,1576.5,4697.2,9,0.0443,19.31,None
2024-01-01 00:12:10,3940079,9146028,UDP,80.0,0.005,882.1,17892.5,13,0.0278,9.9,None
2024-01-01 00:12:15,9164656,4803731,UDP,76.7,0.213,5974.6,6921.8,11,0.0025,16.86,None
2024-01-01 00:12:20,3638794,1540341,DNS,192.7,3.143,4290.5,6492.0,9,0.0208,14.13,None
2024-01-01 00:12:25,9690563,3558635,UDP,172.2,6.511,1097.5,6317.6,13,0.0031,21.99,None
2024-01-01 00:12:30,2910477,8653471,HTTP,168.2,1.114,851.5,714.7,11,0.0083,10.68,None
2024-01-01 00:12:35,9942302,5079176,HTTP,176.5,1.438,2471.3,4785.3,9,0.0152,19.68,None
2024-01-01 00:12:40,5230658,8360770,DNS,105.6,0.318,894.2,16534.0,9,0.0042,20.21,None
2024-01-01 00:12:45,1818565,4156448,TCP,166.7,1.602,1031.3,7923.5,5,0.0081,11.14,None
2024-01-01 00:12:50,1548257,9173427,TCP,171.8,0.313,3346.3,2241.3,6,0.006,11.73,None
2024-01-01 00:12:55,1247891,8159595,TCP,103.8,1.889,1134.7,21261.0,8,0.0143,8.0,None
2024-01-01 00:13:00,3639334,3806438,DNS,377.2,5.414,4566.7,6011.3,14,0.0065,11.89,None
2024-01-01 00:13:05,4374497,1360639,DNS,188.1,0.436,13228.7,2388.5,15,0.0084,5.98,None
2024-01-01 00:13:10,5707414,1066787,UDP,81.8,2.893,2569.4,73571.5,11,0.0187,20.6,None
2024-01-01 00:13:15,8229865,1191565,UDP,206.1,0.048,3395.3,2826.6,3,0.012,6.0,None
2024-01-01 00:13:20,7245807,7963142,HTTP,91.2,0.942,22428.7,19525.8,7,0.0075,6.18,None
2024-01-01 00:13:25,6266999,8669803,UDP,220.0,0.235,909.0,3754.4,6,0.0062,21.5,None
2024-01-01 00:13:30,1468365,8564201,HTTP,264.9,0.869,9810.8,9281.9,10,0.0014,12.77,None
2024-01-01 00:13:35,3845305,1954139,UDP,98.5,0.381,8698.1,3287.3,14,0.0006,2.52,None
2024-01-01 00:13:40,5602836,4858871,HTTP,240.3,0.935,7004.6,2346.5,11,0.0305,8.3,None
2024-01-01 00:13:45,5951260,2936221,UDP,182.4,1.081,10848.1,13659.7,9,0.0021,16.93,None
2024-01-01 00:13:50,4647987,1817922,UDP,223.9,0.715,3946.5,12152.5,10,0.0032,9.74,None
2024-01-01 00:13:55,6625413,5172517,UDP,383.1,2.138,1664.2,25454.5,13,0.0094,10.16,None
2024-01-01 00:14:00,3720228,6594960,DNS,131.3,5.023,8906.8,7829.2,7,0.0176,11.97,None
2024-01-01 00:14:05,4128520,6411516,TCP,101.8,1.024,9254.3,74634.0,15,0.0179,5.34,None
2024-01-01 00:14:10,1300918,5263125,UDP,95.1,0.427,9003.0,10597.2,10,0.0177,10.18,None
2024-01-01 00:14:15,6001019,3008336,DNS,98.7,0.631,3116.6,14282.3,8,0.0382,5.17,None
2024-01-01 00:14:20,4290743,3288479,HTTP,142.8,3.848,1456.5,2083.0,13,0.0006,8.42,None
2024-01-01 00:14:25,9836127,8497985,UDP,176.0,1.696,3609.6,4384.9,15,0.0051,12.78,None
2024-01-01 00:14:30,8669550,7365029,TCP,170.4,1.214,7648.2,13625.2,16,0.0245,16.65,None
2024-01-01 00:14:35,2092501,7395567,UDP,224.4,0.324,8302.8,7448.5,14,0.0063,15.21,None
2024-01-01 00:14:40,4368568,6959814,DNS,149.4,1.195,1939.8,9776.0,12,0.0205,13.81,None
2024-01-01 00:14:45,7076056,1854995,TCP,307.0,0.653,4086.2,3581.4,3,0.0002,14.29,None
2024-01-01 00:14:50,9556958,6446851,DNS,130.0,5.735,805.3,9154.0,13,0.007,12.26,None
2024-01-01 00:14:55,4337339,1525544,UDP,578.3,4.31,7982.0,9122.9,10,0.0256,14.75,None
2024-01-01 00:15:00,5793963,3385384,DNS,202.9,0.175,1362.0,2488.8,9,0.003,9.01,None
2024-01-01 00:15:05,2397120,4085289,HTTP,96.7,1.454,6537.1,15406.6,14,0.0265,21.59,None
2024-01-01 00:15:10,4889891,9769394,TCP,86.9,0.51,944.5,1480.2,11,0.0001,14.17,None
2024-01-01 00:15:15,7395617,4232925,TCP,188.9,1.058,8361.7,9742.4,9,0.0008,22.48,None
2024-01-01 00:15:20,6121771,4885113,UDP,132.7,4.189,4112.7,47362.8,11,0.0065,9.71,None
2024-01-01 00:15:25,1065875,4103330,DNS,212.1,1.499,1364.6,16003.3,7,0.0011,9.47,None
2024-01-01 00:15:30,8139260,1091925,UDP,188.0,0.814,5951.2,15903.6,9,0.0026,23.16,None
2024-01-01 00:15:35,1736930,4891818,HTTP,143.1,0.466,1651.8,3303.0,12,0.0035,17.5,None
2024-01-01 00:15:40,7973935,9524106,HTTP,97.2,3.222,6307.9,47527.4,11,0.0066,12.45,None
2024-01-01 00:15:45,4179625,3585726,HTTP,69.6,1.959,2266.3,32103.4,6,0.005,17.24,None
2024-01-01 00:15:50,9979910,1517261,TCP,118.7,1.262,533.2,3485.7,11,0.0255,9.52,None
2024-01-01 00:15:55,8236737,9645527,TCP,227.7,0.49,1116.1,5040.4,8,0.0217,18.21,None
2024-01-01 00:16:00,3046994,1316958,HTTP,165.2,0.814,1938.3,28414.5,10,0.0138,5.03,None
2024-01-01 00:16:05,7084347,7709625,TCP,79.6,6.43,11709.9,48832.3,12,0.0108,22.82,None
2024-01-01 00:16:10,5103002,8276828,HTTP,161.8,1.468,7340.4,2287.7,9,0.0023,11.06,None
2024-01-01 00:16:15,2259862,4416018,TCP,179.9,1.024,15121.3,2969.9,15,0.0092,2.23,None
2024-01-01 00:16:20,8476829,8331301,UDP,95.4,1.474,15578.3,7017.9,18,0.0016,20.28,None
2024-01-01 00:16:25,6639783,4815354,TCP,160.3,3.019,1746.3,924.2,6,0.006,21.46,None
2024-01-01 00:16:30,1209426,3082453,UDP,152.8,0.831,2468.9,8258.9,14,0.0062,17.52,None
2024-01-01 00:16:35,6435929,1350592,DNS,83.8,0.394,1975.8,26522.4,12,0.0117,15.11,None
2024-01-01 00:16:40,1375036,3869767,HTTP,177.5,1.759,1523.1,1922.5,10,0.018,22.28,None
2024-01-01 00:16:45,5426928,5062067,TCP,196.4,2.188,472.7,9201.4,7,0.0039,14.93,None
2024-01-01 00:16:50,4076349,1727976,HTTP,255.1,2.495,2937.3,4528.9,9,0.0004,18.99,None
2024-01-01 00:16:55,1246585,5814054,HTTP,251.4,4.274,824.2,41770.5,13,0.0005,11.31,None
2024-01-01 00:17:00,9023874,3031843,DNS,74.5,0.928,2880.8,4583.5,10,0.0208,17.45,None
2024-01-01 00:17:05,5465510,7769032,DNS,92.9,0.157,24730.0,37011.8,11,0.0067,23.98,None
2024-01-01 00:17:10,6042509,5291067,UDP,192.0,6.357,1791.2,4458.4,8,0.0029,9.18,None
2024-01-01 00:17:15,2838951,3704415,HTTP,191.9,1.142,3622.0,17521.4,16,0.0003,17.28,None
2024-01-01 00:17:20,4193545,6708544,HTTP,192.0,1.952,7380.9,10424.8,12,0.0075,3.57,None
2024-01-01 00:17:25,8094871,8982602,DNS,1018.8,2.195,3945.3,7056.7,12,0.0015,15.24,None
2024-01-01 00:17:30,6324407,8656159,HTTP,197.4,1.582,3993.7,3675.6,14,0.0054,7.75,None
2024-01-01 00:17:35,9829546,6296369,HTTP,261.9,0.459,2074.8,11193.6,11,0.0073,20.8,None
2024-01-01 00:17:40,8586673,2577016,HTTP,239.1,2.814,2364.0,5215.9,5,0.0026,8.63,None
2024-01-01 00:17:45,2811939,2702099,DNS,205.6,3.257,1141.4,4065.3,10,0.0022,10.68,None
2024-01-01 00:17:50,9616853,8854665,HTTP,126.8,1.61,6946.9,35338.3,13,0.0002,23.53,None
2024-01-01 00:17:55,4277433,5098501,TCP,216.9,1.341,522.4,14010.1,11,0.0088,5.17,None
2024-01-01 00:18:00,6315349,2071820,DNS,100.8,0.242,7872.2,15423.4,8,0.0022,13.55,None
2024-01-01 00:18:05,8333088,2681465,HTTP,131.8,0.175,732.4,5477.5,13,0.0211,20.73,None
2024-01-01 00:18:10,9311505,3694027,UDP,116.4,0.83,7805.7,6727.9,8,0.0093,7.56,None
2024-01-01 00:18:15,1858231,1448722,DNS,154.6,0.745,2092.6,6319.7,10,0.0081,0.37,None
2024-01-01 00:18:20,7626654,8535212,HTTP,472.2,6.143,869.7,11353.0,9,0.007,21.51,None
2024-01-01 00:18:25,1645093,6509611,UDP,58.3,3.061,5320.4,15395.1,7,0.0024,14.87,None
2024-01-01 00:18:30,1857358,7691076,UDP,209.2,2.157,7546.0,7861.6,10,0.0349,5.53,None
2024-01-01 00:18:35,8326247,6342407,DNS,66.3,1.458,1923.5,3667.8,13,0.0341,6.63,None
2024-01-01 00:18:40,8561408,5652866,UDP,117.2,0.366,6127.9,17336.5,9,0.0039,19.19,None
2024-01-01 00:18:45,2892617,9963218,DNS,255.8,7.675,303.4,8378.3,6,0.015,15.41,None
2024-01-01 00:18:50,6560225,8297025,HTTP,153.3,0.94,795.8,1918.2,10,0.0013,17.58,None
2024-01-01 00:18:55,3090735,1345857,TCP,86.6,0.226,10855.3,957.9,5,0.0152,13.85,None
2024-01-01 00:19:00,5808996,9632931,HTTP,103.8,1.362,2383.5,10915.0,5,0.0034,18.96,None
2024-01-01 00:19:05,1699276,7669390,DNS,208.5,4.143,463.0,3535.2,7,0.0034,19.71,None
2024-01-01 00:19:10,6974821,6713786,TCP,103.0,4.366,1482.0,12469.8,15,0.0071,9.29,None
2024-01-01 00:19:15,8758101,6771012,DNS,165.4,0.022,1183.9,3730.8,13,0.005,21.62,None
2024-01-01 00:19:20,7139196,1743264,HTTP,151.8,4.348,2525.1,9257.5,11,0.0013,12.12,None
2024-01-01 00:19:25,4646373,1072329,UDP,107.1,0.633,2057.5,5550.3,8,0.009,3.84,None
2024-01-01 00:19:30,4956537,4339649,HTTP,433.5,0.08,3565.0,46719.7,8,0.0024,5.24,None
2024-01-01 00:19:35,7409625,5260197,UDP,203.8,3.765,2780.9,20958.8,9,0.0059,17.61,None
2024-01-01 00:19:40,4820618,6837935,TCP,53.9,3.988,11611.4,31172.7,6,0.0026,9.06,None
2024-01-01 00:19:45,1702768,1022781,HTTP,162.9,1.814,4557.6,8300.3,15,0.0195,6.3,None
2024-01-01 00:19:50,2656416,7094725,TCP,106.6,1.709,4711.1,18441.5,9,0.0041,14.51,None
2024-01-01 00:19:55,4092937,5416031,HTTP,227.3,3.355,9558.2,8880.8,6,0.0218,18.77,None
2024-01-01 00:20:00,8989598,7212297,UDP,86.2,3.086,49076.4,35227.8,496,0.0039,2.62,DDoS
2024-01-01 00:20:05,7514644,2633011,UDP,53.6,4.416,16675.9,7535.9,491,0.002,10.78,DDoS
2024-01-01 00:20:10,6984877,5978436,HTTP,1392.0,17.196,138018.2,2003.2,1,0.0086,18.52,Exfiltration
2024-01-01 00:20:15,4306081,8335821,TCP,29.9,6.862,179430.8,1098.1,554,0.0081,21.69,DDoS
2024-01-01 00:20:20,1215176,3773700,TCP,35.1,11.118,88935.2,42972.3,487,0.0096,0.33,DDoS
2024-01-01 00:20:25,5231889,7284712,UDP,1197.8,1.414,23143.0,13075.6,1,0.0036,15.75,Exfiltration
2024-01-01 00:20:30,2778452,1120761,TCP,117.0,3.788,1608.6,13964.3,11,0.0039,14.34,None
2024-01-01 00:20:35,9835612,8745507,UDP,1703.6,3.303,90545.2,35941.5,1,0.0027,12.43,Exfiltration
2024-01-01 00:20:40,5142759,4833397,HTTP,871.4,2.025,141906.5,1553.5,1,0.0264,3.84,Exfiltration
2024-01-01 00:20:45,9292860,8989805,DNS,1551.7,2.003,51726.9,5661.2,1,0.0115,17.8,Exfiltration
2024-01-01 00:20:50,1697488,4141069,UDP,1185.3,12.658,42189.2,6399.2,1,0.0141,9.43,Exfiltration
2024-01-01 00:20:55,4580512,8621607,HTTP,767.7,0.243,59636.6,17022.2,1,0.0022,5.63,Exfiltration
2024-01-01 00:21:00,4407935,3970199,HTTP,870.7,4.477,34434.9,4053.6,1,0.0108,20.4,Exfiltration
2024-01-01 00:21:05,4273121,7846171,TCP,1627.7,9.999,51911.5,2437.3,1,0.0144,7.37,Exfiltration
2024-01-01 00:21:10,9530054,2830811,TCP,946.6,0.572,22295.5,2415.5,1,0.0042,4.76,Exfiltration
2024-01-01 00:21:15,5428647,9562397,HTTP,1417.1,6.473,121189.3,25576.2,1,0.0017,7.49,Exfiltration
2024-01-01 00:21:20,4388400,3984164,DNS,766.5,2.801,36398.0,3856.3,1,0.0119,4.35,Exfiltration
2024-01-01 00:21:25,7391939,3525553,DNS,1138.6,0.742,40337.9,4665.7,1,0.0094,18.65,Exfiltration
2024-01-01 00:21:30,3182974,3345693,HTTP,1351.9,7.343,36265.0,15283.0,1,0.0086,4.37,Exfiltration
2024-01-01 00:21:35,3068388,4196448,DNS,963.1,9.091,149246.7,4028.1,1,0.002,17.2,Exfiltration
2024-01-01 00:21:40,7686663,2004445,DNS,681.9,1.478,80338.5,1473.0,1,0.003,3.9,Exfiltration
2024-01-01 00:21:45,5914332,9338080,UDP,860.8,10.127,48974.4,1666.2,1,0.0098,5.43,Exfiltration
2024-01-01 00:21:50,1325484,6602815,UDP,29.4,1.203,774.3,7655.6,12,0.0095,8.22,None
2024-01-01 00:21:55,9888270,1702954,HTTP,725.0,0.384,31635.6,13324.1,1,0.0081,22.8,Exfiltration
2024-01-01 00:22:00,6818557,9789309,TCP,130.8,1.526,3403.3,6619.4,7,0.0146,21.93,None
2024-01-01 00:22:05,4313615,2249686,TCP,1172.8,3.783,56271.0,12462.0,1,0.0169,2.04,Exfiltration
2024-01-01 00:22:10,2005306,5638306,UDP,825.2,8.373,98701.0,1615.1,1,0.0032,8.06,Exfiltration
2024-01-01 00:22:15,4582781,8906040,HTTP,1346.3,2.246,74353.6,1728.0,1,0.0017,8.31,Exfiltration
2024-01-01 00:22:20,3544127,5750355,UDP,1145.1,6.555,40516.2,77183.1,1,0.0022,5.08,Exfiltration
2024-01-01 00:22:25,5983017,7752710,TCP,158.4,0.117,2430.1,27799.8,6,0.0033,10.45,None
2024-01-01 00:22:30,5239690,5466396,UDP,305.1,0.372,5865.8,17482.8,13,0.0295,17.95,None
2024-01-01 00:22:35,2656965,6991456,DNS,72.4,0.672,2672.3,4189.2,12,0.0015,2.38,None
2024-01-01 00:22:40,3402927,3738695,DNS,265.5,0.664,3021.9,6386.8,9,0.0211,16.12,None
2024-01-01 00:22:45,7357680,8628651,UDP,149.2,2.238,3834.0,8089.5,6,0.0023,6.26,None
2024-01-01 00:22:50,1907847,2688892,TCP,90.9,0.037,7532.6,30162.2,7,0.0043,15.42,None
2024-01-01 00:22:55,5570026,7456424,TCP,187.0,2.819,1516.7,12122.1,12,0.0013,16.37,None
2024-01-01 00:23:00,1267130,5363823,TCP,163.9,0.617,1832.0,13710.5,9,0.0011,17.48,None
2024-01-01 00:23:05,6851388,9507964,HTTP,109.9,0.742,1527.1,6852.3,12,0.001,20.68,None
2024-01-01 00:23:10,4478285,6650807,DNS,153.7,1.501,2138.4,17902.0,11,0.0042,21.59,None
2024-01-01 00:23:15,2581216,1659125,HTTP,122.4,0.487,12409.7,10963.5,8,0.0074,18.22,None
2024-01-01 00:23:20,9144633,1871738,DNS,157.1,4.316,5285.5,8467.8,12,0.0022,11.55,None
2024-01-01 00:23:25,4741137,2331318,UDP,206.7,0.178,961.9,3854.2,17,0.027,1.06,None
2024-01-01 00:23:30,7301172,8698338,UDP,328.0,1.175,1635.3,7233.1,12,0.0088,22.49,None
2024-01-01 00:23:35,7696030,8087421,UDP,79.9,3.787,4327.6,2753.1,10,0.0216,14.43,None
2024-01-01 00:23:40,5824108,6621498,UDP,431.2,1.913,1204.1,7784.3,8,0.0016,12.83,None
2024-01-01 00:23:45,4360911,9747750,HTTP,55.9,0.692,1443.3,8856.5,10,0.0015,5.75,None
2024-01-01 00:23:50,5391922,6666480,DNS,137.6,1.092,11441.0,731.8,10,0.0188,16.42,None
2024-01-01 00:23:55,7738232,8439239,UDP,199.2,2.453,1614.2,6436.0,11,0.0084,23.87,None
2024-01-01 00:24:00,3656421,1981674,UDP,170.8,7.243,7743.9,2500.2,13,0.0279,7.92,None
2024-01-01 00:24:05,6050495,9713453,TCP,108.7,4.472,10460.1,13341.6,6,0.0016,19.19,None
2024-01-01 00:24:10,1448577,4109025,HTTP,133.7,0.838,1431.6,15323.8,12,0.0003,6.99,None
2024-01-01 00:24:15,5081656,6082908,DNS,116.0,12.638,1224.2,5290.5,8,0.0248,11.71,None
2024-01-01 00:24:20,8227779,4676077,UDP,110.5,0.007,2261.7,14031.0,7,0.012,5.12,None
2024-01-01 00:24:25,3180944,1485185,TCP,227.0,0.056,1003.6,14633.5,9,0.0165,12.31,None
2024-01-01 00:24:30,3591231,2893587,DNS,177.4,3.473,3364.5,6440.0,10,0.0035,11.02,None
2024-01-01 00:24:35,9727652,4356268,HTTP,105.0,0.445,2426.8,37582.2,11,0.0,0.93,None
2024-01-01 00:24:40,8644430,5776363,TCP,232.7,0.125,4275.2,3924.2,12,0.0066,9.16,None
2024-01-01 00:24:45,1467659,5782618,TCP,173.1,0.541,12051.5,35290.4,7,0.0461,1.51,None
2024-01-01 00:24:50,5722879,1114363,HTTP,222.8,1.111,6751.3,6469.2,13,0.0238,10.82,None
2024-01-01 00:24:55,1393191,8487976,TCP,203.3,2.623,4862.2,3486.6,6,0.0007,23.52,None
2024-01-01 00:25:00,5303032,4590443,DNS,98.1,1.958,417.4,5701.3,13,0.0021,7.03,None
2024-01-01 00:25:05,8958705,3205736,DNS,112.2,0.543,4644.2,2698.9,17,0.0037,12.38,None
2024-01-01 00:25:10,3549864,2961167,UDP,215.6,1.399,16691.0,17757.4,7,0.0177,3.12,None
2024-01-01 00:25:15,1267663,3977325,TCP,201.4,5.213,146.9,1631.5,7,0.0174,3.7,None
2024-01-01 00:25:20,5469871,9653192,HTTP,146.9,3.375,5939.5,32519.9,5,0.002,8.53,None
2024-01-01 00:25:25,4314167,5405078,HTTP,157.4,0.781,2541.8,3178.4,14,0.0076,11.75,None
2024-01-01 00:25:30,9539308,8768139,HTTP,281.1,8.064,1274.4,18707.0,14,0.007,16.83,None
2024-01-01 00:25:35,5700459,4156455,HTTP,110.4,2.466,6641.7,8301.8,6,0.0053,10.96,None
2024-01-01 00:25:40,2071479,4822684,UDP,195.1,0.129,16476.8,10623.4,7,0.0077,0.59,None
2024-01-01 00:25:45,5114814,7103186,TCP,134.1,0.072,6471.9,4491.6,12,0.0035,6.5,None
2024-01-01 00:25:50,3369851,7599565,DNS,133.1,0.369,2056.6,11531.2,15,0.0076,0.59,None
2024-01-01 00:25:55,3455626,7035007,UDP,257.1,2.603,1160.4,9274.0,9,0.0116,22.03,None
2024-01-01 00:26:00,1771827,1627204,TCP,224.2,0.406,3444.8,1885.8,14,0.0006,0.7,None
2024-01-01 00:26:05,3737099,2771698,HTTP,222.9,1.433,7137.9,3094.9,11,0.0342,1.19,None
2024-01-01 00:26:10,4754808,7780755,TCP,285.1,0.196,2024.2,4717.8,9,0.0018,7.16,None
2024-01-01 00:26:15,3234092,3990730,DNS,150.0,5.074,2229.7,3808.5,13,0.0045,15.18,None
2024-01-01 00:26:20,2286654,1642977,DNS,208.7,0.843,50111.2,28362.2,13,0.0064,8.59,None
2024-01-01 00:26:25,5066914,4326637,DNS,18.0,4.775,458.7,8160.1,22,0.1793,1.48,PortScan
2024-01-01 00:26:30,8831996,9608897,UDP,29.0,5.796,476.3,3719.4,25,0.0659,20.07,PortScan
2024-01-01 00:26:35,5843384,2493673,UDP,13.4,0.012,585.1,4960.3,23,0.0169,16.81,PortScan
2024-01-01 00:26:40,5773136,4871169,UDP,20.4,1.248,844.5,4892.9,22,0.0233,9.51,PortScan
2024-01-01 00:26:45,6395056,5356924,TCP,25.2,0.05,422.6,6075.1,24,0.1999,16.25,PortScan
2024-01-01 00:26:50,8334673,7259329,DNS,25.9,4.787,397.3,2764.7,24,0.1869,6.59,PortScan
2024-01-01 00:26:55,8042084,6664243,DNS,15.5,1.461,452.1,3590.6,21,0.1084,12.67,PortScan
2024-01-01 00:27:00,5674245,1227870,UDP,89.7,0.156,12213.7,17441.5,10,0.0029,21.13,None
2024-01-01 00:27:05,6545713,9834044,UDP,80.9,0.234,1748.4,9753.1,10,0.0075,2.58,None
2024-01-01 00:27:10,6239184,5080814,TCP,264.8,0.967,17746.1,6958.1,11,0.0046,20.33,None
2024-01-01 00:27:15,8842562,6663228,UDP,220.5,5.635,2968.3,8124.4,12,0.0048,18.93,None
2024-01-01 00:27:20,1807635,8631539,TCP,202.8,2.361,39711.2,7742.2,10,0.001,22.78,None
2024-01-01 00:27:25,5724599,2146357,UDP,203.2,4.044,3445.0,6573.9,10,0.0052,12.33,None
2024-01-01 00:27:30,9025832,5968852,HTTP,147.5,0.913,5303.9,13590.2,10,0.0018,6.6,None
2024-01-01 00:27:35,1996943,2141879,TCP,94.8,0.088,12087.2,12621.5,5,0.0036,8.47,None
2024-01-01 00:27:40,8227107,5732686,UDP,154.1,7.324,10696.1,1682.8,10,0.004,15.36,None
2024-01-01 00:27:45,8951238,4634643,HTTP,105.8,0.035,4967.8,7104.2,10,0.0056,3.38,None
2024-01-01 00:27:50,2707777,2970035,TCP,241.7,5.9,2588.6,1797.6,12,0.0249,8.44,None
2024-01-01 00:27:55,1692897,3794127,DNS,137.9,0.92,4984.7,15299.5,14,0.01,17.43,None
2024-01-01 00:28:00,9893059,1246902,DNS,98.2,0.02,1317.9,17460.0,11,0.0367,13.77,None
2024-01-01 00:28:05,3479664,5818981,UDP,126.4,2.337,3470.8,4399.4,14,0.0089,1.51,None
2024-01-01 00:28:10,8978310,5777319,DNS,182.4,7.879,983.1,7210.1,12,0.0164,11.92,None
2024-01-01 00:28:15,5594859,2753285,DNS,112.0,6.741,502.3,981.0,6,0.018,12.58,None
2024-01-01 00:28:20,9188027,8287590,TCP,98.4,0.351,3135.1,21435.2,8,0.0134,16.82,None
2024-01-01 00:28:25,3916420,4691314,DNS,167.6,0.4,10533.1,16476.2,6,0.0111,0.26,None
2024-01-01 00:28:30,3735120,2825841,HTTP,167.8,1.667,7523.6,25593.3,13,0.0054,10.28,None
2024-01-01 00:28:35,4461285,4012826,UDP,115.2,2.028,2746.5,35830.1,10,0.0084,21.28,None
2024-01-01 00:28:40,8580983,5344215,TCP,117.3,2.69,17102.7,2382.5,9,0.0022,0.6,None
2024-01-01 00:28:45,7765653,5897932,UDP,166.7,0.399,1687.4,19693.5,7,0.0096,16.14,None
2024-01-01 00:28:50,5819027,3403925,DNS,71.9,6.389,438.0,35571.7,14,0.0072,5.36,None
2024-01-01 00:28:55,8279858,4203251,HTTP,73.4,2.036,336.3,1817.9,12,0.0163,9.3,None
2024-01-01 00:29:00,4189718,2623803,TCP,103.6,3.755,914.9,6828.0,5,0.0233,21.22,None
2024-01-01 00:29:05,6184150,8549312,HTTP,133.4,1.553,6745.5,5634.1,7,0.0014,8.7,None
2024-01-01 00:29:10,6900097,4219801,DNS,173.4,1.07,1580.0,19062.2,10,0.0117,13.09,None
2024-01-01 00:29:15,2487682,1744519,UDP,310.3,7.56,4726.6,739.6,10,0.03,2.15,None
2024-01-01 00:29:20,4750782,8538660,HTTP,227.9,1.745,15464.2,49809.3,1,0.025,7.79,None
2024-01-01 00:29:25,6659288,9744150,HTTP,137.0,4.033,992.2,7240.6,13,0.018,3.4,None
2024-01-01 00:29:30,3658327,6466070,TCP,147.0,6.128,4810.2,20253.7,10,0.0005,13.48,None
2024-01-01 00:29:35,2486621,5295101,TCP,89.9,2.25,5110.0,7629.4,7,0.0029,11.03,None
2024-01-01 00:29:40,7364189,9461889,UDP,147.0,1.592,1260.5,13254.9,10,0.0016,6.35,None
2024-01-01 00:29:45,6550151,5231396,HTTP,128.5,0.007,11547.3,795.2,14,0.0262,23.99,None
2024-01-01 00:29:50,1405933,9404113,HTTP,174.4,0.082,2235.7,5514.4,14,0.0138,3.68,None
2024-01-01 00:29:55,4077816,9794941,TCP,98.1,0.448,2030.9,18916.0,12,0.0076,19.81,None
2024-01-01 00:30:00,9019356,9354322,DNS,192.4,0.412,24627.4,10815.5,12,0.0388,0.86,None
2024-01-01 00:30:05,6023695,6077555,TCP,319.4,0.588,5027.9,1576.8,6,0.0022,20.32,None
2024-01-01 00:30:10,5573941,6147437,UDP,140.6,0.727,7519.8,8616.4,6,0.0103,11.45,None
2024-01-01 00:30:15,9081469,1156892,DNS,181.4,0.893,11555.2,3573.3,5,0.0094,19.88,None
2024-01-01 00:30:20,6097046,1353089,HTTP,209.6,1.091,1555.5,3276.7,7,0.0042,17.93,None
2024-01-01 00:30:25,4314716,1684039,HTTP,121.4,0.208,10402.7,1771.0,8,0.0066,13.74,None
2024-01-01 00:30:30,3499236,3858451,TCP,166.0,0.087,1804.6,15043.5,9,0.0027,8.92,None
2024-01-01 00:30:35,4098969,2180809,DNS,149.4,2.241,1729.1,24661.9,8,0.0113,15.97,None
2024-01-01 00:30:40,6081687,1886359,DNS,155.8,1.542,2271.1,67517.6,10,0.0054,19.98,None
2024-01-01 00:30:45,6318780,4534743,HTTP,100.8,1.174,1600.3,1855.6,13,0.0002,12.08,None
2024-01-01 00:30:50,8543335,7046201,DNS,150.2,2.013,6782.9,17454.8,10,0.0301,9.96,None
2024-01-01 00:30:55,9037558,9733176,HTTP,190.4,3.517,3894.1,18642.0,12,0.007,3.43,None
2024-01-01 00:31:00,1477642,3700290,DNS,306.6,1.116,1824.0,4534.6,12,0.0122,21.51,None
2024-01-01 00:31:05,2688568,7508089,UDP,239.8,2.05,5851.8,3237.1,14,0.0022,6.42,None
2024-01-01 00:31:10,7028338,6789504,DNS,435.5,6.14,2263.8,2736.0,14,0.0014,2.96,None
2024-01-01 00:31:15,7031066,6293791,TCP,101.1,3.66,2147.2,4782.2,12,0.0233,1.59,None
2024-01-01 00:31:20,6162816,2436836,TCP,229.6,1.11,3129.7,9923.1,12,0.0089,18.02,None
2024-01-01 00:31:25,5293338,5028029,DNS,162.7,2.07,4738.4,31574.7,7,0.0068,16.2,None
2024-01-01 00:31:30,5469248,1012454,TCP,443.6,0.39,4402.1,24473.3,10,0.0074,2.89,None
2024-01-01 00:31:35,5922894,9687212,TCP,99.1,1.644,2073.0,1611.0,13,0.0027,12.72,None
2024-01-01 00:31:40,9415498,1662399,UDP,97.5,7.961,6954.3,3681.8,11,0.0244,3.66,None
2024-01-01 00:31:45,4435447,2921737,UDP,110.0,1.461,2386.6,29721.9,14,0.0024,9.21,None
2024-01-01 00:31:50,3339493,8041817,HTTP,51.3,5.252,1548.5,3900.7,7,0.0017,18.79,None
2024-01-01 00:31:55,1548061,4720832,DNS,114.1,1.046,686.8,7654.8,7,0.0266,5.47,None
2024-01-01 00:32:00,9692246,4726988,DNS,101.5,13.527,7967.9,1472.5,10,0.003,0.67,None
2024-01-01 00:32:05,4042409,4613748,DNS,160.0,1.731,3018.1,25668.8,8,0.0198,4.64,None
2024-01-01 00:32:10,3385316,1742972,UDP,176.1,0.086,3680.8,1196.6,8,0.0148,9.61,None
2024-01-01 00:32:15,8259058,6654435,UDP,379.2,1.767,8482.9,1567.4,8,0.0048,5.8,None
2024-01-01 00:32:20,9490577,9124902,TCP,238.7,0.642,1849.4,23174.7,11,0.0029,17.33,None
2024-01-01 00:32:25,2853300,4915540,HTTP,111.2,0.066,754.2,55274.2,17,0.0142,18.94,None
2024-01-01 00:32:30,6172479,2294355,TCP,94.7,3.439,3196.4,6059.5,12,0.0091,5.77,None
2024-01-01 00:32:35,3477622,5668669,TCP,189.8,0.645,4056.0,7732.1,12,0.0029,6.45,None
2024-01-01 00:32:40,3018585,3958995,DNS,76.7,3.185,2291.9,20096.1,11,0.0222,13.44,None
2024-01-01 00:32:45,2250396,8258303,DNS,370.8,0.68,13013.4,10823.2,9,0.0128,18.06,None
2024-01-01 00:32:50,5161657,7760556,UDP,267.7,0.432,248.1,5579.1,13,0.024,23.02,None
2024-01-01 00:32:55,7251484,5244475,DNS,117.4,7.294,9136.7,4986.8,8,0.0058,7.21,None
2024-01-01 00:33:00,5417317,7137771,HTTP,63.0,0.898,6575.8,1691.2,5,0.0014,21.87,None
2024-01-01 00:33:05,4073174,5374846,HTTP,292.1,1.839,4706.8,10228.6,8,0.0258,4.36,None
2024-01-01 00:33:10,4982886,8444000,UDP,140.2,1.883,106.1,7391.5,10,0.0092,0.99,None
2024-01-01 00:33:15,7380143,3624346,TCP,275.6,1.644,10763.2,5229.9,13,0.0093,19.02,None
2024-01-01 00:33:20,9136290,9372020,TCP,66.9,4.923,1068.0,2975.6,11,0.0088,11.49,None
2024-01-01 00:33:25,5225514,3736950,DNS,110.0,2.244,1794.2,3292.7,14,0.0064,1.84,None
2024-01-01 00:33:30,9873971,9940244,UDP,148.8,1.034,2513.4,15038.6,11,0.0029,1.71,None
2024-01-01 00:33:35,1856514,6621413,HTTP,151.9,3.967,4480.2,19568.3,10,0.0095,0.33,None
2024-01-01 00:33:40,5172169,9560164,HTTP,118.5,0.399,5650.1,5842.3,13,0.0127,7.35,None
2024-01-01 00:33:45,1045857,5463576,UDP,202.6,1.572,7279.7,5258.1,15,0.0248,17.65,None
2024-01-01 00:33:50,2699538,7540718,TCP,87.0,6.014,6740.3,3450.8,15,0.0007,15.97,None
2024-01-01 00:33:55,9209316,3087915,UDP,138.2,1.964,3838.8,20677.9,9,0.0029,23.99,None
2024-01-01 00:34:00,7084678,6506390,HTTP,157.6,3.396,4518.4,8358.2,8,0.015,14.25,None
2024-01-01 00:34:05,8500738,5454087,HTTP,191.9,2.12,1001.5,11706.5,9,0.0149,2.65,None
2024-01-01 00:34:10,1104653,4090820,HTTP,211.8,3.657,1406.7,11596.6,10,0.0024,23.48,None
2024-01-01 00:34:15,7473785,3660579,HTTP,84.6,5.782,7298.8,5956.9,10,0.002,16.63,None
2024-01-01 00:34:20,9033855,3501477,UDP,68.9,0.637,6885.8,2526.6,15,0.0046,8.98,None
2024-01-01 00:34:25,1721307,1293234,TCP,281.1,0.372,6147.5,2992.5,5,0.0006,5.93,None
2024-01-01 00:34:30,6195845,8133284,UDP,175.2,1.323,1782.2,25031.4,7,0.0131,5.33,None
2024-01-01 00:34:35,1769307,3495398,UDP,102.1,2.42,7409.3,3921.8,8,0.0111,22.95,None
2024-01-01 00:34:40,3057386,8627087,TCP,322.3,0.515,933.3,5375.7,16,0.0196,10.07,None
2024-01-01 00:34:45,2541005,5435590,HTTP,157.3,0.008,8754.8,2606.1,9,0.0056,11.68,None
2024-01-01 00:34:50,6636370,5692403,DNS,267.6,0.84,2296.5,2401.7,15,0.0101,20.08,None
2024-01-01 00:34:55,8803775,1438597,TCP,153.5,6.938,16061.3,3755.0,5,0.0308,23.13,None
2024-01-01 00:35:00,4214502,7300697,HTTP,415.9,2.375,651.0,43844.6,10,0.0319,0.11,None
2024-01-01 00:35:05,1111520,6344387,HTTP,357.0,1.026,17385.7,15647.0,11,0.0007,23.77,None
2024-01-01 00:35:10,4148813,4075933,UDP,131.0,0.428,2076.7,4784.9,12,0.0,1.81,None
2024-01-01 00:35:15,3985825,6866096,TCP,241.2,0.88,2039.6,23929.7,11,0.0322,20.08,None
2024-01-01 00:35:20,8806802,3315182,UDP,204.9,0.372,3622.2,6958.4,8,0.0077,22.81,None
2024-01-01 00:35:25,1282570,8125886,TCP,294.2,0.225,1484.6,31393.0,7,0.0121,13.47,None
2024-01-01 00:35:30,6340008,9264166,DNS,91.6,4.745,2773.0,73993.3,13,0.0244,13.24,None
2024-01-01 00:35:35,4333828,7284271,TCP,209.1,12.107,1425.6,22655.6,7,0.0057,16.06,None
2024-01-01 00:35:40,8118197,8284448,DNS,251.9,0.359,1478.7,8906.6,8,0.0058,8.47,None
2024-01-01 00:35:45,8748918,4836825,UDP,61.6,0.112,4850.7,16306.3,7,0.0018,3.98,None
2024-01-01 00:35:50,1216002,5038748,TCP,82.1,0.8,1210.1,8226.1,10,0.0236,1.59,None
2024-01-01 00:35:55,2318327,7494507,TCP,53.5,1.239,1382.7,1292.1,8,0.0104,21.15,None
2024-01-01 00:36:00,9544398,5765228,DNS,129.7,0.458,755.4,4210.7,12,0.002,13.14,None
2024-01-01 00:36:05,7331704,9403084,DNS,212.5,0.717,1800.9,3128.8,7,0.0082,16.66,None
2024-01-01 00:36:10,1369310,9983617,TCP,314.6,0.448,11065.7,4118.4,10,0.004,7.97,None
2024-01-01 00:36:15,2640461,4882519,TCP,154.0,2.977,1279.3,48711.5,9,0.0016,19.37,None
2024-01-01 00:36:20,7203669,7237656,DNS,335.1,2.494,1434.2,24888.2,7,0.002,8.4,None
2024-01-01 00:36:25,5815612,8082820,TCP,74.4,2.015,3618.9,12592.9,12,0.0082,0.71,None
2024-01-01 00:36:30,7820073,4321437,UDP,63.3,0.979,2057.4,18257.7,10,0.0083,8.09,None
2024-01-01 00:36:35,4648809,6990349,TCP,144.3,4.795,27671.4,1221.6,7,0.0156,20.41,None
2024-01-01 00:36:40,1540476,1922128,TCP,179.8,6.982,2533.8,16784.0,10,0.0028,21.02,None
2024-01-01 00:36:45,3353150,4666740,UDP,146.0,0.381,4168.1,20736.0,10,0.0247,22.43,None
2024-01-01 00:36:50,7964247,1598987,UDP,52.8,0.505,7660.0,862.9,11,0.0073,11.99,None
2024-01-01 00:36:55,2118161,3077796,UDP,141.9,1.492,7514.4,17417.6,6,0.0023,22.96,None
2024-01-01 00:37:00,4482671,4571829,DNS,77.3,0.191,3764.2,1950.7,9,0.0053,11.98,None
2024-01-01 00:37:05,1748302,5376297,TCP,207.4,1.147,2537.3,1130.0,12,0.0257,3.69,None
2024-01-01 00:37:10,4844891,6483383,UDP,178.3,1.744,22562.1,30525.5,3,0.0065,12.05,None
2024-01-01 00:37:15,7100217,2520842,TCP,92.8,1.477,2697.9,2960.0,9,0.0208,20.85,None
2024-01-01 00:37:20,7909088,1199880,HTTP,114.8,0.804,1916.6,3960.2,11,0.0017,18.86,None
2024-01-01 00:37:25,2240498,8125535,TCP,87.4,1.564,1562.7,21798.7,10,0.0245,10.42,None
2024-01-01 00:37:30,2129911,1718555,UDP,143.8,6.379,530.2,5971.5,10,0.0056,5.1,None
2024-01-01 00:37:35,6747393,7240905,UDP,239.3,0.461,6779.2,6767.1,11,0.0275,13.95,None
2024-01-01 00:37:40,7329397,3869513,UDP,90.7,2.127,284.8,6620.4,13,0.0201,22.35,None
2024-01-01 00:37:45,7240384,9260666,UDP,191.0,0.089,2963.9,11471.2,6,0.0108,4.26,None
2024-01-01 00:37:50,4515215,9556339,HTTP,113.8,0.137,2428.8,6461.8,11,0.0112,19.85,None
2024-01-01 00:37:55,3224334,1884622,DNS,99.8,1.605,28000.2,9082.7,5,0.0024,3.54,None
2024-01-01 00:38:00,3638333,7863088,HTTP,140.7,0.222,477.4,4897.3,11,0.0092,22.07,None
2024-01-01 00:38:05,6693937,7769482,UDP,88.4,0.045,1210.6,11519.8,10,0.008,16.64,None
2024-01-01 00:38:10,8566018,4499807,UDP,112.5,0.376,2601.7,11090.5,9,0.0041,2.62,None
2024-01-01 00:38:15,7869838,1093171,DNS,81.5,1.664,2446.6,54061.9,11,0.007,4.86,None
2024-01-01 00:38:20,5180331,2430876,UDP,396.4,2.43,1720.6,5534.5,10,0.0265,22.25,None
2024-01-01 00:38:25,4435656,3627526,DNS,151.1,0.452,2749.1,6740.1,7,0.0001,12.18,None
2024-01-01 00:38:30,7366444,9183500,DNS,104.6,2.207,845.9,10288.9,6,0.0054,10.88,None
2024-01-01 00:38:35,2923008,2774118,DNS,165.2,0.403,4260.7,21256.9,5,0.0041,1.4,None
2024-01-01 00:38:40,1990399,7450170,HTTP,140.3,1.901,292.5,2720.1,9,0.0325,2.02,None
2024-01-01 00:38:45,6160684,7203822,DNS,132.9,1.062,2905.1,8987.4,8,0.0365,16.6,None
2024-01-01 00:38:50,7075875,3313837,HTTP,201.8,2.121,1635.4,660.0,10,0.0088,18.65,None
2024-01-01 00:38:55,2134332,9422258,TCP,216.8,10.618,8236.1,6176.3,16,0.008,20.81,None
2024-01-01 00:39:00,5545441,1184738,UDP,113.8,5.555,17245.6,23688.1,10,0.0234,12.07,None
2024-01-01 00:39:05,7963285,2797999,TCP,111.3,0.009,2140.8,3920.0,12,0.0001,7.89,None
2024-01-01 00:39:10,4606335,4530969,UDP,129.3,4.333,11976.8,9670.5,6,0.0083,15.01,None
2024-01-01 00:39:15,3908873,9093196,TCP,46.9,0.138,2173.0,4774.7,10,0.0002,14.85,None
2024-01-01 00:39:20,2515263,3061388,HTTP,69.6,6.117,1134.4,3431.0,13,0.0345,0.83,None
2024-01-01 00:39:25,1171466,3114728,HTTP,294.0,0.662,17084.1,21407.3,10,0.0039,22.53,None
2024-01-01 00:39:30,9901915,7025215,HTTP,337.8,0.963,5017.9,2849.1,9,0.0074,15.42,None
2024-01-01 00:39:35,4196405,6098589,DNS,131.0,0.192,2994.2,10861.3,8,0.0054,0.16,None
2024-01-01 00:39:40,1922188,7927472,DNS,198.0,0.238,5926.4,11029.8,3,0.0224,23.03,None
2024-01-01 00:39:45,1009107,6008058,UDP,173.4,2.595,3921.4,3457.2,10,0.0861,22.86,None
2024-01-01 00:39:50,9091171,7485654,UDP,691.9,5.777,2781.6,9468.1,10,0.0007,22.7,None
2024-01-01 00:39:55,8889989,7478533,HTTP,259.8,1.887,791.2,3181.3,14,0.0132,21.33,None
2024-01-01 00:40:00,5614796,7162982,DNS,139.2,2.517,2274.4,13654.1,10,0.0046,4.43,None
2024-01-01 00:40:05,3365856,7840992,HTTP,92.0,2.871,5559.5,2175.6,7,0.0015,23.45,None
2024-01-01 00:40:10,2028529,2757931,DNS,66.5,0.61,2636.6,5769.8,13,0.0052,18.29,None
2024-01-01 00:40:15,8651244,8751499,HTTP,164.3,0.093,7349.0,6293.2,8,0.0629,15.38,None
2024-01-01 00:40:20,6763923,2084660,HTTP,101.7,0.004,4375.0,24660.4,12,0.0044,22.62,None
2024-01-01 00:40:25,4807795,6119269,TCP,72.9,0.864,1238.8,9321.2,10,0.0032,9.15,None
2024-01-01 00:40:30,6857070,7701120,UDP,107.4,0.553,797.0,21057.5,8,0.0187,22.35,None
2024-01-01 00:40:35,5797866,7534112,HTTP,86.4,0.129,2547.4,14110.7,7,0.0202,14.54,None
2024-01-01 00:40:40,5598153,8194676,DNS,345.0,0.396,1764.8,14020.9,14,0.0041,13.9,None
2024-01-01 00:40:45,1839785,5454281,DNS,230.6,0.266,4172.7,5814.2,11,0.0035,15.5,None
2024-01-01 00:40:50,5297073,2236480,TCP,147.8,4.927,1453.7,22491.8,11,0.0104,18.1,None
2024-01-01 00:40:55,9052527,1188199,HTTP,311.1,0.302,1611.0,5675.0,11,0.0023,10.68,None
2024-01-01 00:41:00,1560323,8770330,DNS,154.3,1.543,8544.7,1436.8,11,0.0066,23.53,None
2024-01-01 00:41:05,6587324,1446881,HTTP,96.5,1.798,3457.2,6536.9,11,0.0015,2.12,None
2024-01-01 00:41:10,6321076,8163096,DNS,317.8,1.568,1476.3,12752.4,13,0.0036,21.93,None
2024-01-01 00:41:15,3802939,1398268,DNS,194.3,0.209,3034.0,1625.2,12,0.0035,15.78,None
2024-01-01 00:41:20,5992438,5431930,DNS,88.4,0.768,11836.1,3343.9,8,0.0119,21.84,None
2024-01-01 00:41:25,4433513,9041215,DNS,134.9,0.105,3998.9,2367.1,17,0.0033,8.85,None
2024-01-01 00:41:30,4996668,3922134,UDP,95.8,1.007,5393.5,17795.8,6,0.0229,19.9,None
2024-01-01 00:41:35,5395038,5772219,DNS,74.3,0.418,1405.0,43168.3,10,0.0408,14.78,None
2024-01-01 00:41:40,1648605,3698034,TCP,235.8,1.649,8320.0,6570.2,19,0.0008,19.95,None
2024-01-01 00:41:45,9183109,2542142,UDP,385.6,2.361,30275.7,13787.7,12,0.0051,7.8,None
2024-01-01 00:41:50,1929183,1193106,HTTP,73.8,1.519,1350.9,13433.7,7,0.0036,22.02,None
2024-01-01 00:41:55,7243737,5545168,DNS,196.7,1.139,914.3,38322.7,11,0.0043,22.18,None
2024-01-01 00:42:00,7653581,7876128,DNS,107.2,0.98,3553.0,4219.4,12,0.0031,11.4,None
2024-01-01 00:42:05,4267917,1444442,DNS,116.3,3.686,7154.6,6503.7,14,0.0048,9.61,None
2024-01-01 00:42:10,3235795,1361254,TCP,110.4,0.495,2720.6,5763.1,8,0.0015,13.8,None
2024-01-01 00:42:15,7696947,2709877,TCP,96.4,2.65,1039.8,8737.4,12,0.0033,4.8,None
2024-01-01 00:42:20,3768323,2125065,UDP,152.1,2.833,2674.2,99142.8,7,0.0138,11.91,None
2024-01-01 00:42:25,4882008,6983157,TCP,98.0,1.087,5421.3,8356.6,12,0.0042,21.52,None
2024-01-01 00:42:30,3458101,6054420,HTTP,169.9,0.706,1984.2,3447.1,15,0.0023,8.76,None
2024-01-01 00:42:35,6603458,7142791,UDP,144.7,1.272,5471.2,2554.2,8,0.0011,17.67,None
2024-01-01 00:42:40,7853668,9906312,UDP,131.7,0.196,9554.0,28357.4,12,0.0043,14.95,None
2024-01-01 00:42:45,4951003,4406627,TCP,94.3,0.094,3790.4,3431.5,10,0.0103,6.27,None
2024-01-01 00:42:50,2379913,1376438,TCP,111.2,0.237,2898.8,15734.1,9,0.0029,12.76,None
2024-01-01 00:42:55,3707899,3805837,HTTP,216.5,0.414,6831.8,4106.4,8,0.0055,20.46,None
2024-01-01 00:43:00,1123209,7987631,UDP,190.7,1.403,1266.4,2283.1,10,0.0304,13.32,None
2024-01-01 00:43:05,1333565,2464735,DNS,91.0,3.783,1147.4,14841.8,10,0.008,16.72,None
2024-01-01 00:43:10,5665924,6023940,TCP,156.0,0.537,2283.4,4312.4,13,0.0076,18.61,None
2024-01-01 00:43:15,9935381,8362268,TCP,216.1,5.472,1822.8,12399.7,16,0.0053,1.19,None
2024-01-01 00:43:20,7583388,9499577,UDP,64.4,6.198,1335.0,13350.2,9,0.0081,1.23,None
2024-01-01 00:43:25,6080863,9855777,DNS,194.7,6.384,18591.7,13992.3,9,0.0417,2.76,None
2024-01-01 00:43:30,5123346,9291125,DNS,106.6,3.635,26160.2,6197.2,13,0.0029,3.91,None
2024-01-01 00:43:35,3177048,8443085,UDP,197.4,0.905,2092.9,16093.7,10,0.0285,19.47,None
2024-01-01 00:43:40,9418671,2984167,UDP,101.3,0.151,3267.3,3221.0,16,0.0016,10.45,None
2024-01-01 00:43:45,6000407,3784980,DNS,60.2,1.682,2470.5,696.4,9,0.0012,4.45,None
2024-01-01 00:43:50,6046803,4631501,UDP,65.8,1.636,9022.7,16430.5,8,0.0106,12.76,None
2024-01-01 00:43:55,5070708,4824491,TCP,152.0,3.794,10999.9,9562.4,11,0.0029,18.32,None
2024-01-01 00:44:00,5672624,6176449,UDP,169.0,11.038,504.1,4402.5,8,0.0059,3.36,None
2024-01-01 00:44:05,7267647,9489990,UDP,94.4,1.419,4798.3,1861.0,10,0.0131,8.27,None
2024-01-01 00:44:10,4394662,3988533,HTTP,204.2,0.847,806.9,1057.2,13,0.0077,4.66,None
2024-01-01 00:44:15,1655644,7638300,TCP,64.7,0.411,17296.7,8533.4,8,0.0001,15.51,None
2024-01-01 00:44:20,2799368,4408738,UDP,143.6,0.01,4629.7,42141.4,10,0.0037,3.28,None
2024-01-01 00:44:25,1176199,3911658,TCP,81.0,1.423,1308.5,7054.7,9,0.0007,18.75,None
2024-01-01 00:44:30,4028641,4802339,UDP,107.1,1.622,2341.8,5645.8,8,0.0261,4.99,None
2024-01-01 00:44:35,3569769,4463294,DNS,152.0,3.485,2232.8,7908.0,10,0.0158,1.41,None
2024-01-01 00:44:40,7533729,2377061,HTTP,96.5,1.405,5039.8,71625.4,15,0.0413,21.86,None
2024-01-01 00:44:45,3694863,5651811,UDP,122.5,4.965,8449.9,17186.9,12,0.0216,8.0,None
2024-01-01 00:44:50,4950585,9608797,UDP,245.5,1.978,945.6,3185.7,13,0.0064,12.07,None
2024-01-01 00:44:55,1293604,7093518,HTTP,111.2,3.669,18746.4,8334.0,5,0.0214,2.42,None
2024-01-01 00:45:00,3364422,4957135,HTTP,225.4,0.321,14849.0,11298.6,9,0.0112,11.51,None
2024-01-01 00:45:05,1434680,8835734,UDP,84.4,3.867,1242.2,2817.7,7,0.0074,5.34,None
2024-01-01 00:45:10,2626818,3639694,UDP,193.4,2.249,3206.1,17311.7,10,0.0046,20.17,None
2024-01-01 00:45:15,9779169,6853902,DNS,305.1,0.373,16494.9,3576.7,9,0.0114,17.13,None
2024-01-01 00:45:20,2809644,4569602,TCP,43.1,0.421,10228.4,1788.4,10,0.0089,15.92,None
2024-01-01 00:45:25,7355189,8350580,UDP,99.6,5.221,2128.7,8744.1,9,0.0095,18.75,None
2024-01-01 00:45:30,9392375,1831437,DNS,198.1,0.065,6730.1,7464.0,8,0.0051,7.05,None
2024-01-01 00:45:35,8932964,8621908,HTTP,134.1,1.242,59706.6,8094.8,13,0.0134,10.89,None
2024-01-01 00:45:40,7469189,6221768,DNS,178.7,0.752,3311.5,3772.0,8,0.0008,2.08,None
2024-01-01 00:45:45,2398179,6340786,UDP,109.7,2.188,1583.4,4336.8,10,0.013,1.63,None
2024-01-01 00:45:50,3135782,2757995,DNS,155.0,3.661,3541.9,25045.4,8,0.0131,7.9,None
2024-01-01 00:45:55,7036658,9221928,HTTP,137.3,0.894,3814.5,12595.4,13,0.0073,19.75,None
2024-01-01 00:46:00,5945976,3605587,DNS,266.1,1.113,1764.2,3112.7,15,0.0031,14.34,None
2024-01-01 00:46:05,6989623,5729435,TCP,168.5,8.026,4636.1,1152.1,11,0.0073,10.19,None
2024-01-01 00:46:10,6670629,7992688,TCP,175.7,3.064,850.3,3247.3,7,0.0013,23.21,None
2024-01-01 00:46:15,8992348,4849263,HTTP,120.8,4.55,1532.2,9483.4,11,0.0034,10.61,None
2024-01-01 00:46:20,9826569,4708846,TCP,116.3,1.155,6362.9,4307.3,12,0.0055,11.25,None
2024-01-01 00:46:25,7800670,6399752,TCP,119.5,0.533,515.5,3985.2,8,0.0112,23.82,None
2024-01-01 00:46:30,6896942,7315590,DNS,180.8,1.062,7355.2,4495.5,11,0.0021,3.15,None
2024-01-01 00:46:35,5303605,4804526,TCP,12.3,2.518,495.2,7534.8,19,0.3408,6.13,PortScan
2024-01-01 00:46:40,9247475,4465472,UDP,19.5,0.232,416.2,17758.6,17,0.0738,10.88,PortScan
2024-01-01 00:46:45,3883612,7111870,UDP,418.9,0.631,1809.9,8099.7,9,0.0114,13.71,None
2024-01-01 00:46:50,6580985,7843652,TCP,14.4,0.096,937.2,8620.8,29,0.0606,3.55,PortScan
2024-01-01 00:46:55,1685726,2849134,UDP,126.1,1.132,11217.9,6471.3,5,0.0003,7.89,None
2024-01-01 00:47:00,9511150,5634714,TCP,270.6,3.514,3157.8,4917.9,12,0.0016,5.29,None
2024-01-01 00:47:05,6811904,2071543,HTTP,121.0,0.05,2329.6,19815.9,12,0.0231,20.4,None
2024-01-01 00:47:10,3422211,3800639,UDP,53.6,2.25,5321.9,17024.4,6,0.0112,20.03,None
2024-01-01 00:47:15,4829861,6928403,UDP,89.7,5.391,1247.8,62647.6,12,0.0254,5.76,None
2024-01-01 00:47:20,2481205,9771809,UDP,58.2,0.541,3426.9,14921.6,13,0.0109,10.44,None
2024-01-01 00:47:25,4392085,3790414,HTTP,124.5,2.366,898.3,4922.6,13,0.0336,15.64,None
2024-01-01 00:47:30,1191883,3454388,DNS,149.8,7.386,3237.6,3279.2,8,0.0058,1.16,None
2024-01-01 00:47:35,9588215,3143573,TCP,343.2,6.555,2618.0,21014.0,15,0.0091,21.21,None
2024-01-01 00:47:40,2273458,8820966,DNS,174.8,0.536,1333.7,3586.8,14,0.0092,12.26,None
2024-01-01 00:47:45,8950284,3585713,HTTP,133.0,0.211,3515.9,18210.2,13,0.0,5.44,None
2024-01-01 00:47:50,8016589,9764485,UDP,224.7,0.321,3493.1,3789.9,4,0.0003,9.52,None
2024-01-01 00:47:55,2583072,5315244,UDP,49.1,2.422,9657.2,11489.1,10,0.0016,21.64,None
2024-01-01 00:48:00,9838275,1181263,HTTP,167.0,2.587,598.5,2808.1,11,0.0072,0.59,None
2024-01-01 00:48:05,2887529,5489525,UDP,218.2,2.243,2762.7,17674.6,8,0.0056,3.43,None
2024-01-01 00:48:10,8631675,4054445,DNS,70.9,0.819,1393.7,2359.8,9,0.0078,4.63,None
2024-01-01 00:48:15,5906363,5911982,HTTP,262.9,0.372,7113.6,10646.2,7,0.0161,1.44,None
2024-01-01 00:48:20,9745272,4053385,TCP,175.8,1.739,6335.4,6648.6,9,0.0173,5.41,None
2024-01-01 00:48:25,6278961,6274478,TCP,120.6,1.322,4953.6,8971.5,14,0.0377,19.61,None
2024-01-01 00:48:30,3513609,1182334,DNS,203.6,2.61,1474.6,5454.5,6,0.0082,12.65,None
2024-01-01 00:48:35,6317587,5944071,TCP,53.8,1.165,73537.4,5328.0,468,0.0043,14.53,DDoS
2024-01-01 00:48:40,6926739,1614587,TCP,50.6,0.827,1004841.0,9459.6,490,0.0037,3.74,DDoS
2024-01-01 00:48:45,1339787,4413876,HTTP,98.3,0.695,53263.6,2974.6,495,0.0042,6.68,DDoS
2024-01-01 00:48:50,9578611,4077877,UDP,25.5,0.475,151962.0,2957.1,531,0.0039,22.02,DDoS
2024-01-01 00:48:55,7703436,9762168,UDP,97.0,0.618,2882.8,5661.5,7,0.005,5.05,None
2024-01-01 00:49:00,2531905,2993957,UDP,224.8,0.199,5855.7,5445.4,11,0.0008,21.76,None
2024-01-01 00:49:05,6329430,8323643,DNS,96.7,0.852,152.0,2964.9,8,0.01,15.92,None
2024-01-01 00:49:10,7734607,6451154,UDP,61.4,0.075,156839.5,20418.9,567,0.0084,12.07,DDoS
2024-01-01 00:49:15,7246647,8482235,HTTP,38.6,0.413,238543.4,5799.5,535,0.0062,4.17,DDoS
2024-01-01 00:49:20,6898453,4060078,DNS,45.1,2.747,135352.3,6459.7,514,0.0008,16.17,DDoS
2024-01-01 00:49:25,7450819,4956691,HTTP,175.4,0.787,3297.6,2148.4,12,0.001,21.27,None
2024-01-01 00:49:30,1215147,3030631,HTTP,249.3,2.207,8888.6,64320.6,9,0.0079,3.83,None
2024-01-01 00:49:35,4809318,7701035,DNS,115.0,2.524,5428.6,91772.4,6,0.0004,0.15,None
2024-01-01 00:49:40,3374764,9969177,UDP,129.7,1.741,8947.0,3713.0,4,0.0129,17.76,None
2024-01-01 00:49:45,4625331,1616393,TCP,91.0,6.374,760.3,27614.2,16,0.0508,14.41,None
2024-01-01 00:49:50,2007803,9078367,TCP,118.8,0.043,1970.4,7392.2,13,0.0091,12.07,None
2024-01-01 00:49:55,7687408,8475359,TCP,179.2,2.684,1182.4,40286.4,13,0.0129,10.95,None
2024-01-01 00:50:00,8647832,9082209,DNS,216.7,6.378,16607.0,11341.6,9,0.0058,11.94,None
2024-01-01 00:50:05,4344334,7332448,TCP,93.6,3.965,5649.7,8953.2,7,0.011,8.99,None
2024-01-01 00:50:10,5747552,4140557,UDP,229.2,0.368,51380.3,665.6,8,0.0105,1.98,None
2024-01-01 00:50:15,4122252,3645013,HTTP,292.3,0.791,1867.6,3365.7,9,0.0174,18.62,None
2024-01-01 00:50:20,1010757,3488283,UDP,182.5,0.379,1444.2,8271.1,5,0.0124,11.23,None
2024-01-01 00:50:25,8450395,8957787,DNS,379.3,1.839,2584.2,9883.9,8,0.0138,19.8,None
2024-01-01 00:50:30,2725632,1251476,HTTP,100.8,2.491,11829.6,2404.7,7,0.0081,23.57,None
2024-01-01 00:50:35,9285131,9330312,HTTP,79.7,0.763,2067.1,3909.7,15,0.0066,4.12,None
2024-01-01 00:50:40,3802892,7280119,HTTP,61.0,1.551,3376.0,14093.2,10,0.0061,19.04,None
2024-01-01 00:50:45,7070477,8542747,TCP,313.6,2.348,3283.6,2032.0,12,0.005,23.46,None
2024-01-01 00:50:50,2726315,2779008,TCP,205.9,1.094,3101.1,9262.5,12,0.0031,17.39,None
2024-01-01 00:50:55,6811851,6076580,DNS,144.3,3.849,1552.5,27943.9,16,0.0003,5.9,None
2024-01-01 00:51:00,6222238,7683268,TCP,170.7,2.953,2598.6,11914.0,13,0.0111,21.52,None
2024-01-01 00:51:05,2943354,1646667,HTTP,84.5,0.134,2489.6,11333.1,11,0.0231,19.04,None
2024-01-01 00:51:10,4280227,3519689,HTTP,504.2,1.941,2958.5,1074.8,10,0.0267,10.78,None
2024-01-01 00:51:15,9439376,2091793,HTTP,158.3,0.537,7658.1,3562.0,9,0.0087,13.74,None
2024-01-01 00:51:20,5723277,2546446,DNS,156.8,1.631,17337.5,63209.0,18,0.001,17.33,None
2024-01-01 00:51:25,7239497,5475180,DNS,213.3,6.288,1286.4,4450.8,9,0.0211,2.99,None
2024-01-01 00:51:30,7196015,4366263,TCP,188.8,4.225,2014.3,28694.9,11,0.0138,22.25,None
2024-01-01 00:51:35,8990197,4753590,DNS,166.0,1.037,1306.3,4399.1,10,0.0029,23.7,None
2024-01-01 00:51:40,2844785,1931663,TCP,100.0,0.689,3594.3,6137.5,10,0.0163,7.93,None
2024-01-01 00:51:45,5970140,4175373,HTTP,187.9,0.534,1740.0,13569.6,11,0.0064,17.16,None
2024-01-01 00:51:50,9855105,5875836,UDP,380.3,1.521,3788.8,8961.5,11,0.0219,10.11,None
2024-01-01 00:51:55,8885538,4191512,HTTP,290.8,0.243,8987.8,11866.9,10,0.0028,0.67,None
2024-01-01 00:52:00,9776757,3118358,TCP,329.2,1.594,238.5,3574.6,15,0.0161,23.01,None
2024-01-01 00:52:05,2938831,8182278,DNS,114.9,0.003,4874.5,2601.2,4,0.0124,3.42,None
2024-01-01 00:52:10,2526258,2238740,TCP,90.5,0.783,1881.5,3341.3,6,0.0001,1.8,None
2024-01-01 00:52:15,2454983,9691210,UDP,139.4,0.497,4724.1,4758.5,7,0.0083,20.09,None
2024-01-01 00:52:20,9830107,8278572,TCP,152.6,7.096,1216.3,6442.8,7,0.0126,0.81,None
2024-01-01 00:52:25,7111724,3703755,DNS,256.5,2.598,9860.2,22863.0,7,0.0017,16.51,None
2024-01-01 00:52:30,4521568,8181261,HTTP,63.7,0.86,7430.0,8842.6,12,0.0076,22.32,None
2024-01-01 00:52:35,9334290,1792495,HTTP,318.9,0.195,5262.5,13155.5,12,0.0036,9.75,None
2024-01-01 00:52:40,5179907,1129944,HTTP,137.1,1.455,6589.5,9335.7,4,0.0119,1.64,None
2024-01-01 00:52:45,7708066,9043635,TCP,119.9,0.48,1414.3,2656.0,9,0.0078,5.24,None
2024-01-01 00:52:50,3624472,2697318,TCP,89.5,1.538,1604.2,8244.2,12,0.0097,22.76,None
2024-01-01 00:52:55,7197926,3659662,TCP,64.9,3.608,6326.1,9235.2,16,0.0008,11.17,None
2024-01-01 00:53:00,8127815,4439356,HTTP,224.0,1.913,1383.4,17325.3,7,0.0015,12.99,None
2024-01-01 00:53:05,6393274,1838551,DNS,154.0,2.009,12652.8,2783.4,6,0.008,3.75,None
2024-01-01 00:53:10,9023069,1803732,HTTP,77.9,1.558,2156.9,1053.2,11,0.002,22.03,None
2024-01-01 00:53:15,3003702,9561632,HTTP,77.7,5.242,4924.1,9665.0,12,0.0069,12.41,None
2024-01-01 00:53:20,8662107,4579155,TCP,125.5,5.374,24324.7,11543.2,5,0.0117,12.69,None
2024-01-01 00:53:25,2745845,7674351,DNS,341.9,1.438,1471.1,6772.4,15,0.0166,13.83,None
2024-01-01 00:53:30,5028872,2726981,HTTP,130.3,0.73,3193.1,8333.4,11,0.0015,18.42,None
2024-01-01 00:53:35,4445651,1812999,UDP,70.0,1.231,8554.2,19511.8,9,0.0135,4.87,None
2024-01-01 00:53:40,6877206,9021534,TCP,131.3,0.413,7717.7,5121.5,7,0.0045,22.62,None
2024-01-01 00:53:45,4487893,2290531,HTTP,129.5,2.023,2147.8,6132.5,10,0.0114,4.21,None
2024-01-01 00:53:50,4480750,6527131,UDP,38.5,1.387,1778.0,8769.5,9,0.0016,4.74,None
2024-01-01 00:53:55,7575093,7005463,UDP,144.4,0.218,2361.1,2392.7,9,0.0072,0.3,None
2024-01-01 00:54:00,4134910,6556183,TCP,132.2,0.44,12681.0,6961.2,10,0.0182,0.47,None
2024-01-01 00:54:05,5800656,3617584,DNS,210.2,1.306,2255.0,7602.7,12,0.0011,10.29,None
2024-01-01 00:54:10,1961981,6461563,DNS,374.1,4.371,3223.2,41649.4,8,0.0176,4.39,None
2024-01-01 00:54:15,1215796,2330462,UDP,260.7,1.671,1945.4,6014.2,7,0.006,5.09,None
2024-01-01 00:54:20,3807198,5824349,UDP,129.7,2.288,6036.3,9897.2,9,0.0173,23.71,None
2024-01-01 00:54:25,3162714,3658716,HTTP,85.3,0.828,3482.6,20304.9,12,0.0318,22.3,None
2024-01-01 00:54:30,5808681,6641362,TCP,537.4,1.695,1092.9,3507.0,15,0.0017,7.74,None
2024-01-01 00:54:35,4406707,6283703,DNS,152.9,1.186,1131.4,32072.1,5,0.0112,8.24,None
2024-01-01 00:54:40,8731133,9613322,UDP,149.5,2.153,404.0,47281.3,8,0.0027,7.01,None
2024-01-01 00:54:45,2733954,4573027,DNS,146.6,0.104,1298.1,7872.3,5,0.0015,21.17,None
2024-01-01 00:54:50,2110845,4669522,TCP,163.9,1.36,6594.2,4724.8,9,0.0099,2.36,None
2024-01-01 00:54:55,5691960,9472276,TCP,138.1,0.702,11201.0,41238.2,10,0.0011,14.02,None
2024-01-01 00:55:00,2512844,8011264,TCP,111.4,0.79,5916.8,17955.1,9,0.0063,4.47,None
2024-01-01 00:55:05,4973267,1661629,TCP,112.9,6.484,5190.7,8795.3,14,0.0101,18.2,None
2024-01-01 00:55:10,3487778,1336123,TCP,146.0,0.403,2626.7,33753.6,13,0.0069,15.15,None
2024-01-01 00:55:15,7546836,1720604,DNS,113.1,0.746,6469.9,30363.4,10,0.0119,9.31,None
2024-01-01 00:55:20,6494924,3515965,UDP,103.9,1.426,3969.0,5789.2,12,0.0162,2.35,None
2024-01-01 00:55:25,7591517,4282015,TCP,156.5,3.976,18114.2,10391.4,18,0.0206,18.42,None
2024-01-01 00:55:30,8864797,8365696,TCP,130.6,1.078,2701.5,14426.1,7,0.0082,1.85,None
2024-01-01 00:55:35,7880816,7748240,HTTP,314.8,2.724,11418.7,8339.3,9,0.0032,6.57,None
2024-01-01 00:55:40,1251693,6928035,TCP,39.4,3.881,7144.6,2016.5,7,0.0071,6.09,None
2024-01-01 00:55:45,9594322,1616785,UDP,256.1,0.742,6219.5,3170.8,10,0.0049,13.88,None
2024-01-01 00:55:50,1164998,2216486,TCP,276.7,0.998,398.8,2083.4,12,0.0026,12.33,None
2024-01-01 00:55:55,6827249,3348291,HTTP,52.6,0.882,7549.1,13265.5,6,0.0075,6.71,None
2024-01-01 00:56:00,8584841,8026380,TCP,125.0,3.578,2624.1,2479.1,10,0.0002,10.33,None
2024-01-01 00:56:05,6875496,4434105,UDP,123.3,0.091,1912.3,9822.4,7,0.0093,10.47,None
2024-01-01 00:56:10,1840843,5561650,HTTP,73.4,0.738,676.6,50610.0,11,0.0172,13.77,None
2024-01-01 00:56:15,1987079,8270707,UDP,100.6,2.275,2964.3,33784.9,9,0.0748,21.56,None
2024-01-01 00:56:20,2375739,9568754,HTTP,85.2,1.667,3082.7,1290.2,6,0.0255,3.41,None
2024-01-01 00:56:25,3313032,8933076,TCP,356.4,1.146,810.0,2255.9,9,0.0009,13.38,None
2024-01-01 00:56:30,7098660,3359333,UDP,236.9,1.553,683.2,3727.5,8,0.0018,0.44,None
2024-01-01 00:56:35,8642475,2995798,TCP,280.3,0.44,4849.4,2517.4,7,0.0015,16.76,None
2024-01-01 00:56:40,2430533,8400424,TCP,212.9,1.127,7127.4,1550.3,7,0.0082,15.37,None
2024-01-01 00:56:45,2845369,8109021,TCP,84.4,1.393,3605.7,8015.7,7,0.0005,16.66,None
2024-01-01 00:56:50,3729973,2317591,TCP,114.2,4.629,9422.3,16401.0,12,0.0276,11.4,None
2024-01-01 00:56:55,5383759,2344508,HTTP,189.6,0.604,2734.3,21036.9,10,0.0006,4.48,None
2024-01-01 00:57:00,6556523,6130219,HTTP,80.6,4.047,2823.3,5041.8,11,0.005,10.75,None
2024-01-01 00:57:05,8293724,6423170,DNS,212.0,2.067,1191.5,6174.0,14,0.0224,0.57,None
2024-01-01 00:57:10,6641793,4245911,DNS,131.6,0.041,626.3,11564.3,9,0.0296,9.15,None
2024-01-01 00:57:15,9346552,4035038,TCP,123.0,2.579,19046.9,7270.0,9,0.0063,20.13,None
2024-01-01 00:57:20,1298736,3203925,UDP,211.8,0.072,9240.0,18226.0,6,0.0067,8.13,None
2024-01-01 00:57:25,8580388,9064917,UDP,185.3,11.89,740.6,12461.1,11,0.0101,14.2,None
2024-01-01 00:57:30,5561329,1404343,UDP,123.9,4.121,3483.4,5561.9,7,0.0052,6.27,None
2024-01-01 00:57:35,9147981,1236808,UDP,265.0,0.706,2697.2,1265.7,11,0.0039,3.22,None
2024-01-01 00:57:40,8560086,1171667,HTTP,86.4,0.595,2266.5,36280.4,11,0.0134,12.5,None
2024-01-01 00:57:45,3652993,3786842,DNS,201.9,0.961,1980.3,4080.3,6,0.009,0.86,None
2024-01-01 00:57:50,6789351,1509724,HTTP,199.6,0.881,4364.5,11586.1,10,0.0066,21.71,None
2024-01-01 00:57:55,6749546,4368387,TCP,127.1,0.932,6755.9,1192.0,11,0.0011,18.65,None
2024-01-01 00:58:00,7721967,8998734,UDP,174.7,0.766,4457.7,8011.9,9,0.0007,23.95,None
2024-01-01 00:58:05,3716868,7684806,DNS,79.4,1.941,2642.5,8957.6,7,0.0072,23.84,None
2024-01-01 00:58:10,6951773,9312175,DNS,235.6,0.359,2547.3,9401.3,10,0.0097,17.5,None
2024-01-01 00:58:15,5987177,7283228,TCP,135.3,3.741,7606.9,165015.3,14,0.0107,18.64,None
2024-01-01 00:58:20,6849586,7626122,HTTP,114.3,3.347,4738.4,4310.8,7,0.0225,12.67,None
2024-01-01 00:58:25,1649781,5617623,UDP,250.8,1.294,3205.7,18410.3,9,0.0169,5.25,None
2024-01-01 00:58:30,4065658,1676161,UDP,104.4,3.831,2875.8,13673.7,5,0.0015,19.4,None
2024-01-01 00:58:35,5813033,1514937,UDP,73.4,0.568,4210.2,4110.8,9,0.0158,6.47,None
2024-01-01 00:58:40,2955131,1553470,HTTP,68.1,0.035,1866.2,18136.3,12,0.0113,15.6,None
2024-01-01 00:58:45,6791617,1298950,DNS,200.9,1.931,6778.7,6875.2,8,0.0176,17.54,None
2024-01-01 00:58:50,9031936,6338538,TCP,78.2,1.225,1016.5,19443.0,11,0.0185,13.54,None
2024-01-01 00:58:55,2460103,9233991,HTTP,356.9,1.675,1975.4,57581.8,9,0.0042,15.91,None
2024-01-01 00:59:00,5684470,4770195,DNS,52.4,4.592,5492.3,9422.0,10,0.0031,7.03,None
2024-01-01 00:59:05,6624232,5959609,UDP,346.6,7.008,960.2,6117.3,8,0.008,18.25,None
2024-01-01 00:59:10,6047787,1941037,DNS,164.9,2.013,618.3,23191.8,5,0.0035,22.65,None
2024-01-01 00:59:15,3960877,8622224,TCP,141.4,2.888,3175.0,32749.8,11,0.0043,11.62,None
2024-01-01 00:59:20,7193380,8660446,TCP,113.0,0.175,546.5,3350.1,14,0.0007,2.9,None
2024-01-01 00:59:25,4146370,5593711,DNS,181.2,0.35,813.4,5151.5,14,0.0475,14.87,None
2024-01-01 00:59:30,7168448,4139937,UDP,145.6,2.643,6352.4,15921.5,8,0.0037,8.19,None
2024-01-01 00:59:35,9448015,1957495,TCP,257.7,1.129,2429.0,7100.8,12,0.0151,10.06,None
2024-01-01 00:59:40,8732578,4816581,HTTP,157.1,1.181,10780.4,3120.2,10,0.0498,3.64,None
2024-01-01 00:59:45,3016664,2764495,TCP,160.0,0.738,893.5,13914.6,8,0.0348,15.02,None
2024-01-01 00:59:50,5685738,8831964,HTTP,123.7,1.87,2713.6,15859.0,9,0.01,18.89,None
2024-01-01 00:59:55,3066182,1159113,UDP,144.2,0.41,4445.2,5800.0,11,0.0077,18.39,None
2024-01-01 01:00:00,4698511,7461846,TCP,173.1,1.972,924.7,8615.8,10,0.0037,23.85,None
2024-01-01 01:00:05,2540764,3257651,TCP,63.1,0.382,8364.6,4552.5,9,0.0198,5.09,None
2024-01-01 01:00:10,8048394,2293661,DNS,75.6,0.132,4967.5,2710.2,8,0.0041,21.94,None
2024-01-01 01:00:15,3350713,2018834,DNS,215.2,0.802,596.3,4929.2,13,0.0011,17.58,None
2024-01-01 01:00:20,7094803,9532995,TCP,161.6,0.526,2870.5,8724.9,15,0.0035,16.98,None
2024-01-01 01:00:25,8906442,5684243,UDP,135.4,4.396,4385.1,1853.6,14,0.0038,16.41,None
2024-01-01 01:00:30,3213502,8044862,UDP,149.8,0.113,1652.3,5302.8,17,0.0127,12.92,None
2024-01-01 01:00:35,5150390,5966662,UDP,176.6,0.389,678.7,8847.0,7,0.0019,9.09,None
2024-01-01 01:00:40,4141677,9993062,HTTP,113.3,1.591,3938.1,26759.9,4,0.0038,22.64,None
2024-01-01 01:00:45,3585937,7118597,TCP,100.6,1.312,27207.4,5927.8,13,0.0008,3.63,None
2024-01-01 01:00:50,9064935,7060673,DNS,163.7,0.094,2024.4,2331.1,15,0.0189,4.22,None
2024-01-01 01:00:55,5693598,5436906,HTTP,91.0,0.015,14317.5,6570.5,16,0.0129,0.4,None
2024-01-01 01:01:00,2962726,9594519,DNS,182.0,8.857,1404.9,4598.2,14,0.0058,17.75,None
2024-01-01 01:01:05,4420198,5056389,DNS,63.4,2.151,3698.0,14075.3,6,0.0056,21.46,None
2024-01-01 01:01:10,3455782,1561879,TCP,248.3,0.91,6448.0,5779.6,9,0.0018,4.47,None
2024-01-01 01:01:15,6768834,3940353,DNS,188.0,1.271,2956.0,538.8,16,0.0049,0.83,None
2024-01-01 01:01:20,4649912,5240679,DNS,168.7,0.62,2213.4,325014.3,10,0.0237,5.86,None
2024-01-01 01:01:25,2604691,5563452,UDP,242.6,0.846,6161.8,9342.8,8,0.0015,21.21,None
2024-01-01 01:01:30,3564681,6893977,DNS,341.3,2.094,19760.8,8859.0,5,0.0145,0.39,None
2024-01-01 01:01:35,9645851,2301793,UDP,246.5,4.288,4026.2,1734.7,10,0.0005,2.43,None
2024-01-01 01:01:40,2567094,5537418,UDP,59.1,0.407,1779.2,1873.3,9,0.0037,0.6,None
2024-01-01 01:01:45,8022448,2462455,DNS,78.3,3.67,2465.7,7391.2,6,0.0188,22.64,None
2024-01-01 01:01:50,8435862,6661626,UDP,108.6,0.259,37038.3,11340.9,12,0.0059,3.25,None
2024-01-01 01:01:55,9423544,5773174,HTTP,150.4,0.484,3411.5,16352.1,12,0.0121,21.61,None
2024-01-01 01:02:00,4505592,8366131,DNS,192.3,0.076,1645.1,10274.7,9,0.0011,11.36,None
2024-01-01 01:02:05,5929075,5837400,HTTP,103.2,0.304,948.5,2475.2,8,0.0115,9.48,None
2024-01-01 01:02:10,5717160,9867829,HTTP,162.9,4.985,480.2,662.2,17,0.0171,10.24,None
2024-01-01 01:02:15,6946858,6918539,DNS,101.7,1.23,4288.0,7330.3,11,0.0164,10.05,None
2024-01-01 01:02:20,5054469,2997524,TCP,109.3,0.162,5736.7,4750.6,12,0.0058,8.2,None
2024-01-01 01:02:25,1991537,2273000,HTTP,73.5,6.424,2004.8,2292.6,3,0.0234,19.46,None
2024-01-01 01:02:30,3043525,3510349,TCP,93.5,4.224,2936.7,18546.9,7,0.0086,12.19,None
2024-01-01 01:02:35,9676906,6334618,HTTP,75.5,2.81,924.8,1676.4,13,0.017,23.78,None
2024-01-01 01:02:40,1049975,9924296,TCP,91.1,5.42,3404.8,15017.5,9,0.0024,12.43,None
2024-01-01 01:02:45,5301840,1650859,HTTP,251.3,0.497,4824.7,1978.0,11,0.0024,19.64,None
2024-01-01 01:02:50,9104735,9085870,TCP,92.3,3.62,1745.6,9265.8,7,0.014,17.88,None
2024-01-01 01:02:55,2309655,8875942,UDP,553.5,2.342,16162.6,20619.1,9,0.0104,9.63,None
2024-01-01 01:03:00,6071114,7684481,UDP,189.9,4.077,1290.6,5779.5,10,0.0113,18.93,None
2024-01-01 01:03:05,2418393,7634919,UDP,162.8,3.188,3957.9,43911.0,8,0.0027,3.72,None
2024-01-01 01:03:10,8608861,7543738,UDP,96.6,0.851,6962.7,55154.1,12,0.0051,4.88,None
2024-01-01 01:03:15,2159530,9081901,HTTP,210.6,2.978,2759.2,10272.0,11,0.003,14.85,None
2024-01-01 01:03:20,8886392,1645193,HTTP,111.3,0.609,2468.9,13924.2,11,0.0007,17.08,None
2024-01-01 01:03:25,4670406,2828791,DNS,157.7,0.797,714.2,23405.1,9,0.0023,15.45,None
2024-01-01 01:03:30,2694596,6670421,HTTP,533.8,0.228,11583.6,13966.6,5,0.0533,12.23,None
2024-01-01 01:03:35,6092165,7503378,UDP,141.5,5.469,2515.2,12547.1,11,0.0027,3.3,None
2024-01-01 01:03:40,5835283,6152877,DNS,263.7,0.688,5101.9,4797.9,11,0.0017,8.95,None
2024-01-01 01:03:45,1354093,4874623,HTTP,104.4,1.471,5841.4,1499.1,14,0.0119,14.52,None
2024-01-01 01:03:50,8980043,7629599,HTTP,145.8,0.993,1590.3,2018.1,11,0.0092,5.43,None
2024-01-01 01:03:55,9141182,6464699,UDP,359.7,6.434,2446.6,87760.5,14,0.0137,15.31,None
2024-01-01 01:04:00,2129554,8503042,HTTP,108.5,0.816,11321.8,11186.5,13,0.0106,5.62,None
2024-01-01 01:04:05,5551664,7864352,HTTP,367.3,3.015,975.4,6338.0,8,0.0025,2.35,None
2024-01-01 01:04:10,8295851,1072359,UDP,211.4,3.868,25032.2,28662.0,8,0.0069,7.78,None
2024-01-01 01:04:15,5795214,6323815,DNS,112.0,1.144,1415.3,3829.7,13,0.0019,6.55,None
2024-01-01 01:04:20,6162056,2235784,TCP,203.6,0.95,916.4,14517.5,12,0.0029,19.45,None
2024-01-01 01:04:25,5853160,7260187,DNS,241.4,2.755,3402.6,8753.4,5,0.0434,11.61,None
2024-01-01 01:04:30,7624720,3466652,DNS,202.5,4.881,27128.7,12836.2,8,0.013,1.54,None
2024-01-01 01:04:35,8152135,6880348,HTTP,67.7,2.812,441.0,5788.3,12,0.0153,19.57,None
2024-01-01 01:04:40,6833866,2050854,TCP,103.2,0.515,2588.9,3088.1,12,0.0003,6.45,None
2024-01-01 01:04:45,3811439,7452132,HTTP,131.1,4.384,4799.5,3558.6,15,0.0048,13.63,None
2024-01-01 01:04:50,6477515,3798934,TCP,143.0,0.981,3083.0,3700.1,13,0.0081,13.0,None
2024-01-01 01:04:55,1477809,4469492,UDP,202.4,1.717,4367.4,8079.1,18,0.0016,23.32,None
2024-01-01 01:05:00,5365933,5600939,TCP,162.2,3.561,1453.8,1709.3,14,0.0189,6.12,None
2024-01-01 01:05:05,3607510,3174697,TCP,76.1,0.417,1636.4,2327.5,13,0.0015,3.48,None
2024-01-01 01:05:10,9737853,1447661,HTTP,179.5,3.07,2569.8,9279.1,9,0.0101,6.2,None
2024-01-01 01:05:15,7600183,9065193,UDP,201.4,1.813,963.1,7131.8,8,0.0081,13.84,None
2024-01-01 01:05:20,2415807,7577648,UDP,196.3,4.476,2850.7,9800.9,6,0.0189,5.22,None
2024-01-01 01:05:25,4948683,6806746,TCP,254.8,0.377,2020.8,7746.2,14,0.0037,8.17,None
2024-01-01 01:05:30,9264239,2236741,UDP,225.2,1.092,1863.0,100604.3,11,0.0033,15.79,None
2024-01-01 01:05:35,1062860,5203456,HTTP,186.7,3.578,4107.2,9198.0,14,0.0187,2.8,None
2024-01-01 01:05:40,3223454,1692672,UDP,143.3,0.039,482.7,5546.5,12,0.0025,22.69,None
2024-01-01 01:05:45,1238050,4563266,DNS,64.7,0.238,2370.6,8965.4,16,0.0137,12.78,None
2024-01-01 01:05:50,2715955,2960698,UDP,184.0,9.327,30253.1,22470.4,7,0.0021,11.61,None
2024-01-01 01:05:55,6533910,3309169,TCP,164.7,0.658,1006.2,7710.8,9,0.0209,8.71,None
2024-01-01 01:06:00,2360878,8250303,HTTP,170.0,7.422,10780.6,16070.3,17,0.0183,5.9,None
2024-01-01 01:06:05,8868529,7428906,DNS,78.4,0.403,3148.4,12040.7,10,0.0155,11.6,None
2024-01-01 01:06:10,8467185,9034591,UDP,86.4,0.896,1631.2,6060.7,8,0.0068,11.67,None
2024-01-01 01:06:15,2655676,9617690,TCP,251.3,2.796,795.8,9053.2,14,0.0003,1.35,None
2024-01-01 01:06:20,9806102,3017295,UDP,145.5,2.145,3427.8,40091.6,10,0.0014,20.34,None
2024-01-01 01:06:25,9941918,9604850,UDP,208.7,1.74,12751.4,10332.8,18,0.0061,19.7,None
2024-01-01 01:06:30,3807514,7187055,UDP,150.5,1.51,2019.9,3022.9,12,0.0004,10.75,None
2024-01-01 01:06:35,9243154,8606607,HTTP,150.6,3.709,2749.1,5886.9,9,0.0007,8.08,None
2024-01-01 01:06:40,5939888,3738941,HTTP,237.3,0.536,8187.6,978.2,11,0.0013,11.97,None
2024-01-01 01:06:45,1144844,1256807,DNS,114.7,1.168,4191.7,9296.6,9,0.003,5.31,None
2024-01-01 01:06:50,6238109,6898720,TCP,155.7,0.338,618.8,30093.4,12,0.0138,0.02,None
2024-01-01 01:06:55,5037498,2343055,UDP,117.8,1.812,3290.8,2118.8,14,0.0005,8.5,None
2024-01-01 01:07:00,5822105,1239157,UDP,119.4,0.577,13524.2,9411.9,14,0.0411,0.43,None
2024-01-01 01:07:05,6084104,9427754,UDP,127.2,0.812,2872.8,21707.9,9,0.0032,0.98,None
2024-01-01 01:07:10,1396445,9809499,TCP,165.8,1.274,192.2,24128.3,7,0.0039,0.71,None
2024-01-01 01:07:15,4581325,3324559,TCP,116.8,0.054,4395.0,29138.1,5,0.0028,21.12,None
2024-01-01 01:07:20,4981328,7787769,UDP,278.1,0.193,2444.4,1251.1,8,0.0092,3.45,None
2024-01-01 01:07:25,2525671,3559459,DNS,94.9,2.316,478.6,13425.8,8,0.0002,6.1,None
2024-01-01 01:07:30,2645447,7828044,DNS,135.2,1.121,556.0,1798.0,7,0.001,11.77,None
2024-01-01 01:07:35,6032849,5288837,DNS,119.1,4.002,7903.9,2985.9,13,0.001,12.7,None
2024-01-01 01:07:40,9462328,3772466,HTTP,306.0,2.373,1433.1,18418.7,6,0.0109,2.93,None
2024-01-01 01:07:45,5118971,9582984,UDP,163.7,0.016,1202.9,9490.5,9,0.004,21.83,None
2024-01-01 01:07:50,1148091,5123728,TCP,248.6,1.918,2876.6,16753.1,6,0.0058,5.55,None
2024-01-01 01:07:55,1817538,3604898,UDP,70.6,0.197,1565.2,3199.9,14,0.03,22.62,None
2024-01-01 01:08:00,9243312,8256201,UDP,169.6,3.037,3294.6,35369.4,6,0.0022,6.17,None
2024-01-01 01:08:05,5099334,4332355,DNS,231.6,9.537,2434.0,16128.4,8,0.0007,0.06,None
2024-01-01 01:08:10,3893486,1066338,TCP,154.6,1.515,897.9,19718.2,6,0.0058,23.32,None
2024-01-01 01:08:15,4329570,6153712,UDP,252.8,2.296,1787.9,2751.3,7,0.0018,11.61,None
2024-01-01 01:08:20,1423226,1048087,DNS,114.6,0.542,4641.3,26144.7,15,0.0016,21.09,None
2024-01-01 01:08:25,6966766,4547910,DNS,300.3,1.151,3108.6,5906.7,6,0.0053,17.62,None
2024-01-01 01:08:30,8158544,2601341,TCP,468.5,3.877,2746.4,4397.4,13,0.0111,4.3,None
2024-01-01 01:08:35,2292273,1068886,TCP,123.8,0.366,20689.6,15145.6,9,0.0028,20.29,None
2024-01-01 01:08:40,8152189,9494869,UDP,118.8,0.617,6192.1,14519.0,7,0.0209,1.23,None
2024-01-01 01:08:45,1321286,5442508,DNS,307.0,1.179,6991.4,3474.4,18,0.0045,12.18,None
2024-01-01 01:08:50,8286898,7461002,TCP,326.9,2.491,2525.1,63341.8,10,0.0272,6.1,None
2024-01-01 01:08:55,8113446,5589599,UDP,114.3,0.943,3715.0,49729.3,8,0.0068,8.68,None
2024-01-01 01:09:00,6251237,7628014,TCP,120.3,5.255,1937.0,14839.3,10,0.013,18.17,None
2024-01-01 01:09:05,6228868,8172357,DNS,128.9,0.198,6487.0,12461.6,9,0.0189,16.4,None
2024-01-01 01:09:10,1497396,1784267,TCP,75.8,0.927,2669.4,11268.7,10,0.0075,10.56,None
2024-01-01 01:09:15,8396390,8054757,HTTP,93.8,2.469,3723.3,1719.9,7,0.019,1.1,None
2024-01-01 01:09:20,4887516,3180230,UDP,89.8,0.512,3500.3,9070.7,9,0.0047,0.96,None
2024-01-01 01:09:25,9485709,3456714,TCP,101.1,2.137,2927.3,8951.2,15,0.0045,16.85,None
2024-01-01 01:09:30,8577708,6969178,HTTP,145.9,0.359,56285.3,4555.0,13,0.0158,22.77,None
2024-01-01 01:09:35,6837289,4577831,UDP,166.9,0.115,1530.5,5947.1,6,0.0028,20.33,None
2024-01-01 01:09:40,7680827,3043094,TCP,322.2,0.258,1516.7,749.0,11,0.0126,2.93,None
2024-01-01 01:09:45,6161153,3804011,UDP,90.1,5.318,5967.6,2704.6,7,0.0008,2.91,None
2024-01-01 01:09:50,6706259,5848126,UDP,242.8,1.605,1643.9,20370.2,4,0.0101,14.65,None
2024-01-01 01:09:55,7530917,9518840,HTTP,133.4,3.183,2227.4,45761.4,5,0.0285,15.78,None
2024-01-01 01:10:00,9787177,8958017,TCP,144.8,0.809,1005.9,3154.6,15,0.0061,14.8,None
2024-01-01 01:10:05,7700229,1142635,DNS,208.0,1.796,4873.5,9728.8,15,0.0054,21.25,None
2024-01-01 01:10:10,4491373,6175602,HTTP,84.7,1.366,4935.7,24303.7,8,0.0078,5.54,None
2024-01-01 01:10:15,6856302,7196154,DNS,179.7,5.828,2175.1,4816.4,10,0.0127,4.14,None
2024-01-01 01:10:20,5629077,7838433,TCP,161.3,2.753,6092.5,15934.6,12,0.0044,21.94,None
2024-01-01 01:10:25,6061707,6367698,UDP,189.8,2.623,464.9,7833.9,9,0.0,17.33,None
2024-01-01 01:10:30,7328645,4641346,HTTP,171.5,0.095,1470.2,26646.2,11,0.007,17.08,None
2024-01-01 01:10:35,3780548,8587256,UDP,506.6,1.596,2515.0,2247.4,4,0.0054,8.05,None
2024-01-01 01:10:40,4050271,2943991,HTTP,107.9,1.258,923.1,2685.0,10,0.0076,15.07,None
2024-01-01 01:10:45,2925497,4266547,UDP,113.8,5.258,518.7,10716.5,8,0.0126,17.44,None
2024-01-01 01:10:50,7688601,3794304,TCP,108.7,0.595,2191.0,8921.4,9,0.0033,14.41,None
2024-01-01 01:10:55,6266672,5860749,TCP,112.4,0.629,5967.1,7659.3,9,0.007,17.67,None
2024-01-01 01:11:00,2241075,9095008,HTTP,107.9,1.06,10744.1,14412.3,8,0.0029,14.16,None
2024-01-01 01:11:05,7814631,8357084,HTTP,268.9,0.558,1724.5,3195.0,10,0.0061,23.57,None
2024-01-01 01:11:10,4379189,4281855,UDP,301.9,0.277,6205.7,2060.2,13,0.0042,11.81,None
2024-01-01 01:11:15,9700307,8750125,DNS,111.6,3.896,5633.8,4914.2,11,0.0046,0.3,None
2024-01-01 01:11:20,2186604,7240404,DNS,97.9,1.634,10083.0,5495.7,9,0.0087,3.92,None
2024-01-01 01:11:25,4145969,6491525,DNS,187.9,3.952,2100.2,6101.3,10,0.0117,23.14,None
2024-01-01 01:11:30,1883949,2257485,HTTP,112.6,3.557,493.5,28826.4,19,0.0001,11.27,None
2024-01-01 01:11:35,6989513,3319121,DNS,203.7,0.663,3197.7,17508.1,3,0.0209,2.89,None
2024-01-01 01:11:40,9745844,4775418,TCP,164.3,1.587,1081.6,13811.3,3,0.0045,3.74,None
2024-01-01 01:11:45,3294711,5873043,HTTP,69.6,0.174,1445.9,10117.3,12,0.0103,0.69,None
2024-01-01 01:11:50,1840335,9940929,UDP,321.7,4.936,2205.7,5249.1,6,0.0013,5.43,None
2024-01-01 01:11:55,1050220,5664060,HTTP,364.3,1.036,2124.0,3449.7,6,0.0085,23.68,None
2024-01-01 01:12:00,7571950,1625489,HTTP,109.2,1.001,3434.3,2447.5,8,0.0113,7.89,None
2024-01-01 01:12:05,8724913,2045012,DNS,122.3,0.721,6021.9,4046.0,4,0.0017,6.01,None
2024-01-01 01:12:10,9478393,4834397,HTTP,171.2,1.235,2063.7,7762.6,11,0.0243,16.02,None
2024-01-01 01:12:15,1871890,2666050,TCP,175.4,0.58,4428.0,2553.0,8,0.0142,16.18,None
2024-01-01 01:12:20,2714456,5037081,TCP,206.3,0.94,3025.5,9600.0,14,0.0076,23.23,None
2024-01-01 01:12:25,6352434,5883603,TCP,405.5,3.218,7596.9,6671.2,12,0.0018,17.51,None
2024-01-01 01:12:30,1345586,8548843,TCP,135.8,3.595,2468.6,5446.4,11,0.0201,2.64,None
2024-01-01 01:12:35,3727179,8447062,HTTP,99.6,0.725,2754.7,25888.0,13,0.0007,23.65,None
2024-01-01 01:12:40,9365969,4492576,UDP,74.5,1.266,2050.0,691.9,9,0.0012,18.01,None
2024-01-01 01:12:45,9185832,8292886,HTTP,103.0,4.14,2534.5,5520.8,13,0.012,6.22,None
2024-01-01 01:12:50,2885006,3978294,HTTP,146.0,0.108,1361.7,770.9,12,0.0029,6.27,None
2024-01-01 01:12:55,2478069,4234277,HTTP,364.0,4.399,1233.2,10286.2,10,0.0061,23.04,None
2024-01-01 01:13:00,8746879,6053371,UDP,114.6,0.495,6475.4,17364.5,13,0.0077,4.62,None
2024-01-01 01:13:05,5008126,1328433,UDP,166.0,2.27,1009.1,2098.3,9,0.0061,5.46,None
2024-01-01 01:13:10,3315790,3825765,TCP,147.2,1.747,2166.5,2385.0,2,0.0009,8.61,None
2024-01-01 01:13:15,1798276,7994534,DNS,268.9,1.61,8228.4,1482.8,6,0.0134,16.31,None
2024-01-01 01:13:20,4918178,7040879,UDP,525.0,3.923,2095.0,8635.5,14,0.0027,10.31,None
2024-01-01 01:13:25,3052997,8069692,DNS,113.8,0.214,6827.7,5763.0,20,0.0134,7.47,None
2024-01-01 01:13:30,7041756,5495085,DNS,116.2,0.852,1650.7,6132.4,12,0.02,6.42,None
2024-01-01 01:13:35,4110647,5931703,HTTP,250.2,1.545,1041.9,5608.4,6,0.0077,3.0,None
2024-01-01 01:13:40,7268490,2233146,TCP,208.7,3.335,605.0,3060.7,8,0.0123,13.11,None
2024-01-01 01:13:45,2925482,8124171,TCP,373.7,0.488,11078.1,25131.4,11,0.0004,6.56,None
2024-01-01 01:13:50,8478912,8296804,UDP,198.7,3.248,956.4,10639.6,6,0.0004,7.96,None
2024-01-01 01:13:55,6128604,5710587,TCP,124.0,1.02,6293.0,2478.3,14,0.0022,0.19,None
2024-01-01 01:14:00,1632011,2775816,HTTP,199.4,0.419,1096.7,4021.7,8,0.0044,12.75,None
2024-01-01 01:14:05,3838414,8658768,TCP,258.4,2.846,11129.8,3387.8,11,0.002,16.71,None
2024-01-01 01:14:10,2082157,9767743,DNS,223.7,0.191,27086.3,33055.0,12,0.0101,22.26,None
2024-01-01 01:14:15,5155583,8736414,DNS,191.3,1.446,552.0,16501.7,5,0.0032,4.73,None
2024-01-01 01:14:20,7889271,8982470,UDP,253.0,0.132,1007.5,7140.3,8,0.0187,22.06,None
2024-01-01 01:14:25,2129545,2673034,TCP,266.3,0.881,6458.4,44677.3,7,0.0082,8.67,None
2024-01-01 01:14:30,2968784,2506936,DNS,296.2,1.838,4979.3,34615.0,8,0.0047,19.26,None
2024-01-01 01:14:35,4469006,5083584,DNS,205.3,1.624,6482.9,6433.6,12,0.0224,21.52,None
2024-01-01 01:14:40,2146328,5453191,HTTP,136.5,1.037,1679.5,5374.6,12,0.0176,23.07,None
2024-01-01 01:14:45,8700614,1163920,HTTP,159.7,1.121,21753.6,5640.0,9,0.0171,7.81,None
2024-01-01 01:14:50,1747957,2532030,TCP,271.3,0.514,3354.5,3125.2,6,0.013,6.25,None
2024-01-01 01:14:55,7436535,9355587,TCP,98.6,1.217,882.7,45888.7,7,0.0095,10.55,None
2024-01-01 01:15:00,6344447,1337819,HTTP,178.5,6.126,2314.3,2961.9,8,0.0046,13.31,None
2024-01-01 01:15:05,8688968,6858276,HTTP,121.9,3.8,894.7,19308.6,9,0.0055,16.58,None
2024-01-01 01:15:10,4955761,6273864,UDP,150.6,0.314,14631.6,16164.0,6,0.0104,16.61,None
2024-01-01 01:15:15,7846534,8765465,UDP,281.2,0.06,1540.2,5973.8,13,0.0019,2.8,None
2024-01-01 01:15:20,2881400,5472876,HTTP,163.3,5.422,4878.0,49515.7,13,0.0176,14.68,None
2024-01-01 01:15:25,6344263,3951264,UDP,151.9,1.496,1861.9,1704.3,11,0.0279,4.03,None
2024-01-01 01:15:30,9967476,7818531,DNS,75.2,1.544,1611.0,7482.4,15,0.001,17.07,None
2024-01-01 01:15:35,9414320,7116247,TCP,215.5,3.035,441.3,4968.9,10,0.0002,23.44,None
2024-01-01 01:15:40,7375600,6992887,HTTP,204.9,0.756,5421.8,21175.4,7,0.0015,18.5,None
2024-01-01 01:15:45,9360949,5575608,TCP,437.7,1.315,10929.1,11539.9,15,0.0143,16.67,None
2024-01-01 01:15:50,2436823,8848639,UDP,127.2,6.926,1192.8,1440.4,6,0.0011,1.86,None
2024-01-01 01:15:55,1387149,8844867,UDP,165.6,2.23,635.7,27986.6,8,0.0047,4.43,None
2024-01-01 01:16:00,2080103,1950478,UDP,168.1,0.334,6656.3,13166.9,6,0.0007,8.53,None
2024-01-01 01:16:05,5768163,2596548,UDP,326.6,0.286,574.6,2877.0,10,0.0057,22.4,None
2024-01-01 01:16:10,8364769,2146287,UDP,141.5,0.457,10092.3,5712.0,7,0.0093,7.94,None
2024-01-01 01:16:15,3881865,3007828,DNS,170.6,2.911,1206.7,2208.6,11,0.0099,19.53,None
2024-01-01 01:16:20,7972772,5006042,HTTP,201.1,0.7,989.0,6830.6,12,0.0073,2.49,None
2024-01-01 01:16:25,6562036,8253550,TCP,162.9,0.043,3821.7,9415.6,11,0.0278,15.89,None
2024-01-01 01:16:30,4459964,9113364,DNS,118.7,5.771,1055.6,5798.5,14,0.0076,18.7,None
2024-01-01 01:16:35,4661890,4389149,UDP,163.5,0.372,1469.8,5164.4,9,0.0196,13.03,None
2024-01-01 01:16:40,2447584,5067668,DNS,253.9,0.019,4247.1,1615.3,7,0.0497,18.4,None
2024-01-01 01:16:45,6674853,7415928,HTTP,88.8,0.541,262.7,11353.0,14,0.0026,17.37,None
2024-01-01 01:16:50,2256271,3166799,UDP,158.6,0.536,15404.6,1182.7,11,0.0031,11.45,None
2024-01-01 01:16:55,1269557,7785416,HTTP,104.6,1.096,3113.9,8358.9,11,0.0074,20.77,None
2024-01-01 01:17:00,9132849,4966108,TCP,269.8,5.061,818.1,1340.6,10,0.002,8.2,None
2024-01-01 01:17:05,4285863,6131143,UDP,69.3,4.227,1077.9,8522.8,8,0.0083,10.21,None
2024-01-01 01:17:10,1555855,2496781,TCP,112.2,1.221,8035.7,8053.7,7,0.0115,12.96,None
2024-01-01 01:17:15,7485951,9583208,UDP,179.2,1.058,5437.4,12128.9,8,0.0006,3.14,None
2024-01-01 01:17:20,4603565,5206480,DNS,324.7,1.619,11929.6,19192.7,7,0.0114,12.37,None
2024-01-01 01:17:25,8287433,7915273,TCP,143.6,0.558,1506.1,23100.0,13,0.0017,7.78,None
2024-01-01 01:17:30,5121553,5357028,HTTP,112.4,0.107,4010.1,1619.6,8,0.0036,6.16,None
2024-01-01 01:17:35,5843533,1247613,UDP,380.2,5.601,4566.8,7644.9,11,0.0134,13.84,None
2024-01-01 01:17:40,6842044,2432813,HTTP,72.0,0.413,5974.6,60532.8,14,0.0018,7.91,None
2024-01-01 01:17:45,2306570,5375231,HTTP,49.4,0.442,9203.0,9128.0,9,0.0076,20.53,None
2024-01-01 01:17:50,6512922,1178161,DNS,184.9,1.279,1455.0,3528.6,12,0.0089,9.84,None
2024-01-01 01:17:55,2773336,1736425,DNS,115.5,1.353,2659.3,7482.3,10,0.0018,9.91,None
2024-01-01 01:18:00,5327905,9174109,UDP,89.1,0.037,1619.5,5521.1,15,0.0032,23.57,None
2024-01-01 01:18:05,5100629,9614646,DNS,211.5,0.32,2828.2,2498.7,13,0.0093,8.2,None
2024-01-01 01:18:10,7873635,6811228,UDP,167.7,0.95,5993.5,19324.0,13,0.0062,3.16,None
2024-01-01 01:18:15,4882778,1390287,UDP,111.9,2.302,570.2,14535.5,13,0.0108,21.04,None
2024-01-01 01:18:20,7832604,1746422,DNS,78.2,0.519,9039.6,2133.4,10,0.0193,22.01,None
2024-01-01 01:18:25,8593605,6802056,TCP,229.6,1.1,954.1,7381.5,10,0.0015,5.43,None
2024-01-01 01:18:30,3176858,3008653,HTTP,205.4,1.63,2192.1,4598.7,13,0.0007,21.17,None
2024-01-01 01:18:35,2920335,2088400,UDP,141.2,4.389,10341.7,1633.4,10,0.011,11.87,None
2024-01-01 01:18:40,6129351,9014647,HTTP,373.6,0.789,4138.2,1968.8,11,0.0147,1.04,None
2024-01-01 01:18:45,7754365,2435163,TCP,86.9,0.287,4186.1,2284.8,8,0.006,13.17,None
2024-01-01 01:18:50,8834505,4794950,HTTP,69.2,1.344,915.4,7643.2,6,0.005,20.37,None
2024-01-01 01:18:55,2028303,9270492,HTTP,105.0,2.747,1049.3,5125.8,11,0.0091,9.52,None
2024-01-01 01:19:00,4021781,5809276,TCP,145.1,0.233,7640.8,3105.1,10,0.008,13.22,None
2024-01-01 01:19:05,6439807,9017985,TCP,167.6,1.106,1653.8,5475.9,9,0.0067,3.37,None
2024-01-01 01:19:10,7137708,9047517,DNS,131.5,0.036,1817.3,17112.0,12,0.0171,20.21,None
2024-01-01 01:19:15,5238077,8217719,HTTP,177.0,0.068,7816.2,11576.1,18,0.0019,2.57,None
2024-01-01 01:19:20,5320471,1936043,TCP,79.4,1.319,1043.2,22067.7,11,0.0114,2.27,None
2024-01-01 01:19:25,6496579,5114633,HTTP,305.5,0.708,3902.0,6449.0,7,0.0135,22.41,None
2024-01-01 01:19:30,2050243,7976945,UDP,142.4,3.73,3111.6,40237.6,9,0.0232,20.96,None
2024-01-01 01:19:35,5355599,9111714,HTTP,259.5,1.843,2973.0,11476.8,10,0.029,13.8,None
2024-01-01 01:19:40,6837068,9627792,UDP,176.2,1.21,1775.0,4969.5,12,0.0071,2.55,None
2024-01-01 01:19:45,8881026,7956513,HTTP,186.5,1.048,1669.3,8892.4,11,0.0057,13.1,None
2024-01-01 01:19:50,2912223,1161889,TCP,197.3,1.375,1014.0,2326.0,12,0.007,22.09,None
2024-01-01 01:19:55,6373671,7210808,UDP,185.6,0.083,4830.3,5965.9,15,0.0132,14.7,None
2024-01-01 01:20:00,4496130,4938959,UDP,204.7,4.466,1528.2,12456.2,10,0.0002,4.76,None
2024-01-01 01:20:05,9786413,3949236,TCP,288.5,12.758,7853.7,14938.1,6,0.0019,21.74,None
2024-01-01 01:20:10,8705894,8466816,DNS,163.7,0.401,2381.4,5376.7,11,0.0238,20.77,None
2024-01-01 01:20:15,7951478,5908559,TCP,211.6,0.257,1034.4,124728.0,11,0.0022,13.12,None
2024-01-01 01:20:20,3046479,9054087,HTTP,141.9,0.31,2350.0,6821.2,7,0.0026,20.45,None
2024-01-01 01:20:25,5110723,6189309,UDP,304.9,2.164,1976.6,1512.6,10,0.028,1.35,None
2024-01-01 01:20:30,6461222,8596650,HTTP,105.8,2.166,8177.2,27262.5,7,0.0035,11.07,None
2024-01-01 01:20:35,9162729,8616190,TCP,365.2,3.767,2061.1,14870.4,3,0.0034,4.27,None
2024-01-01 01:20:40,8761823,4022955,DNS,145.5,2.787,2261.5,10215.8,10,0.0257,20.1,None
2024-01-01 01:20:45,4285063,3820684,TCP,72.6,1.195,12228.8,5090.2,16,0.0047,23.31,None
2024-01-01 01:20:50,6410093,4562150,DNS,158.2,1.898,4955.6,12008.2,9,0.0068,22.34,None
2024-01-01 01:20:55,6473113,6155697,DNS,105.6,2.331,15720.3,40905.4,17,0.0082,12.08,None
2024-01-01 01:21:00,1821451,5334493,TCP,226.0,1.438,10499.1,9913.3,18,0.0203,12.26,None
2024-01-01 01:21:05,9195876,9338946,HTTP,107.1,1.291,1227.6,1863.0,11,0.0008,21.8,None
2024-01-01 01:21:10,4182038,2752221,UDP,118.7,2.072,8022.1,256.4,9,0.003,17.32,None
2024-01-01 01:21:15,2850369,9680339,DNS,57.7,1.631,13702.1,11903.2,5,0.0088,1.79,None
2024-01-01 01:21:20,9864958,4111078,HTTP,118.4,2.065,13805.4,3023.2,10,0.0057,3.08,None
2024-01-01 01:21:25,8628426,6198559,DNS,44.2,1.898,8007.2,7334.1,5,0.0033,22.84,None
2024-01-01 01:21:30,6329072,7454894,HTTP,67.2,2.54,7844.1,3608.0,15,0.0053,8.78,None
2024-01-01 01:21:35,4637975,5416728,DNS,217.1,2.059,2202.5,3358.0,8,0.0339,4.5,None
2024-01-01 01:21:40,4826387,2832291,HTTP,219.8,1.467,1290.3,3769.6,9,0.0002,17.65,None
2024-01-01 01:21:45,4301517,5293855,UDP,183.6,2.29,2096.0,4126.3,9,0.0016,21.11,None
2024-01-01 01:21:50,6664661,5454245,TCP,91.5,1.194,564.1,17610.2,8,0.0002,4.96,None
2024-01-01 01:21:55,3753497,9239914,DNS,144.9,0.553,11416.3,14380.7,13,0.009,6.03,None
2024-01-01 01:22:00,3240080,1105896,DNS,148.1,0.003,2245.6,2421.2,10,0.0001,21.6,None
2024-01-01 01:22:05,8064600,3351871,DNS,83.2,1.642,10843.6,2774.6,7,0.0061,0.32,None
2024-01-01 01:22:10,5429895,6638956,DNS,314.7,1.786,870.0,11838.6,7,0.0196,21.79,None
2024-01-01 01:22:15,2854122,7293297,TCP,230.1,7.155,8801.0,23213.8,13,0.001,0.94,None
2024-01-01 01:22:20,5767964,9455695,UDP,132.9,0.897,1817.3,22859.9,9,0.0045,2.29,None
2024-01-01 01:22:25,7839518,2460728,HTTP,150.4,1.002,825.2,2972.3,8,0.0047,20.69,None
2024-01-01 01:22:30,7901351,2681975,TCP,164.7,0.451,15170.7,21792.3,4,0.0045,5.96,None
2024-01-01 01:22:35,9054162,1779262,DNS,53.5,0.146,9021.0,1371.6,6,0.013,5.39,None
2024-01-01 01:22:40,1731667,4705243,HTTP,131.2,2.964,3684.1,6615.1,10,0.0,20.26,None
2024-01-01 01:22:45,9609198,8820932,TCP,105.5,0.575,3083.9,13187.5,7,0.0151,13.01,None
2024-01-01 01:22:50,1506135,5739831,TCP,89.9,1.878,4626.3,1013.5,7,0.0183,8.41,None
2024-01-01 01:22:55,7106104,2755754,DNS,129.0,2.328,3621.4,65700.2,11,0.0056,17.14,None
2024-01-01 01:23:00,7835526,6771388,TCP,364.6,1.274,1349.8,30537.0,13,0.0218,19.43,None
2024-01-01 01:23:05,6842200,7473578,DNS,204.5,4.181,1974.3,15475.4,12,0.0048,20.71,None
2024-01-01 01:23:10,9914152,1924178,TCP,111.5,1.173,21178.0,3087.1,7,0.0119,2.86,None
2024-01-01 01:23:15,3498492,5742591,HTTP,197.6,0.671,43137.9,7569.6,9,0.0049,13.98,None
2024-01-01 01:23:20,1603580,1150752,TCP,298.8,4.527,14223.8,17861.8,9,0.0004,16.28,None
2024-01-01 01:23:25,2010149,2140633,HTTP,235.6,3.955,4808.9,2636.8,9,0.0009,2.8,None
2024-01-01 01:23:30,7664674,1082825,UDP,152.9,0.358,2126.5,6765.1,13,0.0058,14.64,None
2024-01-01 01:23:35,5083149,6238468,HTTP,107.4,0.053,1341.9,20138.4,11,0.0461,0.77,None
2024-01-01 01:23:40,5341326,2724623,TCP,210.4,0.189,1433.3,1817.8,10,0.002,8.2,None
2024-01-01 01:23:45,3509599,3460968,DNS,180.7,0.675,1714.3,11298.5,10,0.0226,4.13,None
2024-01-01 01:23:50,2426792,8814902,HTTP,232.2,7.17,25620.9,1401.4,14,0.0252,13.47,None
2024-01-01 01:23:55,6747182,3461822,UDP,203.9,1.635,18147.4,3153.1,10,0.0053,4.59,None
2024-01-01 01:24:00,1466240,8570544,HTTP,250.8,0.934,6287.2,4892.2,8,0.0062,18.94,None
2024-01-01 01:24:05,1719566,1657870,UDP,113.6,4.391,1140.7,13542.1,9,0.007,2.91,None
2024-01-01 01:24:10,5006301,7050597,DNS,286.8,1.207,7281.2,4020.7,11,0.0147,18.19,None
2024-01-01 01:24:15,6043461,1833237,DNS,163.8,0.757,2348.1,9187.0,9,0.0013,2.37,None
2024-01-01 01:24:20,8351767,4548600,UDP,418.9,5.668,346.2,4075.6,12,0.004,10.62,None
2024-01-01 01:24:25,7851141,8775135,DNS,105.2,3.788,3972.3,4766.6,10,0.0019,16.76,None
2024-01-01 01:24:30,3717314,5178147,HTTP,353.5,3.712,1284.5,28301.3,10,0.0211,3.88,None
2024-01-01 01:24:35,4890468,6527799,TCP,163.9,1.436,1328.7,2565.1,12,0.0007,18.06,None
2024-01-01 01:24:40,2988949,6452868,DNS,107.2,3.116,2320.6,17312.0,15,0.0138,22.88,None
2024-01-01 01:24:45,1331493,3595887,UDP,116.5,0.395,1811.1,8094.5,11,0.0058,8.96,None
2024-01-01 01:24:50,5942613,7615104,HTTP,126.4,1.703,2880.6,4557.1,9,0.0125,0.0,None
2024-01-01 01:24:55,3310652,9838772,TCP,183.5,8.251,2745.4,2398.2,14,0.0221,11.44,None
2024-01-01 01:25:00,9046245,9337878,HTTP,192.8,0.688,456.8,2575.4,11,0.0042,21.66,None
2024-01-01 01:25:05,2622851,2700270,UDP,111.4,3.163,13633.4,3871.3,8,0.0026,15.96,None
2024-01-01 01:25:10,8452600,6545920,UDP,146.6,1.349,1115.0,6974.0,7,0.0105,16.88,None
2024-01-01 01:25:15,9226437,1848944,HTTP,433.2,0.081,1150.1,14816.7,13,0.06,19.02,None
2024-01-01 01:25:20,9957411,4957307,DNS,352.0,2.88,2146.2,6001.5,8,0.0131,21.8,None
2024-01-01 01:25:25,6492869,5046572,UDP,184.6,0.369,2674.9,6416.9,12,0.0159,3.0,None
2024-01-01 01:25:30,9300351,7726617,TCP,151.3,1.996,12822.8,7450.3,8,0.0099,14.17,None
2024-01-01 01:25:35,1915071,1544723,DNS,157.6,0.179,3902.7,13053.1,13,0.0046,21.35,None
2024-01-01 01:25:40,2903655,6826596,TCP,201.7,5.87,5252.5,15441.3,15,0.0106,18.62,None
2024-01-01 01:25:45,8295553,8652329,UDP,89.0,0.69,3922.7,2024.4,10,0.0014,5.97,None
2024-01-01 01:25:50,9015369,9891614,UDP,130.5,0.514,3757.3,6111.5,10,0.0067,20.99,None
2024-01-01 01:25:55,2707345,1483683,TCP,64.4,0.277,4063.2,27650.6,11,0.0085,7.06,None
2024-01-01 01:26:00,9329373,8792605,DNS,181.2,5.838,431.5,2173.0,4,0.0237,9.86,None
2024-01-01 01:26:05,9449696,7871732,DNS,205.1,2.489,2321.8,8728.2,12,0.0252,4.46,None
2024-01-01 01:26:10,9490534,5865360,TCP,116.6,2.707,9530.6,6830.5,21,0.0006,21.25,None
2024-01-01 01:26:15,8647747,4556110,HTTP,326.0,1.384,153634.4,4597.8,15,0.01,2.23,None
2024-01-01 01:26:20,7013247,4120584,HTTP,80.4,1.288,894.0,39766.6,14,0.0159,23.86,None
2024-01-01 01:26:25,1262724,5123332,DNS,71.4,0.233,4550.9,8407.1,12,0.0077,7.89,None
2024-01-01 01:26:30,7775770,9914420,TCP,166.0,1.641,1684.0,36722.5,8,0.001,17.06,None
2024-01-01 01:26:35,9191410,6218852,UDP,250.5,0.567,23101.5,8148.8,11,0.0026,3.09,None
2024-01-01 01:26:40,3841486,1263843,UDP,344.5,7.557,769.9,12839.2,9,0.0038,11.71,None
2024-01-01 01:26:45,4136694,4399357,UDP,118.0,3.185,5568.8,4549.5,11,0.0109,0.96,None
2024-01-01 01:26:50,7371113,9766302,TCP,254.5,1.065,729.8,4600.4,17,0.0007,21.08,None
2024-01-01 01:26:55,7053459,2418387,DNS,145.6,0.328,2167.7,12201.9,6,0.008,10.71,None
2024-01-01 01:27:00,5069069,2878464,HTTP,136.1,3.077,2880.4,12427.9,14,0.0012,17.83,None
2024-01-01 01:27:05,5847241,8199791,DNS,230.9,0.26,8687.9,14735.1,17,0.005,21.47,None
2024-01-01 01:27:10,2059240,9099219,DNS,205.6,0.42,1015.2,11809.7,14,0.0055,1.65,None
2024-01-01 01:27:15,5583060,7063207,DNS,67.5,0.475,5787.1,2129.4,9,0.006,12.27,None
2024-01-01 01:27:20,7041491,8133578,UDP,310.5,1.628,3037.5,3617.8,14,0.0124,4.55,None
2024-01-01 01:27:25,6074799,9506997,TCP,295.9,3.093,3915.9,18957.3,11,0.0008,1.66,None
2024-01-01 01:27:30,5357909,2669953,DNS,108.6,0.755,7772.4,1143.1,10,0.0031,14.93,None
2024-01-01 01:27:35,8846961,8307489,TCP,180.9,0.177,826.7,10857.5,9,0.0102,2.74,None
2024-01-01 01:27:40,1356047,1209509,UDP,190.0,1.249,6704.9,7245.4,9,0.0287,11.81,None
2024-01-01 01:27:45,3619787,4579765,HTTP,169.1,2.758,1687.7,18950.4,7,0.0097,4.73,None
2024-01-01 01:27:50,3898716,7385119,UDP,112.7,0.501,8918.4,12291.0,7,0.0215,4.75,None
2024-01-01 01:27:55,7937673,2505813,DNS,106.1,0.497,4165.4,4171.5,8,0.0345,12.55,None
2024-01-01 01:28:00,2340382,8487044,UDP,146.5,5.884,2417.5,3986.4,6,0.0215,13.33,None
2024-01-01 01:28:05,5965769,2974585,HTTP,266.8,6.165,1652.4,4804.1,6,0.0358,0.08,None
2024-01-01 01:28:10,7496050,7200878,UDP,194.8,9.306,6790.6,14473.3,19,0.015,12.02,None
2024-01-01 01:28:15,4000803,2407748,UDP,123.3,3.297,10519.1,810.6,9,0.0218,16.07,None
2024-01-01 01:28:20,5671529,6560032,HTTP,218.3,0.417,1749.6,9484.2,10,0.0068,16.28,None
2024-01-01 01:28:25,1794594,8941394,HTTP,35.7,0.476,960.1,3350.8,9,0.0042,20.4,None
2024-01-01 01:28:30,4247349,7577926,UDP,263.6,0.832,5968.3,9806.8,14,0.0815,21.49,None
2024-01-01 01:28:35,1566351,8570570,HTTP,62.2,0.766,700.3,11435.7,11,0.001,14.95,None
2024-01-01 01:28:40,7310066,7854222,TCP,123.8,6.271,807.9,1537.1,11,0.0317,11.56,None
2024-01-01 01:28:45,5778507,2751140,DNS,84.8,3.112,1030.0,6458.4,10,0.0056,4.9,None
2024-01-01 01:28:50,1247527,8263746,UDP,77.7,2.575,1967.6,9467.0,12,0.0002,3.04,None
2024-01-01 01:28:55,1368617,5845005,UDP,265.2,0.411,783.4,8848.0,14,0.0162,14.62,None
2024-01-01 01:29:00,3160200,5739987,HTTP,117.5,4.805,428.9,7171.0,8,0.0059,22.72,None
2024-01-01 01:29:05,2498921,8371242,UDP,176.5,3.519,957.7,2390.2,10,0.016,6.68,None
2024-01-01 01:29:10,1811082,6467678,UDP,145.0,0.357,5667.3,2783.2,16,0.0005,2.39,None
2024-01-01 01:29:15,6278685,1836943,UDP,188.4,4.099,835.9,2042.5,9,0.0366,10.17,None
2024-01-01 01:29:20,4309509,7854724,UDP,154.2,0.636,2121.2,14101.6,5,0.0111,0.01,None
2024-01-01 01:29:25,1255335,9548433,HTTP,78.1,0.169,20883.2,7218.7,14,0.0005,13.29,None
2024-01-01 01:29:30,8438618,1249811,DNS,244.2,2.139,2837.9,7694.4,13,0.0,1.19,None
2024-01-01 01:29:35,1310845,4794808,TCP,115.9,2.122,4198.7,1472.2,7,0.009,22.34,None
2024-01-01 01:29:40,3543117,4186907,TCP,68.1,0.199,1157.4,7835.3,14,0.0375,20.88,None
2024-01-01 01:29:45,4660280,7692946,TCP,119.8,0.768,25938.3,15269.9,10,0.0074,2.76,None
2024-01-01 01:29:50,7038529,7612561,DNS,314.3,9.871,1734.9,1284.5,11,0.0044,3.53,None
2024-01-01 01:29:55,4909137,8776209,HTTP,227.0,2.269,2373.0,4743.8,10,0.028,22.88,None
2024-01-01 01:30:00,6290344,1316300,HTTP,124.7,2.619,11126.2,1685.2,8,0.0413,19.53,None
2024-01-01 01:30:05,4055975,5928650,TCP,124.6,0.479,2485.6,5322.6,12,0.0153,22.61,None
2024-01-01 01:30:10,2420163,3331268,TCP,126.4,0.164,3127.2,3291.2,6,0.0127,8.03,None
2024-01-01 01:30:15,8845806,3863103,HTTP,419.2,0.648,2249.2,11859.8,6,0.0,2.66,None
2024-01-01 01:30:20,8864236,4060052,DNS,179.6,0.572,2264.6,9597.3,13,0.0038,14.77,None
2024-01-01 01:30:25,4162560,4746756,TCP,184.0,0.535,4317.8,29481.1,16,0.0259,23.2,None
2024-01-01 01:30:30,1836037,2028797,TCP,248.4,0.428,5182.0,7676.5,9,0.0046,3.12,None
2024-01-01 01:30:35,4544506,8719808,HTTP,167.2,1.71,1566.7,11367.2,16,0.0041,19.65,None
2024-01-01 01:30:40,1076447,9147018,DNS,130.4,0.795,1385.6,4639.2,16,0.0077,8.63,None
2024-01-01 01:30:45,7397994,8530658,DNS,134.5,3.433,1621.1,2689.0,4,0.0059,2.77,None
2024-01-01 01:30:50,2604846,5001924,DNS,143.2,0.407,734.2,18671.7,15,0.0196,11.02,None
2024-01-01 01:30:55,1188060,5683992,UDP,145.7,1.25,607.6,28092.4,11,0.0009,11.73,None
2024-01-01 01:31:00,8945133,5495818,DNS,213.5,0.028,4012.5,16410.2,12,0.0108,0.22,None
2024-01-01 01:31:05,9707455,3913365,DNS,152.3,1.314,7620.5,9239.4,8,0.0119,11.39,None
2024-01-01 01:31:10,8930147,7873575,UDP,214.1,0.115,7122.7,3059.2,8,0.0212,15.54,None
2024-01-01 01:31:15,5145215,8540736,UDP,142.5,7.608,275.3,25377.8,16,0.0054,18.35,None
2024-01-01 01:31:20,9728800,4510701,HTTP,154.4,3.127,2333.1,14465.3,14,0.0035,2.37,None
2024-01-01 01:31:25,8272282,3074892,DNS,54.6,1.347,990.2,61382.4,9,0.0099,21.04,None
2024-01-01 01:31:30,8217481,3888789,TCP,234.7,0.181,3441.8,2554.4,7,0.0129,4.03,None
2024-01-01 01:31:35,2477760,6218397,HTTP,176.5,1.795,1962.9,19198.1,11,0.0019,15.8,None
2024-01-01 01:31:40,1911388,3775388,UDP,244.4,2.844,5387.9,14032.2,10,0.0017,13.26,None
2024-01-01 01:31:45,5595416,7199561,DNS,34.9,0.423,2924.4,5755.9,10,0.0031,21.12,None
2024-01-01 01:31:50,5442565,2960606,UDP,421.7,1.68,447.6,31692.5,8,0.0028,0.93,None
2024-01-01 01:31:55,1060703,2013639,DNS,138.4,3.366,1133.3,12116.8,14,0.0139,4.6,None
2024-01-01 01:32:00,2614465,9700997,DNS,258.3,2.924,2998.3,3175.1,15,0.0076,2.93,None
2024-01-01 01:32:05,9780183,4038277,TCP,88.2,3.249,3262.0,7198.7,11,0.0079,7.86,None
2024-01-01 01:32:10,9912734,5929682,UDP,201.6,4.229,730.9,3137.4,11,0.0001,8.13,None
2024-01-01 01:32:15,8629967,5560048,DNS,87.6,5.551,641.3,5072.0,8,0.0516,2.13,None
2024-01-01 01:32:20,7734387,7428117,HTTP,108.6,1.04,3153.4,16380.2,10,0.0177,12.34,None
2024-01-01 01:32:25,9156441,6453478,DNS,386.5,1.682,732.4,21791.5,14,0.0059,2.79,None
2024-01-01 01:32:30,6575168,7077311,HTTP,134.9,3.128,561.9,10109.3,12,0.0007,1.78,None
2024-01-01 01:32:35,9908832,8078969,UDP,165.5,2.389,1910.0,3827.3,10,0.0119,0.8,None
2024-01-01 01:32:40,1082149,6492576,UDP,229.3,10.816,1829.1,11868.1,11,0.0077,22.3,None
2024-01-01 01:32:45,9281897,7755454,DNS,190.2,0.028,1238.4,16703.9,10,0.0113,9.52,None
2024-01-01 01:32:50,1013450,2184668,UDP,160.0,0.877,1474.8,1127.6,9,0.0113,6.81,None
2024-01-01 01:32:55,2657405,8837526,TCP,178.1,0.66,3022.5,9104.1,10,0.0017,11.57,None
2024-01-01 01:33:00,4608675,3211865,TCP,493.6,0.608,1450.8,6699.6,7,0.004,3.78,None
2024-01-01 01:33:05,3224942,5791998,UDP,144.2,0.503,3199.3,21030.1,6,0.0002,9.75,None
2024-01-01 01:33:10,8312263,3851995,TCP,164.1,2.47,2037.6,11916.6,14,0.0403,4.57,None
2024-01-01 01:33:15,8868828,4120692,DNS,251.0,0.177,3525.1,13152.3,8,0.0164,7.31,None
2024-01-01 01:33:20,8972652,2932359,UDP,257.9,2.707,7173.9,5004.5,12,0.0264,22.18,None
2024-01-01 01:33:25,5539045,2407050,DNS,268.7,2.365,6899.8,8116.5,15,0.0005,3.57,None
2024-01-01 01:33:30,8107660,8328458,UDP,204.3,0.578,10809.8,20820.3,7,0.0069,11.37,None
2024-01-01 01:33:35,1902126,1764277,UDP,83.8,0.583,6892.2,7594.0,4,0.0138,15.86,None
2024-01-01 01:33:40,3244175,3587768,UDP,335.9,1.982,3784.1,9649.6,14,0.0011,22.03,None
2024-01-01 01:33:45,9995411,5543180,UDP,83.7,2.872,1932.5,1744.2,9,0.015,22.15,None
2024-01-01 01:33:50,4276945,7322474,DNS,172.7,4.183,2022.8,7566.3,7,0.0104,5.93,None
2024-01-01 01:33:55,6358785,6153423,UDP,101.8,3.823,1239.2,1083.6,10,0.042,22.64,None
2024-01-01 01:34:00,8482687,5442826,TCP,143.7,6.698,2994.5,4836.1,16,0.0015,7.95,None
2024-01-01 01:34:05,9956390,3014697,UDP,174.9,1.742,5987.2,8634.5,10,0.0099,21.48,None
2024-01-01 01:34:10,9597710,8657957,HTTP,174.3,4.786,1442.8,17448.9,12,0.0294,2.24,None
2024-01-01 01:34:15,4343488,2823535,UDP,183.3,3.306,2872.1,2983.5,11,0.0136,4.76,None
2024-01-01 01:34:20,4317188,6469428,TCP,332.6,4.501,1514.2,11774.4,11,0.0041,1.9,None
2024-01-01 01:34:25,9664725,8062929,DNS,186.2,0.023,3675.2,35189.2,15,0.0013,7.18,None
2024-01-01 01:34:30,9237453,5020467,DNS,131.4,6.757,1720.9,4269.5,12,0.0332,20.97,None
2024-01-01 01:34:35,3389342,8403166,HTTP,240.3,1.283,1423.0,1724.9,15,0.0007,3.82,None
2024-01-01 01:34:40,9036912,5862346,UDP,269.0,3.201,1510.3,10827.5,15,0.037,5.4,None
2024-01-01 01:34:45,9243176,8662181,DNS,80.3,0.272,4931.2,2460.2,9,0.0036,5.19,None
2024-01-01 01:34:50,3261797,2688262,DNS,200.1,1.008,2706.1,3572.4,5,0.0197,6.59,None
2024-01-01 01:34:55,3539167,2735453,DNS,210.7,0.633,1942.2,20401.0,9,0.0081,0.45,None
2024-01-01 01:35:00,3122520,6222225,DNS,127.9,0.69,3871.5,52939.2,10,0.0244,10.17,None
2024-01-01 01:35:05,4673202,8194878,DNS,295.3,0.263,1969.4,2978.9,8,0.0056,23.43,None
2024-01-01 01:35:10,1287470,6559120,UDP,137.7,3.277,9195.9,3876.1,17,0.019,10.75,None
2024-01-01 01:35:15,5394955,6605401,HTTP,158.0,0.019,1125.7,5219.4,12,0.0027,19.52,None
2024-01-01 01:35:20,8517985,4468819,TCP,136.1,0.749,2472.6,4685.3,14,0.0063,13.71,None
2024-01-01 01:35:25,4225531,8527554,UDP,149.6,0.383,731.6,56010.4,15,0.0187,0.36,None
2024-01-01 01:35:30,6061254,4676616,UDP,85.8,1.779,2107.2,4766.8,12,0.0013,14.05,None
2024-01-01 01:35:35,9262371,6077458,TCP,72.2,0.587,555.8,5498.6,6,0.013,22.72,None
2024-01-01 01:35:40,1753247,8717861,UDP,329.4,0.6,6287.5,40789.4,4,0.0057,13.28,None
2024-01-01 01:35:45,5632610,1862723,UDP,97.2,1.34,6415.7,14424.4,11,0.0072,12.67,None
2024-01-01 01:35:50,3946636,8487874,TCP,90.4,2.115,6530.1,21718.1,10,0.0087,16.09,None
2024-01-01 01:35:55,9708370,7529241,HTTP,50.6,0.259,3068.3,3274.4,10,0.0032,20.9,None
2024-01-01 01:36:00,3715464,3555009,TCP,107.8,0.386,1236.6,4768.7,10,0.001,13.55,None
2024-01-01 01:36:05,1476810,7282130,UDP,76.6,0.568,1339.0,2864.9,8,0.0002,9.75,None
2024-01-01 01:36:10,6142712,8669253,DNS,337.3,7.28,13769.0,18056.5,16,0.0056,0.89,None
2024-01-01 01:36:15,9363315,9876881,DNS,245.9,1.012,12527.4,27591.0,8,0.0031,2.67,None
2024-01-01 01:36:20,8360181,8970918,TCP,105.2,1.828,3369.6,4448.1,11,0.01,15.57,None
2024-01-01 01:36:25,8144796,5320181,HTTP,457.7,0.553,1780.0,5629.4,8,0.0126,14.85,None
2024-01-01 01:36:30,4186694,9994278,TCP,242.5,1.348,11715.0,5881.2,7,0.007,5.74,None
2024-01-01 01:36:35,7929541,1961367,TCP,126.2,0.154,1488.5,1724.6,14,0.0096,17.25,None
2024-01-01 01:36:40,2881418,6445383,HTTP,42.5,0.071,3747.5,4130.6,6,0.0082,6.71,None
2024-01-01 01:36:45,9706439,3876027,DNS,466.6,1.265,11521.4,17558.0,9,0.0,7.32,None
2024-01-01 01:36:50,9360551,6815017,TCP,74.1,1.017,1291.6,3376.5,8,0.0184,1.47,None
2024-01-01 01:36:55,5546919,2179605,HTTP,65.2,0.294,6831.0,8892.7,12,0.0006,13.21,None
2024-01-01 01:37:00,6691855,8380770,UDP,247.5,2.327,5016.9,2190.7,15,0.0053,6.9,None
2024-01-01 01:37:05,2292445,9402496,UDP,502.6,9.896,2865.5,7016.4,7,0.0012,19.65,None
2024-01-01 01:37:10,8367553,3815822,HTTP,296.5,1.007,1103.9,4613.2,4,0.0109,19.24,None
2024-01-01 01:37:15,3313189,2975409,HTTP,196.8,1.959,1444.6,2388.3,10,0.0039,3.08,None
2024-01-01 01:37:20,9962627,5175772,UDP,199.8,6.592,3981.6,17861.2,8,0.0007,3.84,None
2024-01-01 01:37:25,1532271,3119787,UDP,227.4,3.562,718.1,18894.5,13,0.0005,7.7,None
2024-01-01 01:37:30,3341994,8065398,TCP,216.9,1.246,3397.3,3073.2,10,0.0027,13.94,None
2024-01-01 01:37:35,8326093,3163105,TCP,170.8,2.675,5120.7,6527.7,7,0.011,8.22,None
2024-01-01 01:37:40,2046833,2422647,DNS,156.4,0.274,7984.2,8470.3,9,0.0127,8.41,None
2024-01-01 01:37:45,2579268,4849803,TCP,143.8,1.435,736.3,1319.8,12,0.0014,3.36,None
2024-01-01 01:37:50,6548498,4573785,HTTP,101.8,0.654,11117.2,2004.0,12,0.0015,8.05,None
2024-01-01 01:37:55,3743424,4915055,DNS,129.0,0.351,16242.1,29327.6,11,0.009,11.29,None
2024-01-01 01:38:00,2863223,1151697,DNS,63.7,1.111,4492.4,2793.0,11,0.0315,23.63,None
2024-01-01 01:38:05,2109513,8443430,HTTP,141.3,0.281,1055.7,28514.9,5,0.008,20.11,None
2024-01-01 01:38:10,3305826,3633224,UDP,90.5,2.401,2147.1,2110.3,7,0.0124,19.03,None
2024-01-01 01:38:15,1250755,8936806,UDP,85.5,1.218,2842.4,15659.4,11,0.0086,13.44,None
2024-01-01 01:38:20,2836147,5170665,UDP,162.4,1.515,3906.8,5935.4,11,0.0011,8.64,None
2024-01-01 01:38:25,6316251,7534751,UDP,297.7,0.317,3047.2,6831.1,11,0.0293,20.57,None
2024-01-01 01:38:30,9900825,5150331,TCP,234.9,0.301,3948.8,51841.0,13,0.0007,8.34,None
2024-01-01 01:38:35,2861557,2282162,DNS,67.7,1.751,2722.4,2311.9,9,0.0143,14.23,None
2024-01-01 01:38:40,4812899,3871666,HTTP,90.5,8.401,3885.9,14688.2,11,0.0388,6.17,None
2024-01-01 01:38:45,1822513,7541869,DNS,237.6,0.202,1880.8,14093.8,7,0.0038,18.63,None
2024-01-01 01:38:50,8280527,8922439,DNS,90.8,0.673,2125.6,232018.7,14,0.0019,12.35,None
2024-01-01 01:38:55,7488793,2549656,UDP,132.6,4.072,1675.7,2759.7,10,0.0084,21.48,None
2024-01-01 01:39:00,2560881,1960089,UDP,195.4,0.15,20277.3,4333.0,7,0.0159,13.65,None
2024-01-01 01:39:05,5710608,1554492,UDP,91.5,4.173,12886.1,18323.2,8,0.0299,3.94,None
2024-01-01 01:39:10,4893685,3063257,TCP,156.4,1.486,5194.2,6632.5,12,0.0118,23.83,None
2024-01-01 01:39:15,4233379,6837346,HTTP,76.2,1.049,11218.4,5099.8,4,0.0041,12.05,None
2024-01-01 01:39:20,7653615,2478509,DNS,109.9,0.741,6624.0,21110.2,11,0.0068,6.02,None
2024-01-01 01:39:25,1990722,2437104,DNS,174.1,0.705,3573.4,6207.0,9,0.0143,7.9,None
2024-01-01 01:39:30,5226451,9508559,TCP,66.9,0.73,661.4,3321.4,12,0.0155,2.91,None
2024-01-01 01:39:35,4455221,9545010,DNS,185.0,4.322,2293.5,16750.9,12,0.0008,1.77,None
2024-01-01 01:39:40,1703966,8950950,UDP,147.0,2.573,2132.3,11793.3,12,0.0095,10.81,None
2024-01-01 01:39:45,9717877,6530636,TCP,195.6,2.216,960.0,5926.3,8,0.0342,22.84,None
2024-01-01 01:39:50,2858175,6888353,TCP,166.0,3.206,674.4,5651.6,14,0.0154,2.95,None
2024-01-01 01:39:55,7886954,4094649,TCP,293.6,0.594,4879.1,3245.7,7,0.0001,21.67,None
2024-01-01 01:40:00,2900945,9275733,TCP,158.0,1.925,4123.7,16732.3,7,0.0025,19.12,None
2024-01-01 01:40:05,8657549,6144828,DNS,119.7,1.233,927.6,5652.7,6,0.0059,19.35,None
2024-01-01 01:40:10,6983064,3808429,UDP,157.8,3.051,1413.9,3752.4,15,0.0123,17.04,None
2024-01-01 01:40:15,9035032,3459903,TCP,194.7,0.74,9520.7,2240.5,8,0.0081,14.2,None
2024-01-01 01:40:20,8930013,1631601,TCP,152.1,2.061,1239.3,11993.9,7,0.0008,2.91,None
2024-01-01 01:40:25,8570198,7283908,TCP,151.5,4.278,3536.2,4872.8,11,0.0134,13.82,None
2024-01-01 01:40:30,2552930,5081584,TCP,104.5,1.029,2465.7,1082.8,15,0.0182,8.45,None
2024-01-01 01:40:35,1637867,9109734,UDP,106.5,0.138,4946.1,2432.6,7,0.0023,2.53,None
2024-01-01 01:40:40,1864663,8424012,HTTP,73.6,1.452,1266.3,6415.1,14,0.0007,19.29,None
2024-01-01 01:40:45,3571168,3998666,UDP,355.9,0.849,3262.0,6597.6,11,0.0157,13.12,None
2024-01-01 01:40:50,4629689,6062888,DNS,79.7,2.231,3528.8,6351.6,7,0.0102,17.88,None
2024-01-01 01:40:55,9374063,9844971,HTTP,105.0,6.033,3752.5,5526.1,9,0.0163,11.51,None
2024-01-01 01:41:00,2127255,4159389,UDP,103.6,1.33,3226.2,1852.2,6,0.0084,13.24,None
2024-01-01 01:41:05,8514476,6257243,HTTP,232.2,1.255,4207.4,3379.4,4,0.0056,17.1,None
2024-01-01 01:41:10,2401318,7067146,TCP,128.1,2.126,26682.7,26470.3,5,0.033,5.93,None
2024-01-01 01:41:15,5187958,4109424,UDP,277.0,0.219,38611.2,22839.1,18,0.0151,20.33,None
2024-01-01 01:41:20,1891899,5017475,UDP,106.0,0.585,1573.1,14442.8,10,0.0053,10.1,None
2024-01-01 01:41:25,4024690,4910262,TCP,170.6,5.026,293.5,13220.2,8,0.0238,17.0,None
2024-01-01 01:41:30,1163290,6872006,DNS,97.7,2.217,5407.2,20025.4,5,0.0504,7.83,None
2024-01-01 01:41:35,8291259,5420239,DNS,433.8,0.027,3591.2,2641.8,9,0.0037,16.86,None
2024-01-01 01:41:40,1132236,1950125,DNS,82.0,0.458,8613.1,8374.3,10,0.0223,1.04,None
2024-01-01 01:41:45,2555301,6578927,UDP,173.3,2.297,3963.5,2643.2,12,0.0005,22.3,None
2024-01-01 01:41:50,4990494,9003326,DNS,203.7,2.891,3160.9,2689.4,7,0.0024,18.89,None
2024-01-01 01:41:55,3246681,2464431,DNS,182.5,3.663,9217.9,11708.4,11,0.0018,15.96,None
2024-01-01 01:42:00,6094450,6932885,HTTP,135.3,0.691,10601.8,20884.2,10,0.0044,7.77,None
2024-01-01 01:42:05,8456121,4276341,DNS,139.1,5.348,745.0,6675.2,8,0.0083,20.22,None
2024-01-01 01:42:10,1557196,9707765,HTTP,151.7,1.61,1317.4,42150.4,13,0.0127,18.42,None
2024-01-01 01:42:15,5692532,5809252,DNS,137.9,2.385,2682.2,10014.4,15,0.0233,10.87,None
2024-01-01 01:42:20,3860701,9996946,HTTP,240.3,1.816,3289.3,3726.5,8,0.0017,4.74,None
2024-01-01 01:42:25,2807695,6763123,UDP,448.2,0.262,2378.0,2733.3,10,0.0086,4.21,None
2024-01-01 01:42:30,9684190,8789573,HTTP,112.3,6.6,4601.8,22429.5,7,0.0081,11.72,None
2024-01-01 01:42:35,9881514,1594571,TCP,74.8,0.262,8071.6,9213.8,11,0.0061,18.8,None
2024-01-01 01:42:40,3142559,5154634,DNS,142.0,0.588,16692.4,15931.4,8,0.0119,17.15,None
2024-01-01 01:42:45,3313567,3304521,HTTP,539.1,3.36,5318.3,568.0,11,0.0072,11.85,None
2024-01-01 01:42:50,9562654,2265948,HTTP,99.3,1.928,1271.1,10349.3,12,0.008,4.91,None
2024-01-01 01:42:55,9768231,5924238,TCP,336.8,3.642,2572.5,4857.2,7,0.0234,5.74,None
2024-01-01 01:43:00,3531064,1528508,HTTP,343.4,1.45,2764.6,2010.7,6,0.0197,1.38,None
2024-01-01 01:43:05,6125312,4984492,UDP,112.5,0.946,4987.3,7610.8,15,0.0086,4.24,None
2024-01-01 01:43:10,4879048,7430305,DNS,197.3,5.098,4394.8,24144.5,22,0.0017,0.31,None
2024-01-01 01:43:15,5312268,6494336,DNS,335.0,0.074,23165.0,78137.7,12,0.0319,16.19,None
2024-01-01 01:43:20,7744497,6552645,UDP,122.8,3.878,1879.0,10323.2,16,0.0097,14.12,None
2024-01-01 01:43:25,6474480,6098460,UDP,134.0,0.525,4379.8,3987.2,10,0.0165,23.71,None
2024-01-01 01:43:30,4351118,5438561,HTTP,111.0,3.777,31404.7,3753.7,13,0.0006,18.31,None
2024-01-01 01:43:35,7618541,5822445,TCP,89.4,0.3,1660.4,21229.2,14,0.0227,5.91,None
2024-01-01 01:43:40,9948882,2704102,DNS,107.3,1.736,3446.6,2990.3,14,0.0118,16.99,None
2024-01-01 01:43:45,4075439,9833421,TCP,80.5,4.38,1158.8,15099.7,13,0.0116,0.29,None
2024-01-01 01:43:50,4066745,5898708,UDP,151.0,1.283,3236.0,10869.1,11,0.0012,23.67,None
2024-01-01 01:43:55,8821649,9834207,TCP,101.0,2.745,1366.2,9731.3,11,0.0125,14.75,None
2024-01-01 01:44:00,9518078,1006911,HTTP,166.8,3.266,8491.3,1689.0,14,0.0008,2.87,None
2024-01-01 01:44:05,6839990,4443548,TCP,68.2,2.667,3454.1,5670.6,14,0.0006,11.96,None
2024-01-01 01:44:10,7709414,6307543,HTTP,175.1,5.189,1169.8,1885.3,9,0.0039,22.57,None
2024-01-01 01:44:15,5184771,7498147,DNS,225.1,1.184,6908.9,4499.6,10,0.0002,20.39,None
2024-01-01 01:44:20,5498537,2620930,DNS,54.8,0.38,3567.7,20274.9,13,0.0017,7.17,None
2024-01-01 01:44:25,4662097,1204289,UDP,178.9,0.098,7729.6,27751.9,12,0.013,9.51,None
2024-01-01 01:44:30,5403528,3595863,UDP,274.2,0.566,946.1,10036.1,8,0.018,20.49,None
2024-01-01 01:44:35,2406236,1910481,UDP,81.1,0.309,4310.6,4580.9,6,0.002,21.6,None
2024-01-01 01:44:40,5902724,9614673,UDP,342.5,1.633,6459.7,39660.0,9,0.0173,21.95,None
2024-01-01 01:44:45,5333903,6400756,UDP,183.0,0.409,1952.0,4520.6,16,0.0065,22.75,None
2024-01-01 01:44:50,7361561,3366429,UDP,104.3,0.079,846.4,2602.7,13,0.0317,12.01,None
2024-01-01 01:44:55,1128410,7176228,UDP,144.3,0.073,2859.5,16260.3,12,0.0015,20.68,None
2024-01-01 01:45:00,3867148,8914294,DNS,196.2,3.562,10179.3,12806.8,10,0.0006,8.33,None
2024-01-01 01:45:05,6574428,6846913,TCP,154.2,1.79,9190.5,4709.9,4,0.0186,20.11,None
2024-01-01 01:45:10,2645480,2502674,HTTP,194.3,0.887,1942.2,8957.3,13,0.0045,8.34,None
2024-01-01 01:45:15,8654571,6567756,DNS,93.7,4.493,826.3,12608.9,10,0.0061,14.6,None
2024-01-01 01:45:20,9012961,5482318,DNS,161.5,0.146,1936.9,9933.6,6,0.0072,11.24,None
2024-01-01 01:45:25,4524051,4711283,HTTP,73.2,7.857,1865.9,12822.3,5,0.0174,21.43,None
2024-01-01 01:45:30,2588950,7807129,DNS,140.4,1.916,4658.5,4886.8,10,0.0008,1.6,None
2024-01-01 01:45:35,8741985,7501492,HTTP,94.4,0.405,2683.8,13715.0,12,0.008,22.77,None
2024-01-01 01:45:40,7862875,3225047,HTTP,102.7,2.273,1403.5,8246.6,9,0.0056,11.09,None
2024-01-01 01:45:45,3146869,3731424,TCP,275.4,2.883,8993.6,5055.3,11,0.0042,11.55,None
2024-01-01 01:45:50,4288749,2786535,UDP,256.1,1.122,3430.4,6336.7,3,0.0043,19.87,None
2024-01-01 01:45:55,3317304,3651876,DNS,201.3,3.956,4607.4,7347.4,17,0.0266,15.99,None
2024-01-01 01:46:00,5582383,5793358,UDP,86.0,0.327,531.1,1909.5,10,0.0031,22.89,None
2024-01-01 01:46:05,1510873,2183910,DNS,126.7,0.654,263.9,4287.0,13,0.0061,13.12,None
2024-01-01 01:46:10,9264537,3269726,UDP,272.2,0.196,708.0,8646.5,7,0.0068,13.41,None
2024-01-01 01:46:15,1901875,2109872,DNS,159.3,0.474,1843.6,2098.6,5,0.0127,23.32,None
2024-01-01 01:46:20,1290522,1608144,UDP,473.3,0.546,5304.7,4359.3,13,0.0073,22.23,None
2024-01-01 01:46:25,8234706,3634841,DNS,180.7,4.993,286.5,87960.7,8,0.0097,5.01,None
2024-01-01 01:46:30,1316523,9623013,DNS,163.4,0.163,14659.6,2619.5,11,0.0051,7.37,None
2024-01-01 01:46:35,1217114,7926767,DNS,127.2,1.115,3535.3,5520.3,9,0.0127,15.01,None
2024-01-01 01:46:40,9863821,5523230,DNS,158.7,1.52,11617.8,3520.2,7,0.0063,22.55,None
2024-01-01 01:46:45,3735943,8458478,TCP,137.5,4.579,1229.1,7209.3,7,0.0025,13.52,None
2024-01-01 01:46:50,9857569,1683308,HTTP,211.5,12.146,4933.8,3587.0,8,0.017,17.59,None
2024-01-01 01:46:55,9071622,7506510,TCP,239.5,2.8,3246.1,6353.5,14,0.0145,2.26,None
2024-01-01 01:47:00,4377619,2670931,DNS,100.2,7.067,6752.6,3949.9,16,0.0099,12.54,None
2024-01-01 01:47:05,8485376,7337796,TCP,76.3,3.094,2359.5,23274.8,5,0.0074,3.54,None
2024-01-01 01:47:10,9258463,9331188,UDP,59.3,6.605,4784.9,8792.3,14,0.0023,6.26,None
2024-01-01 01:47:15,1427369,1873450,DNS,191.3,2.457,8975.0,2972.1,10,0.0203,3.99,None
2024-01-01 01:47:20,7030312,5265642,DNS,85.5,0.166,1554.4,18784.7,9,0.001,3.98,None
2024-01-01 01:47:25,2537925,1290732,UDP,50.6,1.028,3798.1,3108.0,11,0.0048,23.8,None
2024-01-01 01:47:30,6146830,4956608,HTTP,180.2,2.08,451.3,1695.8,12,0.0191,7.16,None
2024-01-01 01:47:35,2282168,6370609,UDP,516.2,0.864,6018.0,8078.5,9,0.0091,13.57,None
2024-01-01 01:47:40,9286091,9064223,HTTP,148.0,0.639,21050.1,54571.4,13,0.0058,0.48,None
2024-01-01 01:47:45,8035868,8040025,HTTP,225.7,1.723,858.8,1302.9,10,0.0157,19.35,None
2024-01-01 01:47:50,8167639,4581525,DNS,154.6,5.421,2720.6,2141.0,12,0.0456,16.33,None
2024-01-01 01:47:55,8062540,1134999,UDP,141.3,0.071,7190.3,17197.6,4,0.0021,5.49,None
2024-01-01 01:48:00,7171174,7758809,UDP,235.0,2.933,3076.1,4262.8,6,0.0005,0.87,None
2024-01-01 01:48:05,8096669,6113798,UDP,128.4,2.566,3516.1,14942.3,15,0.0062,6.59,None
2024-01-01 01:48:10,7292168,3818220,HTTP,169.6,6.646,2016.3,3507.0,10,0.0034,15.09,None
2024-01-01 01:48:15,6859913,4029543,HTTP,174.3,5.339,1942.7,9339.1,12,0.011,0.36,None
2024-01-01 01:48:20,1139254,8264553,HTTP,106.3,2.873,2733.4,46373.1,10,0.0068,1.81,None
2024-01-01 01:48:25,8714125,3228853,UDP,243.7,1.47,3107.8,2453.8,6,0.0069,9.82,None
2024-01-01 01:48:30,5370630,7315718,DNS,136.0,0.457,914.7,22556.1,4,0.0044,4.22,None
2024-01-01 01:48:35,7084150,5747957,HTTP,101.7,1.576,2790.5,15989.8,12,0.0024,15.16,None
2024-01-01 01:48:40,4165079,5066238,HTTP,194.1,2.899,14307.4,1827.6,10,0.0024,4.19,None
2024-01-01 01:48:45,3280182,3812620,TCP,94.7,4.52,1960.3,14170.3,6,0.0049,23.85,None
2024-01-01 01:48:50,6032967,4222144,HTTP,150.5,3.119,865.0,8715.0,8,0.0115,10.46,None
2024-01-01 01:48:55,1334788,1389480,UDP,147.7,0.434,2562.1,8875.9,14,0.0041,3.56,None
2024-01-01 01:49:00,6515800,1627226,DNS,255.4,1.831,1458.8,11344.8,15,0.0039,1.77,None
2024-01-01 01:49:05,3859504,1102522,DNS,188.2,0.807,781.8,5708.1,11,0.0055,10.09,None
2024-01-01 01:49:10,5266499,8591551,HTTP,146.6,0.018,3426.1,8691.5,9,0.047,19.42,None
2024-01-01 01:49:15,8993410,3120538,TCP,223.4,0.447,1465.2,10316.0,12,0.001,10.53,None
2024-01-01 01:49:20,5409862,4474573,TCP,297.4,0.24,1596.0,17086.7,7,0.0035,3.39,None
2024-01-01 01:49:25,6816170,5860529,HTTP,196.2,3.699,3475.3,1759.6,9,0.0035,11.73,None
2024-01-01 01:49:30,1669461,5734376,DNS,149.2,0.598,643.4,29462.9,7,0.0367,8.1,None
2024-01-01 01:49:35,5628281,3710429,DNS,77.0,0.67,522.4,2552.2,10,0.0052,12.04,None
2024-01-01 01:49:40,8022727,6640971,DNS,87.1,6.435,5830.6,17354.9,10,0.0084,9.39,None
2024-01-01 01:49:45,8828519,7758113,HTTP,127.4,0.953,432.3,8773.1,9,0.0022,15.55,None
2024-01-01 01:49:50,1600775,3111483,TCP,109.4,0.019,1122.5,2250.4,12,0.0001,19.29,None
2024-01-01 01:49:55,5863195,9724241,HTTP,135.2,0.668,492.8,13741.1,10,0.0041,21.27,None
2024-01-01 01:50:00,3372244,7961084,UDP,152.7,0.254,1833.3,3148.2,8,0.0102,17.79,None
2024-01-01 01:50:05,9177160,5213436,TCP,193.4,0.217,4573.6,23595.1,10,0.0118,8.52,None
2024-01-01 01:50:10,4617151,8758788,HTTP,143.3,0.161,3335.4,3980.5,15,0.014,10.76,None
2024-01-01 01:50:15,6143581,9405924,DNS,189.3,1.799,32593.7,1817.1,15,0.0197,15.4,None
2024-01-01 01:50:20,4517697,2690534,TCP,153.3,0.42,8838.9,37565.6,11,0.0012,5.28,None
2024-01-01 01:50:25,4047860,9337673,DNS,55.3,0.896,1174.8,9714.0,9,0.0009,16.84,None
2024-01-01 01:50:30,5650928,6074044,HTTP,92.8,3.961,900.5,19287.1,11,0.0155,15.59,None
2024-01-01 01:50:35,2029591,3671935,TCP,138.1,1.104,44653.5,3458.3,12,0.0057,15.76,None
2024-01-01 01:50:40,6068177,5987729,TCP,81.1,4.947,8626.3,1221.9,11,0.0294,8.0,None
2024-01-01 01:50:45,3606752,5162808,UDP,200.3,1.378,5374.2,43269.5,17,0.0287,14.44,None
2024-01-01 01:50:50,2680307,9132339,HTTP,319.1,1.018,3212.7,8051.2,10,0.0015,4.75,None
2024-01-01 01:50:55,9504804,3105963,TCP,273.0,2.776,3918.7,13244.7,8,0.0118,4.55,None
2024-01-01 01:51:00,9602747,7320266,TCP,133.4,0.152,677.2,15624.5,12,0.0007,18.44,None
2024-01-01 01:51:05,7891009,2612738,UDP,312.7,0.187,3487.8,5794.2,9,0.0052,9.11,None
2024-01-01 01:51:10,7342562,2784001,HTTP,159.9,2.111,3201.0,10160.2,7,0.0184,13.07,None
2024-01-01 01:51:15,6788368,5734125,UDP,125.4,1.335,1207.0,39892.9,10,0.0062,7.03,None
2024-01-01 01:51:20,9315912,4349642,DNS,109.2,3.125,1739.7,7844.4,11,0.0003,5.66,None
2024-01-01 01:51:25,5665182,7286458,HTTP,127.6,4.96,13564.0,20787.4,7,0.0027,18.72,None
2024-01-01 01:51:30,5385094,9246939,UDP,122.2,0.983,2630.2,1106.3,13,0.0009,19.06,None
2024-01-01 01:51:35,4411613,2123781,DNS,161.6,1.815,23651.3,24928.3,2,0.0052,20.07,None
2024-01-01 01:51:40,7055687,6513550,TCP,160.8,1.389,522.9,1768.7,9,0.0119,20.51,None
2024-01-01 01:51:45,5122455,7732387,UDP,148.6,7.992,1768.5,22234.7,6,0.0108,9.87,None
2024-01-01 01:51:50,7647566,2206004,HTTP,184.7,3.557,634.4,11975.7,13,0.0127,19.42,None
2024-01-01 01:51:55,1764792,2410832,TCP,269.2,4.855,889.4,7361.9,8,0.0048,8.3,None
2024-01-01 01:52:00,3942734,2502576,TCP,238.6,0.587,1302.2,7335.0,8,0.0031,1.26,None
2024-01-01 01:52:05,5962210,5519588,HTTP,70.6,2.961,4086.0,6293.5,11,0.0006,16.54,None
2024-01-01 01:52:10,9830250,3339565,TCP,41.4,0.617,3892.6,3566.5,9,0.0284,4.78,None
2024-01-01 01:52:15,9480457,2001780,DNS,236.8,0.468,1511.3,6594.7,12,0.0013,10.84,None
2024-01-01 01:52:20,8788704,3180816,DNS,74.9,5.774,321.2,73722.2,12,0.002,3.93,None
2024-01-01 01:52:25,8011739,2213504,HTTP,132.6,0.039,13065.0,29801.3,13,0.0003,9.4,None
2024-01-01 01:52:30,2349850,8257979,UDP,82.7,6.727,2240.0,3391.4,14,0.0038,21.24,None
2024-01-01 01:52:35,5196381,6194662,HTTP,60.3,0.323,976.2,10590.2,5,0.0171,14.72,None
2024-01-01 01:52:40,1801293,3670803,UDP,194.6,3.423,3924.3,8919.4,12,0.004,3.56,None
2024-01-01 01:52:45,7872399,2954218,TCP,216.9,0.646,3657.2,7028.3,1,0.011,17.41,None
2024-01-01 01:52:50,4567413,9686870,HTTP,111.2,0.864,2158.8,2972.7,15,0.0337,20.35,None
2024-01-01 01:52:55,7908311,3237177,DNS,40.6,0.489,3458.3,12656.1,9,0.0223,3.99,None
2024-01-01 01:53:00,1498687,2188084,TCP,112.9,1.761,939.1,18884.0,8,0.002,17.86,None
2024-01-01 01:53:05,4798546,2020395,UDP,180.5,0.856,6373.6,3519.6,10,0.0045,13.18,None
2024-01-01 01:53:10,2850770,8749662,UDP,70.8,2.142,1100.1,57270.5,12,0.0139,14.5,None
2024-01-01 01:53:15,9263315,1333508,TCP,162.7,0.032,1626.9,37123.4,6,0.038,22.54,None
2024-01-01 01:53:20,1309047,6697388,TCP,147.3,0.133,5703.3,14019.0,6,0.0126,0.88,None
2024-01-01 01:53:25,9264237,8788342,DNS,198.3,0.21,9936.4,2364.4,8,0.0029,15.33,None
2024-01-01 01:53:30,2953530,7760494,DNS,157.6,1.086,14556.2,12105.4,3,0.0014,1.96,None
2024-01-01 01:53:35,1295052,4404855,HTTP,91.2,3.373,8568.1,10742.7,8,0.0068,18.95,None
2024-01-01 01:53:40,2300449,1143406,DNS,270.0,4.382,2155.8,13536.6,9,0.0021,21.51,None
2024-01-01 01:53:45,4944471,2338907,DNS,137.1,0.562,638.4,39753.9,7,0.0026,2.08,None
2024-01-01 01:53:50,1674409,7430120,TCP,146.4,1.708,12149.6,6795.6,7,0.0101,0.62,None
2024-01-01 01:53:55,6116370,1073783,UDP,93.1,2.925,11739.3,62807.3,8,0.0072,22.94,None
2024-01-01 01:54:00,9234134,9384065,HTTP,118.9,0.682,1522.4,12167.3,5,0.0013,22.24,None
2024-01-01 01:54:05,4536572,5932346,TCP,95.4,1.052,7489.0,6060.4,9,0.0017,22.17,None
2024-01-01 01:54:10,7932072,6936670,HTTP,136.1,1.485,2138.4,89266.1,8,0.0002,22.55,None
2024-01-01 01:54:15,1382940,4711435,UDP,349.3,0.29,13376.8,18580.9,13,0.0025,12.0,None
2024-01-01 01:54:20,2567763,1664407,UDP,74.7,0.053,1781.4,5142.4,8,0.0218,23.45,None
2024-01-01 01:54:25,4835417,4795151,TCP,66.2,0.332,21561.2,8815.1,12,0.0158,21.42,None
2024-01-01 01:54:30,8578365,4795152,DNS,309.7,1.972,6542.8,15294.3,9,0.0054,2.34,None
2024-01-01 01:54:35,4577168,9361453,UDP,133.7,0.153,17989.5,6968.4,6,0.0135,19.51,None
2024-01-01 01:54:40,9684868,6265314,HTTP,106.2,0.421,1874.7,9264.2,8,0.0052,17.1,None
2024-01-01 01:54:45,9407462,9912024,DNS,249.6,0.825,4469.5,3578.8,9,0.0157,3.22,None
2024-01-01 01:54:50,8917429,2531571,HTTP,109.6,0.162,1130.8,1502.4,12,0.002,17.71,None
2024-01-01 01:54:55,8501654,8825347,DNS,369.8,0.426,6932.6,9013.0,12,0.0017,11.64,None
2024-01-01 01:55:00,2522103,7213196,TCP,208.3,4.844,7324.9,9321.0,6,0.0008,20.49,None
2024-01-01 01:55:05,3322687,1956227,TCP,116.3,0.039,32762.0,13727.0,7,0.0028,19.65,None
2024-01-01 01:55:10,2338686,2277630,UDP,436.4,2.119,4827.3,4554.2,7,0.0016,22.62,None
2024-01-01 01:55:15,3729518,4992044,HTTP,109.6,0.97,6149.3,2120.6,7,0.016,1.81,None
2024-01-01 01:55:20,8748689,6445236,TCP,215.1,2.233,1861.6,3086.1,6,0.0027,17.05,None
2024-01-01 01:55:25,3943425,5653059,UDP,172.4,1.777,5122.4,23286.6,9,0.0073,9.05,None
2024-01-01 01:55:30,4423876,9118791,HTTP,284.5,0.506,2038.8,4160.5,10,0.0141,18.62,None
2024-01-01 01:55:35,6278847,4282606,DNS,324.0,3.757,3347.1,5207.8,12,0.0113,14.46,None
2024-01-01 01:55:40,3116028,7623291,DNS,150.8,1.354,3549.3,5928.9,4,0.0023,11.89,None
2024-01-01 01:55:45,8756924,8750255,HTTP,101.8,3.458,2095.8,4362.2,9,0.0008,0.1,None
2024-01-01 01:55:50,1529516,3960461,HTTP,186.8,1.042,3174.6,4051.3,14,0.0243,14.57,None
2024-01-01 01:55:55,6410201,2476291,TCP,105.8,8.358,2048.2,3391.0,5,0.0097,10.09,None
2024-01-01 01:56:00,2752441,7919443,TCP,406.1,2.944,2039.1,32881.2,6,0.0123,7.98,None
2024-01-01 01:56:05,4882034,2372509,HTTP,158.9,6.76,8748.7,15996.1,7,0.0049,23.73,None
2024-01-01 01:56:10,7229590,4786334,TCP,123.6,1.444,3552.5,28221.0,9,0.0028,16.81,None
2024-01-01 01:56:15,1442498,9682161,DNS,162.8,1.284,4217.8,34521.6,8,0.0076,12.96,None
2024-01-01 01:56:20,5847249,2032783,DNS,75.7,2.817,694.2,772.9,10,0.0008,20.85,None
2024-01-01 01:56:25,1690695,3359050,HTTP,91.3,4.245,4552.6,11423.8,10,0.0161,5.45,None
2024-01-01 01:56:30,2076395,8185749,HTTP,270.5,6.657,5066.6,4509.0,13,0.0106,14.88,None
2024-01-01 01:56:35,4802673,7611577,UDP,106.9,0.785,2001.5,24755.7,15,0.0143,20.66,None
2024-01-01 01:56:40,8077342,1047856,TCP,87.9,3.206,23981.3,3860.4,5,0.0084,2.97,None
2024-01-01 01:56:45,1584129,1929412,TCP,194.1,0.473,302.1,2823.8,7,0.0086,5.67,None
2024-01-01 01:56:50,1134192,8807533,TCP,268.5,1.577,6531.3,1931.3,11,0.0092,1.98,None
2024-01-01 01:56:55,5901266,9528249,HTTP,212.6,0.397,6080.3,5986.9,13,0.0153,23.82,None
2024-01-01 01:57:00,7481575,6290477,TCP,244.2,0.854,5123.4,20230.5,14,0.0026,13.94,None
2024-01-01 01:57:05,3627558,5888614,UDP,101.7,5.358,3555.4,10468.9,6,0.0114,11.75,None
2024-01-01 01:57:10,1033790,6332488,TCP,72.9,0.316,5170.3,2434.1,10,0.008,8.12,None
2024-01-01 01:57:15,4346663,1915386,HTTP,314.4,2.002,7102.3,69749.1,15,0.0068,10.79,None
2024-01-01 01:57:20,8175779,5019583,HTTP,126.3,1.798,1442.5,15514.6,12,0.0078,18.62,None
2024-01-01 01:57:25,2063268,5006951,DNS,130.9,0.257,4020.6,17630.9,14,0.0032,22.0,None
2024-01-01 01:57:30,6824462,5515134,DNS,288.3,0.789,2481.7,29290.8,10,0.0004,2.52,None
2024-01-01 01:57:35,6335962,7643091,HTTP,196.0,1.656,998.5,1571.5,9,0.0142,7.19,None
2024-01-01 01:57:40,3114948,1269110,DNS,186.4,0.414,6106.9,3257.0,15,0.0248,4.54,None
2024-01-01 01:57:45,3848726,8686654,TCP,438.1,3.225,1695.3,18453.5,14,0.0066,10.45,None
2024-01-01 01:57:50,7413374,9839418,HTTP,107.6,7.162,666.6,3602.1,13,0.0182,12.73,None
2024-01-01 01:57:55,6161350,2665867,TCP,236.0,0.484,1738.7,6154.8,19,0.0081,17.31,None
2024-01-01 01:58:00,8689681,8448474,HTTP,152.7,0.414,1340.9,7497.0,12,0.0266,21.02,None
2024-01-01 01:58:05,1208052,3407713,HTTP,169.7,1.214,8337.2,2258.8,8,0.0071,13.01,None
2024-01-01 01:58:10,7772278,5879769,TCP,318.7,2.755,3474.5,5648.7,9,0.0023,11.73,None
2024-01-01 01:58:15,4720658,9082280,UDP,191.3,0.661,11877.3,20221.5,9,0.0204,13.82,None
2024-01-01 01:58:20,8251967,1890597,UDP,194.3,0.04,1530.6,16805.4,12,0.0161,21.32,None
2024-01-01 01:58:25,9955646,5307230,HTTP,253.7,1.558,7145.0,24661.9,7,0.0051,15.57,None
2024-01-01 01:58:30,8536978,9981468,TCP,123.7,6.275,51002.1,22245.1,9,0.0184,18.9,None
2024-01-01 01:58:35,7578824,8917968,DNS,97.6,0.993,4255.8,12159.6,8,0.0001,17.27,None
2024-01-01 01:58:40,7138985,5660270,TCP,88.0,1.09,7056.1,11233.8,10,0.0161,22.16,None
2024-01-01 01:58:45,3039454,7124159,UDP,55.5,6.941,5964.1,10439.3,11,0.0116,19.61,None
2024-01-01 01:58:50,2039804,2559926,UDP,414.9,2.372,719.0,4328.4,10,0.0048,8.19,None
2024-01-01 01:58:55,6461085,4723153,TCP,85.5,2.54,5355.2,2893.0,10,0.0157,20.5,None
2024-01-01 01:59:00,4125878,8948849,HTTP,132.9,1.654,4049.9,4065.9,8,0.0014,11.22,None
2024-01-01 01:59:05,4591900,9373821,TCP,129.2,7.347,2299.1,5848.7,3,0.0023,20.33,None
2024-01-01 01:59:10,2480883,2516044,HTTP,173.1,2.335,1231.5,4205.6,9,0.0076,21.74,None
2024-01-01 01:59:15,9812386,9496424,TCP,223.2,4.508,5966.9,12256.7,12,0.0213,16.45,None
2024-01-01 01:59:20,2841593,9847853,DNS,228.2,2.404,1127.3,9915.9,8,0.0014,17.25,None
2024-01-01 01:59:25,5159074,3668949,TCP,110.9,2.657,25176.0,11040.5,8,0.0083,3.39,None
2024-01-01 01:59:30,4096115,6420690,TCP,136.5,0.686,3341.5,11515.0,13,0.014,7.77,None
2024-01-01 01:59:35,7962718,5544727,DNS,170.9,0.723,877.2,26786.8,8,0.0136,13.39,None
2024-01-01 01:59:40,3421692,7579445,HTTP,131.1,3.056,1782.9,8033.9,13,0.0099,0.08,None
2024-01-01 01:59:45,7837367,8244851,HTTP,331.5,0.704,2257.2,22211.6,12,0.0283,20.33,None
2024-01-01 01:59:50,6247736,9093063,TCP,189.7,1.655,33268.8,13583.2,10,0.0066,8.87,None
2024-01-01 01:59:55,1458284,6564876,DNS,214.3,0.574,1230.8,25075.2,7,0.0212,17.36,None
2024-01-01 02:00:00,8302558,9731052,DNS,206.7,3.396,2653.9,40726.3,8,0.0097,18.46,None
2024-01-01 02:00:05,9568575,1245903,HTTP,266.9,0.234,1740.9,14424.0,4,0.0134,13.15,None
2024-01-01 02:00:10,1494399,2337930,DNS,162.5,3.537,4911.1,8989.1,6,0.0063,18.97,None
2024-01-01 02:00:15,4642886,3515249,UDP,77.6,1.846,1768.9,8931.2,16,0.0018,16.38,None
2024-01-01 02:00:20,9238172,8138791,TCP,181.2,0.414,954.3,5063.6,9,0.0012,8.64,None
2024-01-01 02:00:25,6936701,3684451,TCP,107.2,1.562,2452.1,4896.3,10,0.0115,19.59,None
2024-01-01 02:00:30,3048101,1712716,UDP,113.9,0.664,2209.7,19972.6,16,0.0047,15.27,None
2024-01-01 02:00:35,4659539,7482160,HTTP,199.0,0.782,1648.7,3091.2,10,0.0084,3.84,None
2024-01-01 02:00:40,1074299,3704378,DNS,275.7,0.866,1739.2,40732.1,7,0.0137,18.55,None
2024-01-01 02:00:45,8110954,3131322,TCP,150.0,0.131,9746.8,6962.4,4,0.0154,16.23,None
2024-01-01 02:00:50,6502705,2576285,DNS,173.2,8.532,2165.2,141786.5,7,0.0071,6.83,None
2024-01-01 02:00:55,6214260,1135755,DNS,347.6,0.064,959.0,4051.7,17,0.0038,20.21,None
2024-01-01 02:01:00,2764960,5898608,HTTP,167.4,2.172,1877.9,10406.5,10,0.015,8.98,None
2024-01-01 02:01:05,3275298,8002382,UDP,545.0,0.928,3147.4,5699.6,11,0.0054,13.27,None
2024-01-01 02:01:10,3090349,3065981,HTTP,196.9,2.077,783.5,3666.2,11,0.0276,8.24,None
2024-01-01 02:01:15,9115522,7952102,DNS,61.5,0.881,15153.4,23477.6,7,0.0174,17.38,None
2024-01-01 02:01:20,4623382,5606080,HTTP,216.3,2.24,7098.1,2682.3,9,0.0137,13.95,None
2024-01-01 02:01:25,6273320,4633757,HTTP,179.6,2.613,12458.7,4121.3,6,0.0028,11.29,None
2024-01-01 02:01:30,6803242,3876905,TCP,282.8,2.346,4412.2,14564.2,8,0.0045,0.49,None
2024-01-01 02:01:35,3220705,2605484,DNS,207.8,0.242,367.3,17068.0,12,0.0189,14.57,None
2024-01-01 02:01:40,8964628,4602916,TCP,138.5,2.139,13840.2,2014.5,12,0.0002,14.94,None
2024-01-01 02:01:45,1788034,8557111,UDP,80.5,0.657,1256.9,14496.7,8,0.0152,4.35,None
2024-01-01 02:01:50,5257059,9021866,DNS,133.7,0.058,1363.5,9217.9,8,0.0052,7.98,None
2024-01-01 02:01:55,3777450,6971687,HTTP,97.0,1.072,3485.4,3236.6,10,0.0161,21.09,None
2024-01-01 02:02:00,5304766,5950276,TCP,111.0,1.137,11828.1,3681.7,11,0.008,13.18,None
2024-01-01 02:02:05,8456997,4921325,TCP,199.2,1.259,8546.6,1060.6,12,0.0075,10.44,None
2024-01-01 02:02:10,9717549,7149906,HTTP,342.0,2.44,7378.2,45136.4,9,0.0121,22.46,None
2024-01-01 02:02:15,4316332,3795246,UDP,180.8,0.739,2182.4,22368.8,12,0.0164,19.49,None
2024-01-01 02:02:20,9636206,2184475,TCP,81.6,0.757,2148.2,2232.5,7,0.0118,2.34,None
2024-01-01 02:02:25,3037634,9197753,UDP,185.4,0.125,4213.1,18014.1,11,0.006,20.61,None
2024-01-01 02:02:30,6261442,1018289,TCP,270.0,2.322,2617.4,4564.1,8,0.0039,3.59,None
2024-01-01 02:02:35,1480419,6792955,UDP,109.4,1.678,7254.1,20227.7,12,0.0187,4.2,None
2024-01-01 02:02:40,7881618,4743835,TCP,138.8,0.86,6837.1,4934.1,10,0.0074,1.81,None
2024-01-01 02:02:45,6982409,7706054,TCP,149.5,2.443,5384.8,5634.4,8,0.0153,11.55,None
2024-01-01 02:02:50,2224832,1167587,DNS,100.2,1.542,238.4,6073.3,15,0.0545,15.47,None
2024-01-01 02:02:55,8348551,2502136,UDP,205.2,1.267,3388.0,4199.2,8,0.0103,18.09,None
2024-01-01 02:03:00,3448036,4538378,UDP,139.7,1.432,2673.5,32835.7,9,0.0033,0.64,None
2024-01-01 02:03:05,3607922,5555566,UDP,183.1,2.023,3526.4,19901.0,13,0.0201,4.27,None
2024-01-01 02:03:10,9421884,7340026,TCP,95.2,2.158,1402.0,9044.8,12,0.0032,14.91,None
2024-01-01 02:03:15,2761767,1488663,UDP,119.3,0.682,792.5,22574.3,12,0.003,12.61,None
2024-01-01 02:03:20,3659185,1372213,TCP,213.0,0.303,4736.9,1592.3,10,0.0008,1.23,None
2024-01-01 02:03:25,4291555,6990880,DNS,123.2,0.341,2087.5,2372.1,7,0.0008,22.45,None
2024-01-01 02:03:30,1761887,9267020,HTTP,351.9,2.04,5295.9,13024.1,14,0.0198,18.2,None
2024-01-01 02:03:35,9766280,9561124,DNS,121.5,4.125,1524.0,16907.9,14,0.0026,8.61,None
2024-01-01 02:03:40,5660019,9609683,HTTP,166.1,1.054,12282.3,10715.1,5,0.0012,12.87,None
2024-01-01 02:03:45,5325002,2201433,UDP,236.6,0.372,8111.7,1233.1,5,0.0043,8.98,None
2024-01-01 02:03:50,1441379,2560156,TCP,73.0,2.826,4011.1,2800.8,14,0.0125,10.93,None
2024-01-01 02:03:55,7026036,7524983,HTTP,61.5,3.573,2408.4,12290.6,6,0.0041,14.31,None
2024-01-01 02:04:00,1925497,8585591,DNS,69.2,4.25,6991.2,91717.8,3,0.0037,9.56,None
2024-01-01 02:04:05,2397332,2056487,HTTP,279.0,1.867,4414.0,27389.4,9,0.0067,14.9,None
2024-01-01 02:04:10,1856253,4585650,DNS,112.6,3.943,3784.2,39234.2,9,0.0002,11.16,None
2024-01-01 02:04:15,9649652,9879760,HTTP,533.3,0.031,8458.0,11381.3,10,0.0068,15.77,None
2024-01-01 02:04:20,8608504,8966265,UDP,111.9,0.227,12413.5,11299.2,8,0.0461,6.29,None
2024-01-01 02:04:25,7076480,8652512,DNS,162.8,0.194,852.0,2882.8,7,0.0161,4.11,None
2024-01-01 02:04:30,7213593,6204023,UDP,320.9,2.494,1042.7,20990.4,11,0.0007,0.33,None
2024-01-01 02:04:35,4731431,1409186,TCP,404.7,0.144,1366.1,7531.3,8,0.0106,14.45,None
2024-01-01 02:04:40,8798891,4151078,DNS,416.0,1.372,663.5,16199.4,7,0.0062,23.54,None
2024-01-01 02:04:45,7968276,4505065,HTTP,271.6,1.28,2799.7,8355.6,3,0.0175,10.09,None
2024-01-01 02:04:50,7512900,3486174,UDP,247.7,0.744,5432.3,10712.0,6,0.001,5.1,None
2024-01-01 02:04:55,3959785,9688814,UDP,199.6,4.087,2917.8,7422.5,6,0.0026,0.31,None
2024-01-01 02:05:00,8472817,3208147,TCP,219.0,0.374,1747.4,10143.9,9,0.0157,12.31,None
2024-01-01 02:05:05,3238439,2510762,TCP,112.7,0.869,9195.4,22028.2,13,0.0189,23.82,None
2024-01-01 02:05:10,6234274,6471871,DNS,98.6,2.976,3430.8,2284.2,8,0.0075,23.61,None
2024-01-01 02:05:15,1784621,9330048,UDP,148.2,0.062,4200.6,1820.9,9,0.0002,2.43,None
2024-01-01 02:05:20,1539265,7025661,TCP,136.3,2.235,9454.4,12405.1,12,0.0224,19.59,None
2024-01-01 02:05:25,1962875,2037255,HTTP,118.3,3.39,2635.3,34220.3,14,0.0048,4.16,None
2024-01-01 02:05:30,3279205,7711610,HTTP,210.2,5.384,23393.5,44035.2,7,0.0004,19.42,None
2024-01-01 02:05:35,3326747,8869257,TCP,239.3,4.18,1904.9,2381.7,8,0.0171,20.49,None
2024-01-01 02:05:40,4980088,6725793,DNS,155.1,0.77,21981.3,5416.1,6,0.0054,0.19,None
2024-01-01 02:05:45,7368610,2935739,UDP,310.7,1.766,1124.7,1846.0,8,0.0021,5.69,None
2024-01-01 02:05:50,3743235,3243414,HTTP,83.9,0.161,5001.5,4672.2,12,0.0162,1.36,None
2024-01-01 02:05:55,4614075,6551330,TCP,134.7,0.596,1567.9,24905.6,13,0.0061,11.97,None
2024-01-01 02:06:00,6639917,3908558,HTTP,103.7,0.198,9132.2,7999.3,9,0.0094,0.64,None
2024-01-01 02:06:05,3021053,5926152,DNS,58.4,0.757,1847.8,5575.4,12,0.0173,15.03,None
2024-01-01 02:06:10,7517602,8135711,UDP,142.4,4.162,3987.3,13975.8,11,0.0074,13.4,None
2024-01-01 02:06:15,9652876,2770287,DNS,139.6,0.853,1555.4,3659.0,10,0.0012,9.11,None
2024-01-01 02:06:20,3022715,4541744,HTTP,316.3,1.651,7610.1,39854.0,8,0.0332,11.08,None
2024-01-01 02:06:25,1039442,9853266,TCP,203.4,1.136,1547.3,8162.3,8,0.0034,23.76,None
2024-01-01 02:06:30,3507314,3856503,HTTP,88.9,1.228,16049.2,5421.9,9,0.0516,4.02,None
2024-01-01 02:06:35,5636442,8217114,UDP,375.0,6.985,1101.0,14571.9,9,0.0001,17.54,None
2024-01-01 02:06:40,4438666,6987930,HTTP,273.3,0.702,776.2,20728.9,14,0.0066,15.49,None
2024-01-01 02:06:45,3911886,7329557,HTTP,198.6,1.974,7719.9,39973.6,9,0.0122,15.93,None
2024-01-01 02:06:50,6155331,5996085,DNS,132.5,1.09,1649.7,6568.4,6,0.0237,8.3,None
2024-01-01 02:06:55,9714493,5158209,UDP,91.9,0.126,2959.5,24005.9,9,0.0152,5.2,None
2024-01-01 02:07:00,2031144,3617204,TCP,123.2,1.344,2159.8,8966.1,13,0.003,15.62,None
2024-01-01 02:07:05,5142748,1342245,UDP,255.8,3.357,802.2,4396.7,11,0.0028,21.91,None
2024-01-01 02:07:10,9489219,3952098,UDP,380.8,0.208,2760.1,3726.4,11,0.0044,23.42,None
2024-01-01 02:07:15,6327748,8798358,UDP,321.1,0.144,10560.9,2705.4,9,0.0012,11.54,None
2024-01-01 02:07:20,4887387,7601675,UDP,116.2,0.334,8128.5,3859.6,8,0.0111,10.21,None
2024-01-01 02:07:25,8440132,9764986,HTTP,84.8,2.891,3758.6,24728.4,12,0.0283,8.37,None
2024-01-01 02:07:30,1521253,2888781,HTTP,159.2,2.575,9065.8,16427.5,1,0.0103,19.44,None
2024-01-01 02:07:35,3077527,1949037,DNS,61.3,1.665,1033.3,2342.1,14,0.0076,6.13,None
2024-01-01 02:07:40,7721562,6189022,TCP,174.4,1.263,2152.8,1413.2,8,0.007,12.31,None
2024-01-01 02:07:45,5220561,8513920,HTTP,137.9,4.384,4428.5,2664.3,5,0.009,8.28,None
2024-01-01 02:07:50,9700832,7882532,UDP,117.6,2.911,2616.5,3726.6,10,0.0124,21.02,None
2024-01-01 02:07:55,6816045,5476076,UDP,66.9,3.342,2329.0,5983.3,12,0.0158,6.78,None
2024-01-01 02:08:00,4776317,9692678,DNS,191.9,3.356,897.3,26182.9,12,0.012,16.48,None
2024-01-01 02:08:05,9048081,5044369,UDP,113.7,2.058,371.9,4685.8,9,0.0122,14.13,None
2024-01-01 02:08:10,7568956,7664532,DNS,82.7,1.225,6753.8,43499.3,7,0.0303,7.88,None
2024-01-01 02:08:15,7890257,5973293,TCP,35.3,4.0,3801.8,1509.9,10,0.023,6.11,None
2024-01-01 02:08:20,3303909,8587769,TCP,146.4,5.208,7346.6,5718.0,9,0.0174,19.29,None
2024-01-01 02:08:25,6517883,5103460,UDP,360.0,0.048,1925.2,17775.0,11,0.0004,12.25,None
2024-01-01 02:08:30,8743055,5538825,TCP,340.6,0.106,1461.5,18905.4,11,0.0111,14.68,None
2024-01-01 02:08:35,5963016,2683703,UDP,118.1,6.376,3000.5,5792.3,13,0.0061,23.09,None
2024-01-01 02:08:40,7626295,8008198,UDP,109.8,0.649,7003.7,22065.1,10,0.0096,9.55,None
2024-01-01 02:08:45,3550888,8518755,DNS,187.6,4.133,2365.0,18255.0,13,0.0116,19.54,None
2024-01-01 02:08:50,2832987,7518839,HTTP,90.1,0.985,6646.1,4096.5,10,0.0125,15.33,None
2024-01-01 02:08:55,1923802,3993066,TCP,172.6,0.254,1089.7,11102.5,13,0.0204,14.24,None
2024-01-01 02:09:00,8326730,5675577,HTTP,217.7,0.168,2536.5,16376.7,9,0.0241,1.31,None
2024-01-01 02:09:05,3357535,2504581,DNS,274.1,0.34,2779.1,4400.5,6,0.0093,21.9,None
2024-01-01 02:09:10,4230725,9023260,TCP,141.2,0.575,10161.8,44104.9,13,0.0225,5.49,None
2024-01-01 02:09:15,4827561,8837824,HTTP,134.0,1.341,3668.8,3514.4,7,0.0145,11.36,None
2024-01-01 02:09:20,4884034,4253806,HTTP,95.7,2.418,17087.1,9359.0,6,0.0023,18.05,None
2024-01-01 02:09:25,9185974,5361164,HTTP,98.2,8.595,774.6,2322.1,13,0.0004,12.54,None
2024-01-01 02:09:30,4194214,3964232,TCP,132.5,1.165,3394.5,8985.4,5,0.0001,0.1,None
2024-01-01 02:09:35,1901634,6252067,HTTP,178.3,1.46,3566.7,2787.6,13,0.0088,22.78,None
2024-01-01 02:09:40,3395609,6681672,UDP,234.3,1.476,5541.9,6038.3,5,0.0074,0.49,None
2024-01-01 02:09:45,2699930,5214662,DNS,99.3,1.551,1321.7,1658.1,8,0.0119,2.16,None
2024-01-01 02:09:50,9753199,2190480,DNS,313.0,1.459,16065.8,18030.4,8,0.0185,5.38,None
2024-01-01 02:09:55,8228192,5631236,DNS,129.6,0.018,3019.9,11571.3,14,0.0018,14.38,None
2024-01-01 02:10:00,3896336,2299111,DNS,146.8,0.003,1005.2,24038.5,5,0.0194,23.31,None
2024-01-01 02:10:05,9644968,1633498,HTTP,102.1,0.206,2933.6,5722.7,13,0.001,22.14,None
2024-01-01 02:10:10,2685239,8348005,TCP,44.2,0.214,2179.5,25181.1,7,0.0215,15.63,None
2024-01-01 02:10:15,9787108,9849223,TCP,230.9,2.441,48205.8,8427.7,5,0.019,17.8,None
2024-01-01 02:10:20,8305669,6623680,HTTP,214.5,0.459,8518.1,9074.0,20,0.0119,17.09,None
2024-01-01 02:10:25,6127011,3546786,HTTP,128.9,4.502,3132.7,67107.6,7,0.0036,16.49,None
2024-01-01 02:10:30,8929186,2066624,HTTP,153.5,5.279,2665.3,4990.7,7,0.001,19.5,None
2024-01-01 02:10:35,2939297,7792312,HTTP,192.1,7.451,7716.0,27652.2,15,0.0151,8.16,None
2024-01-01 02:10:40,9209463,2240980,HTTP,67.9,5.596,8093.9,13091.1,11,0.0025,5.31,None
2024-01-01 02:10:45,5503368,3033330,DNS,113.9,0.635,162.1,4573.8,13,0.0058,8.34,None
2024-01-01 02:10:50,1083829,8183985,DNS,220.8,1.426,5670.3,2174.0,12,0.0076,1.17,None
2024-01-01 02:10:55,7938229,4683437,UDP,79.3,0.386,3065.5,2883.9,11,0.0116,23.21,None
2024-01-01 02:11:00,2830068,5595034,HTTP,171.9,3.282,803.4,25101.3,7,0.0067,17.75,None
2024-01-01 02:11:05,7708617,1329637,HTTP,75.3,4.386,7188.3,45908.2,14,0.0119,5.12,None
2024-01-01 02:11:10,2108724,2788287,DNS,187.4,3.811,28174.9,8879.0,14,0.0168,6.14,None
2024-01-01 02:11:15,4971740,9001279,HTTP,145.8,1.136,5202.0,9357.0,7,0.0125,23.82,None
2024-01-01 02:11:20,5334838,9830855,TCP,66.2,2.843,8959.1,17614.1,6,0.0036,18.43,None
2024-01-01 02:11:25,6173935,4988999,HTTP,265.7,0.205,18108.2,8719.4,16,0.0225,10.22,None
2024-01-01 02:11:30,1119629,7039335,UDP,102.8,0.082,1299.5,24335.7,6,0.008,4.96,None
2024-01-01 02:11:35,5570895,9073255,UDP,99.0,2.799,465.2,10846.8,11,0.0063,0.97,None
2024-01-01 02:11:40,3634698,6084714,HTTP,164.1,1.108,5749.5,9279.3,13,0.0086,16.06,None
2024-01-01 02:11:45,6932603,4513706,UDP,263.6,10.829,2327.1,4027.0,6,0.0066,18.72,None
2024-01-01 02:11:50,3547997,1844802,HTTP,89.3,0.205,754.3,3148.7,10,0.0141,2.59,None
2024-01-01 02:11:55,2347247,5265042,TCP,153.1,3.871,2756.8,344.1,5,0.0055,0.06,None
2024-01-01 02:12:00,6717708,6645458,UDP,183.9,1.308,6170.6,27836.9,9,0.015,8.58,None
2024-01-01 02:12:05,3677326,8789332,UDP,209.9,3.511,2568.4,6998.1,10,0.0143,16.02,None
2024-01-01 02:12:10,2956927,5539844,DNS,162.1,3.398,1357.2,5429.5,8,0.0032,22.17,None
2024-01-01 02:12:15,1171377,7878059,HTTP,123.5,4.954,2383.9,1150.9,8,0.001,21.11,None
2024-01-01 02:12:20,4579212,4993310,HTTP,98.1,0.707,2923.5,4272.2,12,0.019,16.52,None
2024-01-01 02:12:25,2066835,6002520,UDP,154.9,5.983,432.9,3745.5,9,0.0019,19.54,None
2024-01-01 02:12:30,5105714,1448220,TCP,86.8,0.329,2584.3,3660.0,8,0.0003,8.54,None
2024-01-01 02:12:35,9291054,9589072,UDP,34.4,0.171,777.2,11303.1,11,0.0051,5.88,None
2024-01-01 02:12:40,3886471,1054676,HTTP,184.6,1.13,5761.9,9156.8,5,0.0029,2.98,None
2024-01-01 02:12:45,9907694,5919745,HTTP,233.2,3.524,625.8,2077.1,8,0.0025,4.36,None
2024-01-01 02:12:50,7948798,8955339,TCP,45.5,1.283,8206.6,2213.1,12,0.0019,23.11,None
2024-01-01 02:12:55,2675008,7001922,HTTP,89.6,3.536,1980.0,2209.1,12,0.0138,22.32,None
2024-01-01 02:13:00,9534617,3803002,HTTP,202.3,2.616,1732.0,49539.5,8,0.0153,1.13,None
2024-01-01 02:13:05,4689222,2829822,HTTP,415.2,0.47,4001.6,36052.2,6,0.0005,11.28,None
2024-01-01 02:13:10,7979030,4546467,UDP,150.0,5.947,1253.8,3455.4,4,0.0079,8.96,None
2024-01-01 02:13:15,5742296,2376575,TCP,103.1,0.125,3939.3,1122.6,21,0.0015,15.64,None
2024-01-01 02:13:20,6520974,6441628,TCP,135.4,4.571,1433.5,9210.0,11,0.0069,7.88,None
2024-01-01 02:13:25,2062666,8862003,TCP,295.1,0.726,1708.3,8492.5,12,0.0043,6.73,None
2024-01-01 02:13:30,5388979,6563253,HTTP,107.4,1.387,4470.9,11124.6,8,0.0023,19.42,None
2024-01-01 02:13:35,6652599,6910362,UDP,99.5,1.098,954.7,17006.9,5,0.0296,22.73,None
2024-01-01 02:13:40,6562200,6814068,UDP,116.6,0.377,841.9,12729.8,11,0.0314,4.87,None
2024-01-01 02:13:45,8838120,3393849,HTTP,92.1,0.887,3820.8,2653.3,13,0.0083,5.65,None
2024-01-01 02:13:50,6615000,8060302,UDP,157.8,0.429,2901.8,10873.0,19,0.0021,10.06,None
2024-01-01 02:13:55,9735886,5111371,HTTP,334.4,0.456,3528.7,19031.0,10,0.0088,16.95,None
2024-01-01 02:14:00,5731597,9168302,TCP,174.4,0.414,4136.6,3928.4,7,0.0264,4.01,None
2024-01-01 02:14:05,2243736,1373486,DNS,130.8,1.343,3157.0,10937.5,11,0.0047,11.23,None
2024-01-01 02:14:10,9576900,2188879,HTTP,128.3,3.198,5475.8,4662.1,8,0.0015,20.18,None
2024-01-01 02:14:15,3749566,5721252,DNS,67.9,1.683,3286.0,59645.2,17,0.0118,5.62,None
2024-01-01 02:14:20,7194100,3531300,TCP,230.8,4.474,400.5,2149.9,13,0.0107,1.14,None
2024-01-01 02:14:25,4330287,5951354,TCP,142.7,2.024,519.1,25743.8,11,0.0,21.76,None
2024-01-01 02:14:30,7779552,6887945,HTTP,135.6,2.338,20495.3,1524.1,12,0.0192,18.9,None
2024-01-01 02:14:35,8289492,7271505,DNS,732.6,2.203,2981.2,48681.4,14,0.0108,16.77,None
2024-01-01 02:14:40,1822794,5238022,UDP,172.3,1.194,7709.8,2587.5,15,0.0022,2.1,None
2024-01-01 02:14:45,6454496,2404580,DNS,101.9,2.338,2109.7,9795.4,4,0.0,21.58,None
2024-01-01 02:14:50,7220364,6805096,HTTP,119.9,0.145,2812.9,1588.9,10,0.0359,7.33,None
2024-01-01 02:14:55,5904157,9888957,DNS,263.5,3.93,1894.4,2100.7,12,0.0141,5.08,None
2024-01-01 02:15:00,6070184,1893469,UDP,157.1,3.008,35099.0,19885.5,12,0.0045,11.7,None
2024-01-01 02:15:05,1160521,4360792,HTTP,72.3,0.563,3840.1,22655.6,5,0.0057,22.15,None
2024-01-01 02:15:10,6262597,7883594,HTTP,235.0,2.922,1746.1,10294.4,10,0.0077,23.87,None
2024-01-01 02:15:15,7634848,8400905,DNS,106.3,0.025,571.6,17001.9,9,0.0127,14.74,None
2024-01-01 02:15:20,2620223,4650883,DNS,378.7,0.49,21455.4,23037.5,11,0.0019,22.93,None
2024-01-01 02:15:25,1965012,5961797,HTTP,254.7,0.135,2531.9,4088.0,7,0.0022,10.88,None
2024-01-01 02:15:30,3259583,3773627,DNS,118.7,3.03,6274.4,2000.3,9,0.0005,0.71,None
2024-01-01 02:15:35,8046342,2820783,DNS,281.6,2.82,7016.3,7992.8,11,0.0425,6.62,None
2024-01-01 02:15:40,1107526,9373641,DNS,153.5,3.36,1876.5,4549.6,10,0.0208,7.24,None
2024-01-01 02:15:45,8050184,2072155,HTTP,227.3,0.009,5839.8,11951.6,8,0.0081,18.78,None
2024-01-01 02:15:50,3664581,2424254,HTTP,189.1,1.391,1629.2,14017.0,9,0.0056,2.98,None
2024-01-01 02:15:55,2143043,6979054,UDP,97.2,2.44,1107.2,4098.4,10,0.0027,4.2,None
2024-01-01 02:16:00,7976158,7070047,HTTP,107.6,0.338,9551.6,16384.8,11,0.009,14.74,None
2024-01-01 02:16:05,1522457,4775351,UDP,248.4,2.098,2544.8,15586.2,8,0.0117,3.13,None
2024-01-01 02:16:10,8801032,7858293,HTTP,125.5,0.176,5006.6,16702.6,14,0.0117,11.89,None
2024-01-01 02:16:15,4026661,5279760,HTTP,121.3,0.4,4495.9,5389.5,8,0.0001,0.84,None
2024-01-01 02:16:20,4589725,8895926,HTTP,92.1,1.292,5641.7,17675.3,11,0.0121,16.05,None
2024-01-01 02:16:25,2068116,7014303,TCP,183.4,2.12,628.6,13629.6,12,0.0201,21.8,None
2024-01-01 02:16:30,8678970,7856042,HTTP,416.2,0.315,1660.2,15370.2,9,0.0012,21.0,None
2024-01-01 02:16:35,1758215,3188474,UDP,87.0,0.41,2155.0,43381.5,12,0.0141,1.77,None
2024-01-01 02:16:40,1381499,6815156,TCP,30.8,0.457,260404.6,11246.1,494,0.0173,14.18,DDoS
2024-01-01 02:16:45,1997100,8218138,HTTP,29.8,0.545,37530.7,4416.2,502,0.0032,2.49,DDoS
2024-01-01 02:16:50,1062285,1927720,TCP,71.5,0.514,231836.0,2669.2,493,0.0125,1.28,DDoS
2024-01-01 02:16:55,6763784,7896261,TCP,41.6,1.006,102649.1,25032.6,514,0.001,14.65,DDoS
2024-01-01 02:17:00,1039451,8921033,DNS,87.3,2.121,2123.4,11583.2,12,0.0105,13.74,None
2024-01-01 02:17:05,3830159,6925841,DNS,76.2,1.153,12267.0,43045.9,528,0.0071,2.25,DDoS
2024-01-01 02:17:10,5984095,9792489,DNS,52.0,2.992,138479.5,1064.7,496,0.019,8.64,DDoS
2024-01-01 02:17:15,8052654,9160318,HTTP,78.8,2.541,221570.4,20144.1,521,0.006,7.6,DDoS
2024-01-01 02:17:20,7228659,9337231,HTTP,268.7,0.271,1238.8,6240.8,6,0.0056,8.22,None
2024-01-01 02:17:25,1765045,2309735,UDP,541.7,0.1,18408.7,5690.1,4,0.0271,8.0,None
2024-01-01 02:17:30,4857168,1188554,DNS,198.3,4.207,7529.0,3771.4,7,0.0272,19.79,None
2024-01-01 02:17:35,6767177,3879531,TCP,174.7,0.166,7728.3,19921.8,11,0.0004,8.49,None
2024-01-01 02:17:40,5198570,1009426,DNS,163.6,0.321,9931.4,14966.0,13,0.0066,7.93,None
2024-01-01 02:17:45,5734940,7652133,TCP,124.4,0.045,5085.4,2585.4,8,0.0018,0.71,None
2024-01-01 02:17:50,2857913,6279383,TCP,175.8,1.98,1067.1,9556.0,13,0.0032,18.97,None
2024-01-01 02:17:55,5428440,4303262,TCP,128.0,1.746,2594.2,16417.7,8,0.011,15.84,None
2024-01-01 02:18:00,9216548,3605358,TCP,161.5,8.671,571.9,9681.9,8,0.0014,8.19,None
2024-01-01 02:18:05,8692074,4193502,UDP,286.8,4.36,4514.6,24534.6,10,0.0001,10.84,None
2024-01-01 02:18:10,9478037,4365450,TCP,89.7,1.058,2516.9,6063.0,9,0.013,19.06,None
2024-01-01 02:18:15,5857415,3171173,DNS,262.4,0.929,2862.6,850.3,14,0.0103,8.26,None
2024-01-01 02:18:20,3534022,4756355,TCP,286.7,0.704,9936.8,9766.5,16,0.0233,11.36,None
2024-01-01 02:18:25,3711872,4904191,HTTP,139.9,0.331,1887.5,9707.2,6,0.0078,0.47,None
2024-01-01 02:18:30,7413035,3080272,DNS,51.4,0.297,2316.6,11061.1,10,0.0291,22.04,None
2024-01-01 02:18:35,9140091,6445137,TCP,109.5,0.284,3047.2,24513.5,13,0.0094,8.91,None
2024-01-01 02:18:40,2095810,2806268,TCP,283.9,0.242,473.4,1150.0,8,0.0049,7.11,None
2024-01-01 02:18:45,4530977,1341886,HTTP,146.7,0.55,2284.6,6383.8,12,0.0094,14.62,None
2024-01-01 02:18:50,1582261,7418648,UDP,90.0,0.732,248.2,3220.7,4,0.0138,12.64,None
2024-01-01 02:18:55,6523451,2583922,DNS,115.3,6.518,1659.8,2421.1,6,0.0043,9.62,None
2024-01-01 02:19:00,2706884,1387270,DNS,225.9,1.728,7010.7,7537.9,5,0.0047,22.14,None
2024-01-01 02:19:05,4808887,7075932,TCP,195.1,8.779,4662.3,16347.4,10,0.0099,8.71,None
2024-01-01 02:19:10,7761495,6500198,UDP,131.7,0.932,1644.5,10948.4,12,0.0061,23.96,None
2024-01-01 02:19:15,8870524,3213507,TCP,123.5,1.224,3105.1,4074.4,14,0.0075,18.94,None
2024-01-01 02:19:20,6677473,4853639,HTTP,122.0,0.785,1017.4,7006.0,11,0.0402,21.68,None
2024-01-01 02:19:25,5781696,2901048,HTTP,93.6,0.404,2974.0,20535.2,13,0.0004,6.79,None
2024-01-01 02:19:30,5892504,7374582,DNS,332.8,0.309,55844.2,16044.6,7,0.0104,1.69,None
2024-01-01 02:19:35,4294176,4946647,HTTP,126.3,5.804,18878.9,4662.1,12,0.0256,10.06,None
2024-01-01 02:19:40,5489071,2255360,DNS,272.8,8.657,3142.0,4369.9,12,0.0027,7.52,None
2024-01-01 02:19:45,5935677,6439262,TCP,317.6,0.092,3498.7,1456.1,13,0.0024,1.46,None
2024-01-01 02:19:50,4039476,6716887,HTTP,244.5,0.326,1119.3,5274.2,7,0.0045,1.72,None
2024-01-01 02:19:55,7428956,5870972,TCP,119.6,1.102,1337.0,1428.3,11,0.0008,4.18,None
2024-01-01 02:20:00,2208020,9839193,UDP,181.6,0.412,4282.0,64027.6,14,0.0082,9.07,None
2024-01-01 02:20:05,3869902,5027979,TCP,146.6,0.905,1763.6,3445.7,15,0.0104,22.45,None
2024-01-01 02:20:10,9265778,2469310,HTTP,94.5,0.276,7362.5,24562.6,3,0.0171,15.79,None
2024-01-01 02:20:15,2289457,2012147,TCP,174.5,1.219,14323.9,49916.5,11,0.0007,9.56,None
2024-01-01 02:20:20,2488518,5851244,UDP,82.3,0.634,4157.3,10058.8,9,0.0057,19.19,None
2024-01-01 02:20:25,1392925,4754789,UDP,268.8,0.867,3300.2,7331.9,7,0.0153,13.64,None
2024-01-01 02:20:30,4715500,6289367,DNS,117.6,0.198,555.1,2159.5,9,0.0146,10.02,None
2024-01-01 02:20:35,1127868,8031444,HTTP,164.1,1.118,6295.6,4892.2,10,0.0008,3.46,None
2024-01-01 02:20:40,1561711,2950406,TCP,171.0,8.18,949.9,40294.3,5,0.0001,22.25,None
2024-01-01 02:20:45,3720038,7848684,DNS,130.4,0.797,1962.5,11513.2,7,0.0153,14.97,None
2024-01-01 02:20:50,1619007,3946437,TCP,199.0,4.182,7782.1,8336.1,7,0.0015,10.54,None
2024-01-01 02:20:55,6699722,1489645,DNS,117.0,3.706,8347.8,30095.3,10,0.0086,10.52,None
2024-01-01 02:21:00,3141878,8502112,HTTP,229.4,6.076,1869.6,16257.2,15,0.001,18.36,None
2024-01-01 02:21:05,1420130,2051028,DNS,75.7,3.122,1980.5,6989.2,8,0.0035,4.31,None
2024-01-01 02:21:10,6196016,6429183,UDP,158.1,2.155,1481.3,10059.3,14,0.0017,10.02,None
2024-01-01 02:21:15,3117614,9489876,UDP,391.3,3.884,899.8,3759.1,10,0.0133,1.51,None
2024-01-01 02:21:20,9765566,4446065,HTTP,90.0,0.157,1580.0,4623.7,15,0.0112,1.92,None
2024-01-01 02:21:25,7519890,8888520,HTTP,105.8,1.243,594.0,6592.6,1,0.0015,12.63,None
2024-01-01 02:21:30,9249938,1186999,DNS,191.9,9.067,5902.1,14150.0,16,0.0006,9.14,None
2024-01-01 02:21:35,1937093,9428659,HTTP,162.4,2.936,4422.8,2327.7,9,0.0063,17.27,None
2024-01-01 02:21:40,1008808,9791089,DNS,176.9,6.544,5221.4,8745.0,8,0.0022,23.68,None
2024-01-01 02:21:45,3632796,7959131,DNS,189.5,3.025,1147.8,5487.0,13,0.0001,20.63,None
2024-01-01 02:21:50,2015422,3466543,TCP,203.8,4.157,902.3,3291.4,12,0.0031,10.61,None
2024-01-01 02:21:55,6958628,4728980,DNS,258.5,2.452,3144.8,5516.6,10,0.0024,9.07,None
2024-01-01 02:22:00,3717608,2172553,TCP,182.2,2.858,3178.3,795.2,14,0.0116,14.04,None
2024-01-01 02:22:05,2969700,3338374,UDP,131.5,1.481,2572.7,3798.7,9,0.0197,2.2,None
2024-01-01 02:22:10,4318706,1969270,UDP,207.7,5.16,2231.7,2698.7,15,0.0027,23.7,None
2024-01-01 02:22:15,2548181,9536700,UDP,383.7,3.486,16494.4,6124.7,12,0.0025,23.54,None
2024-01-01 02:22:20,7404742,5378469,DNS,138.9,3.714,4564.3,829.0,7,0.0049,22.15,None
2024-01-01 02:22:25,3262684,1757016,TCP,91.2,2.236,21390.0,9807.4,6,0.0019,15.89,None
2024-01-01 02:22:30,1766375,6390938,UDP,258.1,0.726,10603.8,20119.1,10,0.0293,12.07,None
2024-01-01 02:22:35,9901365,7937602,UDP,139.7,0.073,16371.1,7206.2,10,0.0028,16.96,None
2024-01-01 02:22:40,6374772,7737604,TCP,50.1,5.487,1017.9,13343.6,8,0.001,7.55,None
2024-01-01 02:22:45,5298697,1488575,DNS,226.7,1.764,5394.7,4852.6,11,0.0081,20.45,None
2024-01-01 02:22:50,5376003,3327384,TCP,113.6,0.708,1935.7,1711.9,8,0.0077,3.23,None
2024-01-01 02:22:55,9416746,3339150,HTTP,141.8,0.323,564.9,8116.8,10,0.01,19.28,None
2024-01-01 02:23:00,7928531,6017317,UDP,175.2,3.538,13306.4,16000.6,16,0.034,20.82,None
2024-01-01 02:23:05,9689645,7856855,UDP,163.2,3.622,2222.3,2155.1,8,0.0039,4.08,None
2024-01-01 02:23:10,6282981,6326622,TCP,211.6,3.369,1037.8,5088.7,9,0.0045,11.49,None
2024-01-01 02:23:15,6541110,2133673,TCP,119.4,2.072,1969.3,6328.9,14,0.0041,21.4,None
2024-01-01 02:23:20,4675525,5217259,DNS,191.8,0.911,1344.5,140281.7,7,0.0099,23.02,None
2024-01-01 02:23:25,2776763,7222612,HTTP,130.4,0.725,1489.7,10131.2,12,0.0093,19.47,None
2024-01-01 02:23:30,8259961,4638444,HTTP,214.7,0.017,2388.4,1205.2,10,0.0075,22.58,None
2024-01-01 02:23:35,9546487,3264660,TCP,201.9,3.587,16828.3,941.2,10,0.0045,22.49,None
2024-01-01 02:23:40,6964425,6954170,UDP,93.0,0.183,1531.0,16822.9,12,0.0056,23.51,None
2024-01-01 02:23:45,5713314,4603555,DNS,255.4,1.993,15666.4,97249.2,11,0.0157,9.92,None
2024-01-01 02:23:50,3067866,6626846,DNS,113.5,1.403,6966.3,6118.2,8,0.0094,6.89,None
2024-01-01 02:23:55,6571544,7618479,HTTP,222.3,1.496,4430.5,5762.8,13,0.0126,15.19,None
2024-01-01 02:24:00,9051661,6736541,TCP,178.3,5.227,6298.8,12466.2,11,0.0032,4.53,None
2024-01-01 02:24:05,2406244,4371663,DNS,372.1,0.064,3021.9,3647.2,11,0.0242,13.37,None
2024-01-01 02:24:10,3743750,1308362,HTTP,132.7,2.969,10786.5,636.4,8,0.0004,13.9,None
2024-01-01 02:24:15,8709230,4274102,DNS,124.6,0.107,5255.2,22862.8,10,0.0091,19.35,None
2024-01-01 02:24:20,7853283,2016120,UDP,147.0,0.078,564.2,4388.8,9,0.0167,8.68,None
2024-01-01 02:24:25,7410156,1835828,DNS,127.5,1.124,4008.8,23158.5,8,0.0201,14.44,None
2024-01-01 02:24:30,3337200,1941294,UDP,221.4,0.13,6528.8,3785.8,9,0.0039,21.68,None
2024-01-01 02:24:35,7511349,7786084,UDP,66.1,3.113,2232.8,9152.5,12,0.0062,10.12,None
2024-01-01 02:24:40,3786003,4878189,HTTP,87.6,1.508,3382.1,19050.2,8,0.0004,13.72,None
2024-01-01 02:24:45,3639130,4441195,TCP,87.0,0.059,1615.1,23631.9,15,0.0156,18.9,None
2024-01-01 02:24:50,2595557,3382075,DNS,238.7,0.083,751.7,10229.1,11,0.0013,5.99,None
2024-01-01 02:24:55,4221563,3464470,UDP,349.1,1.897,632.5,9732.6,8,0.0056,2.48,None
2024-01-01 02:25:00,8918662,1957988,DNS,140.9,3.281,640.9,15058.6,12,0.0469,16.36,None
2024-01-01 02:25:05,9237736,4177578,TCP,136.4,1.152,5819.9,12889.5,13,0.025,8.89,None
2024-01-01 02:25:10,6403215,5301330,TCP,153.7,1.617,247.1,2227.9,13,0.004,9.16,None
2024-01-01 02:25:15,9211264,4331761,DNS,265.3,3.217,1530.8,2270.9,8,0.0025,22.32,None
2024-01-01 02:25:20,1189342,7203091,HTTP,93.3,1.886,1386.2,983.3,7,0.0029,9.79,None
2024-01-01 02:25:25,1737754,6690990,HTTP,167.2,0.509,2248.1,17439.8,4,0.0115,22.89,None
2024-01-01 02:25:30,3777699,6593585,HTTP,241.7,1.899,465.7,5454.9,5,0.0129,2.55,None
2024-01-01 02:25:35,4548828,2550367,TCP,190.7,1.979,4464.4,18401.7,7,0.0024,8.23,None
2024-01-01 02:25:40,4158423,8628742,TCP,163.2,2.649,834.5,12133.3,12,0.0027,16.63,None
2024-01-01 02:25:45,2581597,8990152,UDP,244.8,1.94,9250.2,2973.7,9,0.0039,3.02,None
2024-01-01 02:25:50,4636769,7246699,HTTP,38.4,6.963,1600.8,7185.2,12,0.0057,9.29,None
2024-01-01 02:25:55,1406199,2838896,DNS,208.3,0.44,2709.1,5141.9,11,0.0249,20.44,None
2024-01-01 02:26:00,5965686,8006873,TCP,107.0,6.036,2992.2,4406.2,10,0.0003,18.28,None
2024-01-01 02:26:05,9036705,2413850,HTTP,59.4,1.546,3805.6,20237.4,12,0.0102,6.77,None
2024-01-01 02:26:10,8794536,7576471,DNS,191.6,2.229,3093.4,99782.0,11,0.0198,8.55,None
2024-01-01 02:26:15,3332138,8603234,DNS,295.0,0.21,1944.8,24740.7,4,0.0129,12.12,None
2024-01-01 02:26:20,9599970,5971818,UDP,138.6,0.958,4200.9,7887.6,13,0.0024,17.55,None
2024-01-01 02:26:25,9981112,7552178,DNS,239.0,2.934,4751.2,28552.7,9,0.0065,3.65,None
2024-01-01 02:26:30,1350392,4181803,UDP,332.3,2.455,1387.0,44931.9,11,0.0241,12.66,None
2024-01-01 02:26:35,3119165,2036213,HTTP,286.4,0.082,4565.9,2013.5,5,0.0012,1.76,None
2024-01-01 02:26:40,5639732,8810383,DNS,337.0,1.582,9815.5,27580.2,10,0.0438,9.55,None
2024-01-01 02:26:45,9798180,1300178,UDP,215.1,0.185,6038.4,17495.2,10,0.0016,4.58,None
2024-01-01 02:26:50,1246823,2887824,UDP,154.1,10.972,7573.2,26585.4,7,0.0015,7.42,None
2024-01-01 02:26:55,6360321,8224386,DNS,66.6,4.552,3540.1,18275.0,11,0.0168,7.96,None
2024-01-01 02:27:00,6866534,6537583,DNS,131.2,0.043,1168.9,6452.8,10,0.0176,18.48,None
2024-01-01 02:27:05,5250375,2859665,DNS,97.4,3.913,1326.6,61874.9,9,0.0004,6.36,None
2024-01-01 02:27:10,4153207,3470135,TCP,439.4,5.037,4104.7,11379.8,11,0.0018,15.93,None
2024-01-01 02:27:15,8168127,2107049,HTTP,135.9,0.873,7652.3,5248.4,9,0.0297,12.8,None
2024-01-01 02:27:20,2966666,5084597,UDP,157.8,2.542,48335.0,13439.8,12,0.0033,19.3,None
2024-01-01 02:27:25,4452615,8317402,HTTP,195.5,1.167,7957.1,21426.8,17,0.0001,7.72,None
2024-01-01 02:27:30,7475708,3217539,UDP,151.7,2.13,924.8,8908.5,7,0.0029,23.87,None
2024-01-01 02:27:35,4189017,5564780,TCP,346.4,0.832,1384.0,12005.7,12,0.0133,7.1,None
2024-01-01 02:27:40,9493906,3250369,HTTP,108.7,0.779,29100.7,8851.7,4,0.0248,13.91,None
2024-01-01 02:27:45,3572490,3466174,TCP,163.6,1.105,2405.7,4187.8,10,0.0017,15.17,None
2024-01-01 02:27:50,9192961,6407988,TCP,102.4,0.315,3126.0,3562.3,13,0.0025,12.92,None
2024-01-01 02:27:55,4066352,1922219,HTTP,76.7,3.557,1140.9,1992.6,12,0.0058,20.61,None
2024-01-01 02:28:00,8324549,9714832,DNS,109.3,0.858,14258.4,36975.8,11,0.0138,2.71,None
2024-01-01 02:28:05,4076452,8530586,DNS,145.7,1.022,4916.4,6480.7,6,0.0107,14.33,None
2024-01-01 02:28:10,8851427,1277393,UDP,119.7,4.49,1373.9,263.1,13,0.004,12.15,None
2024-01-01 02:28:15,3289019,9587844,UDP,105.0,1.373,1103.4,12046.5,10,0.0007,10.01,None
2024-01-01 02:28:20,4537770,7102053,HTTP,73.5,1.572,4053.0,11799.7,7,0.0029,8.31,None
2024-01-01 02:28:25,5207647,2897960,UDP,142.4,6.27,3115.7,1253.2,7,0.0025,3.67,None
2024-01-01 02:28:30,9007916,2473554,UDP,69.9,4.356,6850.7,3524.9,9,0.0002,15.6,None
2024-01-01 02:28:35,5525616,1277358,TCP,217.0,0.371,5151.1,3373.5,5,0.0369,2.83,None
2024-01-01 02:28:40,2761161,5682866,DNS,154.7,1.282,2288.2,3857.3,10,0.0029,19.9,None
2024-01-01 02:28:45,7801977,6959093,DNS,71.6,7.101,1730.6,27249.1,13,0.0181,10.75,None
2024-01-01 02:28:50,6161189,2615524,TCP,127.2,0.932,2540.4,6982.2,10,0.0066,14.53,None
2024-01-01 02:28:55,7919110,7407292,DNS,101.9,0.929,1718.7,5285.7,12,0.0359,1.87,None
2024-01-01 02:29:00,7805436,8726646,HTTP,174.1,0.434,2617.1,24894.2,12,0.0016,2.24,None
2024-01-01 02:29:05,3746045,9794223,UDP,290.1,0.243,3030.4,13297.7,15,0.0012,5.66,None
2024-01-01 02:29:10,4290857,6882331,TCP,58.1,2.696,1214.5,1420.9,15,0.0,18.71,None
2024-01-01 02:29:15,6837638,6212290,DNS,157.2,2.94,5600.9,4373.8,8,0.0127,11.66,None
2024-01-01 02:29:20,6722602,3135115,UDP,137.0,6.948,2058.2,11180.9,7,0.0037,7.46,None
2024-01-01 02:29:25,1331684,8083629,TCP,207.6,2.969,1284.5,3184.7,7,0.0204,20.39,None
2024-01-01 02:29:30,3879976,6917308,TCP,165.1,0.558,2097.3,61670.1,10,0.01,4.61,None
2024-01-01 02:29:35,4736848,1585650,TCP,101.9,0.082,3798.1,9071.4,9,0.0086,6.23,None
2024-01-01 02:29:40,7352549,7337298,TCP,126.5,8.459,3239.1,3814.7,7,0.0067,18.64,None
2024-01-01 02:29:45,1918578,5401096,DNS,99.7,0.832,4546.5,2636.1,11,0.003,0.65,None
2024-01-01 02:29:50,4176191,7282057,UDP,254.2,0.748,7319.9,20486.6,15,0.0007,5.29,None
2024-01-01 02:29:55,5947724,1088574,UDP,150.0,4.728,10992.2,4239.2,9,0.0059,12.51,None
2024-01-01 02:30:00,7009785,4710261,TCP,384.0,1.759,3965.9,11848.1,10,0.001,21.96,None
2024-01-01 02:30:05,2455879,1084524,HTTP,144.0,0.484,1023.1,2561.8,14,0.0236,6.38,None
2024-01-01 02:30:10,4076870,6840648,HTTP,104.1,4.398,2277.6,8692.3,12,0.0177,5.11,None
2024-01-01 02:30:15,5430907,2162778,HTTP,69.6,10.03,1091.9,4290.3,10,0.0097,23.4,None
2024-01-01 02:30:20,7625201,1623157,DNS,60.2,0.181,16266.4,5911.2,5,0.006,12.59,None
2024-01-01 02:30:25,3736587,7489189,UDP,67.2,3.965,21750.7,3654.5,7,0.0061,1.5,None
2024-01-01 02:30:30,7419324,3730784,DNS,169.6,0.99,5711.9,22598.2,9,0.0062,6.64,None
2024-01-01 02:30:35,1170733,2400114,HTTP,191.4,1.485,7033.6,4959.2,5,0.0137,12.81,None
2024-01-01 02:30:40,4343328,1042611,DNS,67.3,4.926,3831.2,7020.2,10,0.0013,1.73,None
2024-01-01 02:30:45,9299521,5337598,HTTP,232.2,7.252,4298.6,7367.7,12,0.0076,16.62,None
2024-01-01 02:30:50,5232592,1584749,TCP,116.6,0.608,603.4,40630.3,15,0.0167,12.54,None
2024-01-01 02:30:55,5378988,3876566,TCP,159.7,0.479,2768.5,19738.1,13,0.0071,17.03,None
2024-01-01 02:31:00,8575828,1111416,UDP,332.3,0.168,1235.0,17866.5,12,0.0001,8.2,None
2024-01-01 02:31:05,7042207,5338712,DNS,232.4,1.65,3949.5,1672.6,12,0.0028,10.08,None
2024-01-01 02:31:10,3860703,1267856,HTTP,129.8,0.027,2808.5,4203.2,5,0.011,22.28,None
2024-01-01 02:31:15,9125336,2945548,UDP,95.1,1.062,20885.7,26598.7,10,0.0272,5.06,None
2024-01-01 02:31:20,2189986,7198302,DNS,50.6,0.152,7454.9,2512.6,11,0.0224,0.95,None
2024-01-01 02:31:25,8341299,5095219,DNS,103.6,1.039,3962.0,8813.3,12,0.0173,23.57,None
2024-01-01 02:31:30,1107683,7299334,TCP,133.5,0.082,2282.6,2792.6,11,0.03,0.18,None
2024-01-01 02:31:35,3262813,7323555,UDP,90.6,3.606,15931.0,3087.4,6,0.0033,21.32,None
2024-01-01 02:31:40,1618352,7412434,UDP,139.0,0.471,2893.0,43511.7,12,0.0001,19.82,None
2024-01-01 02:31:45,5872198,7174618,TCP,154.2,0.796,4153.4,16635.1,12,0.0044,11.7,None
2024-01-01 02:31:50,8482570,7857633,HTTP,132.6,4.081,3109.6,21658.2,8,0.0086,16.93,None
2024-01-01 02:31:55,7697417,4944281,HTTP,107.2,2.743,1989.9,17742.9,4,0.0038,2.52,None
2024-01-01 02:32:00,2583269,9430463,UDP,161.5,0.494,3091.8,7049.5,11,0.0005,18.33,None
2024-01-01 02:32:05,3389508,7610853,TCP,185.1,0.149,419.1,4057.8,11,0.0071,18.81,None
2024-01-01 02:32:10,2551948,2041229,TCP,86.0,2.515,634.2,5420.3,13,0.0022,1.23,None
2024-01-01 02:32:15,1358212,8705689,UDP,300.5,0.991,4228.6,6688.7,8,0.013,11.93,None
2024-01-01 02:32:20,9085969,1764797,HTTP,141.3,2.906,14302.6,47872.0,7,0.0009,22.76,None
2024-01-01 02:32:25,3903984,5015416,TCP,149.8,1.179,4222.7,2129.5,5,0.0317,22.83,None
2024-01-01 02:32:30,1707628,1563601,TCP,211.5,0.849,1450.5,4658.0,14,0.0209,23.63,None
2024-01-01 02:32:35,4002468,2047471,TCP,166.8,1.2,704.3,3252.0,12,0.0207,15.76,None
2024-01-01 02:32:40,8957167,3692441,DNS,239.0,2.761,6532.4,23309.7,15,0.0156,3.39,None
2024-01-01 02:32:45,6902488,6004751,HTTP,171.3,4.65,1690.5,51729.7,5,0.01,9.91,None
2024-01-01 02:32:50,9886333,1532228,HTTP,109.3,0.102,5671.7,11034.5,15,0.0005,17.45,None
2024-01-01 02:32:55,3555498,5254136,UDP,177.8,1.485,4402.2,11980.3,8,0.0109,6.81,None
2024-01-01 02:33:00,3335213,6549366,DNS,83.8,0.067,4809.3,8877.9,9,0.0137,19.44,None
2024-01-01 02:33:05,8603617,8483993,HTTP,156.7,1.264,3082.8,12550.0,5,0.0014,20.67,None
2024-01-01 02:33:10,6708997,1366928,HTTP,146.0,4.331,4374.9,17556.1,11,0.0096,18.33,None
2024-01-01 02:33:15,3630578,6991036,DNS,133.7,0.898,2645.3,12402.3,15,0.0065,8.21,None
2024-01-01 02:33:20,5002621,9578958,UDP,139.2,5.39,1579.2,13344.2,10,0.0064,17.8,None
2024-01-01 02:33:25,7667771,9209701,DNS,57.9,1.992,1137.4,17595.8,9,0.0022,1.73,None
2024-01-01 02:33:30,2934011,3219628,UDP,112.8,5.441,274.5,1368.8,9,0.0134,8.05,None
2024-01-01 02:33:35,8133672,3463362,DNS,155.5,2.831,2487.1,8119.4,9,0.0259,18.37,None
2024-01-01 02:33:40,4845916,2670507,HTTP,160.8,0.218,13621.1,10995.1,13,0.0155,19.08,None
2024-01-01 02:33:45,8679461,1512252,DNS,88.8,0.526,6186.2,12285.2,7,0.0046,7.65,None
2024-01-01 02:33:50,2945240,8209019,DNS,279.5,1.002,3743.2,6830.2,16,0.0415,23.05,None
2024-01-01 02:33:55,4388145,4772536,UDP,96.2,0.373,1430.8,9516.2,12,0.0045,6.56,None
2024-01-01 02:34:00,6900683,7905555,UDP,241.0,1.366,8081.6,3944.6,13,0.0027,15.84,None
2024-01-01 02:34:05,7792854,6094864,HTTP,183.8,1.275,2645.7,1373.6,3,0.0344,21.1,None
2024-01-01 02:34:10,3071476,3935561,HTTP,107.4,6.259,14399.3,21658.1,11,0.0156,13.23,None
2024-01-01 02:34:15,9275228,3602372,TCP,360.6,1.137,1117.6,2606.1,7,0.0143,9.9,None
2024-01-01 02:34:20,1452175,2003098,TCP,81.7,3.08,1408.1,6901.9,10,0.0008,5.07,None
2024-01-01 02:34:25,4163843,8844630,HTTP,235.0,5.692,1277.6,3831.0,14,0.0021,4.71,None
2024-01-01 02:34:30,6279474,6426405,DNS,244.8,4.191,677.1,39616.8,11,0.0002,3.81,None
2024-01-01 02:34:35,7790894,8093899,HTTP,106.1,0.468,1167.9,7482.7,11,0.015,10.63,None
2024-01-01 02:34:40,3411539,8540738,UDP,297.7,1.37,3305.1,5940.5,8,0.0033,13.15,None
2024-01-01 02:34:45,4159254,8902852,DNS,131.0,0.855,1462.3,17117.7,7,0.0014,20.14,None
2024-01-01 02:34:50,7847240,8651945,DNS,171.5,1.021,63.0,70015.7,9,0.002,5.22,None
2024-01-01 02:34:55,5918283,3756643,TCP,169.0,0.895,8727.8,12157.4,14,0.0102,18.12,None
2024-01-01 02:35:00,3538242,1356872,UDP,138.8,3.502,553.3,5555.7,10,0.0057,16.66,None
2024-01-01 02:35:05,1259679,7508779,TCP,222.6,1.203,5373.5,16262.1,11,0.0284,15.23,None
2024-01-01 02:35:10,2395286,9008271,TCP,220.7,1.483,3075.5,1681.3,14,0.0046,8.14,None
2024-01-01 02:35:15,1436398,3390110,UDP,61.9,8.085,24769.6,8488.2,10,0.018,7.63,None
2024-01-01 02:35:20,2453624,6791379,DNS,284.9,0.124,8078.5,59513.5,9,0.0079,18.21,None
2024-01-01 02:35:25,8292981,7993692,DNS,64.6,1.339,1799.7,9487.7,8,0.0122,6.59,None
2024-01-01 02:35:30,4655892,9638712,TCP,248.7,2.975,1477.2,9025.2,11,0.0018,7.91,None
2024-01-01 02:35:35,8211213,5726191,DNS,260.7,0.328,13396.2,8272.0,17,0.0138,23.16,None
2024-01-01 02:35:40,6537382,9121545,UDP,86.0,1.891,681.4,5456.3,13,0.0009,23.96,None
2024-01-01 02:35:45,8348756,8373168,HTTP,120.9,0.547,3607.9,11097.7,11,0.0117,0.04,None
2024-01-01 02:35:50,2652902,5350116,UDP,85.4,4.041,2614.6,17593.3,8,0.0063,16.48,None
2024-01-01 02:35:55,8268526,3513497,UDP,133.3,0.792,2114.9,5814.9,9,0.0026,12.85,None
2024-01-01 02:36:00,9528321,5524613,TCP,127.2,0.798,4245.1,671.3,10,0.0065,11.04,None
2024-01-01 02:36:05,6409046,1483214,HTTP,219.2,1.824,3603.1,12908.2,9,0.0194,6.62,None
2024-01-01 02:36:10,4197603,2590292,DNS,285.8,0.406,4709.8,68399.9,16,0.0017,12.17,None
2024-01-01 02:36:15,5679948,2479983,HTTP,298.2,0.671,3425.4,5562.1,8,0.0019,10.96,None
2024-01-01 02:36:20,6404771,8596833,DNS,112.0,1.078,4526.4,1860.9,20,0.0076,9.63,None
2024-01-01 02:36:25,5697093,2203736,TCP,133.7,0.873,3272.7,15953.2,6,0.0098,20.4,None
2024-01-01 02:36:30,6657659,1931360,UDP,64.0,1.488,1541.6,46343.3,18,0.0055,6.5,None
2024-01-01 02:36:35,7181429,2074806,HTTP,99.2,1.831,2992.9,13758.0,16,0.0031,14.34,None
2024-01-01 02:36:40,3612702,1840739,DNS,240.4,1.672,1459.2,45465.1,13,0.0007,20.74,None
2024-01-01 02:36:45,7592581,7484147,DNS,332.9,2.124,1366.0,17919.9,7,0.0005,23.5,None
2024-01-01 02:36:50,9466371,2409402,DNS,80.1,0.736,2129.9,16429.8,9,0.0004,14.47,None
2024-01-01 02:36:55,2865395,3267512,HTTP,110.4,0.27,2645.4,4827.1,20,0.0232,12.48,None
2024-01-01 02:37:00,2889959,7902007,HTTP,146.5,2.861,3087.8,10779.6,7,0.0014,20.17,None
2024-01-01 02:37:05,2898278,6486039,DNS,170.7,3.805,7453.1,7867.8,10,0.0035,4.52,None
2024-01-01 02:37:10,6603873,5705772,TCP,99.0,0.594,1810.8,7602.7,7,0.0426,15.12,None
2024-01-01 02:37:15,5165281,9828136,HTTP,183.5,1.045,3629.5,6286.3,11,0.0262,1.54,None
2024-01-01 02:37:20,2773608,6616915,TCP,117.1,1.381,3354.4,10153.9,9,0.0004,15.84,None
2024-01-01 02:37:25,2415109,4876054,HTTP,147.3,1.524,1621.9,2216.4,9,0.008,19.1,None
2024-01-01 02:37:30,3041036,1229444,HTTP,195.0,2.155,3209.1,18246.3,14,0.01,1.51,None
2024-01-01 02:37:35,4408956,5966256,HTTP,148.9,0.085,8125.2,3368.6,11,0.0006,20.36,None
2024-01-01 02:37:40,2059857,4190238,UDP,119.3,2.557,3592.2,6309.0,15,0.013,2.96,None
2024-01-01 02:37:45,9869963,4191026,UDP,140.5,0.128,3739.0,11277.4,10,0.0441,4.22,None
2024-01-01 02:37:50,2236892,7492022,HTTP,142.0,1.263,1472.4,3205.8,8,0.0056,20.07,None
2024-01-01 02:37:55,7052941,3780728,UDP,123.3,3.517,21351.1,1134.0,12,0.006,2.99,None
2024-01-01 02:38:00,9124085,3287196,TCP,130.4,1.2,1558.8,5524.5,13,0.0108,16.17,None
2024-01-01 02:38:05,9769224,7810547,TCP,330.1,0.323,562.4,1937.0,12,0.0133,7.08,None
2024-01-01 02:38:10,4902436,1676718,DNS,196.5,8.404,7045.8,16519.7,14,0.0156,5.96,None
2024-01-01 02:38:15,2490703,3406527,DNS,128.0,4.402,2657.6,2556.8,10,0.0008,15.6,None
2024-01-01 02:38:20,4248954,2329269,HTTP,210.3,2.951,2201.6,35780.4,14,0.0161,2.56,None
2024-01-01 02:38:25,5223819,5149869,UDP,125.6,1.06,1727.5,8056.3,11,0.02,13.79,None
2024-01-01 02:38:30,1648325,5117725,DNS,266.8,0.406,19374.5,8597.0,11,0.0005,22.19,None
2024-01-01 02:38:35,4596884,5434293,DNS,178.5,5.674,4249.6,1118.1,7,0.0004,20.43,None
2024-01-01 02:38:40,5461586,8963983,UDP,140.7,1.52,5165.5,9366.2,11,0.008,20.43,None
2024-01-01 02:38:45,5407970,7339093,HTTP,185.6,3.826,3507.3,7478.7,8,0.0069,7.27,None
2024-01-01 02:38:50,3377301,2047678,UDP,67.7,0.837,3905.1,2210.4,11,0.0392,16.83,None
2024-01-01 02:38:55,4979351,1205337,TCP,84.5,0.817,12071.8,8842.0,8,0.0035,18.72,None
2024-01-01 02:39:00,4887225,7649201,UDP,81.7,8.473,2319.6,5443.0,7,0.0089,21.63,None
2024-01-01 02:39:05,5231894,1849272,DNS,159.4,1.476,694.4,6523.8,6,0.0071,6.34,None
2024-01-01 02:39:10,8053232,9868631,DNS,352.9,0.303,7101.5,8315.5,12,0.0077,18.26,None
2024-01-01 02:39:15,9463148,7359108,HTTP,452.9,0.496,4898.6,5057.1,6,0.0108,5.57,None
2024-01-01 02:39:20,2652613,3533081,HTTP,204.2,1.315,3320.9,10367.8,13,0.0077,0.67,None
2024-01-01 02:39:25,5611796,7496065,TCP,190.6,0.087,4773.1,7431.2,12,0.0001,11.56,None
2024-01-01 02:39:30,9855064,4233419,UDP,60.3,1.242,2057.5,13000.8,18,0.0186,18.38,None
2024-01-01 02:39:35,8183315,6342904,DNS,113.1,1.086,3043.3,4775.8,7,0.0022,5.14,None
2024-01-01 02:39:40,2864893,4943286,DNS,100.1,3.022,2613.1,2793.6,4,0.0026,1.17,None
2024-01-01 02:39:45,1020658,4505119,UDP,108.8,0.877,1650.0,3988.3,10,0.0104,8.97,None
2024-01-01 02:39:50,3780651,9675248,DNS,136.4,8.097,9790.5,34291.6,10,0.0065,4.87,None
2024-01-01 02:39:55,5473686,7036333,HTTP,117.2,0.399,726.1,21077.6,6,0.0085,9.17,None
2024-01-01 02:40:00,2201922,5751057,HTTP,55.2,1.788,31599.0,27265.5,11,0.0069,22.1,None
2024-01-01 02:40:05,3024551,5222280,HTTP,215.7,0.188,7167.9,29223.1,10,0.0054,17.85,None
2024-01-01 02:40:10,6137099,2395392,UDP,86.8,2.647,503.7,5083.1,13,0.0066,8.95,None
2024-01-01 02:40:15,7385827,7683793,DNS,167.3,10.5,2382.3,10892.3,11,0.0015,7.8,None
2024-01-01 02:40:20,5219777,1003482,UDP,418.7,3.42,2518.6,8741.5,6,0.0348,22.11,None
2024-01-01 02:40:25,7663772,8759979,UDP,93.7,1.623,4411.1,15670.6,15,0.0086,21.33,None
2024-01-01 02:40:30,3818637,4173520,TCP,41.9,1.326,1108.3,6068.3,10,0.0034,14.5,None
2024-01-01 02:40:35,3944402,1030089,DNS,128.6,3.604,3078.0,8892.6,9,0.0125,8.58,None
2024-01-01 02:40:40,7292934,1830041,DNS,257.4,5.497,2640.9,8710.4,9,0.0212,19.02,None
2024-01-01 02:40:45,9279896,5472271,TCP,395.1,9.058,1425.6,13797.8,15,0.0035,15.93,None
2024-01-01 02:40:50,3124644,8926976,TCP,80.3,1.01,1240.5,15610.8,10,0.0039,13.55,None
2024-01-01 02:40:55,8810454,7697846,TCP,190.3,9.403,7471.2,8898.8,10,0.0058,17.73,None
2024-01-01 02:41:00,8813828,6778028,HTTP,117.6,0.339,546.4,9172.7,9,0.0024,3.23,None
2024-01-01 02:41:05,6653652,3497225,HTTP,140.8,0.585,4807.2,10156.8,8,0.0166,22.32,None
2024-01-01 02:41:10,7468739,8652677,UDP,556.8,0.186,6617.7,42047.3,15,0.0088,23.35,None
2024-01-01 02:41:15,6596910,4842390,HTTP,70.0,0.634,2395.7,1436.6,6,0.0006,8.51,None
2024-01-01 02:41:20,1949119,5470937,HTTP,168.5,2.921,3141.2,3072.7,6,0.0572,22.72,None
2024-01-01 02:41:25,4012426,6683204,TCP,187.5,3.834,9542.3,15893.7,9,0.0086,19.1,None
2024-01-01 02:41:30,5607243,6194391,HTTP,255.4,3.018,1473.1,10612.5,12,0.0221,22.58,None
2024-01-01 02:41:35,9276311,1836557,UDP,155.9,1.994,1633.3,10538.1,16,0.007,22.02,None
2024-01-01 02:41:40,5674726,4073618,DNS,173.1,1.443,1816.2,15795.7,12,0.0087,4.82,None
2024-01-01 02:41:45,7717915,7034433,HTTP,122.0,2.467,9559.8,10036.6,12,0.0061,6.24,None
2024-01-01 02:41:50,9735233,3624665,UDP,169.8,0.991,10854.1,4631.9,10,0.0055,6.25,None
2024-01-01 02:41:55,2309974,8394718,HTTP,125.0,3.682,738.1,15196.3,8,0.0025,2.26,None
2024-01-01 02:42:00,3844080,1029587,DNS,202.5,2.261,8153.8,8274.1,7,0.0327,9.54,None
2024-01-01 02:42:05,2655212,9376082,TCP,123.4,2.393,6760.9,5179.3,10,0.002,8.7,None
2024-01-01 02:42:10,4438068,2961755,DNS,179.2,1.535,14095.3,16161.1,9,0.0075,8.26,None
2024-01-01 02:42:15,5925862,2381629,HTTP,146.3,4.33,4381.3,15537.8,3,0.0009,8.37,None
2024-01-01 02:42:20,9829500,1847021,TCP,260.6,0.581,2851.9,10044.4,13,0.0502,1.49,None
2024-01-01 02:42:25,5498140,1191592,DNS,144.6,0.96,9369.5,45121.7,8,0.0081,4.46,None
2024-01-01 02:42:30,4442327,6051339,TCP,61.2,3.007,5996.3,30541.0,13,0.0169,7.1,None
2024-01-01 02:42:35,4979056,4917263,HTTP,278.9,1.357,28138.6,22067.4,13,0.0083,21.34,None
2024-01-01 02:42:40,4715963,8338854,UDP,94.4,4.4,7775.3,105489.4,12,0.0163,22.24,None
2024-01-01 02:42:45,9753543,3007288,TCP,107.0,0.851,3475.7,6999.1,10,0.0076,6.85,None
2024-01-01 02:42:50,9890802,4028921,HTTP,110.2,0.922,921.4,5090.8,9,0.0059,16.66,None
2024-01-01 02:42:55,8763834,4461794,HTTP,295.1,4.392,1667.5,19155.8,15,0.0061,20.41,None
2024-01-01 02:43:00,6622060,5051450,TCP,51.0,1.249,709.1,6294.1,11,0.0,12.15,None
2024-01-01 02:43:05,4155456,9245662,HTTP,712.6,1.452,2404.1,8200.3,9,0.0046,18.13,None
2024-01-01 02:43:10,5423045,3601773,HTTP,251.6,0.809,7525.6,3023.2,5,0.0304,23.42,None
2024-01-01 02:43:15,9428629,2248336,UDP,165.9,0.648,2970.0,14863.4,11,0.0113,3.89,None
2024-01-01 02:43:20,7463671,7844982,HTTP,144.4,2.134,8281.1,1861.2,6,0.0252,1.69,None
2024-01-01 02:43:25,3460857,6650597,UDP,171.2,0.255,4177.9,7358.1,8,0.0022,15.36,None
2024-01-01 02:43:30,2209613,9076509,HTTP,192.6,4.228,1992.0,7979.6,9,0.0068,12.2,None
2024-01-01 02:43:35,3122578,2441043,UDP,204.9,3.021,3254.0,5239.4,7,0.0004,7.12,None
2024-01-01 02:43:40,3933697,9620026,UDP,195.9,0.423,4779.5,1398.0,6,0.0113,22.0,None
2024-01-01 02:43:45,7834310,8095588,UDP,155.2,2.368,3426.3,1387.7,8,0.0153,20.3,None
2024-01-01 02:43:50,2324952,3024730,HTTP,134.5,1.846,3465.7,3842.3,8,0.0138,6.35,None
2024-01-01 02:43:55,7667193,5295295,HTTP,137.6,0.408,1381.5,13891.7,14,0.0009,18.58,None
2024-01-01 02:44:00,3313906,5786715,DNS,134.6,0.638,1933.4,10817.5,11,0.0028,19.88,None
2024-01-01 02:44:05,3697987,1205313,DNS,261.6,1.052,28522.8,7971.0,8,0.0107,7.81,None
2024-01-01 02:44:10,5071104,5032951,DNS,199.7,2.403,10182.9,3345.6,7,0.0142,2.38,None
2024-01-01 02:44:15,6207449,5160888,HTTP,34.1,2.036,682.8,11397.3,7,0.0032,20.41,None
2024-01-01 02:44:20,5573429,8899194,TCP,206.0,1.52,279.5,1340.7,12,0.0052,2.32,None
2024-01-01 02:44:25,9090125,5760923,UDP,163.6,2.926,3217.0,737.6,4,0.0043,11.49,None
2024-01-01 02:44:30,3349142,2206564,UDP,147.0,2.837,7284.3,6354.6,8,0.0,4.66,None
2024-01-01 02:44:35,6637788,1107679,DNS,122.2,1.924,1772.3,4693.6,8,0.0086,22.26,None
2024-01-01 02:44:40,2704004,1486214,TCP,260.4,3.093,8280.5,22318.5,18,0.0111,2.57,None
2024-01-01 02:44:45,9374014,6884796,TCP,238.4,0.814,3164.2,9489.9,9,0.0032,2.81,None
2024-01-01 02:44:50,3361454,3066898,UDP,100.8,4.261,2532.4,42223.6,13,0.0116,16.84,None
2024-01-01 02:44:55,2886971,7370252,TCP,181.9,1.909,6349.4,4683.4,9,0.0028,4.93,None
2024-01-01 02:45:00,1844621,6139422,TCP,91.3,3.456,1751.3,13184.2,9,0.0126,3.18,None
2024-01-01 02:45:05,1305984,4387734,TCP,74.5,1.581,2237.9,6296.3,11,0.0061,4.04,None
2024-01-01 02:45:10,1843476,3905021,UDP,108.5,0.493,5826.5,32264.4,19,0.0206,14.3,None
2024-01-01 02:45:15,2763899,8277583,HTTP,228.4,1.564,2888.8,6607.4,8,0.0079,5.34,None
2024-01-01 02:45:20,2753531,4861047,TCP,239.0,0.928,20106.1,19042.1,7,0.002,9.05,None
2024-01-01 02:45:25,9780429,3474361,UDP,191.8,2.391,5966.0,2758.3,14,0.0173,20.39,None
2024-01-01 02:45:30,9193096,6456561,TCP,213.3,1.292,5590.4,5349.7,8,0.015,4.22,None
2024-01-01 02:45:35,1832765,1157741,UDP,192.1,3.617,2837.0,7449.9,13,0.0009,19.83,None
2024-01-01 02:45:40,2377256,2145422,TCP,107.7,2.267,7149.2,28664.6,18,0.0005,18.61,None
2024-01-01 02:45:45,6687583,9267398,DNS,184.2,2.307,2159.0,900.4,5,0.0015,19.95,None
2024-01-01 02:45:50,5541173,5264749,HTTP,221.5,0.49,3953.6,5810.1,8,0.0187,8.33,None
2024-01-01 02:45:55,4222538,5715802,DNS,216.4,8.302,1192.4,5616.8,8,0.0039,11.34,None
2024-01-01 02:46:00,4150586,8886944,UDP,268.9,3.686,8429.1,1015.4,9,0.007,16.97,None
2024-01-01 02:46:05,6189834,6649945,HTTP,211.5,3.112,3986.2,5094.7,6,0.0092,0.9,None
2024-01-01 02:46:10,5259613,8872263,HTTP,176.9,0.802,21644.6,1736.0,13,0.0136,15.93,None
2024-01-01 02:46:15,7448056,5035873,UDP,253.4,1.534,32607.5,787.9,11,0.0177,2.88,None
2024-01-01 02:46:20,9544338,6638386,UDP,146.5,0.295,6395.3,6233.5,9,0.0073,6.91,None
2024-01-01 02:46:25,2384999,2923258,TCP,95.5,1.546,3192.1,6026.1,13,0.0054,19.43,None
2024-01-01 02:46:30,3939760,9945364,TCP,136.8,0.315,1157.4,6342.6,12,0.0022,15.25,None
2024-01-01 02:46:35,7562969,8993291,TCP,102.3,1.611,7366.9,10434.3,9,0.0094,14.92,None
2024-01-01 02:46:40,9047732,1588174,DNS,105.9,2.092,3678.6,3363.0,18,0.008,5.45,None
2024-01-01 02:46:45,3094840,3448737,UDP,138.1,0.989,5105.3,48574.6,12,0.0034,16.03,None
2024-01-01 02:46:50,4502868,3552939,UDP,99.9,1.38,16811.0,7837.7,11,0.0059,3.16,None
2024-01-01 02:46:55,8255919,4210251,UDP,127.2,4.169,1307.1,29331.9,8,0.0135,23.16,None
2024-01-01 02:47:00,1443966,9784358,HTTP,57.6,0.23,1182.9,1510.4,15,0.0099,6.06,None
2024-01-01 02:47:05,8626304,8852932,UDP,165.1,3.138,2353.3,3517.4,14,0.0066,19.84,None
2024-01-01 02:47:10,9527828,9290455,DNS,148.5,0.374,6776.4,16095.8,5,0.0032,22.08,None
2024-01-01 02:47:15,2816723,8621788,DNS,98.6,0.075,5192.0,6460.3,14,0.011,4.12,None
2024-01-01 02:47:20,7406904,6852797,DNS,206.4,0.411,1217.2,2770.6,10,0.0099,0.23,None
2024-01-01 02:47:25,8961762,5540427,HTTP,237.2,2.897,6352.2,1288.7,5,0.0061,20.98,None
2024-01-01 02:47:30,4445461,6804551,TCP,66.4,1.039,896.8,16868.5,4,0.0027,18.34,None
2024-01-01 02:47:35,7711457,9594354,HTTP,101.4,4.12,1289.8,15546.7,7,0.0019,3.7,None
2024-01-01 02:47:40,7167593,8969263,TCP,101.0,1.488,2655.9,10335.3,17,0.0041,19.93,None
2024-01-01 02:47:45,2054509,1263297,DNS,92.8,0.045,1714.0,4934.9,8,0.0239,19.45,None
2024-01-01 02:47:50,7275309,3186599,TCP,224.7,2.523,7258.0,2662.2,10,0.014,11.07,None
2024-01-01 02:47:55,7488403,5176621,DNS,134.7,0.234,3969.4,7684.9,9,0.0222,22.72,None
2024-01-01 02:48:00,6378329,6975582,DNS,130.0,3.115,17423.3,2174.8,9,0.0185,13.97,None
2024-01-01 02:48:05,2587652,8784752,UDP,54.5,0.368,2328.1,3821.6,9,0.0061,10.63,None
2024-01-01 02:48:10,9989352,3089044,HTTP,203.9,0.848,2638.1,28602.5,10,0.0076,0.32,None
2024-01-01 02:48:15,3245699,4142894,TCP,79.9,2.865,10000.4,1273.0,6,0.0019,22.87,None
2024-01-01 02:48:20,3980574,8906805,UDP,152.9,6.168,2721.9,15955.0,7,0.0128,3.08,None
2024-01-01 02:48:25,5720549,4229826,DNS,170.5,0.929,13279.9,36105.3,9,0.0055,7.11,None
2024-01-01 02:48:30,3064698,3744386,HTTP,293.0,3.537,5119.6,18329.4,11,0.0018,17.51,None
2024-01-01 02:48:35,6868125,5075288,UDP,77.1,0.423,283.5,12066.8,8,0.001,0.13,None
2024-01-01 02:48:40,8602248,2114663,DNS,32.8,3.292,9677.6,5097.1,6,0.0119,13.02,None
2024-01-01 02:48:45,9851939,8460638,DNS,162.7,2.143,7425.9,4247.6,12,0.0066,3.81,None
2024-01-01 02:48:50,1038168,3479195,DNS,365.1,0.428,7718.2,855.7,6,0.0001,0.54,None
2024-01-01 02:48:55,6084343,3153535,HTTP,275.7,0.721,441.0,8408.6,14,0.0174,15.4,None
2024-01-01 02:49:00,9702419,9668640,DNS,164.8,0.283,1536.1,5419.5,15,0.0097,14.47,None
2024-01-01 02:49:05,1242862,1639613,TCP,116.1,0.966,1654.6,4031.8,12,0.0004,17.62,None
2024-01-01 02:49:10,7242029,5997427,DNS,222.2,0.455,1285.5,7942.0,11,0.0036,14.84,None
2024-01-01 02:49:15,6508405,1076419,DNS,91.2,2.066,17016.2,8624.6,10,0.0128,10.61,None
2024-01-01 02:49:20,9190571,6282168,UDP,188.3,10.408,2946.1,4291.7,8,0.0006,11.49,None
2024-01-01 02:49:25,6198712,1907477,TCP,191.1,0.024,2873.9,40663.3,8,0.0133,5.28,None
2024-01-01 02:49:30,1960313,7814514,TCP,252.2,1.557,5177.1,16824.7,7,0.007,2.01,None
2024-01-01 02:49:35,5002139,7244303,HTTP,589.8,1.705,5267.5,19856.3,15,0.0153,20.66,None
2024-01-01 02:49:40,9941544,9056907,TCP,180.6,4.912,106.2,7307.8,5,0.0193,16.59,None
2024-01-01 02:49:45,7596757,5332072,HTTP,115.1,1.41,1561.9,13510.7,10,0.0146,2.95,None
2024-01-01 02:49:50,2651174,7561538,TCP,146.5,1.569,725.8,3308.6,14,0.0008,6.34,None
2024-01-01 02:49:55,7680900,7413599,UDP,61.3,1.276,4448.4,15776.2,12,0.0062,20.72,None
2024-01-01 02:50:00,1835344,1512576,DNS,104.9,0.626,2233.0,6605.1,3,0.0038,23.04,None
2024-01-01 02:50:05,4721420,1020609,DNS,120.9,0.115,3027.2,2916.1,14,0.0071,18.99,None
2024-01-01 02:50:10,5443612,5204076,UDP,114.2,1.051,373.0,7920.7,7,0.0338,13.68,None
2024-01-01 02:50:15,8341186,7783538,TCP,160.2,0.108,2186.7,6050.8,9,0.0013,20.86,None
2024-01-01 02:50:20,6378383,7891991,UDP,98.4,1.599,9091.8,82707.8,13,0.0201,15.04,None
2024-01-01 02:50:25,7332760,4956836,HTTP,260.0,0.734,12203.2,12523.9,6,0.0469,16.79,None
2024-01-01 02:50:30,2625681,5811261,DNS,148.4,1.525,6117.2,39329.0,8,0.0461,19.85,None
2024-01-01 02:50:35,2283664,1768407,HTTP,147.7,0.288,784.1,25116.7,9,0.0159,8.5,None
2024-01-01 02:50:40,8939082,7591638,TCP,126.0,5.395,10502.8,8415.1,13,0.0063,18.83,None
2024-01-01 02:50:45,3156062,6549889,HTTP,160.4,4.498,6148.7,5199.3,11,0.002,4.97,None
2024-01-01 02:50:50,8844703,7138380,UDP,224.2,0.421,2651.3,1421.9,16,0.0094,4.66,None
2024-01-01 02:50:55,7234455,6325080,HTTP,96.2,0.841,393.5,3391.6,8,0.0094,19.47,None
2024-01-01 02:51:00,6016060,7169557,UDP,106.8,1.901,7735.7,15721.0,7,0.0038,13.53,None
2024-01-01 02:51:05,5318203,1470074,DNS,127.5,0.201,1648.9,5990.1,5,0.0096,9.93,None
2024-01-01 02:51:10,3131800,4160755,TCP,75.7,0.876,4214.0,11799.6,6,0.0012,12.56,None
2024-01-01 02:51:15,8451338,1842640,DNS,98.5,0.578,3192.0,1063.9,9,0.0101,23.47,None
2024-01-01 02:51:20,6896813,2920027,TCP,117.0,4.942,13882.6,12752.9,8,0.0227,21.46,None
2024-01-01 02:51:25,4304529,2405480,UDP,229.8,3.828,2629.7,24257.5,16,0.0064,12.18,None
2024-01-01 02:51:30,5470875,4891784,DNS,169.2,1.734,2936.2,1372.3,12,0.0145,13.13,None
2024-01-01 02:51:35,3634219,6825429,DNS,163.5,1.469,14452.4,11749.5,8,0.0101,14.74,None
2024-01-01 02:51:40,2128513,8525376,UDP,227.1,5.339,1543.5,31055.6,11,0.0,18.98,None
2024-01-01 02:51:45,6509973,9391141,UDP,138.6,5.389,6729.9,43481.3,9,0.0013,20.97,None
2024-01-01 02:51:50,6568703,6348696,DNS,180.4,6.969,2444.0,4897.6,8,0.0149,3.52,None
2024-01-01 02:51:55,9422420,9211994,DNS,140.9,0.268,1093.8,17675.4,6,0.0004,15.08,None
2024-01-01 02:52:00,6634598,1232334,HTTP,169.5,0.35,2984.4,33853.2,11,0.0313,5.45,None
2024-01-01 02:52:05,7267169,2084512,TCP,110.9,2.259,5953.3,12105.1,13,0.0225,14.92,None
2024-01-01 02:52:10,9499586,3211441,DNS,43.8,1.559,11541.6,29292.2,8,0.0045,4.11,None
2024-01-01 02:52:15,3145250,2733534,UDP,138.8,0.037,13025.9,7817.6,20,0.0037,19.39,None
2024-01-01 02:52:20,5632553,4944182,DNS,302.3,0.128,2219.9,12019.8,9,0.0095,15.86,None
2024-01-01 02:52:25,6542118,6926641,DNS,235.8,4.38,1110.7,4352.0,11,0.0095,20.78,None
2024-01-01 02:52:30,4549974,2921643,UDP,240.5,4.063,2167.4,6873.3,13,0.0009,22.67,None
2024-01-01 02:52:35,2118028,7948302,UDP,275.4,0.884,914.6,12502.9,7,0.0024,22.41,None
2024-01-01 02:52:40,8156014,6460892,DNS,155.1,4.434,2398.5,4037.5,8,0.0101,3.48,None
2024-01-01 02:52:45,5774766,9697555,HTTP,163.8,1.801,2118.2,6479.6,14,0.0161,9.04,None
2024-01-01 02:52:50,7648098,5444934,UDP,109.0,3.279,6170.2,17341.8,9,0.0021,11.59,None
2024-01-01 02:52:55,1509370,6001908,DNS,126.7,1.115,328.3,63105.1,8,0.0121,18.93,None
2024-01-01 02:53:00,8009153,4268566,TCP,201.9,0.241,1431.4,1043.7,5,0.0204,0.36,None
2024-01-01 02:53:05,5563784,5065278,TCP,271.0,1.137,1443.0,58488.0,11,0.0013,22.21,None
2024-01-01 02:53:10,2842666,8757539,DNS,138.4,1.222,9770.5,6248.7,6,0.0058,9.77,None
2024-01-01 02:53:15,2944555,4063839,TCP,118.5,1.601,978.6,21266.7,9,0.019,15.15,None
2024-01-01 02:53:20,8013771,5121081,HTTP,148.5,0.223,3739.3,25876.6,11,0.0046,23.53,None
2024-01-01 02:53:25,8851178,5784492,TCP,200.5,9.512,2622.5,38734.9,11,0.0031,21.18,None
2024-01-01 02:53:30,7782529,2116107,UDP,72.1,0.56,8459.5,3912.9,10,0.0137,8.69,None
2024-01-01 02:53:35,1905641,4833362,UDP,47.1,0.443,5409.1,6468.7,7,0.0051,11.63,None
2024-01-01 02:53:40,7658128,8179463,UDP,112.7,1.496,3365.2,7680.2,12,0.0123,18.48,None
2024-01-01 02:53:45,8109839,6031429,TCP,80.6,1.541,1711.9,5667.9,9,0.0014,17.85,None
2024-01-01 02:53:50,7640083,5043892,HTTP,115.1,1.159,467.6,30295.7,13,0.0081,16.92,None
2024-01-01 02:53:55,9805314,5238617,TCP,137.8,2.956,3816.5,7503.9,9,0.0048,0.26,None
2024-01-01 02:54:00,9931306,1637532,UDP,118.3,1.454,5066.9,1605.9,8,0.0592,4.78,None
2024-01-01 02:54:05,4809279,2142083,DNS,306.8,1.882,617.2,4302.6,4,0.0089,5.32,None
2024-01-01 02:54:10,4424455,5784425,DNS,174.8,2.573,868.1,1671.7,13,0.0115,6.01,None
2024-01-01 02:54:15,8688512,2037105,UDP,172.5,0.051,3836.6,6448.9,15,0.0014,2.31,None
2024-01-01 02:54:20,2920817,3344865,TCP,202.6,1.691,4184.5,15875.8,9,0.0482,19.36,None
2024-01-01 02:54:25,3186966,9265214,DNS,84.0,4.312,1106.9,4211.3,14,0.0005,8.19,None
2024-01-01 02:54:30,4344119,3873632,UDP,249.5,0.035,1679.0,5415.2,9,0.0007,18.61,None
2024-01-01 02:54:35,5717821,2079225,TCP,142.9,1.039,475.1,6156.3,14,0.0008,22.36,None
2024-01-01 02:54:40,4446993,7075445,HTTP,207.5,5.214,11816.6,9327.7,10,0.0204,7.51,None
2024-01-01 02:54:45,8502267,5095512,HTTP,86.8,0.871,812.5,13576.3,11,0.013,10.89,None
2024-01-01 02:54:50,9415278,2980013,TCP,68.2,1.228,5126.9,18165.1,5,0.0361,2.1,None
2024-01-01 02:54:55,8573568,7616410,UDP,223.4,7.984,2878.5,77305.2,15,0.0007,7.08,None
2024-01-01 02:55:00,5068460,5717216,TCP,179.1,0.445,10824.8,9168.2,7,0.0118,13.11,None
2024-01-01 02:55:05,3036815,6676767,DNS,94.5,0.135,1349.8,16912.2,8,0.0076,4.32,None
2024-01-01 02:55:10,2974202,5033488,TCP,96.1,3.924,3169.3,1656.5,4,0.0102,12.89,None
2024-01-01 02:55:15,8230268,1491803,DNS,260.5,4.057,545.4,5545.9,6,0.0072,7.51,None
2024-01-01 02:55:20,3570778,3390501,TCP,81.9,1.278,429.0,6183.1,10,0.0112,23.76,None
2024-01-01 02:55:25,3414163,4542550,UDP,337.4,1.444,5411.8,2929.8,10,0.0238,9.02,None
2024-01-01 02:55:30,5675189,6927712,TCP,94.6,3.613,500.2,4741.0,7,0.0089,0.94,None
2024-01-01 02:55:35,1163140,2444038,UDP,204.2,2.683,2372.7,7277.3,10,0.0227,11.35,None
2024-01-01 02:55:40,5587813,5744116,UDP,125.9,0.616,8195.1,4891.9,8,0.0152,8.02,None
2024-01-01 02:55:45,7456416,3276338,UDP,200.7,0.034,6289.8,109298.1,13,0.02,8.88,None
2024-01-01 02:55:50,3884248,9798041,UDP,113.1,1.307,1533.7,13524.7,11,0.0108,8.89,None
2024-01-01 02:55:55,2563308,7987139,DNS,136.8,3.917,608.8,59935.4,7,0.0073,21.15,None
2024-01-01 02:56:00,9790525,1822095,HTTP,151.5,4.524,4961.7,36049.6,15,0.0007,11.96,None
2024-01-01 02:56:05,9160494,3445882,HTTP,89.9,6.257,11410.1,4275.9,11,0.018,6.07,None
2024-01-01 02:56:10,3546430,6482471,TCP,215.0,4.233,1537.3,8413.2,7,0.0028,19.02,None
2024-01-01 02:56:15,3743328,3028383,DNS,114.8,1.735,1335.0,5245.8,9,0.0004,10.64,None
2024-01-01 02:56:20,9240028,1758419,TCP,132.4,1.176,1763.6,6892.4,10,0.0073,3.49,None
2024-01-01 02:56:25,6074154,5592245,UDP,90.3,2.982,5279.6,3052.0,7,0.01,23.96,None
2024-01-01 02:56:30,5151834,8696578,UDP,41.2,2.693,10183.4,5210.7,9,0.0108,0.66,None
2024-01-01 02:56:35,7491715,8219271,TCP,134.9,1.545,863.0,11608.8,15,0.0111,17.02,None
2024-01-01 02:56:40,8157258,9124610,UDP,495.9,0.183,666.3,11306.4,5,0.0106,20.34,None
2024-01-01 02:56:45,7204446,3981576,TCP,219.7,5.21,30945.9,10440.0,10,0.0165,8.49,None
2024-01-01 02:56:50,1864002,1086169,TCP,147.0,1.216,2496.6,7633.7,5,0.0147,3.78,None
2024-01-01 02:56:55,5936534,2595506,HTTP,130.1,0.903,3838.7,19163.1,9,0.0168,10.48,None
2024-01-01 02:57:00,1765333,6042079,TCP,150.1,1.986,1492.3,6266.4,9,0.0062,11.58,None
2024-01-01 02:57:05,7635076,7879799,UDP,195.1,2.241,4865.7,32583.2,12,0.0006,23.99,None
2024-01-01 02:57:10,3047117,9403479,TCP,82.2,0.473,7785.8,1277.2,6,0.0102,0.47,None
2024-01-01 02:57:15,4446315,1140091,HTTP,259.1,3.627,4023.1,15627.9,12,0.0024,15.74,None
2024-01-01 02:57:20,9413981,2529743,HTTP,212.2,0.685,16998.1,13205.3,7,0.0196,19.31,None
2024-01-01 02:57:25,1527334,1836300,UDP,212.5,0.413,2150.1,4127.5,17,0.0128,14.83,None
2024-01-01 02:57:30,8451160,1651997,UDP,184.8,1.043,2291.9,5680.4,14,0.0145,15.12,None
2024-01-01 02:57:35,4481150,4038118,UDP,149.9,2.623,3757.1,12897.5,14,0.0034,21.01,None
2024-01-01 02:57:40,5953811,8974732,DNS,207.8,6.731,4745.5,20250.5,13,0.01,13.56,None
2024-01-01 02:57:45,8317812,8131715,DNS,199.5,3.314,3744.1,1408.9,14,0.0075,21.16,None
2024-01-01 02:57:50,8004696,3034419,UDP,124.3,5.638,825.2,15187.8,7,0.0031,5.04,None
2024-01-01 02:57:55,1913332,6709786,DNS,111.4,0.303,4074.5,5127.4,7,0.0167,12.39,None
2024-01-01 02:58:00,9226199,1674164,UDP,156.2,0.148,2050.5,24966.5,8,0.008,0.81,None
2024-01-01 02:58:05,8936096,5523081,UDP,322.0,1.632,1667.4,1287.8,7,0.0021,19.28,None
2024-01-01 02:58:10,5887212,5437479,TCP,79.9,0.686,3079.4,93460.9,9,0.0036,18.65,None
2024-01-01 02:58:15,2399565,4354983,UDP,71.3,3.521,1139.7,3340.4,14,0.0026,12.94,None
2024-01-01 02:58:20,9173222,2776438,DNS,161.2,2.229,957.8,33859.0,11,0.0037,9.5,None
2024-01-01 02:58:25,5897219,9955267,DNS,152.2,7.062,218.0,7561.4,1,0.0021,8.88,None
2024-01-01 02:58:30,3609028,5988489,DNS,161.9,0.588,17106.9,3573.6,7,0.0046,4.83,None
2024-01-01 02:58:35,5332951,5082112,TCP,167.7,1.33,5196.5,10563.0,10,0.0118,10.27,None
2024-01-01 02:58:40,6112362,5835138,TCP,132.7,1.391,2652.4,22677.4,14,0.032,7.29,None
2024-01-01 02:58:45,2396039,2610196,HTTP,312.6,0.547,1529.6,1715.2,11,0.0024,13.86,None
2024-01-01 02:58:50,8055380,2158026,HTTP,66.7,1.784,168.0,16343.6,11,0.0036,18.88,None
2024-01-01 02:58:55,9763728,8307617,TCP,98.1,1.171,1438.7,8005.0,9,0.0,16.66,None
2024-01-01 02:59:00,1135793,5828772,TCP,140.9,1.184,6098.9,14429.7,10,0.0026,12.33,None
2024-01-01 02:59:05,9291824,3404115,UDP,65.3,0.901,7647.8,8192.5,3,0.0054,22.77,None
2024-01-01 02:59:10,3496457,8667987,UDP,135.9,0.034,5666.3,4573.9,4,0.0062,4.74,None
2024-01-01 02:59:15,7325441,1946789,UDP,340.6,1.477,3492.6,2662.1,22,0.0031,15.36,None
2024-01-01 02:59:20,6729211,3241447,UDP,150.0,0.817,10980.5,15877.3,9,0.0016,2.11,None
2024-01-01 02:59:25,5338910,7546337,HTTP,166.6,0.003,2146.2,15792.2,6,0.0083,16.15,None
2024-01-01 02:59:30,2395047,3523182,UDP,79.0,0.736,8823.6,15713.4,7,0.0053,17.41,None
2024-01-01 02:59:35,2046979,2974273,UDP,109.1,0.653,2029.2,12426.6,15,0.0056,18.78,None
2024-01-01 02:59:40,5655305,2120322,DNS,123.0,1.0,1235.0,20841.4,9,0.0225,15.93,None
2024-01-01 02:59:45,1760571,7123256,HTTP,126.6,0.283,1090.4,33059.7,8,0.0082,2.94,None
2024-01-01 02:59:50,2014716,8325480,DNS,281.7,1.417,1028.1,1240.9,8,0.0049,1.06,None
2024-01-01 02:59:55,8470731,9197354,TCP,196.1,2.358,5762.2,779.1,12,0.0029,17.14,None
2024-01-01 03:00:00,6272086,7935828,UDP,85.1,1.99,1418.4,45159.1,11,0.0056,19.16,None
2024-01-01 03:00:05,1307042,5936979,HTTP,167.9,3.257,1061.0,2119.5,16,0.0198,0.78,None
2024-01-01 03:00:10,6203249,4762739,DNS,190.4,1.203,6085.9,2734.6,13,0.0336,3.6,None
2024-01-01 03:00:15,2728905,2821425,DNS,262.5,1.464,4138.0,6077.7,14,0.0047,18.97,None
2024-01-01 03:00:20,8965728,7632667,HTTP,327.1,3.326,7805.6,1550.0,12,0.0023,23.23,None
2024-01-01 03:00:25,7364923,2887942,DNS,89.3,1.116,4977.1,5532.6,7,0.0246,12.49,None
2024-01-01 03:00:30,5685114,5296598,UDP,98.9,2.419,1403.7,3139.7,5,0.0016,3.68,None
2024-01-01 03:00:35,5797121,4168016,TCP,79.1,1.14,3216.7,6416.7,16,0.0035,7.71,None
2024-01-01 03:00:40,5794056,1144798,HTTP,132.0,1.082,3378.3,10719.7,9,0.0023,18.75,None
2024-01-01 03:00:45,1437914,9697671,DNS,187.4,2.856,1189.0,5747.2,11,0.0083,13.04,None
2024-01-01 03:00:50,2319203,3949860,HTTP,243.1,0.384,987.7,5464.1,7,0.0053,1.39,None
2024-01-01 03:00:55,9086222,5620679,HTTP,142.9,0.827,1509.1,10488.1,7,0.0034,7.4,None
2024-01-01 03:01:00,1846774,1099703,TCP,126.5,0.508,22847.2,23024.0,8,0.0146,18.07,None
2024-01-01 03:01:05,1634933,3713172,HTTP,160.1,0.89,1972.9,40254.0,11,0.0109,7.82,None
2024-01-01 03:01:10,7145683,5743750,TCP,97.8,0.524,10227.8,6512.4,11,0.0541,10.38,None
2024-01-01 03:01:15,4020939,6489842,UDP,421.9,1.732,1865.6,50256.2,8,0.0037,21.72,None
2024-01-01 03:01:20,3199142,9779593,DNS,66.4,3.201,7250.6,19471.5,8,0.0187,23.63,None
2024-01-01 03:01:25,9227173,7680957,DNS,162.8,3.089,7350.3,2363.7,7,0.0036,18.17,None
2024-01-01 03:01:30,4462799,7736026,UDP,408.2,0.907,7727.9,2295.7,8,0.0001,5.76,None
2024-01-01 03:01:35,7813081,8459921,TCP,148.9,8.977,4393.3,4549.2,14,0.0016,5.84,None
2024-01-01 03:01:40,6511185,8935406,UDP,135.0,1.802,11817.9,34358.5,7,0.0071,7.3,None
2024-01-01 03:01:45,3136055,7934493,UDP,124.1,1.02,4351.8,4908.1,10,0.0166,3.85,None
2024-01-01 03:01:50,1880542,6042415,HTTP,135.6,3.61,16539.9,1221.3,3,0.0006,4.29,None
2024-01-01 03:01:55,4719604,9682206,TCP,294.8,2.618,590.0,6445.4,9,0.0178,6.14,None
2024-01-01 03:02:00,5378847,7508533,HTTP,49.1,2.767,4222.9,1118.1,4,0.0126,15.84,None
2024-01-01 03:02:05,2077143,8030895,DNS,319.5,0.437,3957.3,2821.5,19,0.0004,14.7,None
2024-01-01 03:02:10,6913146,1756995,HTTP,72.8,1.263,1168.5,4505.1,11,0.0011,8.18,None
2024-01-01 03:02:15,9825876,6856261,DNS,129.9,3.959,5321.9,9411.3,8,0.0008,4.72,None
2024-01-01 03:02:20,5415885,2547413,TCP,119.7,1.403,671.8,22565.2,6,0.0114,14.98,None
2024-01-01 03:02:25,6825308,2789499,UDP,199.2,2.301,1549.7,16222.2,7,0.0082,3.14,None
2024-01-01 03:02:30,3761570,7134486,HTTP,66.7,1.773,403.8,2491.6,11,0.0044,3.51,None
2024-01-01 03:02:35,5014786,7469145,TCP,187.0,3.695,14166.4,5587.5,13,0.0009,9.2,None
2024-01-01 03:02:40,6839424,7365194,TCP,408.4,0.67,2364.8,8746.2,18,0.005,13.62,None
2024-01-01 03:02:45,8326813,7472660,DNS,75.1,1.714,26026.9,6234.1,6,0.0115,17.48,None
2024-01-01 03:02:50,4354374,5390349,HTTP,163.2,0.263,6653.8,6190.1,7,0.001,16.49,None
2024-01-01 03:02:55,4112076,4636425,UDP,106.6,2.344,4666.2,1447.0,17,0.0194,9.08,None
2024-01-01 03:03:00,5387431,1675571,UDP,183.6,2.633,1658.7,2558.7,7,0.0006,15.71,None
2024-01-01 03:03:05,4857873,5726188,HTTP,149.8,0.088,1047.0,5415.7,10,0.0094,5.07,None
2024-01-01 03:03:10,6693550,9744314,TCP,107.7,2.253,5029.0,367.5,12,0.0021,11.85,None
2024-01-01 03:03:15,2410943,5533164,HTTP,189.4,1.071,2775.2,15377.2,11,0.001,14.77,None
2024-01-01 03:03:20,1805737,8623896,TCP,365.8,0.265,781.1,2053.5,14,0.0044,17.87,None
2024-01-01 03:03:25,5674672,8923440,TCP,134.9,1.089,654.0,16104.2,9,0.011,1.91,None
2024-01-01 03:03:30,2682397,4680101,HTTP,212.7,0.432,1142.9,14748.8,13,0.0013,2.43,None
2024-01-01 03:03:35,4955720,4701952,DNS,77.7,1.074,18415.9,4704.7,7,0.0065,1.77,None
2024-01-01 03:03:40,5769412,8132559,HTTP,92.0,0.97,27262.8,22038.5,12,0.0052,13.12,None
2024-01-01 03:03:45,7347291,6523885,TCP,188.0,2.682,3659.2,17037.9,12,0.0056,13.68,None
2024-01-01 03:03:50,4155397,2334058,UDP,311.7,2.976,3459.7,5949.4,15,0.0287,0.26,None
2024-01-01 03:03:55,5633562,9760480,UDP,177.3,1.868,2129.6,5314.7,8,0.0043,15.76,None
2024-01-01 03:04:00,4215291,6674225,UDP,126.9,0.046,1170.9,24275.7,14,0.0478,18.32,None
2024-01-01 03:04:05,2914600,2888127,HTTP,148.4,5.348,11792.0,10219.1,15,0.0077,2.8,None
2024-01-01 03:04:10,6638886,9135802,HTTP,79.4,2.318,19410.6,23033.3,10,0.0185,8.1,None
2024-01-01 03:04:15,1032444,4608078,UDP,200.8,0.07,1220.0,743.2,3,0.0043,20.4,None
2024-01-01 03:04:20,4118178,7469063,TCP,230.7,3.417,2744.0,8941.7,8,0.0009,16.49,None
2024-01-01 03:04:25,5935437,7134040,DNS,118.4,0.447,1901.0,1673.4,15,0.0009,7.31,None
2024-01-01 03:04:30,7707510,8803071,DNS,117.3,1.731,1958.2,7896.8,8,0.0085,17.81,None
2024-01-01 03:04:35,4105717,1108781,HTTP,169.5,1.257,9758.6,16544.7,8,0.0266,21.29,None
2024-01-01 03:04:40,7922963,8598424,UDP,119.3,1.089,802.7,46126.4,8,0.0007,7.42,None
2024-01-01 03:04:45,6861372,1964587,TCP,143.6,4.409,4752.7,3171.1,11,0.0117,16.42,None
2024-01-01 03:04:50,5256676,3408008,HTTP,424.1,1.15,6174.8,4790.0,8,0.0083,2.24,None
2024-01-01 03:04:55,1540461,6217535,TCP,131.2,0.157,2586.0,7364.8,15,0.0106,1.41,None
2024-01-01 03:05:00,7582830,6043731,UDP,124.1,5.861,7281.3,3057.9,8,0.0024,14.07,None
2024-01-01 03:05:05,4991136,8575412,UDP,107.4,5.065,3455.3,21559.2,11,0.0007,11.82,None
2024-01-01 03:05:10,6796877,1731725,TCP,215.3,2.307,10068.1,7554.6,6,0.0008,19.44,None
2024-01-01 03:05:15,9683376,7763321,TCP,135.6,1.262,650.5,9154.1,8,0.0028,18.73,None
2024-01-01 03:05:20,4631142,3207973,TCP,107.3,0.195,2103.2,15065.7,9,0.0024,6.88,None
2024-01-01 03:05:25,6094499,8786606,TCP,287.3,3.128,2774.4,7542.3,13,0.0014,12.29,None
2024-01-01 03:05:30,8110779,3593755,DNS,301.8,0.157,206.0,3577.6,7,0.0031,18.14,None
2024-01-01 03:05:35,6960673,5560307,DNS,109.9,0.142,1006.3,7608.2,11,0.0076,6.5,None
2024-01-01 03:05:40,9817080,5380593,TCP,58.4,1.542,1321.3,3442.0,10,0.0299,8.69,None
2024-01-01 03:05:45,1378252,3826907,UDP,245.6,0.349,7694.1,9027.0,13,0.0255,1.44,None
2024-01-01 03:05:50,4058133,6036225,HTTP,105.4,0.016,1470.2,21959.1,15,0.0032,3.13,None
2024-01-01 03:05:55,8013985,5275010,DNS,220.4,1.1,1315.4,2502.4,10,0.0007,14.65,None
2024-01-01 03:06:00,4804343,1269348,TCP,55.4,0.295,6751.3,1750.5,8,0.0543,11.92,None
2024-01-01 03:06:05,1759577,4049535,TCP,231.9,0.35,591.2,8512.2,13,0.0065,4.05,None
2024-01-01 03:06:10,7157568,9351900,UDP,81.0,0.16,375.7,3760.1,15,0.0383,0.17,None
2024-01-01 03:06:15,3801920,1312812,HTTP,213.9,0.459,2076.4,8364.4,11,0.0077,4.06,None
2024-01-01 03:06:20,6763445,7325382,DNS,149.5,2.514,700.8,11163.5,13,0.0217,17.99,None
2024-01-01 03:06:25,4585857,2626795,DNS,92.1,3.31,728.0,949.9,10,0.0059,2.25,None
2024-01-01 03:06:30,4655567,9569196,UDP,121.1,1.205,5289.3,16152.8,8,0.0097,9.66,None
2024-01-01 03:06:35,1100624,6239653,DNS,209.2,1.413,7157.9,2515.8,15,0.0077,5.73,None
2024-01-01 03:06:40,5613071,6024379,UDP,156.5,0.066,6560.8,7924.0,12,0.0025,13.19,None
2024-01-01 03:06:45,3919383,3078666,HTTP,198.8,0.144,9034.2,4190.7,7,0.0144,12.28,None
2024-01-01 03:06:50,3462515,8138449,UDP,398.7,0.596,10312.7,4665.9,11,0.0006,23.59,None
2024-01-01 03:06:55,7142295,3738969,TCP,67.9,1.57,354.7,44088.7,17,0.0045,18.55,None
2024-01-01 03:07:00,1456925,6912184,HTTP,333.2,2.691,4677.0,11150.8,12,0.0204,22.52,None
2024-01-01 03:07:05,1405375,4664396,DNS,156.4,1.858,1755.3,20024.0,8,0.007,13.87,None
2024-01-01 03:07:10,5034738,9186346,HTTP,94.7,0.996,1411.7,9423.3,8,0.0008,17.71,None
2024-01-01 03:07:15,5719081,7770753,UDP,76.3,0.252,5220.8,15063.3,13,0.0023,21.48,None
2024-01-01 03:07:20,9922645,5810272,DNS,135.0,3.035,528.3,12300.3,14,0.0012,0.99,None
2024-01-01 03:07:25,2991122,3816534,TCP,235.3,0.904,517.4,10451.0,9,0.0033,21.97,None
2024-01-01 03:07:30,2083967,8649519,HTTP,139.2,2.664,5617.1,24517.8,6,0.0018,5.08,None
2024-01-01 03:07:35,2091050,4299166,HTTP,315.9,1.439,4855.1,9475.9,11,0.0124,16.92,None
2024-01-01 03:07:40,9405305,9639638,UDP,71.8,2.684,3417.7,79630.2,8,0.0108,18.56,None
2024-01-01 03:07:45,5928674,1484958,TCP,147.5,4.757,1236.6,21174.0,11,0.0015,2.62,None
2024-01-01 03:07:50,1388939,2692112,HTTP,79.3,5.077,6271.9,2592.7,8,0.0059,22.87,None
2024-01-01 03:07:55,7358017,6049494,UDP,178.0,1.532,5885.8,6791.7,8,0.0035,22.24,None
2024-01-01 03:08:00,3594085,9164400,TCP,231.2,1.433,3246.4,12053.1,9,0.0041,15.71,None
2024-01-01 03:08:05,7689347,9994610,HTTP,120.3,0.618,918.4,8471.8,13,0.0086,3.73,None
2024-01-01 03:08:10,1897579,1686040,UDP,40.4,5.491,1948.4,16104.8,11,0.0229,13.59,None
2024-01-01 03:08:15,2994170,9156564,HTTP,163.9,1.225,6890.1,17980.0,7,0.0228,8.26,None
2024-01-01 03:08:20,6925652,3483589,DNS,184.6,0.273,11239.5,2080.6,9,0.0053,22.34,None
2024-01-01 03:08:25,2466694,1161940,DNS,181.7,1.134,2150.5,29175.3,8,0.005,9.76,None
2024-01-01 03:08:30,2750841,2839444,TCP,275.3,0.272,2322.3,4930.4,12,0.0073,16.65,None
2024-01-01 03:08:35,4648433,3337097,HTTP,86.9,1.396,2535.9,4465.3,8,0.0064,15.29,None
2024-01-01 03:08:40,3969515,1584551,TCP,208.5,1.648,3924.1,4451.0,12,0.0006,6.5,None
2024-01-01 03:08:45,6662694,2910408,DNS,269.4,0.824,1667.3,18189.1,10,0.0086,12.85,None
2024-01-01 03:08:50,2740784,4556573,DNS,61.0,0.149,165.0,6203.9,13,0.0088,9.84,None
2024-01-01 03:08:55,7039823,3537076,HTTP,174.1,5.747,9825.8,4173.2,15,0.006,8.99,None
2024-01-01 03:09:00,8037747,3680859,UDP,115.3,2.969,17938.2,5303.1,9,0.0053,20.74,None
2024-01-01 03:09:05,6232952,2094877,TCP,142.5,3.651,1615.8,1346.6,11,0.028,3.35,None
2024-01-01 03:09:10,4555145,2785174,DNS,176.6,0.914,1025.9,3490.6,7,0.0092,9.85,None
2024-01-01 03:09:15,6734633,4462999,TCP,116.3,2.861,2599.0,2345.9,11,0.0169,0.16,None
2024-01-01 03:09:20,3887895,5944805,TCP,105.9,1.329,2471.3,6190.9,11,0.0308,6.29,None
2024-01-01 03:09:25,2664721,3207186,HTTP,151.0,0.449,8066.9,15743.7,10,0.0166,14.92,None
2024-01-01 03:09:30,9493420,8452777,DNS,86.2,0.266,3148.4,14099.2,8,0.0286,2.1,None
2024-01-01 03:09:35,8252696,6874016,UDP,86.2,0.846,1349.3,28474.1,11,0.0142,6.51,None
2024-01-01 03:09:40,3130470,3485550,HTTP,208.4,0.296,797.6,22787.7,4,0.0019,21.13,None
2024-01-01 03:09:45,5682190,5823843,UDP,83.6,12.718,7084.3,4776.2,7,0.0026,16.6,None
2024-01-01 03:09:50,1084611,8387248,TCP,207.1,0.101,5429.0,8259.1,9,0.0022,1.69,None
2024-01-01 03:09:55,3087859,7224518,UDP,187.0,1.164,8609.0,7843.5,7,0.0039,23.82,None
2024-01-01 03:10:00,1078664,1031487,UDP,62.6,1.203,1132.1,942.9,8,0.0044,22.68,None
2024-01-01 03:10:05,3583585,5102696,TCP,105.8,0.715,18740.4,2398.8,8,0.0167,3.4,None
2024-01-01 03:10:10,4784378,3930438,TCP,269.6,1.694,521.3,6854.9,5,0.0045,22.12,None
2024-01-01 03:10:15,3840271,1591861,DNS,90.9,0.325,6060.8,6816.5,10,0.013,13.2,None
2024-01-01 03:10:20,7796935,5119153,HTTP,117.7,3.064,441.6,13525.4,7,0.0234,22.31,None
2024-01-01 03:10:25,5078102,7553918,HTTP,187.0,0.808,1352.4,12882.7,8,0.0012,23.23,None
2024-01-01 03:10:30,8391532,5968123,HTTP,219.6,1.79,14200.4,1379.3,13,0.0,16.65,None
2024-01-01 03:10:35,4406054,4296936,DNS,130.9,2.515,6845.6,13610.5,8,0.022,6.99,None
2024-01-01 03:10:40,1946514,4032583,UDP,110.1,4.397,1726.4,9687.5,8,0.0027,22.19,None
2024-01-01 03:10:45,2070706,2048007,TCP,302.2,3.613,1774.3,15113.9,9,0.0017,13.76,None
2024-01-01 03:10:50,8699958,2733632,DNS,354.1,1.875,3296.5,23549.6,10,0.0035,8.2,None
2024-01-01 03:10:55,6041406,6247775,DNS,242.1,0.983,4984.8,7024.2,13,0.0021,11.04,None
2024-01-01 03:11:00,8182815,3945410,UDP,154.9,1.399,10421.0,28158.0,7,0.0158,9.75,None
2024-01-01 03:11:05,5502873,2265108,HTTP,661.2,12.529,43473.5,3329.6,1,0.0101,22.45,Exfiltration
2024-01-01 03:11:10,5622512,1480427,TCP,1093.0,0.328,83238.7,3147.2,1,0.0018,19.68,Exfiltration
2024-01-01 03:11:15,1338493,8933975,UDP,1556.7,6.452,33955.6,12441.2,1,0.0088,0.75,Exfiltration
2024-01-01 03:11:20,8187045,7708175,DNS,1003.6,9.372,149888.3,5604.0,1,0.0023,0.24,Exfiltration
2024-01-01 03:11:25,4278727,2232625,UDP,1475.5,18.257,46749.5,10526.3,1,0.0022,1.66,Exfiltration
2024-01-01 03:11:30,1364102,2105844,TCP,2393.9,5.285,82467.5,59455.4,1,0.009,14.65,Exfiltration
2024-01-01 03:11:35,4164989,8793815,UDP,1051.5,4.218,35826.5,12010.0,1,0.0109,19.55,Exfiltration
2024-01-01 03:11:40,6082211,6978352,HTTP,1120.4,0.953,76626.8,10018.3,1,0.0042,12.36,Exfiltration
2024-01-01 03:11:45,4441222,8744335,TCP,2652.5,6.899,33568.4,3397.4,1,0.0144,12.83,Exfiltration
2024-01-01 03:11:50,7570760,1613631,HTTP,1251.9,15.534,70528.8,1480.3,1,0.0182,5.77,Exfiltration
2024-01-01 03:11:55,2163072,4598123,TCP,168.2,1.358,798.6,7536.0,16,0.0248,11.02,None
2024-01-01 03:12:00,5353674,4448359,DNS,1491.1,11.529,52427.5,23549.7,1,0.0098,6.16,Exfiltration
2024-01-01 03:12:05,3760145,1648078,DNS,908.8,2.702,75624.4,5866.8,1,0.0025,6.58,Exfiltration
2024-01-01 03:12:10,4733446,3348445,UDP,1088.1,26.962,18432.2,12106.1,1,0.0138,9.39,Exfiltration
2024-01-01 03:12:15,6557295,7234043,HTTP,1209.6,9.538,80319.2,33742.0,1,0.0011,1.14,Exfiltration
2024-01-01 03:12:20,7699806,9416101,HTTP,193.9,1.573,8753.4,32909.5,17,0.002,22.92,None
2024-01-01 03:12:25,6777755,4301945,UDP,964.8,13.15,60506.6,12441.8,1,0.0179,21.94,Exfiltration
2024-01-01 03:12:30,9086611,9801692,UDP,126.4,2.377,109407.2,9605.6,8,0.0242,19.11,None
2024-01-01 03:12:35,1263139,1161878,TCP,364.2,2.703,3107.5,1774.7,11,0.0007,13.64,None
2024-01-01 03:12:40,7384573,3092272,TCP,166.5,0.6,12337.5,4314.8,13,0.0037,19.51,None
2024-01-01 03:12:45,2372046,5096978,TCP,190.4,0.843,8206.1,6119.6,8,0.0099,23.38,None
2024-01-01 03:12:50,1735681,4403170,DNS,207.1,9.307,8071.0,3455.3,8,0.0279,6.81,None
2024-01-01 03:12:55,2730414,6348976,DNS,183.2,0.938,17575.1,10388.5,6,0.0085,8.74,None
2024-01-01 03:13:00,8966112,1095866,UDP,225.8,2.861,1960.0,54811.1,11,0.0172,17.5,None
2024-01-01 03:13:05,2774205,8106232,UDP,109.0,1.206,1810.4,36966.3,11,0.0256,15.43,None
2024-01-01 03:13:10,9093667,3247023,TCP,112.3,3.153,4104.2,10341.1,14,0.0073,19.8,None
2024-01-01 03:13:15,6385155,5582753,DNS,85.6,2.931,2483.2,17666.7,7,0.0135,8.33,None
2024-01-01 03:13:20,4123138,5256175,DNS,184.9,2.204,4099.0,3910.4,9,0.0109,7.45,None
2024-01-01 03:13:25,3060788,3489071,DNS,219.1,3.859,14224.9,35034.5,7,0.0111,14.05,None
2024-01-01 03:13:30,5156326,1900414,HTTP,186.6,5.601,1848.0,1699.4,7,0.0073,3.5,None
2024-01-01 03:13:35,5291334,3138983,TCP,342.8,1.735,2198.0,20187.7,13,0.0098,0.95,None
2024-01-01 03:13:40,5118270,1946981,UDP,148.0,0.542,3548.6,13300.9,11,0.0081,5.86,None
2024-01-01 03:13:45,9690627,9305712,UDP,207.3,1.017,2372.5,3805.3,13,0.0102,3.8,None
2024-01-01 03:13:50,7265239,8464014,HTTP,86.0,2.84,439.7,6576.2,5,0.007,0.16,None
2024-01-01 03:13:55,2440210,4514394,TCP,122.3,2.105,1668.8,2606.5,7,0.0025,18.67,None
2024-01-01 03:14:00,9990766,8186713,UDP,210.1,0.392,5927.6,2719.9,6,0.0118,13.04,None
2024-01-01 03:14:05,5422145,6243578,UDP,226.9,0.105,12550.9,1650.7,8,0.0048,16.05,None
2024-01-01 03:14:10,4215542,4409563,HTTP,128.1,2.297,939.5,17457.3,12,0.0014,3.91,None
2024-01-01 03:14:15,9852704,6086211,UDP,143.2,0.578,935.2,27047.4,6,0.0191,6.16,None
2024-01-01 03:14:20,2022811,3741962,TCP,69.5,1.385,3072.5,932.8,5,0.002,1.44,None
2024-01-01 03:14:25,8336234,6386644,DNS,124.1,2.747,374.1,50935.0,7,0.0078,23.94,None
2024-01-01 03:14:30,3441658,4570504,TCP,231.6,1.654,1910.3,8006.4,9,0.0128,2.47,None
2024-01-01 03:14:35,6654657,1821614,HTTP,197.9,0.174,525.3,10827.6,8,0.0104,2.17,None
2024-01-01 03:14:40,6496021,9284901,TCP,190.6,0.411,11720.1,1858.6,7,0.0018,14.74,None
2024-01-01 03:14:45,5543377,4153664,DNS,152.2,0.495,1381.1,30358.3,9,0.0022,7.97,None
2024-01-01 03:14:50,8182241,4850164,DNS,148.9,0.596,15565.8,9899.6,10,0.0016,21.3,None
2024-01-01 03:14:55,9347555,2244855,TCP,106.7,1.667,9077.2,25306.7,5,0.0008,19.96,None
2024-01-01 03:15:00,7902642,8810955,TCP,210.5,1.402,1561.9,27470.2,5,0.0033,20.84,None
2024-01-01 03:15:05,5700106,9524776,UDP,183.2,0.454,1020.5,30787.8,14,0.0074,17.64,None
2024-01-01 03:15:10,8406646,8269471,DNS,189.8,0.14,2456.4,4237.5,10,0.0019,3.16,None
2024-01-01 03:15:15,8903539,9064539,TCP,114.1,0.376,2684.8,6581.6,8,0.0354,1.53,None
2024-01-01 03:15:20,8882403,1987855,TCP,50.6,8.319,4213.9,4395.3,5,0.012,1.55,None
2024-01-01 03:15:25,5283535,9072308,HTTP,256.9,1.264,1371.2,19832.9,10,0.0088,19.24,None
2024-01-01 03:15:30,8741016,8774844,HTTP,116.8,4.04,6288.0,11303.7,7,0.0114,15.77,None
2024-01-01 03:15:35,1067496,5565331,UDP,96.4,3.778,3886.7,23603.4,8,0.0057,23.54,None
2024-01-01 03:15:40,1386591,5801847,TCP,209.9,1.433,2120.9,24655.1,12,0.0063,15.44,None
2024-01-01 03:15:45,4623209,7122999,TCP,122.0,2.453,1462.6,1440.5,7,0.022,5.98,None
2024-01-01 03:15:50,3434837,7480425,TCP,252.1,0.428,2477.8,31281.1,14,0.0128,2.15,None
2024-01-01 03:15:55,7435179,4650327,UDP,202.0,2.332,1317.0,20970.3,11,0.0089,8.77,None
2024-01-01 03:16:00,2301862,5569693,TCP,208.9,0.636,3160.4,5601.4,14,0.03,4.79,None
2024-01-01 03:16:05,4657045,9039769,HTTP,75.0,3.568,3246.8,11496.4,11,0.0109,15.08,None
2024-01-01 03:16:10,7496929,3171161,DNS,272.0,0.175,3872.7,7160.5,12,0.0051,2.3,None
2024-01-01 03:16:15,2038342,8530670,DNS,169.1,2.967,17435.1,15003.8,6,0.0005,18.54,None
2024-01-01 03:16:20,2526923,2510293,DNS,123.4,0.211,2611.2,5589.3,13,0.005,16.72,None
2024-01-01 03:16:25,8436206,9237479,DNS,159.4,4.26,8140.4,13081.1,10,0.0259,17.67,None
2024-01-01 03:16:30,2179457,1989579,UDP,61.1,0.725,3750.3,8667.2,8,0.0005,23.17,None
2024-01-01 03:16:35,8354439,7953535,HTTP,182.1,2.125,2349.0,5259.6,9,0.002,15.61,None
2024-01-01 03:16:40,7988584,7164701,HTTP,88.7,1.337,2646.1,9800.0,10,0.0165,18.93,None
2024-01-01 03:16:45,3134931,8306660,TCP,75.5,0.912,2810.7,121354.3,20,0.0045,2.05,None
2024-01-01 03:16:50,6253232,8373969,DNS,69.3,2.074,3943.3,4082.5,11,0.0021,22.63,None
2024-01-01 03:16:55,1536898,2982759,TCP,258.9,5.895,1142.2,6311.0,10,0.0169,5.25,None
2024-01-01 03:17:00,2014045,6759476,DNS,108.4,0.084,688.6,4154.3,11,0.0082,11.83,None
2024-01-01 03:17:05,4469366,2151635,TCP,319.5,5.023,5734.7,4613.7,7,0.008,22.97,None
2024-01-01 03:17:10,1655181,6638588,DNS,113.5,1.879,7318.2,18320.5,11,0.0035,4.3,None
2024-01-01 03:17:15,1471196,8463051,UDP,63.2,3.293,6283.2,16578.8,14,0.0112,0.85,None
2024-01-01 03:17:20,2126556,9252474,HTTP,84.9,0.969,3480.6,8055.7,10,0.0198,7.13,None
2024-01-01 03:17:25,4672647,2307368,HTTP,275.3,1.277,6420.3,22613.4,5,0.0139,3.75,None
2024-01-01 03:17:30,2974121,3890733,DNS,137.3,4.063,6084.1,17915.9,13,0.0095,16.03,None
2024-01-01 03:17:35,3155020,1794743,UDP,112.8,1.072,6552.7,6888.9,16,0.0043,6.68,None
2024-01-01 03:17:40,9367131,3530468,HTTP,160.8,1.53,1262.0,1747.8,8,0.0193,1.51,None
2024-01-01 03:17:45,4405055,1423659,HTTP,190.7,0.041,995.3,18578.9,12,0.0083,21.43,None
2024-01-01 03:17:50,6453167,2445442,TCP,259.5,0.345,2021.2,9601.4,15,0.022,1.19,None
2024-01-01 03:17:55,7032778,3567281,TCP,306.2,2.053,2929.6,8285.2,10,0.0029,6.51,None
2024-01-01 03:18:00,8881456,7292020,TCP,124.0,2.524,2340.4,5084.5,14,0.0106,5.77,None
2024-01-01 03:18:05,5671273,3657961,TCP,76.5,1.747,456.4,17062.7,11,0.0274,0.56,None
2024-01-01 03:18:10,5060481,5368667,TCP,120.7,0.309,16675.4,11481.5,10,0.0047,3.97,None
2024-01-01 03:18:15,6010865,3141750,HTTP,169.0,1.179,2266.4,6394.4,15,0.0302,19.56,None
2024-01-01 03:18:20,1666171,3229840,UDP,91.7,0.877,3542.9,2379.3,9,0.005,0.9,None
2024-01-01 03:18:25,4904604,6699280,HTTP,92.0,1.369,10348.0,23574.7,5,0.0058,0.56,None
2024-01-01 03:18:30,7386050,9773948,UDP,176.2,4.086,285.7,14837.4,16,0.0164,15.22,None
2024-01-01 03:18:35,8860218,2307224,DNS,144.8,2.991,1787.0,10460.9,12,0.003,2.13,None
2024-01-01 03:18:40,6205095,2571756,HTTP,150.9,0.175,2024.1,568.6,7,0.0122,8.92,None
2024-01-01 03:18:45,4988070,5467962,DNS,101.6,4.42,2129.6,7801.8,9,0.0035,0.05,None
2024-01-01 03:18:50,3246472,4208898,UDP,132.3,1.276,2506.2,6366.4,7,0.009,8.7,None
2024-01-01 03:18:55,8672941,8740793,TCP,93.5,2.724,12671.8,4365.6,13,0.015,7.63,None
2024-01-01 03:19:00,6547702,9585516,UDP,231.6,0.302,5845.7,17227.0,7,0.0003,14.7,None
2024-01-01 03:19:05,7462760,8700586,HTTP,249.0,2.222,7770.1,16561.9,10,0.0009,11.98,None
2024-01-01 03:19:10,1790739,4334833,HTTP,59.0,0.539,3124.8,12541.8,5,0.0272,16.28,None
2024-01-01 03:19:15,4893072,5908045,UDP,93.2,1.154,735.6,22877.1,8,0.0169,22.46,None
2024-01-01 03:19:20,4225711,8095290,UDP,70.2,0.034,372.5,2915.2,13,0.021,19.08,None
2024-01-01 03:19:25,5196737,5961520,UDP,107.2,0.329,645.9,5147.9,10,0.0058,22.41,None
2024-01-01 03:19:30,3143774,2059489,UDP,142.3,0.193,4271.7,8732.4,8,0.0126,1.3,None
2024-01-01 03:19:35,6355270,6048440,HTTP,71.9,0.548,3077.2,4350.3,11,0.0636,23.77,None
2024-01-01 03:19:40,9812604,8051938,DNS,93.6,0.211,2415.9,16767.0,4,0.0057,7.73,None
2024-01-01 03:19:45,9406183,6417140,TCP,89.8,2.355,2062.0,4806.9,8,0.0188,6.64,None
2024-01-01 03:19:50,9526196,8005667,TCP,164.6,0.059,22286.2,29684.2,7,0.0008,9.68,None
2024-01-01 03:19:55,7523183,6989861,DNS,153.6,1.923,1309.1,3193.4,12,0.0078,18.8,None
2024-01-01 03:20:00,9601971,7921782,TCP,103.5,0.303,7538.8,68321.8,11,0.0041,22.9,None
2024-01-01 03:20:05,8366988,3469161,UDP,13.5,5.807,556.7,61654.2,24,0.7048,13.3,PortScan
2024-01-01 03:20:10,6594160,1253272,UDP,22.2,5.409,769.5,7370.5,22,0.0902,3.71,PortScan
2024-01-01 03:20:15,2065089,5181146,UDP,129.6,0.511,9668.6,25493.3,6,0.0046,5.14,None
2024-01-01 03:20:20,8712583,3155608,UDP,20.9,1.906,573.7,5429.3,25,0.0186,9.73,PortScan
2024-01-01 03:20:25,3890259,2597788,HTTP,29.0,0.057,546.5,22321.1,17,0.1187,8.78,PortScan
2024-01-01 03:20:30,7979730,1307304,UDP,23.0,5.37,301.6,6795.5,28,0.1099,5.72,PortScan
2024-01-01 03:20:35,9763517,9186898,HTTP,24.3,1.48,310.2,2240.7,17,0.051,20.41,PortScan
2024-01-01 03:20:40,5073560,3480389,HTTP,19.4,0.088,562.8,236.8,22,0.0377,6.72,PortScan
2024-01-01 03:20:45,6338781,3275371,DNS,25.6,0.839,567.4,6193.7,15,0.4828,14.23,PortScan
2024-01-01 03:20:50,5836115,1305376,UDP,223.5,0.16,1498.2,10711.4,5,0.0174,11.5,None
2024-01-01 03:20:55,2808272,5950891,TCP,320.2,0.998,2194.9,30647.8,7,0.0044,22.16,None
2024-01-01 03:21:00,6284208,8390877,HTTP,84.7,2.217,1668.0,8405.4,9,0.0022,15.09,None
2024-01-01 03:21:05,7661860,4024891,TCP,93.8,1.269,7342.1,22090.7,4,0.0032,7.97,None
2024-01-01 03:21:10,7510978,7535887,TCP,246.9,0.968,2710.3,5146.4,4,0.0232,15.33,None
2024-01-01 03:21:15,8365077,7241998,HTTP,170.0,0.254,814.3,5783.2,7,0.0174,7.65,None
2024-01-01 03:21:20,4341450,2367614,DNS,195.5,0.562,1446.0,23249.4,18,0.0002,2.18,None
2024-01-01 03:21:25,3527148,4761508,DNS,176.0,0.211,121.6,689.1,13,0.0016,11.64,None
2024-01-01 03:21:30,4237943,1434703,HTTP,180.4,3.295,1818.0,8209.0,8,0.0112,20.64,None
2024-01-01 03:21:35,5151664,6774205,DNS,76.5,0.291,3095.3,5431.9,14,0.0038,21.82,None
2024-01-01 03:21:40,4338294,9114605,HTTP,250.6,1.81,2601.6,31590.5,10,0.0252,13.05,None
2024-01-01 03:21:45,5498630,2382039,UDP,266.3,0.839,21593.6,4777.9,13,0.0154,16.79,None
2024-01-01 03:21:50,5582532,8580781,UDP,132.3,0.512,5297.1,13583.1,10,0.0208,14.66,None
2024-01-01 03:21:55,7995377,2082091,TCP,145.2,2.04,5066.7,20363.9,11,0.0021,19.46,None
2024-01-01 03:22:00,1541005,6917738,DNS,69.0,1.221,576.4,1821.5,4,0.0016,2.48,None
2024-01-01 03:22:05,8390185,6121358,HTTP,191.9,1.022,2070.1,7048.9,12,0.0269,9.63,None
2024-01-01 03:22:10,2968168,7251022,UDP,197.6,1.797,1832.3,5262.5,8,0.0052,6.07,None
2024-01-01 03:22:15,3603154,6532461,TCP,143.9,1.352,1358.2,20874.7,10,0.0054,0.16,None
2024-01-01 03:22:20,3613528,9065061,HTTP,260.4,0.723,1339.6,15916.0,9,0.0115,19.92,None
2024-01-01 03:22:25,9356102,6816980,DNS,125.6,1.638,488.8,6417.6,6,0.0051,3.22,None
2024-01-01 03:22:30,2806823,2920896,HTTP,196.8,2.214,832.3,2842.9,14,0.0208,7.76,None
2024-01-01 03:22:35,5204731,6343861,HTTP,89.1,0.054,7144.5,22882.9,9,0.032,20.81,None
2024-01-01 03:22:40,4280800,2357490,HTTP,146.7,1.254,2584.0,7573.0,6,0.004,17.31,None
2024-01-01 03:22:45,6179501,6633041,TCP,136.0,0.119,1796.5,1606.2,10,0.0023,13.63,None
2024-01-01 03:22:50,5728208,1324099,UDP,166.1,0.413,2964.9,1750.4,10,0.0008,7.45,None
2024-01-01 03:22:55,4303087,8862188,TCP,123.4,1.644,9579.6,12552.0,6,0.0024,12.37,None
2024-01-01 03:23:00,4009140,3971798,DNS,139.0,4.023,2993.5,2262.4,9,0.0015,1.35,None
2024-01-01 03:23:05,2574878,9988829,UDP,224.3,4.288,5117.3,52033.7,17,0.0003,17.46,None
2024-01-01 03:23:10,1009970,8405428,HTTP,119.3,0.145,1278.4,3174.6,7,0.0005,5.7,None
2024-01-01 03:23:15,4370498,4514480,TCP,66.5,1.086,1605.8,8100.2,5,0.0071,11.5,None
2024-01-01 03:23:20,2485647,9851629,TCP,356.0,1.749,4247.0,9500.6,9,0.0123,2.27,None
2024-01-01 03:23:25,5212028,1280613,DNS,296.1,0.318,19784.5,3907.4,7,0.0409,17.06,None
2024-01-01 03:23:30,5932734,7722337,TCP,77.8,2.9,12453.7,862.8,11,0.0017,21.5,None
2024-01-01 03:23:35,5573250,1402000,UDP,209.5,2.727,5339.2,9807.4,15,0.012,10.94,None
2024-01-01 03:23:40,7335729,2814219,HTTP,115.4,4.673,3468.3,3815.2,9,0.0081,2.0,None
2024-01-01 03:23:45,1827908,9437817,HTTP,169.3,0.017,12101.3,9104.6,9,0.0065,22.68,None
2024-01-01 03:23:50,5684606,8604523,HTTP,171.9,0.488,6599.0,7170.1,10,0.0128,10.73,None
2024-01-01 03:23:55,9013882,8511843,UDP,132.0,3.511,300.8,10543.8,12,0.0027,1.93,None
2024-01-01 03:24:00,4590324,4398756,HTTP,100.3,2.221,1039.1,38633.3,8,0.0037,4.52,None
2024-01-01 03:24:05,9612475,5891168,TCP,105.1,4.496,4180.3,4693.0,11,0.0049,2.88,None
2024-01-01 03:24:10,9163021,8371002,DNS,93.9,0.118,499.2,5070.3,14,0.002,4.74,None
2024-01-01 03:24:15,1074283,3479743,DNS,97.9,1.817,1214.9,1531.8,12,0.0065,3.74,None
2024-01-01 03:24:20,9479334,6034973,HTTP,143.5,1.684,1480.6,6666.3,13,0.0014,22.15,None
2024-01-01 03:24:25,2167728,7711768,DNS,103.8,0.073,2307.3,12208.3,12,0.0038,5.02,None
2024-01-01 03:24:30,8283610,5249967,TCP,208.7,1.441,2236.3,4996.6,12,0.0012,10.61,None
2024-01-01 03:24:35,8858701,2069825,DNS,312.2,1.881,2232.5,12288.6,8,0.0004,17.52,None
2024-01-01 03:24:40,2843462,5039597,DNS,111.0,0.425,6804.3,6785.1,11,0.0044,16.25,None
2024-01-01 03:24:45,2135732,4687529,UDP,167.3,0.639,2286.5,2203.3,7,0.0096,22.96,None
2024-01-01 03:24:50,3232260,6155240,TCP,190.5,2.045,2029.1,11069.9,6,0.0016,23.18,None
2024-01-01 03:24:55,4165503,2424924,UDP,187.9,1.263,773.4,6595.7,9,0.0503,13.7,None
2024-01-01 03:25:00,6081441,9195158,TCP,154.2,3.904,8302.8,9161.4,11,0.0032,18.06,None
2024-01-01 03:25:05,5211933,1494895,UDP,215.2,0.838,1523.1,4596.5,9,0.0002,9.27,None
2024-01-01 03:25:10,4924370,9728423,UDP,188.9,0.62,1005.2,4207.4,14,0.0003,10.3,None
2024-01-01 03:25:15,7134091,6025374,UDP,79.9,8.382,3688.9,9484.5,8,0.011,2.5,None
2024-01-01 03:25:20,1340789,6996731,TCP,229.2,4.841,1384.5,6434.3,11,0.0111,16.16,None
2024-01-01 03:25:25,6648656,9107749,DNS,231.3,0.059,1761.7,45445.9,11,0.0233,6.49,None
2024-01-01 03:25:30,8160586,4508082,TCP,101.3,2.946,3860.1,18010.9,10,0.001,1.92,None
2024-01-01 03:25:35,6220954,9552941,TCP,151.3,0.234,2150.6,13974.7,13,0.0047,2.36,None
2024-01-01 03:25:40,7158485,8834816,UDP,208.9,0.056,30079.8,6785.3,12,0.022,17.34,None
2024-01-01 03:25:45,4079165,7966035,TCP,133.7,0.64,2766.0,1068.5,8,0.016,5.49,None
2024-01-01 03:25:50,2328556,3858058,DNS,253.8,0.628,5529.4,3613.4,9,0.0027,18.48,None
2024-01-01 03:25:55,8461642,6024237,UDP,483.9,3.422,427.7,4241.6,10,0.0221,21.74,None
2024-01-01 03:26:00,6222443,2056832,DNS,100.2,2.48,1260.6,6155.0,7,0.0114,8.18,None
2024-01-01 03:26:05,8686371,5118157,HTTP,74.4,7.992,1005.3,7837.2,10,0.0031,19.05,None
2024-01-01 03:26:10,2488727,4984338,TCP,172.8,2.486,1147.8,15616.4,10,0.0005,10.29,None
2024-01-01 03:26:15,6400047,4699074,UDP,212.9,1.083,4516.7,10648.2,10,0.0069,18.53,None
2024-01-01 03:26:20,1460626,2932302,HTTP,132.2,2.401,8396.5,25827.7,19,0.0125,7.36,None
2024-01-01 03:26:25,4382826,8540917,TCP,306.9,15.044,4207.5,5931.9,12,0.0031,22.36,None
2024-01-01 03:26:30,6718737,4114688,TCP,76.0,2.477,2376.4,10479.4,9,0.0018,23.69,None
2024-01-01 03:26:35,2549344,6628634,HTTP,209.9,2.868,1586.3,11428.3,13,0.0008,9.27,None
2024-01-01 03:26:40,6611741,1308610,TCP,109.6,5.573,9077.9,10360.2,10,0.0185,4.77,None
2024-01-01 03:26:45,8733316,3152841,HTTP,350.6,0.241,23653.2,29199.0,17,0.0006,16.45,None
2024-01-01 03:26:50,6015144,4312731,UDP,401.9,2.44,3412.0,18101.9,9,0.0094,14.01,None
2024-01-01 03:26:55,7886114,6626495,TCP,101.2,3.805,7626.3,2165.9,7,0.0144,23.8,None
2024-01-01 03:27:00,3441751,1846775,UDP,112.8,6.175,4202.2,7227.6,9,0.0152,19.48,None
2024-01-01 03:27:05,8301703,3559804,DNS,228.1,0.474,6345.5,7990.6,15,0.0106,20.04,None
2024-01-01 03:27:10,9269854,1377721,UDP,122.3,1.402,930.2,69671.1,8,0.0106,17.44,None
2024-01-01 03:27:15,3173465,7365020,DNS,145.1,2.282,1829.6,5826.7,7,0.0064,8.42,None
2024-01-01 03:27:20,5171234,6745648,UDP,150.3,0.569,4427.0,3033.6,11,0.0054,22.46,None
2024-01-01 03:27:25,3344147,8589337,UDP,56.8,1.835,10021.5,12560.7,6,0.0015,11.18,None
2024-01-01 03:27:30,4349735,9422640,UDP,147.4,0.596,1315.4,13319.5,4,0.0077,9.59,None
2024-01-01 03:27:35,1031278,9359671,UDP,105.1,0.811,390.2,7526.8,7,0.0007,4.66,None
2024-01-01 03:27:40,4599274,2671427,DNS,116.0,1.165,1811.2,6501.2,13,0.0063,7.29,None
2024-01-01 03:27:45,8809005,9350993,UDP,305.5,1.507,8185.6,20929.3,12,0.0131,0.05,None
2024-01-01 03:27:50,3933771,7975765,HTTP,79.2,1.193,611.6,3450.9,11,0.0058,15.84,None
2024-01-01 03:27:55,5560983,6407562,UDP,222.9,1.359,918.8,5762.0,11,0.0071,14.53,None
2024-01-01 03:28:00,1714869,5740168,UDP,129.1,0.709,3483.9,4807.1,8,0.0185,9.67,None
2024-01-01 03:28:05,8734303,5629073,TCP,129.0,0.346,2654.5,24194.8,9,0.0104,23.21,None
2024-01-01 03:28:10,9122704,4628891,UDP,220.3,0.097,5401.7,10780.5,16,0.0014,16.63,None
2024-01-01 03:28:15,4597272,8034646,TCP,175.9,0.436,872.4,2793.4,13,0.0078,5.83,None
2024-01-01 03:28:20,7727664,3203394,HTTP,197.4,1.744,2153.9,3088.7,8,0.0045,9.09,None
2024-01-01 03:28:25,3732394,6874630,TCP,240.8,3.085,9849.6,52755.1,11,0.0023,12.38,None
2024-01-01 03:28:30,2367189,9819911,UDP,125.8,0.371,904.2,23937.9,10,0.0104,13.09,None
2024-01-01 03:28:35,3557674,1109867,UDP,109.3,0.23,13054.8,18798.8,8,0.0049,6.62,None
2024-01-01 03:28:40,2866206,4327896,HTTP,86.3,2.767,1025.1,8202.9,9,0.0146,5.99,None
2024-01-01 03:28:45,3428206,9286747,UDP,98.2,0.728,6970.1,36624.5,6,0.0088,7.19,None
2024-01-01 03:28:50,6420832,4056885,DNS,648.4,6.052,2053.0,2688.1,10,0.0011,23.12,None
2024-01-01 03:28:55,8106380,5350347,DNS,276.5,2.506,948.7,17205.2,15,0.0043,8.63,None
2024-01-01 03:29:00,4301948,1955386,TCP,75.5,0.791,1813.7,5201.6,10,0.0031,8.98,None
2024-01-01 03:29:05,8780017,8968762,TCP,76.6,0.684,5140.6,6317.7,13,0.0016,17.29,None
2024-01-01 03:29:10,4086137,6519104,DNS,188.8,1.483,2960.6,16743.9,7,0.0161,3.91,None
2024-01-01 03:29:15,9694492,8555158,UDP,195.1,0.165,9122.2,7019.5,11,0.0048,15.44,None
2024-01-01 03:29:20,9677039,7019736,DNS,195.3,0.25,12528.2,5246.4,8,0.0095,15.99,None
2024-01-01 03:29:25,9500353,4132137,TCP,130.7,0.387,913.2,4938.6,13,0.0214,1.55,None
2024-01-01 03:29:30,9747470,6435461,HTTP,139.4,2.981,848.7,1111.7,15,0.0078,4.56,None
2024-01-01 03:29:35,1646189,6626183,HTTP,174.9,1.443,808.5,17382.2,7,0.003,11.2,None
2024-01-01 03:29:40,2078313,3482136,UDP,154.9,0.021,1212.9,2961.3,14,0.0156,20.05,None
2024-01-01 03:29:45,3239345,6873893,UDP,48.9,2.239,8993.1,51969.4,10,0.0057,17.58,None
2024-01-01 03:29:50,4808947,6233508,HTTP,132.3,1.102,5220.6,6077.7,13,0.0083,20.96,None
2024-01-01 03:29:55,7046699,7995555,HTTP,97.0,1.43,1728.4,30014.6,14,0.0232,20.42,None
2024-01-01 03:30:00,9828434,5458299,UDP,162.0,0.482,2948.0,1327.4,12,0.0067,12.28,None
2024-01-01 03:30:05,7254139,6823441,UDP,660.3,1.605,12140.5,16839.5,8,0.0041,14.93,None
2024-01-01 03:30:10,8227335,8842306,TCP,178.3,7.741,20090.7,21775.8,12,0.013,22.1,None
2024-01-01 03:30:15,6273277,1681284,UDP,126.9,0.153,3863.7,29838.8,5,0.0014,17.79,None
2024-01-01 03:30:20,3954617,2847879,TCP,235.3,0.668,208.7,1758.1,11,0.0245,8.59,None
2024-01-01 03:30:25,5734049,4602867,DNS,188.9,0.557,4013.0,4012.9,10,0.0247,8.41,None
2024-01-01 03:30:30,5345405,4477540,UDP,183.1,0.571,7591.2,14422.0,9,0.0087,8.8,None
2024-01-01 03:30:35,1542899,6697937,HTTP,201.0,0.952,3731.7,9399.8,2,0.0017,11.88,None
2024-01-01 03:30:40,9701368,8568966,DNS,415.0,3.409,6164.2,10865.6,10,0.006,8.7,None
2024-01-01 03:30:45,4287278,5041959,DNS,84.3,4.88,4260.2,5651.7,6,0.0055,4.5,None
2024-01-01 03:30:50,5822855,7984547,UDP,188.1,0.452,867.3,38207.9,15,0.0035,14.28,None
2024-01-01 03:30:55,2722642,7002503,DNS,93.4,1.566,1228.8,110025.3,13,0.0019,20.86,None
2024-01-01 03:31:00,9357643,3775876,HTTP,195.9,2.026,2162.1,8991.0,11,0.0031,11.82,None
2024-01-01 03:31:05,6081579,2445692,HTTP,93.8,1.476,8650.9,12751.7,14,0.0081,5.26,None
2024-01-01 03:31:10,9728378,4806140,UDP,120.5,1.139,1385.9,8571.9,9,0.0116,19.51,None
2024-01-01 03:31:15,5938102,6858941,UDP,128.1,0.426,4702.7,29262.2,9,0.0389,18.14,None
2024-01-01 03:31:20,1380697,2894276,UDP,241.8,1.34,4038.8,18566.5,7,0.0024,16.81,None
2024-01-01 03:31:25,3964132,5356264,UDP,234.9,1.026,14562.4,2789.5,12,0.0023,16.19,None
2024-01-01 03:31:30,3791879,4695340,HTTP,79.6,3.175,2859.3,4390.9,10,0.0012,18.77,None
2024-01-01 03:31:35,9367156,9051405,UDP,152.5,2.884,515.6,2953.4,10,0.028,19.93,None
2024-01-01 03:31:40,9341158,9152872,TCP,104.1,0.288,5692.3,119949.0,13,0.0048,21.56,None
2024-01-01 03:31:45,4754554,9578994,HTTP,79.1,0.185,25287.2,15295.5,16,0.0258,14.64,None
2024-01-01 03:31:50,3622954,7169264,TCP,133.2,4.775,6077.7,4466.3,8,0.022,9.45,None
2024-01-01 03:31:55,3612523,5903470,UDP,127.2,1.534,1356.1,4123.5,9,0.0004,2.16,None
2024-01-01 03:32:00,1371529,9958852,HTTP,499.4,3.901,1010.4,18128.3,15,0.0033,17.34,None
2024-01-01 03:32:05,8898968,2397200,UDP,184.3,0.12,1149.4,20028.7,14,0.0036,3.39,None
2024-01-01 03:32:10,9273212,6021371,TCP,74.5,1.495,22099.5,17999.7,11,0.0032,20.84,None
2024-01-01 03:32:15,7967392,8384186,TCP,111.9,1.551,2148.8,5294.6,11,0.0055,9.74,None
2024-01-01 03:32:20,4561573,4607069,HTTP,247.3,3.942,1536.6,11002.1,12,0.0069,21.03,None
2024-01-01 03:32:25,4330966,5840587,HTTP,421.7,0.205,2544.2,9053.6,7,0.0142,12.44,None
2024-01-01 03:32:30,2264167,9327310,DNS,67.2,0.55,2171.3,3177.1,9,0.0031,10.88,None
2024-01-01 03:32:35,9758580,4699341,DNS,58.0,1.044,14294.8,3208.3,12,0.0035,8.73,None
2024-01-01 03:32:40,2195122,5504711,UDP,378.2,4.017,1080.9,12233.9,11,0.0091,1.47,None
2024-01-01 03:32:45,5333810,4225371,UDP,180.3,5.59,9707.4,9862.1,7,0.002,0.28,None
2024-01-01 03:32:50,5455126,5483050,DNS,96.1,9.847,3368.1,14091.8,16,0.0064,12.21,None
2024-01-01 03:32:55,2999027,1155475,TCP,193.9,6.398,9966.9,17872.6,7,0.0029,21.63,None
2024-01-01 03:33:00,3091624,1473648,DNS,39.7,0.012,14510.4,36293.1,12,0.0022,14.07,None
2024-01-01 03:33:05,3734116,3341672,DNS,148.7,0.098,3244.8,3729.7,7,0.0159,20.7,None
2024-01-01 03:33:10,8449917,8894887,UDP,174.8,0.319,2175.3,15218.0,15,0.0123,23.99,None
2024-01-01 03:33:15,4953793,4211645,HTTP,235.6,0.858,3184.9,17140.5,14,0.0029,4.29,None
2024-01-01 03:33:20,9503235,5317948,UDP,89.4,3.543,2711.4,5930.5,10,0.0054,15.83,None
2024-01-01 03:33:25,3399913,4729596,HTTP,154.9,4.463,568.5,9153.2,10,0.0017,10.01,None
2024-01-01 03:33:30,3137788,4717083,TCP,93.4,0.414,14079.6,6084.1,7,0.0005,5.01,None
2024-01-01 03:33:35,8753732,4640827,DNS,168.6,1.933,3811.5,66742.0,8,0.0088,5.78,None
2024-01-01 03:33:40,9527062,1973009,TCP,94.9,4.987,931.6,8998.9,6,0.0045,5.87,None
2024-01-01 03:33:45,1343076,6854768,DNS,121.0,1.246,377.1,12727.3,11,0.0023,17.51,None
2024-01-01 03:33:50,3123588,9462792,TCP,90.2,0.219,290.7,6223.1,9,0.0012,8.52,None
2024-01-01 03:33:55,7547693,9805697,HTTP,205.5,1.224,6441.3,5015.9,10,0.0114,6.14,None
2024-01-01 03:34:00,2229325,4466440,DNS,228.0,0.943,1605.2,2203.9,14,0.0032,21.26,None
2024-01-01 03:34:05,3894258,1940569,DNS,132.0,1.724,1891.5,24339.8,11,0.0238,0.82,None
2024-01-01 03:34:10,4518145,5307423,TCP,151.3,1.155,4856.9,17473.4,14,0.0021,17.65,None
2024-01-01 03:34:15,2628092,2250178,HTTP,71.9,0.035,1779.3,5996.3,14,0.0028,23.05,None
2024-01-01 03:34:20,8769155,8266705,TCP,127.8,10.231,5148.8,3293.2,13,0.0191,15.02,None
2024-01-01 03:34:25,9076738,3150868,HTTP,144.7,1.569,3278.9,9700.3,12,0.0085,13.16,None
2024-01-01 03:34:30,6112811,7358305,TCP,550.3,1.284,2740.4,4926.1,9,0.0011,1.47,None
2024-01-01 03:34:35,4626537,4804484,UDP,85.1,6.185,618.5,6489.6,15,0.008,12.07,None
2024-01-01 03:34:40,8040059,2209022,HTTP,308.6,0.339,1313.3,2290.3,7,0.0037,8.67,None
2024-01-01 03:34:45,4754950,5352543,UDP,244.3,0.42,5445.4,10067.5,8,0.0134,18.67,None
2024-01-01 03:34:50,9103546,4522430,TCP,170.8,3.301,1507.2,10270.2,5,0.0008,19.48,None
2024-01-01 03:34:55,9247602,8442157,HTTP,357.6,0.604,9950.4,24214.9,9,0.025,4.02,None
2024-01-01 03:35:00,8506355,2412306,TCP,178.8,3.211,31144.8,6969.2,7,0.0065,12.53,None
2024-01-01 03:35:05,3853403,8641411,DNS,180.3,0.634,5746.7,5804.8,7,0.0133,20.64,None
2024-01-01 03:35:10,6575375,2094457,UDP,144.5,0.068,13264.3,1708.3,5,0.0122,14.99,None
2024-01-01 03:35:15,4565196,2640666,HTTP,273.6,1.456,6128.6,24366.4,17,0.002,11.54,None
2024-01-01 03:35:20,5825651,5855990,UDP,256.8,0.438,1747.1,19787.8,10,0.0212,21.55,None
2024-01-01 03:35:25,2330578,2477718,TCP,108.5,2.836,3641.5,8339.3,6,0.0026,23.2,None
2024-01-01 03:35:30,2746987,7586947,TCP,76.7,2.05,22321.8,2144.7,9,0.0021,5.65,None
2024-01-01 03:35:35,7722201,8701131,HTTP,134.1,5.144,1766.0,2405.4,7,0.0074,4.39,None
2024-01-01 03:35:40,6775342,5288319,UDP,99.5,3.056,1054.3,4688.6,13,0.0417,20.76,None
2024-01-01 03:35:45,1103509,3148446,DNS,143.8,0.399,958.9,21273.7,11,0.0038,5.83,None
2024-01-01 03:35:50,5273063,7180424,HTTP,275.5,3.22,2398.2,10832.8,9,0.0334,20.35,None
2024-01-01 03:35:55,5694087,8899852,DNS,118.1,2.053,1092.8,1820.1,11,0.0057,7.23,None
2024-01-01 03:36:00,3956918,1164769,UDP,145.3,2.211,15899.1,12139.4,5,0.018,0.46,None
2024-01-01 03:36:05,5568584,9661749,HTTP,152.8,3.571,3701.0,3501.2,12,0.0075,10.13,None
2024-01-01 03:36:10,2846381,8586734,TCP,226.8,1.706,7877.2,4806.8,14,0.0023,0.97,None
2024-01-01 03:36:15,1246470,2504405,TCP,48.3,1.255,2211.3,21412.7,10,0.0212,4.99,None
2024-01-01 03:36:20,2289392,2530886,UDP,109.6,2.025,953.2,17422.3,12,0.0007,11.5,None
2024-01-01 03:36:25,5926855,8661091,DNS,164.9,0.708,804.8,24175.6,12,0.0115,0.92,None
2024-01-01 03:36:30,8994798,3724360,UDP,270.4,0.403,1202.3,7917.8,8,0.0178,0.8,None
2024-01-01 03:36:35,4120021,2867050,UDP,116.1,1.917,4219.7,19594.9,10,0.0178,3.72,None
2024-01-01 03:36:40,9960572,1612483,HTTP,58.1,0.533,5013.5,4509.1,6,0.0107,11.11,None
2024-01-01 03:36:45,8292152,7976549,HTTP,202.3,0.167,5449.0,6263.1,13,0.0029,23.38,None
2024-01-01 03:36:50,5823600,7492150,UDP,108.0,0.001,672.7,5847.1,6,0.0076,2.24,None
2024-01-01 03:36:55,1980133,9986591,DNS,81.9,1.875,2979.7,8298.8,8,0.0099,14.93,None
2024-01-01 03:37:00,4500261,7288977,UDP,108.6,0.899,1068.4,2238.4,10,0.022,11.93,None
2024-01-01 03:37:05,2397435,4328756,UDP,135.3,2.791,4453.6,6470.4,7,0.0017,1.44,None
2024-01-01 03:37:10,2665820,7766849,UDP,109.7,0.941,4813.0,34601.7,10,0.0063,0.82,None
2024-01-01 03:37:15,8063120,5645021,TCP,49.3,1.331,923.2,2717.5,7,0.0041,5.32,None
2024-01-01 03:37:20,4863691,5739243,UDP,232.4,1.045,7848.1,2144.5,9,0.0056,16.43,None
2024-01-01 03:37:25,7399819,3331482,TCP,280.7,2.103,30909.6,2324.6,7,0.002,23.1,None
2024-01-01 03:37:30,4944653,9619022,DNS,205.6,0.881,6869.4,116059.6,9,0.0025,13.35,None
2024-01-01 03:37:35,7380305,2791186,DNS,84.0,6.636,2533.0,12898.3,9,0.0147,1.1,None
2024-01-01 03:37:40,8118430,4394983,DNS,134.2,5.502,2172.1,6184.1,6,0.0065,6.19,None
2024-01-01 03:37:45,6340364,1499123,UDP,147.9,3.768,2418.6,8676.0,7,0.0072,22.62,None
2024-01-01 03:37:50,4184064,2523480,TCP,200.2,5.059,1393.1,10174.5,9,0.0228,0.3,None
2024-01-01 03:37:55,8103058,3496762,UDP,207.3,1.193,3836.8,4270.8,14,0.0027,14.45,None
2024-01-01 03:38:00,4560252,7436561,DNS,102.8,1.538,954.8,4830.9,10,0.004,4.29,None
2024-01-01 03:38:05,1165335,1196231,HTTP,154.6,2.71,450.5,6921.0,12,0.0037,1.59,None
2024-01-01 03:38:10,6208759,8030954,HTTP,186.5,2.382,3713.0,3925.5,9,0.0108,6.11,None
2024-01-01 03:38:15,4409219,1539134,UDP,307.3,4.427,3044.9,5448.3,8,0.0083,22.49,None
2024-01-01 03:38:20,6731996,6471544,HTTP,211.1,2.52,1683.8,11534.4,13,0.0064,18.28,None
2024-01-01 03:38:25,7316257,7118524,DNS,220.2,12.317,826.6,2989.5,9,0.011,4.11,None
2024-01-01 03:38:30,8557188,3441336,TCP,154.8,0.857,3982.8,110188.7,9,0.0066,1.58,None
2024-01-01 03:38:35,9328656,3142550,HTTP,300.4,3.579,1107.5,17208.5,7,0.0169,11.84,None
2024-01-01 03:38:40,2688719,9351694,TCP,182.2,2.392,2594.3,2275.4,12,0.0053,1.26,None
2024-01-01 03:38:45,2055704,5614930,HTTP,96.5,2.351,17413.0,680.0,9,0.0221,9.7,None
2024-01-01 03:38:50,5312734,1203415,UDP,299.4,0.789,5716.9,4074.5,9,0.0013,19.21,None
2024-01-01 03:38:55,2061076,8028219,TCP,210.4,3.08,758.1,16064.4,7,0.001,12.02,None
2024-01-01 03:39:00,9667332,6941713,DNS,118.9,4.613,833.1,13233.0,13,0.0107,21.52,None
2024-01-01 03:39:05,8368733,5233836,DNS,116.8,0.493,3469.7,7252.9,10,0.0049,18.99,None
2024-01-01 03:39:10,8407843,8437394,DNS,172.1,1.964,753.5,4440.7,8,0.0061,13.33,None
2024-01-01 03:39:15,3824674,3766872,HTTP,187.1,0.996,402.7,3280.9,8,0.0119,18.97,None
2024-01-01 03:39:20,3179860,4038398,DNS,163.8,9.122,5076.5,5417.6,11,0.0024,2.28,None
2024-01-01 03:39:25,9821838,8233416,DNS,173.4,1.303,4109.0,2944.3,12,0.0004,4.83,None
2024-01-01 03:39:30,8434173,7170658,HTTP,347.2,0.518,4677.9,5437.8,7,0.0058,16.81,None
2024-01-01 03:39:35,5961856,3516584,TCP,253.6,0.962,3877.8,30667.3,9,0.0225,0.14,None
2024-01-01 03:39:40,1935032,6480415,UDP,163.3,2.122,2792.5,3747.2,7,0.006,0.11,None
2024-01-01 03:39:45,8400350,4584854,DNS,237.6,0.158,1537.3,14926.3,7,0.0085,9.13,None
2024-01-01 03:39:50,8469227,6422795,DNS,88.6,1.851,4994.7,17386.1,9,0.0023,20.81,None
2024-01-01 03:39:55,5660169,3772057,DNS,181.1,5.354,13765.0,2752.9,6,0.0062,23.54,None
2024-01-01 03:40:00,2073765,8709951,UDP,366.7,3.799,1805.8,3486.4,8,0.0066,15.6,None
2024-01-01 03:40:05,3380752,9899860,UDP,133.1,0.14,1074.1,23598.6,9,0.0027,22.81,None
2024-01-01 03:40:10,3615657,9825143,UDP,97.1,10.038,958.0,3210.7,15,0.0018,20.34,None
2024-01-01 03:40:15,3924892,1823638,TCP,107.1,2.399,1253.0,7650.4,7,0.0043,4.84,None
2024-01-01 03:40:20,5988917,2438789,HTTP,86.1,0.354,3650.4,62316.6,18,0.0004,9.69,None
2024-01-01 03:40:25,6915500,6448254,DNS,100.2,0.025,350.9,21586.7,8,0.0018,14.97,None
2024-01-01 03:40:30,6815613,7062108,HTTP,123.3,0.376,4624.7,8824.0,9,0.0131,3.63,None
2024-01-01 03:40:35,9616376,6342784,HTTP,73.5,3.642,5675.5,18783.4,10,0.0105,7.51,None
2024-01-01 03:40:40,8973700,8081608,DNS,149.6,0.044,493.7,7662.4,11,0.0038,18.15,None
2024-01-01 03:40:45,5910812,4750167,DNS,233.0,0.531,1119.7,22431.7,12,0.008,8.27,None
2024-01-01 03:40:50,8640287,8484907,HTTP,94.3,2.832,3228.2,1047.1,5,0.0177,22.22,None
2024-01-01 03:40:55,9634384,8605723,TCP,317.2,1.764,2582.5,7049.7,10,0.0183,9.76,None
2024-01-01 03:41:00,4804378,8346374,DNS,191.6,3.053,5012.2,1005.9,9,0.0106,5.27,None
2024-01-01 03:41:05,5748730,1560656,DNS,248.5,2.742,2588.6,9522.0,15,0.0013,5.04,None
2024-01-01 03:41:10,7639564,6565935,DNS,106.8,0.104,10559.4,6398.5,10,0.0018,16.49,None
2024-01-01 03:41:15,8429801,5148196,UDP,227.5,4.461,2162.1,31594.2,16,0.0034,8.84,None
2024-01-01 03:41:20,8463392,9512229,HTTP,86.0,0.515,1115.4,16511.7,13,0.0111,5.69,None
2024-01-01 03:41:25,9824913,8520530,TCP,231.6,1.612,1029.2,4788.2,10,0.003,16.65,None
2024-01-01 03:41:30,6240634,5517808,TCP,161.7,2.067,6219.6,5398.0,14,0.0062,10.11,None
2024-01-01 03:41:35,7595913,8212815,DNS,195.7,0.369,3070.6,11857.3,9,0.0175,20.3,None
2024-01-01 03:41:40,1586624,8400121,DNS,82.5,7.479,5617.9,4570.8,18,0.0222,13.18,None
2024-01-01 03:41:45,2527545,5022925,UDP,94.9,1.339,5503.4,7845.0,8,0.0182,23.33,None
2024-01-01 03:41:50,9064706,3352240,DNS,200.1,0.119,395.5,30233.3,9,0.0012,8.99,None
2024-01-01 03:41:55,6062876,7050904,DNS,92.4,5.538,953.3,3536.4,10,0.0242,6.77,None
2024-01-01 03:42:00,7813928,4777596,HTTP,187.1,1.765,1074.2,5178.8,7,0.0115,15.47,None
2024-01-01 03:42:05,4942983,5871734,HTTP,74.9,2.403,1318.1,5958.5,10,0.0096,17.0,None
2024-01-01 03:42:10,9691042,7375374,UDP,226.8,1.49,1957.9,190626.9,8,0.0028,0.41,None
2024-01-01 03:42:15,2671298,6541087,TCP,80.1,3.6,8096.2,14887.0,8,0.0263,16.07,None
2024-01-01 03:42:20,4723080,4005976,DNS,195.6,0.067,9882.1,25136.3,5,0.0002,4.34,None
2024-01-01 03:42:25,1781376,2877307,DNS,202.9,0.625,2224.1,17468.0,13,0.0009,23.01,None
2024-01-01 03:42:30,4332704,8623960,TCP,104.8,1.268,2318.6,18683.5,12,0.0017,13.82,None
2024-01-01 03:42:35,8412317,9426686,UDP,198.5,0.159,1472.3,13011.3,9,0.0118,3.04,None
2024-01-01 03:42:40,1906846,6318883,HTTP,169.1,2.448,3259.0,11675.7,13,0.0098,1.27,None
2024-01-01 03:42:45,3704782,3037555,DNS,113.4,1.001,3650.1,1899.3,4,0.0289,21.11,None
2024-01-01 03:42:50,5212037,6909091,TCP,89.6,0.637,6677.3,11589.6,7,0.0043,20.41,None
2024-01-01 03:42:55,1532514,1689272,TCP,55.6,0.007,6623.9,7271.1,12,0.0043,10.42,None
2024-01-01 03:43:00,3202849,8905020,UDP,176.8,2.545,298.2,13981.0,8,0.0111,2.1,None
2024-01-01 03:43:05,6960524,6398863,DNS,67.9,3.589,2559.2,7548.8,5,0.0019,9.36,None
2024-01-01 03:43:10,8181973,9089039,HTTP,155.7,1.005,11897.7,17381.5,15,0.0062,18.25,None
2024-01-01 03:43:15,1366759,8620741,TCP,130.1,1.661,1923.5,20742.3,13,0.0002,15.88,None
2024-01-01 03:43:20,6706620,7736397,UDP,208.4,0.517,9313.7,440.5,12,0.009,20.76,None
2024-01-01 03:43:25,7685497,4577195,TCP,127.6,1.947,2194.1,5250.7,8,0.0153,18.03,None
2024-01-01 03:43:30,2698852,3638171,HTTP,125.9,0.024,3550.8,1264.7,13,0.0023,7.92,None
2024-01-01 03:43:35,4891641,4723182,HTTP,214.0,1.341,956.3,10290.2,10,0.0037,8.19,None
2024-01-01 03:43:40,7976938,3492313,TCP,175.5,2.067,993.0,5998.7,12,0.0014,15.55,None
2024-01-01 03:43:45,2108026,8619630,DNS,173.8,5.007,6157.9,31439.8,9,0.0096,7.44,None
2024-01-01 03:43:50,8427889,6152807,TCP,187.7,0.96,7199.9,9969.1,11,0.0083,20.82,None
2024-01-01 03:43:55,8828825,3422733,TCP,68.9,2.898,3060.8,4986.4,12,0.0175,7.86,None
2024-01-01 03:44:00,9482224,7669737,UDP,216.7,1.821,873.5,20714.1,12,0.0352,11.73,None
2024-01-01 03:44:05,2059074,9957727,HTTP,201.6,5.235,3114.4,5894.6,10,0.0411,1.04,None
2024-01-01 03:44:10,2136703,8371771,TCP,89.3,1.016,10480.1,4924.6,9,0.0011,2.83,None
2024-01-01 03:44:15,7862662,7006829,DNS,131.4,0.769,17032.3,12011.6,8,0.0081,3.17,None
2024-01-01 03:44:20,7736645,1668052,TCP,145.5,4.363,2171.8,40658.8,9,0.0156,8.26,None
2024-01-01 03:44:25,8669953,5527086,DNS,138.8,0.101,566.9,19025.8,6,0.0108,2.8,None
2024-01-01 03:44:30,5757177,3204328,DNS,175.4,0.293,6907.5,14284.5,13,0.0227,10.97,None
2024-01-01 03:44:35,7133302,3906424,HTTP,303.6,0.172,2262.1,126873.8,10,0.0058,6.46,None
2024-01-01 03:44:40,7132430,5745048,DNS,254.9,3.704,7654.4,3895.5,9,0.0056,6.54,None
2024-01-01 03:44:45,5036191,4451482,TCP,77.0,0.021,3948.4,3809.6,5,0.0003,10.69,None
2024-01-01 03:44:50,9409886,2479366,TCP,202.6,3.956,1232.2,9372.8,12,0.0002,20.49,None
2024-01-01 03:44:55,1252224,1316633,UDP,288.4,1.2,3159.7,36865.3,8,0.0118,18.28,None
2024-01-01 03:45:00,2909329,4370426,DNS,180.1,0.008,11029.6,3160.0,6,0.0064,21.21,None
2024-01-01 03:45:05,5507968,1718272,HTTP,256.1,1.027,2567.9,46843.7,9,0.0108,23.76,None
2024-01-01 03:45:10,9711137,4460628,DNS,405.9,0.414,1059.1,1921.5,11,0.0027,0.27,None
2024-01-01 03:45:15,2829826,9734116,UDP,247.6,1.958,608.7,7178.0,13,0.0199,16.62,None
2024-01-01 03:45:20,6146792,2448207,UDP,168.1,2.275,1377.2,9638.0,7,0.0233,2.88,None
2024-01-01 03:45:25,9819054,6154708,UDP,250.3,1.337,1978.0,3352.2,15,0.0109,22.48,None
2024-01-01 03:45:30,1907638,4625596,DNS,159.6,0.083,6768.3,4353.6,11,0.0033,5.44,None
2024-01-01 03:45:35,1504888,6768449,HTTP,150.2,2.135,971.8,17973.1,10,0.0024,8.4,None
2024-01-01 03:45:40,5931517,6777167,UDP,124.5,3.691,14097.5,34253.9,9,0.0098,23.5,None
2024-01-01 03:45:45,1633469,2978126,UDP,324.3,2.548,782.8,977.9,14,0.0283,20.81,None
2024-01-01 03:45:50,7848097,4317471,DNS,98.6,3.543,30683.7,9703.4,10,0.0086,1.13,None
2024-01-01 03:45:55,6236114,2121050,UDP,319.3,0.448,16739.4,7235.0,15,0.0183,1.12,None
2024-01-01 03:46:00,3580019,8061701,HTTP,190.6,4.394,3432.9,9021.8,16,0.0083,19.65,None
2024-01-01 03:46:05,2401647,7141861,UDP,73.7,0.778,573.8,5903.1,7,0.0112,1.69,None
2024-01-01 03:46:10,6098779,1722129,UDP,178.4,0.027,2820.2,2229.5,17,0.0084,20.44,None
2024-01-01 03:46:15,5308009,7168852,HTTP,51.9,3.708,2024.7,37884.5,8,0.0086,22.19,None
2024-01-01 03:46:20,4131194,9697593,HTTP,202.9,5.688,833.6,25831.0,6,0.0134,0.57,None
2024-01-01 03:46:25,6393059,5230405,DNS,231.0,2.132,3987.9,7302.8,13,0.005,5.28,None
2024-01-01 03:46:30,4920519,7205373,TCP,110.4,0.526,1308.1,4972.5,13,0.0234,0.56,None
2024-01-01 03:46:35,7688384,3441636,HTTP,157.9,0.58,1458.4,4405.3,13,0.0199,1.75,None
2024-01-01 03:46:40,6696702,9933897,DNS,394.3,1.257,2431.6,610.5,13,0.0129,12.82,None
2024-01-01 03:46:45,1903074,5428354,HTTP,115.3,4.562,1677.6,11542.8,7,0.0136,17.52,None
2024-01-01 03:46:50,1280267,8982935,UDP,87.4,0.324,23817.0,17682.4,7,0.0053,11.51,None
2024-01-01 03:46:55,4202781,7418371,TCP,311.3,3.497,1744.6,9301.2,6,0.0179,9.26,None
2024-01-01 03:47:00,4477970,3454410,UDP,396.0,0.689,4632.6,7432.8,14,0.027,4.96,None
2024-01-01 03:47:05,4622423,3681023,TCP,148.7,3.307,3447.9,9259.3,11,0.0159,5.68,None
2024-01-01 03:47:10,3801019,1249329,TCP,246.1,5.058,4241.8,3452.2,14,0.0014,13.98,None
2024-01-01 03:47:15,2317482,9782208,HTTP,290.2,1.115,4578.3,4917.0,7,0.0154,20.54,None
2024-01-01 03:47:20,5083541,4634978,DNS,102.4,0.908,7196.6,6861.4,8,0.0062,9.71,None
2024-01-01 03:47:25,5782395,4790606,UDP,116.4,3.241,3891.1,16263.5,8,0.0094,22.55,None
2024-01-01 03:47:30,2729991,1705963,HTTP,274.6,1.508,3732.7,32172.2,8,0.0473,1.25,None
2024-01-01 03:47:35,4578236,7063415,UDP,344.6,2.307,3160.5,6443.7,19,0.0045,19.9,None
2024-01-01 03:47:40,1818189,4049477,DNS,196.7,1.95,2595.6,2850.4,13,0.0043,8.13,None
2024-01-01 03:47:45,4204684,5632780,UDP,95.6,0.332,1197.8,8397.1,8,0.0031,20.85,None
2024-01-01 03:47:50,9909982,3593554,UDP,400.8,3.726,2804.9,60566.1,10,0.0014,22.07,None
2024-01-01 03:47:55,2670930,9319631,TCP,113.8,0.436,3794.3,3109.4,14,0.0018,16.81,None
2024-01-01 03:48:00,3149656,7097180,DNS,125.5,5.385,4456.7,19650.2,12,0.0072,8.52,None
2024-01-01 03:48:05,5328012,9473904,HTTP,176.1,0.577,3569.9,30821.3,12,0.0241,10.97,None
2024-01-01 03:48:10,4774955,2202784,UDP,322.8,2.648,2361.5,5653.2,10,0.0166,13.24,None
2024-01-01 03:48:15,8517115,7184576,UDP,227.5,0.67,2815.6,4021.0,6,0.002,11.09,None
2024-01-01 03:48:20,9770900,6766136,HTTP,182.6,0.765,1713.6,14399.6,8,0.0082,18.99,None
2024-01-01 03:48:25,9882766,6573761,DNS,187.1,0.742,4077.4,11535.9,13,0.0188,18.52,None
2024-01-01 03:48:30,7085822,9032813,TCP,151.7,2.756,2389.6,16232.6,13,0.0078,0.3,None
2024-01-01 03:48:35,2588423,7624508,DNS,196.2,1.628,3570.9,64454.2,6,0.0242,3.64,None
2024-01-01 03:48:40,1520779,1783719,TCP,41.9,4.29,8109.6,9576.3,4,0.0238,8.73,None
2024-01-01 03:48:45,8642189,3781349,HTTP,128.0,0.735,1466.5,2459.7,12,0.0043,16.14,None
2024-01-01 03:48:50,8991955,5337117,HTTP,167.4,2.355,5413.7,8661.5,9,0.0207,5.51,None
2024-01-01 03:48:55,7559172,3186107,TCP,83.5,2.796,3081.6,10317.1,10,0.0088,7.75,None
2024-01-01 03:49:00,5974683,3019367,DNS,180.0,0.329,22498.3,28772.3,12,0.0065,11.09,None
2024-01-01 03:49:05,9336859,4057411,TCP,134.0,1.024,2401.1,6655.7,12,0.0149,14.15,None
2024-01-01 03:49:10,1866393,9272124,DNS,357.0,1.319,5974.0,5382.6,9,0.0156,21.64,None
2024-01-01 03:49:15,9180753,9243318,DNS,325.9,0.879,3027.1,2056.6,13,0.0113,19.31,None
2024-01-01 03:49:20,2304977,4460415,DNS,117.6,0.778,743.7,14008.4,9,0.0167,8.62,None
2024-01-01 03:49:25,9492987,5146215,UDP,137.6,2.319,1771.0,230546.3,11,0.0302,18.43,None
2024-01-01 03:49:30,4625415,2243115,TCP,143.0,0.486,7190.2,6486.1,9,0.0206,19.98,None
2024-01-01 03:49:35,2462197,4986602,TCP,118.4,2.472,1933.9,12733.0,11,0.0008,12.54,None
2024-01-01 03:49:40,6451186,7658583,TCP,163.6,5.468,323.7,4685.2,12,0.019,7.11,None
2024-01-01 03:49:45,8523443,2373954,UDP,101.6,1.666,2888.8,2250.1,11,0.0152,22.63,None
2024-01-01 03:49:50,7023763,3548802,TCP,84.3,1.891,999.9,12509.4,9,0.0261,23.09,None
2024-01-01 03:49:55,4061796,7922209,HTTP,202.6,0.143,3401.0,8334.7,14,0.0135,5.39,None
2024-01-01 03:50:00,7647727,6660007,DNS,203.3,3.997,14060.8,745.8,11,0.021,18.84,None
2024-01-01 03:50:05,2106324,6479262,UDP,99.3,0.672,6434.7,40539.4,17,0.0001,1.0,None
2024-01-01 03:50:10,8656846,2317786,TCP,232.2,1.909,13858.5,12282.9,12,0.0381,0.06,None
2024-01-01 03:50:15,4265439,7709352,HTTP,108.2,7.737,1700.2,8724.5,8,0.0021,8.44,None
2024-01-01 03:50:20,8031766,4926608,UDP,168.4,1.81,2583.3,5313.6,11,0.02,11.1,None
2024-01-01 03:50:25,8475625,8240265,DNS,223.7,2.58,1049.0,12152.5,10,0.0265,13.11,None
2024-01-01 03:50:30,9142938,4772248,UDP,145.9,1.179,1504.1,12725.9,4,0.0,9.08,None
2024-01-01 03:50:35,2427972,9173194,TCP,186.3,0.125,1179.8,12104.4,14,0.0245,3.09,None
2024-01-01 03:50:40,9214996,7721914,DNS,114.6,3.195,807.0,23576.2,11,0.0177,8.27,None
2024-01-01 03:50:45,5723158,7535857,UDP,134.5,0.071,11682.6,29592.4,7,0.0256,19.72,None
2024-01-01 03:50:50,9813425,8566750,DNS,133.9,2.412,368.0,60210.0,14,0.0019,8.06,None
2024-01-01 03:50:55,9922213,7267227,HTTP,102.2,0.046,11732.7,3509.3,6,0.015,14.22,None
2024-01-01 03:51:00,5189408,6442778,TCP,135.9,3.965,10363.6,4566.8,14,0.0067,16.34,None
2024-01-01 03:51:05,6778632,3195166,UDP,68.4,0.343,4913.7,11628.1,6,0.003,17.58,None
2024-01-01 03:51:10,6602853,2287971,TCP,116.1,1.444,978.0,3717.9,6,0.0141,11.71,None
2024-01-01 03:51:15,7073240,3587851,TCP,128.7,1.818,612.7,4367.7,9,0.0064,3.02,None
2024-01-01 03:51:20,3594988,8026014,UDP,130.6,1.223,1722.6,13032.9,8,0.023,21.61,None
2024-01-01 03:51:25,1721746,6144257,HTTP,131.5,0.833,5569.8,19947.2,13,0.0124,6.25,None
2024-01-01 03:51:30,7717157,6304450,TCP,143.9,1.262,2990.1,29025.4,5,0.0015,8.13,None
2024-01-01 03:51:35,4880640,5722346,TCP,188.6,0.746,1050.0,6683.4,10,0.0029,18.57,None
2024-01-01 03:51:40,1373055,1561758,UDP,229.8,1.153,9397.6,12876.4,16,0.0031,18.32,None
2024-01-01 03:51:45,4278271,4876257,UDP,107.2,0.889,16064.8,10329.5,10,0.0042,21.51,None
2024-01-01 03:51:50,2678191,2360543,TCP,81.3,1.67,2376.5,8247.4,4,0.011,0.81,None
2024-01-01 03:51:55,1766753,8989307,TCP,88.1,0.543,3325.4,3583.1,21,0.0225,20.99,None
2024-01-01 03:52:00,3786499,8203727,DNS,116.3,8.958,659.3,3155.1,10,0.009,19.01,None
2024-01-01 03:52:05,8985842,6398253,UDP,124.5,1.39,1969.7,15782.8,9,0.0139,12.6,None
2024-01-01 03:52:10,1999756,2244862,TCP,101.0,0.432,4966.3,3523.4,4,0.0038,3.83,None
2024-01-01 03:52:15,9434744,9060007,DNS,77.6,1.297,4250.8,1370.7,8,0.0074,13.08,None
2024-01-01 03:52:20,5252169,4861744,UDP,118.1,4.026,1794.2,7849.8,9,0.007,4.65,None
2024-01-01 03:52:25,9502161,4306471,DNS,162.5,0.044,2266.0,34725.9,11,0.0121,23.16,None
2024-01-01 03:52:30,1761979,1865563,HTTP,199.8,2.276,1906.1,495.3,14,0.0073,17.01,None
2024-01-01 03:52:35,8640327,3012575,DNS,112.3,1.588,2256.4,6073.4,14,0.0041,14.31,None
2024-01-01 03:52:40,8284671,3892226,DNS,120.7,0.372,4551.6,15918.1,8,0.0028,19.52,None
2024-01-01 03:52:45,6461446,4727136,UDP,93.4,3.402,416.7,1308.3,11,0.0029,12.78,None
2024-01-01 03:52:50,2507971,5869843,DNS,146.1,0.921,2767.4,6546.4,10,0.0396,1.45,None
2024-01-01 03:52:55,5666771,7946530,HTTP,97.1,0.696,4230.1,2592.9,8,0.0044,6.22,None
2024-01-01 03:53:00,4756959,8791284,HTTP,197.7,3.522,1685.0,2959.6,11,0.0164,23.56,None
2024-01-01 03:53:05,2543320,7615384,DNS,60.8,2.035,1845.8,5418.5,4,0.0007,20.42,None
2024-01-01 03:53:10,9630750,7196377,DNS,124.0,4.571,1900.0,2635.6,9,0.0009,22.26,None
2024-01-01 03:53:15,8682648,8962102,UDP,172.5,1.988,1846.3,2425.3,6,0.0116,2.35,None
2024-01-01 03:53:20,2756289,8809261,UDP,162.7,2.7,2998.5,7637.1,7,0.0061,5.95,None
2024-01-01 03:53:25,3909793,9756005,HTTP,570.5,3.621,3391.4,75142.3,7,0.0212,1.52,None
2024-01-01 03:53:30,7441659,8207962,DNS,176.8,0.113,364.8,17287.6,8,0.0198,19.73,None
2024-01-01 03:53:35,6320191,4943505,DNS,89.8,2.993,5726.6,22259.7,9,0.0141,4.17,None
2024-01-01 03:53:40,3975214,7414781,HTTP,141.5,1.902,2230.5,17984.4,12,0.0169,9.84,None
2024-01-01 03:53:45,2795870,5459545,HTTP,61.1,0.144,20598.3,4033.9,10,0.0204,6.47,None
2024-01-01 03:53:50,2806291,5043767,DNS,142.6,1.421,905.4,11057.1,10,0.0153,22.33,None
2024-01-01 03:53:55,4069487,8367629,HTTP,97.9,0.172,1252.2,24286.9,14,0.0075,14.6,None
2024-01-01 03:54:00,4640955,7637702,UDP,234.6,2.663,2433.5,18552.1,8,0.0031,19.19,None
2024-01-01 03:54:05,1526255,1693170,TCP,112.8,1.582,4506.3,9843.3,8,0.0155,14.45,None
2024-01-01 03:54:10,3849309,2388041,TCP,140.0,6.14,423.8,13630.2,10,0.0038,14.7,None
2024-01-01 03:54:15,1704357,7571273,HTTP,108.0,0.405,1301.0,95118.0,5,0.0028,9.19,None
2024-01-01 03:54:20,9470619,8127503,HTTP,354.0,1.863,5384.7,18759.3,6,0.0019,5.74,None
2024-01-01 03:54:25,4714962,4703109,TCP,126.4,0.475,1155.0,5912.6,5,0.0099,8.36,None
2024-01-01 03:54:30,4944134,1414181,HTTP,371.0,1.904,11731.4,7524.8,10,0.0028,7.08,None
2024-01-01 03:54:35,4925073,7883803,HTTP,223.0,2.565,1893.4,2823.8,5,0.0047,16.59,None
2024-01-01 03:54:40,1939949,8028842,UDP,188.9,2.562,1212.7,84714.0,6,0.0123,10.14,None
2024-01-01 03:54:45,7390503,2806457,TCP,178.5,3.376,5487.6,40290.4,7,0.0158,13.2,None
2024-01-01 03:54:50,9106651,7135192,HTTP,180.7,3.842,14877.7,8806.2,8,0.0038,18.5,None
2024-01-01 03:54:55,1711302,7278656,DNS,56.6,0.161,4520.6,71741.2,11,0.0185,6.4,None
2024-01-01 03:55:00,9795057,6593142,DNS,129.1,0.841,10513.6,15251.0,10,0.0006,10.17,None
2024-01-01 03:55:05,5472486,6842671,TCP,226.5,2.324,15940.8,5266.7,6,0.0426,12.47,None
2024-01-01 03:55:10,2254434,6405493,UDP,144.8,1.381,1185.8,20059.4,6,0.0054,1.29,None
2024-01-01 03:55:15,7605831,1785838,DNS,73.5,0.423,7618.9,12072.0,11,0.0039,3.65,None
2024-01-01 03:55:20,3020534,2070114,DNS,144.6,1.609,649.7,18729.5,7,0.0257,1.52,None
2024-01-01 03:55:25,7261210,6755373,DNS,347.9,1.047,4559.2,2060.9,8,0.0014,18.05,None
2024-01-01 03:55:30,5646869,8651712,HTTP,276.8,0.989,2775.8,3603.6,7,0.0044,7.2,None
2024-01-01 03:55:35,1977090,9716214,HTTP,143.9,3.319,10331.5,35899.2,10,0.0044,10.14,None
2024-01-01 03:55:40,3850846,7438201,TCP,238.8,1.047,9626.3,44052.5,8,0.0055,16.14,None
2024-01-01 03:55:45,3556971,2071800,HTTP,123.6,0.054,5270.0,33360.0,13,0.0189,23.2,None
2024-01-01 03:55:50,5078234,5858780,HTTP,63.3,0.12,4017.6,74506.9,11,0.0189,19.47,None
2024-01-01 03:55:55,6371001,2448178,DNS,93.5,3.879,4956.1,14434.4,11,0.009,1.39,None
2024-01-01 03:56:00,5934808,3894674,DNS,324.2,6.468,3170.9,13454.7,12,0.048,7.34,None
2024-01-01 03:56:05,6826112,7070651,UDP,129.4,2.332,2804.0,3251.2,8,0.0186,1.18,None
2024-01-01 03:56:10,8741481,2050491,DNS,131.4,0.906,12614.2,4534.5,5,0.0114,1.48,None
2024-01-01 03:56:15,8930986,6095468,TCP,127.8,5.581,14226.9,1109.6,10,0.0022,3.06,None
2024-01-01 03:56:20,2148506,3067908,UDP,384.5,2.174,2587.2,5875.3,10,0.008,7.71,None
2024-01-01 03:56:25,7757290,1416019,TCP,334.6,3.72,3780.6,1034.3,6,0.0024,5.56,None
2024-01-01 03:56:30,4851675,3981346,TCP,450.1,2.904,3234.6,23884.1,15,0.0036,8.45,None
2024-01-01 03:56:35,4201054,3696155,HTTP,137.1,0.953,594.8,11949.0,18,0.0116,19.73,None
2024-01-01 03:56:40,8991626,1055626,TCP,172.1,1.303,2129.3,1068.3,9,0.002,19.14,None
2024-01-01 03:56:45,2229917,3818592,DNS,69.5,0.412,14760.4,6701.8,6,0.001,8.42,None
2024-01-01 03:56:50,4180556,3402732,DNS,310.6,0.691,1408.4,57968.5,14,0.0076,15.84,None
2024-01-01 03:56:55,3965195,2627964,HTTP,82.8,3.011,24699.6,7146.2,6,0.0,8.94,None
2024-01-01 03:57:00,5698717,5190589,HTTP,165.4,4.488,9625.1,2985.8,13,0.0094,9.26,None
2024-01-01 03:57:05,2097864,2576178,HTTP,85.7,2.578,4453.7,1359.0,14,0.0232,16.22,None
2024-01-01 03:57:10,3254860,1805254,DNS,110.6,1.252,5223.1,1400.2,8,0.0021,9.22,None
2024-01-01 03:57:15,1424912,3523139,HTTP,97.6,0.181,1191.3,13843.6,11,0.0048,13.18,None
2024-01-01 03:57:20,8767083,9787640,DNS,109.5,0.117,2286.5,5250.8,10,0.0248,2.77,None
2024-01-01 03:57:25,3797577,5213704,HTTP,113.3,0.938,12599.3,5704.5,8,0.0122,12.93,None
2024-01-01 03:57:30,7130378,9512178,UDP,112.8,1.247,1612.4,5272.5,7,0.0015,17.81,None
2024-01-01 03:57:35,3943559,3454898,DNS,225.1,1.879,8613.9,7042.8,4,0.0048,21.32,None
2024-01-01 03:57:40,9785359,5102838,DNS,85.4,0.013,752.2,2375.2,8,0.0141,3.53,None
2024-01-01 03:57:45,3330926,6455050,TCP,165.7,9.156,899.5,11115.6,7,0.0109,9.86,None
2024-01-01 03:57:50,3371592,8223446,HTTP,272.9,0.905,19958.0,1953.3,10,0.0017,11.67,None
2024-01-01 03:57:55,2689394,8851288,DNS,114.8,3.769,2945.9,3805.3,11,0.0006,21.72,None
2024-01-01 03:58:00,2635285,3508399,DNS,103.7,1.531,1739.8,22266.3,9,0.0114,6.18,None
2024-01-01 03:58:05,2171162,8735237,TCP,132.3,0.28,11646.3,11804.1,10,0.0094,3.98,None
2024-01-01 03:58:10,9329146,3098054,DNS,267.7,3.195,10361.2,16085.6,12,0.0006,3.4,None
2024-01-01 03:58:15,7389925,5408083,UDP,163.5,2.475,7485.7,69590.9,15,0.0368,3.72,None
2024-01-01 03:58:20,9672315,2774182,DNS,113.8,1.499,1686.0,7633.8,13,0.0029,20.87,None
2024-01-01 03:58:25,2172897,9530108,UDP,189.0,1.445,2237.4,8278.9,14,0.0049,14.88,None
2024-01-01 03:58:30,6307438,6620265,DNS,85.5,0.183,4070.9,6221.0,9,0.002,10.1,None
2024-01-01 03:58:35,1789537,9163972,HTTP,208.7,2.133,5969.4,5200.9,8,0.0176,20.8,None
2024-01-01 03:58:40,7639131,4267378,HTTP,182.1,4.844,1792.8,2949.6,8,0.0329,7.15,None
2024-01-01 03:58:45,2079521,6980706,DNS,127.2,0.196,3535.9,8813.7,8,0.0024,22.27,None
2024-01-01 03:58:50,9645510,5963128,HTTP,97.6,0.612,3894.8,11557.0,14,0.0033,18.21,None
2024-01-01 03:58:55,1594046,1334075,DNS,95.3,4.652,10794.3,12219.3,10,0.0123,0.49,None
2024-01-01 03:59:00,7077385,3328052,TCP,193.9,0.669,6338.9,8641.8,11,0.0075,11.1,None
2024-01-01 03:59:05,3180273,4352568,TCP,274.4,2.122,660.6,20458.8,13,0.0011,20.22,None
2024-01-01 03:59:10,2325223,8182535,DNS,107.9,1.531,2407.6,8345.2,10,0.0264,9.51,None
2024-01-01 03:59:15,9689820,2281072,TCP,186.6,1.814,1177.6,5381.4,10,0.0094,23.69,None
2024-01-01 03:59:20,8479693,1122661,HTTP,52.3,1.075,5261.1,3206.7,11,0.0036,20.32,None
2024-01-01 03:59:25,1481724,2149972,TCP,110.8,0.713,7503.7,1721.6,11,0.0067,18.07,None
2024-01-01 03:59:30,4725861,3678733,HTTP,146.1,0.1,3299.6,34906.0,11,0.0069,3.25,None
2024-01-01 03:59:35,9294985,6638316,HTTP,94.2,2.727,2279.9,4027.7,4,0.0075,2.59,None
2024-01-01 03:59:40,4004572,3104037,DNS,92.9,2.742,3194.4,3211.0,11,0.0069,15.39,None
2024-01-01 03:59:45,1711634,2936506,HTTP,106.3,2.222,3673.6,5337.2,11,0.0083,15.87,None
2024-01-01 03:59:50,6789094,9709363,HTTP,171.8,2.064,1571.7,6134.1,10,0.005,3.54,None
2024-01-01 03:59:55,9954910,4132429,UDP,135.1,0.559,881.2,41710.7,10,0.0016,20.5,None
2024-01-01 04:00:00,4936315,9240018,DNS,48.5,0.045,383.7,5836.3,9,0.0109,20.97,None
2024-01-01 04:00:05,8242028,1293554,DNS,51.4,3.308,10584.9,112801.3,8,0.0157,10.0,None
2024-01-01 04:00:10,2058471,7731117,DNS,109.6,1.351,4896.9,8636.0,13,0.0184,14.59,None
2024-01-01 04:00:15,4483130,8360258,TCP,186.6,0.733,4283.4,63387.9,7,0.0002,12.26,None
2024-01-01 04:00:20,8440573,1046850,HTTP,37.6,0.215,10563.9,19809.7,12,0.0052,0.86,None
2024-01-01 04:00:25,5369116,6705962,HTTP,115.6,0.13,849.4,11626.4,14,0.0384,2.17,None
2024-01-01 04:00:30,7855649,2111260,UDP,114.1,0.858,525.5,39255.6,11,0.0006,18.71,None
2024-01-01 04:00:35,4336177,9648724,DNS,297.1,3.267,4377.5,24890.2,6,0.0154,11.72,None
2024-01-01 04:00:40,9617074,4950164,HTTP,122.4,5.02,3996.9,15285.8,5,0.0013,14.66,None
2024-01-01 04:00:45,8616213,2718436,UDP,179.7,4.541,527.8,82256.2,7,0.0174,14.71,None
2024-01-01 04:00:50,8910270,1449801,HTTP,159.3,5.051,4270.6,4922.7,14,0.0112,9.11,None
2024-01-01 04:00:55,7777472,8107371,DNS,51.1,4.766,1997.8,2996.2,13,0.0129,0.71,None
2024-01-01 04:01:00,5934338,3527794,UDP,217.9,1.498,1330.0,4120.7,7,0.0379,18.89,None
2024-01-01 04:01:05,7402175,9063501,TCP,165.3,0.495,2135.8,46736.1,9,0.028,11.24,None
2024-01-01 04:01:10,3227547,7826744,UDP,191.4,3.199,259.4,34570.6,10,0.0036,3.33,None
2024-01-01 04:01:15,1962794,2993232,UDP,1056.9,0.481,1650.2,4792.2,8,0.0047,0.51,None
2024-01-01 04:01:20,2804265,5299269,UDP,52.3,0.622,1474.0,769.2,9,0.0052,0.42,None
2024-01-01 04:01:25,3325692,8922201,UDP,351.5,0.531,5203.6,6595.6,13,0.002,0.8,None
2024-01-01 04:01:30,7384305,2798961,UDP,128.5,1.447,2544.7,2941.7,8,0.0048,3.72,None
2024-01-01 04:01:35,9689937,3611990,HTTP,171.3,0.777,5646.9,4944.7,13,0.0386,5.56,None
2024-01-01 04:01:40,9539660,3727620,UDP,145.1,0.335,232.9,2823.1,6,0.0067,5.93,None
2024-01-01 04:01:45,5856486,2975151,UDP,120.0,1.207,1288.1,1620.5,13,0.0305,15.17,None
2024-01-01 04:01:50,3146753,9749578,DNS,111.6,4.141,5197.8,53274.0,5,0.0007,5.8,None
2024-01-01 04:01:55,5115116,7820112,UDP,175.0,1.691,2188.9,4090.1,8,0.0004,16.17,None
2024-01-01 04:02:00,3243874,5271976,HTTP,69.5,4.213,6942.8,33278.5,12,0.0086,19.76,None
2024-01-01 04:02:05,2406555,4169821,UDP,216.0,0.436,490.5,6494.0,14,0.0133,9.23,None
2024-01-01 04:02:10,2538662,2083852,HTTP,120.5,0.365,6192.6,2615.5,9,0.0025,17.24,None
2024-01-01 04:02:15,5788000,2228062,UDP,84.3,1.714,1573.2,13481.4,8,0.007,2.5,None
2024-01-01 04:02:20,4931166,7680774,DNS,118.5,1.245,1427.7,5480.5,18,0.0206,7.87,None
2024-01-01 04:02:25,4826121,5863212,HTTP,278.3,2.159,8030.9,6587.3,6,0.0143,16.38,None
2024-01-01 04:02:30,3612459,6564483,HTTP,113.6,3.166,9527.2,9366.6,3,0.0026,22.36,None
2024-01-01 04:02:35,3960657,4903559,UDP,177.5,2.783,8389.2,3596.8,8,0.0041,14.77,None
2024-01-01 04:02:40,7693086,8046667,HTTP,103.0,5.704,22894.3,1601.8,2,0.0036,8.73,None
2024-01-01 04:02:45,2015129,6574648,UDP,216.8,1.016,10580.9,7698.1,10,0.0127,7.53,None
2024-01-01 04:02:50,6561008,6568827,DNS,209.1,0.462,1345.6,21245.9,5,0.0345,9.4,None
2024-01-01 04:02:55,8444110,2301755,DNS,374.0,1.601,3434.5,3289.2,7,0.0033,15.67,None
2024-01-01 04:03:00,8580223,5646579,DNS,135.9,0.235,2079.3,9451.8,17,0.0089,7.85,None
2024-01-01 04:03:05,9802286,4737420,TCP,207.3,0.682,22676.6,36516.0,9,0.0447,11.28,None
2024-01-01 04:03:10,8439484,8185728,UDP,155.9,0.466,8999.0,7407.4,10,0.0017,18.22,None
2024-01-01 04:03:15,3948435,2786658,DNS,283.7,1.01,2467.9,8831.6,12,0.0108,5.71,None
2024-01-01 04:03:20,1233343,9807785,HTTP,1200.0,7.443,24920.6,8563.1,1,0.004,17.2,Exfiltration
2024-01-01 04:03:25,9545800,3250263,DNS,215.4,0.065,869.4,4095.5,7,0.0479,18.28,None
2024-01-01 04:03:30,1728012,8470106,UDP,134.6,2.139,3828.6,3000.8,5,0.0012,20.73,None
2024-01-01 04:03:35,7739146,5915610,TCP,744.0,3.455,59699.5,3013.1,1,0.006,0.57,Exfiltration
2024-01-01 04:03:40,6714637,8094591,UDP,155.4,2.464,550.8,11709.8,8,0.0029,2.73,None
2024-01-01 04:03:45,1654581,1171540,DNS,959.9,5.142,84896.8,17289.8,1,0.0003,22.92,Exfiltration
2024-01-01 04:03:50,5412409,6062672,UDP,1205.7,3.32,19275.0,18125.6,1,0.0331,3.02,Exfiltration
2024-01-01 04:03:55,9393207,9670712,UDP,165.2,0.688,4708.9,5549.5,6,0.0084,11.71,None
2024-01-01 04:04:00,6124254,6497430,HTTP,326.7,0.277,2482.5,24180.7,7,0.0121,4.01,None
2024-01-01 04:04:05,8203458,6131599,TCP,1365.4,12.172,129195.3,11018.9,1,0.0097,19.49,Exfiltration
2024-01-01 04:04:10,4425763,6795742,HTTP,1177.7,0.57,81507.8,8697.1,1,0.0016,2.32,Exfiltration
2024-01-01 04:04:15,3404374,5919307,DNS,1510.6,0.276,69920.2,287.3,1,0.0019,2.05,Exfiltration
2024-01-01 04:04:20,3666069,4345629,UDP,95.1,0.835,2359.8,3578.1,6,0.0098,12.11,None
2024-01-01 04:04:25,8575822,2732119,TCP,1591.0,3.445,58042.1,1770.3,1,0.0151,5.72,Exfiltration
2024-01-01 04:04:30,2245997,4224434,HTTP,230.0,1.804,8607.6,15170.0,12,0.0094,15.88,None
2024-01-01 04:04:35,7547806,1047125,TCP,2768.0,2.747,39801.1,8910.9,1,0.0084,16.44,Exfiltration
2024-01-01 04:04:40,4455980,2642704,DNS,109.7,0.615,1490.4,2773.9,8,0.0137,14.07,None
2024-01-01 04:04:45,5467677,9369603,DNS,1718.2,3.738,50394.0,10985.8,1,0.0028,20.03,Exfiltration
2024-01-01 04:04:50,5200599,2573464,TCP,65.4,3.064,237.1,1951.8,14,0.0132,16.74,None
2024-01-01 04:04:55,8639988,7070839,TCP,122.0,2.316,5250.7,2853.3,7,0.0053,4.5,None
2024-01-01 04:05:00,4786258,7560104,DNS,244.3,2.285,2330.5,3983.0,6,0.0112,1.88,None
2024-01-01 04:05:05,6439293,4606856,TCP,117.5,1.609,2662.1,13906.8,7,0.0032,17.95,None
2024-01-01 04:05:10,1710380,6108167,DNS,204.4,1.658,11451.4,32841.3,6,0.0015,17.76,None
2024-01-01 04:05:15,9286766,8365623,DNS,134.9,2.661,3256.2,4509.7,11,0.0003,20.41,None
2024-01-01 04:05:20,5321919,8346600,TCP,174.5,0.629,1937.7,30407.9,13,0.0163,4.86,None
2024-01-01 04:05:25,9714577,5350765,DNS,83.6,0.87,5282.1,8496.4,7,0.0022,5.36,None
2024-01-01 04:05:30,9918833,8106694,DNS,154.9,4.106,8594.4,10261.3,13,0.0045,13.84,None
2024-01-01 04:05:35,9619953,5929358,HTTP,33.3,0.739,4009.7,7602.2,9,0.0146,3.73,None
2024-01-01 04:05:40,3456010,6687982,DNS,135.2,1.581,5938.4,6652.1,14,0.006,7.11,None
2024-01-01 04:05:45,6599526,1270712,DNS,65.7,2.426,2577.1,12572.9,3,0.0025,19.5,None
2024-01-01 04:05:50,9183389,3748120,DNS,271.2,18.991,2746.7,16989.0,16,0.0022,8.02,None
2024-01-01 04:05:55,7909963,3241710,TCP,218.9,1.143,3337.6,3345.6,13,0.0052,0.27,None
2024-01-01 04:06:00,8723759,9686280,HTTP,187.4,1.118,1403.7,6705.6,9,0.0083,15.62,None
2024-01-01 04:06:05,3341972,8819179,HTTP,317.5,3.698,1689.1,43013.7,8,0.005,4.33,None
2024-01-01 04:06:10,6924568,9028073,DNS,92.3,3.275,11823.9,9673.9,9,0.0235,4.7,None
2024-01-01 04:06:15,7808470,9086223,HTTP,355.6,2.627,22202.4,10793.4,7,0.0,0.4,None
2024-01-01 04:06:20,7016970,1275283,UDP,236.5,1.244,14650.0,26036.9,14,0.0051,13.87,None
2024-01-01 04:06:25,4101536,6525035,HTTP,131.9,0.783,793.7,4908.7,12,0.0136,13.49,None
2024-01-01 04:06:30,4880762,5627931,UDP,261.9,1.877,720.6,7832.5,4,0.0222,2.31,None
2024-01-01 04:06:35,8782047,2621355,TCP,85.4,4.179,906.2,18340.1,9,0.0044,1.21,None
2024-01-01 04:06:40,2790352,9573072,HTTP,98.3,4.304,3409.7,27970.4,15,0.0112,11.78,None
2024-01-01 04:06:45,6818744,5629857,DNS,109.5,0.23,179.7,761.2,11,0.0087,18.75,None
2024-01-01 04:06:50,4661050,4033097,DNS,113.9,1.118,1654.4,3879.0,10,0.0023,22.89,None
2024-01-01 04:06:55,6552739,9029151,TCP,87.5,1.25,12174.5,2985.8,13,0.0114,1.8,None
2024-01-01 04:07:00,5061723,7457948,DNS,273.6,7.599,7962.0,7159.4,11,0.0029,17.0,None
2024-01-01 04:07:05,2723952,1676552,UDP,130.4,2.266,1791.7,3220.6,13,0.0153,4.59,None
2024-01-01 04:07:10,2329134,5378762,DNS,177.0,1.046,1932.6,15742.3,9,0.0201,0.82,None
2024-01-01 04:07:15,1732587,3132704,HTTP,111.6,0.053,5256.6,9627.8,12,0.0065,8.03,None
2024-01-01 04:07:20,6240272,6912279,TCP,59.7,1.667,7595.2,19716.1,5,0.0006,13.77,None
2024-01-01 04:07:25,3884109,5426771,UDP,169.9,0.202,1749.1,21015.3,8,0.0134,14.43,None
2024-01-01 04:07:30,2727386,6298976,DNS,57.0,3.597,2358.2,15979.9,11,0.0063,1.18,None
2024-01-01 04:07:35,7704646,7000082,TCP,143.4,2.793,1692.5,5791.9,10,0.001,22.27,None
2024-01-01 04:07:40,9257910,4715084,UDP,74.9,1.234,787.3,8993.7,13,0.004,1.31,None
2024-01-01 04:07:45,8660766,3568972,HTTP,400.9,1.121,2392.9,5110.9,10,0.0034,5.21,None
2024-01-01 04:07:50,2436555,3015492,TCP,234.1,4.553,2217.4,2069.9,8,0.013,10.38,None
2024-01-01 04:07:55,7131585,5404315,DNS,156.5,0.681,845.0,21031.7,16,0.0055,22.7,None
2024-01-01 04:08:00,9272494,9384424,DNS,279.2,0.573,5687.8,7449.7,10,0.0088,23.79,None
2024-01-01 04:08:05,9461397,1787402,DNS,97.2,5.6,4833.5,1803.3,11,0.007,0.01,None
2024-01-01 04:08:10,1896071,1334134,UDP,194.8,3.314,5977.3,13862.6,11,0.0129,5.39,None
2024-01-01 04:08:15,5079543,5083803,TCP,164.0,3.437,1382.9,6477.2,10,0.0127,12.03,None
2024-01-01 04:08:20,3818063,4219313,DNS,169.4,0.434,410.1,1033.0,9,0.006,16.67,None
2024-01-01 04:08:25,3477954,7686190,HTTP,280.4,0.309,4756.8,2051.4,9,0.0015,15.76,None
2024-01-01 04:08:30,7958045,1081041,DNS,214.1,0.053,1534.4,4021.4,11,0.0052,6.04,None
2024-01-01 04:08:35,2459372,6797175,DNS,171.5,0.541,1223.3,10001.7,9,0.0017,4.74,None
2024-01-01 04:08:40,3835121,3198761,HTTP,64.9,2.976,848.1,17819.0,15,0.032,0.34,None
2024-01-01 04:08:45,1427218,3919817,DNS,91.8,0.549,2263.5,17219.0,10,0.03,20.23,None
2024-01-01 04:08:50,3473308,4905401,TCP,139.6,2.612,14433.8,14807.1,10,0.0061,9.09,None
2024-01-01 04:08:55,9212100,9814320,DNS,155.5,0.58,1798.2,7829.4,12,0.0003,20.74,None
2024-01-01 04:09:00,2009952,1669958,UDP,84.3,1.006,1002.4,45353.0,12,0.0047,7.77,None
2024-01-01 04:09:05,7907072,5253607,UDP,495.6,8.168,5721.2,16315.5,13,0.0225,18.14,None
2024-01-01 04:09:10,5252703,3598784,UDP,316.8,0.562,3543.3,10118.3,7,0.0034,1.67,None
2024-01-01 04:09:15,1462181,6163641,HTTP,200.5,0.944,358.1,14279.6,9,0.0097,19.47,None
2024-01-01 04:09:20,2817801,3987390,UDP,153.9,0.716,5781.1,5436.9,10,0.002,21.38,None
2024-01-01 04:09:25,5502411,1904491,UDP,133.5,0.232,25046.0,7652.3,12,0.0174,6.36,None
2024-01-01 04:09:30,9306363,5208858,TCP,92.2,1.346,221.3,1010.3,8,0.0222,3.4,None
2024-01-01 04:09:35,9505826,9146558,DNS,154.3,0.952,866.4,5504.1,7,0.0095,4.71,None
2024-01-01 04:09:40,5284872,5009196,UDP,168.8,2.374,172.7,47093.4,11,0.0098,20.83,None
2024-01-01 04:09:45,1916554,3374198,UDP,79.8,3.403,2764.7,9399.2,7,0.0048,6.87,None
2024-01-01 04:09:50,4979685,1081147,UDP,175.4,1.572,8025.6,9015.9,15,0.0123,5.55,None
2024-01-01 04:09:55,8592314,5395057,DNS,137.3,0.065,3312.6,21995.7,13,0.0065,23.49,None
2024-01-01 04:10:00,6575363,2354769,HTTP,57.2,1.93,11992.0,11589.2,4,0.0137,16.08,None
2024-01-01 04:10:05,5405714,3968824,UDP,96.5,0.114,6840.0,3690.5,12,0.0346,19.97,None
2024-01-01 04:10:10,6455877,4053218,UDP,120.7,1.916,16352.7,8297.1,17,0.0173,17.93,None
2024-01-01 04:10:15,6201443,3963422,DNS,381.4,2.311,9511.1,2603.9,9,0.0073,8.98,None
2024-01-01 04:10:20,1703718,9760787,DNS,196.0,0.441,1992.3,9736.3,9,0.0386,20.71,None
2024-01-01 04:10:25,7200405,9324120,TCP,76.1,3.422,3186.7,3506.1,11,0.0093,14.12,None
2024-01-01 04:10:30,7561762,8596470,HTTP,189.2,4.84,1250.5,20502.3,8,0.0007,15.78,None
2024-01-01 04:10:35,1308240,6612927,TCP,68.5,3.354,2366.9,4864.7,3,0.0131,7.83,None
2024-01-01 04:10:40,1491989,4118796,UDP,255.0,0.728,3171.1,3552.1,15,0.0172,23.55,None
2024-01-01 04:10:45,8890717,2934166,DNS,117.3,1.767,2738.3,7238.5,8,0.0014,20.51,None
2024-01-01 04:10:50,9458891,5405723,UDP,141.6,4.926,11410.1,11677.2,14,0.0114,3.55,None
2024-01-01 04:10:55,7512636,6826107,HTTP,288.0,0.773,2142.7,2422.8,6,0.0254,4.89,None
2024-01-01 04:11:00,1048961,5438803,UDP,78.0,3.43,1173.7,4811.4,14,0.0029,17.97,None
2024-01-01 04:11:05,5167316,8067796,TCP,73.8,0.019,1249.4,9001.6,10,0.0088,0.62,None
2024-01-01 04:11:10,1709632,2638266,UDP,110.9,0.007,5739.3,30895.6,13,0.0032,8.05,None
2024-01-01 04:11:15,4691312,2978709,UDP,249.4,2.852,732.8,646.3,12,0.0149,12.78,None
2024-01-01 04:11:20,5713665,2986538,TCP,69.4,2.866,2437.7,14990.4,9,0.0087,4.92,None
2024-01-01 04:11:25,6650774,9879265,UDP,36.0,3.112,11243.0,5521.7,11,0.0056,20.96,None
2024-01-01 04:11:30,2667737,2582857,TCP,118.4,5.319,3994.2,4941.3,15,0.0003,21.34,None
2024-01-01 04:11:35,1836302,7424208,TCP,195.6,0.251,2766.7,4100.5,8,0.029,22.96,None
2024-01-01 04:11:40,7362012,6311570,TCP,270.5,0.528,2875.8,5631.3,11,0.0069,3.51,None
2024-01-01 04:11:45,5412926,8913121,DNS,117.7,4.681,1064.7,15075.4,13,0.0163,1.9,None
2024-01-01 04:11:50,6734904,4745582,TCP,120.8,0.39,1265.0,4737.3,3,0.005,13.35,None
2024-01-01 04:11:55,7722781,3114286,TCP,264.3,2.293,2452.4,42556.7,8,0.0189,19.02,None
2024-01-01 04:12:00,8743214,6854777,DNS,58.3,1.512,3909.9,15121.4,10,0.0017,6.99,None
2024-01-01 04:12:05,8262601,2900929,DNS,122.2,0.174,7693.6,9877.1,16,0.0026,5.78,None
2024-01-01 04:12:10,2124841,5096823,UDP,163.2,0.672,3270.1,6863.3,8,0.0041,12.43,None
2024-01-01 04:12:15,8219721,1166563,DNS,185.8,1.469,11530.8,26631.6,5,0.0009,11.57,None
2024-01-01 04:12:20,2871096,9606597,TCP,115.0,3.826,14841.7,30823.1,13,0.0059,11.51,None
2024-01-01 04:12:25,9483279,1903913,TCP,151.0,2.459,6602.9,2536.7,13,0.0067,9.73,None
2024-01-01 04:12:30,2524477,4739164,HTTP,42.8,1.945,10147.5,4016.2,15,0.0012,17.45,None
2024-01-01 04:12:35,5335410,5778490,HTTP,106.8,1.37,1106.9,15285.0,13,0.0056,14.75,None
2024-01-01 04:12:40,5966570,3550863,TCP,186.2,0.71,944.6,20675.0,7,0.0022,11.71,None
2024-01-01 04:12:45,4448614,1840063,HTTP,90.8,0.254,5003.9,6000.9,8,0.0208,17.3,None
2024-01-01 04:12:50,6154397,5375800,TCP,152.9,1.052,779.6,3856.7,7,0.0071,6.28,None
2024-01-01 04:12:55,8223065,4847266,UDP,185.6,0.058,2229.7,8765.8,11,0.0304,21.4,None
2024-01-01 04:13:00,5861498,2920681,TCP,125.1,0.474,6445.9,35478.9,8,0.0042,9.22,None
2024-01-01 04:13:05,4272893,2144161,DNS,161.6,1.133,12251.1,8442.5,6,0.0042,7.86,None
2024-01-01 04:13:10,4466803,6055976,HTTP,91.7,1.085,2311.8,2289.4,5,0.0041,13.01,None
2024-01-01 04:13:15,7813990,6796925,DNS,133.8,0.091,1556.3,9041.5,14,0.0031,6.49,None
2024-01-01 04:13:20,1477824,5292897,TCP,201.4,1.779,4107.1,17725.3,7,0.0153,6.45,None
2024-01-01 04:13:25,1535765,2060722,TCP,160.5,1.596,1018.9,7321.9,8,0.0033,1.87,None
2024-01-01 04:13:30,4835363,6005976,DNS,110.7,0.163,2506.7,28514.5,11,0.0034,15.65,None
2024-01-01 04:13:35,1343713,6763163,UDP,166.0,5.735,2957.2,19261.2,7,0.0005,21.91,None
2024-01-01 04:13:40,7306893,2152421,DNS,212.2,0.209,2898.7,7617.8,15,0.0336,16.45,None
2024-01-01 04:13:45,3435621,4633325,HTTP,53.3,3.86,3256.8,8460.3,5,0.0217,13.63,None
2024-01-01 04:13:50,9240844,8649164,DNS,264.9,0.001,1294.0,1284.6,3,0.0035,17.08,None
2024-01-01 04:13:55,8779704,4984012,DNS,125.4,4.279,1440.9,27179.7,7,0.0074,23.19,None
2024-01-01 04:14:00,3017191,4490214,UDP,183.6,0.04,1412.2,5828.3,7,0.0066,8.08,None
2024-01-01 04:14:05,7477497,9642233,TCP,270.1,2.836,589.9,5431.9,10,0.0009,10.34,None
2024-01-01 04:14:10,6242018,2236546,DNS,74.8,0.898,4195.8,4675.8,17,0.0076,6.87,None
2024-01-01 04:14:15,6971888,3660021,UDP,104.1,2.68,7292.9,12793.6,9,0.0012,0.4,None
2024-01-01 04:14:20,6211802,1724451,HTTP,128.5,1.027,6609.8,2621.0,13,0.0057,8.34,None
2024-01-01 04:14:25,1709651,8051899,UDP,100.3,0.147,2292.7,3028.5,6,0.0009,1.72,None
2024-01-01 04:14:30,3518405,4416498,TCP,353.4,2.918,1324.8,7688.5,8,0.0089,20.6,None
2024-01-01 04:14:35,6973596,4446300,DNS,96.7,0.148,6274.9,4330.7,8,0.0005,17.17,None
2024-01-01 04:14:40,4322710,8783750,DNS,112.4,5.105,5647.2,11330.3,7,0.0099,7.3,None
2024-01-01 04:14:45,4931676,5756100,DNS,164.4,0.105,3704.9,4492.3,9,0.0123,7.87,None
2024-01-01 04:14:50,4314714,5035890,HTTP,81.4,1.305,17056.9,39936.1,15,0.0085,13.67,None
2024-01-01 04:14:55,1543665,5393276,HTTP,121.8,2.568,2903.2,16211.2,4,0.0063,19.15,None
2024-01-01 04:15:00,2642605,8594474,DNS,173.9,0.999,2305.6,16008.7,5,0.0006,17.25,None
2024-01-01 04:15:05,7397621,5868133,UDP,125.7,0.49,1998.6,4425.1,13,0.0001,0.69,None
2024-01-01 04:15:10,2830184,4900041,UDP,141.6,2.847,625.9,89830.5,8,0.0042,18.85,None
2024-01-01 04:15:15,6699143,8162709,DNS,113.9,3.068,5775.3,5223.8,14,0.0148,21.15,None
2024-01-01 04:15:20,1222386,2154169,UDP,69.6,5.12,2682.5,3968.7,13,0.0104,2.16,None
2024-01-01 04:15:25,3877795,1314709,UDP,174.3,0.944,4963.8,16428.0,6,0.0013,18.48,None
2024-01-01 04:15:30,2363888,3133478,UDP,356.9,1.411,18805.0,9850.0,14,0.0116,6.04,None
2024-01-01 04:15:35,7861938,4264797,UDP,149.8,0.902,2016.8,3574.6,13,0.0086,4.17,None
2024-01-01 04:15:40,8862513,4492881,DNS,166.1,0.594,287.7,72827.4,12,0.0018,13.05,None
2024-01-01 04:15:45,7195673,7310773,DNS,209.8,2.781,4822.6,21495.5,6,0.0141,13.26,None
2024-01-01 04:15:50,3095525,8852171,UDP,78.7,0.83,3522.3,8135.6,8,0.0177,11.3,None
2024-01-01 04:15:55,4785189,2907046,DNS,347.7,1.118,1433.0,89420.9,18,0.0026,21.64,None
2024-01-01 04:16:00,8017213,1043885,UDP,164.2,1.034,4434.9,18229.2,6,0.0101,5.8,None
2024-01-01 04:16:05,7648428,7136133,UDP,335.6,2.494,6542.6,8007.2,9,0.0048,14.46,None
2024-01-01 04:16:10,1454533,2068983,DNS,102.9,4.997,1156.8,79335.2,18,0.0006,9.84,None
2024-01-01 04:16:15,7303253,4473067,UDP,368.3,2.198,2205.4,15661.9,15,0.0198,20.97,None
2024-01-01 04:16:20,9047414,9950659,HTTP,218.7,1.276,13052.7,14991.6,15,0.0172,3.19,None
2024-01-01 04:16:25,9537377,9496164,DNS,195.7,3.021,1448.6,5506.3,8,0.0038,1.99,None
2024-01-01 04:16:30,9035959,7370976,UDP,166.8,2.049,3186.5,8513.5,8,0.0076,23.83,None
2024-01-01 04:16:35,2429644,7304954,TCP,131.1,0.125,216.1,5373.9,13,0.0072,13.85,None
2024-01-01 04:16:40,1893320,3636305,TCP,270.5,0.201,677.3,34191.6,9,0.002,21.89,None
2024-01-01 04:16:45,6051313,1498538,TCP,159.2,0.077,3489.5,1620.7,3,0.0016,9.8,None
2024-01-01 04:16:50,3807904,1583165,HTTP,55.5,1.221,10178.0,31757.1,15,0.0186,14.5,None
2024-01-01 04:16:55,3203232,8338410,DNS,84.9,3.496,763.5,3370.0,11,0.0202,16.66,None
2024-01-01 04:17:00,2202811,6599443,TCP,135.2,0.751,3211.7,7647.1,12,0.0129,23.67,None
2024-01-01 04:17:05,1575714,6005557,DNS,173.3,0.97,2047.3,6031.7,11,0.0008,2.71,None
2024-01-01 04:17:10,6419509,1852207,HTTP,144.3,4.804,7731.7,4816.7,7,0.024,2.99,None
2024-01-01 04:17:15,6702252,2694832,UDP,273.0,3.627,882.0,16151.8,15,0.0395,12.56,None
2024-01-01 04:17:20,9990383,2318356,UDP,55.9,2.188,4582.9,8061.1,11,0.0149,1.34,None
2024-01-01 04:17:25,8256387,7885403,DNS,159.5,0.621,1550.5,4156.0,8,0.0044,17.46,None
2024-01-01 04:17:30,2140674,2941218,TCP,59.8,0.249,3725.8,9452.1,13,0.0052,23.78,None
2024-01-01 04:17:35,8409039,1205073,DNS,217.0,0.032,3193.7,4039.6,11,0.0204,19.47,None
2024-01-01 04:17:40,4121716,1799641,HTTP,141.6,0.226,2317.4,4732.6,6,0.0033,6.38,None
2024-01-01 04:17:45,2347237,3695036,UDP,183.1,0.692,4806.9,1813.0,8,0.0015,19.19,None
2024-01-01 04:17:50,6780143,6921063,DNS,96.4,1.605,3114.0,5165.2,10,0.0173,15.07,None
2024-01-01 04:17:55,3471379,2822557,DNS,281.4,0.132,2610.2,13282.5,10,0.0021,2.87,None
2024-01-01 04:18:00,2411516,4538557,HTTP,249.9,0.293,2087.2,8409.6,7,0.0238,13.58,None
2024-01-01 04:18:05,3914385,3459714,TCP,198.7,0.4,3221.5,49764.8,5,0.0091,21.52,None
2024-01-01 04:18:10,1101599,3244094,HTTP,139.1,1.999,3722.1,110505.2,8,0.0081,6.96,None
2024-01-01 04:18:15,6282890,5211982,DNS,198.3,1.913,1108.6,5093.8,9,0.0149,15.82,None
2024-01-01 04:18:20,2342494,7451524,TCP,104.2,1.6,2101.8,3521.6,10,0.0002,1.0,None
2024-01-01 04:18:25,9584389,9617433,TCP,227.6,0.577,1037.8,25079.8,7,0.0125,20.02,None
2024-01-01 04:18:30,8676428,5460528,TCP,338.6,0.928,2864.5,11330.0,13,0.0091,4.94,None
2024-01-01 04:18:35,8307014,7051385,DNS,253.5,0.203,1648.6,25232.2,10,0.0074,14.61,None
2024-01-01 04:18:40,5375039,6609645,UDP,103.0,0.514,6443.2,12074.3,8,0.0025,12.58,None
2024-01-01 04:18:45,6098150,7148311,TCP,177.8,4.56,5841.4,6671.8,8,0.0177,13.16,None
2024-01-01 04:18:50,5554034,1355837,DNS,77.7,7.793,1184.7,6709.7,11,0.0029,6.09,None
2024-01-01 04:18:55,3557899,9078804,TCP,197.6,2.086,2974.1,12491.2,17,0.0067,13.42,None
2024-01-01 04:19:00,9178030,4177642,HTTP,185.9,4.974,5644.9,6560.9,10,0.0017,14.47,None
2024-01-01 04:19:05,7671359,1725064,HTTP,58.3,2.059,2501.6,27433.0,8,0.0364,10.21,None
2024-01-01 04:19:10,1546477,8392086,DNS,83.0,0.068,1439.1,2203.2,13,0.0022,15.2,None
2024-01-01 04:19:15,6423117,6526937,DNS,128.8,11.466,999.8,27286.4,10,0.0163,4.6,None
2024-01-01 04:19:20,9003639,4466027,TCP,127.7,0.208,7004.2,1244.6,6,0.0031,12.3,None
2024-01-01 04:19:25,8033233,5375162,HTTP,81.1,2.295,7351.9,9368.4,6,0.003,17.2,None
2024-01-01 04:19:30,8063418,5658532,UDP,180.3,0.583,2421.3,5819.4,16,0.0055,8.83,None
2024-01-01 04:19:35,1750318,5956178,TCP,168.3,0.995,6413.4,1778.7,13,0.0187,9.87,None
2024-01-01 04:19:40,2268277,2688751,HTTP,134.7,2.077,153.7,1032.8,6,0.0116,3.94,None
2024-01-01 04:19:45,6776692,7896156,TCP,101.7,1.147,11243.6,2704.0,14,0.0205,14.79,None
2024-01-01 04:19:50,5068445,7714514,UDP,250.7,0.577,2548.0,8481.9,13,0.0005,2.96,None
2024-01-01 04:19:55,3208130,1664007,TCP,339.6,0.814,3435.0,4437.4,9,0.0312,12.02,None
2024-01-01 04:20:00,2727647,1981981,UDP,116.5,0.836,2163.5,2861.4,8,0.0008,5.05,None
2024-01-01 04:20:05,3019713,7262057,HTTP,109.3,6.404,12036.6,31328.4,11,0.0128,4.66,None
2024-01-01 04:20:10,8198858,4866002,TCP,189.7,3.205,1032.0,2363.3,15,0.0023,2.3,None
2024-01-01 04:20:15,3036574,3295630,UDP,124.1,1.227,13022.8,15980.4,13,0.0184,8.58,None
2024-01-01 04:20:20,5985314,1570116,TCP,138.4,0.446,4430.5,3330.9,9,0.0198,20.82,None
2024-01-01 04:20:25,2392028,4537420,UDP,214.8,3.332,5556.2,2636.5,7,0.008,14.52,None
2024-01-01 04:20:30,6059458,2116664,TCP,57.1,0.342,2144.8,4430.0,13,0.0052,18.7,None
2024-01-01 04:20:35,7259003,5541863,HTTP,286.9,0.473,805.8,15061.8,6,0.0158,2.75,None
2024-01-01 04:20:40,7084407,6033011,UDP,153.9,0.911,7559.1,2056.0,11,0.0207,7.52,None
2024-01-01 04:20:45,7868491,5950206,DNS,120.8,4.246,4070.0,10801.7,14,0.0134,9.33,None
2024-01-01 04:20:50,9491119,1483749,TCP,141.9,0.283,11633.3,3100.3,9,0.0237,20.64,None
2024-01-01 04:20:55,9970372,5139313,UDP,145.7,0.261,2455.8,3711.7,17,0.0098,15.95,None
2024-01-01 04:21:00,8521005,6156864,HTTP,62.5,1.362,1960.1,12096.1,11,0.0111,11.77,None
2024-01-01 04:21:05,3827443,6028064,DNS,313.4,0.647,11945.2,71216.7,14,0.0085,7.21,None
2024-01-01 04:21:10,3412011,6752960,HTTP,151.5,1.682,20168.8,3258.4,10,0.0067,18.24,None
2024-01-01 04:21:15,8284718,6821993,HTTP,185.2,1.202,3009.0,16645.3,18,0.0106,21.32,None
2024-01-01 04:21:20,2396650,4388415,DNS,238.8,1.142,1404.2,5927.1,9,0.0082,12.88,None
2024-01-01 04:21:25,2008356,6559972,UDP,89.1,0.238,6704.5,5040.5,14,0.0131,1.04,None
2024-01-01 04:21:30,3498873,7346754,UDP,188.1,0.304,2312.3,23656.1,11,0.0272,6.52,None
2024-01-01 04:21:35,9932509,1600449,DNS,129.8,3.442,5427.7,3485.9,11,0.0047,17.9,None
2024-01-01 04:21:40,3562577,7375856,TCP,226.6,4.341,2300.1,2555.2,7,0.0053,9.3,None
2024-01-01 04:21:45,3401828,8344983,TCP,51.2,0.535,14242.9,12838.1,9,0.0002,15.02,None
2024-01-01 04:21:50,9986257,7433221,TCP,141.2,0.241,1481.1,39926.0,12,0.0075,12.59,None
2024-01-01 04:21:55,8825571,7739545,HTTP,109.8,0.11,4820.0,17154.1,7,0.0014,21.79,None
2024-01-01 04:22:00,5778550,2799137,UDP,184.2,1.875,1828.6,1984.2,10,0.0126,7.37,None
2024-01-01 04:22:05,6104187,6235255,TCP,187.7,2.513,2249.6,4379.4,11,0.0151,10.71,None
2024-01-01 04:22:10,2063501,5893101,HTTP,104.2,0.933,1974.3,21581.6,14,0.0128,1.55,None
2024-01-01 04:22:15,2792214,7674474,DNS,104.0,2.277,6239.2,39383.8,11,0.0079,19.32,None
2024-01-01 04:22:20,8099950,5689641,UDP,140.4,2.496,7467.9,10185.4,8,0.0076,7.82,None
2024-01-01 04:22:25,6295007,8010785,TCP,94.8,5.477,5206.9,4540.7,10,0.0104,17.33,None
2024-01-01 04:22:30,1038045,3700073,UDP,226.1,0.134,2675.8,42025.0,5,0.0081,0.07,None
2024-01-01 04:22:35,9203176,8837404,DNS,123.4,0.427,3429.5,7520.6,15,0.0139,20.82,None
2024-01-01 04:22:40,7103229,1891551,UDP,34.7,0.142,7315.3,4421.3,11,0.0225,23.33,None
2024-01-01 04:22:45,9043432,5631485,TCP,123.0,4.05,7550.1,3733.4,10,0.0077,11.28,None
2024-01-01 04:22:50,6126007,5417159,UDP,88.3,3.146,202.3,2452.8,8,0.0012,11.58,None
2024-01-01 04:22:55,1328081,1545367,DNS,65.7,1.71,2270.6,137803.0,7,0.0014,14.79,None
2024-01-01 04:23:00,4193253,3849726,HTTP,79.9,0.175,2382.1,33555.6,11,0.0047,23.4,None
2024-01-01 04:23:05,8151544,1351761,DNS,156.8,0.639,5821.1,4203.6,11,0.0069,13.41,None
2024-01-01 04:23:10,1262549,4858661,DNS,288.4,0.707,2788.4,45790.2,12,0.0025,1.77,None
2024-01-01 04:23:15,2517675,5657646,DNS,173.6,1.645,6119.2,13812.1,14,0.006,13.56,None
2024-01-01 04:23:20,8882691,2888952,UDP,109.6,0.597,1013.7,13018.3,10,0.0015,10.06,None
2024-01-01 04:23:25,7985180,8035415,TCP,186.4,0.152,3866.3,3952.4,8,0.0028,18.26,None
2024-01-01 04:23:30,6363562,3019335,TCP,118.0,2.624,7333.5,4845.8,9,0.0132,7.28,None
2024-01-01 04:23:35,7191119,9395656,UDP,104.9,0.711,682.4,7766.5,9,0.0424,22.19,None
2024-01-01 04:23:40,3659681,4166322,DNS,83.3,1.204,36814.4,1135.1,7,0.0021,19.2,None
2024-01-01 04:23:45,2420093,3333839,DNS,61.8,0.273,9807.3,4980.0,12,0.0041,7.84,None
2024-01-01 04:23:50,8850441,5916321,UDP,122.1,3.245,2985.0,8139.5,7,0.0043,8.45,None
2024-01-01 04:23:55,4457227,3507091,UDP,160.6,1.667,1301.9,30017.0,14,0.0025,12.43,None
2024-01-01 04:24:00,4266510,2491633,DNS,141.4,4.637,2502.2,4374.1,10,0.0023,2.39,None
2024-01-01 04:24:05,1975266,2132924,DNS,120.5,1.368,3241.5,18254.0,13,0.0014,16.56,None
2024-01-01 04:24:10,9438360,6392923,TCP,92.5,5.675,4631.6,1032.3,9,0.0238,14.62,None
2024-01-01 04:24:15,2146709,9573140,HTTP,201.2,4.449,13368.6,26030.7,12,0.0105,7.65,None
2024-01-01 04:24:20,1548781,6474135,DNS,76.8,1.718,1851.8,3293.3,15,0.0034,15.31,None
2024-01-01 04:24:25,8906895,2030411,UDP,218.8,5.433,5232.8,9230.5,13,0.003,2.36,None
2024-01-01 04:24:30,6431218,9580889,UDP,89.9,0.78,818.6,12165.3,9,0.0089,22.85,None
2024-01-01 04:24:35,8665388,5840165,HTTP,101.9,0.91,1971.2,9998.4,13,0.0119,1.61,None
2024-01-01 04:24:40,3048850,8775931,HTTP,71.3,0.093,4344.7,7282.4,10,0.0029,7.89,None
2024-01-01 04:24:45,1282192,2625709,TCP,115.5,1.779,5950.7,2341.4,6,0.0043,23.29,None
2024-01-01 04:24:50,9872798,1957251,HTTP,241.7,2.56,1403.6,3329.1,4,0.0034,9.56,None
2024-01-01 04:24:55,5434803,1934831,TCP,192.1,2.97,1918.3,21948.0,5,0.0009,21.25,None
2024-01-01 04:25:00,2895168,9774307,HTTP,242.1,0.325,12843.0,4458.7,9,0.0049,3.62,None
2024-01-01 04:25:05,9660059,3592603,TCP,192.7,1.175,9527.2,7307.9,11,0.0076,1.6,None
2024-01-01 04:25:10,4410804,6276489,DNS,85.5,0.389,3671.9,1822.4,10,0.0107,2.6,None
2024-01-01 04:25:15,1196976,6985321,TCP,125.8,2.17,318.4,19121.6,2,0.0054,23.33,None
2024-01-01 04:25:20,1332072,2466127,DNS,100.5,0.344,36722.0,2165.7,5,0.041,2.13,None
2024-01-01 04:25:25,8876320,6360141,DNS,288.7,4.69,2922.1,20251.1,11,0.0098,15.64,None
2024-01-01 04:25:30,1865673,7873971,DNS,81.6,0.524,2180.8,2799.8,12,0.0218,10.57,None
2024-01-01 04:25:35,9224226,6493934,DNS,232.0,0.689,1768.1,22348.4,11,0.0248,20.66,None
2024-01-01 04:25:40,2694608,4055295,UDP,231.9,3.806,4343.2,8186.1,12,0.0172,7.06,None
2024-01-01 04:25:45,5043635,1551081,HTTP,370.5,1.227,4387.8,4634.3,14,0.0031,0.69,None
2024-01-01 04:25:50,1735245,7806057,UDP,120.9,0.049,7712.7,40151.0,10,0.0056,17.97,None
2024-01-01 04:25:55,1171091,3968566,TCP,211.9,1.365,1180.8,7563.9,4,0.0,14.13,None
2024-01-01 04:26:00,1276355,4620566,HTTP,464.4,0.177,2180.9,5643.1,6,0.006,10.43,None
2024-01-01 04:26:05,5409347,7048997,DNS,109.0,8.446,22709.7,20112.9,8,0.0035,7.75,None
2024-01-01 04:26:10,4951244,1148603,DNS,68.9,1.774,3731.6,1843.7,10,0.0012,21.59,None
2024-01-01 04:26:15,4196981,6764606,HTTP,58.0,0.593,2508.6,647.3,10,0.0182,2.92,None
2024-01-01 04:26:20,5557528,6882481,TCP,212.0,1.659,1162.6,25796.1,12,0.0112,3.39,None
2024-01-01 04:26:25,1099604,4038671,DNS,57.9,0.16,4944.0,3511.1,11,0.0702,0.36,None
2024-01-01 04:26:30,5495188,4615276,UDP,123.2,3.218,8358.4,19237.6,9,0.0069,1.74,None
2024-01-01 04:26:35,4746126,9814487,HTTP,184.7,5.189,7148.0,8485.9,6,0.004,20.57,None
2024-01-01 04:26:40,5798804,4353738,TCP,162.8,4.15,2301.2,2530.1,16,0.0031,19.05,None
2024-01-01 04:26:45,8150932,1889679,HTTP,183.6,0.836,4278.0,14872.7,8,0.0057,2.46,None
2024-01-01 04:26:50,5168689,2821108,HTTP,165.9,0.788,15861.6,5376.7,7,0.0037,18.72,None
2024-01-01 04:26:55,7079532,1041482,TCP,281.3,0.071,8698.3,2759.1,11,0.0468,15.39,None
2024-01-01 04:27:00,5696574,5002995,TCP,92.2,2.108,1360.8,2831.9,12,0.002,9.3,None
2024-01-01 04:27:05,9272008,1102739,DNS,105.8,1.531,233.7,1432.5,6,0.0002,2.02,None
2024-01-01 04:27:10,3683085,9960544,TCP,100.9,1.23,4010.9,12125.0,8,0.0014,14.46,None
2024-01-01 04:27:15,1262073,9581385,UDP,224.8,4.764,6624.8,3179.9,11,0.0222,20.15,None
2024-01-01 04:27:20,8211029,1535420,UDP,232.8,0.368,1003.0,7826.6,7,0.0118,10.1,None
2024-01-01 04:27:25,2443767,1095916,UDP,186.0,0.019,2954.9,6756.6,9,0.0153,10.19,None
2024-01-01 04:27:30,8085561,7692820,HTTP,268.2,0.152,2290.0,3160.4,9,0.0039,19.84,None
2024-01-01 04:27:35,7173610,8078063,DNS,82.4,0.506,3308.6,1767.1,9,0.0097,5.05,None
2024-01-01 04:27:40,6052061,9663785,HTTP,341.6,0.068,1729.0,102100.3,19,0.0123,4.14,None
2024-01-01 04:27:45,9877515,9043508,UDP,317.9,1.398,10834.7,7719.2,12,0.004,16.69,None
2024-01-01 04:27:50,7172260,7510821,TCP,214.4,0.754,3456.4,50180.6,11,0.0129,15.76,None
2024-01-01 04:27:55,4628188,8052800,HTTP,361.7,0.398,1237.7,25976.2,7,0.0099,21.89,None
2024-01-01 04:28:00,9127631,2814691,DNS,64.8,2.773,7461.1,5877.2,7,0.0035,8.02,None
2024-01-01 04:28:05,8264585,3085643,UDP,114.2,0.457,842.0,9710.5,16,0.0005,4.85,None
2024-01-01 04:28:10,3675821,9354590,DNS,102.8,2.327,10769.7,9432.5,8,0.0027,10.29,None
2024-01-01 04:28:15,7046555,8038120,DNS,212.9,0.859,8031.0,51236.2,9,0.0097,9.21,None
2024-01-01 04:28:20,4890675,6004761,UDP,87.8,1.434,11965.4,18579.9,9,0.0091,22.51,None
2024-01-01 04:28:25,4972282,6794017,DNS,216.8,5.432,2544.7,3614.6,12,0.0071,22.02,None
2024-01-01 04:28:30,4099936,3689900,HTTP,294.5,0.076,1815.1,11517.5,11,0.0029,10.28,None
2024-01-01 04:28:35,8329449,4892695,DNS,210.1,1.387,3242.2,18111.7,9,0.0059,9.9,None
2024-01-01 04:28:40,1009486,3278378,DNS,171.0,3.854,2739.6,2501.6,10,0.0016,10.68,None
2024-01-01 04:28:45,6556693,7503907,TCP,90.6,1.773,1551.9,13281.8,8,0.0109,17.54,None
2024-01-01 04:28:50,1776722,3297334,DNS,97.2,0.648,1713.6,31116.4,10,0.0203,13.2,None
2024-01-01 04:28:55,2612973,5396393,HTTP,277.2,1.014,2066.5,3437.6,12,0.0062,6.91,None
2024-01-01 04:29:00,3691531,6554823,DNS,219.1,2.281,925.2,3946.9,9,0.0024,18.45,None
2024-01-01 04:29:05,5702964,7564642,HTTP,145.5,4.429,5872.1,25860.5,10,0.0176,21.69,None
2024-01-01 04:29:10,8821529,1259575,HTTP,120.4,0.084,2829.1,5686.0,14,0.0038,17.23,None
2024-01-01 04:29:15,8988442,5169009,UDP,53.9,0.148,2189.9,3035.1,11,0.009,4.67,None
2024-01-01 04:29:20,3746598,5615724,HTTP,86.9,0.786,982.1,19580.2,9,0.0008,19.0,None
2024-01-01 04:29:25,7992349,2697324,TCP,386.0,0.53,934.1,14427.0,9,0.0127,23.73,None
2024-01-01 04:29:30,8755220,1859803,HTTP,78.2,0.616,20659.2,8905.2,8,0.0062,16.44,None
2024-01-01 04:29:35,1736086,7178074,TCP,163.2,0.5,1592.0,24948.8,5,0.0055,5.85,None
2024-01-01 04:29:40,2152572,2147317,UDP,245.6,0.436,5489.1,26786.0,13,0.0273,0.13,None
2024-01-01 04:29:45,9298270,9171044,TCP,79.2,0.28,3507.4,7459.0,12,0.0068,9.25,None
2024-01-01 04:29:50,2942951,1340114,DNS,162.8,5.435,185.8,58356.5,11,0.0002,11.29,None
2024-01-01 04:29:55,6714726,8452606,UDP,237.2,0.311,17898.1,39473.7,7,0.0321,21.83,None
2024-01-01 04:30:00,4005061,8367017,DNS,149.3,0.457,5908.1,1114.0,17,0.0001,14.87,None
2024-01-01 04:30:05,3014556,3682152,TCP,622.8,0.565,1383.4,2892.5,12,0.0077,6.76,None
2024-01-01 04:30:10,6681377,5253430,TCP,64.4,5.407,2897.6,849.6,11,0.01,16.6,None
2024-01-01 04:30:15,5772151,7205541,UDP,252.0,2.819,944.7,5856.4,9,0.0225,2.21,None
2024-01-01 04:30:20,9745632,3600386,DNS,136.1,3.118,18512.9,2413.4,14,0.0114,5.12,None
2024-01-01 04:30:25,4080840,1648905,TCP,218.3,0.221,1202.7,3589.2,6,0.0167,17.87,None
2024-01-01 04:30:30,5218060,7558070,HTTP,185.1,3.62,1766.8,24114.5,6,0.0147,7.13,None
2024-01-01 04:30:35,4293244,9005676,HTTP,102.9,1.049,1437.2,1401.3,9,0.0024,0.75,None
2024-01-01 04:30:40,8717360,3621927,HTTP,166.4,0.61,3230.5,9225.6,12,0.0121,11.92,None
2024-01-01 04:30:45,7324848,7732099,TCP,58.6,1.715,11734.8,9169.9,11,0.0101,15.79,None
2024-01-01 04:30:50,8731830,8087025,HTTP,200.7,3.454,17843.1,7462.2,9,0.0028,18.94,None
2024-01-01 04:30:55,1188436,9061094,TCP,172.3,3.016,2000.2,9235.2,7,0.0014,7.34,None
2024-01-01 04:31:00,3023086,2858946,HTTP,204.2,4.415,4351.4,869.3,11,0.0139,10.19,None
2024-01-01 04:31:05,8052959,7848033,DNS,251.9,5.266,3235.4,3606.3,10,0.0354,13.36,None
2024-01-01 04:31:10,6294382,7588952,TCP,178.4,0.544,1117.0,37911.2,4,0.0134,1.79,None
2024-01-01 04:31:15,1326465,6829840,HTTP,159.8,1.103,33609.2,2448.3,7,0.0138,4.74,None
2024-01-01 04:31:20,1698176,2803773,UDP,95.5,0.029,11646.5,42899.3,13,0.0018,8.86,None
2024-01-01 04:31:25,5426345,5803728,TCP,103.9,4.229,3601.5,1984.6,11,0.0028,6.41,None
2024-01-01 04:31:30,2346524,9766773,HTTP,268.6,0.336,14499.6,1759.8,11,0.0088,11.18,None
2024-01-01 04:31:35,5487252,4606911,HTTP,304.3,3.953,10017.7,3128.2,13,0.0003,15.62,None
2024-01-01 04:31:40,3695312,2327674,TCP,131.8,0.799,3235.2,25061.4,8,0.011,12.95,None
2024-01-01 04:31:45,6917391,1451598,UDP,151.9,0.918,4129.7,4693.2,6,0.0016,18.58,None
2024-01-01 04:31:50,8173439,9901560,HTTP,94.4,0.08,13522.7,11446.1,13,0.0053,15.03,None
2024-01-01 04:31:55,5263659,9524619,DNS,266.8,0.792,1157.3,8722.3,9,0.0039,7.01,None
2024-01-01 04:32:00,8926831,7990189,DNS,207.0,4.385,15893.9,7673.6,8,0.0011,2.88,None
2024-01-01 04:32:05,1120976,6592009,DNS,391.7,0.052,2380.1,28973.0,8,0.0086,15.35,None
2024-01-01 04:32:10,4961417,7532534,UDP,95.7,1.043,13693.5,17527.4,2,0.0045,5.09,None
2024-01-01 04:32:15,8866195,2137980,DNS,122.9,0.064,2965.4,2584.0,10,0.0004,7.65,None
2024-01-01 04:32:20,8628126,9693430,UDP,166.6,0.927,4178.1,6151.4,5,0.0059,19.08,None
2024-01-01 04:32:25,3328600,6753164,UDP,205.0,0.379,2880.4,46325.1,11,0.0089,5.28,None
2024-01-01 04:32:30,6401462,1350737,TCP,133.2,0.581,1751.4,11154.1,8,0.0014,12.91,None
2024-01-01 04:32:35,9937156,9188211,HTTP,95.9,4.201,2275.5,1793.9,16,0.0088,2.28,None
2024-01-01 04:32:40,2678356,5489377,TCP,230.6,1.146,11838.5,1925.5,5,0.0036,10.0,None
2024-01-01 04:32:45,9193406,8515775,TCP,212.8,0.64,294.7,19734.9,12,0.003,23.53,None
2024-01-01 04:32:50,7804563,2821128,UDP,93.9,1.78,863.5,16357.4,8,0.0159,22.91,None
2024-01-01 04:32:55,2174109,4769106,DNS,292.3,0.307,1443.1,3224.8,11,0.0063,22.72,None
2024-01-01 04:33:00,7429495,8079049,TCP,266.4,0.601,1014.0,17113.6,12,0.0047,14.28,None
2024-01-01 04:33:05,8054520,6260493,UDP,158.7,1.58,13493.7,40110.4,8,0.0168,7.07,None
2024-01-01 04:33:10,8422931,7908467,UDP,154.4,0.542,10484.7,34816.9,13,0.0241,8.52,None
2024-01-01 04:33:15,6900600,7064109,HTTP,195.8,2.273,5388.6,40306.9,11,0.0038,4.95,None
2024-01-01 04:33:20,9083121,6424575,TCP,96.5,1.353,1575.3,14122.0,11,0.0005,2.34,None
2024-01-01 04:33:25,6064252,2563040,UDP,150.7,2.957,11328.2,6784.1,8,0.0078,4.05,None
2024-01-01 04:33:30,3461414,7100065,HTTP,50.6,5.922,609.0,5418.2,6,0.0126,11.21,None
2024-01-01 04:33:35,6058403,2433743,UDP,230.0,0.246,25386.7,7963.4,14,0.0089,0.65,None
2024-01-01 04:33:40,9783700,8375584,HTTP,68.0,0.815,1503.2,3374.4,7,0.0116,22.54,None
2024-01-01 04:33:45,4803267,2879555,UDP,314.7,0.77,2293.8,5657.3,10,0.0104,13.48,None
2024-01-01 04:33:50,1668242,3497636,TCP,125.8,0.328,1940.4,29002.0,11,0.0312,4.16,None
2024-01-01 04:33:55,7794225,8863256,TCP,133.5,3.325,1019.3,1621.2,8,0.0201,9.99,None
2024-01-01 04:34:00,3490724,1541258,UDP,108.4,2.853,20437.2,1736.0,10,0.0014,9.03,None
2024-01-01 04:34:05,7308354,4166613,UDP,128.5,1.325,6561.0,18592.8,5,0.006,20.05,None
2024-01-01 04:34:10,1323154,3277965,DNS,301.6,1.543,10051.4,5709.2,19,0.0061,2.89,None
2024-01-01 04:34:15,3992018,9559782,UDP,42.8,0.123,876.8,1181.3,9,0.0061,10.32,None
2024-01-01 04:34:20,6639838,8276929,TCP,281.0,1.622,3572.2,7621.0,13,0.0267,17.07,None
2024-01-01 04:34:25,4326058,6028193,HTTP,175.7,3.134,5019.2,6607.0,7,0.004,8.96,None
2024-01-01 04:34:30,6564335,4722039,UDP,81.2,1.706,3907.9,5265.4,7,0.0095,8.58,None
2024-01-01 04:34:35,9634678,3698546,HTTP,86.7,0.617,934.1,16086.0,12,0.0227,8.17,None
2024-01-01 04:34:40,3181689,5168514,HTTP,343.2,2.203,8738.6,2136.2,5,0.0005,18.29,None
2024-01-01 04:34:45,8358830,5676054,HTTP,92.5,0.897,3366.2,8209.0,4,0.0211,2.86,None
2024-01-01 04:34:50,6461727,2108863,TCP,83.4,1.574,1147.2,6561.8,7,0.0145,20.56,None
2024-01-01 04:34:55,6550526,3874157,HTTP,262.1,1.337,466.3,8415.5,10,0.0023,1.7,None
2024-01-01 04:35:00,1371647,3611785,UDP,175.8,0.96,5468.0,1433.4,11,0.0039,7.66,None
2024-01-01 04:35:05,5144747,1028230,TCP,92.9,2.538,34560.1,4804.7,3,0.0037,9.34,None
2024-01-01 04:35:10,8705886,5441111,UDP,165.4,4.306,1080.0,8264.9,9,0.0025,9.45,None
2024-01-01 04:35:15,1947730,8850743,UDP,88.9,0.01,3534.9,13921.1,8,0.0102,4.5,None
2024-01-01 04:35:20,7845811,5842711,HTTP,257.3,5.425,9049.8,51348.8,6,0.0406,14.48,None
2024-01-01 04:35:25,1808889,4043287,DNS,252.3,1.433,837.4,18141.3,19,0.0018,10.89,None
2024-01-01 04:35:30,7921800,1388700,DNS,193.6,2.413,1844.6,12850.7,14,0.0026,13.62,None
2024-01-01 04:35:35,7642100,4163031,TCP,177.8,3.871,1261.2,28896.5,10,0.0034,14.76,None
2024-01-01 04:35:40,1277896,8277094,TCP,358.0,1.259,7979.9,5980.0,9,0.0277,4.59,None
2024-01-01 04:35:45,1296841,3600803,TCP,148.4,3.603,11220.8,38327.7,11,0.0098,22.09,None
2024-01-01 04:35:50,9351279,8282789,DNS,82.2,0.391,3494.8,24816.7,13,0.0024,19.92,None
2024-01-01 04:35:55,1656990,7410009,HTTP,185.8,0.347,1284.7,5188.1,8,0.0163,19.88,None
2024-01-01 04:36:00,3540643,8433667,TCP,421.2,2.143,1914.5,55489.8,15,0.0256,12.76,None
2024-01-01 04:36:05,4893856,7021368,TCP,89.4,4.083,1586.8,12669.3,11,0.0052,19.68,None
2024-01-01 04:36:10,6786134,8566353,DNS,123.9,4.459,1121.8,72618.1,6,0.0019,15.06,None
2024-01-01 04:36:15,2926680,6132099,DNS,182.8,2.064,2691.8,10972.9,13,0.0037,10.81,None
2024-01-01 04:36:20,5571320,2500048,HTTP,144.5,1.491,5296.6,4619.6,6,0.0024,18.06,None
2024-01-01 04:36:25,2151513,4062616,HTTP,90.8,0.805,4867.1,3761.1,7,0.0022,14.4,None
2024-01-01 04:36:30,2137434,7698355,UDP,260.1,7.824,2956.5,5677.4,11,0.0019,0.05,None
2024-01-01 04:36:35,9882851,9163912,HTTP,473.4,0.77,3156.0,4576.6,15,0.0209,23.93,None
2024-01-01 04:36:40,3154253,9668776,DNS,163.7,2.727,2747.5,28894.0,7,0.0009,10.32,None
2024-01-01 04:36:45,4505837,4641219,TCP,94.4,1.518,814.7,7871.7,13,0.0053,13.72,None
2024-01-01 04:36:50,4456944,1401948,DNS,68.4,1.876,3498.7,1613.2,8,0.0001,9.74,None
2024-01-01 04:36:55,7440317,6867388,TCP,168.8,1.0,1663.0,10026.7,10,0.0035,2.41,None
2024-01-01 04:37:00,6175653,2201137,TCP,257.7,6.695,774.8,9186.7,9,0.0123,20.02,None
2024-01-01 04:37:05,8169112,5508881,DNS,188.2,1.696,4318.7,5071.5,10,0.0023,16.38,None
2024-01-01 04:37:10,8013661,1161423,UDP,148.2,5.554,1616.9,10589.2,17,0.0667,19.88,None
2024-01-01 04:37:15,3124927,7883814,DNS,110.5,0.015,3743.4,7753.4,10,0.0005,11.61,None
2024-01-01 04:37:20,4621536,9703914,HTTP,86.0,1.7,6957.9,15271.8,7,0.0015,19.0,None
2024-01-01 04:37:25,3501238,4025812,DNS,225.3,2.526,1152.6,14399.9,10,0.0155,19.15,None
2024-01-01 04:37:30,1661497,9058453,DNS,234.4,2.734,3268.6,11671.5,13,0.0373,8.07,None
2024-01-01 04:37:35,1911684,5804037,TCP,68.5,4.707,487.6,2210.9,14,0.0308,0.1,None
2024-01-01 04:37:40,7893792,2757560,TCP,328.6,0.009,13801.5,67441.6,6,0.016,20.63,None
2024-01-01 04:37:45,1370032,3153016,UDP,197.8,0.001,765.8,1709.6,10,0.0361,4.43,None
2024-01-01 04:37:50,2475296,9921372,TCP,298.8,1.278,1781.4,7124.5,12,0.0184,20.85,None
2024-01-01 04:37:55,3275868,7124398,TCP,75.9,0.059,11366.0,2712.3,8,0.0006,14.84,None
2024-01-01 04:38:00,8139689,4989474,UDP,75.0,7.341,2357.8,12044.2,6,0.0187,15.23,None
2024-01-01 04:38:05,2061853,7043250,DNS,137.8,0.502,900.2,9305.9,12,0.0066,5.93,None
2024-01-01 04:38:10,6155935,5066056,UDP,190.8,1.28,6081.9,6844.7,5,0.0061,9.66,None
2024-01-01 04:38:15,4022294,7397648,TCP,364.4,0.126,5946.3,36966.7,8,0.0,7.49,None
2024-01-01 04:38:20,3584376,4581745,UDP,211.2,1.476,1582.6,24550.7,5,0.0097,4.57,None
2024-01-01 04:38:25,5620246,2878036,TCP,131.5,0.956,1763.5,5842.3,5,0.0111,17.39,None
2024-01-01 04:38:30,7512667,4076474,DNS,88.8,0.091,1928.7,18108.5,12,0.0156,2.3,None
2024-01-01 04:38:35,7004970,6944210,UDP,274.5,0.816,2423.5,38742.0,8,0.0039,12.29,None
2024-01-01 04:38:40,1431082,3666840,UDP,91.6,0.993,449.0,24375.8,8,0.0014,12.86,None
2024-01-01 04:38:45,8284656,3394101,UDP,335.0,9.195,2486.4,7071.2,9,0.0058,22.93,None
2024-01-01 04:38:50,2113716,5953628,DNS,128.7,0.466,17746.0,1651.9,9,0.0045,20.87,None
2024-01-01 04:38:55,7753842,4104248,TCP,328.7,1.574,1216.9,11211.0,14,0.014,11.8,None
2024-01-01 04:39:00,7371514,3533848,HTTP,208.4,8.735,1663.2,15813.4,8,0.0026,20.26,None
2024-01-01 04:39:05,3423648,1697263,HTTP,138.6,3.141,912.7,3753.3,9,0.0015,18.97,None
2024-01-01 04:39:10,4491624,9528733,UDP,114.5,10.032,5498.1,8287.8,9,0.0058,0.67,None
2024-01-01 04:39:15,8534098,7847777,DNS,125.2,6.903,9928.8,7458.5,7,0.0099,22.13,None
2024-01-01 04:39:20,8250710,7184860,UDP,183.9,1.345,9704.2,32458.3,6,0.0033,16.51,None
2024-01-01 04:39:25,2691358,1467040,HTTP,154.3,2.384,855.8,51731.2,4,0.0012,16.13,None
2024-01-01 04:39:30,8046683,4449060,UDP,110.3,0.234,4913.7,26244.6,8,0.0058,17.12,None
2024-01-01 04:39:35,8340873,9985265,TCP,136.6,1.164,12503.3,7438.6,9,0.0327,5.39,None
2024-01-01 04:39:40,9409718,4035652,UDP,154.4,3.311,4962.5,25532.7,8,0.0342,0.7,None
2024-01-01 04:39:45,2126215,1720482,DNS,51.2,1.408,4809.8,15503.0,15,0.0123,5.56,None
2024-01-01 04:39:50,4970593,6456142,DNS,186.6,2.426,1860.0,7518.3,12,0.015,19.07,None
2024-01-01 04:39:55,7493521,8353920,TCP,90.9,2.739,3714.9,65669.5,7,0.0023,14.34,None
2024-01-01 04:40:00,9769821,1063024,HTTP,83.4,0.585,10263.2,3873.8,8,0.0047,8.67,None
2024-01-01 04:40:05,2127426,7445988,TCP,63.8,4.17,4139.0,14822.6,5,0.0093,5.8,None
2024-01-01 04:40:10,4225073,5601545,UDP,60.5,1.232,855.5,18761.5,10,0.0139,19.2,None
2024-01-01 04:40:15,2336800,3198288,TCP,75.4,0.472,1889.3,6078.4,8,0.0018,10.99,None
2024-01-01 04:40:20,6784614,7096947,TCP,104.1,4.011,9989.4,14173.6,12,0.0061,14.68,None
2024-01-01 04:40:25,3737277,4525103,UDP,394.1,1.082,4124.7,20858.1,10,0.0018,0.3,None
2024-01-01 04:40:30,1526802,8008890,HTTP,114.1,2.775,3357.9,10348.9,14,0.01,10.32,None
2024-01-01 04:40:35,1977149,5338283,UDP,162.2,1.588,1713.0,12997.3,17,0.0148,0.37,None
2024-01-01 04:40:40,5565054,9069046,HTTP,181.3,0.962,9784.9,9004.1,7,0.0179,18.9,None
2024-01-01 04:40:45,6859452,7280064,DNS,158.5,3.32,15715.7,17989.1,9,0.0132,5.98,None
2024-01-01 04:40:50,4798650,9778959,TCP,142.8,1.756,10542.7,6444.8,11,0.0017,4.01,None
2024-01-01 04:40:55,2368113,5617939,UDP,81.6,0.99,12614.4,5932.5,10,0.0176,22.23,None
2024-01-01 04:41:00,3585577,8052914,UDP,306.6,0.232,2082.4,8271.4,8,0.0041,0.43,None
2024-01-01 04:41:05,2787134,5053188,DNS,366.4,4.516,1807.7,26467.4,8,0.0181,4.75,None
2024-01-01 04:41:10,8091397,9387501,TCP,64.0,0.072,2549.5,1411.8,9,0.0029,5.77,None
2024-01-01 04:41:15,5186545,7872376,UDP,88.9,3.978,3098.2,3263.7,15,0.0065,19.75,None
2024-01-01 04:41:20,6238569,3438890,HTTP,129.0,0.892,12469.2,78886.9,11,0.0086,17.04,None
2024-01-01 04:41:25,3026572,5215818,DNS,91.6,2.04,9565.2,10670.0,8,0.0004,23.22,None
2024-01-01 04:41:30,8718511,2072631,DNS,191.1,5.107,5107.5,5393.6,8,0.0234,16.68,None
2024-01-01 04:41:35,6102889,8291209,DNS,103.1,0.329,712.5,17941.1,12,0.0072,5.67,None
2024-01-01 04:41:40,2698508,1726116,HTTP,438.1,1.674,551.1,3695.9,6,0.0021,4.0,None
2024-01-01 04:41:45,5225012,8035599,UDP,269.2,2.892,3791.3,989.5,10,0.0018,18.13,None
2024-01-01 04:41:50,9316973,7819706,UDP,165.1,2.834,7188.7,11554.1,12,0.0116,21.62,None
2024-01-01 04:41:55,7969529,8417549,HTTP,248.0,1.492,2753.0,3901.9,9,0.0009,21.88,None
2024-01-01 04:42:00,1025965,8448818,TCP,258.0,1.96,20229.6,8967.7,14,0.0058,18.51,None
2024-01-01 04:42:05,1883014,9506685,UDP,111.9,2.834,1009.9,11264.4,8,0.0078,19.06,None
2024-01-01 04:42:10,9375094,7105625,DNS,98.7,3.678,890.4,9340.5,8,0.0027,15.9,None
2024-01-01 04:42:15,4969699,2386609,TCP,154.3,2.869,1534.1,1467.0,8,0.0014,17.66,None
2024-01-01 04:42:20,4693166,1708838,HTTP,228.3,0.874,1476.9,8318.9,6,0.0067,2.79,None
2024-01-01 04:42:25,7550438,1363972,DNS,159.1,11.444,5045.7,12639.8,11,0.0042,7.9,None
2024-01-01 04:42:30,6822617,8695542,UDP,67.5,1.14,1955.3,1998.1,9,0.0015,10.99,None
2024-01-01 04:42:35,9976547,1419111,UDP,99.3,0.05,634.1,1773.7,6,0.0024,15.94,None
2024-01-01 04:42:40,8411619,3587732,DNS,143.0,0.901,7270.5,2782.1,10,0.0064,10.02,None
2024-01-01 04:42:45,8452905,8390822,TCP,142.9,0.273,512.9,17098.8,15,0.0014,9.0,None
2024-01-01 04:42:50,6393916,2528363,DNS,397.9,0.259,1021.2,1098.5,17,0.0275,13.53,None
2024-01-01 04:42:55,5215065,4302982,DNS,74.2,0.661,588.3,18578.8,8,0.0149,9.47,None
2024-01-01 04:43:00,7661739,9405646,HTTP,191.1,0.11,3667.0,11992.7,13,0.0039,1.74,None
2024-01-01 04:43:05,2450478,1344593,TCP,312.5,2.333,3590.5,6263.5,10,0.003,23.27,None
2024-01-01 04:43:10,1068447,8851292,TCP,462.1,0.154,20261.0,1843.4,8,0.0207,22.23,None
2024-01-01 04:43:15,8833999,3238201,UDP,121.2,0.455,7434.1,3653.8,6,0.0056,0.94,None
2024-01-01 04:43:20,5592576,8144501,HTTP,189.8,0.195,12602.4,17710.3,6,0.0199,12.7,None
2024-01-01 04:43:25,2323884,4979320,UDP,197.3,0.131,3978.3,28473.4,13,0.0136,17.11,None
2024-01-01 04:43:30,1109780,3612236,DNS,163.7,0.623,1122.2,2888.9,13,0.001,14.64,None
2024-01-01 04:43:35,3970894,8938252,HTTP,141.3,1.697,3388.4,25383.7,12,0.0168,8.48,None
2024-01-01 04:43:40,4583987,4193796,DNS,184.6,6.687,5390.6,16088.7,9,0.0078,19.28,None
2024-01-01 04:43:45,7176930,1079766,UDP,41.8,4.168,6025.8,8047.9,12,0.0113,14.75,None
2024-01-01 04:43:50,9476315,6549645,DNS,208.7,4.174,1858.6,3874.4,14,0.0025,5.73,None
2024-01-01 04:43:55,8744433,2950939,TCP,158.1,0.387,4860.0,4530.6,12,0.0,14.67,None
2024-01-01 04:44:00,1098039,8813586,DNS,132.8,0.616,1172.6,50157.5,10,0.0041,6.59,None
2024-01-01 04:44:05,8479780,6378803,DNS,413.0,0.159,1050.2,9686.0,14,0.0021,14.3,None
2024-01-01 04:44:10,5241700,4148558,HTTP,105.9,3.014,976.7,30634.1,8,0.0057,18.34,None
2024-01-01 04:44:15,7258078,4902015,DNS,121.3,0.145,3055.3,10317.1,7,0.001,7.26,None
2024-01-01 04:44:20,1902964,9309652,UDP,401.7,1.627,918.0,5152.8,9,0.0225,6.78,None
2024-01-01 04:44:25,6304552,9669299,TCP,97.9,0.57,1949.4,14531.7,9,0.0013,17.44,None
2024-01-01 04:44:30,4929256,5804176,TCP,112.7,0.558,7353.4,70111.0,10,0.0144,12.2,None
2024-01-01 04:44:35,9445275,7334307,TCP,137.9,9.361,1065.1,4255.1,9,0.028,3.33,None
2024-01-01 04:44:40,6872680,5773562,TCP,226.0,2.828,1800.3,20208.7,12,0.0016,13.1,None
2024-01-01 04:44:45,7349242,6916519,DNS,164.7,3.627,3202.3,9803.6,10,0.0043,15.92,None
2024-01-01 04:44:50,9264952,5265436,HTTP,77.8,1.697,3815.7,1901.7,10,0.0131,11.79,None
2024-01-01 04:44:55,9809356,3876956,UDP,113.7,4.096,1809.3,1859.6,16,0.0125,14.98,None
2024-01-01 04:45:00,2542155,1507730,DNS,109.5,2.074,6547.6,5156.5,5,0.0004,8.76,None
2024-01-01 04:45:05,6612697,6089717,DNS,142.8,5.844,5380.0,11470.0,6,0.0007,21.07,None
2024-01-01 04:45:10,8934162,8313341,UDP,183.6,0.661,9319.4,19504.0,8,0.0013,5.76,None
2024-01-01 04:45:15,3118378,5481097,DNS,182.9,1.809,2747.4,1684.3,10,0.0084,6.75,None
2024-01-01 04:45:20,5342238,4991604,HTTP,61.1,2.343,1785.0,15563.7,7,0.0006,18.57,None
2024-01-01 04:45:25,5560497,9576847,HTTP,252.6,0.998,1506.2,7198.4,9,0.0089,1.39,None
2024-01-01 04:45:30,7124728,6500835,DNS,168.4,4.236,4052.2,8130.0,14,0.0042,23.7,None
2024-01-01 04:45:35,9298530,1921435,DNS,296.6,7.804,2044.4,14597.6,10,0.0111,15.1,None
2024-01-01 04:45:40,4478032,9315064,DNS,185.3,1.362,1687.2,46448.8,8,0.0152,19.38,None
2024-01-01 04:45:45,2969568,5535107,HTTP,257.4,0.991,1904.0,10977.9,14,0.0157,14.01,None
2024-01-01 04:45:50,3570977,7725248,TCP,187.4,1.277,1504.6,2086.5,10,0.0004,18.87,None
2024-01-01 04:45:55,2514328,6417699,UDP,290.9,3.831,3637.4,6720.4,12,0.0294,10.42,None
2024-01-01 04:46:00,7365673,4775503,HTTP,192.7,2.074,725.9,18998.9,11,0.0088,13.84,None
2024-01-01 04:46:05,2510769,2083140,UDP,141.3,0.092,4036.0,19634.5,4,0.0226,15.89,None
2024-01-01 04:46:10,4461059,8178744,UDP,462.3,1.563,5863.8,15769.4,12,0.0095,21.65,None
2024-01-01 04:46:15,4381692,8522532,TCP,231.5,0.035,1667.6,4865.7,7,0.0066,0.83,None
2024-01-01 04:46:20,3168437,3435039,UDP,197.7,3.015,20374.4,2063.5,11,0.0131,2.61,None
2024-01-01 04:46:25,6245843,1224517,HTTP,78.4,0.796,3034.0,14610.7,12,0.0025,16.58,None
2024-01-01 04:46:30,9286424,6352476,HTTP,77.9,1.277,625.6,2406.1,8,0.0011,8.26,None
2024-01-01 04:46:35,9629814,2421634,HTTP,171.8,3.206,2250.2,16204.0,14,0.0009,16.27,None
2024-01-01 04:46:40,1614864,2617321,UDP,159.6,0.095,3173.7,16208.5,7,0.0189,5.47,None
2024-01-01 04:46:45,3571471,8814803,DNS,109.2,0.345,4670.2,5076.1,4,0.0244,15.08,None
2024-01-01 04:46:50,5419511,7972390,HTTP,159.3,1.015,2304.4,7241.2,7,0.0168,11.47,None
2024-01-01 04:46:55,5590818,9482292,DNS,328.4,0.523,1084.0,9884.1,7,0.0235,2.95,None
2024-01-01 04:47:00,8166016,6986436,HTTP,210.1,0.825,997.3,4381.7,12,0.0418,22.31,None
2024-01-01 04:47:05,4574683,9450637,HTTP,83.9,12.612,1550.6,2035.1,13,0.0075,19.01,None
2024-01-01 04:47:10,9891599,9213173,UDP,140.4,3.491,1706.5,7791.4,7,0.0017,18.75,None
2024-01-01 04:47:15,1016824,8074419,DNS,99.2,4.307,958.2,8647.6,13,0.0094,16.73,None
2024-01-01 04:47:20,9618510,2269221,HTTP,122.3,5.531,1432.5,31604.3,7,0.0044,0.51,None
2024-01-01 04:47:25,6949233,4272834,HTTP,120.7,0.834,5764.4,3707.1,6,0.0043,12.11,None
2024-01-01 04:47:30,6298324,3437605,HTTP,116.9,0.705,15497.2,23588.1,11,0.013,18.02,None
2024-01-01 04:47:35,5933869,9442722,DNS,79.2,0.533,6345.2,2573.3,14,0.001,5.2,None
2024-01-01 04:47:40,7945182,6487681,HTTP,139.2,3.545,11002.3,2112.0,6,0.0004,14.77,None
2024-01-01 04:47:45,5848996,8595547,HTTP,112.1,2.276,7896.1,5997.7,8,0.0119,22.31,None
2024-01-01 04:47:50,1662463,4956724,DNS,34.3,0.539,6857.7,3162.4,12,0.003,18.07,None
2024-01-01 04:47:55,1446541,8525171,UDP,414.3,0.946,2126.4,2082.6,13,0.0049,13.14,None
2024-01-01 04:48:00,4863077,9918740,DNS,255.8,1.413,3432.0,56632.0,13,0.0037,7.44,None
2024-01-01 04:48:05,8324370,1879299,UDP,123.0,1.502,1957.4,5158.2,6,0.0095,15.28,None
2024-01-01 04:48:10,7542831,8721626,HTTP,149.8,4.392,2394.4,81740.4,12,0.0017,17.15,None
2024-01-01 04:48:15,2788068,5453135,HTTP,82.6,0.958,3191.2,2996.7,13,0.0128,15.31,None
2024-01-01 04:48:20,7654349,5121676,UDP,346.5,4.783,6084.9,1467.7,15,0.0259,18.13,None
2024-01-01 04:48:25,1166597,9645537,DNS,383.2,1.165,4552.0,29474.8,10,0.0181,6.7,None
2024-01-01 04:48:30,6436462,4324139,DNS,160.5,2.744,2535.6,3918.0,15,0.0238,12.19,None
2024-01-01 04:48:35,3869242,8924044,TCP,247.6,5.326,3151.2,9310.2,12,0.0277,13.17,None
2024-01-01 04:48:40,6378687,3469495,DNS,162.0,4.763,4598.4,2088.8,6,0.0047,2.16,None
2024-01-01 04:48:45,4874885,7269449,TCP,76.1,0.117,5810.3,7800.1,9,0.0159,4.24,None
2024-01-01 04:48:50,8007014,8100561,TCP,120.8,0.461,652.6,2055.7,13,0.0068,7.36,None
2024-01-01 04:48:55,3752339,2127935,UDP,158.5,1.296,1015.0,7525.8,10,0.0031,1.15,None
2024-01-01 04:49:00,8336446,9262959,UDP,118.2,1.13,9021.0,5044.6,9,0.0137,5.61,None
2024-01-01 04:49:05,9146464,5682573,DNS,133.0,2.048,2804.9,10201.3,7,0.0028,12.53,None
2024-01-01 04:49:10,6275442,7560035,UDP,141.8,5.79,1950.7,15149.0,3,0.0012,13.0,None
2024-01-01 04:49:15,9266731,6402202,HTTP,142.5,0.238,2290.4,10312.2,10,0.0122,5.99,None
2024-01-01 04:49:20,9826307,5291963,TCP,152.3,1.202,2290.0,12721.5,10,0.0034,22.72,None
2024-01-01 04:49:25,8571209,8594100,UDP,87.3,0.427,5207.9,7266.0,7,0.0037,11.21,None
2024-01-01 04:49:30,2240181,6013845,HTTP,103.7,4.491,984.4,5243.2,10,0.0213,15.29,None
2024-01-01 04:49:35,8221058,3218030,HTTP,78.1,6.681,3055.7,12966.4,6,0.0015,0.73,None
2024-01-01 04:49:40,7182463,1284739,UDP,242.0,1.303,3812.8,7248.5,10,0.0145,9.58,None
2024-01-01 04:49:45,7298321,9398349,UDP,51.8,0.22,4430.5,7530.3,12,0.0049,13.01,None
2024-01-01 04:49:50,4194144,8310811,TCP,264.2,3.077,3725.2,12061.2,7,0.0224,7.49,None
2024-01-01 04:49:55,9236582,1044493,TCP,296.8,2.389,4993.6,2883.6,10,0.0058,4.11,None
2024-01-01 04:50:00,5733504,9863397,UDP,127.6,0.876,1681.3,33847.2,9,0.0053,4.83,None
2024-01-01 04:50:05,9936640,5807630,HTTP,40.4,4.368,1162.3,6314.7,13,0.0056,11.2,None
2024-01-01 04:50:10,1185360,3153713,HTTP,123.9,7.445,34787.2,9174.5,11,0.0182,1.7,None
2024-01-01 04:50:15,4163980,1474641,DNS,143.7,1.632,2205.6,7750.3,12,0.0001,5.63,None
2024-01-01 04:50:20,3208864,1885950,UDP,89.5,1.668,2478.8,15564.4,11,0.0122,17.27,None
2024-01-01 04:50:25,5339001,1169149,DNS,114.7,0.706,5871.4,11375.1,12,0.0023,5.15,None
2024-01-01 04:50:30,6203039,5062711,UDP,319.0,1.757,14707.2,7708.5,9,0.0214,2.81,None
2024-01-01 04:50:35,5207621,2541831,DNS,206.9,1.158,1729.3,34501.4,12,0.0047,2.01,None
2024-01-01 04:50:40,2323953,2873377,TCP,93.5,0.72,1097.9,329.2,12,0.0041,23.73,None
2024-01-01 04:50:45,4678914,2541669,TCP,66.8,0.139,860.8,28076.1,9,0.0125,2.08,None
2024-01-01 04:50:50,3651228,4294463,HTTP,126.0,0.583,14663.3,20337.4,9,0.0128,10.4,None
2024-01-01 04:50:55,4994762,7489368,TCP,133.4,0.441,1055.6,1292.3,7,0.01,12.27,None
2024-01-01 04:51:00,5076542,5765322,UDP,190.2,1.562,2899.9,20522.6,14,0.004,23.15,None
2024-01-01 04:51:05,1129057,3436508,DNS,113.6,1.841,1121.8,23352.7,9,0.0094,21.39,None
2024-01-01 04:51:10,6743266,4224964,TCP,191.7,1.876,700.4,14210.9,4,0.0006,5.7,None
2024-01-01 04:51:15,2580752,7425059,UDP,390.6,0.983,2225.3,1704.3,8,0.0311,2.03,None
2024-01-01 04:51:20,1961827,4866124,UDP,223.1,1.094,1167.0,16037.0,10,0.006,10.51,None
2024-01-01 04:51:25,9572904,8571683,HTTP,144.9,3.594,1492.7,22185.6,17,0.0036,2.42,None
2024-01-01 04:51:30,7003307,9474747,HTTP,135.4,1.293,22161.4,4572.4,10,0.0197,20.91,None
2024-01-01 04:51:35,2567385,9887034,UDP,124.2,8.808,4559.2,12596.0,11,0.0039,16.89,None
2024-01-01 04:51:40,9208197,4280762,TCP,267.8,1.158,7566.4,5691.9,10,0.0587,22.65,None
2024-01-01 04:51:45,3968016,7882516,HTTP,108.5,2.097,6799.9,19641.0,10,0.0117,13.67,None
2024-01-01 04:51:50,2288565,2970091,UDP,151.8,0.103,2695.0,5922.4,12,0.0105,8.75,None
2024-01-01 04:51:55,5874837,5112513,TCP,152.3,2.119,1920.4,4536.4,13,0.0016,12.02,None
2024-01-01 04:52:00,7514971,1335936,HTTP,115.5,3.813,3823.6,7790.8,19,0.0094,3.86,None
2024-01-01 04:52:05,7282400,2321695,HTTP,74.7,5.71,3527.9,2118.3,15,0.0017,11.11,None
2024-01-01 04:52:10,5774742,7025537,TCP,174.4,11.844,1687.8,7054.5,13,0.0153,23.97,None
2024-01-01 04:52:15,4317095,8126153,HTTP,144.0,0.663,3394.3,11638.7,9,0.0015,16.57,None
2024-01-01 04:52:20,8157340,1485696,HTTP,190.6,1.713,1471.0,19340.6,12,0.0044,1.5,None
2024-01-01 04:52:25,3713965,4758762,UDP,113.7,1.198,2511.3,10393.7,13,0.0065,17.42,None
2024-01-01 04:52:30,9225001,5198443,UDP,273.3,1.659,2131.8,1934.1,13,0.0164,2.42,None
2024-01-01 04:52:35,6566861,1245430,UDP,95.7,0.343,838.1,31328.1,11,0.01,9.38,None
2024-01-01 04:52:40,8198840,1366601,DNS,349.3,3.878,284.0,34069.5,11,0.0138,18.87,None
2024-01-01 04:52:45,7420649,1389220,DNS,61.9,4.806,1165.5,9068.5,15,0.0028,3.07,None
2024-01-01 04:52:50,2615974,1154499,TCP,184.5,1.194,18107.9,3820.2,10,0.0027,7.03,None
2024-01-01 04:52:55,5636278,7860280,TCP,188.2,0.658,2187.1,4761.8,10,0.0048,4.69,None
2024-01-01 04:53:00,2293097,3171417,DNS,99.7,0.304,6476.7,6610.9,11,0.0002,20.88,None
2024-01-01 04:53:05,5346012,9808506,UDP,183.5,2.303,356.2,10707.2,14,0.0178,3.55,None
2024-01-01 04:53:10,2575692,2041351,HTTP,281.4,0.749,1087.6,5976.0,8,0.0046,12.86,None
2024-01-01 04:53:15,6378599,1302261,UDP,49.0,4.806,769.3,3434.5,6,0.0007,6.61,None
2024-01-01 04:53:20,7537181,2609854,UDP,190.8,2.223,2435.0,22539.2,13,0.0206,12.17,None
2024-01-01 04:53:25,8382201,8936007,DNS,42.7,2.075,33589.1,10480.6,7,0.0344,4.02,None
2024-01-01 04:53:30,8985494,3840075,UDP,91.6,1.639,4723.2,2828.9,10,0.0104,18.18,None
2024-01-01 04:53:35,8473324,3118737,HTTP,335.2,0.094,16246.2,10843.4,8,0.0044,15.43,None
2024-01-01 04:53:40,3006970,9869057,UDP,111.0,5.374,2311.3,9526.9,9,0.0053,1.04,None
2024-01-01 04:53:45,8361134,9908685,TCP,82.5,1.977,11671.1,3951.9,11,0.003,22.74,None
2024-01-01 04:53:50,7683353,2310103,DNS,134.4,10.253,23700.6,26770.3,14,0.0124,21.43,None
2024-01-01 04:53:55,7151801,3983021,UDP,417.4,1.542,2672.1,9273.3,15,0.0044,7.15,None
2024-01-01 04:54:00,1221379,8084912,TCP,59.4,2.477,1738.4,6524.9,6,0.0003,7.01,None
2024-01-01 04:54:05,9876719,9655723,TCP,87.7,0.116,798.1,7454.1,13,0.0005,11.98,None
2024-01-01 04:54:10,7249272,9811264,UDP,313.8,1.998,2188.4,12631.1,6,0.0095,14.86,None
2024-01-01 04:54:15,6968337,8248998,DNS,375.7,2.893,3235.4,7538.8,12,0.0034,6.98,None
2024-01-01 04:54:20,4042631,7226832,TCP,140.9,3.015,22718.9,7476.0,11,0.0018,19.09,None
2024-01-01 04:54:25,8935984,4776878,TCP,79.9,2.94,816.5,23528.4,3,0.008,1.88,None
2024-01-01 04:54:30,9790531,4648352,HTTP,423.2,0.513,3164.2,1961.8,16,0.0033,9.55,None
2024-01-01 04:54:35,3112532,6784727,DNS,329.4,7.41,485.7,2318.0,12,0.0008,13.34,None
2024-01-01 04:54:40,5345695,3437285,TCP,208.4,10.671,1945.4,17623.1,8,0.0022,19.19,None
2024-01-01 04:54:45,8720629,9170488,TCP,98.9,0.157,4070.0,90748.7,11,0.015,20.92,None
2024-01-01 04:54:50,4149648,8998361,HTTP,144.8,5.512,4977.0,19467.4,9,0.0191,5.87,None
2024-01-01 04:54:55,5249095,2954635,UDP,137.0,0.683,5372.4,52271.6,7,0.0206,5.79,None
2024-01-01 04:55:00,7609957,7194104,UDP,175.1,2.338,4435.5,5248.1,8,0.0077,8.84,None
2024-01-01 04:55:05,8801890,5083636,DNS,306.6,0.825,5326.4,4285.2,8,0.0301,10.26,None
2024-01-01 04:55:10,8122280,2779602,HTTP,230.4,6.869,3120.5,12791.5,12,0.0016,20.36,None
2024-01-01 04:55:15,8798547,6820580,UDP,86.6,0.214,1045.4,21028.8,14,0.0113,0.18,None
2024-01-01 04:55:20,9738602,1069958,TCP,295.4,1.377,467.9,2183.0,8,0.0122,16.44,None
2024-01-01 04:55:25,5072673,4655940,TCP,173.6,1.117,1725.6,6547.1,8,0.0005,5.28,None
2024-01-01 04:55:30,8872271,9527347,TCP,209.3,0.789,2605.5,7887.1,17,0.0033,21.18,None
2024-01-01 04:55:35,4577334,3729040,HTTP,309.0,2.074,10445.6,4109.8,10,0.0298,7.62,None
2024-01-01 04:55:40,7042230,3891701,DNS,85.1,0.281,2695.7,4618.3,10,0.0142,12.9,None
2024-01-01 04:55:45,1048491,4121058,HTTP,145.8,2.522,2449.0,18827.4,7,0.0006,7.9,None
2024-01-01 04:55:50,8705625,9609983,DNS,113.8,7.884,4383.2,12960.8,6,0.0078,10.21,None
2024-01-01 04:55:55,3320636,5010758,DNS,67.8,3.265,2275.6,18005.8,14,0.0105,12.53,None
2024-01-01 04:56:00,1485388,6731733,TCP,176.5,3.932,6704.6,11348.9,11,0.0362,17.94,None
2024-01-01 04:56:05,8243530,2580423,TCP,521.0,0.891,21575.9,3383.8,11,0.0126,2.9,None
2024-01-01 04:56:10,5116149,3520653,HTTP,59.1,0.786,26656.4,12370.9,8,0.0102,8.45,None
2024-01-01 04:56:15,5789655,3810844,HTTP,146.0,1.456,3284.7,3127.2,7,0.0239,15.35,None
2024-01-01 04:56:20,1202645,9838877,UDP,204.4,0.094,4175.1,5932.8,10,0.0108,14.13,None
2024-01-01 04:56:25,5275293,8247963,DNS,157.8,5.814,14455.9,2874.8,5,0.0269,18.74,None
2024-01-01 04:56:30,2193330,9198485,TCP,140.3,0.31,2565.8,4398.9,9,0.0068,21.34,None
2024-01-01 04:56:35,4218335,3600343,TCP,77.5,4.666,5879.3,8870.4,7,0.0127,2.26,None
2024-01-01 04:56:40,7102178,3943255,TCP,166.7,0.175,958.0,5128.2,9,0.01,17.13,None
2024-01-01 04:56:45,5455472,6569506,UDP,101.7,3.459,2184.5,3350.4,13,0.008,6.82,None
2024-01-01 04:56:50,5515637,1453633,HTTP,49.7,0.33,9472.2,25280.7,9,0.0039,11.55,None
2024-01-01 04:56:55,6269691,7724932,DNS,269.7,0.078,1453.6,7189.7,11,0.0234,15.07,None
2024-01-01 04:57:00,4448737,4410098,HTTP,239.7,2.542,2622.7,4779.4,8,0.0031,3.61,None
2024-01-01 04:57:05,9513377,9295490,DNS,152.3,0.658,617.6,2745.2,10,0.0017,8.32,None
2024-01-01 04:57:10,9932727,8472402,DNS,166.4,2.507,22153.9,1246.4,9,0.0124,23.43,None
2024-01-01 04:57:15,3160188,4020122,TCP,254.0,1.62,10541.0,6489.6,15,0.0079,3.27,None
2024-01-01 04:57:20,2251284,7941520,DNS,166.0,0.23,3597.9,2042.2,9,0.003,2.0,None
2024-01-01 04:57:25,8590169,3014102,HTTP,233.2,5.38,4951.8,16515.2,12,0.0204,20.08,None
2024-01-01 04:57:30,7899428,8500554,DNS,127.9,1.204,4428.9,8345.6,12,0.0034,10.34,None
2024-01-01 04:57:35,7039444,8691131,HTTP,286.0,2.652,11900.2,38498.0,12,0.0007,16.19,None
2024-01-01 04:57:40,2547275,5855994,HTTP,174.2,1.39,1774.4,10128.2,9,0.0002,7.34,None
2024-01-01 04:57:45,2239293,3132781,TCP,163.5,1.855,6199.8,3918.0,14,0.0256,4.76,None
2024-01-01 04:57:50,4180507,8508591,TCP,78.6,0.721,8755.3,1236.4,10,0.0051,5.1,None
2024-01-01 04:57:55,9654916,5688158,UDP,171.3,0.447,10050.0,18152.1,8,0.0024,4.69,None
2024-01-01 04:58:00,1919744,3492093,DNS,97.9,1.564,311.3,2210.7,11,0.0084,5.93,None
2024-01-01 04:58:05,8595023,5610023,HTTP,107.9,1.16,1637.2,5387.6,11,0.0067,5.31,None
2024-01-01 04:58:10,4035397,6739749,DNS,98.7,0.989,1075.8,43221.3,7,0.0876,19.53,None
2024-01-01 04:58:15,2515221,7507316,DNS,87.1,2.233,3462.0,14927.8,14,0.0219,12.8,None
2024-01-01 04:58:20,6951276,9328148,TCP,429.4,2.346,397.0,11966.5,8,0.0032,7.12,None
2024-01-01 04:58:25,5165583,7246980,UDP,288.8,0.094,385.4,20833.6,11,0.012,8.28,None
2024-01-01 04:58:30,6283424,1288562,HTTP,387.7,0.827,26110.6,20071.4,13,0.0049,22.99,None
2024-01-01 04:58:35,4155849,3519087,DNS,80.5,1.061,5528.6,39377.4,11,0.0045,4.41,None
2024-01-01 04:58:40,2279446,3276701,TCP,153.8,0.204,3364.4,4437.4,11,0.0046,21.28,None
2024-01-01 04:58:45,1575553,3545033,DNS,77.7,0.538,4288.4,5559.8,14,0.0102,17.68,None
2024-01-01 04:58:50,5036695,8905216,UDP,104.8,0.106,3450.7,3221.5,8,0.0077,14.72,None
2024-01-01 04:58:55,8798474,7743156,HTTP,93.8,11.168,8081.6,7842.4,11,0.0141,14.98,None
2024-01-01 04:59:00,6499254,7501268,UDP,275.8,2.668,1583.8,7099.4,11,0.0017,10.15,None
2024-01-01 04:59:05,8445452,2001600,TCP,121.7,0.183,3592.5,1401.1,8,0.0055,10.53,None
2024-01-01 04:59:10,8666604,4484019,DNS,253.2,0.041,3742.2,4213.7,13,0.0197,19.11,None
2024-01-01 04:59:15,5593156,7484566,HTTP,200.8,2.541,1046.4,34170.5,12,0.0,19.46,None
2024-01-01 04:59:20,3490800,8025497,DNS,469.6,1.157,10689.1,10344.5,4,0.0098,13.71,None
2024-01-01 04:59:25,3865491,4329781,TCP,70.8,3.091,1909.0,16570.8,11,0.0154,18.45,None
2024-01-01 04:59:30,6883501,4425551,DNS,278.6,5.14,8245.5,7182.9,10,0.0048,19.44,None
2024-01-01 04:59:35,8599090,1422288,HTTP,263.3,1.829,3344.0,1227.7,13,0.0215,7.97,None
2024-01-01 04:59:40,6474719,9984600,TCP,91.2,0.414,15269.1,7125.0,11,0.0133,14.96,None
2024-01-01 04:59:45,4263880,4378488,HTTP,245.6,3.048,1052.2,22964.3,7,0.0093,10.46,None
2024-01-01 04:59:50,6892757,1657348,HTTP,175.6,6.239,1007.5,2475.8,13,0.0022,2.35,None
2024-01-01 04:59:55,9423308,5047671,HTTP,132.5,1.736,1205.1,17103.5,9,0.0111,15.56,None
2024-01-01 05:00:00,9017889,1316887,DNS,98.3,2.291,3406.0,1477.6,11,0.0179,14.1,None
2024-01-01 05:00:05,6078033,9659581,UDP,103.6,0.823,13925.4,8268.4,11,0.0131,2.46,None
2024-01-01 05:00:10,3517145,2695010,HTTP,413.6,0.961,14663.2,13967.9,12,0.0086,1.7,None
2024-01-01 05:00:15,5092355,4405225,HTTP,148.5,2.653,295.9,5930.6,5,0.0125,5.99,None
2024-01-01 05:00:20,5347419,3140412,HTTP,219.4,5.256,3826.5,96035.3,8,0.0377,20.0,None
2024-01-01 05:00:25,4884618,6058400,DNS,99.9,1.983,119.9,4948.4,10,0.0001,1.53,None
2024-01-01 05:00:30,7887160,3248767,DNS,100.5,3.12,6601.4,4544.1,7,0.0109,11.05,None
2024-01-01 05:00:35,2846924,8425174,TCP,254.9,0.377,9119.5,9941.7,6,0.0158,4.3,None
2024-01-01 05:00:40,1982134,2985302,DNS,75.6,0.476,2863.4,3808.6,9,0.0102,6.09,None
2024-01-01 05:00:45,7706594,3702636,UDP,120.6,1.519,3242.1,1917.3,5,0.0032,18.48,None
2024-01-01 05:00:50,2236861,7800713,TCP,151.0,0.389,3208.8,2703.6,8,0.0173,20.41,None
2024-01-01 05:00:55,7075113,1588667,TCP,156.9,2.016,1360.4,17291.8,5,0.0245,13.93,None
2024-01-01 05:01:00,1871857,3415606,UDP,135.7,0.69,4590.3,5973.3,10,0.0115,20.72,None
2024-01-01 05:01:05,8767109,6758023,DNS,180.9,3.136,2365.1,44445.6,9,0.0072,20.56,None
2024-01-01 05:01:10,1529569,4013112,UDP,209.9,3.302,7557.5,5212.2,13,0.0046,5.32,None
2024-01-01 05:01:15,6096088,2945361,DNS,214.3,1.246,2660.8,16490.0,9,0.004,15.48,None
2024-01-01 05:01:20,2743072,3116887,TCP,90.7,0.399,1260.1,13505.4,10,0.0128,18.68,None
2024-01-01 05:01:25,4295232,1926485,TCP,128.8,2.081,641.7,5135.1,14,0.0093,13.47,None
2024-01-01 05:01:30,4104825,5933159,UDP,269.7,9.864,462.2,3365.0,4,0.0017,19.34,None
2024-01-01 05:01:35,7499728,5640982,DNS,232.1,1.949,11075.7,1434.0,14,0.0015,15.09,None
2024-01-01 05:01:40,9349110,6618307,TCP,74.7,0.073,1886.0,14088.6,13,0.0007,6.83,None
2024-01-01 05:01:45,3075684,1045558,TCP,176.9,0.035,4182.1,26856.4,13,0.0115,16.45,None
2024-01-01 05:01:50,8306745,1444922,HTTP,55.2,0.772,17733.8,1652.5,10,0.0038,14.11,None
2024-01-01 05:01:55,7551743,6195025,UDP,151.9,0.436,1698.0,5594.6,6,0.0002,15.0,None
2024-01-01 05:02:00,2905381,8416924,UDP,383.3,3.354,1591.6,4159.2,15,0.0041,2.29,None
2024-01-01 05:02:05,4320211,5099474,UDP,92.4,3.726,2611.9,14063.9,12,0.0178,3.02,None
2024-01-01 05:02:10,5094850,3215585,DNS,97.8,0.598,3070.0,5833.4,9,0.0028,19.55,None
2024-01-01 05:02:15,9146966,2075748,HTTP,217.5,0.788,19683.8,30423.8,12,0.01,10.35,None
2024-01-01 05:02:20,8986635,6127307,HTTP,68.6,0.539,14268.7,5517.1,9,0.0058,5.17,None
2024-01-01 05:02:25,1085279,2221663,TCP,108.2,4.78,5546.2,2353.4,11,0.008,2.22,None
2024-01-01 05:02:30,9068472,9914151,DNS,200.0,1.397,12700.7,5070.5,7,0.0091,6.31,None
2024-01-01 05:02:35,2305016,4587612,HTTP,108.1,2.135,2494.3,5661.2,17,0.0061,7.08,None
2024-01-01 05:02:40,5012560,2437330,UDP,131.9,1.074,4020.5,13713.0,6,0.0006,23.59,None
2024-01-01 05:02:45,8358609,6403076,HTTP,215.3,1.994,2205.0,5577.4,10,0.0084,20.03,None
2024-01-01 05:02:50,1854086,9236395,UDP,183.2,0.975,820.3,12582.9,10,0.0051,1.88,None
2024-01-01 05:02:55,8965851,9344867,DNS,169.6,0.83,9935.6,3675.8,14,0.0022,17.96,None
2024-01-01 05:03:00,1935341,8843024,DNS,125.3,2.013,5073.1,6035.0,10,0.0227,13.53,None
2024-01-01 05:03:05,6783172,2055168,DNS,178.6,1.788,3035.3,3695.8,15,0.0133,5.48,None
2024-01-01 05:03:10,8716961,2720182,DNS,139.5,0.695,2973.6,3475.0,8,0.0033,17.92,None
2024-01-01 05:03:15,9771290,2457972,TCP,186.6,0.324,661.0,28993.7,11,0.0077,0.72,None
2024-01-01 05:03:20,7930450,2948680,TCP,115.8,0.92,1121.6,3963.5,15,0.033,17.56,None
2024-01-01 05:03:25,4444763,7556269,UDP,135.5,1.073,4172.0,5723.8,7,0.0028,21.49,None
2024-01-01 05:03:30,4424545,8387618,TCP,90.5,1.981,1756.2,23031.2,14,0.0294,21.18,None
2024-01-01 05:03:35,8048548,6720337,HTTP,145.8,4.919,2397.8,17154.3,14,0.0115,18.54,None
2024-01-01 05:03:40,7916370,2945812,HTTP,98.9,0.074,2684.8,41823.2,14,0.0078,22.43,None
2024-01-01 05:03:45,3948146,6668217,TCP,85.0,0.559,1506.5,13131.9,10,0.0409,16.98,None
2024-01-01 05:03:50,9241904,5803849,DNS,168.9,0.431,1132.4,4445.3,7,0.0041,16.48,None
2024-01-01 05:03:55,8118623,5222972,DNS,165.1,1.395,594.5,63395.3,8,0.0033,0.63,None
2024-01-01 05:04:00,8931836,6922797,DNS,219.5,1.123,2574.7,14502.6,12,0.0041,4.18,None
2024-01-01 05:04:05,4124647,7024020,HTTP,119.6,2.612,5533.7,6941.7,15,0.0139,18.75,None
2024-01-01 05:04:10,8899903,6680677,HTTP,182.0,0.555,576.1,8582.4,9,0.0041,23.94,None
2024-01-01 05:04:15,1417599,3821919,UDP,195.5,1.805,2910.1,9694.2,10,0.0011,17.28,None
2024-01-01 05:04:20,5605886,3595971,DNS,185.4,4.306,3948.7,6394.5,11,0.0103,13.92,None
2024-01-01 05:04:25,8513618,5575485,DNS,98.2,4.831,1108.1,2047.0,12,0.0025,4.4,None
2024-01-01 05:04:30,7255823,6969075,DNS,159.9,6.378,12359.0,41221.7,10,0.0,22.75,None
2024-01-01 05:04:35,5983056,8184178,DNS,178.1,2.968,2026.9,7928.1,6,0.0022,15.59,None
2024-01-01 05:04:40,6172221,7528969,DNS,148.9,4.729,2693.9,9735.1,14,0.0171,11.74,None
2024-01-01 05:04:45,6193662,4098911,TCP,52.3,0.535,2537.0,64740.6,9,0.0282,20.67,None
2024-01-01 05:04:50,3653720,3828214,UDP,160.8,0.44,507.4,4091.7,5,0.0108,22.88,None
2024-01-01 05:04:55,7343531,8122867,HTTP,448.7,0.013,8174.3,15607.2,10,0.0037,8.91,None
2024-01-01 05:05:00,8006470,4647426,UDP,124.0,2.454,1146.5,3669.1,10,0.0057,12.38,None
2024-01-01 05:05:05,1456806,7569780,TCP,103.1,5.544,2353.1,11170.4,9,0.0022,2.76,None
2024-01-01 05:05:10,4367800,2449686,DNS,178.9,0.414,5419.0,9912.0,7,0.0213,23.04,None
2024-01-01 05:05:15,1359537,6910180,UDP,173.5,2.026,12847.5,17865.0,5,0.011,2.9,None
2024-01-01 05:05:20,1707275,8615600,UDP,269.4,2.744,1012.4,27123.9,10,0.0009,22.3,None
2024-01-01 05:05:25,3681718,4982381,UDP,79.1,5.251,1907.4,4539.1,17,0.0046,4.58,None
2024-01-01 05:05:30,2776454,8671931,TCP,213.9,2.082,11877.7,33412.1,11,0.0077,21.81,None
2024-01-01 05:05:35,8827191,2569833,DNS,199.4,7.033,4739.6,35863.7,8,0.016,10.86,None
2024-01-01 05:05:40,2673586,4813819,HTTP,138.2,0.845,5832.3,6310.8,7,0.0253,14.21,None
2024-01-01 05:05:45,1095514,2827488,DNS,175.8,0.861,1042.0,8049.9,12,0.0014,0.85,None
2024-01-01 05:05:50,8470938,3526383,TCP,248.3,1.566,2040.2,4942.6,12,0.018,9.47,None
2024-01-01 05:05:55,2128738,7918532,HTTP,229.6,0.967,2520.4,5970.3,11,0.0007,11.84,None
2024-01-01 05:06:00,2859567,5871565,UDP,83.8,0.003,1264.1,2432.1,15,0.0028,0.23,None
2024-01-01 05:06:05,3354939,3676898,HTTP,223.6,2.632,558.6,17633.1,7,0.0002,15.86,None
2024-01-01 05:06:10,4691501,3204646,UDP,143.7,2.786,1789.2,1042.8,10,0.0007,20.13,None
2024-01-01 05:06:15,6525200,3791505,TCP,153.9,2.749,11548.2,4035.6,9,0.0003,0.59,None
2024-01-01 05:06:20,3207010,5777985,HTTP,153.9,0.846,3162.7,7737.5,6,0.0016,11.82,None
2024-01-01 05:06:25,8855819,8222264,TCP,137.7,1.478,11781.6,29726.6,6,0.0209,0.81,None
2024-01-01 05:06:30,8598498,9812926,DNS,269.3,0.892,3565.4,4697.4,5,0.0033,20.96,None
2024-01-01 05:06:35,2441661,1752582,UDP,142.3,0.032,1387.5,12429.8,9,0.0065,3.86,None
2024-01-01 05:06:40,2597596,9948090,HTTP,84.8,1.653,10695.9,7472.7,8,0.0067,1.4,None
2024-01-01 05:06:45,8245726,7301707,DNS,121.9,0.264,3686.1,20850.2,6,0.0535,20.58,None
2024-01-01 05:06:50,3463425,9165171,DNS,162.3,0.167,7799.7,11796.8,9,0.0045,10.67,None
2024-01-01 05:06:55,8598177,4084495,UDP,274.4,2.817,1024.2,18586.8,11,0.0031,2.29,None
2024-01-01 05:07:00,1365082,7244241,TCP,200.6,0.019,8423.3,4672.1,9,0.033,15.55,None
2024-01-01 05:07:05,5019307,1841853,TCP,97.0,6.389,8681.0,2939.4,9,0.009,16.93,None
2024-01-01 05:07:10,4439106,4813794,TCP,514.2,1.448,3982.9,11697.5,13,0.0034,13.64,None
2024-01-01 05:07:15,7414711,5227145,TCP,169.4,8.151,1330.2,4975.5,6,0.0034,7.97,None
2024-01-01 05:07:20,2241488,8648928,UDP,280.8,0.119,2846.9,8352.6,12,0.0009,10.19,None
2024-01-01 05:07:25,5114959,1837775,DNS,137.6,1.752,5493.3,11128.6,10,0.0081,22.92,None
2024-01-01 05:07:30,5877349,3554198,HTTP,193.8,0.859,3769.0,28054.6,13,0.0129,12.82,None
2024-01-01 05:07:35,9521794,8805597,TCP,225.8,3.709,5437.5,17793.2,14,0.0064,9.53,None
2024-01-01 05:07:40,7740259,7445741,HTTP,272.9,0.896,8202.9,4101.0,13,0.0216,17.0,None
2024-01-01 05:07:45,4473415,9110407,UDP,251.8,0.604,1558.6,2578.5,10,0.0066,1.83,None
2024-01-01 05:07:50,6887196,5599872,DNS,229.5,3.898,939.1,44684.5,13,0.0043,6.97,None
2024-01-01 05:07:55,6011727,5196329,DNS,126.8,0.939,2871.1,1664.6,9,0.0029,5.44,None
2024-01-01 05:08:00,4316900,6844082,HTTP,111.5,0.034,2143.6,5153.8,14,0.0028,16.32,None
2024-01-01 05:08:05,6472476,5621574,DNS,175.3,0.99,6541.0,15448.2,5,0.0038,14.49,None
2024-01-01 05:08:10,9632003,1505013,HTTP,236.6,2.126,1017.9,41721.1,11,0.0483,18.23,None
2024-01-01 05:08:15,1265317,9793959,HTTP,132.8,0.587,8269.9,6703.2,15,0.0045,10.24,None
2024-01-01 05:08:20,1315133,1684665,UDP,252.8,1.131,11540.4,8327.7,9,0.0074,4.17,None
2024-01-01 05:08:25,6140228,1439454,UDP,306.8,0.117,2981.9,3377.8,15,0.0032,4.39,None
2024-01-01 05:08:30,5227392,9667677,DNS,93.9,1.774,3167.6,9196.8,9,0.0015,21.41,None
2024-01-01 05:08:35,3779435,8721354,TCP,97.7,2.824,1383.6,2565.3,7,0.0104,1.8,None
2024-01-01 05:08:40,8918866,7357977,UDP,138.4,1.067,1732.5,3826.5,6,0.0079,14.26,None
2024-01-01 05:08:45,4363705,3836669,TCP,173.1,1.09,1981.6,17394.2,9,0.0007,5.56,None
2024-01-01 05:08:50,8621551,3450843,TCP,114.2,0.185,12618.8,5252.3,7,0.0214,5.14,None
2024-01-01 05:08:55,7719808,9289224,HTTP,291.8,0.451,2774.2,20277.1,8,0.0071,2.36,None
2024-01-01 05:09:00,2163194,3033422,UDP,183.5,0.336,794.6,6950.0,14,0.0041,23.5,None
2024-01-01 05:09:05,8897375,5330399,DNS,151.4,1.314,3848.2,2061.4,16,0.0151,1.46,None
2024-01-01 05:09:10,6639562,5210168,HTTP,72.4,1.507,6811.0,26065.4,8,0.0012,3.55,None
2024-01-01 05:09:15,2455953,3415057,UDP,76.9,5.95,2906.2,2174.8,8,0.0064,8.76,None
2024-01-01 05:09:20,9658573,4698296,UDP,170.8,0.152,12954.7,4439.1,11,0.008,10.94,None
2024-01-01 05:09:25,9138585,8430086,UDP,51.1,1.832,6486.7,6636.2,9,0.0149,22.82,None
2024-01-01 05:09:30,2931400,3564248,TCP,246.2,1.495,1044.1,22155.2,12,0.0046,5.8,None
2024-01-01 05:09:35,7153974,9866700,DNS,137.1,1.452,1717.4,4786.3,8,0.0193,17.3,None
2024-01-01 05:09:40,5821532,6871972,HTTP,751.1,4.13,3737.7,3207.6,10,0.012,15.75,None
2024-01-01 05:09:45,2298362,5257803,DNS,470.6,0.46,563.3,9534.5,10,0.0147,12.42,None
2024-01-01 05:09:50,9821784,7452220,DNS,135.5,0.083,4172.9,6542.2,11,0.0348,6.39,None
2024-01-01 05:09:55,4083399,3052386,UDP,140.7,2.231,512.0,5077.7,8,0.0186,3.76,None
2024-01-01 05:10:00,8584436,2400070,TCP,244.2,0.847,8295.2,10061.6,7,0.0043,4.24,None
2024-01-01 05:10:05,3038433,5049068,UDP,347.8,0.035,7385.5,2431.8,9,0.0104,8.3,None
2024-01-01 05:10:10,2870303,9505060,TCP,65.4,0.579,4938.3,1448.3,8,0.0203,3.29,None
2024-01-01 05:10:15,8855419,3021821,TCP,60.8,0.74,1516.4,68784.3,8,0.0074,23.97,None
2024-01-01 05:10:20,2710134,6472121,UDP,108.7,1.919,3534.1,8992.9,16,0.0115,10.7,None
2024-01-01 05:10:25,4867454,6051184,UDP,198.6,0.379,1784.0,9644.9,10,0.0019,12.94,None
2024-01-01 05:10:30,1983736,6092082,UDP,190.3,1.066,1063.4,3707.1,11,0.0169,14.79,None
2024-01-01 05:10:35,4460149,5637425,HTTP,253.4,1.317,2124.4,19884.6,6,0.0142,4.7,None
2024-01-01 05:10:40,9429845,3589778,UDP,81.5,1.23,5992.5,4752.9,9,0.022,11.56,None
2024-01-01 05:10:45,6700016,4977696,UDP,46.6,7.295,3114.5,499.6,11,0.0124,1.51,None
2024-01-01 05:10:50,1503393,1683054,UDP,227.9,0.093,12717.2,4596.1,4,0.0209,23.26,None
2024-01-01 05:10:55,4344127,3209632,TCP,98.1,6.031,6411.1,6115.5,13,0.0018,11.35,None
2024-01-01 05:11:00,1068299,9422042,UDP,54.1,1.744,5760.0,6835.7,11,0.0168,0.71,None
2024-01-01 05:11:05,7299339,5846813,TCP,159.6,3.177,596.5,6640.8,7,0.0306,14.38,None
2024-01-01 05:11:10,8639024,1892932,HTTP,220.7,1.126,2241.4,4251.7,10,0.0169,2.4,None
2024-01-01 05:11:15,4454276,9935574,DNS,139.6,1.21,1028.3,3860.2,7,0.0096,18.96,None
2024-01-01 05:11:20,7831212,1935597,DNS,118.0,4.229,2482.4,6015.1,16,0.0261,22.88,None
2024-01-01 05:11:25,2123623,3856232,HTTP,137.0,4.525,1490.3,1563.3,13,0.001,22.0,None
2024-01-01 05:11:30,7595591,5694484,DNS,123.3,0.545,2043.5,1144.1,10,0.0002,10.27,None
2024-01-01 05:11:35,8765543,3609344,TCP,75.6,0.444,8614.2,8937.9,18,0.0336,17.1,None
2024-01-01 05:11:40,6459540,4558088,TCP,103.8,1.371,4794.6,9088.2,10,0.0115,3.74,None
2024-01-01 05:11:45,6972229,5943329,HTTP,192.6,4.611,8160.9,19524.0,12,0.0012,1.82,None
2024-01-01 05:11:50,1822885,5324319,HTTP,174.3,0.778,601.4,6275.7,7,0.0042,19.71,None
2024-01-01 05:11:55,7434984,7057775,UDP,161.4,2.111,3158.9,2456.2,14,0.0138,16.68,None
2024-01-01 05:12:00,5835614,2603494,HTTP,90.2,2.463,7837.7,1164.9,8,0.0139,21.77,None
2024-01-01 05:12:05,7792853,3447885,UDP,135.5,3.016,13444.1,3326.9,11,0.0019,21.95,None
2024-01-01 05:12:10,9239202,9217102,HTTP,50.0,1.66,633.9,12363.7,9,0.0064,8.33,None
2024-01-01 05:12:15,1809395,4165166,TCP,162.3,1.03,2097.5,34250.2,11,0.0165,7.65,None
2024-01-01 05:12:20,5062823,4511849,TCP,303.2,6.823,8385.2,8553.4,9,0.0341,10.61,None
2024-01-01 05:12:25,6260620,4294659,UDP,71.0,1.89,2459.5,2407.7,10,0.0097,15.98,None
2024-01-01 05:12:30,8041045,9088549,DNS,110.7,2.608,1199.4,3361.3,3,0.0102,0.12,None
2024-01-01 05:12:35,5136722,5253300,UDP,175.0,0.846,632.7,3467.9,10,0.0063,12.83,None
2024-01-01 05:12:40,9046296,2436155,HTTP,277.7,2.217,1154.4,5399.2,6,0.0077,0.47,None
2024-01-01 05:12:45,8637509,1477381,HTTP,118.6,0.596,550.6,24857.0,4,0.001,10.82,None
2024-01-01 05:12:50,7823222,1273682,UDP,105.0,0.562,3160.4,26873.9,14,0.0043,1.97,None
2024-01-01 05:12:55,5370716,8246443,HTTP,55.5,2.509,7305.0,6820.9,13,0.0071,13.49,None
2024-01-01 05:13:00,3798151,7068645,TCP,156.3,1.474,844.7,9731.0,8,0.0032,7.54,None
2024-01-01 05:13:05,8368643,7368748,DNS,412.0,2.299,3857.3,3649.9,11,0.0045,11.49,None
2024-01-01 05:13:10,7530972,1759433,DNS,170.5,0.628,6941.5,1465.7,10,0.0355,22.98,None
2024-01-01 05:13:15,6417320,9259260,DNS,146.8,1.826,2972.9,48452.5,10,0.0001,8.18,None
2024-01-01 05:13:20,3328104,1502008,HTTP,174.3,1.174,595.4,794.3,10,0.0036,17.26,None
2024-01-01 05:13:25,6381539,7013832,UDP,147.6,1.817,4386.2,1292.3,9,0.0088,16.4,None
2024-01-01 05:13:30,8177358,5905213,UDP,98.8,0.687,2822.4,48844.9,6,0.0033,20.85,None
2024-01-01 05:13:35,5752967,6612565,DNS,224.0,2.514,2549.1,8238.8,18,0.0113,8.03,None
2024-01-01 05:13:40,3369011,6015384,DNS,166.1,3.279,1725.3,2628.3,3,0.0036,1.35,None
2024-01-01 05:13:45,6359067,1444081,HTTP,149.7,0.602,3251.2,16037.8,3,0.0102,23.3,None
2024-01-01 05:13:50,7492107,3086254,DNS,91.1,0.715,4963.3,17554.3,12,0.019,8.7,None
2024-01-01 05:13:55,8419000,5812455,TCP,284.8,2.164,32553.8,2137.3,9,0.0107,4.65,None
2024-01-01 05:14:00,7456449,4241357,DNS,206.9,2.379,3335.3,4756.0,8,0.0005,21.94,None
2024-01-01 05:14:05,8069237,3514696,UDP,112.6,2.435,13509.4,19462.5,12,0.0159,4.57,None
2024-01-01 05:14:10,7158427,3781169,UDP,244.9,2.296,4263.1,3579.9,10,0.0024,12.69,None
2024-01-01 05:14:15,3754264,5865525,HTTP,115.7,0.998,2698.6,10744.7,11,0.0101,18.13,None
2024-01-01 05:14:20,1626209,2300800,HTTP,100.4,1.005,3458.4,33685.1,11,0.0104,17.54,None
2024-01-01 05:14:25,8607661,7329157,TCP,101.5,0.588,878.5,740.6,8,0.0163,0.71,None
2024-01-01 05:14:30,9964881,2126531,TCP,61.2,0.341,4047.5,5760.3,11,0.007,4.86,None
2024-01-01 05:14:35,2101697,6300753,HTTP,187.9,2.359,406.6,10526.3,11,0.0047,21.32,None
2024-01-01 05:14:40,2279225,1824067,HTTP,59.4,0.196,1258.1,1350.1,16,0.0073,13.28,None
2024-01-01 05:14:45,7565375,3819773,DNS,80.3,5.555,3327.1,4771.4,6,0.0079,16.49,None
2024-01-01 05:14:50,5354361,4669706,DNS,52.6,3.505,9837.7,23028.7,6,0.0172,9.65,None
2024-01-01 05:14:55,8837550,2130618,HTTP,142.2,3.897,12464.3,4006.5,9,0.0023,17.88,None
2024-01-01 05:15:00,5882031,8552079,DNS,137.7,4.743,2353.0,1836.6,4,0.0188,6.94,None
2024-01-01 05:15:05,2525698,6423126,HTTP,126.0,1.051,3483.2,25105.2,11,0.0046,5.57,None
2024-01-01 05:15:10,7776639,9832404,DNS,88.1,3.751,7977.4,12638.5,13,0.0136,23.93,None
2024-01-01 05:15:15,6027221,7813025,DNS,82.6,0.344,788.8,7563.9,11,0.0041,3.78,None
2024-01-01 05:15:20,1269183,8893267,TCP,187.2,0.044,4468.2,7343.8,9,0.0123,23.55,None
2024-01-01 05:15:25,8886794,4215331,HTTP,112.7,3.073,1302.6,22658.3,8,0.0161,22.24,None
2024-01-01 05:15:30,2069132,5738468,HTTP,173.8,0.155,2510.3,10878.3,12,0.0082,17.15,None
2024-01-01 05:15:35,6145958,8851607,UDP,95.3,8.935,1883.7,15453.8,9,0.0097,13.97,None
2024-01-01 05:15:40,1693776,8803282,UDP,162.5,2.247,4607.1,4053.9,8,0.0123,0.11,None
2024-01-01 05:15:45,4948315,7369425,TCP,284.8,2.8,5168.3,1191.1,10,0.0117,15.25,None
2024-01-01 05:15:50,2245418,6936910,DNS,199.0,0.564,7266.9,15091.9,10,0.013,18.54,None
2024-01-01 05:15:55,3658108,2131237,TCP,120.8,2.241,4222.6,24365.6,10,0.0189,17.59,None
2024-01-01 05:16:00,7341459,3358744,UDP,168.8,0.088,3539.2,6473.3,15,0.0025,4.13,None
2024-01-01 05:16:05,2067560,5212159,HTTP,131.6,3.638,19034.8,19687.8,12,0.0024,13.07,None
2024-01-01 05:16:10,1727496,3656416,DNS,149.0,0.372,649.1,5795.2,6,0.0353,13.2,None
2024-01-01 05:16:15,4453938,6020570,HTTP,126.1,2.39,16246.1,7400.5,12,0.0191,15.67,None
2024-01-01 05:16:20,2079124,6301576,TCP,136.7,0.508,2230.9,46743.4,11,0.009,19.94,None
2024-01-01 05:16:25,7214324,1897768,TCP,165.0,0.142,5275.8,6054.0,10,0.0001,16.76,None
2024-01-01 05:16:30,6744481,6646224,UDP,90.3,1.314,2152.4,5706.9,14,0.0193,3.39,None
2024-01-01 05:16:35,3899552,5298151,UDP,89.3,0.371,1476.5,1248.9,10,0.0139,0.46,None
2024-01-01 05:16:40,3099783,1825620,TCP,74.1,2.615,4839.6,16156.4,6,0.0313,3.28,None
2024-01-01 05:16:45,5919789,2698470,UDP,66.7,0.542,8451.7,3984.5,10,0.0001,0.97,None
2024-01-01 05:16:50,1736862,5802741,DNS,80.8,0.839,4783.9,9388.4,8,0.0003,10.48,None
2024-01-01 05:16:55,3800733,3996808,HTTP,160.7,1.676,1733.5,5913.3,8,0.0073,6.81,None
2024-01-01 05:17:00,6343961,3408172,TCP,95.0,0.671,110343.1,5188.5,7,0.0194,0.18,None
2024-01-01 05:17:05,7568405,6516997,TCP,191.9,0.95,9883.0,7203.1,9,0.0475,1.93,None
2024-01-01 05:17:10,7810509,7009181,HTTP,151.0,3.382,7580.6,7778.7,13,0.0039,9.54,None
2024-01-01 05:17:15,7054612,5054189,HTTP,55.5,0.395,2094.4,26267.3,8,0.0004,22.55,None
2024-01-01 05:17:20,1081560,9283821,DNS,205.9,0.172,1595.3,37057.0,9,0.0022,23.88,None
2024-01-01 05:17:25,1095803,6126837,HTTP,222.6,0.796,2253.3,15532.9,15,0.021,1.2,None
2024-01-01 05:17:30,7713185,7542198,TCP,90.3,1.105,8790.3,28898.8,7,0.0063,19.93,None
2024-01-01 05:17:35,8671825,7053734,UDP,183.1,1.565,1107.0,19037.1,11,0.0192,11.53,None
2024-01-01 05:17:40,3067407,5962549,UDP,96.7,0.932,1024.3,13288.0,11,0.0059,14.91,None
2024-01-01 05:17:45,8355678,2996610,UDP,155.8,3.12,5113.0,34722.5,6,0.0005,12.14,None
2024-01-01 05:17:50,9880590,5319302,HTTP,78.9,0.08,4101.9,2189.7,13,0.0096,22.19,None
2024-01-01 05:17:55,2309149,7686685,UDP,60.5,1.13,1379.8,4086.9,6,0.0057,11.48,None
2024-01-01 05:18:00,9702981,7150171,TCP,122.6,0.963,1001.0,3565.6,12,0.0068,4.03,None
2024-01-01 05:18:05,6386191,7334488,HTTP,139.5,2.086,12555.3,5994.6,13,0.0298,18.72,None
2024-01-01 05:18:10,3960807,8779745,TCP,121.7,6.779,4259.9,16089.1,7,0.0061,12.33,None
2024-01-01 05:18:15,1845802,1138266,UDP,82.1,1.428,762.4,2656.9,13,0.0159,2.81,None
2024-01-01 05:18:20,2147080,2968952,UDP,121.5,8.667,817.6,13397.2,11,0.0006,11.08,None
2024-01-01 05:18:25,4973697,7736108,HTTP,169.8,0.72,2076.6,4505.0,13,0.0065,16.5,None
2024-01-01 05:18:30,1623550,2500074,DNS,145.1,0.063,6203.3,5726.9,11,0.0088,7.1,None
2024-01-01 05:18:35,6657765,7572263,DNS,162.6,0.362,5404.6,9901.2,11,0.0012,21.89,None
2024-01-01 05:18:40,8636246,2921390,HTTP,106.2,1.005,9243.5,43531.9,7,0.0036,20.4,None
2024-01-01 05:18:45,2101892,6540844,UDP,266.6,0.761,671.6,3974.5,9,0.0135,13.63,None
2024-01-01 05:18:50,5353026,4762189,UDP,82.4,0.204,3728.8,7479.4,11,0.002,1.3,None
2024-01-01 05:18:55,5532129,4504385,DNS,189.4,1.134,12405.7,2756.7,12,0.0014,14.0,None
2024-01-01 05:19:00,4043488,8906199,DNS,268.0,0.825,11302.8,3936.5,12,0.0036,9.97,None
2024-01-01 05:19:05,4634296,9743680,UDP,188.8,0.262,4268.0,2731.6,13,0.0196,17.38,None
2024-01-01 05:19:10,9315762,8185433,DNS,134.1,0.702,31195.2,10350.4,6,0.0144,6.41,None
2024-01-01 05:19:15,6054177,8482584,HTTP,114.0,4.351,5482.3,12398.2,7,0.015,14.54,None
2024-01-01 05:19:20,9500969,8067034,HTTP,249.1,0.719,8457.0,16107.6,10,0.0039,13.31,None
2024-01-01 05:19:25,8255011,3446089,TCP,72.9,2.503,3116.4,3813.7,12,0.001,12.64,None
2024-01-01 05:19:30,8516328,8049146,TCP,91.4,1.894,1365.2,13466.3,14,0.0003,2.78,None
2024-01-01 05:19:35,4032511,3823226,UDP,121.7,1.114,1242.4,9073.4,7,0.0088,11.76,None
2024-01-01 05:19:40,5534864,1632743,TCP,275.6,0.546,3574.6,7648.4,7,0.0121,13.21,None
2024-01-01 05:19:45,2078863,8771351,DNS,179.4,0.921,2412.7,2341.6,13,0.0047,22.26,None
2024-01-01 05:19:50,3608586,6111417,UDP,91.5,1.794,508.5,9445.1,10,0.0075,11.06,None
2024-01-01 05:19:55,6614411,2398380,DNS,127.1,0.864,1068.7,9749.4,8,0.0033,15.36,None
2024-01-01 05:20:00,4151947,8002098,HTTP,109.2,0.484,2168.1,8970.8,10,0.0045,13.66,None
2024-01-01 05:20:05,5243914,4129226,DNS,104.1,0.248,6168.9,12089.0,17,0.0131,4.69,None
2024-01-01 05:20:10,8321303,5473213,DNS,242.1,4.237,2933.4,16229.7,11,0.0127,4.43,None
2024-01-01 05:20:15,8466620,5465280,TCP,74.7,1.161,2773.7,2702.6,12,0.0003,17.75,None
2024-01-01 05:20:20,1614636,2711084,DNS,331.8,1.963,1111.1,6524.4,12,0.0289,12.55,None
2024-01-01 05:20:25,7641013,6827649,HTTP,224.6,1.348,3050.8,13572.0,9,0.0031,21.5,None
2024-01-01 05:20:30,4280601,3283975,HTTP,256.1,4.12,11149.0,6195.7,10,0.0238,21.8,None
2024-01-01 05:20:35,1026579,6404825,TCP,117.7,1.583,3482.7,21150.6,5,0.0072,7.13,None
2024-01-01 05:20:40,5582623,5844631,DNS,137.7,1.311,660.3,8867.8,14,0.0069,2.44,None
2024-01-01 05:20:45,1150239,2668212,UDP,72.5,5.17,852.8,1147.2,8,0.006,8.26,None
2024-01-01 05:20:50,1463627,1349700,UDP,114.2,2.544,5371.1,18759.0,13,0.0256,1.61,None
2024-01-01 05:20:55,1867165,2904040,HTTP,190.0,0.237,2382.0,7207.6,6,0.0023,18.75,None
2024-01-01 05:21:00,3474237,2874996,DNS,283.7,0.391,2766.7,1380.6,11,0.0095,3.51,None
2024-01-01 05:21:05,3151680,9081867,UDP,85.3,3.094,1615.3,6296.3,13,0.0038,20.79,None
2024-01-01 05:21:10,7891279,2650120,DNS,123.6,3.614,4931.6,2279.3,12,0.0247,9.97,None
2024-01-01 05:21:15,3910192,3151297,HTTP,137.6,1.576,2206.3,17208.0,12,0.0019,6.69,None
2024-01-01 05:21:20,6548980,8061831,HTTP,73.9,1.617,2473.5,7817.8,6,0.0113,12.04,None
2024-01-01 05:21:25,1380992,7946794,UDP,199.5,1.999,1272.5,3217.2,10,0.0055,14.53,None
2024-01-01 05:21:30,8272261,6139721,UDP,103.3,1.156,7492.8,18230.4,16,0.0108,16.84,None
2024-01-01 05:21:35,9768106,1137558,UDP,134.6,2.28,2389.6,12817.0,8,0.0017,8.12,None
2024-01-01 05:21:40,7877533,2601306,DNS,118.4,0.23,5474.6,6401.2,3,0.005,23.59,None
2024-01-01 05:21:45,4722492,8558510,TCP,100.0,6.503,903.6,2331.8,11,0.0011,10.13,None
2024-01-01 05:21:50,6372741,7615844,TCP,147.9,2.774,16880.0,3489.5,14,0.0347,20.03,None
2024-01-01 05:21:55,8016420,3105148,HTTP,133.2,1.995,10693.3,3437.6,14,0.0024,0.84,None
2024-01-01 05:22:00,2308465,9434271,TCP,123.2,0.761,441.5,17094.2,11,0.0499,18.67,None
2024-01-01 05:22:05,1309656,7453964,TCP,103.1,0.351,1336.8,1508.8,11,0.0054,13.23,None
2024-01-01 05:22:10,3471529,9525061,DNS,174.1,1.053,4806.1,7729.2,7,0.0007,15.35,None
2024-01-01 05:22:15,6284461,2227709,TCP,339.3,2.167,796.5,6308.9,11,0.0002,8.95,None
2024-01-01 05:22:20,9142422,8690582,UDP,159.2,2.009,2613.4,22823.3,14,0.0091,13.08,None
2024-01-01 05:22:25,7978175,5161059,UDP,244.2,0.965,4567.1,10226.5,6,0.0095,22.37,None
2024-01-01 05:22:30,3883534,6204594,TCP,74.1,1.9,2478.2,13838.5,6,0.0074,9.26,None
2024-01-01 05:22:35,9496004,8393851,UDP,160.6,3.361,5109.4,4791.7,6,0.0007,2.54,None
2024-01-01 05:22:40,7649701,4186519,DNS,85.7,0.053,1490.2,2366.1,14,0.004,17.29,None
2024-01-01 05:22:45,5563261,1938172,UDP,70.9,1.198,316.0,5851.9,12,0.0044,12.12,None
2024-01-01 05:22:50,9827742,3791547,TCP,102.5,2.842,7959.5,17626.6,7,0.0122,10.2,None
2024-01-01 05:22:55,7342951,5096989,HTTP,269.3,1.58,7909.5,17586.6,7,0.0054,18.67,None
2024-01-01 05:23:00,3013789,1015056,UDP,238.7,2.108,36447.8,5268.0,14,0.0085,13.49,None
2024-01-01 05:23:05,5014316,9503573,TCP,167.6,1.454,327.9,3426.4,8,0.0034,15.15,None
2024-01-01 05:23:10,7314534,6396686,DNS,69.0,9.626,6315.9,2816.7,11,0.0129,22.23,None
2024-01-01 05:23:15,8584338,3024020,DNS,134.5,0.112,416.3,7068.3,9,0.0005,1.4,None
2024-01-01 05:23:20,4007491,7899636,UDP,172.6,1.351,17266.0,9288.7,16,0.0447,6.3,None
2024-01-01 05:23:25,1564570,3169215,DNS,162.0,0.192,4855.5,35354.9,11,0.0103,21.56,None
2024-01-01 05:23:30,6389404,4942066,UDP,59.0,0.348,1150.6,9166.7,5,0.0016,19.03,None
2024-01-01 05:23:35,2918534,6841074,DNS,95.1,0.966,6504.3,14969.4,10,0.0126,4.53,None
2024-01-01 05:23:40,3658803,5446699,UDP,143.7,0.338,1714.6,3712.8,6,0.0154,4.06,None
2024-01-01 05:23:45,9972932,3691252,DNS,194.1,6.631,4025.5,8448.1,12,0.0155,19.8,None
2024-01-01 05:23:50,3411806,3530486,DNS,49.5,5.867,3662.7,9321.5,11,0.0032,13.27,None
2024-01-01 05:23:55,1023398,9430767,HTTP,136.9,0.819,17054.5,7040.7,7,0.0319,20.65,None
2024-01-01 05:24:00,9643809,3865236,TCP,159.4,2.042,18304.9,7928.2,8,0.0002,22.02,None
2024-01-01 05:24:05,5301096,8057798,HTTP,227.0,1.526,1640.5,9193.2,7,0.0048,1.67,None
2024-01-01 05:24:10,8399891,4530714,UDP,209.9,3.381,8587.9,13108.8,5,0.0011,23.27,None
2024-01-01 05:24:15,1927515,5046148,HTTP,198.6,1.975,4250.7,26085.1,9,0.0049,17.2,None
2024-01-01 05:24:20,3962279,6874561,TCP,99.5,0.001,725.8,840.9,10,0.0006,20.03,None
2024-01-01 05:24:25,4014949,9187696,TCP,57.2,2.881,1485.9,24679.7,14,0.0104,15.13,None
2024-01-01 05:24:30,5305482,8184962,UDP,121.9,2.748,30827.0,1464.4,3,0.0006,7.32,None
2024-01-01 05:24:35,9159461,3986755,HTTP,244.9,1.426,4263.5,11034.3,9,0.0096,14.39,None
2024-01-01 05:24:40,2817588,9517933,DNS,297.9,4.664,8101.3,85445.1,8,0.0027,12.38,None
2024-01-01 05:24:45,6095573,8715703,TCP,211.7,4.782,2411.4,7765.6,8,0.002,22.37,None
2024-01-01 05:24:50,9280189,1668395,UDP,184.0,1.484,1737.2,9701.3,12,0.0043,13.32,None
2024-01-01 05:24:55,6234135,7530700,HTTP,179.4,1.873,3063.4,5941.6,13,0.0102,0.67,None
2024-01-01 05:25:00,8663955,1302820,HTTP,112.4,11.323,2284.5,15792.1,10,0.0086,16.47,None
2024-01-01 05:25:05,1579839,8538066,HTTP,139.1,0.71,669.6,11640.1,7,0.0114,1.21,None
2024-01-01 05:25:10,3592075,8994017,DNS,341.9,0.785,1093.0,4121.4,3,0.0251,22.66,None
2024-01-01 05:25:15,2771684,3443564,TCP,92.6,0.404,6050.4,7227.5,9,0.0023,11.68,None
2024-01-01 05:25:20,3899875,2726437,HTTP,332.7,4.524,2037.2,2648.0,10,0.0053,23.23,None
2024-01-01 05:25:25,3613747,3654768,UDP,126.3,2.729,3058.6,7194.4,10,0.0031,0.62,None
2024-01-01 05:25:30,5092519,4639851,DNS,287.9,0.223,3770.3,5327.4,7,0.0088,12.79,None
2024-01-01 05:25:35,8070986,7331655,UDP,73.4,8.009,4076.7,9288.6,8,0.0033,5.43,None
2024-01-01 05:25:40,8275213,1253321,TCP,198.9,2.626,9382.3,3984.2,9,0.0082,15.38,None
2024-01-01 05:25:45,1794205,4562388,TCP,102.7,3.801,993.6,6539.2,5,0.0173,11.96,None
2024-01-01 05:25:50,4621590,1685064,HTTP,73.1,0.099,5272.5,8174.5,9,0.008,13.59,None
2024-01-01 05:25:55,9912148,7248506,DNS,165.5,1.406,6342.5,8764.1,11,0.0182,8.63,None
2024-01-01 05:26:00,5428631,7906195,TCP,245.9,2.399,7989.2,10660.3,11,0.0095,1.24,None
2024-01-01 05:26:05,9773173,4769205,UDP,97.3,1.566,725.7,6807.9,9,0.0204,2.55,None
2024-01-01 05:26:10,5734928,3418429,UDP,70.1,2.197,3846.1,3689.7,10,0.0267,20.61,None
2024-01-01 05:26:15,3750938,9391708,TCP,141.8,3.406,16582.0,8796.2,6,0.0071,16.87,None
2024-01-01 05:26:20,9174437,6658346,HTTP,142.1,0.938,2699.7,6776.0,16,0.0156,18.47,None
2024-01-01 05:26:25,4540232,7739579,DNS,195.2,3.777,4834.3,22576.1,8,0.0063,2.94,None
2024-01-01 05:26:30,7985567,7737723,DNS,238.6,0.356,6505.5,25610.1,9,0.0122,1.18,None
2024-01-01 05:26:35,1275141,1741195,HTTP,144.1,0.632,1069.1,2054.8,9,0.0004,0.41,None
2024-01-01 05:26:40,1616687,1845968,HTTP,375.3,0.089,18654.2,15020.2,10,0.0341,12.52,None
2024-01-01 05:26:45,2530261,2202415,DNS,166.0,0.906,4912.3,18356.6,17,0.0225,12.02,None
2024-01-01 05:26:50,6822615,6979445,UDP,124.8,0.956,5011.6,2109.4,11,0.0224,2.66,None
2024-01-01 05:26:55,8693818,3374010,HTTP,66.3,3.272,565.6,14464.8,9,0.0033,8.32,None
2024-01-01 05:27:00,6590430,6515900,TCP,130.1,2.118,6598.2,19849.9,13,0.0033,12.73,None
2024-01-01 05:27:05,6352361,6073846,DNS,125.4,1.148,4946.4,3134.9,7,0.0052,16.22,None
2024-01-01 05:27:10,9358070,2904146,HTTP,239.9,2.112,15126.3,6397.5,14,0.0212,19.44,None
2024-01-01 05:27:15,9463105,9263408,DNS,187.0,0.108,2183.6,9762.7,11,0.0196,15.39,None
2024-01-01 05:27:20,6141425,9642605,HTTP,82.3,0.398,1110.3,14335.0,12,0.0034,0.72,None
2024-01-01 05:27:25,1858012,5629601,UDP,161.8,1.972,1506.8,3015.6,7,0.0078,14.07,None
2024-01-01 05:27:30,9815843,4872761,UDP,207.6,2.051,1799.1,25771.0,8,0.0064,2.11,None
2024-01-01 05:27:35,7197600,5458498,HTTP,318.6,2.976,973.7,1064.9,19,0.0105,13.56,None
2024-01-01 05:27:40,5039119,2055141,TCP,231.3,1.032,10830.9,30447.1,7,0.0024,9.02,None
2024-01-01 05:27:45,8077027,6376377,DNS,217.1,2.564,11245.2,14048.5,9,0.0009,6.87,None
2024-01-01 05:27:50,3402455,4240658,HTTP,152.9,2.304,2450.9,4351.3,10,0.0003,11.56,None
2024-01-01 05:27:55,5665263,3090819,TCP,180.2,6.615,2012.7,19233.4,10,0.0048,9.16,None
2024-01-01 05:28:00,2256107,4320053,DNS,277.2,0.484,485.2,2841.8,5,0.0293,19.93,None
2024-01-01 05:28:05,2659613,4524857,DNS,76.2,1.604,5978.7,9090.1,12,0.0115,5.44,None
2024-01-01 05:28:10,8931910,3841245,HTTP,124.6,1.841,15575.3,10285.6,13,0.0138,3.28,None
2024-01-01 05:28:15,5618444,3996163,TCP,100.9,13.212,1576.3,10261.3,13,0.029,20.09,None
2024-01-01 05:28:20,5684188,1177175,UDP,179.4,0.449,2652.4,3499.2,5,0.0055,5.84,None
2024-01-01 05:28:25,6807863,6525448,TCP,274.5,1.481,4602.2,4934.1,8,0.0064,0.77,None
2024-01-01 05:28:30,4908133,9108435,DNS,110.1,0.85,16721.0,9198.0,11,0.0045,9.29,None
2024-01-01 05:28:35,2052912,7385201,UDP,44.9,1.493,3640.1,3917.7,9,0.002,19.66,None
2024-01-01 05:28:40,1803251,5669278,TCP,120.8,0.528,3624.3,10630.2,4,0.0145,10.36,None
2024-01-01 05:28:45,2990318,3298015,HTTP,234.3,0.098,3566.4,4384.7,8,0.0237,11.28,None
2024-01-01 05:28:50,9223252,4154054,HTTP,194.2,1.7,716.9,22026.5,10,0.0168,1.13,None
2024-01-01 05:28:55,7759073,1760611,HTTP,183.8,0.819,701.5,38664.8,15,0.0005,17.07,None
2024-01-01 05:29:00,8162937,6838084,UDP,129.0,0.402,1328.8,6018.2,10,0.0036,8.25,None
2024-01-01 05:29:05,4808390,8327358,HTTP,78.3,0.783,8208.2,20338.3,9,0.009,17.49,None
2024-01-01 05:29:10,3103197,9726911,HTTP,192.0,0.101,2131.6,6553.1,9,0.004,9.86,None
2024-01-01 05:29:15,2654110,8384897,HTTP,97.8,6.009,1755.3,3176.6,15,0.0016,12.65,None
2024-01-01 05:29:20,8833779,2409305,DNS,442.3,1.74,1724.7,5293.8,13,0.0077,14.15,None
2024-01-01 05:29:25,9854742,3185203,UDP,197.4,3.372,2597.6,8827.0,16,0.0074,4.73,None
2024-01-01 05:29:30,8999546,4833491,TCP,111.0,1.1,16352.0,1357.0,12,0.0124,7.06,None
2024-01-01 05:29:35,2543468,5753137,HTTP,109.3,4.673,2562.7,15148.5,17,0.0893,14.05,None
2024-01-01 05:29:40,5623959,1728287,UDP,141.7,1.321,1357.9,8831.0,6,0.0104,19.75,None
2024-01-01 05:29:45,9110659,8791193,UDP,131.7,1.706,3057.2,22038.5,14,0.0038,23.07,None
2024-01-01 05:29:50,9241698,2129659,DNS,259.4,1.354,17241.7,14885.4,16,0.0313,12.58,None
2024-01-01 05:29:55,2020462,1198931,HTTP,162.9,2.643,1802.9,9135.7,9,0.0085,1.77,None
2024-01-01 05:30:00,3427212,8993036,HTTP,102.9,1.672,915.1,5676.9,6,0.0104,22.94,None
2024-01-01 05:30:05,2484442,6343969,HTTP,381.9,0.634,1806.3,37155.3,9,0.0044,10.1,None
2024-01-01 05:30:10,8826854,9028820,DNS,152.1,0.315,3390.6,70960.1,10,0.006,2.46,None
2024-01-01 05:30:15,6785707,8816277,DNS,218.0,1.863,5932.7,5772.4,8,0.0054,23.33,None
2024-01-01 05:30:20,6992031,4123934,UDP,109.5,1.343,8159.1,22978.0,8,0.0275,6.73,None
2024-01-01 05:30:25,3874395,1068951,TCP,178.0,0.202,1047.6,3996.8,10,0.0166,15.76,None
2024-01-01 05:30:30,7189331,7882384,UDP,173.4,1.007,1151.9,4502.2,8,0.001,3.46,None
2024-01-01 05:30:35,8537941,6777796,UDP,57.7,1.446,2157.6,5506.9,6,0.0038,17.27,None
2024-01-01 05:30:40,4202713,9372618,DNS,406.5,3.508,5910.5,16069.6,9,0.0006,23.43,None
2024-01-01 05:30:45,6513111,5300869,HTTP,283.0,0.158,845.6,2765.8,12,0.0073,23.64,None
2024-01-01 05:30:50,5844673,8175836,UDP,121.7,0.857,1624.0,38176.1,8,0.0033,3.03,None
2024-01-01 05:30:55,5770703,3763384,TCP,85.5,3.459,1647.9,20699.7,14,0.0008,18.45,None
2024-01-01 05:31:00,8740199,1496038,UDP,176.6,2.091,7644.6,15701.6,7,0.0148,15.94,None
2024-01-01 05:31:05,1261756,4262597,UDP,155.0,0.685,5055.6,6040.2,9,0.001,19.24,None
2024-01-01 05:31:10,3139793,6827923,HTTP,177.3,3.733,7359.3,18573.4,5,0.0032,8.0,None
2024-01-01 05:31:15,5586684,3741335,TCP,163.3,1.36,11369.4,438.2,13,0.0148,9.64,None
2024-01-01 05:31:20,1730749,2586401,UDP,191.2,1.38,2195.9,12593.1,9,0.0072,8.2,None
2024-01-01 05:31:25,6019291,2079128,DNS,306.0,7.509,909.2,9510.2,12,0.017,18.4,None
2024-01-01 05:31:30,3902746,6603659,HTTP,197.2,5.879,915.1,1228.8,16,0.0054,19.42,None
2024-01-01 05:31:35,5814163,5340849,DNS,87.8,0.888,474.3,12164.2,11,0.0169,5.98,None
2024-01-01 05:31:40,9840477,2256456,DNS,293.3,0.303,1884.2,14630.9,6,0.0077,13.75,None
2024-01-01 05:31:45,1073967,2068841,TCP,337.1,0.788,2030.0,1269.4,6,0.0009,3.02,None
2024-01-01 05:31:50,9517857,7909724,HTTP,717.7,0.062,6552.2,2473.1,10,0.0064,0.32,None
2024-01-01 05:31:55,8857360,5794810,UDP,84.6,0.042,3031.8,63856.2,12,0.0081,14.64,None
2024-01-01 05:32:00,1528467,3702870,UDP,167.6,1.007,1825.6,6725.4,11,0.0095,20.16,None
2024-01-01 05:32:05,5601739,9979183,UDP,52.4,5.661,2654.5,21496.1,12,0.0263,21.76,None
2024-01-01 05:32:10,4899658,4381262,UDP,195.7,4.101,1054.7,25004.3,16,0.002,14.89,None
2024-01-01 05:32:15,4657751,4616370,UDP,112.8,1.433,8311.6,12015.3,7,0.0093,19.41,None
2024-01-01 05:32:20,6499761,2240441,HTTP,388.3,1.666,1358.4,22409.5,19,0.0139,9.7,None
2024-01-01 05:32:25,3714232,3616307,DNS,100.8,0.012,953.4,979.6,8,0.0221,21.01,None
2024-01-01 05:32:30,9620057,7565388,TCP,63.8,0.485,6753.9,6434.8,14,0.0075,18.59,None
2024-01-01 05:32:35,4989902,6300005,DNS,117.3,0.05,5293.1,372.2,9,0.0024,7.4,None
2024-01-01 05:32:40,8665290,1285764,DNS,55.3,2.809,531.8,1413.6,12,0.017,14.33,None
2024-01-01 05:32:45,9400283,3889679,DNS,216.1,0.315,7009.4,4693.7,8,0.0235,1.23,None
2024-01-01 05:32:50,8664701,5234907,HTTP,52.9,4.066,1420.0,4165.6,16,0.0011,3.52,None
2024-01-01 05:32:55,3151202,4024584,UDP,150.5,2.062,2050.6,8445.7,3,0.0026,22.72,None
2024-01-01 05:33:00,6955019,2586212,DNS,52.5,0.521,3594.0,7937.5,7,0.0205,0.23,None
2024-01-01 05:33:05,7599294,5745601,DNS,126.5,0.343,5359.5,9262.6,8,0.0066,4.88,None
2024-01-01 05:33:10,4173024,8790864,DNS,337.5,1.976,4654.0,9650.0,13,0.0019,3.33,None
2024-01-01 05:33:15,1369458,4741860,TCP,177.7,4.622,2836.1,11304.1,14,0.0104,16.77,None
2024-01-01 05:33:20,5011156,6065251,UDP,96.4,2.534,1949.6,3105.6,15,0.0061,2.54,None
2024-01-01 05:33:25,2542797,1690332,UDP,146.1,0.857,4501.7,3925.3,8,0.0344,0.48,None
2024-01-01 05:33:30,5763922,8162795,DNS,149.8,1.77,2648.1,7809.7,8,0.0025,22.33,None
2024-01-01 05:33:35,2882333,5609235,DNS,188.0,0.744,18130.6,7932.0,12,0.0045,20.95,None
2024-01-01 05:33:40,5728266,7173746,UDP,74.9,14.14,5358.3,2746.5,10,0.0018,8.6,None
2024-01-01 05:33:45,5434500,6338029,HTTP,199.6,2.763,1183.9,23898.2,11,0.0005,2.41,None
2024-01-01 05:33:50,2788911,6745851,TCP,38.4,1.906,1849.0,16727.4,7,0.0032,16.28,None
2024-01-01 05:33:55,1176219,9432237,TCP,108.3,1.101,3128.1,3429.9,15,0.0171,21.19,None
2024-01-01 05:34:00,7350241,9887239,HTTP,116.3,1.925,10931.8,6579.0,7,0.0031,23.39,None
2024-01-01 05:34:05,7254404,3314799,UDP,203.7,0.836,12223.4,60448.1,13,0.0119,3.12,None
2024-01-01 05:34:10,1477514,4548184,TCP,150.1,0.059,2005.9,9514.5,7,0.0075,14.41,None
2024-01-01 05:34:15,6468047,7658888,DNS,73.5,1.005,1171.9,12036.3,14,0.0073,10.33,None
2024-01-01 05:34:20,1897191,2045776,DNS,90.7,5.332,1031.2,4407.5,10,0.0152,3.76,None
2024-01-01 05:34:25,6477588,6282006,UDP,163.9,1.969,3836.9,5924.7,14,0.0096,19.39,None
2024-01-01 05:34:30,3394560,5081943,DNS,142.7,0.175,29845.3,36729.1,9,0.0017,18.77,None
2024-01-01 05:34:35,2869384,7123486,DNS,111.1,4.326,5110.7,9075.1,10,0.0025,23.15,None
2024-01-01 05:34:40,8094781,1735500,UDP,116.7,0.626,605.5,7548.3,14,0.0078,2.05,None
2024-01-01 05:34:45,8669552,2513370,DNS,210.2,0.559,1442.3,8165.2,8,0.0187,5.73,None
2024-01-01 05:34:50,7222636,5891075,TCP,114.6,0.705,1597.3,103299.0,12,0.0017,19.86,None
2024-01-01 05:34:55,8003539,9363345,UDP,142.0,1.722,1310.3,8432.2,8,0.0011,9.49,None
2024-01-01 05:35:00,1731046,7988288,TCP,439.2,1.574,2022.5,3533.1,17,0.0073,11.42,None
2024-01-01 05:35:05,1119436,3173738,DNS,72.8,1.352,4313.0,4207.6,6,0.0021,14.68,None
2024-01-01 05:35:10,9900804,3597823,DNS,58.8,2.528,5895.7,17690.0,17,0.0516,9.8,None
2024-01-01 05:35:15,5270554,1309088,TCP,219.6,0.761,8881.8,1942.1,11,0.0,0.85,None
2024-01-01 05:35:20,2416681,9103086,HTTP,105.7,3.047,5035.2,12715.6,12,0.006,14.5,None
2024-01-01 05:35:25,7665230,9262161,HTTP,126.6,0.386,422.4,3929.2,15,0.0018,5.49,None
2024-01-01 05:35:30,4493970,1775897,HTTP,100.4,3.052,1035.6,1263.0,14,0.0114,23.25,None
2024-01-01 05:35:35,9562012,8217423,UDP,130.3,2.18,2545.1,3041.0,16,0.0099,16.57,None
2024-01-01 05:35:40,1675995,8731188,TCP,330.1,2.299,3454.0,8329.3,11,0.0165,20.18,None
2024-01-01 05:35:45,4475953,1124970,HTTP,221.6,1.314,7054.5,32701.2,9,0.0083,22.91,None
2024-01-01 05:35:50,5015181,9299297,TCP,228.4,2.199,3112.5,20197.8,4,0.0021,1.52,None
2024-01-01 05:35:55,6475234,5120363,TCP,73.1,0.166,3136.0,6040.9,4,0.0005,3.57,None
2024-01-01 05:36:00,2333027,1932412,TCP,83.5,3.815,3781.2,21422.3,5,0.0128,19.39,None
2024-01-01 05:36:05,5295072,6836722,DNS,35.9,0.114,2309.9,5671.6,5,0.0058,21.24,None
2024-01-01 05:36:10,5798640,6631211,HTTP,99.0,0.322,3251.5,1869.6,11,0.0025,0.12,None
2024-01-01 05:36:15,8483731,7153735,HTTP,239.5,1.72,9189.6,8275.8,15,0.0029,22.69,None
2024-01-01 05:36:20,9486182,6393892,DNS,192.2,2.69,2741.0,1797.3,18,0.0016,10.91,None
2024-01-01 05:36:25,4603480,6621851,DNS,132.9,0.159,2892.2,17879.5,8,0.0033,11.1,None
2024-01-01 05:36:30,5350015,6540370,DNS,146.8,5.071,2882.5,18140.1,10,0.0157,21.09,None
2024-01-01 05:36:35,4740215,8885238,DNS,105.2,7.269,10913.7,3361.1,14,0.0097,6.95,None
2024-01-01 05:36:40,8361296,2730450,TCP,164.4,1.863,984.3,9373.1,10,0.0437,14.0,None
2024-01-01 05:36:45,4511593,5882407,TCP,217.7,1.313,17603.4,9284.0,12,0.0074,8.02,None
2024-01-01 05:36:50,4077119,9900950,HTTP,66.2,2.705,919.3,19379.4,10,0.0074,2.73,None
2024-01-01 05:36:55,7985641,6380126,TCP,172.4,0.796,1549.6,2333.1,6,0.0021,8.61,None
2024-01-01 05:37:00,2455989,1089954,TCP,236.6,1.36,6277.6,14757.2,13,0.0088,4.15,None
2024-01-01 05:37:05,2825582,5094066,DNS,120.6,4.957,8352.5,2171.6,9,0.0094,12.5,None
2024-01-01 05:37:10,7978905,5850909,HTTP,210.7,6.232,732.5,17627.0,9,0.0023,12.72,None
2024-01-01 05:37:15,7863272,8739314,HTTP,606.3,5.236,999.5,23451.7,12,0.0009,10.5,None
2024-01-01 05:37:20,2572467,6807096,HTTP,140.9,0.609,3935.7,4148.1,8,0.0046,4.17,None
2024-01-01 05:37:25,5587974,6452717,DNS,180.7,0.529,31083.1,27422.8,8,0.0019,2.85,None
2024-01-01 05:37:30,4523843,9479050,DNS,102.6,0.707,10365.8,1679.0,12,0.007,2.51,None
2024-01-01 05:37:35,2951863,3717592,DNS,162.5,1.164,2326.0,24332.9,11,0.0075,2.69,None
2024-01-01 05:37:40,7193565,7772593,UDP,186.8,0.754,265.3,34147.9,9,0.0094,7.08,None
2024-01-01 05:37:45,3196673,8586886,TCP,163.6,0.937,3234.5,11450.8,11,0.0092,0.04,None
2024-01-01 05:37:50,8572774,2586512,UDP,89.1,1.939,4282.5,6664.0,13,0.0112,1.49,None
2024-01-01 05:37:55,2011955,3657266,TCP,164.5,2.875,2033.1,11074.7,12,0.0026,11.29,None
2024-01-01 05:38:00,5422967,7589560,UDP,308.3,2.66,1273.2,4430.4,4,0.0131,4.38,None
2024-01-01 05:38:05,1832471,9555127,DNS,185.7,3.369,3495.3,111817.9,14,0.0074,6.32,None
2024-01-01 05:38:10,4288250,1697033,TCP,240.1,0.065,1161.8,4507.4,10,0.0058,8.48,None
2024-01-01 05:38:15,1305103,3686044,TCP,131.8,0.098,19388.8,30254.5,10,0.0104,0.95,None
2024-01-01 05:38:20,9536811,7697631,UDP,215.9,3.115,13585.3,3861.4,13,0.007,5.28,None
2024-01-01 05:38:25,1868842,3407791,UDP,170.7,1.523,5755.5,40006.9,9,0.0075,18.64,None
2024-01-01 05:38:30,2089570,6625563,DNS,92.3,1.726,3260.7,60616.9,6,0.0002,8.18,None
2024-01-01 05:38:35,4134934,5500315,UDP,174.0,0.108,1540.5,11920.2,9,0.0162,4.47,None
2024-01-01 05:38:40,9020585,7747384,TCP,90.4,0.59,2919.6,10793.0,20,0.0055,4.75,None
2024-01-01 05:38:45,4870710,3458653,DNS,108.2,2.034,15356.5,3113.2,13,0.0073,23.63,None
2024-01-01 05:38:50,1067657,4834532,DNS,163.1,3.921,7105.7,2763.7,6,0.0049,3.56,None
2024-01-01 05:38:55,6881412,4926610,TCP,172.2,4.977,3654.4,10915.2,5,0.008,21.73,None
2024-01-01 05:39:00,6634324,6759493,TCP,81.9,1.388,7509.9,34828.5,10,0.0006,1.93,None
2024-01-01 05:39:05,6606375,3890747,HTTP,251.4,1.577,5144.1,4683.5,15,0.0048,20.99,None
2024-01-01 05:39:10,6762483,8012508,HTTP,197.6,3.58,4430.5,73712.6,8,0.011,12.17,None
2024-01-01 05:39:15,2377642,7286587,TCP,104.3,1.543,7947.1,4402.2,13,0.0279,14.61,None
2024-01-01 05:39:20,5520190,5889611,UDP,68.8,1.455,4999.2,10192.3,5,0.0189,5.9,None
2024-01-01 05:39:25,4882833,1748913,TCP,138.0,4.71,7034.3,10219.1,10,0.0329,21.57,None
2024-01-01 05:39:30,3429818,8507985,HTTP,118.8,3.121,3503.0,7320.7,13,0.0152,14.09,None
2024-01-01 05:39:35,1868936,5295365,TCP,157.1,4.795,2312.0,1049.6,10,0.01,16.22,None
2024-01-01 05:39:40,4075458,8776449,HTTP,123.8,0.492,1723.0,4363.1,12,0.0055,13.36,None
2024-01-01 05:39:45,3572875,7963339,UDP,54.4,1.486,1529.5,9893.6,10,0.0013,3.01,None
2024-01-01 05:39:50,8850157,5220100,TCP,122.2,3.696,598.7,7361.5,7,0.0029,20.07,None
2024-01-01 05:39:55,1810463,9575414,DNS,127.4,0.236,1197.6,15309.1,9,0.0032,4.41,None
2024-01-01 05:40:00,4117536,6056250,HTTP,203.7,3.166,1163.5,17271.9,7,0.0056,7.01,None
2024-01-01 05:40:05,1248110,8424449,UDP,104.7,0.404,1794.8,6373.6,12,0.0094,16.07,None
2024-01-01 05:40:10,1972311,7303333,UDP,343.6,3.302,14217.7,3095.1,11,0.0096,2.24,None
2024-01-01 05:40:15,5938082,5641031,TCP,57.1,1.894,2546.4,38113.3,19,0.0061,22.4,None
2024-01-01 05:40:20,5824349,4787312,UDP,285.9,0.429,3796.2,2089.2,10,0.0032,2.98,None
2024-01-01 05:40:25,2660629,7597194,HTTP,132.7,1.282,3917.9,4468.0,9,0.0006,16.01,None
2024-01-01 05:40:30,8819403,7072508,TCP,228.1,2.291,14582.6,3463.5,15,0.045,15.24,None
2024-01-01 05:40:35,2899849,8666799,TCP,154.5,2.009,1676.4,17093.6,7,0.0281,16.75,None
2024-01-01 05:40:40,9728963,4581600,DNS,262.4,1.115,2386.2,30243.1,9,0.002,10.4,None
2024-01-01 05:40:45,5322215,9588054,UDP,122.3,4.593,2680.6,6811.1,11,0.0093,9.17,None
2024-01-01 05:40:50,5089165,4739860,TCP,85.7,1.465,9288.5,10196.3,16,0.0035,23.46,None
2024-01-01 05:40:55,7055325,7473538,HTTP,301.9,1.41,11431.2,12441.2,9,0.0022,19.61,None
2024-01-01 05:41:00,4984366,4744266,HTTP,140.2,0.129,4791.4,49217.5,11,0.0115,11.65,None
2024-01-01 05:41:05,1951020,7377309,TCP,165.8,5.105,10228.3,1375.3,8,0.0154,4.37,None
2024-01-01 05:41:10,2786781,2720280,TCP,275.2,0.39,3560.5,17055.4,7,0.0052,21.37,None
2024-01-01 05:41:15,3780089,5259291,UDP,88.6,1.503,2508.4,11807.9,10,0.0006,15.57,None
2024-01-01 05:41:20,5804828,3449752,DNS,199.9,3.255,9688.8,5592.4,12,0.0051,3.26,None
2024-01-01 05:41:25,6232762,4143996,HTTP,110.5,0.485,4854.3,11228.7,5,0.0076,4.39,None
2024-01-01 05:41:30,9450243,3132432,UDP,138.9,1.499,1428.6,16997.6,13,0.0224,12.98,None
2024-01-01 05:41:35,9942541,4603158,DNS,153.9,0.551,8082.2,14518.3,6,0.0107,12.09,None
2024-01-01 05:41:40,9273837,8392317,HTTP,70.1,2.852,2420.0,70157.7,13,0.0124,9.82,None
2024-01-01 05:41:45,3474884,5367459,HTTP,100.5,1.662,2141.3,9204.8,13,0.0023,10.24,None
2024-01-01 05:41:50,8716961,8802608,DNS,291.6,3.876,7280.9,8324.1,9,0.0127,4.13,None
2024-01-01 05:41:55,4320461,1190141,TCP,231.2,4.499,2727.6,6759.5,8,0.007,6.13,None
2024-01-01 05:42:00,3274182,3600699,TCP,143.8,2.092,4398.2,14086.6,13,0.0172,11.83,None
2024-01-01 05:42:05,5035912,5662474,TCP,167.6,2.585,5778.7,7847.4,13,0.0024,1.53,None
2024-01-01 05:42:10,7117960,8132803,DNS,128.1,1.594,1362.5,8210.8,10,0.0072,8.46,None
2024-01-01 05:42:15,9100949,7394388,TCP,292.4,0.97,4380.2,8248.9,5,0.0024,5.05,None
2024-01-01 05:42:20,9576783,9755493,TCP,134.3,2.089,11492.8,7082.6,8,0.0034,4.19,None
2024-01-01 05:42:25,1909384,4059204,TCP,166.7,4.778,1145.4,4408.7,8,0.0179,3.52,None
2024-01-01 05:42:30,7286903,6336506,UDP,263.2,1.078,4674.6,12309.3,17,0.0116,3.36,None
2024-01-01 05:42:35,9301133,9398971,TCP,100.6,0.755,1300.5,6093.3,10,0.013,3.85,None
2024-01-01 05:42:40,7405802,7712354,DNS,323.6,0.983,8278.3,14968.1,13,0.0007,8.98,None
2024-01-01 05:42:45,3372898,9878605,HTTP,69.0,1.143,8200.1,9052.2,8,0.013,2.43,None
2024-01-01 05:42:50,5728473,2125173,TCP,335.2,0.153,2091.6,5505.1,13,0.0068,21.53,None
2024-01-01 05:42:55,7932676,2777960,TCP,123.2,1.38,27163.5,38747.8,14,0.0061,11.95,None
2024-01-01 05:43:00,5667768,6221718,TCP,131.5,1.364,9014.8,7315.0,16,0.0053,12.11,None
2024-01-01 05:43:05,2269032,1877425,TCP,57.7,1.776,6044.7,15105.6,13,0.0191,5.07,None
2024-01-01 05:43:10,4884563,7756952,DNS,118.2,0.901,5713.6,4023.9,10,0.002,20.81,None
2024-01-01 05:43:15,3095270,4112990,DNS,88.2,1.899,7973.9,1069.0,10,0.0168,19.88,None
2024-01-01 05:43:20,6751730,1663710,HTTP,109.5,4.211,1101.4,4596.3,17,0.0264,0.82,None
2024-01-01 05:43:25,7621607,3663201,HTTP,138.6,6.223,3621.4,955.8,5,0.0018,17.58,None
2024-01-01 05:43:30,1535042,7458414,TCP,239.6,1.752,4372.9,6394.1,5,0.0781,4.42,None
2024-01-01 05:43:35,4949704,7652672,HTTP,164.6,0.087,1997.9,35194.6,10,0.0466,13.33,None
2024-01-01 05:43:40,6363864,1531485,UDP,173.1,6.963,4744.8,3277.1,8,0.0097,20.89,None
2024-01-01 05:43:45,3497928,3454230,HTTP,85.8,2.447,10215.8,986.3,7,0.0031,22.42,None
2024-01-01 05:43:50,7427037,8624301,UDP,95.5,0.819,1955.2,36324.8,10,0.0056,4.43,None
2024-01-01 05:43:55,4059215,2720165,DNS,364.8,0.318,2823.1,5037.4,8,0.0019,22.55,None
2024-01-01 05:44:00,9430179,8391489,HTTP,102.8,0.31,1312.1,7976.6,12,0.0013,1.67,None
2024-01-01 05:44:05,9330129,1298656,HTTP,339.7,0.367,499.2,17823.6,12,0.0122,21.82,None
2024-01-01 05:44:10,7129457,2395822,TCP,131.4,0.093,6495.9,13672.9,11,0.0087,18.54,None
2024-01-01 05:44:15,2955497,6353691,TCP,148.6,4.649,2905.2,17163.0,14,0.0083,21.93,None
2024-01-01 05:44:20,5425502,7345282,TCP,253.5,1.556,3126.2,19938.9,16,0.0028,8.79,None
2024-01-01 05:44:25,6338776,2848743,DNS,280.3,2.408,1111.2,1413.6,8,0.0027,22.58,None
2024-01-01 05:44:30,4462649,4216080,HTTP,140.4,3.522,2476.2,1969.7,14,0.0458,19.64,None
2024-01-01 05:44:35,6093267,6632296,HTTP,122.2,3.136,8924.8,26138.6,11,0.0099,7.88,None
2024-01-01 05:44:40,7589786,6792659,HTTP,144.3,4.284,2983.4,3708.0,11,0.0171,8.13,None
2024-01-01 05:44:45,9410475,9495949,TCP,175.7,6.838,3069.2,4135.5,12,0.0048,8.57,None
2024-01-01 05:44:50,8707440,8172749,UDP,231.7,1.156,3668.5,2291.9,11,0.0186,14.13,None
2024-01-01 05:44:55,1490582,1070186,TCP,148.7,6.005,865.8,5404.9,8,0.0128,4.37,None
2024-01-01 05:45:00,2146243,5501186,HTTP,202.2,2.57,5568.7,5714.1,13,0.0043,10.4,None
2024-01-01 05:45:05,2430335,7497657,DNS,336.7,0.147,849.6,3173.3,15,0.0126,1.62,None
2024-01-01 05:45:10,8474894,1113545,HTTP,179.6,2.29,1164.9,2826.8,10,0.026,8.6,None
2024-01-01 05:45:15,7403299,8396610,UDP,173.4,2.321,1044.0,11144.1,15,0.0024,16.0,None
2024-01-01 05:45:20,6672364,4583479,TCP,69.4,4.726,2501.8,3613.1,21,0.0079,14.15,None
2024-01-01 05:45:25,7512971,9043149,HTTP,39.8,0.933,2095.5,4419.1,7,0.034,7.6,None
2024-01-01 05:45:30,7231794,2725559,DNS,180.2,1.759,2977.3,910.3,12,0.0172,6.17,None
2024-01-01 05:45:35,3488369,4684896,HTTP,141.5,0.025,1205.6,56286.0,8,0.0097,7.85,None
2024-01-01 05:45:40,6125559,6599887,DNS,114.7,0.807,8147.7,20781.6,8,0.0007,1.67,None
2024-01-01 05:45:45,2716554,3339270,HTTP,167.6,0.129,6863.9,4940.4,12,0.0052,6.18,None
2024-01-01 05:45:50,7154795,1834643,DNS,144.0,1.476,2505.4,3297.5,5,0.0105,16.99,None
2024-01-01 05:45:55,2623063,7662587,HTTP,260.8,3.401,1847.6,8191.8,13,0.0053,4.29,None
2024-01-01 05:46:00,6856440,8160729,TCP,154.9,0.462,1670.1,7970.2,8,0.0584,3.32,None
2024-01-01 05:46:05,2947114,1860911,HTTP,102.2,1.499,2186.1,2262.1,9,0.014,20.31,None
2024-01-01 05:46:10,4377375,2942458,UDP,243.5,0.456,734.9,632.4,10,0.0021,5.68,None
2024-01-01 05:46:15,7932037,2101513,UDP,133.1,0.257,1141.8,4788.3,14,0.0067,6.03,None
2024-01-01 05:46:20,6731483,2041361,DNS,193.1,1.431,7045.3,1697.0,7,0.0048,11.11,None
2024-01-01 05:46:25,9341346,7177051,UDP,116.9,0.165,4031.2,9617.9,16,0.009,11.33,None
2024-01-01 05:46:30,5677067,3779698,UDP,107.2,1.77,15279.6,9682.6,12,0.0059,4.47,None
2024-01-01 05:46:35,2860071,4958843,TCP,154.8,0.064,2210.1,3061.9,6,0.0027,13.35,None
2024-01-01 05:46:40,2779045,8399620,TCP,149.4,0.226,2076.6,4747.7,15,0.0129,16.7,None
2024-01-01 05:46:45,8892191,6541321,TCP,188.7,1.597,1982.5,47242.1,10,0.0011,11.63,None
2024-01-01 05:46:50,2155606,6035457,TCP,129.8,1.79,2166.4,17590.8,9,0.0076,21.49,None
2024-01-01 05:46:55,1423687,7002465,HTTP,59.3,0.059,1540.8,5155.1,8,0.0037,23.8,None
2024-01-01 05:47:00,5260474,8932972,TCP,119.5,1.704,3908.8,80174.4,6,0.034,12.69,None
2024-01-01 05:47:05,1576717,6409577,TCP,220.7,3.647,3069.0,2448.1,10,0.0036,23.34,None
2024-01-01 05:47:10,9555751,7656305,DNS,127.9,2.563,1790.2,3595.0,15,0.0042,15.52,None
2024-01-01 05:47:15,9750709,7135993,TCP,131.2,0.281,10416.5,7255.3,11,0.0123,12.69,None
2024-01-01 05:47:20,1590443,1166275,HTTP,243.0,1.795,19862.4,1752.8,9,0.0014,20.88,None
2024-01-01 05:47:25,8185368,3126021,HTTP,104.0,2.231,9571.8,48548.0,12,0.0039,23.2,None
2024-01-01 05:47:30,6104603,4269576,UDP,68.6,0.076,5208.9,9731.8,11,0.0119,23.98,None
2024-01-01 05:47:35,5466251,3466463,DNS,137.0,3.867,6385.4,3677.7,11,0.0003,18.22,None
2024-01-01 05:47:40,6348117,7529792,DNS,116.5,4.735,19080.4,12680.1,7,0.0037,11.65,None
2024-01-01 05:47:45,1802635,1332023,UDP,91.5,3.8,6376.1,9377.4,10,0.0001,7.1,None
2024-01-01 05:47:50,1766385,6722213,TCP,136.0,3.482,1660.4,5975.1,10,0.0016,13.39,None
2024-01-01 05:47:55,8325851,1764089,TCP,189.8,2.733,4412.8,2419.9,4,0.0093,18.66,None
2024-01-01 05:48:00,1319390,7502627,DNS,147.7,2.007,5576.1,1927.1,12,0.0061,0.64,None
2024-01-01 05:48:05,1154763,2676036,HTTP,173.0,2.27,1102.4,72171.5,15,0.0017,6.42,None
2024-01-01 05:48:10,4642049,9938402,UDP,367.5,3.284,2241.9,2094.9,11,0.0008,8.51,None
2024-01-01 05:48:15,5017632,8767030,HTTP,125.0,2.172,8958.8,44265.7,12,0.0006,18.72,None
2024-01-01 05:48:20,9790699,8112631,UDP,170.6,0.794,481.3,3481.6,8,0.0009,14.73,None
2024-01-01 05:48:25,7106925,5646803,HTTP,115.1,0.943,853.7,17854.9,9,0.001,10.22,None
2024-01-01 05:48:30,8734838,8146141,TCP,97.2,4.547,2498.9,12905.8,14,0.0009,22.06,None
2024-01-01 05:48:35,5397510,8765871,DNS,110.8,0.035,4245.8,15763.0,11,0.0006,12.92,None
2024-01-01 05:48:40,8324844,9967093,UDP,116.8,2.4,766.9,16848.5,11,0.0119,17.37,None
2024-01-01 05:48:45,9569977,5950009,TCP,177.6,6.192,2626.0,1617.2,11,0.0283,15.73,None
2024-01-01 05:48:50,6534706,1643034,HTTP,480.4,2.45,9450.0,4120.2,7,0.0194,20.6,None
2024-01-01 05:48:55,5954128,6477774,UDP,103.7,10.203,3192.8,2063.1,8,0.0031,19.5,None
2024-01-01 05:49:00,6713880,3536001,TCP,120.5,2.327,7624.2,9791.8,7,0.0023,23.74,None
2024-01-01 05:49:05,4887019,4734778,TCP,143.8,0.07,1648.9,2157.4,12,0.0005,9.1,None
2024-01-01 05:49:10,2497148,3052007,TCP,180.9,3.509,1326.2,1117.6,12,0.0017,3.96,None
2024-01-01 05:49:15,6369815,6139204,TCP,169.3,0.67,6966.5,6390.2,9,0.0084,18.24,None
2024-01-01 05:49:20,6787042,8103022,DNS,282.0,1.181,4312.5,889.7,14,0.0628,20.99,None
2024-01-01 05:49:25,3321395,6617602,UDP,44.1,0.748,910.9,10495.9,12,0.0196,1.3,None
2024-01-01 05:49:30,2099954,5516475,TCP,45.0,0.625,1338.3,2303.9,12,0.0072,7.99,None
2024-01-01 05:49:35,3490566,5052290,UDP,115.8,1.129,14251.0,3496.2,5,0.0055,19.37,None
2024-01-01 05:49:40,1370433,2544544,UDP,256.9,0.952,1182.6,828.5,8,0.0016,16.4,None
2024-01-01 05:49:45,9795120,5160274,UDP,67.8,2.007,7588.0,42196.9,10,0.0054,18.13,None
2024-01-01 05:49:50,2806933,9522747,DNS,33.0,3.355,1847.9,1876.4,12,0.009,13.04,None
2024-01-01 05:49:55,6994156,7647775,HTTP,197.5,0.705,2971.5,5630.8,11,0.0091,9.16,None
2024-01-01 05:50:00,4078474,2529002,HTTP,167.6,0.481,4002.2,1350.5,16,0.0082,19.47,None
2024-01-01 05:50:05,1485772,2494094,DNS,86.0,2.199,364.7,3513.4,5,0.0174,13.31,None
2024-01-01 05:50:10,9520849,7671581,DNS,90.7,2.219,690.4,46715.1,8,0.0071,12.36,None
2024-01-01 05:50:15,5176516,7634439,DNS,91.4,4.628,3249.7,10910.5,9,0.0064,17.64,None
2024-01-01 05:50:20,3894489,8961475,DNS,156.8,0.032,1444.8,3929.9,8,0.0036,4.58,None
2024-01-01 05:50:25,7433020,7145858,HTTP,108.5,3.835,8075.4,7830.9,8,0.002,14.06,None
2024-01-01 05:50:30,4912851,6750805,TCP,190.0,1.472,598.2,4626.0,6,0.0,7.31,None
2024-01-01 05:50:35,4863306,2992663,TCP,35.6,1.942,5246.2,7387.8,6,0.0039,0.51,None
2024-01-01 05:50:40,6203379,6631222,DNS,96.7,0.192,752.8,17049.4,18,0.01,17.97,None
2024-01-01 05:50:45,2224464,4257449,TCP,84.5,1.133,2096.2,5819.1,6,0.0082,11.39,None
2024-01-01 05:50:50,4853027,4657982,TCP,130.6,0.516,1028.3,10097.0,13,0.0076,21.68,None
2024-01-01 05:50:55,8860019,4430411,UDP,113.4,0.587,19978.9,10265.0,9,0.0148,12.0,None
2024-01-01 05:51:00,5180162,3431484,DNS,221.2,1.403,780.9,5848.0,7,0.0027,0.24,None
2024-01-01 05:51:05,5902708,5888035,UDP,58.6,3.347,2638.4,3881.9,4,0.0113,9.81,None
2024-01-01 05:51:10,8614766,7876255,TCP,151.8,2.723,530.2,4792.5,7,0.0093,4.11,None
2024-01-01 05:51:15,4575435,1471816,HTTP,196.2,1.788,14758.4,16304.3,13,0.0041,22.11,None
2024-01-01 05:51:20,7124313,5080029,HTTP,375.5,1.551,4452.8,17719.4,9,0.0025,10.7,None
2024-01-01 05:51:25,8540779,9126013,DNS,116.6,1.115,3418.6,2597.2,8,0.0083,12.26,None
2024-01-01 05:51:30,4683725,6878750,DNS,174.6,7.202,13020.9,6241.7,15,0.029,8.77,None
2024-01-01 05:51:35,5503674,9551749,UDP,60.2,1.643,3454.5,3816.5,9,0.0008,12.53,None
2024-01-01 05:51:40,6829858,5581462,TCP,44.9,0.586,3712.9,18032.9,11,0.0306,1.99,None
2024-01-01 05:51:45,4252350,4829816,DNS,226.4,0.523,3400.7,5058.4,6,0.0063,11.01,None
2024-01-01 05:51:50,1834952,7508794,UDP,148.0,1.89,5237.7,73198.0,10,0.0124,15.92,None
2024-01-01 05:51:55,1938552,1088975,UDP,267.5,1.48,1821.8,10075.9,8,0.0163,8.93,None
2024-01-01 05:52:00,2598214,3789091,TCP,74.7,0.015,2406.0,26423.2,8,0.0016,9.42,None
2024-01-01 05:52:05,6543254,6109125,UDP,192.5,3.545,6703.2,2937.7,9,0.0005,20.1,None
2024-01-01 05:52:10,2673819,2447367,TCP,377.8,2.436,3933.8,8198.6,9,0.0014,12.88,None
2024-01-01 05:52:15,6741366,1049300,TCP,183.1,2.168,2659.1,15005.5,7,0.0042,14.1,None
2024-01-01 05:52:20,5580577,8964243,TCP,170.4,0.143,734.7,2883.3,10,0.0314,7.12,None
2024-01-01 05:52:25,9669513,2797896,TCP,149.0,0.899,13333.7,8269.6,6,0.0004,11.59,None
2024-01-01 05:52:30,3087035,2856158,DNS,67.7,5.479,1538.5,23198.9,12,0.0252,1.3,None
2024-01-01 05:52:35,2454738,4763139,HTTP,292.3,3.97,8000.3,5840.4,10,0.0082,10.33,None
2024-01-01 05:52:40,3721587,2793388,TCP,109.4,0.672,3553.7,3457.3,10,0.0011,19.26,None
2024-01-01 05:52:45,4266222,1022918,TCP,191.0,0.342,817.7,49166.1,10,0.0017,3.87,None
2024-01-01 05:52:50,6858682,1651750,HTTP,67.9,1.192,10428.3,2510.5,8,0.0117,18.35,None
2024-01-01 05:52:55,2201433,7611577,TCP,82.3,0.88,3845.0,9470.1,14,0.0094,8.98,None
2024-01-01 05:53:00,1620974,8099086,UDP,304.2,2.293,11331.5,3990.7,7,0.0018,0.65,None
2024-01-01 05:53:05,1962019,9985424,DNS,124.8,6.789,2483.9,3175.3,9,0.0235,22.88,None
2024-01-01 05:53:10,3808326,2293811,TCP,306.9,0.902,6027.3,17011.7,5,0.0014,4.35,None
2024-01-01 05:53:15,2174008,7949887,UDP,142.7,0.128,511.6,6597.6,12,0.0072,8.03,None
2024-01-01 05:53:20,4391199,7911451,HTTP,59.1,4.558,1807.7,12159.7,21,0.0075,11.54,None
2024-01-01 05:53:25,6254650,2187110,HTTP,231.8,0.077,834.6,849.7,8,0.0204,22.79,None
2024-01-01 05:53:30,7479686,7086816,HTTP,110.5,6.105,2049.2,13401.5,6,0.0002,13.95,None
2024-01-01 05:53:35,2400911,5279454,HTTP,210.5,2.185,4778.2,3941.8,14,0.0015,21.73,None
2024-01-01 05:53:40,3532612,4860723,UDP,150.3,5.684,1628.5,1237.9,20,0.0019,13.55,None
2024-01-01 05:53:45,7918133,6104770,TCP,68.6,0.445,7071.6,53355.9,6,0.0006,4.93,None
2024-01-01 05:53:50,6341573,7416869,TCP,161.1,0.083,1265.7,14779.8,7,0.01,13.54,None
2024-01-01 05:53:55,3312479,6740032,TCP,445.0,1.34,7224.5,10170.8,10,0.0026,2.41,None
2024-01-01 05:54:00,5317432,3387596,UDP,189.9,1.198,11045.3,28266.1,11,0.0086,2.81,None
2024-01-01 05:54:05,7490737,4038280,DNS,144.2,0.805,8213.4,10379.3,8,0.0153,2.78,None
2024-01-01 05:54:10,6975550,5494468,HTTP,254.1,6.324,2112.9,3646.0,8,0.0053,0.29,None
2024-01-01 05:54:15,9700987,2125382,HTTP,164.9,3.459,355.9,6802.4,7,0.0146,3.63,None
2024-01-01 05:54:20,7532998,4159280,TCP,164.8,2.167,5335.7,4111.9,8,0.015,8.47,None
2024-01-01 05:54:25,1022128,6002689,TCP,86.0,0.356,2630.1,4913.0,14,0.0031,1.73,None
2024-01-01 05:54:30,6498373,8694906,HTTP,166.8,2.651,1120.6,2303.8,7,0.0002,0.15,None
2024-01-01 05:54:35,5973429,1558705,UDP,249.1,2.597,1709.1,3071.7,8,0.0011,2.69,None
2024-01-01 05:54:40,8040357,7884096,TCP,97.7,1.107,12511.8,19822.7,10,0.0173,22.47,None
2024-01-01 05:54:45,4443301,4413405,TCP,302.6,5.175,955.9,11294.5,9,0.0052,12.62,None
2024-01-01 05:54:50,7022564,9261880,HTTP,141.8,0.365,4761.5,4900.0,6,0.0183,10.44,None
2024-01-01 05:54:55,2156483,1870552,DNS,95.2,0.622,3706.9,2898.6,9,0.0079,11.69,None
2024-01-01 05:55:00,6174284,4400912,DNS,244.4,0.131,2085.2,5402.4,12,0.0022,13.32,None
2024-01-01 05:55:05,1935667,5247972,DNS,128.6,3.174,5679.0,1504.4,12,0.0125,2.59,None
2024-01-01 05:55:10,5993737,5924804,UDP,217.0,1.944,15248.6,9197.0,15,0.0082,14.03,None
2024-01-01 05:55:15,7533287,4443707,TCP,128.3,0.756,2217.3,20857.6,9,0.0043,20.02,None
2024-01-01 05:55:20,4238447,6382822,TCP,144.0,0.358,2337.5,86419.8,9,0.0009,13.46,None
2024-01-01 05:55:25,5552062,6994810,TCP,190.0,0.082,5552.8,2688.5,7,0.0011,21.19,None
2024-01-01 05:55:30,5458721,1094759,UDP,171.6,0.365,7467.0,20006.3,9,0.0021,3.32,None
2024-01-01 05:55:35,6892268,1213648,HTTP,54.7,1.208,2623.6,3995.0,9,0.0112,19.82,None
2024-01-01 05:55:40,4026483,2346640,HTTP,84.7,0.568,2196.5,2621.6,10,0.013,15.9,None
2024-01-01 05:55:45,7964265,7580670,DNS,236.2,0.599,324.5,2620.5,9,0.01,14.49,None
2024-01-01 05:55:50,8791971,6747354,DNS,138.9,4.168,1369.2,9327.6,8,0.0041,14.13,None
2024-01-01 05:55:55,3196535,3623398,TCP,114.2,1.448,954.0,3194.6,9,0.0058,2.85,None
2024-01-01 05:56:00,6801089,4600173,UDP,75.2,2.613,5911.3,4416.7,6,0.0124,15.41,None
2024-01-01 05:56:05,6915901,4815928,TCP,86.5,0.073,2335.8,5216.6,6,0.0108,9.57,None
2024-01-01 05:56:10,1643701,8565633,HTTP,54.0,0.909,2246.2,3866.2,13,0.0148,1.52,None
2024-01-01 05:56:15,4586295,2652924,DNS,141.1,1.305,2954.1,3595.4,6,0.0028,4.93,None
2024-01-01 05:56:20,5610117,7450314,UDP,110.0,0.413,1248.7,714.0,23,0.0,10.62,None
2024-01-01 05:56:25,8374976,7869372,HTTP,91.5,0.256,14090.4,8839.2,10,0.0031,23.83,None
2024-01-01 05:56:30,2965478,6478640,DNS,143.4,4.085,10918.3,8670.4,4,0.0043,10.34,None
2024-01-01 05:56:35,7042577,2491166,UDP,178.0,5.608,15034.6,3650.6,4,0.0323,3.59,None
2024-01-01 05:56:40,6136229,6942528,UDP,422.7,0.164,5904.2,11618.9,12,0.0025,21.64,None
2024-01-01 05:56:45,6874450,1048591,UDP,69.7,0.859,2894.4,32758.2,8,0.0175,0.85,None
2024-01-01 05:56:50,5402871,5107552,DNS,265.0,6.354,14983.9,8296.4,8,0.0097,3.04,None
2024-01-01 05:56:55,9893023,4797851,UDP,241.4,0.174,1508.7,30646.0,15,0.0018,11.37,None
2024-01-01 05:57:00,2181568,5966305,UDP,100.5,2.064,1247.4,75972.9,7,0.0052,2.23,None
2024-01-01 05:57:05,8747133,9778390,HTTP,164.3,7.167,1633.5,101775.5,15,0.0071,13.72,None
2024-01-01 05:57:10,6039994,3560650,HTTP,118.1,7.654,5028.5,2469.5,13,0.0042,3.79,None
2024-01-01 05:57:15,6632077,9146472,UDP,162.9,1.274,1391.2,2482.3,13,0.0026,15.62,None
2024-01-01 05:57:20,6395451,6938929,TCP,315.6,0.355,2552.0,5195.6,9,0.0029,2.82,None
2024-01-01 05:57:25,7560656,2901622,HTTP,200.9,0.452,600.7,9216.2,10,0.0088,19.44,None
2024-01-01 05:57:30,7188586,9369723,UDP,191.4,4.407,4822.7,39602.7,13,0.0117,17.61,None
2024-01-01 05:57:35,2879560,4798034,UDP,119.7,4.854,653.9,15172.5,6,0.0063,22.21,None
2024-01-01 05:57:40,8883274,8398939,TCP,70.7,1.872,1173.6,2432.6,3,0.0284,1.64,None
2024-01-01 05:57:45,7530184,3907466,DNS,133.7,2.906,10068.5,4395.5,15,0.013,13.33,None
2024-01-01 05:57:50,2946382,1823012,DNS,271.3,2.694,9704.2,7769.8,15,0.0222,17.01,None
2024-01-01 05:57:55,4941732,4147636,HTTP,69.2,2.168,4334.3,1827.7,11,0.0065,21.66,None
2024-01-01 05:58:00,4823009,1611628,DNS,87.6,3.512,3927.1,8214.6,6,0.0001,11.57,None
2024-01-01 05:58:05,8989068,5505373,UDP,158.1,2.313,1752.9,2469.0,21,0.009,22.83,None
2024-01-01 05:58:10,6963099,5809361,HTTP,90.7,1.527,1376.2,1555.1,5,0.0171,2.94,None
2024-01-01 05:58:15,4683789,2979063,TCP,99.9,0.541,2075.1,3143.3,11,0.0077,10.4,None
2024-01-01 05:58:20,6459729,4086399,UDP,120.1,2.724,656.1,12222.3,6,0.0084,6.08,None
2024-01-01 05:58:25,5321293,2348114,HTTP,75.0,1.283,3837.0,12138.2,12,0.0369,3.73,None
2024-01-01 05:58:30,4070200,7238222,HTTP,91.2,0.699,3130.1,8925.4,16,0.0046,6.88,None
2024-01-01 05:58:35,3379142,1036605,DNS,211.0,3.238,1172.1,21842.5,10,0.0162,15.95,None
2024-01-01 05:58:40,7158387,9133867,UDP,77.2,2.386,14309.5,19645.1,8,0.007,11.6,None
2024-01-01 05:58:45,3937982,7231325,DNS,66.8,5.54,5469.3,9940.6,7,0.0062,4.36,None
2024-01-01 05:58:50,3075919,6396386,UDP,108.3,0.362,5954.1,8659.2,11,0.0016,0.76,None
2024-01-01 05:58:55,6678249,8882286,HTTP,214.0,2.095,1831.1,9223.8,9,0.0138,22.16,None
2024-01-01 05:59:00,8520746,2131852,UDP,134.5,0.56,2977.0,6990.8,7,0.0173,7.54,None
2024-01-01 05:59:05,3809631,2283062,DNS,117.6,4.678,5582.4,921.2,12,0.0056,3.06,None
2024-01-01 05:59:10,1338177,2742655,UDP,151.7,0.21,3473.0,25222.3,15,0.0144,3.51,None
2024-01-01 05:59:15,5289858,1166680,TCP,62.0,2.135,14792.9,12058.5,14,0.0087,6.08,None
2024-01-01 05:59:20,2792641,4128890,TCP,190.1,3.132,2431.4,2401.1,10,0.003,5.54,None
2024-01-01 05:59:25,1703621,4813827,UDP,179.8,0.877,1799.8,33786.5,9,0.0257,6.71,None
2024-01-01 05:59:30,3431722,5863675,HTTP,120.9,6.164,5620.9,4491.9,8,0.0119,5.41,None
2024-01-01 05:59:35,9038538,2197083,TCP,245.4,3.804,841.6,7275.2,8,0.0211,10.34,None
2024-01-01 05:59:40,8955793,5699284,TCP,84.5,0.698,7512.3,22551.9,13,0.0033,18.37,None
2024-01-01 05:59:45,6415111,3566681,HTTP,260.9,0.015,811.8,10098.5,9,0.0248,0.65,None
2024-01-01 05:59:50,2586921,3121010,UDP,160.3,0.704,5645.3,30803.3,11,0.0045,4.57,None
2024-01-01 05:59:55,1568578,3106427,HTTP,125.4,0.661,1558.9,5698.2,7,0.0001,17.09,None
2024-01-01 06:00:00,3996647,6171368,HTTP,146.9,4.414,4801.0,43966.1,13,0.0008,3.57,None
2024-01-01 06:00:05,3027617,3615281,DNS,140.7,6.83,7386.0,3722.7,10,0.0009,17.79,None
2024-01-01 06:00:10,5266265,1848157,TCP,273.2,0.146,3475.2,30261.2,10,0.0023,12.36,None
2024-01-01 06:00:15,7073471,1149695,HTTP,86.6,1.275,898.2,841.3,8,0.0021,21.16,None
2024-01-01 06:00:20,3228619,4511353,UDP,101.4,1.59,1215.9,2696.8,11,0.0006,0.24,None
2024-01-01 06:00:25,7775219,6325476,UDP,249.2,0.195,1438.5,10915.8,9,0.0226,18.82,None
2024-01-01 06:00:30,2445732,7106806,TCP,110.2,0.948,448.1,5429.2,8,0.0176,13.73,None
2024-01-01 06:00:35,2316881,6883234,UDP,232.8,0.763,9204.8,7519.5,7,0.0144,11.25,None
2024-01-01 06:00:40,7132869,1332992,UDP,347.1,1.536,3327.9,8447.7,9,0.0065,3.5,None
2024-01-01 06:00:45,2916102,8462480,TCP,121.4,2.165,957.6,2462.9,7,0.0055,5.62,None
2024-01-01 06:00:50,9015708,7819540,DNS,208.7,2.431,12780.5,2654.7,12,0.0055,18.86,None
2024-01-01 06:00:55,1289028,7096217,DNS,83.4,0.294,1478.3,10220.2,11,0.003,3.58,None
2024-01-01 06:01:00,8703016,2862523,HTTP,216.5,3.353,3829.8,4161.7,8,0.0094,12.66,None
2024-01-01 06:01:05,3429038,8906267,DNS,164.0,2.27,1306.0,30978.0,6,0.0006,4.98,None
2024-01-01 06:01:10,4274067,9523035,DNS,188.0,4.398,396.1,6687.9,7,0.0108,11.74,None
2024-01-01 06:01:15,9176452,4190525,DNS,107.5,1.193,761.7,16626.5,5,0.0072,6.11,None
2024-01-01 06:01:20,8091316,8571213,TCP,64.7,4.487,1903.6,12617.6,12,0.017,8.43,None
2024-01-01 06:01:25,6745401,8038496,TCP,190.9,4.016,7319.5,4441.9,10,0.036,19.26,None
2024-01-01 06:01:30,1099008,6462106,HTTP,52.9,1.154,4215.5,1118.4,8,0.0209,0.89,None
2024-01-01 06:01:35,2043874,1568799,DNS,126.6,0.96,3429.6,26501.1,13,0.0127,22.18,None
2024-01-01 06:01:40,4471491,5384011,HTTP,237.6,5.401,399.4,3044.5,7,0.0057,7.67,None
2024-01-01 06:01:45,5602564,5106791,HTTP,163.4,2.512,10615.7,5411.3,7,0.0024,14.31,None
2024-01-01 06:01:50,4828679,5880772,HTTP,393.1,5.269,3728.2,6968.5,7,0.0109,5.32,None
2024-01-01 06:01:55,8745070,7121949,DNS,247.8,3.189,2645.4,7700.1,8,0.0023,8.61,None
2024-01-01 06:02:00,6290634,3514982,DNS,107.0,1.88,9250.4,21204.3,9,0.0002,11.03,None
2024-01-01 06:02:05,6954250,9442453,DNS,150.5,0.246,10378.6,8150.4,15,0.0085,16.53,None
2024-01-01 06:02:10,5475421,2535880,TCP,144.9,0.689,9457.8,7134.1,8,0.005,20.95,None
2024-01-01 06:02:15,2005021,5887197,TCP,67.3,6.937,2328.3,22436.8,7,0.0209,20.79,None
2024-01-01 06:02:20,2678483,3518238,TCP,92.7,0.77,1092.8,14774.4,9,0.0104,8.09,None
2024-01-01 06:02:25,3164606,2579397,HTTP,112.1,0.196,8013.8,3883.3,10,0.0104,2.13,None
2024-01-01 06:02:30,5325891,3471779,HTTP,53.6,2.459,761.2,2573.0,6,0.0155,22.2,None
2024-01-01 06:02:35,1759400,5105986,HTTP,152.0,2.649,20894.8,3555.7,8,0.0041,0.74,None
2024-01-01 06:02:40,5801229,5423301,UDP,131.0,0.672,3065.6,7713.9,8,0.0317,21.15,None
2024-01-01 06:02:45,6620825,1644895,TCP,64.3,0.707,1031.9,2330.8,5,0.0025,0.62,None
2024-01-01 06:02:50,7364148,1653982,DNS,181.7,1.266,869.7,8872.9,7,0.0205,23.44,None
2024-01-01 06:02:55,5818543,2275442,UDP,212.3,0.044,830.8,7121.0,9,0.0242,0.27,None
2024-01-01 06:03:00,9601110,1888286,HTTP,166.3,3.115,3430.2,637.5,4,0.0004,0.41,None
2024-01-01 06:03:05,9580911,5703198,UDP,126.2,0.763,2962.0,1985.9,12,0.01,12.21,None
2024-01-01 06:03:10,3336867,2774640,TCP,199.5,3.845,866.2,452.3,12,0.0138,16.0,None
2024-01-01 06:03:15,5605911,7990303,HTTP,208.5,3.245,2087.1,5745.1,12,0.0308,8.47,None
2024-01-01 06:03:20,7130571,9806583,UDP,173.1,2.166,759.0,23718.6,12,0.0029,14.54,None
2024-01-01 06:03:25,3141166,4083628,UDP,98.3,0.786,5373.9,1223.3,7,0.0083,20.3,None
2024-01-01 06:03:30,9654084,3262101,TCP,170.4,1.453,2822.6,2159.7,9,0.0148,19.09,None
2024-01-01 06:03:35,9433217,9086736,TCP,269.8,1.177,2041.8,6879.2,15,0.0016,21.22,None
2024-01-01 06:03:40,4667040,9194175,DNS,110.1,0.828,822.1,2796.8,13,0.0192,3.82,None
2024-01-01 06:03:45,6399685,5484836,TCP,423.7,3.77,2208.0,2783.1,8,0.0052,5.39,None
2024-01-01 06:03:50,6102819,9558140,DNS,114.1,1.321,1969.0,13927.1,11,0.0102,14.11,None
2024-01-01 06:03:55,2391613,6363498,HTTP,150.8,3.576,4095.8,4939.9,13,0.0004,17.37,None
2024-01-01 06:04:00,4446147,6831954,DNS,106.0,0.222,3522.8,1832.2,8,0.0025,2.58,None
2024-01-01 06:04:05,9503577,2486509,UDP,165.9,0.304,6581.8,1004.5,11,0.0065,4.22,None
2024-01-01 06:04:10,8943092,4281889,HTTP,62.1,7.573,1836.1,73747.9,5,0.0034,22.15,None
2024-01-01 06:04:15,1311324,5816922,HTTP,113.0,1.772,463.9,25042.0,12,0.0317,0.62,None
2024-01-01 06:04:20,8073803,1323521,DNS,86.0,1.426,8031.2,5158.3,9,0.0158,9.64,None
2024-01-01 06:04:25,4082714,4122975,HTTP,158.8,1.481,1169.1,8847.2,14,0.02,5.06,None
2024-01-01 06:04:30,8526654,3370332,UDP,244.0,0.485,985.4,4971.5,14,0.0063,18.58,None
2024-01-01 06:04:35,6942195,1728388,HTTP,205.0,2.537,2855.2,13500.2,13,0.0064,20.73,None
2024-01-01 06:04:40,8723326,8344615,UDP,45.3,0.177,4033.0,3448.8,14,0.0164,5.93,None
2024-01-01 06:04:45,2363223,1198912,TCP,412.0,1.703,1753.1,4707.1,11,0.0049,14.16,None
2024-01-01 06:04:50,3326652,6598081,HTTP,172.0,1.692,1739.4,12777.0,8,0.0066,20.24,None
2024-01-01 06:04:55,4194822,1617393,TCP,100.7,4.911,2016.2,34677.9,8,0.0075,14.36,None
2024-01-01 06:05:00,1352267,8510495,TCP,160.5,1.494,12290.0,17007.6,7,0.0093,14.42,None
2024-01-01 06:05:05,2537269,2437737,DNS,162.1,0.295,2973.0,27831.2,9,0.0105,9.91,None
2024-01-01 06:05:10,5863456,5622823,TCP,106.3,1.701,1132.3,5928.8,6,0.0114,15.67,None
2024-01-01 06:05:15,3001865,5242687,TCP,163.9,0.192,1143.9,4345.9,10,0.0059,23.05,None
2024-01-01 06:05:20,8443559,7768744,DNS,109.5,0.456,2319.5,1166.3,6,0.0035,7.19,None
2024-01-01 06:05:25,4668312,3286578,UDP,121.2,0.063,3781.4,8709.7,7,0.0253,4.81,None
2024-01-01 06:05:30,9208635,8984311,HTTP,105.3,1.44,4836.7,11837.7,9,0.0175,23.0,None
2024-01-01 06:05:35,4973461,9650622,TCP,72.5,0.177,3375.0,6002.9,10,0.0,1.44,None
2024-01-01 06:05:40,4606145,8562898,TCP,159.6,1.267,1284.5,3726.8,10,0.0072,20.16,None
2024-01-01 06:05:45,2306219,1984760,TCP,198.9,5.404,1950.9,28096.6,8,0.0032,21.84,None
2024-01-01 06:05:50,9352027,9752940,TCP,192.0,2.544,6209.9,15241.9,13,0.0103,5.27,None
2024-01-01 06:05:55,9854243,7200969,HTTP,223.6,0.161,947.6,30116.4,15,0.007,10.22,None
2024-01-01 06:06:00,4914944,3774707,TCP,174.5,0.508,1871.0,3122.6,10,0.0002,2.95,None
2024-01-01 06:06:05,5542790,5858142,HTTP,113.7,2.24,5417.9,3990.9,13,0.013,8.81,None
2024-01-01 06:06:10,3980164,5314353,UDP,225.8,4.502,7153.0,26988.8,4,0.0032,10.98,None
2024-01-01 06:06:15,9962905,7619333,DNS,75.3,0.067,2458.0,7728.4,8,0.003,12.23,None
2024-01-01 06:06:20,1932620,6298736,DNS,94.6,3.347,1975.9,4586.6,6,0.0003,2.94,None
2024-01-01 06:06:25,7762024,4387143,TCP,91.6,1.65,794.6,4917.2,16,0.0176,9.69,None
2024-01-01 06:06:30,6478618,5568499,DNS,254.7,1.58,5042.4,8013.8,8,0.0086,15.0,None
2024-01-01 06:06:35,9663440,6870267,DNS,237.8,6.331,11145.4,22091.6,12,0.0066,12.0,None
2024-01-01 06:06:40,5611465,7833449,UDP,189.4,2.754,38760.4,6901.5,9,0.0113,20.19,None
2024-01-01 06:06:45,6618553,1550414,TCP,253.7,3.796,4387.2,17863.8,8,0.0042,22.83,None
2024-01-01 06:06:50,2152662,6963379,DNS,95.6,0.874,2833.1,12930.9,17,0.0084,19.6,None
2024-01-01 06:06:55,7210837,3833258,HTTP,176.7,1.617,1188.2,3366.6,15,0.0029,1.14,None
2024-01-01 06:07:00,2638113,1633760,HTTP,139.4,1.911,455.4,3363.9,19,0.0007,5.15,None
2024-01-01 06:07:05,8663240,4108316,HTTP,226.7,0.776,3558.0,5165.4,8,0.0082,2.1,None
2024-01-01 06:07:10,2543735,7451478,DNS,140.1,1.689,31267.6,2128.5,12,0.0025,10.41,None
2024-01-01 06:07:15,6770424,9796911,HTTP,122.4,0.54,10623.4,4845.8,5,0.0139,17.37,None
2024-01-01 06:07:20,6988625,3623522,HTTP,194.5,0.31,9104.9,36806.6,8,0.006,0.78,None
2024-01-01 06:07:25,4340834,4883302,UDP,230.0,0.937,3810.8,7852.7,11,0.0029,6.41,None
2024-01-01 06:07:30,8886581,1317945,TCP,106.3,2.689,4270.7,3765.2,9,0.0094,2.25,None
2024-01-01 06:07:35,7807459,7893207,HTTP,143.9,4.958,264.1,55036.1,11,0.0012,9.84,None
2024-01-01 06:07:40,8891460,3232975,TCP,87.4,1.224,6390.1,3195.1,10,0.0143,22.21,None
2024-01-01 06:07:45,6673966,9350785,HTTP,42.6,2.059,1670.1,3096.8,10,0.006,9.91,None
2024-01-01 06:07:50,2687332,4049760,UDP,164.1,0.217,1477.7,27708.3,13,0.0167,15.23,None
2024-01-01 06:07:55,7306005,3556051,UDP,201.2,4.696,2157.6,15698.5,9,0.0015,9.29,None
2024-01-01 06:08:00,9339329,9354788,TCP,169.2,1.681,2086.0,7114.9,11,0.0048,17.55,None
2024-01-01 06:08:05,8388152,7292549,UDP,56.0,3.031,1454.4,18618.5,6,0.002,17.83,None
2024-01-01 06:08:10,3241939,3798937,TCP,124.5,3.164,3022.6,10944.6,13,0.0006,3.31,None
2024-01-01 06:08:15,8396488,7885599,HTTP,49.0,0.593,1705.7,2474.5,7,0.0311,15.68,None
2024-01-01 06:08:20,3930661,9235229,DNS,294.4,1.507,3295.5,736.9,8,0.013,9.27,None
2024-01-01 06:08:25,2905102,2464503,TCP,86.2,6.462,673.7,4594.7,14,0.0039,20.63,None
2024-01-01 06:08:30,9337070,7866930,DNS,278.0,0.188,2406.5,23978.8,10,0.0028,3.79,None
2024-01-01 06:08:35,5064480,4569817,HTTP,238.2,2.298,996.0,5279.2,13,0.0023,21.54,None
2024-01-01 06:08:40,8662259,7593038,TCP,94.6,6.554,1569.6,12837.1,15,0.0004,12.28,None
2024-01-01 06:08:45,3418369,5434822,UDP,84.2,0.715,3440.6,9744.8,12,0.0011,6.13,None
2024-01-01 06:08:50,5804617,9754845,HTTP,176.8,3.953,599.4,1490.0,8,0.0011,8.03,None
2024-01-01 06:08:55,3107814,8375891,UDP,97.3,5.426,1309.8,5397.0,10,0.011,0.12,None
2024-01-01 06:09:00,9163239,9368646,DNS,156.2,2.749,5265.7,11601.4,11,0.009,22.8,None
2024-01-01 06:09:05,9015115,8190201,HTTP,116.6,0.526,725.5,3688.1,12,0.0084,5.4,None
2024-01-01 06:09:10,1031132,7212612,HTTP,60.9,0.813,17639.0,5639.0,14,0.0133,21.83,None
2024-01-01 06:09:15,1018287,1606632,UDP,48.7,0.073,9940.9,11989.0,9,0.0029,20.47,None
2024-01-01 06:09:20,7703052,8881575,UDP,166.2,3.561,1818.0,8713.5,8,0.0042,8.38,None
2024-01-01 06:09:25,1438743,2731813,TCP,112.1,3.789,1356.7,23084.3,10,0.0014,5.06,None
2024-01-01 06:09:30,1635240,5000442,DNS,112.6,2.003,3648.0,11892.6,9,0.0089,10.24,None
2024-01-01 06:09:35,8416714,7214403,HTTP,210.2,0.869,701.0,3115.5,7,0.027,22.41,None
2024-01-01 06:09:40,5423644,8841957,TCP,266.9,0.16,402.6,5026.4,14,0.0199,20.52,None
2024-01-01 06:09:45,1187368,9522084,TCP,129.5,2.797,1883.1,8269.2,12,0.0081,11.73,None
2024-01-01 06:09:50,6246243,3026439,DNS,125.2,2.593,2607.0,30897.0,11,0.0103,13.09,None
2024-01-01 06:09:55,4923501,2243543,DNS,190.6,4.875,3276.2,5046.6,11,0.0487,9.81,None
2024-01-01 06:10:00,7267539,4409050,UDP,75.3,2.623,1612.0,1432.9,15,0.0073,22.67,None
2024-01-01 06:10:05,9545791,2552771,UDP,165.9,3.529,10656.7,12588.9,13,0.0204,23.73,None
2024-01-01 06:10:10,5336934,4738070,DNS,195.6,2.74,668.4,3806.3,10,0.0069,6.94,None
2024-01-01 06:10:15,3459284,6544189,DNS,208.5,1.992,955.0,2241.0,8,0.0005,22.79,None
2024-01-01 06:10:20,6875357,5120031,HTTP,56.4,1.114,4849.5,8256.9,10,0.0273,22.81,None
2024-01-01 06:10:25,7019831,6865062,HTTP,101.4,4.648,933.0,21436.9,12,0.0012,11.36,None
2024-01-01 06:10:30,8998807,8055474,TCP,95.7,2.105,897.6,4564.8,8,0.0122,9.96,None
2024-01-01 06:10:35,6288806,8155704,UDP,156.0,1.016,3372.3,13314.0,8,0.0027,20.86,None
2024-01-01 06:10:40,4249514,3858472,UDP,188.7,0.174,1039.5,16025.1,7,0.0231,22.63,None
2024-01-01 06:10:45,8248467,2341605,DNS,313.7,0.687,2609.5,17886.4,5,0.0022,9.66,None
2024-01-01 06:10:50,7407580,5491543,HTTP,115.9,1.569,1480.5,3896.1,9,0.0015,11.81,None
2024-01-01 06:10:55,1242643,7099293,DNS,115.7,0.645,1259.3,2641.0,13,0.0058,8.02,None
2024-01-01 06:11:00,5194009,8598403,HTTP,263.7,0.5,364.2,3026.8,8,0.0069,5.01,None
2024-01-01 06:11:05,3278290,1331326,TCP,172.1,1.499,3427.4,17871.7,11,0.0171,23.91,None
2024-01-01 06:11:10,9874016,7126720,UDP,279.7,0.372,856.5,15794.1,7,0.0144,4.53,None
2024-01-01 06:11:15,8566744,5698984,DNS,171.5,3.223,2519.4,3111.5,8,0.004,19.54,None
2024-01-01 06:11:20,6212319,1910036,HTTP,83.2,1.325,1786.3,68366.9,9,0.0049,10.09,None
2024-01-01 06:11:25,6394517,3600525,UDP,76.2,1.706,2424.8,2761.8,9,0.0086,2.01,None
2024-01-01 06:11:30,8868773,7871110,UDP,68.3,0.319,2566.6,22014.7,10,0.008,7.8,None
2024-01-01 06:11:35,4254656,3889063,DNS,206.6,0.785,3617.8,37036.7,8,0.0198,2.0,None
2024-01-01 06:11:40,9731982,7770873,UDP,268.9,1.056,1439.8,9043.1,11,0.0064,23.57,None
2024-01-01 06:11:45,4953852,8370529,UDP,374.2,3.303,10328.9,3752.9,13,0.0224,6.36,None
2024-01-01 06:11:50,2414865,4901366,DNS,226.2,2.941,469.9,3835.8,9,0.0023,17.9,None
2024-01-01 06:11:55,6151340,9076771,HTTP,265.4,0.505,2376.6,6234.8,9,0.0202,10.21,None
2024-01-01 06:12:00,7507897,3701486,UDP,111.1,1.915,6879.0,23881.8,12,0.0036,16.31,None
2024-01-01 06:12:05,7368957,6065174,HTTP,83.2,0.558,4801.9,2440.9,10,0.0156,6.12,None
2024-01-01 06:12:10,8952704,1773392,DNS,227.0,8.887,1124.6,1288.5,5,0.0083,2.26,None
2024-01-01 06:12:15,3901121,4055062,DNS,182.9,6.078,1328.4,11638.3,6,0.0208,19.41,None
2024-01-01 06:12:20,3729487,5733458,DNS,156.6,1.657,1089.2,14495.8,12,0.0026,17.2,None
2024-01-01 06:12:25,4923945,5513831,UDP,180.1,2.401,5427.5,57986.7,9,0.0121,2.63,None
2024-01-01 06:12:30,4396278,1088698,DNS,174.4,3.233,1422.4,2033.8,6,0.0189,17.54,None
2024-01-01 06:12:35,3678826,6434915,UDP,282.0,2.553,3847.3,7081.2,6,0.015,14.34,None
2024-01-01 06:12:40,1607315,8856302,TCP,283.6,2.407,3882.8,25895.8,12,0.0083,4.12,None
2024-01-01 06:12:45,2013613,1242283,UDP,194.8,6.367,31837.3,9144.1,21,0.0113,19.81,None
2024-01-01 06:12:50,4925680,8858049,TCP,226.5,1.815,4077.5,6664.6,10,0.0022,16.77,None
2024-01-01 06:12:55,1012945,9203534,DNS,191.9,2.023,1324.6,17852.6,7,0.0024,12.16,None
2024-01-01 06:13:00,5929696,2935627,DNS,117.9,3.785,692.2,4449.8,7,0.0031,4.29,None
2024-01-01 06:13:05,6223897,3410238,TCP,216.6,2.217,2262.3,18985.1,9,0.0176,12.96,None
2024-01-01 06:13:10,5323833,4932252,HTTP,73.9,2.641,2646.3,2313.3,12,0.0018,3.91,None
2024-01-01 06:13:15,3193385,5828531,DNS,251.4,0.534,326.8,1773.2,8,0.0036,4.41,None
2024-01-01 06:13:20,2640256,4621000,UDP,81.7,0.928,1459.9,6163.6,14,0.0253,5.79,None
2024-01-01 06:13:25,1389864,1471779,UDP,171.2,0.319,4013.2,624.3,9,0.0141,15.71,None
2024-01-01 06:13:30,3344121,6608207,DNS,97.3,1.409,1750.5,8819.3,13,0.0132,16.31,None
2024-01-01 06:13:35,4080601,3223516,TCP,195.7,1.217,7852.8,1432.9,8,0.0061,1.75,None
2024-01-01 06:13:40,2738019,6011159,TCP,145.9,11.73,627.4,10747.4,9,0.0121,15.62,None
2024-01-01 06:13:45,5410983,9970465,TCP,66.9,1.889,5865.7,9754.3,8,0.0083,0.83,None
2024-01-01 06:13:50,6556460,8177795,HTTP,183.2,3.088,7434.5,7570.7,7,0.0007,21.72,None
2024-01-01 06:13:55,8557205,8054708,HTTP,111.2,0.813,7758.1,12536.6,10,0.0086,18.69,None
2024-01-01 06:14:00,7496369,8518532,HTTP,230.6,3.562,622.7,9938.8,8,0.006,17.39,None
2024-01-01 06:14:05,2539813,1534387,UDP,148.5,1.909,4082.9,6045.1,8,0.0012,5.74,None
2024-01-01 06:14:10,8524526,7880446,DNS,180.9,2.388,1527.3,50564.6,10,0.0042,23.7,None
2024-01-01 06:14:15,5597143,5148451,TCP,91.9,0.698,730.6,12007.8,12,0.0225,22.18,None
2024-01-01 06:14:20,4188826,5729965,TCP,110.5,1.591,1970.7,17534.2,4,0.0163,11.76,None
2024-01-01 06:14:25,9877880,1342786,HTTP,118.0,2.01,1205.9,23696.4,6,0.0245,0.83,None
2024-01-01 06:14:30,4773255,7388161,UDP,227.8,1.779,7485.7,15806.1,10,0.0126,12.27,None
2024-01-01 06:14:35,3746559,6202869,HTTP,343.3,4.935,4979.4,63756.9,10,0.01,3.7,None
2024-01-01 06:14:40,4165512,1915930,UDP,99.2,4.571,941.6,9566.3,10,0.0015,14.22,None
2024-01-01 06:14:45,5048348,3769241,TCP,254.3,7.08,1444.9,8046.9,18,0.0011,23.68,None
2024-01-01 06:14:50,9158229,8916252,UDP,50.2,2.202,2037.1,4232.0,9,0.0028,18.17,None
2024-01-01 06:14:55,2318440,6512394,UDP,81.7,7.145,2772.7,6271.2,13,0.0038,7.73,None
2024-01-01 06:15:00,5440677,6046325,UDP,91.9,3.573,8154.9,3900.2,15,0.0093,9.46,None
2024-01-01 06:15:05,6804986,6765917,TCP,75.5,0.632,5947.8,15950.0,9,0.021,22.67,None
2024-01-01 06:15:10,4940326,8623535,TCP,67.2,1.115,3138.2,3254.1,10,0.0221,2.64,None
2024-01-01 06:15:15,4835767,5749477,HTTP,182.5,0.545,2297.0,8723.6,4,0.0115,21.36,None
2024-01-01 06:15:20,7013987,2450370,HTTP,133.3,0.008,506.1,14179.4,18,0.0085,1.79,None
2024-01-01 06:15:25,3400480,4514128,TCP,179.4,0.417,10850.8,9417.5,10,0.0028,9.95,None
2024-01-01 06:15:30,8252159,6021826,TCP,209.6,0.008,1906.3,3308.0,8,0.0278,17.89,None
2024-01-01 06:15:35,9319784,1592400,HTTP,169.5,2.545,14112.8,16300.4,6,0.0111,9.48,None
2024-01-01 06:15:40,9742376,1693294,UDP,206.2,1.109,3626.8,7440.3,11,0.0076,13.71,None
2024-01-01 06:15:45,8740849,6855747,TCP,143.3,0.75,22590.5,458.2,11,0.0011,11.78,None
2024-01-01 06:15:50,5943761,3939939,DNS,82.0,2.869,5466.1,3031.0,12,0.0175,14.51,None
2024-01-01 06:15:55,5697922,7171853,HTTP,251.9,3.573,711.9,32896.9,9,0.0043,4.1,None
2024-01-01 06:16:00,4857651,5867004,HTTP,110.5,7.402,1612.6,35750.6,14,0.0231,13.87,None
2024-01-01 06:16:05,7886386,5980339,TCP,93.0,2.055,2517.1,13713.2,10,0.0018,23.69,None
2024-01-01 06:16:10,5365051,1970800,TCP,135.8,1.238,1244.2,17748.7,9,0.0005,4.65,None
2024-01-01 06:16:15,7829041,6957151,HTTP,94.0,0.728,2044.6,3720.8,11,0.0057,1.61,None
2024-01-01 06:16:20,4746772,7867312,TCP,120.5,0.503,759.8,6247.0,13,0.0008,9.4,None
2024-01-01 06:16:25,5109259,9932339,HTTP,176.3,0.479,2998.1,27871.7,9,0.0006,8.98,None
2024-01-01 06:16:30,8900254,1123566,HTTP,176.7,1.053,3779.7,12405.7,13,0.0125,3.02,None
2024-01-01 06:16:35,7930747,6120516,DNS,94.7,9.604,1092.1,8646.8,9,0.003,13.72,None
2024-01-01 06:16:40,4581393,4570069,HTTP,116.3,0.002,20749.0,6722.3,9,0.0102,10.5,None
2024-01-01 06:16:45,5767824,2545657,UDP,254.0,0.439,3176.4,26225.1,10,0.0085,20.09,None
2024-01-01 06:16:50,6237708,6551404,UDP,190.2,0.417,1317.2,24885.3,14,0.0015,10.15,None
2024-01-01 06:16:55,8871659,4323700,DNS,418.9,2.525,584.3,15516.7,9,0.0049,23.66,None
2024-01-01 06:17:00,6913434,7252610,UDP,267.8,0.869,3165.1,8658.3,12,0.0007,18.72,None
2024-01-01 06:17:05,8002306,7127349,HTTP,263.0,1.222,2297.3,5671.7,13,0.0055,11.7,None
2024-01-01 06:17:10,8144007,1651530,HTTP,74.1,0.322,6522.7,16204.0,11,0.002,13.25,None
2024-01-01 06:17:15,6525616,3667810,DNS,217.4,1.038,2582.8,2692.1,9,0.001,20.8,None
2024-01-01 06:17:20,5048567,6027259,TCP,144.5,0.218,903.5,3312.4,9,0.0038,18.58,None
2024-01-01 06:17:25,6933506,9574780,UDP,112.7,1.523,15846.7,1898.7,2,0.0,15.79,None
2024-01-01 06:17:30,5155863,8690971,TCP,161.4,0.206,4608.3,27867.9,8,0.0142,6.4,None
2024-01-01 06:17:35,7103048,7902243,DNS,238.1,3.126,2312.1,3941.6,14,0.0017,9.85,None
2024-01-01 06:17:40,2852366,9583400,TCP,190.6,1.672,3514.5,12136.9,8,0.0098,18.89,None
2024-01-01 06:17:45,1307612,7771582,DNS,95.7,2.574,4788.8,7147.0,9,0.0179,15.06,None
2024-01-01 06:17:50,4476371,2166316,DNS,215.1,1.084,714.2,146904.6,9,0.0249,22.96,None
2024-01-01 06:17:55,2313825,5155658,DNS,107.9,0.961,3490.1,12605.7,8,0.0082,20.95,None
2024-01-01 06:18:00,3524200,2075491,DNS,165.4,0.207,1900.5,1258.7,6,0.0155,10.25,None
2024-01-01 06:18:05,3416090,3616635,DNS,127.5,1.484,4950.8,26250.4,6,0.0061,7.05,None
2024-01-01 06:18:10,2900777,9785651,HTTP,133.0,1.445,1422.0,5501.9,9,0.0067,2.98,None
2024-01-01 06:18:15,3969082,7245607,UDP,217.7,1.263,1628.3,6628.1,14,0.0079,9.78,None
2024-01-01 06:18:20,9110070,5201349,TCP,88.2,2.698,15722.9,4136.0,10,0.0111,5.44,None
2024-01-01 06:18:25,5751934,9394578,TCP,392.5,3.574,10207.8,9853.8,10,0.0111,0.4,None
2024-01-01 06:18:30,3118359,9192546,UDP,59.7,2.779,110.4,9725.6,13,0.0154,3.32,None
2024-01-01 06:18:35,4625906,1744100,TCP,110.1,0.311,9478.3,4249.4,12,0.0096,10.87,None
2024-01-01 06:18:40,6675057,2705641,UDP,178.6,1.946,2769.3,4874.9,9,0.0214,21.42,None
2024-01-01 06:18:45,4481340,6237789,TCP,198.8,0.167,1468.2,8966.8,7,0.0124,7.7,None
2024-01-01 06:18:50,5994573,2804885,DNS,141.1,2.372,1088.8,778.4,10,0.0264,10.59,None
2024-01-01 06:18:55,9940693,3246743,HTTP,144.2,0.962,1153.9,1917.0,10,0.0139,9.22,None
2024-01-01 06:19:00,5504075,5438411,TCP,182.2,0.284,1510.3,43044.6,12,0.0134,8.86,None
2024-01-01 06:19:05,2319898,4274449,DNS,132.2,3.962,965.7,11246.6,7,0.0197,17.34,None
2024-01-01 06:19:10,7963036,6727480,DNS,297.9,1.904,769.2,4793.9,6,0.0107,12.14,None
2024-01-01 06:19:15,8858544,2497924,DNS,225.8,0.876,1053.2,1486.1,12,0.002,9.8,None
2024-01-01 06:19:20,9945414,8537271,HTTP,229.6,0.062,4119.1,7659.4,11,0.0009,22.64,None
2024-01-01 06:19:25,9746969,5168774,HTTP,91.6,1.541,3134.1,21702.7,8,0.0038,6.63,None
2024-01-01 06:19:30,6880337,3713182,UDP,142.6,5.134,5197.1,113460.1,11,0.0168,19.99,None
2024-01-01 06:19:35,8523914,1412282,DNS,127.7,1.815,2789.5,53747.7,14,0.0002,12.36,None
2024-01-01 06:19:40,9005300,6454712,DNS,89.8,7.126,807.0,3337.8,10,0.0016,10.6,None
2024-01-01 06:19:45,9452197,7204892,TCP,177.7,0.293,4887.5,4935.5,7,0.0011,1.51,None
2024-01-01 06:19:50,9892489,3487507,HTTP,113.4,1.68,1091.5,1860.3,13,0.0004,20.6,None
2024-01-01 06:19:55,4741049,5202340,HTTP,206.0,3.2,5690.8,3492.4,8,0.0166,6.5,None
2024-01-01 06:20:00,1880090,2693105,TCP,86.9,1.491,929.0,6549.6,9,0.0033,16.3,None
2024-01-01 06:20:05,9794389,2686229,UDP,350.6,0.191,1499.0,5613.1,10,0.0131,20.99,None
2024-01-01 06:20:10,2207013,2725990,TCP,94.8,1.749,2076.9,63232.1,14,0.0015,12.87,None
2024-01-01 06:20:15,2638252,7080947,UDP,165.6,1.892,5851.2,2174.7,8,0.0053,15.38,None
2024-01-01 06:20:20,7876200,1019663,HTTP,220.5,2.609,3554.6,7745.8,9,0.0012,8.16,None
2024-01-01 06:20:25,8345933,7863622,UDP,111.6,2.864,3041.2,1029.2,8,0.0,17.44,None
2024-01-01 06:20:30,3535803,2167744,TCP,227.3,2.946,19646.8,11281.2,14,0.0095,15.76,None
2024-01-01 06:20:35,5269670,5472201,HTTP,80.3,2.178,474.9,2118.1,8,0.0066,10.67,None
2024-01-01 06:20:40,8527695,4139512,TCP,306.8,0.486,1055.3,24407.0,9,0.0054,15.23,None
2024-01-01 06:20:45,6121178,4135401,TCP,149.5,1.036,1011.1,6057.0,6,0.0008,6.3,None
2024-01-01 06:20:50,8501491,8327099,TCP,110.1,2.993,507.4,1994.2,11,0.0089,15.79,None
2024-01-01 06:20:55,5266447,6137859,TCP,127.8,6.133,1451.7,989.6,11,0.0151,16.15,None
2024-01-01 06:21:00,4412512,5244418,HTTP,222.4,0.164,5929.9,3045.3,9,0.0007,10.68,None
2024-01-01 06:21:05,8939295,7837989,HTTP,110.8,1.534,1649.7,10294.7,12,0.0053,5.98,None
2024-01-01 06:21:10,4211624,3530972,HTTP,102.0,0.749,2136.7,12351.3,10,0.0037,19.27,None
2024-01-01 06:21:15,7876275,4512057,UDP,132.9,0.511,532.4,4922.5,7,0.0222,18.1,None
2024-01-01 06:21:20,1948243,1763220,TCP,82.4,1.41,1344.1,20451.2,7,0.003,1.37,None
2024-01-01 06:21:25,2811492,5503293,TCP,368.8,1.863,1878.6,2602.6,9,0.0289,11.86,None
2024-01-01 06:21:30,8974461,9610763,TCP,111.8,0.02,5666.9,434.0,9,0.0176,2.21,None
2024-01-01 06:21:35,1101755,2907998,DNS,224.9,3.03,558.4,10748.8,11,0.0011,7.67,None
2024-01-01 06:21:40,6898227,3108589,HTTP,164.8,3.428,1891.2,29439.6,8,0.0066,10.13,None
2024-01-01 06:21:45,9858709,4303367,HTTP,90.7,6.734,8838.0,29712.8,10,0.0105,4.25,None
2024-01-01 06:21:50,3716963,7638444,UDP,148.0,0.398,1910.1,2208.8,10,0.009,11.25,None
2024-01-01 06:21:55,6713524,6195236,UDP,219.6,1.806,359.4,4699.9,11,0.0114,16.95,None
2024-01-01 06:22:00,7718889,7682046,UDP,135.1,1.112,10712.6,16711.0,9,0.0056,10.49,None
2024-01-01 06:22:05,2707704,3505006,UDP,269.5,0.815,6216.1,4328.1,8,0.0235,5.62,None
2024-01-01 06:22:10,6431367,5599528,TCP,247.3,1.668,7111.0,9003.6,11,0.0032,9.96,None
2024-01-01 06:22:15,2759431,2095154,DNS,235.0,3.05,521.2,3958.3,8,0.001,14.22,None
2024-01-01 06:22:20,8393369,1404945,TCP,117.9,0.047,13527.2,2726.1,9,0.0382,22.47,None
2024-01-01 06:22:25,8648760,9233643,TCP,86.5,6.974,1375.7,3306.4,13,0.0106,11.99,None
2024-01-01 06:22:30,7410427,7570464,UDP,109.2,3.32,1791.1,21072.5,13,0.0108,21.31,None
2024-01-01 06:22:35,3661322,1443409,DNS,163.7,2.782,1476.2,8215.5,8,0.017,23.63,None
2024-01-01 06:22:40,9356710,6027702,DNS,195.0,2.857,7684.3,28908.2,12,0.0055,13.42,None
2024-01-01 06:22:45,4670949,8823294,DNS,50.1,0.986,2490.4,13635.3,10,0.0049,3.53,None
2024-01-01 06:22:50,5959530,5139072,TCP,147.8,2.786,4825.8,40395.2,14,0.0298,21.01,None
2024-01-01 06:22:55,8410905,3834655,DNS,160.6,0.978,3216.0,18362.5,9,0.0049,20.7,None
2024-01-01 06:23:00,1688647,6483676,UDP,129.2,4.579,2710.7,17315.2,10,0.0008,20.85,None
2024-01-01 06:23:05,2054363,6777722,DNS,283.1,0.39,1156.6,7183.3,10,0.0037,22.81,None
2024-01-01 06:23:10,2775098,9073947,UDP,183.3,0.692,18254.0,164260.1,9,0.0207,6.63,None
2024-01-01 06:23:15,2093814,9922519,DNS,285.7,1.603,689.9,9069.7,11,0.001,8.0,None
2024-01-01 06:23:20,4528615,5580567,TCP,133.2,0.769,4501.9,1126.2,6,0.0126,16.49,None
2024-01-01 06:23:25,7388245,4690774,UDP,237.2,1.104,4344.5,10593.9,3,0.0031,13.53,None
2024-01-01 06:23:30,2346602,7334443,UDP,336.1,1.356,9455.5,3034.2,12,0.0137,20.84,None
2024-01-01 06:23:35,7696544,8794944,HTTP,286.0,3.881,11945.3,22404.6,11,0.0072,6.11,None
2024-01-01 06:23:40,8354869,8044656,TCP,86.0,1.481,2598.3,16744.4,12,0.0101,15.8,None
2024-01-01 06:23:45,2455919,7524425,UDP,130.7,0.9,5066.4,6690.8,14,0.0028,22.57,None
2024-01-01 06:23:50,7796378,6711015,TCP,124.9,0.569,17411.3,3334.6,6,0.0018,5.18,None
2024-01-01 06:23:55,9173308,4680485,UDP,189.5,1.051,2792.9,9380.9,12,0.0007,7.37,None
2024-01-01 06:24:00,7854467,3955123,TCP,209.2,1.45,1026.1,4267.4,12,0.0175,9.78,None
2024-01-01 06:24:05,6019593,2836939,DNS,97.6,2.742,2029.5,17815.1,10,0.0124,2.09,None
2024-01-01 06:24:10,8063275,5240413,HTTP,153.5,0.258,808.6,14129.4,7,0.0035,4.24,None
2024-01-01 06:24:15,8035512,6897084,TCP,54.1,0.501,4323.5,152659.7,13,0.0181,9.17,None
2024-01-01 06:24:20,9554868,5839443,DNS,305.2,0.955,8642.6,5192.1,9,0.0179,1.79,None
2024-01-01 06:24:25,2177949,5074307,UDP,114.9,0.894,2641.1,5982.4,17,0.0015,8.7,None
2024-01-01 06:24:30,2245994,8400681,HTTP,152.6,0.994,589.4,6941.2,12,0.0125,5.86,None
2024-01-01 06:24:35,1813359,4000638,HTTP,127.1,3.155,8280.4,7251.9,10,0.0035,20.75,None
2024-01-01 06:24:40,4994291,8930643,TCP,263.2,0.784,504.6,22631.1,8,0.0063,14.6,None
2024-01-01 06:24:45,4271076,8145291,DNS,35.9,1.394,635.3,6146.6,10,0.0056,21.56,None
2024-01-01 06:24:50,7204566,2544677,TCP,147.2,1.956,2494.0,58243.1,11,0.0092,4.87,None
2024-01-01 06:24:55,6399107,8926790,TCP,140.8,0.528,3834.5,14505.4,14,0.0043,1.96,None
2024-01-01 06:25:00,2149044,9421065,HTTP,118.3,2.537,4547.1,4985.4,7,0.0008,8.5,None
2024-01-01 06:25:05,1389458,2661690,DNS,351.8,1.584,2790.2,3861.3,12,0.0112,1.35,None
2024-01-01 06:25:10,5833962,4708454,DNS,95.2,1.184,17327.4,22945.4,12,0.0323,21.2,None
2024-01-01 06:25:15,8551541,5283074,TCP,218.3,3.319,3181.7,8337.5,10,0.011,4.52,None
2024-01-01 06:25:20,8380458,8641717,TCP,177.4,0.558,8388.9,8176.8,6,0.0078,3.39,None
2024-01-01 06:25:25,8432788,8084645,TCP,278.9,4.294,6548.3,4453.8,10,0.0018,18.91,None
2024-01-01 06:25:30,9542726,2874391,HTTP,106.3,1.647,818.2,7620.2,11,0.0098,17.1,None
2024-01-01 06:25:35,7199769,9248116,UDP,102.9,1.879,2515.6,4277.2,10,0.0094,1.37,None
2024-01-01 06:25:40,3096339,2851441,HTTP,256.7,4.16,24917.4,31625.3,10,0.0096,12.23,None
2024-01-01 06:25:45,6653336,4640006,UDP,183.6,3.403,1800.2,16598.4,6,0.0223,10.77,None
2024-01-01 06:25:50,8596229,1512332,DNS,68.5,1.84,1518.3,6803.8,11,0.0126,9.28,None
2024-01-01 06:25:55,9386404,2080790,DNS,113.3,2.798,3535.4,6704.5,13,0.0153,3.04,None
2024-01-01 06:26:00,2977184,1660640,HTTP,180.0,1.136,1865.9,8885.5,10,0.0038,18.9,None
2024-01-01 06:26:05,7375332,8230228,TCP,225.6,1.585,1347.9,8058.3,12,0.0032,5.76,None
2024-01-01 06:26:10,1623259,6682287,DNS,105.7,0.128,1838.5,3112.1,9,0.0023,11.0,None
2024-01-01 06:26:15,9430941,8113009,TCP,34.6,0.188,12481.6,1211.0,12,0.0151,21.15,None
2024-01-01 06:26:20,3582975,1454606,UDP,192.8,3.537,2600.3,3649.3,12,0.012,7.64,None
2024-01-01 06:26:25,2840969,8684269,HTTP,80.6,0.123,789.9,7125.8,5,0.0042,0.86,None
2024-01-01 06:26:30,3395726,4623590,DNS,54.1,0.371,657.4,3874.5,7,0.0015,21.34,None
2024-01-01 06:26:35,2337268,6026281,UDP,36.0,3.178,27086.9,18385.9,4,0.0188,11.85,None
2024-01-01 06:26:40,5949515,9386499,TCP,223.0,0.002,2384.3,6443.6,15,0.0048,11.93,None
2024-01-01 06:26:45,8231079,8701356,HTTP,158.3,0.664,4603.5,52763.4,8,0.0021,13.23,None
2024-01-01 06:26:50,3721291,5722811,UDP,132.6,1.754,1378.3,4621.6,9,0.0016,4.32,None
2024-01-01 06:26:55,2378133,5191344,HTTP,297.2,1.81,4109.2,9327.4,15,0.0252,17.16,None
2024-01-01 06:27:00,5310509,5855030,UDP,204.1,3.003,12827.3,6070.1,11,0.0014,5.55,None
2024-01-01 06:27:05,8089663,4442862,DNS,333.0,1.41,1552.7,12578.9,9,0.0045,7.23,None
2024-01-01 06:27:10,7384390,8523297,DNS,74.0,1.424,4715.4,23523.4,11,0.01,15.15,None
2024-01-01 06:27:15,4890090,1576945,UDP,145.9,2.584,730.9,14887.6,9,0.0052,17.99,None
2024-01-01 06:27:20,6299107,8072912,HTTP,66.1,1.381,22535.9,1063.4,7,0.0065,17.53,None
2024-01-01 06:27:25,9955834,4139165,DNS,132.3,1.875,3899.2,13357.9,10,0.0162,2.0,None
2024-01-01 06:27:30,3036328,3163968,DNS,131.1,4.561,1972.8,2948.7,7,0.0717,18.11,None
2024-01-01 06:27:35,4443435,8585287,DNS,203.0,1.026,2213.0,5944.6,11,0.0063,15.91,None
2024-01-01 06:27:40,9630702,2760640,UDP,151.8,0.973,1790.0,16144.4,9,0.0048,14.52,None
2024-01-01 06:27:45,9390278,6653860,TCP,202.7,0.007,1883.9,2644.5,15,0.0052,23.2,None
2024-01-01 06:27:50,3470446,3107302,UDP,211.0,1.901,257.9,25743.8,11,0.0046,8.32,None
2024-01-01 06:27:55,6213106,3656740,UDP,435.9,0.06,2702.8,5690.8,9,0.0064,16.39,None
2024-01-01 06:28:00,1608695,8845764,UDP,126.8,1.403,2591.8,71035.7,15,0.0041,13.76,None
2024-01-01 06:28:05,2976569,2239273,UDP,92.7,3.262,4859.4,8679.1,9,0.0062,9.31,None
2024-01-01 06:28:10,5843670,5108348,UDP,167.8,1.597,1766.7,44593.5,11,0.0291,18.92,None
2024-01-01 06:28:15,4379244,2068981,TCP,99.4,0.628,1378.8,26840.8,15,0.0034,9.68,None
2024-01-01 06:28:20,1959921,8819512,UDP,311.4,3.085,2957.9,4398.0,7,0.0106,13.41,None
2024-01-01 06:28:25,9609182,1358076,DNS,128.8,0.629,594.4,2204.6,11,0.0067,13.46,None
2024-01-01 06:28:30,9534437,9688345,TCP,111.9,2.641,3440.7,9078.2,10,0.0132,12.27,None
2024-01-01 06:28:35,1045166,2834117,UDP,117.3,1.885,463.2,4524.9,12,0.0064,10.98,None
2024-01-01 06:28:40,5533965,7258616,DNS,212.6,0.373,9143.7,39329.1,11,0.0017,4.03,None
2024-01-01 06:28:45,1116533,1486471,DNS,137.2,4.711,5909.2,6330.5,10,0.0206,5.78,None
2024-01-01 06:28:50,2747144,4392175,DNS,107.7,0.448,1180.6,6000.5,12,0.0113,2.96,None
2024-01-01 06:28:55,1552890,9909055,TCP,341.3,9.129,5774.1,2006.4,9,0.0075,17.36,None
2024-01-01 06:29:00,2608630,1307912,HTTP,96.7,0.015,3332.6,12322.9,7,0.0178,17.86,None
2024-01-01 06:29:05,3405472,4464454,UDP,151.1,0.612,1086.8,2504.3,7,0.0374,15.32,None
2024-01-01 06:29:10,7114696,9787752,HTTP,205.6,0.446,394.3,12612.4,11,0.0053,22.02,None
2024-01-01 06:29:15,2190369,2279915,HTTP,65.6,0.028,4090.6,14473.7,9,0.0044,6.36,None
2024-01-01 06:29:20,5341767,8384081,UDP,188.7,2.636,1347.1,3828.9,9,0.014,19.7,None
2024-01-01 06:29:25,8468437,7777953,HTTP,87.6,2.365,8910.4,21090.5,7,0.0061,4.46,None
2024-01-01 06:29:30,3743030,1636951,HTTP,223.9,3.144,3023.1,6155.6,7,0.0009,1.63,None
2024-01-01 06:29:35,1419239,4470852,TCP,91.7,0.593,1480.9,1860.8,3,0.0044,0.0,None
2024-01-01 06:29:40,3196387,1598560,DNS,209.8,1.175,17994.8,37997.9,10,0.0165,13.94,None
2024-01-01 06:29:45,2518668,5517109,TCP,258.0,2.152,5305.2,3218.0,12,0.0123,18.69,None
2024-01-01 06:29:50,8697260,5825935,TCP,228.3,1.159,77.1,13454.5,9,0.0199,19.75,None
2024-01-01 06:29:55,8013758,3875424,HTTP,168.3,2.39,1832.8,12404.3,8,0.0016,11.3,None
2024-01-01 06:30:00,2437406,2199742,DNS,132.2,2.01,746.9,11958.3,12,0.0028,1.41,None
2024-01-01 06:30:05,3628335,5268182,HTTP,111.3,0.244,1339.7,11753.0,7,0.0024,0.86,None
2024-01-01 06:30:10,3244963,7681477,TCP,309.7,3.038,2579.3,3071.2,15,0.0355,22.02,None
2024-01-01 06:30:15,2676486,6115869,DNS,104.6,2.551,4247.3,43973.8,9,0.0019,2.23,None
2024-01-01 06:30:20,3384677,8509570,TCP,88.4,2.133,3871.4,21083.6,13,0.0091,18.83,None
2024-01-01 06:30:25,1996150,8709213,HTTP,207.0,0.337,8759.3,13030.6,14,0.01,1.67,None
2024-01-01 06:30:30,7990794,9448679,TCP,99.7,0.624,5634.1,2136.7,15,0.0096,4.4,None
2024-01-01 06:30:35,3858544,2645783,DNS,92.3,0.999,5296.2,3046.1,8,0.0118,3.91,None
2024-01-01 06:30:40,4565336,9497048,HTTP,72.1,0.657,3646.4,15638.0,6,0.0066,6.65,None
2024-01-01 06:30:45,2917273,4521963,DNS,116.6,0.517,10794.6,1092.6,10,0.0009,9.74,None
2024-01-01 06:30:50,1857365,5921920,HTTP,142.4,3.273,2172.7,11369.7,15,0.0121,2.99,None
2024-01-01 06:30:55,8255887,8334543,HTTP,167.6,2.034,2229.9,2140.6,6,0.0033,23.36,None
2024-01-01 06:31:00,4071915,3909514,HTTP,238.8,1.667,443.4,3401.5,10,0.0008,0.05,None
2024-01-01 06:31:05,6392176,4160777,UDP,193.1,0.512,8571.2,1976.2,11,0.0019,18.53,None
2024-01-01 06:31:10,3958133,7595651,TCP,134.9,5.004,2760.2,10364.1,3,0.0034,12.64,None
2024-01-01 06:31:15,8402698,9783647,HTTP,134.4,0.424,56027.9,24744.6,10,0.0057,2.05,None
2024-01-01 06:31:20,4755071,4318270,UDP,191.5,3.169,1987.2,11476.0,17,0.0198,2.88,None
2024-01-01 06:31:25,9900141,2174956,DNS,280.4,6.803,3257.1,12808.1,12,0.0077,14.16,None
2024-01-01 06:31:30,9799232,8170725,HTTP,158.1,2.597,5148.7,9585.0,11,0.0064,7.57,None
2024-01-01 06:31:35,7906573,6153401,DNS,117.4,9.884,990.4,16037.6,8,0.0021,10.8,None
2024-01-01 06:31:40,6902444,1361557,TCP,90.3,2.106,4266.5,12927.2,10,0.032,13.18,None
2024-01-01 06:31:45,4628418,3634095,DNS,72.1,0.49,3086.1,536.4,7,0.0239,13.76,None
2024-01-01 06:31:50,7389790,3656708,TCP,207.1,0.456,2200.2,20056.5,9,0.0169,13.98,None
2024-01-01 06:31:55,1603299,8928404,HTTP,198.1,0.785,9629.7,18054.5,14,0.0039,1.68,None
2024-01-01 06:32:00,5746438,3706359,UDP,198.1,0.014,1207.4,5640.3,8,0.0082,17.77,None
2024-01-01 06:32:05,5499527,9637175,DNS,139.2,2.29,3924.1,1125.3,8,0.0049,7.04,None
2024-01-01 06:32:10,5809198,6912200,UDP,299.9,0.626,12767.6,10326.6,7,0.0052,2.75,None
2024-01-01 06:32:15,2559324,2903852,HTTP,116.5,3.377,1470.5,11233.6,14,0.0007,2.45,None
2024-01-01 06:32:20,7766279,9190411,DNS,239.3,0.89,2215.2,5216.2,15,0.0015,5.69,None
2024-01-01 06:32:25,8879621,7024297,DNS,145.6,1.308,31110.6,9766.4,10,0.0325,15.09,None
2024-01-01 06:32:30,9555252,5895606,TCP,109.5,6.745,4790.5,23667.1,8,0.0094,11.33,None
2024-01-01 06:32:35,9539581,3531916,UDP,199.6,0.555,1796.9,89100.6,8,0.0001,2.57,None
2024-01-01 06:32:40,9073334,8311251,HTTP,182.1,2.555,6651.7,9385.3,10,0.0166,0.78,None
2024-01-01 06:32:45,1005208,5521919,HTTP,177.4,2.814,1689.0,11315.3,10,0.0009,0.59,None
2024-01-01 06:32:50,1922281,1707576,DNS,154.6,0.499,623.3,3555.4,7,0.0123,10.11,None
2024-01-01 06:32:55,3265247,1531844,DNS,145.6,1.39,11758.9,4907.9,10,0.0097,18.92,None
2024-01-01 06:33:00,4886986,6991028,HTTP,489.9,0.862,989.2,7072.4,11,0.0007,13.77,None
2024-01-01 06:33:05,8128710,6488644,HTTP,268.3,2.956,34603.6,26310.4,10,0.0076,19.43,None
2024-01-01 06:33:10,7878319,5256306,DNS,213.0,1.948,1827.4,18378.9,14,0.0005,7.67,None
2024-01-01 06:33:15,8654774,7994624,DNS,156.9,1.292,25166.4,55790.2,5,0.0007,3.37,None
2024-01-01 06:33:20,1574071,1603578,DNS,245.6,3.022,758.5,1825.8,7,0.0005,19.27,None
2024-01-01 06:33:25,7268297,4867946,TCP,192.3,0.536,8312.3,2156.6,7,0.0029,17.47,None
2024-01-01 06:33:30,9760154,4541830,UDP,150.4,2.802,4913.4,24393.8,10,0.0162,14.14,None
2024-01-01 06:33:35,8946309,8194459,UDP,127.5,4.011,6889.4,34505.0,7,0.0045,21.31,None
2024-01-01 06:33:40,4400593,8510770,UDP,142.5,4.218,7848.1,8376.0,12,0.0102,15.14,None
2024-01-01 06:33:45,2712716,2265735,HTTP,30.4,3.062,1812.1,93.2,12,0.0013,12.62,None
2024-01-01 06:33:50,1499469,7464229,HTTP,164.9,1.049,805.3,3852.5,12,0.027,12.06,None
2024-01-01 06:33:55,8097209,1896169,UDP,116.3,8.014,2833.0,11333.2,11,0.007,14.82,None
2024-01-01 06:34:00,2414543,1886003,TCP,329.1,0.955,3725.8,3296.4,14,0.0002,12.4,None
2024-01-01 06:34:05,2310383,6285579,DNS,149.9,2.036,1859.7,9751.0,6,0.0077,6.54,None
2024-01-01 06:34:10,3800790,3841812,TCP,81.9,0.351,3934.6,54098.2,10,0.002,22.89,None
2024-01-01 06:34:15,1098037,5892434,HTTP,144.8,7.869,4144.9,33729.7,13,0.0022,22.99,None
2024-01-01 06:34:20,7638663,7181068,HTTP,88.0,2.435,1199.9,18194.8,5,0.0092,4.0,None
2024-01-01 06:34:25,3458064,7132482,TCP,188.0,2.8,4424.8,7597.3,9,0.0026,12.73,None
2024-01-01 06:34:30,4281699,8791919,UDP,171.7,0.136,2282.0,4941.0,5,0.0024,18.95,None
2024-01-01 06:34:35,2975687,3410721,UDP,239.6,2.883,1480.3,17287.7,8,0.0078,1.31,None
2024-01-01 06:34:40,9519480,7809818,TCP,99.9,2.981,6551.0,8311.5,9,0.0027,2.97,None
2024-01-01 06:34:45,6208929,4857410,HTTP,151.0,2.228,1370.6,8601.6,9,0.0012,13.08,None
2024-01-01 06:34:50,5065437,7310338,DNS,75.0,0.69,1888.1,1717.8,7,0.0052,0.68,None
2024-01-01 06:34:55,9670213,3540325,UDP,210.8,1.345,3203.7,3965.8,11,0.0005,19.99,None
2024-01-01 06:35:00,6509354,1078435,TCP,192.4,0.234,11781.8,17186.2,8,0.0236,20.96,None
2024-01-01 06:35:05,3474989,7080528,DNS,190.2,1.276,3614.8,2694.4,6,0.006,17.67,None
2024-01-01 06:35:10,9754178,6684458,TCP,148.5,0.559,5055.8,10569.3,8,0.0001,19.74,None
2024-01-01 06:35:15,3139287,8054809,UDP,182.6,0.859,2213.6,12240.5,6,0.0025,16.12,None
2024-01-01 06:35:20,2268503,5722030,UDP,331.0,0.355,2755.9,12976.4,19,0.0317,3.4,None
2024-01-01 06:35:25,1999947,8647060,DNS,128.7,0.523,2838.8,14189.6,7,0.0069,0.72,None
2024-01-01 06:35:30,3445778,6573400,TCP,15.2,0.159,465.4,15179.9,24,0.1683,20.35,PortScan
2024-01-01 06:35:35,2760036,3620131,UDP,16.9,5.049,482.5,4342.5,16,0.4611,16.97,PortScan
2024-01-01 06:35:40,8709503,2262112,HTTP,13.0,1.512,286.7,1867.5,20,0.2449,9.56,PortScan
2024-01-01 06:35:45,6804269,1388254,UDP,19.4,1.011,255.8,3382.8,21,0.1379,19.12,PortScan
2024-01-01 06:35:50,4850661,5764423,UDP,20.9,1.532,167.0,16813.2,18,0.3352,1.28,PortScan
2024-01-01 06:35:55,3107029,1032231,HTTP,43.7,1.979,195.1,2438.5,25,0.2841,7.66,PortScan
2024-01-01 06:36:00,3622164,6281205,HTTP,28.7,5.099,440.7,2862.3,25,0.0191,8.2,PortScan
2024-01-01 06:36:05,5147982,9409007,UDP,121.1,0.394,11083.0,2846.5,8,0.0029,2.52,None
2024-01-01 06:36:10,5091893,6993235,TCP,113.6,0.701,12146.4,1279.2,21,0.0,17.8,None
2024-01-01 06:36:15,1366666,2552356,TCP,172.0,7.442,7671.1,2573.4,11,0.0339,18.66,None
2024-01-01 06:36:20,4630170,1176555,UDP,70.2,0.928,2445.4,22035.2,12,0.0072,14.0,None
2024-01-01 06:36:25,4105916,5310442,HTTP,281.6,0.046,3970.6,3957.0,13,0.0008,10.03,None
2024-01-01 06:36:30,2034529,6872186,DNS,106.4,0.32,833.4,1409.6,6,0.0011,14.57,None
2024-01-01 06:36:35,1341027,7568473,HTTP,212.9,0.053,21810.5,4857.9,9,0.0057,21.56,None
2024-01-01 06:36:40,5811525,7689391,HTTP,78.6,9.195,1271.8,13501.4,10,0.0119,8.59,None
2024-01-01 06:36:45,6997067,9964440,DNS,207.4,0.654,2312.5,1298.8,6,0.0051,8.02,None
2024-01-01 06:36:50,4448419,3900252,TCP,207.7,5.142,3291.1,21021.7,9,0.0172,14.95,None
2024-01-01 06:36:55,7513503,2470359,HTTP,179.8,10.987,2677.3,1918.0,16,0.004,16.41,None
2024-01-01 06:37:00,1842174,9222346,DNS,90.3,1.832,1545.5,5456.2,13,0.0005,10.99,None
2024-01-01 06:37:05,8603549,5357958,DNS,168.1,0.068,12020.1,5387.0,14,0.0001,20.63,None
2024-01-01 06:37:10,3504947,5642309,DNS,82.1,0.17,7710.0,4621.9,10,0.0196,8.45,None
2024-01-01 06:37:15,1890710,6269105,HTTP,130.8,1.314,4113.6,7594.6,4,0.0416,15.38,None
2024-01-01 06:37:20,1284966,8374473,TCP,248.3,1.042,1999.1,17651.2,9,0.0014,16.03,None
2024-01-01 06:37:25,6932299,9968220,HTTP,221.0,1.864,8641.0,7779.1,6,0.0006,7.08,None
2024-01-01 06:37:30,5974814,8009534,UDP,149.5,1.156,1873.4,4421.9,7,0.0246,0.45,None
2024-01-01 06:37:35,7207908,1548712,UDP,91.2,5.439,14334.0,12801.9,15,0.0011,19.84,None
2024-01-01 06:37:40,2465521,6433289,TCP,205.0,1.53,3331.6,9969.3,7,0.0026,11.58,None
2024-01-01 06:37:45,2539097,9701618,TCP,149.9,2.367,10196.3,4148.5,9,0.0162,2.29,None
2024-01-01 06:37:50,8400228,1940364,DNS,46.5,4.536,2660.3,8453.2,8,0.0621,22.98,None
2024-01-01 06:37:55,7021521,7230872,UDP,219.5,0.318,3202.0,3818.7,9,0.0067,7.11,None
2024-01-01 06:38:00,4701999,5376202,HTTP,146.6,0.522,10151.9,3409.3,8,0.0024,11.39,None
2024-01-01 06:38:05,7264713,8271153,UDP,270.8,0.227,26740.2,18138.7,8,0.0188,11.62,None
2024-01-01 06:38:10,9012204,6819942,UDP,85.8,0.301,14191.1,12669.6,16,0.005,8.9,None
2024-01-01 06:38:15,7472450,4297211,HTTP,30.3,1.437,7166.2,17507.4,11,0.0032,3.64,None
2024-01-01 06:38:20,5414937,8508206,DNS,170.6,0.775,5373.8,15292.7,12,0.0067,16.9,None
2024-01-01 06:38:25,1766823,1896999,TCP,171.7,1.1,1795.5,3336.8,9,0.0194,4.69,None
2024-01-01 06:38:30,5193857,5057067,DNS,63.7,8.09,4004.7,22054.7,12,0.0027,16.38,None
2024-01-01 06:38:35,5868880,8835552,DNS,91.0,0.341,1196.3,6017.3,8,0.0055,19.25,None
2024-01-01 06:38:40,2692267,5965455,UDP,588.5,1.557,4340.7,20521.3,9,0.0059,0.56,None
2024-01-01 06:38:45,7167588,5371214,TCP,127.4,0.208,4628.8,7150.1,12,0.0179,17.56,None
2024-01-01 06:38:50,2055461,1332728,UDP,213.9,0.767,419.5,11082.9,9,0.0113,15.31,None
2024-01-01 06:38:55,5446673,4966051,TCP,107.2,1.5,3098.7,11421.2,10,0.0152,4.7,None
2024-01-01 06:39:00,7308323,3900117,HTTP,52.2,5.861,4513.7,18273.4,10,0.0118,14.88,None
2024-01-01 06:39:05,2402189,1538862,HTTP,136.3,0.993,2741.6,1580.4,12,0.009,10.1,None
2024-01-01 06:39:10,7044912,6214455,DNS,130.0,0.134,4264.4,1675.1,19,0.0014,2.03,None
2024-01-01 06:39:15,8694474,8609089,UDP,121.5,0.983,779.2,15862.5,14,0.0179,12.57,None
2024-01-01 06:39:20,2670886,9713645,TCP,140.1,0.315,1372.2,11572.2,11,0.0093,23.36,None
2024-01-01 06:39:25,2980957,3053162,UDP,169.4,0.523,8391.2,3730.7,18,0.0121,15.57,None
2024-01-01 06:39:30,6865345,6086024,TCP,137.7,1.925,2982.7,11664.5,10,0.0151,7.93,None
2024-01-01 06:39:35,6820962,6887271,HTTP,78.9,0.14,4187.6,1982.4,11,0.0037,13.52,None
2024-01-01 06:39:40,9680860,4783488,DNS,189.3,1.25,1725.9,211989.0,13,0.0058,17.71,None
2024-01-01 06:39:45,7895330,5883709,HTTP,56.0,1.88,3039.6,30078.7,9,0.0078,3.75,None
2024-01-01 06:39:50,5266842,8749802,HTTP,53.2,1.096,298.3,15097.8,10,0.0042,12.69,None
2024-01-01 06:39:55,4585238,6984282,TCP,214.8,0.039,6946.6,8739.7,10,0.003,12.16,None
2024-01-01 06:40:00,6438741,8539892,UDP,191.2,8.47,18177.4,4364.6,10,0.015,9.04,None
2024-01-01 06:40:05,9590619,3867856,TCP,144.2,0.915,1027.6,2186.0,15,0.014,17.93,None
2024-01-01 06:40:10,8077784,4580482,HTTP,73.9,3.015,1164.1,7231.3,9,0.0178,13.56,None
2024-01-01 06:40:15,7005123,9568891,UDP,104.2,0.788,4632.6,3429.7,12,0.0119,16.77,None
2024-01-01 06:40:20,1953690,4449937,TCP,130.1,1.289,13015.3,3635.7,7,0.0037,14.3,None
2024-01-01 06:40:25,9746533,4767513,HTTP,66.8,0.984,2974.7,1965.0,10,0.004,18.74,None
2024-01-01 06:40:30,6233844,2316879,UDP,102.6,0.839,871.9,10401.1,9,0.0075,15.21,None
2024-01-01 06:40:35,6669123,5025425,DNS,205.6,0.044,2419.7,5558.1,8,0.0181,16.27,None
2024-01-01 06:40:40,9389540,4335624,DNS,303.0,0.893,1064.3,13836.6,9,0.0043,5.41,None
2024-01-01 06:40:45,5573788,7855244,HTTP,120.3,4.405,1527.1,12798.7,7,0.0145,20.3,None
2024-01-01 06:40:50,1501120,7846379,TCP,216.6,2.345,2199.4,10193.1,9,0.0036,3.73,None
2024-01-01 06:40:55,7021009,3025306,DNS,57.0,0.314,1176.9,115779.2,6,0.0041,8.16,None
2024-01-01 06:41:00,4736582,3622667,DNS,206.4,1.789,1369.4,18466.4,10,0.014,21.35,None
2024-01-01 06:41:05,5240956,4814975,UDP,99.3,4.456,3211.6,2297.2,8,0.0113,2.61,None
2024-01-01 06:41:10,2923840,5264733,UDP,173.1,2.408,3696.1,12819.7,10,0.0023,20.8,None
2024-01-01 06:41:15,9732552,9934303,HTTP,131.1,0.322,717.7,7677.0,14,0.0175,11.41,None
2024-01-01 06:41:20,2870874,3414788,UDP,287.2,4.047,4431.0,2118.5,15,0.0154,4.41,None
2024-01-01 06:41:25,1574906,7796951,DNS,95.8,0.718,2034.6,1955.4,6,0.016,17.69,None
2024-01-01 06:41:30,1562276,2870880,DNS,203.1,1.211,6125.8,12748.9,9,0.0064,6.81,None
2024-01-01 06:41:35,8704055,4292912,TCP,129.1,1.494,6506.1,16277.6,9,0.004,16.27,None
2024-01-01 06:41:40,1920307,5017009,HTTP,137.1,3.801,1729.3,2846.2,9,0.019,18.98,None
2024-01-01 06:41:45,5524883,3281896,HTTP,135.4,5.365,5509.1,21379.1,11,0.0089,13.66,None
2024-01-01 06:41:50,2520212,7123103,UDP,97.2,5.309,1290.8,10774.3,9,0.0267,18.86,None
2024-01-01 06:41:55,1159511,8939745,HTTP,147.4,0.016,11201.0,26792.0,9,0.0029,22.44,None
2024-01-01 06:42:00,3908391,5550413,DNS,143.8,5.099,1340.6,24091.6,4,0.0371,13.21,None
2024-01-01 06:42:05,9949059,6740635,TCP,167.4,0.112,4241.8,6915.8,16,0.0048,3.66,None
2024-01-01 06:42:10,5718755,3044473,TCP,154.8,0.618,2471.0,41589.4,9,0.0049,17.03,None
2024-01-01 06:42:15,8949612,7538984,TCP,221.2,1.447,1078.3,2633.0,10,0.0027,9.84,None
2024-01-01 06:42:20,4435145,4768027,UDP,235.5,1.308,7338.7,88459.0,8,0.0335,12.75,None
2024-01-01 06:42:25,6599055,3744060,HTTP,87.8,1.856,1613.0,3365.1,8,0.0004,15.04,None
2024-01-01 06:42:30,8649460,6242627,UDP,229.2,1.306,544.5,7723.3,8,0.0064,17.22,None
2024-01-01 06:42:35,8773934,7950406,HTTP,82.0,5.448,167.0,4595.4,8,0.0045,15.36,None
2024-01-01 06:42:40,9057566,9974200,UDP,199.1,0.55,1242.6,5559.2,8,0.0017,5.59,None
2024-01-01 06:42:45,9533882,8802252,UDP,202.3,0.64,11800.6,150776.5,9,0.0125,17.96,None
2024-01-01 06:42:50,9887373,5198896,TCP,57.1,5.07,10485.4,5101.4,15,0.0229,19.38,None
2024-01-01 06:42:55,4736316,8191709,UDP,155.5,0.16,1453.0,18979.4,7,0.0028,0.9,None
2024-01-01 06:43:00,9995518,9722720,DNS,117.4,1.881,2049.9,6403.5,11,0.0069,7.4,None
2024-01-01 06:43:05,2113361,5591293,TCP,101.6,2.29,1872.6,20672.3,9,0.0086,23.47,None
2024-01-01 06:43:10,5860622,9225974,DNS,291.6,1.409,785.7,4702.5,10,0.005,4.27,None
2024-01-01 06:43:15,4474848,2815105,UDP,107.0,2.37,1154.2,10468.6,8,0.0255,4.39,None
2024-01-01 06:43:20,2199818,2673917,HTTP,99.2,0.379,7951.8,15194.6,9,0.0062,14.19,None
2024-01-01 06:43:25,8077754,9892442,UDP,154.1,3.83,4933.9,3937.1,4,0.0406,8.12,None
2024-01-01 06:43:30,7472399,2826310,HTTP,209.1,0.302,3917.0,127736.6,9,0.0035,15.77,None
2024-01-01 06:43:35,1825206,8633447,DNS,138.3,1.024,784.3,16009.6,5,0.0008,6.3,None
2024-01-01 06:43:40,5882549,1432576,DNS,265.9,0.156,3296.8,6464.2,8,0.0086,10.22,None
2024-01-01 06:43:45,4382504,4204419,UDP,193.5,1.576,297.7,4035.0,7,0.0173,23.96,None
2024-01-01 06:43:50,3090274,7980250,DNS,49.9,2.216,6924.4,8881.5,7,0.0049,8.96,None
2024-01-01 06:43:55,7528372,2501766,HTTP,113.9,5.668,3860.6,2401.9,11,0.002,2.07,None
2024-01-01 06:44:00,5741895,6614719,UDP,112.1,2.689,776.5,48160.5,14,0.0134,17.82,None
2024-01-01 06:44:05,8387361,9100032,HTTP,188.6,1.558,15009.3,12472.2,12,0.0032,14.13,None
2024-01-01 06:44:10,1539066,4704779,UDP,39.9,5.395,494.6,7420.6,12,0.0147,10.67,None
2024-01-01 06:44:15,1104704,7900746,HTTP,530.9,1.302,5066.0,23062.8,16,0.003,21.81,None
2024-01-01 06:44:20,3480175,5656069,DNS,193.5,1.647,5193.5,3938.2,4,0.0081,3.52,None
2024-01-01 06:44:25,3104349,4994262,UDP,159.9,1.813,862.9,2550.5,12,0.0219,11.75,None
2024-01-01 06:44:30,9345615,4199927,TCP,267.9,1.055,2870.2,7114.3,7,0.0023,4.6,None
2024-01-01 06:44:35,5324904,3095878,DNS,479.1,3.646,580.1,9205.4,7,0.0172,2.0,None
2024-01-01 06:44:40,4597079,7737571,UDP,229.4,0.41,173.1,13774.7,11,0.0031,10.62,None
2024-01-01 06:44:45,2496640,2506479,HTTP,238.5,1.619,1024.7,1851.4,9,0.0108,22.74,None
2024-01-01 06:44:50,9381553,4878893,TCP,158.4,2.562,1609.0,5134.2,10,0.0028,17.33,None
2024-01-01 06:44:55,9057354,7775921,TCP,138.3,4.686,5677.4,371.1,13,0.0012,5.63,None
2024-01-01 06:45:00,1297932,7588106,TCP,117.0,4.307,3188.8,2484.1,18,0.0109,11.1,None
2024-01-01 06:45:05,6740111,3562612,DNS,98.2,1.422,3273.3,16568.5,15,0.009,19.14,None
2024-01-01 06:45:10,9104156,3132907,DNS,105.3,2.061,1080.9,21184.5,7,0.0051,4.69,None
2024-01-01 06:45:15,5624658,4797141,DNS,75.5,1.003,1754.6,2586.3,9,0.0004,4.89,None
2024-01-01 06:45:20,5815081,8512158,HTTP,142.9,1.263,1176.2,5857.0,10,0.0064,4.34,None
2024-01-01 06:45:25,7140878,8453517,TCP,63.9,4.735,875.7,8313.3,14,0.0016,14.58,None
2024-01-01 06:45:30,3504350,4111881,TCP,163.3,5.339,1646.3,23815.9,4,0.0045,0.69,None
2024-01-01 06:45:35,4776032,3460278,TCP,145.7,4.515,3211.6,37387.6,8,0.0088,14.1,None
2024-01-01 06:45:40,1175205,6662179,TCP,159.7,0.298,1681.4,9443.5,5,0.028,19.81,None
2024-01-01 06:45:45,3777385,4916704,UDP,114.3,3.795,2157.1,6244.0,10,0.0072,18.78,None
2024-01-01 06:45:50,9671154,4952552,TCP,691.2,5.927,5972.5,1912.8,10,0.0022,16.0,None
2024-01-01 06:45:55,8914292,9455105,HTTP,293.0,0.896,1806.7,9027.8,15,0.0292,5.27,None
2024-01-01 06:46:00,5607785,8916558,HTTP,79.7,1.462,785.3,64532.4,10,0.0003,19.59,None
2024-01-01 06:46:05,8966392,5277579,TCP,166.7,3.02,5236.7,29442.4,7,0.0103,22.98,None
2024-01-01 06:46:10,1661904,5054824,TCP,109.5,1.651,3888.8,9651.4,6,0.003,4.41,None
2024-01-01 06:46:15,6446659,9199013,TCP,89.4,10.067,4140.9,10975.0,7,0.0142,21.85,None
2024-01-01 06:46:20,3495719,1089946,HTTP,75.9,1.217,5573.8,4070.3,11,0.004,20.47,None
2024-01-01 06:46:25,8468429,5689819,DNS,184.2,2.503,4706.2,5669.5,4,0.0056,23.5,None
2024-01-01 06:46:30,9328047,8427243,UDP,105.6,3.146,3067.8,9391.9,11,0.0147,7.66,None
2024-01-01 06:46:35,9570648,4136984,UDP,240.8,1.363,32580.0,9420.4,24,0.0228,22.42,None
2024-01-01 06:46:40,8401023,6760740,HTTP,243.9,3.89,824.7,22264.5,10,0.002,4.31,None
2024-01-01 06:46:45,5875134,1054682,UDP,295.0,1.58,1658.4,21206.9,8,0.0035,4.2,None
2024-01-01 06:46:50,1161153,9545765,UDP,96.9,1.061,7842.7,13637.3,12,0.0,2.57,None
2024-01-01 06:46:55,1361293,3968689,HTTP,188.2,0.228,3437.8,2983.5,15,0.0194,10.27,None
2024-01-01 06:47:00,5794373,7710472,DNS,203.6,1.0,6360.9,3098.2,8,0.0294,0.29,None
2024-01-01 06:47:05,8169839,4097885,HTTP,117.1,2.648,3532.5,3334.6,14,0.0033,9.15,None
2024-01-01 06:47:10,4076123,5497137,HTTP,100.9,5.084,11778.8,10255.0,17,0.0049,15.02,None
2024-01-01 06:47:15,3486140,1219074,DNS,331.9,0.58,1088.4,1068.1,15,0.0056,1.88,None
2024-01-01 06:47:20,7078164,1804462,UDP,166.3,0.878,11412.4,8052.4,12,0.0053,19.64,None
2024-01-01 06:47:25,2060520,7769785,UDP,204.0,0.334,9614.2,33144.9,11,0.005,7.03,None
2024-01-01 06:47:30,7578931,2669805,HTTP,98.4,2.347,888.7,15785.2,9,0.0065,1.11,None
2024-01-01 06:47:35,5265346,7925740,TCP,80.7,6.447,5600.8,5706.0,8,0.0017,8.99,None
2024-01-01 06:47:40,2091142,4078500,TCP,111.6,2.049,2855.4,4030.9,10,0.0006,3.32,None
2024-01-01 06:47:45,3449328,7549306,UDP,139.5,1.92,1625.3,18137.1,12,0.0129,19.09,None
2024-01-01 06:47:50,7958370,4442854,DNS,87.2,1.613,451.0,11004.5,8,0.0187,8.02,None
2024-01-01 06:47:55,4872688,7128272,HTTP,147.7,0.185,1084.8,6333.2,11,0.0166,2.81,None
2024-01-01 06:48:00,6360015,6718310,UDP,63.8,2.615,6051.8,4496.1,15,0.0099,10.89,None
2024-01-01 06:48:05,7083329,6779825,TCP,84.8,1.843,6726.7,8746.3,6,0.0347,10.85,None
2024-01-01 06:48:10,9968506,9689127,TCP,207.6,2.166,2414.6,5984.7,15,0.0,6.61,None
2024-01-01 06:48:15,4611807,9892171,TCP,200.7,4.582,6747.9,17754.2,5,0.0038,7.85,None
2024-01-01 06:48:20,6990764,2069954,HTTP,122.0,3.065,7671.4,28033.9,10,0.0037,18.45,None
2024-01-01 06:48:25,3412212,9962457,DNS,89.2,3.037,3479.5,2064.7,10,0.0043,15.33,None
2024-01-01 06:48:30,5481460,7205040,HTTP,88.8,5.24,1447.6,2378.4,6,0.0161,5.15,None
2024-01-01 06:48:35,3270642,3453647,HTTP,123.1,9.197,4633.4,31196.3,15,0.0043,22.76,None
2024-01-01 06:48:40,2494603,6275309,TCP,204.8,1.741,4851.2,9564.6,6,0.0075,7.31,None
2024-01-01 06:48:45,3641623,7453082,UDP,236.1,0.231,5848.5,2613.2,11,0.0095,12.8,None
2024-01-01 06:48:50,8886977,6313682,HTTP,115.8,1.229,7082.6,21660.6,11,0.0187,13.71,None
2024-01-01 06:48:55,8049628,4109627,TCP,83.4,3.099,763.4,11403.6,11,0.0096,5.13,None
2024-01-01 06:49:00,3817345,2621030,DNS,169.7,0.056,1790.2,73368.2,13,0.0048,6.99,None
2024-01-01 06:49:05,1843022,7662704,UDP,98.3,0.117,446.5,6404.1,10,0.0119,11.54,None
2024-01-01 06:49:10,8621093,7013042,DNS,114.5,0.139,6291.8,24555.8,12,0.0072,6.15,None
2024-01-01 06:49:15,7962290,3259130,TCP,287.9,2.626,2410.7,1903.0,12,0.0075,7.34,None
2024-01-01 06:49:20,1342868,6579492,UDP,224.4,1.391,4586.2,32729.4,10,0.0041,14.72,None
2024-01-01 06:49:25,5987479,9285945,DNS,160.6,0.921,681.5,20830.2,9,0.0,17.61,None
2024-01-01 06:49:30,6602672,8735840,TCP,78.6,0.223,12100.2,40309.7,12,0.0044,19.22,None
2024-01-01 06:49:35,8482328,3042304,UDP,165.0,2.635,902.9,24601.9,12,0.0036,2.92,None
2024-01-01 06:49:40,9206594,4199548,UDP,252.5,0.774,6467.6,7339.0,14,0.0011,17.69,None
2024-01-01 06:49:45,2232195,6562945,UDP,123.0,0.617,3354.1,2512.1,13,0.0022,22.47,None
2024-01-01 06:49:50,1222482,2213870,UDP,291.7,2.113,2466.5,4437.9,6,0.0396,13.94,None
2024-01-01 06:49:55,8020321,2205995,HTTP,283.3,1.637,2275.2,1392.5,7,0.0033,14.51,None
2024-01-01 06:50:00,6587593,1400031,DNS,341.0,0.9,1574.9,3226.3,7,0.0073,22.93,None
2024-01-01 06:50:05,9070414,9102585,UDP,172.9,2.052,10885.6,12405.1,12,0.008,20.87,None
2024-01-01 06:50:10,7182078,2817587,TCP,199.1,0.633,3018.8,7725.2,6,0.0082,13.38,None
2024-01-01 06:50:15,7287982,2946492,DNS,301.0,3.168,837.8,6479.6,8,0.0005,18.38,None
2024-01-01 06:50:20,7871884,2957808,TCP,185.6,0.521,2030.5,3666.1,6,0.0148,4.34,None
2024-01-01 06:50:25,6659946,2217202,UDP,115.5,0.346,3389.2,1376.9,9,0.0131,9.91,None
2024-01-01 06:50:30,9082119,8779149,TCP,118.6,3.051,7315.9,9721.4,9,0.0378,17.17,None
2024-01-01 06:50:35,6711590,2231596,TCP,167.2,2.461,1628.4,11839.1,12,0.002,6.93,None
2024-01-01 06:50:40,8846426,8591842,UDP,77.8,0.403,1741.0,3006.2,9,0.0081,10.89,None
2024-01-01 06:50:45,7906038,7911017,HTTP,138.2,0.247,3051.6,4753.1,11,0.0163,4.15,None
2024-01-01 06:50:50,7789328,8038630,DNS,256.8,3.645,7139.7,37878.3,9,0.0013,21.55,None
2024-01-01 06:50:55,1810698,1701949,UDP,49.6,2.998,758.4,25835.3,13,0.0156,21.5,None
2024-01-01 06:51:00,6369978,6851822,DNS,319.7,0.793,4941.2,1836.4,5,0.0031,11.48,None
2024-01-01 06:51:05,2393417,9985846,UDP,260.1,2.147,1874.2,7445.5,19,0.0033,4.61,None
2024-01-01 06:51:10,1549794,9823695,HTTP,117.9,0.265,2155.0,34716.0,11,0.0291,16.3,None
2024-01-01 06:51:15,4365238,5196921,UDP,194.7,1.415,22061.2,6526.2,10,0.0038,5.12,None
2024-01-01 06:51:20,8319281,2554529,UDP,148.6,0.038,2449.2,6192.3,6,0.0088,5.49,None
2024-01-01 06:51:25,1712179,8675784,HTTP,274.5,0.994,6340.4,24166.9,8,0.0058,23.33,None
2024-01-01 06:51:30,6987359,2691261,DNS,242.6,0.156,6117.5,21743.5,11,0.0008,2.39,None
2024-01-01 06:51:35,4980996,6709842,HTTP,73.7,1.289,916.0,20646.5,7,0.0301,9.1,None
2024-01-01 06:51:40,6825525,4772106,TCP,199.1,1.095,470.9,6235.5,10,0.0024,13.32,None
2024-01-01 06:51:45,5322788,4136134,UDP,133.9,1.175,6774.9,15723.1,15,0.0031,2.59,None
2024-01-01 06:51:50,5641612,4646595,UDP,154.7,0.093,1008.7,36125.2,7,0.0047,0.93,None
2024-01-01 06:51:55,2393365,6834285,UDP,103.1,0.898,564.4,7708.9,14,0.0069,13.02,None
2024-01-01 06:52:00,2221786,2834722,TCP,355.7,2.825,8317.9,5413.2,7,0.0016,2.75,None
2024-01-01 06:52:05,3998324,9505883,TCP,249.6,0.921,1075.5,27724.5,5,0.0099,6.03,None
2024-01-01 06:52:10,5353842,1662147,DNS,102.5,2.512,1376.8,62657.6,15,0.0072,11.93,None
2024-01-01 06:52:15,4471312,2036250,HTTP,76.1,0.922,21469.2,67171.5,11,0.0036,8.34,None
2024-01-01 06:52:20,9065675,9107101,DNS,122.4,1.101,566.9,5571.9,11,0.0118,17.05,None
2024-01-01 06:52:25,7573666,8148275,TCP,184.4,1.66,848.7,6160.8,14,0.0072,23.1,None
2024-01-01 06:52:30,1049783,4717998,HTTP,167.4,6.019,1882.4,2895.3,9,0.0184,18.08,None
2024-01-01 06:52:35,9128987,6907136,DNS,277.7,0.231,2344.3,9118.4,13,0.0193,24.0,None
2024-01-01 06:52:40,4535133,6463545,TCP,220.3,0.067,1219.6,2768.0,7,0.0392,9.33,None
2024-01-01 06:52:45,9320666,1241626,UDP,241.0,1.873,935.7,4785.6,13,0.0007,7.33,None
2024-01-01 06:52:50,2289567,5491833,UDP,174.8,5.956,13493.9,16336.1,9,0.0052,5.1,None
2024-01-01 06:52:55,4433785,7008717,UDP,74.1,9.156,3877.7,11967.8,11,0.007,21.24,None
2024-01-01 06:53:00,6110708,7768726,TCP,134.6,1.324,5351.7,1325.1,7,0.0027,9.36,None
2024-01-01 06:53:05,6174400,2557081,DNS,252.2,1.263,2598.7,38960.1,10,0.0255,17.06,None
2024-01-01 06:53:10,1221482,7948354,UDP,144.6,2.071,3981.7,2732.6,9,0.0009,16.19,None
2024-01-01 06:53:15,9147467,7248094,DNS,190.9,1.622,7577.2,3099.7,12,0.0056,1.37,None
2024-01-01 06:53:20,3447735,4819697,TCP,126.5,2.011,1100.7,2347.4,11,0.002,21.11,None
2024-01-01 06:53:25,9254692,2698102,UDP,88.7,4.143,3884.8,4182.7,3,0.0115,11.68,None
2024-01-01 06:53:30,4614893,1210144,TCP,139.5,2.743,5979.2,3305.0,12,0.0122,5.37,None
2024-01-01 06:53:35,6013461,8956504,HTTP,173.2,1.374,13971.8,3386.5,8,0.0206,23.5,None
2024-01-01 06:53:40,6243058,8094246,UDP,106.9,1.239,20908.1,689.3,11,0.0053,18.08,None
2024-01-01 06:53:45,1437071,4488389,UDP,131.9,2.041,3196.7,9227.4,6,0.0149,14.8,None
2024-01-01 06:53:50,1319947,1673417,DNS,92.8,1.217,9308.1,10219.6,12,0.008,23.72,None
2024-01-01 06:53:55,6165212,4521049,TCP,259.7,1.224,206.4,76451.1,10,0.0167,18.16,None
2024-01-01 06:54:00,6747234,1912133,HTTP,128.1,0.033,14076.8,13178.5,10,0.0009,2.91,None
2024-01-01 06:54:05,7110293,5653048,TCP,306.9,0.382,1442.5,4931.6,3,0.0062,23.79,None
2024-01-01 06:54:10,4198916,6190677,HTTP,318.7,1.341,2342.3,2438.9,8,0.0016,14.34,None
2024-01-01 06:54:15,2156740,2324974,UDP,142.5,3.459,4633.7,7359.3,10,0.0156,7.19,None
2024-01-01 06:54:20,7228907,6935662,DNS,89.6,0.653,2556.9,12691.9,11,0.0017,19.62,None
2024-01-01 06:54:25,3643505,2725650,TCP,52.3,1.479,3628.1,4898.3,12,0.0001,1.15,None
2024-01-01 06:54:30,7350134,5694299,DNS,71.1,0.846,14584.2,8612.9,8,0.0265,15.7,None
2024-01-01 06:54:35,4835768,5023500,TCP,74.7,0.221,2030.0,54033.2,8,0.0066,3.82,None
2024-01-01 06:54:40,7446560,1375004,HTTP,295.7,6.354,1005.3,5518.7,6,0.0421,2.1,None
2024-01-01 06:54:45,6850692,7652823,DNS,157.3,3.858,18278.2,1228.1,7,0.006,8.5,None
2024-01-01 06:54:50,1464829,2228823,UDP,180.3,0.163,5048.1,19408.9,14,0.0089,8.55,None
2024-01-01 06:54:55,5157124,5282308,TCP,48.9,2.544,20378.6,11095.8,12,0.0136,14.41,None
2024-01-01 06:55:00,8204480,4969376,DNS,81.5,0.854,7070.1,1467.0,12,0.0033,13.57,None
2024-01-01 06:55:05,4029202,5744610,UDP,231.3,10.537,793.5,12427.2,4,0.0014,16.51,None
2024-01-01 06:55:10,3758344,4630555,HTTP,171.3,0.72,5683.9,2987.3,7,0.0108,4.18,None
2024-01-01 06:55:15,4186640,6934208,HTTP,137.9,0.546,1114.4,12598.4,8,0.0071,20.9,None
2024-01-01 06:55:20,4233446,9548784,DNS,196.8,1.678,3003.2,54571.3,7,0.0175,20.61,None
2024-01-01 06:55:25,3560392,4247722,DNS,336.3,3.605,2763.6,6788.8,9,0.0005,5.19,None
2024-01-01 06:55:30,8817523,7025913,DNS,132.9,0.428,591.3,23939.2,11,0.0079,11.37,None
2024-01-01 06:55:35,9477155,6837029,UDP,153.7,2.472,1322.4,2372.1,7,0.0021,11.71,None
2024-01-01 06:55:40,3883363,8666651,DNS,163.4,0.127,27043.1,1773.3,9,0.0096,22.11,None
2024-01-01 06:55:45,2797035,8458172,TCP,490.8,5.025,3783.4,60923.3,17,0.0143,21.73,None
2024-01-01 06:55:50,1947064,2854666,HTTP,52.0,0.169,2500.9,11023.8,7,0.0031,1.62,None
2024-01-01 06:55:55,3704494,5670356,HTTP,208.8,4.912,18267.7,15316.3,14,0.0066,22.99,None
2024-01-01 06:56:00,7634154,2677555,HTTP,140.1,1.35,2005.7,25642.9,9,0.0055,1.65,None
2024-01-01 06:56:05,7620906,6206256,UDP,197.0,1.189,2720.5,4779.9,6,0.0141,13.19,None
2024-01-01 06:56:10,9404342,2834255,HTTP,106.8,7.247,8028.9,18492.4,14,0.0092,7.48,None
2024-01-01 06:56:15,2639434,8738933,HTTP,144.8,9.289,1996.7,15891.6,13,0.0013,9.37,None
2024-01-01 06:56:20,7339339,5656702,DNS,211.8,2.101,1413.0,2219.9,10,0.0376,15.04,None
2024-01-01 06:56:25,9672681,9741517,TCP,703.8,0.272,313.0,36790.1,13,0.0243,14.01,None
2024-01-01 06:56:30,3620762,9539493,TCP,222.3,1.411,1168.5,29937.3,8,0.0086,4.02,None
2024-01-01 06:56:35,2781792,2408001,HTTP,97.1,1.506,1157.4,2244.6,9,0.015,23.27,None
2024-01-01 06:56:40,7785028,2858707,UDP,120.1,1.445,3493.2,9900.0,5,0.0002,0.69,None
2024-01-01 06:56:45,2217812,5992579,HTTP,118.3,1.686,1619.0,6431.2,9,0.0023,8.24,None
2024-01-01 06:56:50,2774621,3723805,UDP,60.5,0.038,25797.1,33466.7,8,0.0146,19.23,None
2024-01-01 06:56:55,1234912,8936357,UDP,125.8,2.484,1035.2,1977.1,7,0.0011,20.42,None
2024-01-01 06:57:00,8768649,8175548,DNS,214.1,2.492,12096.2,297275.6,9,0.0004,19.13,None
2024-01-01 06:57:05,5306460,1601995,HTTP,78.5,0.245,3713.6,6805.7,15,0.0096,8.94,None
2024-01-01 06:57:10,7750400,9033632,UDP,250.7,1.689,6679.3,16957.2,11,0.0003,16.16,None
2024-01-01 06:57:15,4491550,3469634,DNS,189.4,1.68,6285.6,32451.4,6,0.002,18.34,None
2024-01-01 06:57:20,9173615,7394466,UDP,102.8,2.294,324.3,6660.8,9,0.0008,13.87,None
2024-01-01 06:57:25,6521154,5805760,TCP,138.3,0.179,2946.7,7223.2,6,0.0076,16.3,None
2024-01-01 06:57:30,7773441,9218720,UDP,330.0,1.97,2293.4,4900.9,9,0.0113,13.29,None
2024-01-01 06:57:35,1899985,3889216,HTTP,214.2,0.659,960.1,3342.7,7,0.002,1.32,None
2024-01-01 06:57:40,6481233,7532099,DNS,149.1,1.415,4720.3,10634.5,11,0.0063,6.56,None
2024-01-01 06:57:45,8094999,5788990,UDP,131.8,2.968,16589.8,7077.9,8,0.0002,16.86,None
2024-01-01 06:57:50,4125983,6836803,UDP,154.2,2.446,205.8,4868.9,10,0.0031,5.8,None
2024-01-01 06:57:55,8044951,2565002,HTTP,114.9,0.253,1746.8,5161.8,18,0.002,10.93,None
2024-01-01 06:58:00,1817864,3857722,HTTP,51.8,1.789,857.7,14418.0,9,0.0018,12.83,None
2024-01-01 06:58:05,8143051,3747231,HTTP,412.0,6.955,3202.8,3649.8,11,0.0025,16.1,None
2024-01-01 06:58:10,2342276,3390952,HTTP,160.4,0.341,2152.5,6329.9,15,0.0164,6.22,None
2024-01-01 06:58:15,3912930,5136481,TCP,181.1,3.833,1626.7,19903.8,6,0.0299,14.29,None
2024-01-01 06:58:20,1629257,4979751,TCP,144.2,2.425,5940.3,10375.7,11,0.0122,14.32,None
2024-01-01 06:58:25,7975945,9404736,UDP,102.8,2.974,15308.8,2836.8,9,0.0007,20.28,None
2024-01-01 06:58:30,1994306,4591315,HTTP,135.2,0.662,42672.9,7911.9,7,0.0099,13.25,None
2024-01-01 06:58:35,5009620,9655815,UDP,66.7,0.679,1422.8,12544.3,11,0.0132,7.08,None
2024-01-01 06:58:40,7987829,9152177,DNS,463.4,4.729,482.6,21791.4,15,0.0012,12.54,None
2024-01-01 06:58:45,7682996,6482440,TCP,80.1,0.892,5214.5,3807.1,9,0.0035,2.57,None
2024-01-01 06:58:50,4991321,3846637,UDP,88.6,0.13,14920.4,4635.4,7,0.0056,14.59,None
2024-01-01 06:58:55,5262409,3721960,HTTP,119.1,1.836,6725.7,4043.4,11,0.0037,21.99,None
2024-01-01 06:59:00,5861291,1079802,UDP,282.6,0.267,14858.8,4249.2,7,0.0073,12.72,None
2024-01-01 06:59:05,1939702,3602767,HTTP,149.5,3.185,2379.2,12149.0,10,0.0014,7.01,None
2024-01-01 06:59:10,8708010,8670050,DNS,80.0,2.053,1620.4,14683.6,7,0.0059,9.73,None
2024-01-01 06:59:15,4566638,4377052,DNS,277.9,4.155,3345.7,23176.7,12,0.0132,21.64,None
2024-01-01 06:59:20,7897328,9244795,HTTP,213.9,3.073,2141.9,7397.0,7,0.0062,19.51,None
2024-01-01 06:59:25,7085181,9889426,UDP,194.3,0.238,5785.4,1987.6,6,0.0024,19.28,None
2024-01-01 06:59:30,4094663,6350622,TCP,212.3,0.96,7861.8,15827.0,12,0.0162,13.54,None
2024-01-01 06:59:35,8717774,1482448,HTTP,491.4,2.979,8502.2,9500.9,6,0.005,9.51,None
2024-01-01 06:59:40,3756748,1466073,UDP,442.5,1.08,4967.1,8603.9,5,0.0055,3.18,None
2024-01-01 06:59:45,4120688,3980468,HTTP,105.3,7.177,3811.7,2245.3,12,0.0044,23.41,None
2024-01-01 06:59:50,1551195,5081346,HTTP,334.3,2.662,6597.4,6661.9,9,0.0034,4.3,None
2024-01-01 06:59:55,1816956,1777233,HTTP,179.8,0.031,418.6,2456.1,6,0.0092,6.05,None
2024-01-01 07:00:00,4579046,5768955,TCP,190.5,4.24,3679.6,13120.9,18,0.0021,18.34,None
2024-01-01 07:00:05,5174563,6547437,DNS,63.7,0.213,3141.6,5271.7,10,0.0147,8.42,None
2024-01-01 07:00:10,7982821,3487102,UDP,136.3,0.303,3688.9,4819.7,9,0.0066,14.01,None
2024-01-01 07:00:15,1421171,1556697,TCP,98.8,2.652,2730.9,1742.1,6,0.0215,18.28,None
2024-01-01 07:00:20,8591116,2361698,TCP,224.5,4.004,4591.0,22631.5,10,0.028,13.35,None
2024-01-01 07:00:25,5078045,4909303,UDP,253.5,1.537,1678.1,6256.9,13,0.0048,11.78,None
2024-01-01 07:00:30,2039802,7743543,HTTP,52.6,0.682,9223.6,8839.5,11,0.0017,1.22,None
2024-01-01 07:00:35,6327884,5343778,DNS,146.8,0.866,4787.0,3883.6,7,0.007,11.7,None
2024-01-01 07:00:40,4418728,1351906,HTTP,260.1,0.84,3465.8,1555.3,11,0.0032,10.92,None
2024-01-01 07:00:45,6864208,6263492,DNS,135.2,0.791,1484.0,4761.8,13,0.0056,21.13,None
2024-01-01 07:00:50,1742661,9900956,HTTP,213.7,0.557,6736.6,5588.5,13,0.0047,10.74,None
2024-01-01 07:00:55,9317588,1535967,UDP,176.9,1.877,3665.3,10859.1,7,0.006,15.12,None
2024-01-01 07:01:00,3621716,4919476,UDP,176.1,4.613,1400.4,5681.5,11,0.0069,18.57,None
2024-01-01 07:01:05,9135067,7178341,UDP,129.6,0.734,2816.7,3950.7,11,0.0099,11.23,None
2024-01-01 07:01:10,8438155,7157080,UDP,80.8,0.413,5591.9,1802.0,8,0.0,6.26,None
2024-01-01 07:01:15,6235922,4377246,TCP,84.7,3.647,5174.9,8505.4,7,0.003,21.45,None
2024-01-01 07:01:20,9774126,9429183,UDP,211.6,2.708,4851.3,3653.5,7,0.0019,21.49,None
2024-01-01 07:01:25,1399806,1315977,TCP,149.9,5.343,3270.0,30357.7,13,0.0124,21.6,None
2024-01-01 07:01:30,3797649,4668708,UDP,138.5,0.362,8315.0,9415.8,14,0.0179,6.55,None
2024-01-01 07:01:35,6134355,5505940,UDP,120.1,0.312,10278.4,14215.7,20,0.0129,7.57,None
2024-01-01 07:01:40,3923723,1239558,DNS,127.4,1.559,6231.2,6318.3,12,0.0368,22.05,None
2024-01-01 07:01:45,7234756,9082973,UDP,250.5,1.906,1656.6,9909.8,12,0.0008,3.02,None
2024-01-01 07:01:50,1783978,7246892,UDP,125.5,1.309,1034.8,3325.2,8,0.0063,15.74,None
2024-01-01 07:01:55,9558728,1826519,HTTP,75.9,1.827,1730.3,2494.3,8,0.023,7.02,None
2024-01-01 07:02:00,7944485,6660679,TCP,215.3,0.398,21029.0,8226.6,10,0.0038,17.31,None
2024-01-01 07:02:05,2372799,6289659,TCP,134.0,1.306,3950.9,14334.0,7,0.0162,20.01,None
2024-01-01 07:02:10,7727783,2341740,UDP,150.8,2.146,24995.3,1157.7,10,0.0082,9.79,None
2024-01-01 07:02:15,2640883,9777840,HTTP,331.6,1.134,2643.3,4919.2,8,0.0384,3.63,None
2024-01-01 07:02:20,4898532,9863806,TCP,146.9,2.275,2301.2,51129.8,12,0.0046,17.57,None
2024-01-01 07:02:25,2414429,5130787,UDP,171.5,1.2,2768.2,13085.1,9,0.0054,1.34,None
2024-01-01 07:02:30,5173644,7067841,TCP,82.3,0.812,2718.5,37708.7,13,0.0018,0.36,None
2024-01-01 07:02:35,8881744,3079906,DNS,133.0,0.724,1375.2,4298.2,13,0.0017,21.05,None
2024-01-01 07:02:40,1780465,6671992,HTTP,201.3,1.058,945.0,5126.1,7,0.0197,19.6,None
2024-01-01 07:02:45,1935106,3269248,TCP,68.2,0.047,4921.3,21305.8,9,0.0052,13.97,None
2024-01-01 07:02:50,7722938,2896622,TCP,164.1,2.208,8560.4,15116.2,11,0.0097,15.97,None
2024-01-01 07:02:55,6406226,7233320,UDP,156.1,3.73,34371.4,7373.3,9,0.014,22.86,None
2024-01-01 07:03:00,6654272,7257424,DNS,151.5,0.876,1932.0,2292.7,13,0.0058,1.51,None
2024-01-01 07:03:05,3194503,7013394,TCP,249.3,0.094,2095.1,25767.1,16,0.0307,5.2,None
2024-01-01 07:03:10,6358657,8296962,DNS,175.4,8.651,1378.5,99730.6,6,0.0278,17.5,None
2024-01-01 07:03:15,4519735,9281199,UDP,310.8,0.612,9188.7,1682.7,10,0.0114,6.34,None
2024-01-01 07:03:20,8910114,9907844,HTTP,90.3,0.271,6734.4,32978.8,10,0.0534,4.97,None
2024-01-01 07:03:25,4143170,3191068,DNS,158.9,0.923,1240.2,5073.1,7,0.0,10.61,None
2024-01-01 07:03:30,4792486,7004922,HTTP,154.8,2.683,1209.3,5805.3,14,0.0001,17.37,None
2024-01-01 07:03:35,5015369,4088810,HTTP,87.0,0.696,7727.3,10610.9,10,0.0007,5.05,None
2024-01-01 07:03:40,6404745,8328904,TCP,239.4,1.71,4373.0,2427.2,7,0.0287,10.31,None
2024-01-01 07:03:45,4346513,2709497,UDP,474.5,1.074,6363.8,7807.7,11,0.0093,12.45,None
2024-01-01 07:03:50,5409507,1008158,HTTP,147.2,0.251,1233.0,1617.7,17,0.0263,4.13,None
2024-01-01 07:03:55,5617948,7894442,UDP,191.0,0.802,455.9,13044.0,13,0.0014,11.44,None
2024-01-01 07:04:00,9299602,3316269,DNS,154.8,2.581,1242.7,75638.6,7,0.0003,20.78,None
2024-01-01 07:04:05,3752713,3991635,TCP,103.9,1.894,5929.9,4274.7,6,0.0078,17.91,None
2024-01-01 07:04:10,5655239,9422261,TCP,59.7,0.255,24613.7,6844.9,14,0.0019,12.08,None
2024-01-01 07:04:15,9956119,1914299,TCP,104.3,0.357,1940.2,7190.5,9,0.0196,3.01,None
2024-01-01 07:04:20,6013061,8791568,TCP,74.0,2.047,29023.3,21730.4,8,0.0055,0.56,None
2024-01-01 07:04:25,2378973,5102418,DNS,347.9,3.358,6835.1,12155.9,6,0.0147,1.61,None
2024-01-01 07:04:30,1940206,9883946,HTTP,140.1,0.86,740.2,20340.0,15,0.0073,18.01,None
2024-01-01 07:04:35,8364857,7283811,HTTP,124.8,1.809,3692.4,4884.2,8,0.0075,16.9,None
2024-01-01 07:04:40,7798722,2748793,HTTP,231.5,0.374,7072.5,12501.1,7,0.0115,17.91,None
2024-01-01 07:04:45,2655372,9012708,UDP,84.7,0.746,263.6,279.3,15,0.0041,7.37,None
2024-01-01 07:04:50,7845840,5498204,UDP,101.1,0.041,5678.5,15795.2,9,0.0297,2.16,None
2024-01-01 07:04:55,7242127,4171561,HTTP,153.6,2.924,9630.8,2397.6,20,0.0051,17.14,None
2024-01-01 07:05:00,3434900,5147253,DNS,248.2,1.025,4442.0,5839.5,9,0.0051,22.14,None
2024-01-01 07:05:05,2758031,2751200,UDP,190.7,3.387,2802.5,17073.0,9,0.0123,10.85,None
2024-01-01 07:05:10,7925115,5874051,DNS,168.0,2.465,2507.6,1744.0,9,0.0101,18.34,None
2024-01-01 07:05:15,1730002,7307352,DNS,154.3,3.529,2365.3,24087.1,5,0.0547,17.47,None
2024-01-01 07:05:20,3252680,6936806,TCP,181.3,0.673,919.7,7155.9,17,0.019,20.49,None
2024-01-01 07:05:25,8565485,4562870,DNS,164.2,0.409,1498.9,34652.2,7,0.0033,0.68,None
2024-01-01 07:05:30,9786618,1511729,DNS,88.7,7.144,1965.3,3285.1,9,0.0011,22.93,None
2024-01-01 07:05:35,4516279,2752103,HTTP,151.9,2.527,3339.2,1322.4,15,0.0011,20.77,None
2024-01-01 07:05:40,5286846,6513624,HTTP,86.8,3.592,1708.2,7871.9,8,0.0045,21.04,None
2024-01-01 07:05:45,5349103,3049741,HTTP,154.6,0.026,1250.0,14575.2,12,0.0065,23.91,None
2024-01-01 07:05:50,5084507,4155504,TCP,116.7,0.875,6372.7,15850.2,16,0.0101,15.35,None
2024-01-01 07:05:55,7997290,3906302,UDP,528.3,2.716,4318.3,2603.2,16,0.0195,1.96,None
2024-01-01 07:06:00,5796935,8080438,HTTP,145.5,0.162,1738.5,1596.2,12,0.0456,19.75,None
2024-01-01 07:06:05,2279097,4659882,DNS,73.5,1.676,4945.7,5929.4,10,0.0053,3.24,None
2024-01-01 07:06:10,7371052,3698650,DNS,138.8,1.121,1894.7,13581.2,5,0.0079,17.71,None
2024-01-01 07:06:15,8729359,6574370,DNS,192.4,0.036,3175.0,12910.4,8,0.0092,10.18,None
2024-01-01 07:06:20,3184616,7481535,HTTP,342.6,0.538,7903.4,39031.6,11,0.0082,0.16,None
2024-01-01 07:06:25,7596787,2301310,UDP,110.5,0.67,1629.9,5577.8,3,0.0009,10.46,None
2024-01-01 07:06:30,9254608,1542802,UDP,67.3,0.237,923.0,1280.6,12,0.0012,19.12,None
2024-01-01 07:06:35,5103408,3282229,UDP,223.3,1.997,2578.2,26813.7,12,0.022,2.1,None
2024-01-01 07:06:40,5434820,1777360,HTTP,74.4,0.555,762.4,9849.7,7,0.0113,0.05,None
2024-01-01 07:06:45,4384438,6241091,DNS,119.3,0.65,2258.7,10744.9,17,0.0114,10.87,None
2024-01-01 07:06:50,7842521,4097827,UDP,130.5,4.57,2251.5,17449.9,3,0.0169,0.04,None
2024-01-01 07:06:55,5259676,7462612,TCP,143.3,1.259,253.7,28671.1,12,0.0009,22.43,None
2024-01-01 07:07:00,9228651,6548305,DNS,209.5,0.996,5067.7,7918.7,8,0.0054,19.8,None
2024-01-01 07:07:05,9334556,1087312,TCP,105.4,2.574,2483.2,26279.7,19,0.0028,15.12,None
2024-01-01 07:07:10,8298705,8935355,HTTP,129.4,4.807,9719.6,14074.7,11,0.0108,0.42,None
2024-01-01 07:07:15,2572572,4764541,DNS,147.4,0.051,3697.9,4206.6,14,0.0024,13.68,None
2024-01-01 07:07:20,7029044,6619597,DNS,159.9,1.189,6220.5,6417.4,13,0.0118,16.11,None
2024-01-01 07:07:25,1689960,9902527,HTTP,155.9,1.887,9799.0,15014.1,9,0.0049,14.1,None
2024-01-01 07:07:30,4218921,5144827,UDP,184.6,0.767,2613.1,3988.5,14,0.0058,22.73,None
2024-01-01 07:07:35,2698973,6002743,TCP,226.3,2.96,2978.5,19662.3,10,0.017,19.95,None
2024-01-01 07:07:40,2016149,8441378,TCP,180.6,7.114,618.0,9491.8,8,0.0043,8.76,None
2024-01-01 07:07:45,8296034,2176079,HTTP,186.2,5.744,10296.3,11868.2,10,0.003,16.68,None
2024-01-01 07:07:50,3277042,6186025,UDP,67.3,0.618,2576.8,34217.9,7,0.019,11.07,None
2024-01-01 07:07:55,9084718,6682075,DNS,152.2,0.513,1090.4,11574.6,7,0.0116,22.28,None
2024-01-01 07:08:00,7282344,4938571,TCP,188.6,6.316,6246.2,8702.9,12,0.0052,14.84,None
2024-01-01 07:08:05,1277845,3469788,HTTP,213.7,1.227,337.0,7460.8,12,0.0069,13.97,None
2024-01-01 07:08:10,9372717,2940040,TCP,105.0,0.467,1940.5,7082.2,13,0.0043,12.02,None
2024-01-01 07:08:15,2126337,7107730,UDP,106.7,2.455,7393.2,11073.4,10,0.008,9.07,None
2024-01-01 07:08:20,4735083,4526019,HTTP,111.4,0.669,1924.2,31676.3,10,0.0015,3.55,None
2024-01-01 07:08:25,9214257,3531016,TCP,194.1,0.622,1454.0,4395.0,8,0.0219,6.57,None
2024-01-01 07:08:30,3436015,2465436,HTTP,248.9,4.228,1966.2,4074.7,13,0.0081,7.98,None
2024-01-01 07:08:35,7625480,9998891,HTTP,121.1,0.355,399.4,29291.1,11,0.0049,3.7,None
2024-01-01 07:08:40,8528486,6507033,TCP,233.7,0.133,6096.6,4600.2,10,0.0085,19.51,None
2024-01-01 07:08:45,4186448,3267227,UDP,157.9,0.627,2636.3,10057.7,11,0.0018,0.05,None
2024-01-01 07:08:50,3714890,1300083,UDP,139.5,1.868,2270.3,4483.7,13,0.0008,21.98,None
2024-01-01 07:08:55,2409290,8360756,HTTP,133.5,0.263,2278.6,1511.0,8,0.0079,3.08,None
2024-01-01 07:09:00,8051061,8076702,TCP,215.6,1.276,3023.2,9879.6,12,0.0007,1.22,None
2024-01-01 07:09:05,3611137,2482117,TCP,174.7,1.974,5729.8,24715.1,8,0.0108,23.88,None
2024-01-01 07:09:10,3809607,6538210,TCP,463.1,3.777,2829.7,7615.5,7,0.0161,24.0,None
2024-01-01 07:09:15,4426093,1392588,UDP,96.9,0.522,763.8,1841.5,7,0.0445,4.6,None
2024-01-01 07:09:20,2386090,8004764,DNS,192.3,3.4,5300.3,9036.9,14,0.0147,3.21,None
2024-01-01 07:09:25,7655375,4100181,DNS,113.9,0.536,4907.7,3804.9,9,0.0365,4.75,None
2024-01-01 07:09:30,8903046,1431515,TCP,96.1,2.259,3661.1,590.2,6,0.0002,12.27,None
2024-01-01 07:09:35,2823392,5480334,HTTP,147.6,1.127,8736.3,7473.5,11,0.0082,7.71,None
2024-01-01 07:09:40,1519815,9308485,HTTP,159.0,0.244,3072.9,13598.1,15,0.0018,8.07,None
2024-01-01 07:09:45,9060662,8810343,DNS,638.5,2.505,9057.8,26310.0,11,0.0028,19.43,None
2024-01-01 07:09:50,9339846,8798394,DNS,135.4,0.491,12175.9,46950.8,9,0.0133,21.36,None
2024-01-01 07:09:55,4777042,9480575,UDP,84.3,0.389,5336.4,15536.3,8,0.0029,23.28,None
2024-01-01 07:10:00,9914494,1370287,TCP,170.1,0.887,1411.0,20610.7,12,0.002,12.35,None
2024-01-01 07:10:05,6109752,6741069,TCP,52.6,2.119,2615.5,2242.7,11,0.0046,5.91,None
2024-01-01 07:10:10,1566217,7361707,UDP,141.7,0.533,10289.3,41020.4,10,0.0009,13.32,None
2024-01-01 07:10:15,6527646,5333799,TCP,149.6,0.406,666.7,28777.8,11,0.0016,20.91,None
2024-01-01 07:10:20,4319496,4048570,DNS,220.8,0.02,2014.3,5613.2,5,0.0016,0.74,None
2024-01-01 07:10:25,8995290,8255003,HTTP,241.5,1.276,2115.5,16021.1,6,0.0026,21.87,None
2024-01-01 07:10:30,9439201,7603829,UDP,115.4,1.119,1254.9,14487.9,8,0.0205,5.44,None
2024-01-01 07:10:35,4224291,8460701,TCP,137.6,0.533,7135.8,35249.7,8,0.0035,7.45,None
2024-01-01 07:10:40,7612288,4135901,UDP,101.2,0.11,4345.1,6966.7,9,0.0032,8.74,None
2024-01-01 07:10:45,8464028,6526983,TCP,84.4,1.122,1464.0,3842.1,9,0.0013,21.93,None
2024-01-01 07:10:50,9838959,2705380,TCP,173.3,3.104,5461.7,4964.2,10,0.0002,4.22,None
2024-01-01 07:10:55,1705419,5036556,TCP,78.5,2.513,2544.2,19866.6,12,0.0017,5.35,None
2024-01-01 07:11:00,8138629,7247340,DNS,120.6,3.944,1223.9,1188.1,6,0.0128,17.55,None
2024-01-01 07:11:05,4574992,2197335,UDP,90.2,0.019,1461.3,404.6,5,0.035,22.43,None
2024-01-01 07:11:10,2879819,9439763,TCP,195.4,6.788,4610.3,19816.1,5,0.0136,2.51,None
2024-01-01 07:11:15,5032211,4865744,DNS,365.3,0.835,7623.6,10665.9,12,0.0192,12.53,None
2024-01-01 07:11:20,9149159,6889520,DNS,77.4,9.292,1832.1,8254.1,12,0.0155,21.95,None
2024-01-01 07:11:25,1115611,9207093,TCP,58.8,0.582,5138.1,2196.1,8,0.0035,21.27,None
2024-01-01 07:11:30,7816389,4297616,DNS,139.4,1.276,14497.8,1465.7,5,0.0131,22.76,None
2024-01-01 07:11:35,9183151,7648162,DNS,149.6,0.874,846.5,4296.1,12,0.0139,21.65,None
2024-01-01 07:11:40,2298867,1276167,HTTP,165.6,0.879,4254.2,11634.1,8,0.003,7.55,None
2024-01-01 07:11:45,2367550,6591804,DNS,118.7,3.694,6840.8,4510.9,17,0.0253,4.99,None
2024-01-01 07:11:50,8119510,9178530,DNS,134.2,2.744,2710.4,19932.4,8,0.0619,21.64,None
2024-01-01 07:11:55,2012958,5567328,UDP,178.4,9.695,10283.4,3121.1,12,0.0082,17.09,None
2024-01-01 07:12:00,3936008,4941627,HTTP,249.7,1.901,26871.9,4820.6,16,0.0038,9.08,None
2024-01-01 07:12:05,5883609,9600658,UDP,55.8,1.244,4202.2,16369.9,10,0.0044,17.11,None
2024-01-01 07:12:10,5321936,2557099,HTTP,123.4,0.189,2360.0,5558.5,3,0.0087,7.37,None
2024-01-01 07:12:15,4040336,1483352,UDP,165.2,11.345,7918.7,5841.0,10,0.0001,13.95,None
2024-01-01 07:12:20,7961260,4214776,DNS,93.8,1.604,6919.3,4257.8,10,0.0037,5.6,None
2024-01-01 07:12:25,8107357,8742789,UDP,352.7,2.411,240.1,3537.1,11,0.0005,13.48,None
2024-01-01 07:12:30,5668893,1812834,TCP,108.0,1.044,2972.8,11547.0,11,0.0098,22.16,None
2024-01-01 07:12:35,6507955,4756103,UDP,145.4,1.587,2009.0,13143.8,15,0.0093,18.51,None
2024-01-01 07:12:40,6143611,8961351,UDP,196.0,5.715,4432.4,10169.5,13,0.0089,15.75,None
2024-01-01 07:12:45,7447474,5908003,TCP,110.4,0.364,2456.1,4375.7,10,0.0016,5.9,None
2024-01-01 07:12:50,7244884,3669286,HTTP,59.0,0.692,2737.6,6624.4,13,0.0289,1.52,None
2024-01-01 07:12:55,2566841,7529725,TCP,119.8,0.33,1257.4,39972.0,9,0.0076,17.05,None
2024-01-01 07:13:00,8276817,6184873,HTTP,248.3,3.143,6213.8,1956.5,20,0.0081,13.83,None
2024-01-01 07:13:05,3873540,5394840,TCP,125.4,0.128,15600.3,53417.4,6,0.0079,5.1,None
2024-01-01 07:13:10,1441676,1824798,DNS,97.2,0.17,1277.1,8952.8,8,0.0074,22.43,None
2024-01-01 07:13:15,8649177,5116944,TCP,235.8,0.709,737.3,6767.4,12,0.0279,13.25,None
2024-01-01 07:13:20,5195901,6685201,HTTP,125.8,1.444,3041.2,21023.1,11,0.0092,13.72,None
2024-01-01 07:13:25,5503463,9798125,UDP,115.0,1.043,2896.7,1025.3,10,0.0066,7.17,None
2024-01-01 07:13:30,3871716,4891285,DNS,159.9,0.092,9613.6,32219.3,15,0.0145,21.11,None
2024-01-01 07:13:35,5858415,2146642,UDP,218.2,6.316,872.0,51933.8,13,0.0029,21.39,None
2024-01-01 07:13:40,5396712,6405315,HTTP,488.3,6.11,1740.7,24052.0,8,0.0021,17.16,None
2024-01-01 07:13:45,8278647,3363189,UDP,224.4,0.655,348.0,990.0,14,0.0058,2.38,None
2024-01-01 07:13:50,1390414,5150835,UDP,265.1,2.63,11789.7,17399.0,11,0.0002,2.03,None
2024-01-01 07:13:55,5920008,1757157,UDP,115.2,1.728,3829.7,42024.1,6,0.0035,11.27,None
2024-01-01 07:14:00,4704251,1866291,DNS,88.9,0.542,1875.4,37901.6,10,0.0054,3.41,None
2024-01-01 07:14:05,5413718,6239672,UDP,153.1,0.608,794.5,1982.1,6,0.0086,7.97,None
2024-01-01 07:14:10,6337592,6135971,HTTP,156.6,1.351,870.9,22389.7,9,0.0078,4.11,None
2024-01-01 07:14:15,6196268,8454241,DNS,86.6,1.087,4511.0,48804.1,9,0.0046,7.44,None
2024-01-01 07:14:20,7504099,3277514,HTTP,136.0,0.688,984.9,8345.4,7,0.0042,22.63,None
2024-01-01 07:14:25,3235329,6401210,DNS,181.2,3.295,3307.7,1895.6,16,0.0,18.08,None
2024-01-01 07:14:30,1659665,9053061,TCP,177.7,1.313,22993.0,18557.9,12,0.0213,3.32,None
2024-01-01 07:14:35,5538097,9988917,HTTP,191.0,2.128,2105.7,23245.3,15,0.0026,16.05,None
2024-01-01 07:14:40,8541504,7331563,TCP,171.7,0.42,1139.7,7050.1,9,0.0044,0.73,None
2024-01-01 07:14:45,3254163,1471114,HTTP,115.2,1.525,4367.8,2463.3,11,0.0002,23.61,None
2024-01-01 07:14:50,6247190,4293986,HTTP,114.8,0.765,875.0,21630.8,7,0.0314,12.76,None
2024-01-01 07:14:55,1529573,5770398,TCP,81.5,1.495,16647.0,3756.3,14,0.0068,12.13,None
2024-01-01 07:15:00,6846129,1010452,DNS,362.3,3.036,12132.2,12056.3,7,0.0002,5.77,None
2024-01-01 07:15:05,7596891,7464212,HTTP,149.4,2.93,2529.6,38490.5,15,0.0029,10.99,None
2024-01-01 07:15:10,3225390,1222294,UDP,132.6,0.875,1215.3,1542.6,7,0.0211,12.63,None
2024-01-01 07:15:15,5109728,9915977,UDP,93.3,2.37,1947.4,20085.7,9,0.0047,15.8,None
2024-01-01 07:15:20,8510768,3645691,DNS,644.1,5.67,2217.9,6590.7,5,0.0117,1.1,None
2024-01-01 07:15:25,4435041,2425439,HTTP,86.8,1.965,4374.6,6763.8,10,0.0095,8.21,None
2024-01-01 07:15:30,1826093,2687423,TCP,119.8,0.321,8430.7,13552.4,11,0.0064,9.29,None
2024-01-01 07:15:35,8483426,9219722,UDP,182.7,2.277,1057.3,3746.6,13,0.0179,3.58,None
2024-01-01 07:15:40,9707474,3997466,HTTP,200.4,0.222,8192.0,2502.3,18,0.0004,5.75,None
2024-01-01 07:15:45,9034873,9864795,HTTP,239.6,4.113,5528.6,1360.8,8,0.0244,5.68,None
2024-01-01 07:15:50,9543946,4943542,HTTP,366.4,1.454,1794.0,27771.4,9,0.0127,19.45,None
2024-01-01 07:15:55,8861437,2445888,HTTP,191.2,0.973,1005.5,5587.7,10,0.0199,16.49,None
2024-01-01 07:16:00,9174237,8489893,DNS,87.5,0.117,3348.4,14327.6,8,0.0002,22.15,None
2024-01-01 07:16:05,8328558,1162195,TCP,130.5,0.959,1033.2,4988.9,8,0.0009,7.44,None
2024-01-01 07:16:10,3385360,5692990,TCP,173.1,4.67,8297.3,2535.7,8,0.0023,21.16,None
2024-01-01 07:16:15,1731065,1486192,TCP,417.4,0.042,968.9,15557.7,6,0.009,20.73,None
2024-01-01 07:16:20,1353548,4412102,TCP,73.8,1.287,5154.9,11248.2,10,0.001,10.75,None
2024-01-01 07:16:25,9124193,5080635,DNS,270.8,5.352,2750.1,6393.9,5,0.0268,15.11,None
2024-01-01 07:16:30,7653226,3104411,TCP,162.4,1.005,1701.7,10958.8,10,0.0138,14.35,None
2024-01-01 07:16:35,4614479,4299239,DNS,225.6,1.118,2689.7,3101.1,15,0.0165,7.39,None
2024-01-01 07:16:40,2420633,2650072,HTTP,141.0,1.728,8777.8,23402.5,11,0.0088,6.29,None
2024-01-01 07:16:45,5638888,9463213,UDP,97.4,1.243,904.8,29507.3,11,0.01,4.06,None
2024-01-01 07:16:50,1500660,5402838,DNS,216.0,0.369,1974.1,17314.6,7,0.0025,20.1,None
2024-01-01 07:16:55,8318108,4822522,TCP,205.9,0.037,1405.7,5586.0,13,0.0241,12.8,None
2024-01-01 07:17:00,3978798,8348376,TCP,241.3,1.882,2868.0,8598.5,8,0.0105,8.12,None
2024-01-01 07:17:05,9268117,1917376,UDP,147.4,5.072,1503.2,38903.4,5,0.0054,12.24,None
2024-01-01 07:17:10,1010560,4572896,TCP,110.0,0.225,508.7,29177.9,8,0.0213,1.93,None
2024-01-01 07:17:15,4623459,9251316,DNS,68.1,0.474,1037.8,59508.2,7,0.0199,2.54,None
2024-01-01 07:17:20,1153106,8155451,HTTP,223.6,0.925,15332.9,3712.6,12,0.0,18.22,None
2024-01-01 07:17:25,3731890,9988726,TCP,183.5,3.308,3815.1,3394.1,12,0.0259,21.63,None
2024-01-01 07:17:30,9269063,3531686,UDP,91.6,0.627,3686.2,9268.4,11,0.0045,7.69,None
2024-01-01 07:17:35,5144641,1059543,UDP,113.4,4.275,2247.1,12172.0,8,0.0055,9.82,None
2024-01-01 07:17:40,4361565,2930764,TCP,117.5,0.113,2831.0,7028.4,12,0.0009,8.97,None
2024-01-01 07:17:45,4681579,6867286,HTTP,70.7,5.659,1939.5,5488.0,5,0.021,11.5,None
2024-01-01 07:17:50,1255578,4060634,UDP,98.6,1.645,5048.9,28778.8,8,0.0077,9.94,None
2024-01-01 07:17:55,1198821,5543674,HTTP,84.2,2.15,3297.1,7400.2,14,0.0236,9.27,None
2024-01-01 07:18:00,3200834,1461504,UDP,120.8,0.917,924.0,2403.8,15,0.0152,15.84,None
2024-01-01 07:18:05,8601078,9184971,TCP,102.6,3.046,3841.9,2698.1,10,0.0228,6.53,None
2024-01-01 07:18:10,8583722,6811046,TCP,65.8,0.364,255.0,10374.1,11,0.0296,22.62,None
2024-01-01 07:18:15,4699510,8123901,UDP,408.0,0.1,4509.1,163187.1,4,0.0217,7.4,None
2024-01-01 07:18:20,4853709,5993023,HTTP,277.6,1.007,728.2,3053.5,12,0.0024,5.15,None
2024-01-01 07:18:25,5733836,8348166,DNS,100.5,3.844,2707.9,5914.3,8,0.0007,23.33,None
2024-01-01 07:18:30,8660171,5454317,HTTP,170.1,2.812,902.7,89751.9,16,0.0097,5.49,None
2024-01-01 07:18:35,2973325,8916983,TCP,182.9,1.456,2989.4,4992.6,13,0.0017,12.88,None
2024-01-01 07:18:40,3632765,8355112,HTTP,269.2,1.698,5314.9,12777.8,5,0.0199,7.89,None
2024-01-01 07:18:45,7127740,7816676,DNS,98.6,0.278,13397.5,52886.9,9,0.0295,1.86,None
2024-01-01 07:18:50,3615574,6557461,UDP,256.2,3.674,638.2,3129.2,11,0.0013,22.87,None
2024-01-01 07:18:55,7606370,6659974,UDP,112.8,3.093,7906.8,5947.6,12,0.0027,8.98,None
2024-01-01 07:19:00,9405985,8263211,UDP,76.1,2.137,3398.7,4992.2,11,0.0098,15.48,None
2024-01-01 07:19:05,6455292,7147740,DNS,213.2,1.255,1899.5,1776.0,12,0.0129,20.69,None
2024-01-01 07:19:10,1940589,7664798,DNS,283.0,6.674,6373.2,38924.0,10,0.0072,13.27,None
2024-01-01 07:19:15,6724428,1290872,UDP,541.3,4.224,2354.5,4512.5,14,0.0046,17.11,None
2024-01-01 07:19:20,2831158,5359112,HTTP,81.5,2.068,6109.1,3373.7,12,0.0037,18.83,None
2024-01-01 07:19:25,3340449,2753554,DNS,210.5,0.93,1105.1,5195.6,8,0.011,9.16,None
2024-01-01 07:19:30,2991913,2920962,UDP,120.9,1.925,1582.9,20513.4,9,0.0136,15.09,None
2024-01-01 07:19:35,2423344,8526943,TCP,219.6,1.713,7658.7,9071.5,8,0.0034,4.94,None
2024-01-01 07:19:40,8317927,4513287,DNS,71.1,1.003,13166.1,3671.4,14,0.0039,1.33,None
2024-01-01 07:19:45,8588572,4159049,TCP,78.9,0.733,2878.3,12199.5,8,0.0062,23.68,None
2024-01-01 07:19:50,4238261,2934415,UDP,100.7,1.045,183.6,18262.3,14,0.006,2.22,None
2024-01-01 07:19:55,9988763,5331389,TCP,154.4,1.706,2442.9,7912.8,9,0.0185,10.29,None
2024-01-01 07:20:00,4891069,6045233,TCP,107.7,1.118,3079.2,6407.6,7,0.0057,1.62,None
2024-01-01 07:20:05,3831948,7444638,TCP,206.3,0.612,2361.9,22378.9,13,0.0384,22.14,None
2024-01-01 07:20:10,7115868,8421722,TCP,248.0,2.862,4172.8,6773.8,10,0.0037,2.62,None
2024-01-01 07:20:15,8597460,5370463,TCP,200.3,1.516,1850.3,40465.0,6,0.0118,18.88,None
2024-01-01 07:20:20,6316492,2723876,TCP,333.4,0.14,6897.2,3798.5,13,0.0142,17.18,None
2024-01-01 07:20:25,6718519,6192637,HTTP,182.7,0.919,928.2,3711.1,8,0.01,1.08,None
2024-01-01 07:20:30,6338522,1917068,UDP,80.8,4.324,10268.6,3282.0,8,0.0046,17.31,None
2024-01-01 07:20:35,6790316,4996497,DNS,293.4,2.815,14045.8,6381.5,14,0.003,23.26,None
2024-01-01 07:20:40,1989416,5743684,TCP,109.7,0.781,1196.2,8123.4,8,0.0093,12.5,None
2024-01-01 07:20:45,3819326,9741124,UDP,234.0,5.567,1195.6,2152.5,10,0.0107,6.95,None
2024-01-01 07:20:50,6141686,2248189,UDP,326.0,0.159,4494.9,8926.3,15,0.003,13.08,None
2024-01-01 07:20:55,7686131,6965102,TCP,186.5,6.5,909.4,14262.0,14,0.0041,2.9,None
2024-01-01 07:21:00,6520591,8318350,DNS,70.2,0.564,1821.5,1871.5,13,0.0198,22.94,None
2024-01-01 07:21:05,6290322,8785201,DNS,93.8,0.018,8978.0,4811.8,16,0.0166,8.77,None
2024-01-01 07:21:10,3387926,5745438,DNS,287.5,1.138,6233.0,14292.4,9,0.002,10.97,None
2024-01-01 07:21:15,9862599,8416388,HTTP,136.4,0.889,21594.6,2726.0,11,0.0271,9.63,None
2024-01-01 07:21:20,9377418,8475359,DNS,154.4,1.549,3536.1,5907.8,8,0.0099,0.67,None
2024-01-01 07:21:25,4343144,4224911,DNS,216.9,3.187,1618.3,24057.1,7,0.0069,0.82,None
2024-01-01 07:21:30,4649758,6153561,UDP,210.2,3.696,3137.7,48785.2,10,0.0022,13.5,None
2024-01-01 07:21:35,8759276,1814394,DNS,170.6,1.026,2564.2,12580.7,5,0.0131,12.06,None
2024-01-01 07:21:40,4605080,3735838,DNS,133.7,1.124,2600.5,6841.4,7,0.0254,23.68,None
2024-01-01 07:21:45,2375305,7840399,HTTP,126.9,0.321,2910.8,4907.9,10,0.0007,6.32,None
2024-01-01 07:21:50,3942536,5390009,TCP,227.9,0.097,1174.1,20145.9,8,0.0074,8.84,None
2024-01-01 07:21:55,6997639,2223071,HTTP,195.7,2.05,3953.0,25170.0,10,0.021,23.71,None
2024-01-01 07:22:00,1728935,4378075,UDP,130.5,0.133,728.8,2549.3,10,0.0305,1.15,None
2024-01-01 07:22:05,2103860,9403727,DNS,254.9,2.647,1455.6,20139.3,7,0.0007,15.42,None
2024-01-01 07:22:10,7621056,2164552,UDP,139.1,1.549,2646.8,4415.8,7,0.0157,2.44,None
2024-01-01 07:22:15,8730324,5809201,UDP,96.9,0.443,311.2,3430.4,8,0.0033,22.71,None
2024-01-01 07:22:20,2535933,1089539,HTTP,101.5,1.551,6431.7,6949.0,8,0.0078,6.91,None
2024-01-01 07:22:25,2368323,5498196,TCP,91.0,0.404,382.5,21842.5,10,0.0153,19.54,None
2024-01-01 07:22:30,1539122,7907516,DNS,129.5,1.155,5823.1,11041.4,12,0.0079,21.87,None
2024-01-01 07:22:35,6391185,3278387,HTTP,275.0,3.214,818.3,10746.5,19,0.0012,20.33,None
2024-01-01 07:22:40,2572333,8057109,UDP,99.2,1.239,1988.4,11526.9,10,0.0089,13.37,None
2024-01-01 07:22:45,5861417,4527636,UDP,163.1,0.322,5009.7,12934.6,13,0.0013,23.36,None
2024-01-01 07:22:50,1008525,9880668,TCP,106.9,2.573,26853.2,7228.9,10,0.0043,16.24,None
2024-01-01 07:22:55,9274735,5207782,HTTP,130.3,0.413,3349.1,15243.2,9,0.0082,18.87,None
2024-01-01 07:23:00,8713571,7208571,DNS,69.8,2.683,410.5,4189.4,15,0.0476,5.86,None
2024-01-01 07:23:05,8177729,4400545,UDP,132.9,1.305,7736.4,15537.4,11,0.013,10.04,None
2024-01-01 07:23:10,9687822,9833111,DNS,134.7,1.209,2363.9,19091.2,8,0.0036,14.36,None
2024-01-01 07:23:15,8404376,8740513,UDP,194.4,3.813,3196.8,16303.5,10,0.0209,3.5,None
2024-01-01 07:23:20,1736157,7673574,TCP,165.9,2.466,5207.5,17171.9,12,0.0026,23.18,None
2024-01-01 07:23:25,4923335,5946232,HTTP,81.5,0.067,322.0,12898.5,14,0.0048,2.63,None
2024-01-01 07:23:30,5091485,9244012,HTTP,255.2,0.702,3000.5,26198.1,10,0.0104,17.59,None
2024-01-01 07:23:35,5490566,3673041,TCP,164.9,4.095,1978.9,835.8,7,0.0053,1.39,None
2024-01-01 07:23:40,9226896,3508707,TCP,163.9,0.037,10115.6,19029.5,10,0.0131,2.46,None
2024-01-01 07:23:45,3589407,1636228,UDP,147.7,1.576,6167.9,58422.6,11,0.0105,14.96,None
2024-01-01 07:23:50,5830872,3405254,DNS,114.6,2.603,585.8,4350.8,10,0.011,10.86,None
2024-01-01 07:23:55,9349679,8295069,HTTP,165.5,1.945,10536.8,3890.4,12,0.0055,0.09,None
2024-01-01 07:24:00,4082075,8701999,DNS,188.3,2.859,4672.9,29328.6,14,0.0006,9.45,None
2024-01-01 07:24:05,9282483,5258103,DNS,62.0,2.587,634.4,3207.5,15,0.0206,6.0,None
2024-01-01 07:24:10,3460731,1578932,TCP,113.4,2.356,3151.9,4160.0,9,0.0008,20.92,None
2024-01-01 07:24:15,1660757,8770015,TCP,130.7,3.447,8390.3,9604.1,6,0.0062,16.99,None
2024-01-01 07:24:20,1463013,8797619,UDP,168.7,2.075,885.3,3644.8,10,0.0036,17.7,None
2024-01-01 07:24:25,5501829,5534607,UDP,269.5,1.03,11820.3,19438.8,8,0.0035,22.82,None
2024-01-01 07:24:30,5906187,4360814,TCP,100.9,1.277,656.8,3674.6,9,0.0026,17.04,None
2024-01-01 07:24:35,9359516,1067740,TCP,115.7,2.523,1351.2,11621.7,12,0.0032,3.85,None
2024-01-01 07:24:40,8370683,4869124,UDP,114.9,4.18,1161.1,10769.6,13,0.0311,22.5,None
2024-01-01 07:24:45,8369215,6948484,HTTP,99.4,0.636,11812.7,42782.7,10,0.0358,2.71,None
2024-01-01 07:24:50,9454837,7767439,HTTP,124.8,0.837,1824.4,25985.7,2,0.0085,4.62,None
2024-01-01 07:24:55,9400438,6690174,UDP,218.2,5.34,931.9,4771.8,8,0.0074,6.84,None
2024-01-01 07:25:00,9364703,4288900,HTTP,87.6,1.728,4652.7,2288.2,10,0.0005,4.2,None
2024-01-01 07:25:05,2072765,8123676,HTTP,183.8,0.394,5774.4,18731.6,13,0.0163,0.44,None
2024-01-01 07:25:10,7470544,7951965,DNS,63.4,2.179,5811.2,4215.9,13,0.0019,11.02,None
2024-01-01 07:25:15,4912807,6065381,DNS,112.1,9.369,2272.6,5792.5,9,0.0015,16.51,None
2024-01-01 07:25:20,4018213,6167155,TCP,125.9,3.468,3845.0,2807.8,15,0.0055,10.11,None
2024-01-01 07:25:25,2671550,1624549,DNS,342.9,2.739,1555.8,15978.7,11,0.0043,5.63,None
2024-01-01 07:25:30,2093671,7784307,HTTP,129.4,0.467,15911.6,4245.0,11,0.001,21.19,None
2024-01-01 07:25:35,4627892,4991138,TCP,49.4,4.177,9360.0,7824.1,13,0.0016,9.32,None
2024-01-01 07:25:40,5396138,7222642,HTTP,54.6,1.492,8804.0,7946.6,7,0.0487,20.13,None
2024-01-01 07:25:45,2540624,5182848,UDP,151.0,4.402,6595.3,9735.8,8,0.0133,4.28,None
2024-01-01 07:25:50,8020047,3667053,HTTP,201.7,0.8,5012.7,15703.5,13,0.0091,8.0,None
2024-01-01 07:25:55,7514203,2937425,TCP,179.1,0.128,858.9,6356.2,5,0.0036,19.28,None
2024-01-01 07:26:00,3872237,9393523,UDP,161.4,1.292,5615.6,3860.6,13,0.0056,0.73,None
2024-01-01 07:26:05,4137468,6889645,TCP,265.4,0.629,3341.8,1262.0,14,0.0099,22.09,None
2024-01-01 07:26:10,7051982,7626846,UDP,113.3,2.512,10544.5,8978.9,15,0.0153,9.52,None
2024-01-01 07:26:15,2448853,7297973,UDP,232.2,6.298,6683.6,6925.7,15,0.0293,23.47,None
2024-01-01 07:26:20,5581177,5346456,HTTP,65.6,2.349,5168.7,3982.0,10,0.0013,16.83,None
2024-01-01 07:26:25,7818708,5231813,HTTP,94.4,4.36,553.2,8626.1,4,0.0021,22.79,None
2024-01-01 07:26:30,6061962,7179088,TCP,60.1,1.207,2727.1,19072.1,9,0.0084,1.59,None
2024-01-01 07:26:35,6306060,8220347,UDP,129.4,2.954,1706.3,24634.1,14,0.0279,17.33,None
2024-01-01 07:26:40,6003043,3680695,TCP,145.0,3.704,3836.7,1745.6,12,0.006,21.01,None
2024-01-01 07:26:45,5256484,2529850,DNS,157.1,2.482,1967.4,5648.5,21,0.01,23.7,None
2024-01-01 07:26:50,8061573,3794481,HTTP,153.1,1.418,2262.1,21184.5,13,0.0035,0.8,None
2024-01-01 07:26:55,9443506,2558193,UDP,93.3,1.966,4717.5,39976.3,13,0.0167,2.0,None
2024-01-01 07:27:00,3201984,9136773,TCP,134.9,2.411,1935.0,3578.6,7,0.0093,17.56,None
2024-01-01 07:27:05,6102864,8106195,TCP,70.2,0.584,3366.4,32155.0,10,0.0048,0.93,None
2024-01-01 07:27:10,5053462,4306997,UDP,293.4,3.317,652.4,2100.4,12,0.0078,0.27,None
2024-01-01 07:27:15,1416349,2551300,HTTP,127.5,6.004,1296.7,25547.2,16,0.0119,13.08,None
2024-01-01 07:27:20,4376080,5182460,UDP,116.2,1.252,5744.8,6113.4,13,0.0024,12.71,None
2024-01-01 07:27:25,1050110,9413470,HTTP,328.5,2.415,871.1,38670.2,10,0.0042,14.72,None
2024-01-01 07:27:30,4050175,6405073,TCP,79.7,2.671,10360.2,5094.8,5,0.0029,0.34,None
2024-01-01 07:27:35,6074095,1864785,TCP,84.5,2.171,7898.3,5943.8,9,0.0322,12.08,None
2024-01-01 07:27:40,1786862,7106982,UDP,85.8,1.584,2279.6,7091.2,10,0.0004,6.88,None
2024-01-01 07:27:45,1086443,5943301,DNS,143.5,4.268,59798.4,1742.3,7,0.0006,18.15,None
2024-01-01 07:27:50,2843643,9981122,DNS,184.2,1.192,10333.1,1390.7,12,0.0044,8.36,None
2024-01-01 07:27:55,7596472,9817948,TCP,214.8,0.126,1153.7,13496.1,9,0.0077,8.56,None
2024-01-01 07:28:00,3843860,6552166,UDP,537.0,3.723,6286.6,21773.8,8,0.004,15.7,None
2024-01-01 07:28:05,5764090,7512819,DNS,48.2,2.242,3183.9,14877.1,11,0.0194,15.86,None
2024-01-01 07:28:10,8633144,4923494,DNS,201.2,3.784,1371.0,2312.4,9,0.0019,1.4,None
2024-01-01 07:28:15,9655451,1332089,TCP,112.3,0.298,1022.6,13097.7,11,0.0045,15.02,None
2024-01-01 07:28:20,6587603,3754004,TCP,110.7,0.062,8061.8,3010.3,10,0.0067,15.79,None
2024-01-01 07:28:25,4043570,2782253,UDP,108.9,5.448,1639.3,12181.2,13,0.0023,10.98,None
2024-01-01 07:28:30,4860370,1137529,TCP,94.2,0.32,2692.2,25117.0,7,0.0034,19.87,None
2024-01-01 07:28:35,4632252,6977144,UDP,344.6,3.318,1186.8,11701.4,10,0.0295,0.22,None
2024-01-01 07:28:40,9209751,5867648,DNS,226.1,3.466,1410.7,35190.6,9,0.0073,23.24,None
2024-01-01 07:28:45,2725849,7837486,HTTP,150.1,2.467,2625.6,6974.5,12,0.0204,9.02,None
2024-01-01 07:28:50,3658599,7000142,DNS,291.6,0.281,4394.8,6524.7,12,0.0031,14.3,None
2024-01-01 07:28:55,4534139,8662188,DNS,69.7,2.202,224.0,8667.6,7,0.0095,0.82,None
2024-01-01 07:29:00,8324569,7846931,DNS,76.3,4.398,3031.8,2116.2,10,0.0144,17.01,None
2024-01-01 07:29:05,2163820,7442492,UDP,49.9,1.109,1413.6,5415.7,14,0.0055,13.05,None
2024-01-01 07:29:10,4484773,9193959,DNS,104.6,1.067,12117.0,5912.8,19,0.0098,23.05,None
2024-01-01 07:29:15,8364944,5663909,TCP,160.9,1.17,56542.8,6099.7,14,0.0199,10.14,None
2024-01-01 07:29:20,9031913,2998386,TCP,156.2,0.172,2081.2,10596.6,10,0.0015,17.32,None
2024-01-01 07:29:25,2035341,4011084,DNS,159.9,4.452,532.6,1844.0,15,0.0044,1.78,None
2024-01-01 07:29:30,1092481,4383049,UDP,73.3,4.068,3350.5,2577.0,11,0.0174,1.55,None
2024-01-01 07:29:35,2156736,4448575,TCP,221.8,12.341,2427.4,25136.3,10,0.0026,22.78,None
2024-01-01 07:29:40,3666463,6797119,DNS,167.3,1.76,21404.4,1088.7,4,0.0081,6.08,None
2024-01-01 07:29:45,6349940,2596571,UDP,214.1,2.782,15781.4,15008.5,9,0.0058,21.9,None
2024-01-01 07:29:50,9856104,2602894,DNS,57.6,0.453,7082.4,5577.2,9,0.0109,2.1,None
2024-01-01 07:29:55,6983991,1076251,HTTP,173.4,2.202,1657.9,9510.2,7,0.011,15.31,None
2024-01-01 07:30:00,6892596,6271324,UDP,82.0,2.098,5870.9,38487.9,9,0.0086,13.24,None
2024-01-01 07:30:05,8276005,5557435,DNS,121.7,4.629,3885.5,7106.9,15,0.0293,23.19,None
2024-01-01 07:30:10,5406410,1721779,DNS,193.9,3.553,3794.6,15144.4,13,0.0019,9.7,None
2024-01-01 07:30:15,4215221,3594211,HTTP,155.3,5.576,627.5,8591.8,8,0.018,1.16,None
2024-01-01 07:30:20,7338278,5264728,HTTP,97.0,4.063,8619.6,7263.5,15,0.0067,11.38,None
2024-01-01 07:30:25,6030306,1871098,TCP,148.9,4.06,3320.3,6417.8,9,0.0108,19.78,None
2024-01-01 07:30:30,9013260,6608242,UDP,69.0,0.132,2695.0,16334.9,11,0.0032,1.26,None
2024-01-01 07:30:35,3234522,9429947,TCP,263.8,3.741,1635.7,3898.7,7,0.001,0.87,None
2024-01-01 07:30:40,6786294,5452432,TCP,133.9,1.87,1348.0,2612.3,7,0.015,19.72,None
2024-01-01 07:30:45,7519922,9151426,DNS,259.6,0.958,4093.9,8729.6,11,0.0029,19.78,None
2024-01-01 07:30:50,3483120,3597822,DNS,114.1,0.116,518.4,9826.0,10,0.0049,4.8,None
2024-01-01 07:30:55,5620071,6711048,HTTP,114.2,2.264,6564.9,1307.5,13,0.0005,15.78,None
2024-01-01 07:31:00,4560694,1139370,TCP,101.3,0.796,1038.9,8018.5,13,0.0105,1.54,None
2024-01-01 07:31:05,8465443,4491685,TCP,230.0,1.261,380.4,2375.9,5,0.0116,18.37,None
2024-01-01 07:31:10,9147307,6118616,DNS,104.1,2.29,18433.0,15166.5,12,0.0232,7.32,None
2024-01-01 07:31:15,7275434,7045328,TCP,204.9,4.856,1263.8,1334.5,10,0.0222,5.53,None
2024-01-01 07:31:20,3011146,1908995,TCP,122.6,3.491,1447.9,55552.1,12,0.0122,16.26,None
2024-01-01 07:31:25,1415713,2782810,TCP,55.3,1.198,9270.0,5777.9,15,0.0039,21.88,None
2024-01-01 07:31:30,1325286,6046123,DNS,111.6,0.981,19042.5,3411.9,10,0.0047,1.0,None
2024-01-01 07:31:35,3504931,8688031,DNS,82.3,0.548,643.5,6106.0,6,0.0048,3.45,None
2024-01-01 07:31:40,2706607,3126737,DNS,151.0,0.932,1145.8,14133.0,10,0.0014,6.14,None
2024-01-01 07:31:45,9206658,4489200,UDP,81.8,0.235,1233.1,19741.3,6,0.0294,22.27,None
2024-01-01 07:31:50,1909979,1362200,DNS,235.8,7.088,7591.6,6159.1,8,0.017,21.05,None
2024-01-01 07:31:55,2574719,2483664,TCP,141.8,1.706,15354.0,1922.4,12,0.0016,21.77,None
2024-01-01 07:32:00,6059246,6550817,HTTP,135.8,0.273,1012.1,2410.8,12,0.0293,9.08,None
2024-01-01 07:32:05,3017422,7456275,UDP,206.0,0.87,12267.9,10790.1,9,0.0185,5.56,None
2024-01-01 07:32:10,2599735,2228371,HTTP,240.3,1.584,1467.0,21749.1,14,0.0251,4.6,None
2024-01-01 07:32:15,8957531,5023168,DNS,146.9,1.522,4171.9,24772.1,9,0.0034,21.17,None
2024-01-01 07:32:20,8657399,8216120,DNS,100.9,0.072,835.9,9586.3,11,0.0041,5.55,None
2024-01-01 07:32:25,7780360,6591637,HTTP,61.1,6.025,2638.8,21317.8,7,0.0063,12.74,None
2024-01-01 07:32:30,1691232,6757964,HTTP,105.3,0.644,2667.5,54849.5,8,0.0025,7.96,None
2024-01-01 07:32:35,7010715,9272871,HTTP,109.0,0.033,2175.1,26644.8,13,0.0063,11.97,None
2024-01-01 07:32:40,7673310,1426732,UDP,156.6,0.159,4380.7,20374.5,6,0.0001,8.3,None
2024-01-01 07:32:45,9665228,4683081,DNS,124.9,1.736,1088.9,3617.2,14,0.021,7.03,None
2024-01-01 07:32:50,1530722,1716393,HTTP,209.3,0.297,1231.9,21218.3,7,0.0018,10.26,None
2024-01-01 07:32:55,7514433,8428289,TCP,109.2,0.085,4618.7,12851.7,8,0.0069,7.99,None
2024-01-01 07:33:00,2482550,4557583,HTTP,144.2,0.955,11407.6,15531.8,9,0.0264,20.15,None
2024-01-01 07:33:05,3565076,7666953,UDP,268.3,1.95,2913.7,28598.4,16,0.0172,13.94,None
2024-01-01 07:33:10,9104988,3297078,TCP,176.1,0.237,4932.8,11597.7,7,0.015,4.23,None
2024-01-01 07:33:15,4747807,8312008,DNS,144.0,0.752,6361.9,7313.3,9,0.0093,5.66,None
2024-01-01 07:33:20,8867427,9931033,UDP,109.8,1.082,6839.7,2779.8,12,0.0057,1.29,None
2024-01-01 07:33:25,3110727,8774342,TCP,108.1,0.347,1148.8,6023.9,13,0.0059,7.19,None
2024-01-01 07:33:30,5987092,4648783,TCP,97.0,1.411,1370.6,10025.2,19,0.0009,16.07,None
2024-01-01 07:33:35,2249468,2518337,TCP,113.2,0.178,1495.1,10695.9,11,0.0007,4.39,None
2024-01-01 07:33:40,7812777,5060453,DNS,216.6,0.095,20509.3,10341.0,9,0.0185,2.38,None
2024-01-01 07:33:45,1986182,5617625,UDP,132.8,1.467,4955.2,21152.4,8,0.0053,7.7,None
2024-01-01 07:33:50,2934732,5202573,HTTP,75.6,0.57,4737.7,19251.9,8,0.0006,14.7,None
2024-01-01 07:33:55,7302100,1157383,UDP,359.3,0.2,4299.4,7615.3,11,0.0109,11.35,None
2024-01-01 07:34:00,3184068,7229386,HTTP,174.2,1.103,795.7,3472.9,7,0.0115,7.97,None
2024-01-01 07:34:05,9984475,8133772,TCP,73.4,4.934,20706.2,11888.9,7,0.0026,21.19,None
2024-01-01 07:34:10,6215146,5143718,TCP,119.0,2.576,4813.5,76598.9,8,0.0053,11.25,None
2024-01-01 07:34:15,3942723,6379053,TCP,156.9,3.381,6143.6,11172.9,10,0.0085,10.92,None
2024-01-01 07:34:20,6160787,7297157,TCP,348.0,4.11,510.0,6027.4,10,0.0091,0.76,None
2024-01-01 07:34:25,4724643,2116084,HTTP,85.3,7.196,6500.6,13847.2,13,0.0072,15.34,None
2024-01-01 07:34:30,8918053,1014738,DNS,241.8,2.881,2087.6,14702.0,17,0.0045,11.02,None
2024-01-01 07:34:35,4834082,1967447,DNS,298.8,1.875,794.1,14539.9,10,0.0007,3.48,None
2024-01-01 07:34:40,6186975,8692784,HTTP,108.4,0.91,1148.5,31980.5,9,0.0002,5.85,None
2024-01-01 07:34:45,3180217,2478406,TCP,129.2,0.401,841.4,11921.4,15,0.0062,4.86,None
2024-01-01 07:34:50,9890485,9693481,DNS,88.4,2.321,827.3,30497.9,10,0.0023,2.93,None
2024-01-01 07:34:55,8041785,7280971,UDP,134.1,10.577,3167.0,10200.9,16,0.0279,10.45,None
2024-01-01 07:35:00,1747953,4741211,UDP,145.7,1.26,2024.8,36772.2,12,0.0102,8.72,None
2024-01-01 07:35:05,5028069,6168743,HTTP,206.4,2.572,4163.3,27085.0,8,0.0088,8.64,None
2024-01-01 07:35:10,3438375,6577724,HTTP,256.0,1.367,15930.3,20369.6,7,0.0052,6.04,None
2024-01-01 07:35:15,5475232,7943013,TCP,102.1,1.131,2618.9,17839.8,8,0.004,10.47,None
2024-01-01 07:35:20,2924183,7523099,TCP,55.5,1.056,315.8,80944.4,9,0.002,13.14,None
2024-01-01 07:35:25,6460521,4929881,TCP,146.8,1.405,2340.3,23780.4,8,0.0006,14.68,None
2024-01-01 07:35:30,3267189,6792626,UDP,171.9,0.914,9832.0,3465.7,10,0.0101,5.28,None
2024-01-01 07:35:35,3985841,5871394,HTTP,168.1,2.763,2735.5,10362.0,17,0.0151,17.47,None
2024-01-01 07:35:40,4554570,2052216,DNS,126.0,4.147,13757.4,6218.5,13,0.0195,0.65,None
2024-01-01 07:35:45,8265505,7614522,UDP,158.0,4.289,4688.8,63861.8,13,0.0129,18.01,None
2024-01-01 07:35:50,4981875,9252216,HTTP,316.6,0.517,474.2,28323.2,15,0.0227,6.79,None
2024-01-01 07:35:55,8909670,8749775,TCP,179.6,4.525,3326.2,61818.1,9,0.0406,8.88,None
2024-01-01 07:36:00,3624638,2242427,UDP,123.1,0.836,4011.8,3789.6,12,0.0326,13.94,None
2024-01-01 07:36:05,2191265,4569578,UDP,115.6,0.74,8781.1,24383.8,4,0.009,14.65,None
2024-01-01 07:36:10,2690178,6054150,HTTP,136.3,2.595,18391.4,2070.3,11,0.0025,10.11,None
2024-01-01 07:36:15,8197593,9774453,UDP,336.4,0.727,7388.8,1648.9,12,0.0011,22.51,None
2024-01-01 07:36:20,5330791,6136954,UDP,135.4,0.109,4630.8,5448.2,16,0.051,20.6,None
2024-01-01 07:36:25,8540806,4747883,DNS,147.0,0.936,5861.7,36767.7,11,0.0037,5.4,None
2024-01-01 07:36:30,7437499,2964962,DNS,116.6,2.556,2519.9,3003.1,14,0.0003,14.13,None
2024-01-01 07:36:35,5718082,8423444,TCP,257.1,0.792,690.3,7968.0,12,0.005,17.3,None
2024-01-01 07:36:40,5086612,7221360,TCP,395.4,1.986,3107.3,26604.7,8,0.0138,5.21,None
2024-01-01 07:36:45,3725106,9349169,DNS,185.9,2.158,4295.4,18890.5,15,0.0221,0.44,None
2024-01-01 07:36:50,7116836,4063172,DNS,154.7,2.647,894.6,74323.8,11,0.0065,23.41,None
2024-01-01 07:36:55,7709321,5161118,DNS,151.2,4.549,11233.1,8130.5,5,0.0035,23.0,None
2024-01-01 07:37:00,9154986,2488116,UDP,45.1,1.133,8147.0,5210.2,11,0.0151,7.69,None
2024-01-01 07:37:05,5216286,4008983,DNS,215.4,0.364,756.1,2712.2,9,0.007,5.74,None
2024-01-01 07:37:10,5003787,6732143,DNS,158.7,0.768,11682.3,5608.3,12,0.0009,3.71,None
2024-01-01 07:37:15,6269089,2907949,DNS,183.9,1.132,2190.1,2687.6,13,0.0219,16.49,None
2024-01-01 07:37:20,2172552,5064847,TCP,104.0,2.503,1368.6,1344.2,10,0.0107,18.13,None
2024-01-01 07:37:25,8419680,3856852,HTTP,122.5,0.026,8771.6,57721.9,3,0.0004,10.09,None
2024-01-01 07:37:30,5684463,9287178,HTTP,120.8,0.759,2832.6,8509.2,7,0.0001,5.83,None
2024-01-01 07:37:35,5540102,5937879,UDP,247.4,3.027,19914.1,108170.8,10,0.0009,10.77,None
2024-01-01 07:37:40,6656940,5263006,DNS,122.8,2.223,1270.4,3500.7,16,0.0173,12.39,None
2024-01-01 07:37:45,6312652,7930947,HTTP,420.5,2.632,527.6,5277.4,10,0.0066,13.04,None
2024-01-01 07:37:50,6459267,7856453,DNS,184.1,3.341,2252.0,3731.7,11,0.0041,10.64,None
2024-01-01 07:37:55,4945937,4131821,HTTP,78.4,3.058,6563.1,4269.5,12,0.0029,0.09,None
2024-01-01 07:38:00,7952497,7392062,DNS,139.2,2.293,1179.5,19411.2,10,0.0071,11.32,None
2024-01-01 07:38:05,6005463,3230192,UDP,107.1,1.158,788.3,14275.8,13,0.0009,8.33,None
2024-01-01 07:38:10,3865229,9899217,DNS,49.5,8.221,3747.8,19446.2,12,0.0096,13.36,None
2024-01-01 07:38:15,9645323,7228719,UDP,330.2,1.684,689.7,31016.4,8,0.0048,1.67,None
2024-01-01 07:38:20,1611034,3037397,HTTP,210.9,0.453,4050.9,24522.7,6,0.0196,21.1,None
2024-01-01 07:38:25,4064519,6160316,DNS,193.8,0.693,2120.4,2955.8,7,0.014,21.01,None
2024-01-01 07:38:30,5567881,5335227,UDP,161.2,2.365,4887.6,4799.1,5,0.0002,13.54,None
2024-01-01 07:38:35,7021310,2336354,HTTP,74.4,5.174,747.1,9149.8,17,0.0018,17.69,None
2024-01-01 07:38:40,4882820,2483709,DNS,116.5,0.394,10917.9,336998.4,7,0.0064,10.51,None
2024-01-01 07:38:45,1898354,5316947,TCP,226.1,0.172,2482.4,17542.8,7,0.0107,14.17,None
2024-01-01 07:38:50,8584735,6258555,UDP,87.7,4.266,6396.6,9015.4,11,0.0126,14.82,None
2024-01-01 07:38:55,5065073,8988142,DNS,41.9,4.937,7784.4,15887.3,6,0.0169,8.49,None
2024-01-01 07:39:00,6305987,1913340,TCP,132.5,0.647,936.9,4433.2,11,0.0005,23.06,None
2024-01-01 07:39:05,1419336,2929542,TCP,138.3,0.947,7203.0,10534.7,10,0.0002,14.46,None
2024-01-01 07:39:10,6871080,4732887,DNS,158.8,2.159,716.9,21050.1,16,0.0092,23.77,None
2024-01-01 07:39:15,5894280,6505670,TCP,213.6,0.801,757.4,7871.5,7,0.0129,10.38,None
2024-01-01 07:39:20,1344840,2876548,HTTP,204.1,4.194,21247.6,3802.6,13,0.0155,0.78,None
2024-01-01 07:39:25,6682540,2894962,UDP,168.9,0.228,9062.1,7496.0,7,0.0017,7.26,None
2024-01-01 07:39:30,1576050,6634889,UDP,269.8,0.077,23710.3,5886.5,15,0.0347,15.62,None
2024-01-01 07:39:35,5766002,2746809,HTTP,69.4,0.468,2058.6,2085.7,11,0.0026,21.85,None
2024-01-01 07:39:40,1062327,7264653,DNS,191.0,0.674,3302.5,4575.4,6,0.0029,14.76,None
2024-01-01 07:39:45,2811237,4233591,UDP,203.0,0.24,5051.1,2012.6,15,0.0017,11.32,None
2024-01-01 07:39:50,1025217,6409221,UDP,79.9,0.136,2944.8,2352.4,8,0.0004,1.94,None
2024-01-01 07:39:55,3400953,2023471,HTTP,70.0,2.818,1413.6,2589.1,12,0.0166,3.47,None
2024-01-01 07:40:00,2825353,5005017,DNS,102.2,0.359,1216.7,21024.7,11,0.0001,1.28,None
2024-01-01 07:40:05,9972772,6085674,HTTP,106.6,4.905,3691.8,35924.2,13,0.0062,17.07,None
2024-01-01 07:40:10,8263718,1560368,TCP,216.3,0.918,1025.7,1744.0,9,0.001,19.95,None
2024-01-01 07:40:15,1917878,6179847,DNS,109.2,2.221,997.4,39347.3,8,0.0005,3.95,None
2024-01-01 07:40:20,2040358,6326810,UDP,96.7,0.511,4418.6,2626.5,8,0.0273,7.81,None
2024-01-01 07:40:25,4656770,8871299,DNS,109.3,0.55,2710.4,17100.8,5,0.0175,11.5,None
2024-01-01 07:40:30,3385026,1342434,TCP,259.6,1.71,7609.9,10494.0,8,0.005,3.43,None
2024-01-01 07:40:35,8924905,4099814,TCP,149.4,1.645,1949.0,15303.7,7,0.0061,9.99,None
2024-01-01 07:40:40,5476630,8705539,TCP,135.7,2.928,1666.9,2525.7,10,0.0203,23.2,None
2024-01-01 07:40:45,5584960,7053338,TCP,140.5,2.836,4553.1,1323.0,9,0.0159,17.26,None
2024-01-01 07:40:50,7285725,5565639,TCP,283.2,2.221,1323.4,3630.4,2,0.0118,4.01,None
2024-01-01 07:40:55,9558303,6001700,TCP,102.0,1.193,1543.6,12417.6,8,0.0077,2.37,None
2024-01-01 07:41:00,4494114,4224969,DNS,286.5,4.426,1606.1,57348.6,19,0.0094,10.68,None
2024-01-01 07:41:05,6473119,6239551,DNS,164.9,1.949,2417.0,2893.7,9,0.005,23.71,None
2024-01-01 07:41:10,9405742,4351185,HTTP,137.0,9.25,17543.5,7340.5,10,0.0075,19.04,None
2024-01-01 07:41:15,9307323,7175933,UDP,518.2,3.423,752.4,3831.2,13,0.0078,7.03,None
2024-01-01 07:41:20,5751462,2867609,HTTP,87.5,0.091,10889.0,7964.7,10,0.02,0.63,None
2024-01-01 07:41:25,3664643,1530973,HTTP,124.4,0.773,6234.1,1175.2,11,0.0025,9.87,None
2024-01-01 07:41:30,3983839,5161579,UDP,80.1,1.697,14285.2,36244.5,9,0.0028,3.85,None
2024-01-01 07:41:35,4040207,5685771,DNS,238.9,2.556,68643.8,8300.2,7,0.0024,4.33,None
2024-01-01 07:41:40,5723234,1117934,DNS,345.4,1.599,12474.6,20275.4,8,0.0087,3.9,None
2024-01-01 07:41:45,7239821,3038678,TCP,342.1,3.085,7522.6,6424.0,12,0.0119,17.27,None
2024-01-01 07:41:50,2154189,5163645,UDP,273.7,0.664,802.3,9804.8,9,0.0027,0.86,None
2024-01-01 07:41:55,6097303,2949372,DNS,134.4,0.406,910.3,25056.1,15,0.0113,13.55,None
2024-01-01 07:42:00,4786608,6636277,UDP,123.6,0.111,4273.5,9243.9,9,0.0099,18.06,None
2024-01-01 07:42:05,6842886,3471006,UDP,64.4,1.703,545.6,9582.6,12,0.0039,3.75,None
2024-01-01 07:42:10,8252463,4344359,HTTP,410.7,2.333,5516.2,3663.1,8,0.0026,21.43,None
2024-01-01 07:42:15,3941646,8878239,HTTP,187.6,0.789,352.5,4748.5,11,0.0214,1.88,None
2024-01-01 07:42:20,5337688,2240616,UDP,116.1,1.902,9435.5,2943.0,11,0.0084,16.38,None
2024-01-01 07:42:25,3257542,6330670,UDP,288.3,0.107,2160.9,3873.8,9,0.0122,4.13,None
2024-01-01 07:42:30,2318454,4485193,UDP,91.3,0.209,3383.3,28317.3,8,0.0259,19.34,None
2024-01-01 07:42:35,5065087,9938693,TCP,181.9,2.42,1410.4,49444.7,4,0.0023,13.71,None
2024-01-01 07:42:40,9936048,4400804,TCP,136.1,0.918,446.5,2327.9,10,0.0043,14.14,None
2024-01-01 07:42:45,1730339,7390611,UDP,204.2,2.225,10246.5,12030.2,7,0.0057,8.3,None
2024-01-01 07:42:50,3089737,8962914,UDP,143.8,3.564,11335.6,5897.6,8,0.0027,6.8,None
2024-01-01 07:42:55,3781963,8492838,TCP,71.8,3.83,2097.5,32760.2,8,0.0184,11.12,None
2024-01-01 07:43:00,1302807,2346378,HTTP,154.1,0.378,5778.7,9273.0,10,0.0009,18.19,None
2024-01-01 07:43:05,1394229,1275966,TCP,250.7,1.332,2016.5,8042.7,12,0.0027,4.04,None
2024-01-01 07:43:10,9705222,2645977,HTTP,146.3,2.648,3977.8,3847.7,8,0.0021,19.59,None
2024-01-01 07:43:15,4866780,3643769,DNS,218.7,2.974,6368.6,1751.5,6,0.0307,11.52,None
2024-01-01 07:43:20,7217083,5784317,HTTP,88.0,3.071,5193.1,17342.9,15,0.0099,10.85,None
2024-01-01 07:43:25,8624020,5066945,DNS,146.5,0.518,11395.5,11533.1,8,0.0126,0.4,None
2024-01-01 07:43:30,9357723,7153468,UDP,108.6,0.428,5008.4,11818.8,12,0.0011,2.98,None
2024-01-01 07:43:35,5730673,3715020,DNS,215.6,1.783,3065.9,4450.1,9,0.0022,10.37,None
2024-01-01 07:43:40,5636591,3901057,TCP,150.8,2.703,1392.1,7004.0,10,0.0166,23.55,None
2024-01-01 07:43:45,9642664,5553082,UDP,209.6,0.769,1847.3,17873.4,7,0.0084,6.0,None
2024-01-01 07:43:50,2214738,9767189,DNS,255.7,0.221,6701.3,21636.0,8,0.0005,0.25,None
2024-01-01 07:43:55,3097652,7775353,TCP,209.7,2.523,663.9,2493.7,12,0.0083,10.46,None
2024-01-01 07:44:00,9781745,9131998,HTTP,170.1,0.712,9007.5,4301.2,12,0.0065,0.38,None
2024-01-01 07:44:05,6597846,2556047,UDP,90.1,0.364,2250.4,2018.5,9,0.0017,8.07,None
2024-01-01 07:44:10,7987894,2783633,HTTP,148.2,0.32,1314.7,9909.7,17,0.009,8.5,None
2024-01-01 07:44:15,3078648,1082432,TCP,113.7,0.756,993.5,19620.7,13,0.0019,0.06,None
2024-01-01 07:44:20,4937199,7374123,DNS,125.0,1.796,5851.0,6132.1,12,0.0167,18.71,None
2024-01-01 07:44:25,2799173,2171202,UDP,123.1,0.888,2937.6,4176.1,15,0.0096,21.91,None
2024-01-01 07:44:30,1583745,8526452,HTTP,90.9,0.042,14599.8,5794.7,6,0.0205,23.97,None
2024-01-01 07:44:35,8956535,1164296,DNS,55.8,0.204,843.0,81333.5,12,0.0055,12.21,None
2024-01-01 07:44:40,1835598,5946530,HTTP,106.3,0.686,1672.1,26686.9,12,0.0072,7.36,None
2024-01-01 07:44:45,5238360,9232599,HTTP,163.5,2.156,2718.3,16831.3,10,0.0143,17.22,None
2024-01-01 07:44:50,6617798,6792249,UDP,75.6,0.207,1405.5,11159.7,11,0.0079,17.68,None
2024-01-01 07:44:55,7434505,9767095,TCP,149.6,1.645,2999.3,8000.5,4,0.0085,9.1,None
2024-01-01 07:45:00,2279586,2281282,DNS,383.8,0.255,4103.1,3272.7,8,0.0081,13.57,None
2024-01-01 07:45:05,3440150,3410010,UDP,247.5,0.476,4839.1,2802.6,8,0.0068,19.72,None
2024-01-01 07:45:10,6160161,5934852,TCP,337.6,0.378,13442.4,4592.1,16,0.0164,4.54,None
2024-01-01 07:45:15,2658114,1785402,DNS,180.5,0.139,809.6,3122.0,12,0.0066,0.49,None
2024-01-01 07:45:20,6810433,6236090,UDP,266.1,2.225,4178.7,4412.5,11,0.0231,12.95,None
2024-01-01 07:45:25,9335388,7594931,UDP,103.3,1.245,1561.0,7318.1,8,0.0165,15.95,None
2024-01-01 07:45:30,5686008,1379433,HTTP,107.5,3.556,4582.6,7900.6,8,0.0118,13.8,None
2024-01-01 07:45:35,1326847,9204530,HTTP,37.7,0.208,4588.6,4357.3,4,0.0229,14.31,None
2024-01-01 07:45:40,1962363,9169655,TCP,268.6,0.313,1111.1,13295.9,10,0.0077,9.43,None
2024-01-01 07:45:45,1576290,5552922,UDP,320.6,0.732,1210.6,6707.6,8,0.0173,15.64,None
2024-01-01 07:45:50,3870121,6928955,DNS,112.6,2.904,4972.3,10043.7,15,0.0028,1.03,None
2024-01-01 07:45:55,1888599,6722948,TCP,130.7,0.73,3051.5,3848.4,3,0.0008,3.63,None
2024-01-01 07:46:00,5286913,6118817,TCP,101.8,1.05,2393.2,16201.7,12,0.0116,10.68,None
2024-01-01 07:46:05,4890007,3637656,UDP,179.7,0.718,5755.9,4746.5,10,0.0036,22.63,None
2024-01-01 07:46:10,6780209,3750878,HTTP,260.5,0.167,6196.4,40479.6,8,0.0101,15.47,None
2024-01-01 07:46:15,1139535,7458255,TCP,62.1,5.608,1755.3,6470.5,4,0.0008,8.53,None
2024-01-01 07:46:20,6622329,8251347,DNS,182.1,1.591,1271.5,7371.1,9,0.0312,10.99,None
2024-01-01 07:46:25,5635828,2955934,DNS,129.2,3.101,843.9,14670.4,9,0.0072,20.3,None
2024-01-01 07:46:30,9865465,3146020,HTTP,157.1,2.148,3082.4,18248.7,12,0.0001,13.02,None
2024-01-01 07:46:35,9382481,9884804,UDP,186.7,1.444,718.3,20324.7,10,0.0065,1.15,None
2024-01-01 07:46:40,2230087,8472982,TCP,135.1,0.188,3292.6,47838.6,14,0.0156,10.0,None
2024-01-01 07:46:45,7767019,6460906,TCP,140.9,2.059,10065.2,15707.4,9,0.02,9.31,None
2024-01-01 07:46:50,9037490,5457842,UDP,133.4,0.338,2093.4,7578.1,6,0.0062,21.6,None
2024-01-01 07:46:55,2423188,4543062,DNS,241.1,1.07,1743.8,4771.2,11,0.0013,7.33,None
2024-01-01 07:47:00,2350860,3686009,TCP,183.0,1.984,21979.0,7088.1,11,0.0237,1.55,None
2024-01-01 07:47:05,4079508,1848093,TCP,165.7,3.049,13490.0,35739.7,5,0.0397,8.52,None
2024-01-01 07:47:10,1399518,5445094,HTTP,78.6,2.311,1387.7,2024.4,4,0.0007,1.05,None
2024-01-01 07:47:15,3835051,9889858,TCP,122.8,2.227,3425.5,3572.4,7,0.0008,19.97,None
2024-01-01 07:47:20,3331002,1991126,HTTP,232.6,0.323,4140.9,6509.5,9,0.0083,14.16,None
2024-01-01 07:47:25,4798984,4540445,HTTP,151.2,0.85,3654.3,3525.2,9,0.0076,11.27,None
2024-01-01 07:47:30,5386256,4804276,DNS,206.4,0.088,18300.3,5384.2,13,0.0089,8.64,None
2024-01-01 07:47:35,8886933,3660711,HTTP,359.0,2.542,3252.7,49327.4,12,0.0038,10.02,None
2024-01-01 07:47:40,3475367,9633015,HTTP,249.5,6.098,3779.1,6014.4,12,0.0005,18.91,None
2024-01-01 07:47:45,8019224,5911783,DNS,155.5,0.613,5935.2,12230.0,10,0.0087,4.32,None
2024-01-01 07:47:50,6711972,9881436,HTTP,115.0,0.184,9797.9,1543.5,13,0.0016,1.71,None
2024-01-01 07:47:55,2826235,5355603,HTTP,41.4,1.291,7607.6,2690.7,12,0.0042,13.48,None
2024-01-01 07:48:00,7572061,7198905,HTTP,136.4,3.886,5105.6,20592.5,14,0.0087,20.61,None
2024-01-01 07:48:05,2800966,7221585,DNS,126.1,1.606,627.2,42960.2,12,0.0023,13.49,None
2024-01-01 07:48:10,6896981,7415237,UDP,180.4,0.096,1829.6,10111.3,14,0.0078,19.11,None
2024-01-01 07:48:15,9125304,7058856,DNS,137.4,7.32,6764.3,5966.9,9,0.0125,21.43,None
2024-01-01 07:48:20,5943451,6362779,DNS,126.4,3.528,3829.2,13308.5,13,0.0007,1.85,None
2024-01-01 07:48:25,4106918,9162221,DNS,61.0,0.282,6809.9,603.4,9,0.0097,14.14,None
2024-01-01 07:48:30,7407961,8241615,TCP,92.8,5.097,19676.2,10189.6,9,0.0071,19.99,None
2024-01-01 07:48:35,5914150,3430482,TCP,188.4,1.198,918.8,2846.6,11,0.001,15.44,None
2024-01-01 07:48:40,6749026,9890503,UDP,350.0,0.93,9301.3,17927.5,14,0.0123,14.2,None
2024-01-01 07:48:45,7649233,8931195,TCP,141.3,1.236,2142.3,904.8,8,0.0037,18.91,None
2024-01-01 07:48:50,8413055,2554064,UDP,174.8,3.598,7595.8,4322.7,6,0.002,16.97,None
2024-01-01 07:48:55,8463858,9486975,UDP,238.9,2.155,2860.6,7777.8,8,0.0033,12.04,None
2024-01-01 07:49:00,9939693,6454947,HTTP,98.9,0.122,25009.3,3782.8,9,0.0079,1.06,None
2024-01-01 07:49:05,9195573,1818644,DNS,178.3,6.321,3395.1,5566.5,7,0.0087,14.72,None
2024-01-01 07:49:10,9337288,7590865,UDP,102.5,0.32,1571.0,20018.9,10,0.0019,5.12,None
2024-01-01 07:49:15,4907377,1908506,TCP,228.7,2.737,4536.3,7907.0,7,0.0276,6.1,None
2024-01-01 07:49:20,4933178,9625170,TCP,160.1,2.022,4121.4,3195.2,12,0.004,16.31,None
2024-01-01 07:49:25,7960575,3148061,TCP,172.3,0.415,9303.0,20752.0,9,0.0031,10.87,None
2024-01-01 07:49:30,4027149,1551615,HTTP,100.4,0.374,4666.0,10414.8,7,0.0021,17.2,None
2024-01-01 07:49:35,1014131,2000804,TCP,211.4,4.085,35421.2,10856.2,11,0.0013,9.42,None
2024-01-01 07:49:40,5724452,1371592,TCP,420.9,1.088,2666.7,3319.2,9,0.0402,20.88,None
2024-01-01 07:49:45,2045418,7055384,DNS,89.7,2.126,2698.3,634.2,8,0.0112,10.25,None
2024-01-01 07:49:50,1992866,5925486,DNS,125.2,1.403,1629.6,3274.3,6,0.0155,11.85,None
2024-01-01 07:49:55,8589329,6717559,DNS,166.6,2.599,3247.6,2957.6,8,0.0051,3.03,None
2024-01-01 07:50:00,3245788,2838725,TCP,219.9,1.305,3755.8,4388.3,4,0.0054,12.09,None
2024-01-01 07:50:05,7937729,1501037,TCP,112.2,0.678,3949.0,3491.7,6,0.0433,5.76,None
2024-01-01 07:50:10,4761978,7107165,HTTP,36.0,0.903,3188.1,9069.7,11,0.0022,18.31,None
2024-01-01 07:50:15,9860792,6720432,DNS,292.8,3.919,1620.0,19552.9,8,0.004,17.14,None
2024-01-01 07:50:20,4975754,1895787,HTTP,217.1,1.262,1234.4,23769.6,16,0.0022,0.38,None
2024-01-01 07:50:25,2873899,9716808,HTTP,62.1,0.48,2048.4,18717.5,12,0.0033,11.85,None
2024-01-01 07:50:30,1276995,9897447,TCP,109.5,5.455,9335.1,3302.3,15,0.0109,1.09,None
2024-01-01 07:50:35,4469427,4604373,TCP,325.1,3.185,11577.3,8594.7,13,0.0037,13.66,None
2024-01-01 07:50:40,8220568,7591661,HTTP,306.1,0.115,2760.1,38760.8,11,0.0208,21.64,None
2024-01-01 07:50:45,5908598,6958938,DNS,237.3,13.705,1162.6,1661.2,7,0.0005,20.81,None
2024-01-01 07:50:50,4168469,2710089,HTTP,135.9,2.374,2748.5,31201.8,12,0.0044,5.85,None
2024-01-01 07:50:55,4979239,9730987,HTTP,154.7,0.349,24141.0,2992.6,9,0.0197,3.36,None
2024-01-01 07:51:00,5268157,2625932,UDP,139.0,0.541,8094.7,10870.0,5,0.0097,18.99,None
2024-01-01 07:51:05,8037359,7643255,UDP,260.9,2.358,5170.6,12243.9,18,0.0147,13.11,None
2024-01-01 07:51:10,6139438,8710126,DNS,95.8,3.026,7806.3,9797.8,7,0.0039,10.17,None
2024-01-01 07:51:15,7867372,5688667,TCP,99.2,0.546,13912.8,75242.6,6,0.0046,19.45,None
2024-01-01 07:51:20,2770139,8427130,DNS,246.0,0.594,941.2,5997.9,8,0.0219,6.06,None
2024-01-01 07:51:25,8544124,1370062,TCP,145.2,0.734,2014.2,1572.6,12,0.0138,5.39,None
2024-01-01 07:51:30,5018989,1410376,UDP,295.7,1.823,1756.9,11573.2,10,0.0048,14.69,None
2024-01-01 07:51:35,6617355,7042749,TCP,106.1,0.377,5362.1,6836.0,14,0.0024,6.54,None
2024-01-01 07:51:40,3620845,6321959,DNS,144.4,0.22,3498.6,14112.3,5,0.0011,10.24,None
2024-01-01 07:51:45,7508327,4803738,HTTP,93.6,2.272,6350.6,19576.7,11,0.0198,10.92,None
2024-01-01 07:51:50,3758398,2068439,UDP,149.0,3.02,1795.6,7834.6,12,0.012,4.92,None
2024-01-01 07:51:55,1624017,1559278,DNS,70.9,1.39,11754.0,12535.4,9,0.0093,1.48,None
2024-01-01 07:52:00,2508462,7471279,HTTP,116.3,0.905,2781.3,9360.3,13,0.015,18.4,None
2024-01-01 07:52:05,4014879,6219228,TCP,72.4,1.131,5970.3,48624.7,8,0.0246,18.81,None
2024-01-01 07:52:10,4546832,6311569,UDP,210.0,0.983,9851.8,5593.9,7,0.0143,14.36,None
2024-01-01 07:52:15,6488529,9785122,UDP,212.4,6.437,9091.8,4076.2,6,0.0055,3.57,None
2024-01-01 07:52:20,2071329,8968816,HTTP,62.5,2.923,4276.2,19550.0,11,0.0019,11.43,None
2024-01-01 07:52:25,1563804,8394326,DNS,289.1,0.467,6763.8,3199.7,9,0.0125,4.27,None
2024-01-01 07:52:30,9912501,6391900,DNS,517.3,0.97,17011.8,11994.0,8,0.0028,21.15,None
2024-01-01 07:52:35,5010932,5684900,UDP,151.9,1.571,4982.1,6839.1,10,0.0153,16.73,None
2024-01-01 07:52:40,6443438,2479651,DNS,107.7,1.899,1437.1,7322.3,5,0.0041,0.75,None
2024-01-01 07:52:45,9419350,1432073,UDP,609.2,1.263,5340.4,92716.8,12,0.0017,0.04,None
2024-01-01 07:52:50,9259397,7916947,UDP,76.7,3.323,2871.9,27836.0,6,0.0029,23.61,None
2024-01-01 07:52:55,6659812,2941524,UDP,149.9,2.919,284.9,22507.0,14,0.0031,0.96,None
2024-01-01 07:53:00,8454846,8062220,HTTP,162.4,1.407,4731.5,13774.4,13,0.0048,20.78,None
2024-01-01 07:53:05,3702299,1330611,HTTP,290.8,3.854,3349.8,4058.2,4,0.003,22.94,None
2024-01-01 07:53:10,9096455,5289463,UDP,177.7,2.781,9475.1,10524.7,20,0.0026,7.39,None
2024-01-01 07:53:15,2044170,5008749,TCP,115.7,3.015,1408.0,14520.6,14,0.005,12.96,None
2024-01-01 07:53:20,7423943,8138821,TCP,92.2,6.265,661.4,9887.1,10,0.0203,15.54,None
2024-01-01 07:53:25,7022536,9509849,TCP,125.1,0.62,3528.7,8908.4,15,0.0007,12.49,None
2024-01-01 07:53:30,3937241,6105315,HTTP,89.7,0.623,4359.8,5445.5,6,0.0035,5.12,None
2024-01-01 07:53:35,3336560,7519425,TCP,152.0,4.396,3274.2,10651.5,8,0.0083,13.95,None
2024-01-01 07:53:40,9057405,2459894,DNS,111.9,2.959,3043.3,4790.7,5,0.0208,6.21,None
2024-01-01 07:53:45,9613669,1887253,TCP,70.3,5.222,1023.8,16373.6,17,0.0033,3.96,None
2024-01-01 07:53:50,5596223,8150709,DNS,278.0,0.13,2594.3,1079.5,9,0.0043,12.13,None
2024-01-01 07:53:55,3010619,8504578,UDP,115.7,1.976,2104.0,31531.5,9,0.016,8.93,None
2024-01-01 07:54:00,2773111,1394844,UDP,78.7,0.312,8714.2,2182.7,5,0.0047,0.66,None
2024-01-01 07:54:05,3147065,7531157,UDP,136.4,1.402,4356.1,2787.1,7,0.0191,22.79,None
2024-01-01 07:54:10,8907525,2633086,HTTP,153.6,0.339,2257.5,12195.9,10,0.0061,0.95,None
2024-01-01 07:54:15,6009904,1267416,DNS,62.0,0.274,16712.0,13904.1,8,0.0084,21.67,None
2024-01-01 07:54:20,9824123,9068103,TCP,175.2,0.024,2278.1,64749.3,7,0.0082,4.55,None
2024-01-01 07:54:25,1569058,5360748,DNS,87.9,1.99,5207.1,10897.5,15,0.0013,3.4,None
2024-01-01 07:54:30,9593808,9487193,HTTP,349.2,0.89,2522.7,7781.8,10,0.0044,1.66,None
2024-01-01 07:54:35,2841733,5972015,TCP,192.9,0.222,15232.0,9811.4,7,0.0028,10.22,None
2024-01-01 07:54:40,3216056,7321066,HTTP,121.5,0.78,3251.5,39754.9,10,0.0115,14.08,None
2024-01-01 07:54:45,4322439,5163725,DNS,102.2,0.37,3349.0,91528.0,8,0.0271,21.69,None
2024-01-01 07:54:50,4918750,4918136,UDP,140.8,5.684,2591.9,6735.9,11,0.0024,18.81,None
2024-01-01 07:54:55,4127643,3779019,HTTP,201.6,0.771,3628.3,13943.6,19,0.001,3.83,None
2024-01-01 07:55:00,7890613,7399652,UDP,146.5,0.813,9892.6,7522.2,12,0.0071,4.03,None
2024-01-01 07:55:05,3334508,2204626,TCP,133.1,3.663,6945.5,7374.1,12,0.005,0.2,None
2024-01-01 07:55:10,6178848,7047251,TCP,152.8,2.087,3065.8,53053.2,6,0.0004,16.51,None
2024-01-01 07:55:15,4155368,9657202,DNS,109.7,2.477,16339.2,3210.8,9,0.0255,0.42,None
2024-01-01 07:55:20,5848393,1647880,DNS,125.0,2.021,7136.6,785.0,5,0.0282,3.33,None
2024-01-01 07:55:25,6956498,8450649,HTTP,52.3,5.845,1923.3,11130.5,4,0.019,15.23,None
2024-01-01 07:55:30,6633983,2870013,HTTP,241.5,0.464,749.7,26930.3,8,0.0033,3.61,None
2024-01-01 07:55:35,2657135,3940678,TCP,172.3,9.027,1968.4,10096.0,14,0.0013,3.68,None
2024-01-01 07:55:40,2072683,2672883,HTTP,100.8,3.555,4506.8,13389.2,13,0.009,5.62,None
2024-01-01 07:55:45,1837594,8636681,UDP,383.5,1.778,5416.5,17195.3,11,0.0033,9.25,None
2024-01-01 07:55:50,9249830,1870619,UDP,155.0,2.172,11604.4,9053.5,13,0.0023,0.19,None
2024-01-01 07:55:55,5222510,2951667,UDP,88.4,2.093,997.7,14133.6,9,0.0103,17.91,None
2024-01-01 07:56:00,9009638,5359843,HTTP,227.8,0.12,1921.5,13899.6,8,0.0139,18.57,None
2024-01-01 07:56:05,1642629,7487675,DNS,181.1,0.492,918.1,1143.0,12,0.0075,8.8,None
2024-01-01 07:56:10,5717167,4327539,DNS,180.8,6.513,781.5,9080.3,5,0.0039,19.15,None
2024-01-01 07:56:15,8648338,2268565,DNS,120.0,1.529,1591.1,1681.1,17,0.0072,6.83,None
2024-01-01 07:56:20,7239826,1710128,HTTP,185.9,0.951,4301.0,7799.6,10,0.0092,23.66,None
2024-01-01 07:56:25,4191711,5715706,HTTP,130.2,2.871,6447.2,4938.0,9,0.0005,9.55,None
2024-01-01 07:56:30,7277096,9067040,TCP,196.0,1.487,1154.8,22788.5,13,0.0059,16.05,None
2024-01-01 07:56:35,3489978,2933457,UDP,57.3,0.027,1327.1,10346.6,6,0.0091,7.74,None
2024-01-01 07:56:40,3407682,7217790,DNS,119.5,2.665,502.8,13006.3,7,0.0014,10.82,None
2024-01-01 07:56:45,7654677,2475647,UDP,351.1,2.635,3693.6,6691.2,12,0.006,15.48,None
2024-01-01 07:56:50,1478730,7805382,TCP,101.1,0.361,1433.5,23206.4,8,0.0043,8.34,None
2024-01-01 07:56:55,4235459,3890276,DNS,109.7,6.277,15725.4,1640.4,15,0.0202,15.76,None
2024-01-01 07:57:00,6783627,4178533,DNS,118.6,0.507,4490.9,3309.3,9,0.0067,3.5,None
2024-01-01 07:57:05,5857982,6339459,UDP,80.9,1.224,2511.3,29328.3,14,0.0056,11.61,None
2024-01-01 07:57:10,5738268,3205166,HTTP,49.2,0.244,1570.1,5241.4,14,0.0028,6.55,None
2024-01-01 07:57:15,4175427,2742744,TCP,132.3,1.849,668.7,947.8,8,0.0316,22.08,None
2024-01-01 07:57:20,8663561,5000363,HTTP,158.8,0.941,759.1,34635.7,9,0.0325,19.79,None
2024-01-01 07:57:25,6421963,7362893,HTTP,144.6,0.871,1600.2,23788.0,12,0.0046,11.7,None
2024-01-01 07:57:30,9397292,5885147,HTTP,138.0,3.509,1481.9,16497.6,12,0.0265,10.89,None
2024-01-01 07:57:35,9021926,6506085,UDP,151.6,0.019,1097.5,8905.3,19,0.0096,20.02,None
2024-01-01 07:57:40,7737361,5830621,UDP,247.5,3.198,4346.4,42648.5,8,0.0152,16.57,None
2024-01-01 07:57:45,6096149,2492090,TCP,134.9,1.695,4985.4,28527.3,13,0.0009,16.4,None
2024-01-01 07:57:50,8365458,4577557,TCP,111.4,8.552,1884.4,38095.7,14,0.0002,13.16,None
2024-01-01 07:57:55,2256272,7445180,DNS,129.0,1.78,20643.4,16244.4,14,0.0072,20.7,None
2024-01-01 07:58:00,4366313,7814174,TCP,198.3,0.114,519.7,9161.8,11,0.0008,4.55,None
2024-01-01 07:58:05,3896900,6520783,TCP,300.7,0.104,3159.5,5436.2,8,0.0222,20.69,None
2024-01-01 07:58:10,8619854,4893188,DNS,108.4,4.294,2395.7,2278.1,10,0.0172,12.5,None
2024-01-01 07:58:15,4396345,2610720,DNS,155.9,3.68,1718.7,13387.1,13,0.0125,14.91,None
2024-01-01 07:58:20,2508286,2740332,HTTP,175.8,0.849,1483.8,14550.2,8,0.0003,23.1,None
2024-01-01 07:58:25,2022568,8723335,HTTP,90.4,1.925,2960.3,5711.4,14,0.0061,10.19,None
2024-01-01 07:58:30,9746649,1521725,UDP,149.9,1.345,2379.1,14968.2,12,0.0008,16.03,None
2024-01-01 07:58:35,3731874,8695802,TCP,71.3,6.832,2014.5,5812.8,6,0.0264,12.53,None
2024-01-01 07:58:40,9645027,2334181,HTTP,61.3,5.99,813.4,19291.7,14,0.0095,22.36,None
2024-01-01 07:58:45,6355876,3468299,TCP,178.3,8.25,591.0,3353.9,10,0.0017,11.7,None
2024-01-01 07:58:50,3072558,6493642,TCP,122.5,4.027,2233.9,2821.1,12,0.0082,6.15,None
2024-01-01 07:58:55,6053025,6898864,UDP,164.2,4.806,1994.0,6370.4,11,0.0013,11.59,None
2024-01-01 07:59:00,7001899,8636167,UDP,147.1,0.49,2447.8,18560.4,13,0.0016,22.0,None
2024-01-01 07:59:05,3617753,9094317,UDP,91.1,3.556,2674.1,2543.3,5,0.0008,12.02,None
2024-01-01 07:59:10,3115263,6325471,TCP,145.1,2.468,1767.8,23148.5,11,0.0205,3.51,None
2024-01-01 07:59:15,1975114,8679744,TCP,80.1,6.582,2410.5,1567.8,9,0.0079,13.0,None
2024-01-01 07:59:20,3374963,6382686,TCP,297.5,1.694,1269.6,6331.3,8,0.004,9.3,None
2024-01-01 07:59:25,8139320,8072676,UDP,75.3,0.178,13683.5,1972.2,8,0.0,15.59,None
2024-01-01 07:59:30,1273409,1998719,DNS,134.6,1.82,1339.8,595.9,9,0.0064,5.79,None
2024-01-01 07:59:35,9278639,9523413,TCP,88.1,2.32,2057.0,11689.6,7,0.0072,7.74,None
2024-01-01 07:59:40,9120136,8472886,TCP,197.4,0.498,1445.5,6783.1,9,0.0041,12.4,None
2024-01-01 07:59:45,4889240,6777547,DNS,125.7,1.002,1421.4,2004.0,9,0.0066,2.84,None
2024-01-01 07:59:50,9741016,4528216,UDP,114.5,1.825,3055.3,4833.8,9,0.0011,5.05,None
2024-01-01 07:59:55,9144370,9205769,UDP,227.4,0.937,2691.3,12604.7,7,0.0255,19.23,None
2024-01-01 08:00:00,3078801,4806282,DNS,150.6,0.94,1882.8,5607.4,11,0.003,22.54,None
2024-01-01 08:00:05,1914191,9714727,TCP,192.2,0.286,2245.1,6643.0,6,0.0297,23.27,None
2024-01-01 08:00:10,9327160,2182756,UDP,90.9,5.652,1451.3,5440.0,10,0.0068,22.49,None
2024-01-01 08:00:15,1039274,7114886,DNS,73.5,2.777,4454.7,4526.5,13,0.0194,22.61,None
2024-01-01 08:00:20,6776212,7734919,TCP,156.6,0.002,23276.3,4467.9,10,0.0086,19.71,None
2024-01-01 08:00:25,5118926,7565095,UDP,126.5,2.902,1242.8,4338.6,10,0.0186,17.65,None
2024-01-01 08:00:30,6676878,7306862,UDP,203.0,2.693,4420.3,3815.6,20,0.0001,5.56,None
2024-01-01 08:00:35,6951248,9073156,HTTP,142.6,0.02,3118.0,2929.8,12,0.0021,10.6,None
2024-01-01 08:00:40,3217765,8855647,DNS,164.4,0.923,5817.5,5543.0,12,0.0044,9.55,None
2024-01-01 08:00:45,4302797,5664369,TCP,65.9,1.867,5983.7,4273.0,13,0.0035,17.53,None
2024-01-01 08:00:50,5980527,6127193,TCP,381.5,1.206,3660.7,2774.7,12,0.0293,11.41,None
2024-01-01 08:00:55,9371424,5721266,UDP,136.7,3.01,2864.6,17431.2,11,0.005,8.64,None
2024-01-01 08:01:00,5939433,3002170,HTTP,210.4,1.108,1930.5,27795.7,20,0.0358,19.54,None
2024-01-01 08:01:05,6937990,5980401,TCP,97.7,0.334,1387.2,8102.3,8,0.0105,18.0,None
2024-01-01 08:01:10,2960760,9937245,DNS,173.1,7.494,2705.8,8660.0,9,0.0181,8.85,None
2024-01-01 08:01:15,8307473,3456137,TCP,77.4,0.554,825.0,4053.9,6,0.005,10.06,None
2024-01-01 08:01:20,3858454,6982559,TCP,186.1,2.53,1646.1,23553.5,12,0.0021,21.44,None
2024-01-01 08:01:25,7449350,3702726,DNS,124.2,0.309,9016.9,46082.2,13,0.0005,17.58,None
2024-01-01 08:01:30,9851219,9438924,TCP,150.6,0.798,3289.6,6878.8,12,0.0107,16.56,None
2024-01-01 08:01:35,6028990,1409354,DNS,210.4,1.167,7278.4,4810.5,8,0.0357,17.08,None
2024-01-01 08:01:40,8304580,5047431,TCP,80.1,0.427,12960.3,11401.2,11,0.0013,2.46,None
2024-01-01 08:01:45,3286229,8673670,UDP,105.4,1.196,2497.3,9218.2,13,0.0148,13.52,None
2024-01-01 08:01:50,3732191,6275156,UDP,186.5,0.342,3667.7,4914.0,14,0.0045,6.98,None
2024-01-01 08:01:55,6538226,5161919,HTTP,423.7,1.637,2204.3,12980.4,13,0.0503,2.04,None
2024-01-01 08:02:00,3696212,2436459,TCP,138.5,2.18,1322.7,20705.6,7,0.0204,17.55,None
2024-01-01 08:02:05,1918699,6629492,HTTP,199.5,0.129,1149.4,3693.0,7,0.0026,7.3,None
2024-01-01 08:02:10,7998600,8915828,DNS,140.7,4.098,6926.8,102953.6,11,0.0145,7.44,None
2024-01-01 08:02:15,4630891,5785579,TCP,391.9,0.409,3672.5,1749.5,8,0.0133,15.36,None
2024-01-01 08:02:20,7887221,1182419,DNS,62.0,0.511,18894.1,3457.5,9,0.0144,15.99,None
2024-01-01 08:02:25,7374265,7033408,HTTP,155.6,2.166,7879.8,10239.1,14,0.0009,11.38,None
2024-01-01 08:02:30,6737643,6194619,HTTP,65.8,1.265,1434.8,76639.9,8,0.0166,13.36,None
2024-01-01 08:02:35,7407150,7228732,TCP,42.4,1.384,6907.4,4616.6,14,0.003,20.37,None
2024-01-01 08:02:40,9163598,6244244,TCP,172.2,0.274,2197.2,2791.3,15,0.0089,2.57,None
2024-01-01 08:02:45,5354736,9211037,DNS,159.1,3.277,10065.4,14034.0,11,0.0012,1.57,None
2024-01-01 08:02:50,7109209,2374669,UDP,128.7,1.92,1832.9,6319.6,16,0.0082,15.75,None
2024-01-01 08:02:55,2430115,6893855,UDP,140.7,0.291,1040.6,15760.4,11,0.0237,14.49,None
2024-01-01 08:03:00,8445271,4922174,TCP,698.6,0.937,1345.1,7549.4,8,0.002,4.46,None
2024-01-01 08:03:05,9567810,1767186,TCP,130.4,3.326,1415.6,3438.6,19,0.0193,12.53,None
2024-01-01 08:03:10,6926008,7612586,TCP,191.5,1.68,1286.6,84870.0,6,0.0057,17.9,None
2024-01-01 08:03:15,3457492,9842877,UDP,107.3,0.23,1681.4,422.3,11,0.0039,17.56,None
2024-01-01 08:03:20,3321151,4507923,DNS,172.0,0.933,7021.2,50023.0,6,0.0006,14.3,None
2024-01-01 08:03:25,4995269,4433008,DNS,131.7,0.556,17962.5,20604.4,9,0.0075,3.13,None
2024-01-01 08:03:30,8939654,1298627,DNS,120.9,1.457,788.2,3844.5,9,0.0022,7.3,None
2024-01-01 08:03:35,5274371,2069665,UDP,368.5,3.708,10546.1,52702.6,11,0.0282,9.74,None
2024-01-01 08:03:40,1346221,4761232,UDP,267.4,1.146,1848.8,2056.1,10,0.0027,18.92,None
2024-01-01 08:03:45,3185979,1128367,UDP,158.9,1.136,4221.2,22205.8,5,0.0088,13.05,None
2024-01-01 08:03:50,2538663,4157013,HTTP,46.9,4.715,570.1,1009.6,13,0.0082,17.6,None
2024-01-01 08:03:55,8314226,2936310,TCP,123.9,1.717,5034.3,2576.3,10,0.0041,22.16,None
2024-01-01 08:04:00,4997303,2745112,DNS,573.4,1.67,401.3,2569.9,19,0.0191,14.97,None
2024-01-01 08:04:05,4361974,9985862,DNS,132.2,0.607,4080.3,3825.1,6,0.002,5.69,None
2024-01-01 08:04:10,5378852,6473029,TCP,257.7,1.872,3855.5,8197.5,13,0.017,3.35,None
2024-01-01 08:04:15,7138784,9531275,UDP,305.2,1.716,3608.4,3547.6,3,0.0023,0.01,None
2024-01-01 08:04:20,3038916,1112401,HTTP,165.6,1.011,1429.5,1057.4,4,0.0004,4.22,None
2024-01-01 08:04:25,4301239,4267355,TCP,97.4,9.355,5164.3,12880.3,12,0.0288,6.46,None
2024-01-01 08:04:30,3998405,1520108,TCP,43.9,4.272,4407.6,8509.6,12,0.0101,6.47,None
2024-01-01 08:04:35,3303085,3324061,HTTP,208.9,2.769,2416.4,12196.8,11,0.01,16.01,None
2024-01-01 08:04:40,1651180,4308454,HTTP,98.8,1.542,5836.3,9623.1,11,0.0031,3.61,None
2024-01-01 08:04:45,9732652,8292873,DNS,162.1,1.24,2709.2,21041.1,12,0.0015,10.45,None
2024-01-01 08:04:50,7657878,5268071,TCP,79.4,0.409,5058.3,7514.0,12,0.0122,0.12,None
2024-01-01 08:04:55,3754670,7150872,DNS,130.0,0.73,2628.4,22304.0,9,0.0073,6.27,None
2024-01-01 08:05:00,5974004,9738533,HTTP,150.9,2.974,3702.3,3730.5,7,0.0038,0.99,None
2024-01-01 08:05:05,6228724,1269409,HTTP,169.7,1.209,5296.1,3949.4,4,0.0038,17.03,None
2024-01-01 08:05:10,9213816,3698402,TCP,85.0,4.279,2002.4,32081.6,7,0.022,8.5,None
2024-01-01 08:05:15,2496642,2618471,HTTP,270.0,0.32,868.0,31434.7,7,0.022,11.52,None
2024-01-01 08:05:20,2327453,8429508,TCP,110.1,1.42,3928.8,14382.1,8,0.0032,18.27,None
2024-01-01 08:05:25,5258127,2585869,DNS,64.2,2.082,9792.7,3330.5,9,0.0158,20.71,None
2024-01-01 08:05:30,7441229,8104559,HTTP,140.5,1.455,4020.5,3072.9,9,0.0026,12.4,None
2024-01-01 08:05:35,7851729,7286259,UDP,151.0,4.401,4097.5,30578.9,8,0.0165,15.59,None
2024-01-01 08:05:40,2024360,6028843,UDP,160.8,9.125,2857.8,28930.9,7,0.0013,17.66,None
2024-01-01 08:05:45,1479795,6327413,TCP,293.3,0.246,6242.4,7603.9,11,0.0142,6.85,None
2024-01-01 08:05:50,6052749,1157605,UDP,131.9,0.278,2475.2,84278.7,10,0.0081,16.97,None
2024-01-01 08:05:55,8988741,9039246,HTTP,139.8,0.279,1893.3,12821.8,11,0.0013,15.69,None
2024-01-01 08:06:00,2267362,1374366,UDP,85.5,2.286,9002.9,2677.9,6,0.0096,10.63,None
2024-01-01 08:06:05,8024929,4780458,HTTP,223.7,0.933,1753.7,6151.0,5,0.0021,8.18,None
2024-01-01 08:06:10,1745635,6103562,TCP,162.7,2.643,7255.2,8147.5,10,0.0022,23.37,None
2024-01-01 08:06:15,8444885,5690509,TCP,120.3,1.04,9008.6,8834.3,6,0.0059,23.67,None
2024-01-01 08:06:20,2054059,1188213,DNS,57.3,1.976,5254.4,28282.6,5,0.0333,16.68,None
2024-01-01 08:06:25,8363139,1236239,DNS,305.6,2.938,854.7,3114.1,9,0.0223,9.22,None
2024-01-01 08:06:30,9436286,6678570,TCP,80.3,1.589,3063.0,2139.8,7,0.0175,18.04,None
2024-01-01 08:06:35,7075121,5630076,HTTP,110.4,1.551,2435.7,14799.1,9,0.019,16.3,None
2024-01-01 08:06:40,9933687,3758791,DNS,177.5,0.185,1815.3,4880.6,7,0.0069,13.08,None
2024-01-01 08:06:45,8734559,7969182,TCP,81.6,1.058,3438.4,91446.2,12,0.0047,3.16,None
2024-01-01 08:06:50,9917964,6185069,DNS,70.3,1.578,6433.1,20810.7,6,0.0215,22.72,None
2024-01-01 08:06:55,7595543,3078075,HTTP,51.3,1.24,1884.6,4791.5,6,0.0008,5.59,None
2024-01-01 08:07:00,4592335,9298300,HTTP,212.8,4.621,2511.5,27251.2,9,0.0555,9.44,None
2024-01-01 08:07:05,5589888,3918851,HTTP,113.0,4.74,2342.4,16821.5,7,0.0081,8.22,None
2024-01-01 08:07:10,5412761,8593993,DNS,641.4,3.451,9545.9,15270.8,12,0.0078,3.69,None
2024-01-01 08:07:15,8767439,6594819,HTTP,90.3,0.941,2305.1,7170.7,13,0.0035,0.59,None
2024-01-01 08:07:20,6169138,7967472,TCP,93.6,2.527,867.5,12338.1,9,0.0019,22.32,None
2024-01-01 08:07:25,8077167,5309939,UDP,111.9,1.006,618.0,989.3,8,0.0114,17.75,None
2024-01-01 08:07:30,8431387,2077796,UDP,167.6,0.529,4284.4,30245.1,9,0.0045,0.5,None
2024-01-01 08:07:35,2163667,2261443,TCP,117.3,0.84,1393.1,260.8,6,0.0036,16.51,None
2024-01-01 08:07:40,6094431,4876301,TCP,201.6,0.147,5818.1,5207.6,10,0.0018,3.11,None
2024-01-01 08:07:45,5858642,6988101,HTTP,91.0,0.806,787.4,1643.0,10,0.0077,17.38,None
2024-01-01 08:07:50,6857671,4796016,HTTP,74.4,1.235,1739.0,4910.6,13,0.0089,12.12,None
2024-01-01 08:07:55,2722704,2565043,DNS,60.4,6.224,787.9,7524.2,11,0.0059,23.47,None
2024-01-01 08:08:00,6630472,4764590,DNS,48.8,0.752,4603.7,2448.4,12,0.0001,10.38,None
2024-01-01 08:08:05,7000161,7368661,HTTP,114.5,4.655,5703.6,505.5,6,0.0068,17.97,None
2024-01-01 08:08:10,8700129,2964155,DNS,127.7,0.52,4182.3,9967.3,12,0.0032,0.99,None
2024-01-01 08:08:15,4188065,2738371,UDP,108.2,0.424,1006.3,65279.9,10,0.0015,22.45,None
2024-01-01 08:08:20,7547393,2271144,HTTP,276.4,1.464,1414.1,5702.8,12,0.0086,13.5,None
2024-01-01 08:08:25,7063226,1583566,UDP,274.2,2.233,3768.1,21148.6,6,0.0111,7.54,None
2024-01-01 08:08:30,6354121,5395006,DNS,125.5,0.091,551.3,36475.1,11,0.0073,3.05,None
2024-01-01 08:08:35,1732670,1252255,DNS,60.5,0.5,2342.2,1211.9,13,0.0095,15.38,None
2024-01-01 08:08:40,2344252,5823394,TCP,111.8,1.216,13587.5,5129.3,12,0.0093,17.91,None
2024-01-01 08:08:45,5462567,8499114,DNS,110.0,0.804,2490.0,2261.1,15,0.0013,2.05,None
2024-01-01 08:08:50,2873599,6362224,TCP,106.9,2.494,672.8,3618.2,7,0.0024,3.95,None
2024-01-01 08:08:55,4521174,5942871,TCP,104.7,1.431,1623.9,44445.2,9,0.0001,9.25,None
2024-01-01 08:09:00,8850582,3965808,TCP,107.0,0.35,1586.5,10134.3,10,0.0401,20.44,None
2024-01-01 08:09:05,5857672,4194425,TCP,122.3,4.497,25344.3,17833.3,18,0.0024,23.59,None
2024-01-01 08:09:10,2991149,2300179,UDP,108.0,0.693,15767.1,7755.1,10,0.0169,17.88,None
2024-01-01 08:09:15,6699245,1615719,HTTP,164.7,2.627,6191.5,2415.0,14,0.0152,0.13,None
2024-01-01 08:09:20,6560486,1457413,TCP,177.7,3.027,2115.2,15964.4,16,0.0122,21.68,None
2024-01-01 08:09:25,3263441,1446041,TCP,94.1,6.602,9903.4,28355.5,8,0.006,0.64,None
2024-01-01 08:09:30,9360668,9941608,DNS,280.2,1.38,959.6,11129.7,13,0.0088,21.53,None
2024-01-01 08:09:35,2109699,9097564,TCP,90.9,1.913,8748.0,13215.2,14,0.0021,9.85,None
2024-01-01 08:09:40,5843845,7160373,UDP,66.1,0.816,7540.0,2357.1,9,0.0011,17.8,None
2024-01-01 08:09:45,4179911,6659968,UDP,179.5,2.268,2562.3,16430.0,8,0.0043,2.09,None
2024-01-01 08:09:50,5768439,6937868,TCP,98.6,1.245,9313.2,31132.7,8,0.0175,3.96,None
2024-01-01 08:09:55,2831527,5779312,TCP,174.3,1.151,1906.0,12143.9,12,0.0083,10.82,None
2024-01-01 08:10:00,4614898,8140294,TCP,44.6,3.869,841.3,1343.7,9,0.0144,0.92,None
2024-01-01 08:10:05,9264075,5271740,HTTP,297.7,0.103,7926.5,41590.6,11,0.0221,9.35,None
2024-01-01 08:10:10,4735632,1883189,UDP,207.7,4.274,2737.4,3150.1,7,0.0082,18.05,None
2024-01-01 08:10:15,5605420,1671690,HTTP,70.1,3.822,5441.3,11941.6,5,0.0046,15.71,None
2024-01-01 08:10:20,3999939,6197454,HTTP,70.9,1.412,18414.4,21014.7,12,0.0194,8.44,None
2024-01-01 08:10:25,3747758,6100719,DNS,342.5,1.347,1447.7,23851.9,12,0.0026,0.21,None
2024-01-01 08:10:30,1187618,1522545,HTTP,102.6,0.898,2582.8,1339.4,12,0.0003,6.47,None
2024-01-01 08:10:35,1975066,5948803,HTTP,97.8,10.291,14323.2,9110.8,9,0.0005,18.63,None
2024-01-01 08:10:40,7334827,5192410,HTTP,47.8,0.236,5818.1,8527.2,10,0.0087,8.17,None
2024-01-01 08:10:45,4902909,6578420,HTTP,124.5,1.784,1480.6,34167.4,5,0.0223,9.06,None
2024-01-01 08:10:50,1073742,3186630,UDP,132.4,2.289,1147.1,12819.5,11,0.0083,1.78,None
2024-01-01 08:10:55,2581887,7903002,UDP,212.2,5.446,1758.0,34479.4,9,0.0053,14.44,None
2024-01-01 08:11:00,2959448,9768825,TCP,73.7,3.03,1424.5,13903.8,8,0.0086,14.93,None
2024-01-01 08:11:05,5060424,4730223,TCP,69.4,2.065,3779.5,7523.9,13,0.0111,10.34,None
2024-01-01 08:11:10,1542236,3333560,DNS,186.0,0.248,3224.2,9836.5,12,0.0142,18.25,None
2024-01-01 08:11:15,3493669,5045920,DNS,245.5,0.936,3941.2,37182.6,10,0.0043,21.04,None
2024-01-01 08:11:20,8241484,6560279,UDP,67.7,0.299,1285.9,2215.1,6,0.0049,18.01,None
2024-01-01 08:11:25,8126858,7305458,HTTP,254.9,4.261,2777.1,20049.4,9,0.0002,13.06,None
2024-01-01 08:11:30,3405962,7360653,UDP,151.2,2.77,381.6,4325.9,10,0.0105,22.46,None
2024-01-01 08:11:35,3906868,5983673,HTTP,256.2,2.834,3446.1,3489.5,3,0.015,9.17,None
2024-01-01 08:11:40,7763290,8673040,DNS,143.3,2.113,9657.0,22548.6,7,0.0072,15.71,None
2024-01-01 08:11:45,5474501,4871653,HTTP,42.1,1.415,717.1,3350.7,10,0.0047,13.81,None
2024-01-01 08:11:50,2153314,7147992,UDP,137.6,0.325,4834.0,11814.4,13,0.0041,20.2,None
2024-01-01 08:11:55,4896944,3678723,TCP,252.2,0.8,1618.1,4969.4,7,0.0104,11.99,None
2024-01-01 08:12:00,7923927,9330030,DNS,94.9,0.294,6650.9,767.4,4,0.004,13.28,None
2024-01-01 08:12:05,7179707,8107330,DNS,122.2,2.581,3493.5,13065.3,11,0.0091,10.89,None
2024-01-01 08:12:10,4951154,4003915,UDP,135.9,0.349,4468.0,9194.1,9,0.0262,3.37,None
2024-01-01 08:12:15,6055919,5588591,UDP,34.8,2.422,3180.6,1199.8,12,0.004,21.27,None
2024-01-01 08:12:20,7319894,4251277,DNS,342.3,2.357,11252.3,4029.6,12,0.0007,20.68,None
2024-01-01 08:12:25,1641544,5066317,UDP,94.6,1.23,4219.2,1330.1,10,0.0207,16.86,None
2024-01-01 08:12:30,6714256,6421072,DNS,191.1,0.291,1472.3,16843.0,13,0.0032,8.35,None
2024-01-01 08:12:35,5606745,4621589,TCP,142.1,0.756,3290.2,32467.4,14,0.0447,8.52,None
2024-01-01 08:12:40,6723228,3020207,TCP,278.3,0.772,2061.4,18948.7,6,0.0183,0.86,None
2024-01-01 08:12:45,1723477,7704276,HTTP,181.8,2.411,3506.6,21788.3,6,0.0056,1.86,None
2024-01-01 08:12:50,1120491,6841822,UDP,132.0,0.241,1959.1,4827.9,10,0.0099,12.33,None
2024-01-01 08:12:55,3922030,1760422,UDP,94.9,3.533,1515.0,14001.6,16,0.0033,1.2,None
2024-01-01 08:13:00,9808856,9336907,HTTP,221.2,2.863,3638.3,8029.9,8,0.0009,2.38,None
2024-01-01 08:13:05,6261764,5547553,HTTP,58.2,0.412,3152.0,9752.8,10,0.0075,6.03,None
2024-01-01 08:13:10,4686461,5447437,HTTP,205.0,2.54,8638.3,21108.5,9,0.0055,8.97,None
2024-01-01 08:13:15,1620738,5737801,TCP,85.7,2.208,1968.5,26251.7,9,0.035,11.74,None
2024-01-01 08:13:20,4667411,7024031,TCP,277.6,2.758,411.2,5487.6,10,0.0091,7.79,None
2024-01-01 08:13:25,2230096,1362221,UDP,160.9,0.419,2071.7,1983.0,6,0.0137,22.58,None
2024-01-01 08:13:30,1536619,1394789,TCP,204.8,0.343,586.1,6718.3,7,0.0015,22.82,None
2024-01-01 08:13:35,5970943,5990345,UDP,154.6,0.54,4517.3,6507.6,6,0.0129,1.35,None
2024-01-01 08:13:40,7645224,4443947,DNS,61.8,0.911,559.0,10770.8,7,0.0006,23.65,None
2024-01-01 08:13:45,9860231,3763651,HTTP,96.5,3.157,1109.5,18638.7,11,0.0095,4.15,None
2024-01-01 08:13:50,4459727,5003275,DNS,207.7,2.678,2074.9,1194.4,9,0.0182,7.95,None
2024-01-01 08:13:55,1145813,2459397,HTTP,161.3,5.193,13960.0,4142.6,11,0.0066,20.09,None
2024-01-01 08:14:00,3295807,6980183,HTTP,267.9,0.121,1019.5,3090.6,10,0.0024,16.51,None
2024-01-01 08:14:05,8877887,7127991,HTTP,181.6,0.023,3018.2,28307.8,9,0.0059,1.4,None
2024-01-01 08:14:10,9004074,5170404,TCP,91.5,2.402,5324.0,6578.9,10,0.0184,18.59,None
2024-01-01 08:14:15,1312987,1730419,HTTP,99.7,0.655,13148.5,4851.9,12,0.0125,15.92,None
2024-01-01 08:14:20,7196698,2211231,HTTP,156.3,0.813,6488.6,13881.4,11,0.0093,22.81,None
2024-01-01 08:14:25,5934596,4832850,DNS,46.7,1.583,8900.9,4478.3,10,0.0118,21.84,None
2024-01-01 08:14:30,4597727,8004968,HTTP,342.7,0.216,7074.9,7980.9,10,0.018,23.41,None
2024-01-01 08:14:35,9920971,3854468,DNS,185.1,2.058,889.7,49715.5,10,0.0016,10.92,None
2024-01-01 08:14:40,4461402,6588867,TCP,274.1,0.787,4271.4,48353.3,7,0.0184,16.96,None
2024-01-01 08:14:45,8511087,5226465,TCP,67.3,2.003,6965.1,5391.7,13,0.0164,23.09,None
2024-01-01 08:14:50,7770605,8977285,DNS,276.5,3.592,1145.4,6752.3,6,0.0065,0.05,None
2024-01-01 08:14:55,2634988,7236846,HTTP,452.9,0.375,1669.4,4363.2,11,0.0052,18.93,None
2024-01-01 08:15:00,2444995,8658126,HTTP,76.7,5.344,1335.2,1181.0,16,0.027,1.29,None
2024-01-01 08:15:05,7496897,2976468,HTTP,218.3,1.513,6455.1,22838.2,7,0.0171,23.97,None
2024-01-01 08:15:10,3060569,6806689,TCP,148.5,5.126,2781.4,91248.5,8,0.0448,0.33,None
2024-01-01 08:15:15,5559458,3018031,TCP,68.6,0.466,2162.8,5200.7,8,0.0103,13.31,None
2024-01-01 08:15:20,2173443,4226397,DNS,189.9,1.856,827.4,3580.3,16,0.0003,12.5,None
2024-01-01 08:15:25,5760450,4387524,UDP,225.2,1.035,2786.7,6168.1,12,0.0017,7.31,None
2024-01-01 08:15:30,2109802,2448717,TCP,109.9,2.976,1689.9,8822.4,3,0.0172,17.58,None
2024-01-01 08:15:35,7597836,8521687,TCP,265.9,1.862,3802.2,2603.1,13,0.0102,6.17,None
2024-01-01 08:15:40,5375511,3795811,HTTP,64.5,1.364,950.5,5123.1,12,0.0022,6.98,None
2024-01-01 08:15:45,8202248,9862990,DNS,70.3,4.883,3561.4,22357.1,12,0.0001,4.33,None
2024-01-01 08:15:50,3597365,7368215,TCP,158.9,0.947,1921.9,9203.9,13,0.0031,17.14,None
2024-01-01 08:15:55,4852817,1151542,TCP,150.3,0.497,854.7,28865.0,12,0.0015,4.08,None
2024-01-01 08:16:00,1245654,1878847,UDP,103.7,1.874,790.5,11669.9,9,0.0209,21.54,None
2024-01-01 08:16:05,9965726,6441755,TCP,222.5,1.956,918.7,2727.3,15,0.0214,6.91,None
2024-01-01 08:16:10,9165020,6822487,TCP,193.5,1.156,2425.0,4555.0,13,0.0185,12.45,None
2024-01-01 08:16:15,7153302,8508346,HTTP,227.9,1.333,3364.4,10388.1,17,0.001,11.4,None
2024-01-01 08:16:20,5762364,3390998,HTTP,139.6,6.416,3904.3,2637.0,7,0.0015,16.86,None
2024-01-01 08:16:25,9020673,7747962,UDP,200.6,2.639,4054.4,2316.2,10,0.0015,5.62,None
2024-01-01 08:16:30,5966482,8597935,HTTP,118.8,0.234,1396.2,2459.7,9,0.003,20.13,None
2024-01-01 08:16:35,1513659,4838496,TCP,414.4,0.477,8590.4,13572.5,9,0.0008,17.71,None
2024-01-01 08:16:40,6003668,5661320,TCP,98.9,7.424,1915.6,5618.2,10,0.0399,8.22,None
2024-01-01 08:16:45,2193937,1207078,UDP,425.2,2.593,4675.8,26434.9,15,0.0193,2.89,None
2024-01-01 08:16:50,3976496,7292820,UDP,151.0,4.931,2529.7,3306.3,12,0.0007,12.11,None
2024-01-01 08:16:55,2676382,6689052,DNS,74.6,0.724,4340.0,694.1,18,0.0016,23.53,None
2024-01-01 08:17:00,1370754,3556720,HTTP,294.1,2.709,2405.9,7110.3,14,0.003,0.58,None
2024-01-01 08:17:05,3631570,3280505,TCP,158.1,2.504,4418.9,42089.6,12,0.0149,20.28,None
2024-01-01 08:17:10,3730380,3966172,HTTP,227.1,0.698,2959.0,8388.1,15,0.0125,16.79,None
2024-01-01 08:17:15,7972873,8180741,DNS,273.7,1.601,6726.7,2054.7,12,0.01,4.4,None
2024-01-01 08:17:20,8670104,4383555,HTTP,175.7,1.975,1314.6,1596.7,12,0.0243,11.43,None
2024-01-01 08:17:25,2477008,7260784,DNS,110.4,1.312,507.8,26846.8,10,0.0004,15.06,None
2024-01-01 08:17:30,3448906,1992170,UDP,241.7,3.511,1126.2,3614.0,7,0.0018,16.72,None
2024-01-01 08:17:35,2721604,3002934,TCP,148.5,3.578,8681.2,37865.5,12,0.0021,22.11,None
2024-01-01 08:17:40,2749513,9698826,TCP,209.1,3.802,2554.1,15585.5,8,0.0006,20.95,None
2024-01-01 08:17:45,2865101,1533522,HTTP,50.6,3.253,3268.4,3753.5,14,0.0096,7.88,None
2024-01-01 08:17:50,4161293,6270837,TCP,185.6,1.339,1039.4,26033.4,11,0.0024,2.88,None
2024-01-01 08:17:55,2644187,5102255,DNS,107.8,0.961,3182.9,3216.7,12,0.0066,2.5,None
2024-01-01 08:18:00,1118872,2222411,DNS,339.2,3.56,1071.9,1905.8,8,0.0116,23.25,None
2024-01-01 08:18:05,7601567,6968556,UDP,202.7,1.347,1241.7,3405.9,6,0.009,22.94,None
2024-01-01 08:18:10,1809884,5940367,HTTP,167.3,0.566,1993.2,17478.7,8,0.0034,19.67,None
2024-01-01 08:18:15,2357242,3084471,DNS,189.3,1.416,4652.2,25285.0,13,0.0053,23.53,None
2024-01-01 08:18:20,5069672,8277257,UDP,90.1,0.306,5176.3,5453.3,16,0.0042,6.58,None
2024-01-01 08:18:25,9852356,8046314,TCP,334.2,2.353,5319.0,1251.0,13,0.0191,19.81,None
2024-01-01 08:18:30,1185513,7096728,TCP,401.7,0.819,609.1,1708.3,13,0.0054,12.05,None
2024-01-01 08:18:35,9456844,3180936,UDP,180.6,0.604,2961.2,2786.0,13,0.0006,19.18,None
2024-01-01 08:18:40,3222820,3294912,HTTP,328.7,6.27,2448.5,2221.6,9,0.0097,14.66,None
2024-01-01 08:18:45,3477690,8262267,TCP,111.7,3.0,644.1,10566.4,8,0.0022,20.31,None
2024-01-01 08:18:50,7209156,8347289,TCP,99.6,3.094,3029.0,56281.2,8,0.0041,9.54,None
2024-01-01 08:18:55,9490721,5432655,HTTP,151.5,1.955,2320.6,17957.7,6,0.004,23.74,None
2024-01-01 08:19:00,4266724,5621440,UDP,184.5,3.655,4971.7,2622.2,7,0.0008,5.26,None
2024-01-01 08:19:05,3642783,1017889,HTTP,121.9,2.847,3233.3,4046.6,7,0.0301,16.14,None
2024-01-01 08:19:10,5126974,2234306,UDP,194.2,1.826,1721.0,4918.3,8,0.0079,19.26,None
2024-01-01 08:19:15,5108713,4176946,TCP,173.0,6.495,7523.3,11958.7,16,0.0017,14.06,None
2024-01-01 08:19:20,8329708,8468634,HTTP,90.1,0.425,323.4,38997.6,12,0.0081,6.97,None
2024-01-01 08:19:25,5488064,1858275,TCP,192.4,5.743,2795.4,5077.6,10,0.006,13.47,None
2024-01-01 08:19:30,9605871,4130207,UDP,228.6,1.026,511.2,37751.4,7,0.0042,12.11,None
2024-01-01 08:19:35,2151480,6814560,HTTP,161.7,1.503,1197.3,66430.5,10,0.0064,4.56,None
2024-01-01 08:19:40,7084532,1295871,HTTP,264.1,0.262,5038.2,5710.7,10,0.0111,18.32,None
2024-01-01 08:19:45,1395200,7544540,DNS,80.7,1.554,833.6,5565.6,8,0.0022,6.41,None
2024-01-01 08:19:50,3597184,2724696,DNS,187.5,1.889,717.9,5649.8,10,0.0077,19.97,None
2024-01-01 08:19:55,4890822,3257543,HTTP,82.7,12.151,32271.7,8625.6,14,0.0168,5.14,None
2024-01-01 08:20:00,3595254,5657059,DNS,85.0,7.393,765.6,5663.6,13,0.0025,12.06,None
2024-01-01 08:20:05,6874750,7118521,TCP,108.3,6.786,15529.9,19617.5,9,0.0072,16.69,None
2024-01-01 08:20:10,1022718,4869686,HTTP,92.7,0.857,2509.4,1721.9,5,0.0337,23.9,None
2024-01-01 08:20:15,6419720,1199845,UDP,112.8,9.481,1763.7,4747.5,3,0.0161,6.5,None
2024-01-01 08:20:20,4044296,1843192,TCP,133.3,1.216,5254.2,11261.8,11,0.009,15.25,None
2024-01-01 08:20:25,1591944,4458472,UDP,225.6,3.819,11345.7,19343.0,8,0.0138,3.68,None
2024-01-01 08:20:30,6806979,9736674,HTTP,126.4,0.488,947.6,72786.4,9,0.0075,19.67,None
2024-01-01 08:20:35,1595005,2189269,DNS,67.2,1.41,1789.6,2232.7,10,0.0431,20.67,None
2024-01-01 08:20:40,1021216,8802702,DNS,262.4,6.764,6952.6,4221.5,12,0.0019,21.31,None
2024-01-01 08:20:45,2827144,2201272,TCP,97.7,5.876,3975.9,840.2,9,0.0127,22.69,None
2024-01-01 08:20:50,2250724,4938396,UDP,144.1,2.302,8972.5,2670.8,8,0.0001,8.54,None
2024-01-01 08:20:55,6992337,7558943,UDP,185.5,3.197,4989.6,1381.7,6,0.0013,15.99,None
2024-01-01 08:21:00,2613769,9462884,UDP,164.0,0.388,18182.7,4811.2,10,0.0128,7.58,None
2024-01-01 08:21:05,9728424,5933272,TCP,256.5,2.558,3563.8,6448.7,13,0.0142,19.29,None
2024-01-01 08:21:10,4778975,9515271,UDP,188.6,1.925,3721.2,12957.8,12,0.0004,9.97,None
2024-01-01 08:21:15,8188012,7846049,TCP,96.5,0.192,4112.2,6011.3,5,0.0041,13.32,None
2024-01-01 08:21:20,3745454,8890773,TCP,441.1,0.24,2585.1,12964.1,7,0.0013,3.19,None
2024-01-01 08:21:25,5170186,1970214,DNS,163.6,0.23,6961.1,9082.2,10,0.0221,20.41,None
2024-01-01 08:21:30,6466518,8284851,UDP,137.9,2.577,3778.3,2883.3,14,0.006,11.59,None
2024-01-01 08:21:35,3682462,7372526,HTTP,240.3,0.306,6556.3,1500.8,12,0.0058,15.37,None
2024-01-01 08:21:40,3270496,5998239,UDP,168.1,1.261,7665.6,14525.8,12,0.0174,16.06,None
2024-01-01 08:21:45,9470893,5828835,DNS,181.2,0.883,4575.4,42045.3,10,0.0119,6.58,None
2024-01-01 08:21:50,7395980,1796111,HTTP,516.0,1.599,4923.2,102271.4,5,0.0255,19.08,None
2024-01-01 08:21:55,7476875,5291416,HTTP,129.3,2.452,1085.4,20649.7,10,0.0279,19.99,None
2024-01-01 08:22:00,6434413,8690309,UDP,126.6,2.309,1719.3,34805.0,11,0.0038,12.38,None
2024-01-01 08:22:05,7450027,4331639,TCP,157.3,1.449,6928.4,12854.6,12,0.0105,21.66,None
2024-01-01 08:22:10,3091730,7335480,UDP,253.6,1.248,12377.4,10960.0,12,0.0078,3.86,None
2024-01-01 08:22:15,8923572,2666325,TCP,69.9,1.014,428.2,9054.4,3,0.0091,9.95,None
2024-01-01 08:22:20,2546230,9307834,DNS,55.5,3.96,1689.4,7289.5,9,0.0098,1.06,None
2024-01-01 08:22:25,6934268,4494790,HTTP,110.7,0.803,3052.2,14869.6,6,0.0006,9.57,None
2024-01-01 08:22:30,5579682,5947388,HTTP,65.6,0.6,1237.3,4814.6,5,0.0225,23.93,None
2024-01-01 08:22:35,2427006,1624688,HTTP,120.0,2.72,1309.6,6992.2,12,0.0015,11.12,None
2024-01-01 08:22:40,9883459,7955738,DNS,190.8,0.892,4793.0,2495.0,6,0.0055,10.06,None
2024-01-01 08:22:45,7468761,8893864,TCP,95.1,3.755,14492.3,13028.9,10,0.0035,16.51,None
2024-01-01 08:22:50,9229767,4087298,DNS,72.7,0.795,390.8,3105.4,13,0.0081,1.17,None
2024-01-01 08:22:55,5950109,6617953,TCP,153.6,2.421,2513.7,8381.2,13,0.0326,8.49,None
2024-01-01 08:23:00,4578070,4595291,TCP,228.4,0.092,4737.6,13366.3,12,0.0053,12.79,None
2024-01-01 08:23:05,6760437,5128216,HTTP,63.6,0.974,6504.3,14557.9,7,0.0092,11.62,None
2024-01-01 08:23:10,4246089,9713538,UDP,223.7,0.841,4101.6,17527.2,10,0.0015,15.42,None
2024-01-01 08:23:15,1963798,5102794,UDP,223.3,3.393,17351.0,6546.6,12,0.0062,3.33,None
2024-01-01 08:23:20,9279311,2640966,HTTP,239.1,6.826,3068.4,13174.8,11,0.0247,9.66,None
2024-01-01 08:23:25,8983878,8484706,HTTP,272.9,1.236,11070.0,4980.9,8,0.0269,15.21,None
2024-01-01 08:23:30,3381692,5103022,TCP,446.3,3.484,1561.9,1129.0,9,0.0079,7.24,None
2024-01-01 08:23:35,3947528,5758880,UDP,124.2,2.406,3158.9,13770.8,7,0.0146,14.71,None
2024-01-01 08:23:40,8552782,5165295,DNS,156.8,6.846,886.5,10921.5,6,0.0,23.0,None
2024-01-01 08:23:45,6843879,9884579,UDP,120.5,3.333,7338.3,22321.9,8,0.0076,22.33,None
2024-01-01 08:23:50,2945824,5819601,DNS,148.6,0.161,2642.7,7900.7,17,0.0132,17.41,None
2024-01-01 08:23:55,3500285,3778550,TCP,319.4,2.499,4263.4,1630.8,13,0.004,4.26,None
2024-01-01 08:24:00,4587580,9324641,HTTP,75.8,1.534,2179.0,7393.6,11,0.0231,18.82,None
2024-01-01 08:24:05,5301526,1775469,HTTP,96.5,0.033,5358.4,19664.7,15,0.0151,10.72,None
2024-01-01 08:24:10,2467439,6154019,DNS,295.5,0.579,4435.7,13043.4,14,0.0147,22.84,None
2024-01-01 08:24:15,2274498,8330114,DNS,247.2,5.096,1102.5,6997.1,15,0.0002,14.67,None
2024-01-01 08:24:20,4557676,9142939,UDP,123.8,5.209,1168.2,1535.2,16,0.002,5.22,None
2024-01-01 08:24:25,4701680,2409499,HTTP,227.5,3.207,2899.3,2904.4,10,0.0125,7.5,None
2024-01-01 08:24:30,3712644,5942783,TCP,176.0,8.01,5765.1,13059.1,11,0.0082,7.66,None
2024-01-01 08:24:35,8153264,6202929,TCP,314.2,3.285,19204.4,1532.8,8,0.0086,6.63,None
2024-01-01 08:24:40,4825321,7906826,UDP,154.0,0.021,4035.9,5894.4,8,0.0001,18.52,None
2024-01-01 08:24:45,9993125,7341864,DNS,247.8,0.679,8164.3,8420.5,8,0.0058,8.08,None
2024-01-01 08:24:50,2654996,7791440,UDP,556.1,0.062,594.2,25589.5,3,0.0154,4.69,None
2024-01-01 08:24:55,2745765,6971223,TCP,200.1,0.198,22313.7,14980.3,10,0.0109,14.31,None
2024-01-01 08:25:00,5797815,9167583,HTTP,152.1,0.494,5462.6,21222.4,7,0.0085,11.15,None
2024-01-01 08:25:05,6578424,5659811,UDP,213.0,1.401,2836.7,10958.3,11,0.0119,0.53,None
2024-01-01 08:25:10,7689314,6078108,HTTP,123.6,3.762,2528.3,3479.3,16,0.019,6.7,None
2024-01-01 08:25:15,2167711,2777686,HTTP,489.8,3.961,985.2,4386.7,13,0.0189,0.92,None
2024-01-01 08:25:20,6626755,1782734,UDP,162.4,1.915,1311.2,3188.6,10,0.0061,18.41,None
2024-01-01 08:25:25,5091872,2913614,TCP,129.5,5.267,20139.4,14629.3,6,0.0037,22.82,None
2024-01-01 08:25:30,5912872,6527706,TCP,97.7,1.387,1108.8,4048.4,12,0.0046,12.0,None
2024-01-01 08:25:35,1749925,7794151,HTTP,256.9,4.397,1087.6,5464.3,10,0.0074,13.4,None
2024-01-01 08:25:40,8886633,6257466,DNS,229.0,1.211,1477.0,8287.4,5,0.0009,20.28,None
2024-01-01 08:25:45,9151609,7240937,UDP,115.7,0.649,899.5,41827.6,6,0.0089,0.46,None
2024-01-01 08:25:50,5111004,5828800,HTTP,198.0,4.964,3026.9,15632.9,11,0.006,3.9,None
2024-01-01 08:25:55,1995557,4396251,UDP,69.8,0.982,8856.5,3741.1,9,0.0142,15.7,None
2024-01-01 08:26:00,9533474,8287307,UDP,162.8,1.4,1618.9,9431.9,8,0.0032,17.8,None
2024-01-01 08:26:05,3116127,6698562,TCP,186.1,0.798,755.0,42248.0,14,0.0007,15.03,None
2024-01-01 08:26:10,1398512,2203435,DNS,348.5,2.174,3991.3,14990.6,10,0.0225,22.54,None
2024-01-01 08:26:15,9576770,2870232,DNS,100.9,10.609,2819.2,1638.8,7,0.0007,9.42,None
2024-01-01 08:26:20,1081853,2901303,HTTP,78.3,0.052,8125.2,3244.6,13,0.0262,13.32,None
2024-01-01 08:26:25,7650283,9163702,TCP,94.8,4.602,1892.2,3005.1,11,0.0069,22.95,None
2024-01-01 08:26:30,2388210,4888284,UDP,76.1,0.008,2298.1,34225.6,7,0.0006,21.59,None
2024-01-01 08:26:35,9655886,6650093,HTTP,289.6,0.906,2566.9,28460.8,13,0.0013,0.74,None
2024-01-01 08:26:40,5515977,1971614,UDP,321.9,0.369,3258.4,4337.1,12,0.0076,8.45,None
2024-01-01 08:26:45,5361509,8154765,HTTP,174.2,2.832,2013.1,4244.7,9,0.0002,17.74,None
2024-01-01 08:26:50,6775151,9419531,UDP,273.3,0.104,1711.9,8473.4,5,0.0247,0.02,None
2024-01-01 08:26:55,2930134,4318341,HTTP,158.7,1.613,468.5,8731.3,12,0.0159,20.71,None
2024-01-01 08:27:00,7836388,7552045,UDP,141.5,0.699,1693.6,3095.4,14,0.007,12.05,None
2024-01-01 08:27:05,5190536,1956750,HTTP,125.6,0.287,6095.0,6316.2,8,0.0261,2.08,None
2024-01-01 08:27:10,5885736,5694400,DNS,127.1,2.955,6976.1,1893.9,9,0.003,10.62,None
2024-01-01 08:27:15,2831376,7790001,TCP,68.4,0.49,1861.0,28920.9,12,0.0192,11.82,None
2024-01-01 08:27:20,8635234,4417783,HTTP,169.4,0.506,10932.4,1393.6,6,0.0164,8.81,None
2024-01-01 08:27:25,8316113,4001338,UDP,145.5,0.643,2896.6,1378.2,13,0.0087,10.9,None
2024-01-01 08:27:30,7329480,5879886,HTTP,215.4,1.767,782.2,12519.5,9,0.0038,21.39,None
2024-01-01 08:27:35,3170223,7751925,HTTP,155.5,2.156,571.1,2352.2,7,0.0082,7.78,None
2024-01-01 08:27:40,7668113,2582134,DNS,136.8,0.036,10079.5,4910.0,7,0.0315,23.06,None
2024-01-01 08:27:45,4988180,8065524,DNS,96.0,0.554,2052.9,8631.5,12,0.0009,16.49,None
2024-01-01 08:27:50,8179420,9362843,DNS,153.9,1.128,885.3,15919.5,9,0.0022,21.5,None
2024-01-01 08:27:55,1322861,6021944,HTTP,214.7,0.807,311.3,6495.8,8,0.0103,5.02,None
2024-01-01 08:28:00,4703360,1563908,UDP,83.8,4.311,2006.8,48010.3,17,0.0113,11.8,None
2024-01-01 08:28:05,4502873,4360548,DNS,155.0,3.1,4468.2,8099.5,13,0.0018,13.57,None
2024-01-01 08:28:10,3378643,9602980,HTTP,166.8,1.966,1483.7,26656.7,14,0.0164,2.05,None
2024-01-01 08:28:15,9243763,1704722,HTTP,103.6,0.825,1039.8,10706.0,4,0.0264,11.85,None
2024-01-01 08:28:20,5218827,8648575,DNS,110.6,2.412,1720.9,68268.9,10,0.0008,20.66,None
2024-01-01 08:28:25,2966191,3574061,UDP,166.6,3.711,10334.0,23350.3,8,0.0366,1.25,None
2024-01-01 08:28:30,6180848,2557190,UDP,84.2,1.807,740.3,8463.1,11,0.0033,15.42,None
2024-01-01 08:28:35,1945179,3681811,HTTP,176.8,3.069,1569.2,15196.7,7,0.0037,23.73,None
2024-01-01 08:28:40,8593714,9576727,HTTP,94.9,2.765,10004.2,6242.8,11,0.0005,12.66,None
2024-01-01 08:28:45,1585943,3677310,DNS,252.5,1.696,4886.2,6180.2,17,0.0069,7.28,None
2024-01-01 08:28:50,1814006,4650580,UDP,477.7,0.748,3565.7,2200.8,9,0.031,14.04,None
2024-01-01 08:28:55,6591397,7719658,DNS,96.5,2.739,1558.6,3611.0,8,0.0018,12.99,None
2024-01-01 08:29:00,3742902,9128156,DNS,193.9,0.463,3073.3,63638.3,8,0.0086,2.52,None
2024-01-01 08:29:05,3531500,8747756,UDP,103.2,3.024,1740.9,2430.8,9,0.0032,5.14,None
2024-01-01 08:29:10,7573037,8002630,DNS,249.8,3.265,1262.2,4207.0,9,0.0002,16.07,None
2024-01-01 08:29:15,6822536,4582248,TCP,78.8,3.454,1012.3,7378.2,8,0.0435,14.22,None
2024-01-01 08:29:20,1492994,8129557,DNS,188.7,1.281,6529.6,7628.1,10,0.0126,8.26,None
2024-01-01 08:29:25,6727418,8767190,UDP,95.9,0.428,2806.2,11893.2,9,0.0133,23.48,None
2024-01-01 08:29:30,2520544,6926581,TCP,133.8,0.21,4082.7,5068.9,8,0.0109,15.47,None
2024-01-01 08:29:35,3251587,8546157,DNS,88.6,2.72,3469.2,12649.5,10,0.0016,5.54,None
2024-01-01 08:29:40,5909639,8663660,HTTP,223.9,4.348,4632.8,25397.0,6,0.0023,11.31,None
2024-01-01 08:29:45,3277787,6835677,UDP,97.7,2.104,2310.6,28756.9,12,0.0049,17.08,None
2024-01-01 08:29:50,3523627,3412482,UDP,195.6,0.311,1841.5,6201.1,10,0.054,16.13,None
2024-01-01 08:29:55,3922319,7205313,TCP,125.0,5.464,1319.1,14933.2,12,0.0112,5.91,None
2024-01-01 08:30:00,3181751,9314098,TCP,140.2,9.038,724.9,2575.7,12,0.0058,15.55,None
2024-01-01 08:30:05,1597959,9947862,TCP,159.8,1.136,970.7,3937.4,9,0.0066,7.99,None
2024-01-01 08:30:10,6649184,3742850,TCP,101.4,1.807,2068.5,2505.6,13,0.0255,10.98,None
2024-01-01 08:30:15,7967524,2157394,UDP,164.9,3.003,600.0,7740.8,14,0.0022,16.06,None
2024-01-01 08:30:20,9817611,3981765,UDP,319.0,2.667,748.2,3431.6,11,0.0039,13.94,None
2024-01-01 08:30:25,5455877,7367775,TCP,100.6,6.871,8451.8,1771.0,12,0.0046,17.11,None
2024-01-01 08:30:30,1187742,1217089,TCP,266.6,0.244,3730.1,5508.2,10,0.0228,9.16,None
2024-01-01 08:30:35,1392947,6444986,HTTP,313.9,1.738,1897.3,1438.6,10,0.015,18.05,None
2024-01-01 08:30:40,6984534,9386058,HTTP,98.7,2.355,28899.4,30552.2,4,0.0089,0.38,None
2024-01-01 08:30:45,5875202,6066841,TCP,71.7,4.416,573.5,4640.0,9,0.0038,4.51,None
2024-01-01 08:30:50,5120826,5800541,DNS,172.6,4.145,7907.9,21705.4,7,0.0023,23.36,None
2024-01-01 08:30:55,8138220,8338697,DNS,112.9,7.633,2666.5,4953.9,8,0.004,2.08,None
2024-01-01 08:31:00,1812324,3077867,UDP,377.8,1.435,6535.8,2453.0,10,0.0265,15.89,None
2024-01-01 08:31:05,9308255,9714891,UDP,151.0,3.553,3324.1,26252.7,11,0.0241,22.0,None
2024-01-01 08:31:10,1114114,2101795,DNS,99.4,1.115,458.4,8854.7,17,0.0055,20.63,None
2024-01-01 08:31:15,8872883,2796488,TCP,83.6,1.097,3279.5,53471.8,5,0.0039,21.91,None
2024-01-01 08:31:20,3060760,8378616,UDP,255.9,0.584,4169.5,5082.1,15,0.0216,23.61,None
2024-01-01 08:31:25,3907637,2307413,UDP,111.5,3.41,333.0,5193.0,10,0.0059,8.57,None
2024-01-01 08:31:30,6133241,5430169,TCP,151.7,8.511,20827.9,22132.2,8,0.0004,7.92,None
2024-01-01 08:31:35,1968166,2791883,HTTP,239.3,0.592,4069.2,22286.9,11,0.0042,2.9,None
2024-01-01 08:31:40,7369343,6170977,HTTP,116.5,0.116,5837.1,9446.8,7,0.0093,4.84,None
2024-01-01 08:31:45,5646729,7175350,HTTP,145.0,3.381,929.3,227582.5,8,0.0289,15.67,None
2024-01-01 08:31:50,6257490,5143621,DNS,147.2,1.936,5946.9,6120.7,6,0.0055,7.95,None
2024-01-01 08:31:55,1012860,9362792,UDP,208.9,6.423,8861.8,2276.8,11,0.0027,8.19,None
2024-01-01 08:32:00,6983310,5504781,TCP,199.4,0.581,3841.3,2973.4,10,0.0049,15.5,None
2024-01-01 08:32:05,2286836,2899607,HTTP,132.9,0.147,2953.2,6156.5,9,0.0006,2.51,None
2024-01-01 08:32:10,2630171,5549736,HTTP,153.2,1.356,1219.8,37003.8,15,0.0229,1.34,None
2024-01-01 08:32:15,9908360,4789639,DNS,123.2,0.179,2401.4,6725.5,13,0.0003,19.27,None
2024-01-01 08:32:20,5133537,1565949,DNS,70.9,0.607,1786.4,38795.2,7,0.0,18.96,None
2024-01-01 08:32:25,8698167,7283925,TCP,168.8,0.269,5281.7,12511.8,9,0.0095,9.24,None
2024-01-01 08:32:30,4375603,5648006,UDP,382.3,0.508,1274.3,23941.5,11,0.0017,14.23,None
2024-01-01 08:32:35,9383934,7748388,TCP,95.4,0.224,5243.0,11934.3,6,0.0035,5.71,None
2024-01-01 08:32:40,6049752,2531118,HTTP,100.8,6.154,1288.2,11840.1,17,0.0068,8.82,None
2024-01-01 08:32:45,4816949,5169416,TCP,96.0,0.653,2293.1,17200.8,14,0.0157,0.87,None
2024-01-01 08:32:50,1497372,7055196,HTTP,213.2,1.174,5519.5,4597.6,7,0.0049,6.57,None
2024-01-01 08:32:55,1432863,4652578,HTTP,185.7,4.578,1474.7,4648.4,10,0.0315,0.39,None
2024-01-01 08:33:00,8787101,1813600,DNS,137.1,2.262,5713.2,11493.6,9,0.006,10.18,None
2024-01-01 08:33:05,4272191,5652415,DNS,93.8,1.925,5182.2,56450.1,11,0.0253,12.47,None
2024-01-01 08:33:10,1429833,9714154,TCP,155.4,2.445,2273.4,1735.8,13,0.006,11.89,None
2024-01-01 08:33:15,8592247,3892568,HTTP,67.9,3.53,9526.0,1065.1,10,0.0073,8.18,None
2024-01-01 08:33:20,5373864,9154483,DNS,159.4,4.202,3222.1,6224.5,8,0.0317,4.97,None
2024-01-01 08:33:25,1443965,2257754,UDP,229.5,2.058,8975.7,22716.5,13,0.0112,10.9,None
2024-01-01 08:33:30,2120211,5108606,HTTP,79.4,4.415,17916.3,8530.3,14,0.0016,20.88,None
2024-01-01 08:33:35,7677017,1116795,UDP,69.0,1.533,2341.9,2516.6,10,0.0091,23.6,None
2024-01-01 08:33:40,4417588,7351989,TCP,326.9,0.649,5681.4,8770.0,12,0.0026,7.51,None
2024-01-01 08:33:45,6474809,6151568,DNS,109.3,4.242,1575.7,1432.3,15,0.0037,23.39,None
2024-01-01 08:33:50,2215789,3658938,HTTP,261.9,1.559,1061.2,15198.0,10,0.0182,10.43,None
2024-01-01 08:33:55,2449645,6452640,HTTP,137.4,4.732,2451.7,5948.5,16,0.0115,14.72,None
2024-01-01 08:34:00,1906183,4850041,DNS,136.9,0.082,763.1,7464.9,7,0.0034,19.29,None
2024-01-01 08:34:05,4825193,5464837,TCP,184.8,1.013,1167.2,12421.5,8,0.0,8.63,None
2024-01-01 08:34:10,1329055,4273283,HTTP,95.4,5.906,5385.3,9953.6,15,0.0076,5.0,None
2024-01-01 08:34:15,4728814,3503265,UDP,158.6,0.574,1783.5,4716.1,13,0.0029,6.55,None
2024-01-01 08:34:20,7222613,5911313,HTTP,122.6,5.679,6066.4,22779.4,11,0.0003,20.13,None
2024-01-01 08:34:25,5188277,5942999,DNS,76.7,6.154,4021.5,17978.5,10,0.0007,22.43,None
2024-01-01 08:34:30,3160995,4463317,HTTP,175.7,4.277,18980.2,1374.3,13,0.0112,3.08,None
2024-01-01 08:34:35,9900533,1110529,DNS,130.1,1.659,5035.8,6436.6,11,0.0053,16.67,None
2024-01-01 08:34:40,4144398,3395736,TCP,137.2,2.082,9083.5,2751.0,7,0.003,0.84,None
2024-01-01 08:34:45,1649426,7091725,DNS,81.0,4.075,4455.5,2280.0,12,0.0212,21.0,None
2024-01-01 08:34:50,9744506,9956660,TCP,328.9,2.991,4070.0,13837.4,9,0.0174,20.56,None
2024-01-01 08:34:55,1260857,5931946,TCP,230.1,1.989,9554.2,5328.0,11,0.0063,18.59,None
2024-01-01 08:35:00,2553891,6571686,DNS,240.3,8.064,5818.5,7025.0,7,0.0032,19.79,None
2024-01-01 08:35:05,1708954,2568984,HTTP,127.4,2.315,3677.8,4147.7,13,0.0071,14.5,None
2024-01-01 08:35:10,6672837,3013944,TCP,62.5,7.417,3661.6,11733.2,7,0.014,3.54,None
2024-01-01 08:35:15,5578292,3755520,HTTP,394.0,0.118,5106.3,15968.1,10,0.0001,21.95,None
2024-01-01 08:35:20,5710536,1127950,UDP,143.9,0.299,1523.3,70987.2,6,0.0095,3.38,None
2024-01-01 08:35:25,6691457,7830129,HTTP,102.1,1.201,1460.0,6761.7,11,0.0124,5.4,None
2024-01-01 08:35:30,5476819,2405833,UDP,182.8,0.972,12399.4,1903.8,8,0.017,10.38,None
2024-01-01 08:35:35,1509921,5916305,TCP,266.0,3.053,19233.6,4895.7,12,0.0024,11.95,None
2024-01-01 08:35:40,7837820,2832342,UDP,146.7,0.35,1177.5,18902.7,12,0.0023,2.31,None
2024-01-01 08:35:45,9005657,7201927,HTTP,281.3,7.467,1526.9,3741.9,13,0.0024,18.28,None
2024-01-01 08:35:50,1404706,1159749,UDP,255.1,0.757,9344.3,1840.6,7,0.0268,3.3,None
2024-01-01 08:35:55,5508779,2909268,DNS,86.6,1.12,5082.3,3820.7,14,0.0015,15.71,None
2024-01-01 08:36:00,4635166,6844998,DNS,106.0,0.642,5863.1,4753.5,16,0.0145,10.85,None
2024-01-01 08:36:05,7124690,4674020,HTTP,239.6,1.732,7307.1,2744.4,16,0.0432,19.46,None
2024-01-01 08:36:10,4574459,5129789,TCP,38.2,0.121,2343.2,10071.6,8,0.0292,7.09,None
2024-01-01 08:36:15,7092694,7378065,DNS,137.7,0.324,4146.3,7487.4,6,0.0053,20.08,None
2024-01-01 08:36:20,4577766,1592585,TCP,72.6,2.739,3836.0,17849.0,13,0.0183,6.05,None
2024-01-01 08:36:25,3662811,9785248,TCP,116.9,0.413,1263.3,5188.2,8,0.0111,13.78,None
2024-01-01 08:36:30,1852354,2897586,TCP,127.8,0.537,4085.1,14158.4,14,0.0203,11.67,None
2024-01-01 08:36:35,1898322,3657558,HTTP,124.1,3.15,10277.5,4952.9,7,0.0018,8.46,None
2024-01-01 08:36:40,2124119,9796933,UDP,112.6,0.196,2134.2,2618.6,11,0.0145,0.28,None
2024-01-01 08:36:45,3138458,1441275,HTTP,85.7,1.151,3472.3,4707.8,13,0.0088,9.55,None
2024-01-01 08:36:50,4914581,9223811,UDP,466.8,0.047,3665.5,1606.4,11,0.0078,2.84,None
2024-01-01 08:36:55,6317072,4726723,UDP,377.6,0.852,2242.5,48446.5,5,0.0131,5.4,None
2024-01-01 08:37:00,9272077,3566624,DNS,83.0,2.401,5865.8,9344.1,9,0.0032,16.52,None
2024-01-01 08:37:05,4387195,2975428,UDP,327.4,0.189,1510.1,3657.7,7,0.0008,13.71,None
2024-01-01 08:37:10,5781116,2552310,HTTP,121.5,4.384,11301.0,5554.5,9,0.007,12.65,None
2024-01-01 08:37:15,3223957,9366901,DNS,158.3,4.805,5575.9,698.9,8,0.0036,13.54,None
2024-01-01 08:37:20,8409306,1774893,UDP,143.8,0.222,1168.2,34008.1,9,0.003,2.88,None
2024-01-01 08:37:25,8455268,7221322,DNS,106.7,9.362,16285.2,30839.4,8,0.0652,3.95,None
2024-01-01 08:37:30,5978226,8210073,TCP,242.7,0.706,3526.6,9023.1,11,0.0022,13.03,None
2024-01-01 08:37:35,8231696,7572300,UDP,158.1,0.176,1446.7,11153.0,8,0.0027,9.76,None
2024-01-01 08:37:40,4525922,9830222,DNS,116.9,0.01,8996.2,2280.9,12,0.0041,11.12,None
2024-01-01 08:37:45,9806593,1193607,HTTP,77.3,1.05,4888.7,2452.9,3,0.0069,21.1,None
2024-01-01 08:37:50,3172544,4805722,TCP,94.9,1.987,506.8,1484.3,10,0.0203,4.44,None
2024-01-01 08:37:55,1060155,8196070,HTTP,65.3,0.807,1762.2,6897.6,7,0.0019,21.86,None
2024-01-01 08:38:00,6140308,7282436,DNS,149.3,3.625,3940.6,23412.7,10,0.0096,20.58,None
2024-01-01 08:38:05,2184819,7008959,DNS,81.6,2.522,343.9,5523.6,8,0.0046,21.64,None
2024-01-01 08:38:10,9323665,6721490,UDP,130.0,0.862,3245.6,11472.4,10,0.0159,15.39,None
2024-01-01 08:38:15,8487220,1816065,HTTP,294.4,2.651,3491.1,21565.2,13,0.0092,20.73,None
2024-01-01 08:38:20,9022349,7819478,UDP,270.3,5.643,912.8,1597.0,10,0.0159,23.79,None
2024-01-01 08:38:25,7669627,2020965,HTTP,146.0,0.195,3907.5,51306.1,15,0.0193,11.31,None
2024-01-01 08:38:30,1815872,3664026,TCP,142.1,0.731,3003.3,25779.1,7,0.0243,20.68,None
2024-01-01 08:38:35,6556010,3005479,DNS,379.9,1.245,905.7,13546.6,3,0.0544,21.69,None
2024-01-01 08:38:40,7082742,7665974,UDP,192.6,1.378,7476.8,20416.4,10,0.0096,7.43,None
2024-01-01 08:38:45,9305706,1394247,HTTP,126.0,1.563,6890.2,21398.5,7,0.0101,10.62,None
2024-01-01 08:38:50,4975128,4029031,TCP,72.7,0.715,2231.1,10857.8,9,0.0015,13.77,None
2024-01-01 08:38:55,1953583,7740965,DNS,180.7,2.201,2444.1,33802.1,9,0.0011,8.38,None
2024-01-01 08:39:00,2421526,6007640,TCP,224.7,2.072,6162.7,5153.0,12,0.0067,7.73,None
2024-01-01 08:39:05,8582987,2050311,HTTP,108.2,1.725,2439.0,12859.2,10,0.0118,9.14,None
2024-01-01 08:39:10,6928336,8084948,TCP,171.7,0.242,432.3,30383.1,17,0.0029,10.17,None
2024-01-01 08:39:15,3080551,1799133,DNS,123.7,1.296,4851.0,549.4,10,0.004,6.05,None
2024-01-01 08:39:20,6470577,5145041,DNS,135.4,0.881,1321.8,12556.1,9,0.012,11.36,None
2024-01-01 08:39:25,6058469,7375916,DNS,42.8,1.351,2018.6,16724.1,13,0.0024,18.69,None
2024-01-01 08:39:30,5642653,2544923,TCP,132.8,5.099,12808.6,1467.9,13,0.0074,14.99,None
2024-01-01 08:39:35,7859607,7630461,UDP,241.0,1.31,2607.2,10741.0,12,0.0077,9.11,None
2024-01-01 08:39:40,8341872,6070632,UDP,108.2,0.028,2986.1,3663.9,15,0.0249,3.75,None
2024-01-01 08:39:45,5858854,8794292,UDP,152.4,1.155,4962.5,12049.8,12,0.0051,19.78,None
2024-01-01 08:39:50,6500601,4037408,TCP,101.7,3.437,4941.1,7368.7,5,0.0024,12.27,None
2024-01-01 08:39:55,1346839,1076023,TCP,177.7,3.029,1188.9,3145.3,10,0.0019,23.31,None
2024-01-01 08:40:00,6284302,9519647,UDP,133.2,1.441,2806.5,24579.4,11,0.0035,6.06,None
2024-01-01 08:40:05,4434886,5348588,TCP,92.8,0.575,3090.7,5332.8,5,0.0033,4.21,None
2024-01-01 08:40:10,8873335,7621965,HTTP,289.0,1.251,3912.9,10614.4,13,0.0139,0.19,None
2024-01-01 08:40:15,7430203,6929443,TCP,236.1,1.659,3980.7,30153.2,11,0.009,1.98,None
2024-01-01 08:40:20,4030700,7140234,TCP,109.7,17.918,39633.9,3239.9,11,0.0115,9.25,None
2024-01-01 08:40:25,2626919,7461650,DNS,190.4,2.067,919.8,8168.6,7,0.01,4.76,None
2024-01-01 08:40:30,6229227,3205340,HTTP,194.2,2.37,7943.4,4937.8,14,0.0066,0.91,None
2024-01-01 08:40:35,5761041,9827880,DNS,204.6,1.352,9734.0,6172.3,6,0.0263,5.41,None
2024-01-01 08:40:40,7247688,5321071,TCP,63.6,0.875,4879.4,69988.4,4,0.017,17.49,None
2024-01-01 08:40:45,3925601,1689980,HTTP,245.5,3.353,1555.7,12794.6,6,0.0024,17.66,None
2024-01-01 08:40:50,8375674,4598628,UDP,111.6,1.366,15751.1,11087.7,8,0.0055,3.59,None
2024-01-01 08:40:55,9227189,6763863,TCP,124.1,10.476,333.0,13685.4,5,0.0034,22.48,None
2024-01-01 08:41:00,9265450,4789375,TCP,555.0,1.222,1505.3,12459.8,12,0.0137,3.82,None
2024-01-01 08:41:05,6955677,3314641,UDP,172.6,0.141,9620.8,1305.3,10,0.0042,2.14,None
2024-01-01 08:41:10,7100818,6406568,DNS,122.3,2.295,2058.8,80560.3,11,0.0102,3.91,None
2024-01-01 08:41:15,3863835,2935552,HTTP,49.3,0.096,14712.7,1873.6,11,0.0035,3.37,None
2024-01-01 08:41:20,8267848,1901443,HTTP,297.3,0.577,657.3,45825.4,9,0.0019,15.16,None
2024-01-01 08:41:25,2644234,4757004,DNS,75.7,0.873,980.3,15033.2,12,0.0001,3.75,None
2024-01-01 08:41:30,4647138,6234957,HTTP,89.9,2.69,1751.7,9708.7,10,0.0523,15.22,None
2024-01-01 08:41:35,8953396,8723571,DNS,125.8,1.363,4525.1,5970.1,10,0.0025,6.64,None
2024-01-01 08:41:40,2735700,2356429,HTTP,301.3,0.058,2387.4,109662.3,14,0.0179,5.96,None
2024-01-01 08:41:45,1596012,3687449,HTTP,218.5,1.919,1825.5,14831.2,10,0.0173,21.53,None
2024-01-01 08:41:50,9645284,9287513,TCP,137.2,1.06,12337.5,8247.7,12,0.0027,5.14,None
2024-01-01 08:41:55,9229285,9990260,TCP,173.1,5.098,13540.6,4744.5,7,0.0054,20.75,None
2024-01-01 08:42:00,1550897,9940645,TCP,109.9,1.385,1969.7,4208.5,14,0.0181,7.28,None
2024-01-01 08:42:05,6520622,4038724,UDP,159.1,2.469,539.3,8523.7,6,0.0117,23.79,None
2024-01-01 08:42:10,7527735,6649681,TCP,154.0,0.494,344.6,3195.2,9,0.0046,23.54,None
2024-01-01 08:42:15,7959776,8748285,UDP,240.9,2.862,3786.9,15988.9,8,0.0298,19.86,None
2024-01-01 08:42:20,3575913,1578921,DNS,240.7,2.553,5744.3,4248.7,14,0.0042,20.83,None
2024-01-01 08:42:25,4882285,8803476,TCP,190.0,4.689,3174.8,22135.9,5,0.0024,19.76,None
2024-01-01 08:42:30,2576862,7299058,HTTP,123.8,0.069,2776.9,21646.2,13,0.0016,15.11,None
2024-01-01 08:42:35,1475196,7040856,UDP,215.1,1.187,1333.4,7666.1,19,0.0121,19.42,None
2024-01-01 08:42:40,7172395,4116285,TCP,141.7,2.274,5738.7,14476.8,16,0.0003,15.08,None
2024-01-01 08:42:45,5615587,7213561,DNS,86.4,0.2,15965.5,15220.0,11,0.0187,20.21,None
2024-01-01 08:42:50,6143053,1829029,HTTP,121.3,1.057,324.8,1877.4,5,0.0036,22.45,None
2024-01-01 08:42:55,5048975,8954280,UDP,154.8,5.7,2758.7,45784.1,12,0.0046,18.08,None
2024-01-01 08:43:00,8325598,3044585,TCP,234.0,1.145,1129.6,6274.5,14,0.0162,23.15,None
2024-01-01 08:43:05,1001774,7641455,HTTP,135.4,8.454,671.5,16245.5,9,0.0168,10.76,None
2024-01-01 08:43:10,8682132,6406520,TCP,81.1,0.117,963.0,16707.7,9,0.0051,22.21,None
2024-01-01 08:43:15,8072227,6642653,DNS,152.7,2.53,4357.6,672.1,17,0.0081,5.43,None
2024-01-01 08:43:20,5485170,9260437,HTTP,157.1,1.74,4469.2,4201.0,13,0.0114,0.75,None
2024-01-01 08:43:25,3154986,2828978,TCP,162.9,1.388,12839.6,18776.6,14,0.0117,3.07,None
2024-01-01 08:43:30,4690777,5140143,HTTP,235.1,7.07,3007.3,8623.6,9,0.0076,3.85,None
2024-01-01 08:43:35,9405882,3836400,TCP,247.0,0.278,513.8,16138.6,8,0.0186,19.79,None
2024-01-01 08:43:40,2684556,3442811,HTTP,110.3,4.527,2349.2,8887.2,8,0.0184,9.62,None
2024-01-01 08:43:45,9045259,9662833,HTTP,109.1,2.35,745.2,27705.4,8,0.0189,5.6,None
2024-01-01 08:43:50,5243812,1279584,TCP,88.2,0.599,891.8,9081.9,11,0.0031,19.49,None
2024-01-01 08:43:55,3324563,2593712,UDP,210.5,4.639,5327.1,33660.8,10,0.003,4.85,None
2024-01-01 08:44:00,8235341,4838466,UDP,306.3,1.122,3619.8,3041.1,16,0.0015,1.87,None
2024-01-01 08:44:05,5618408,6626915,UDP,126.8,3.366,5364.5,7132.1,9,0.0175,11.19,None
2024-01-01 08:44:10,5250455,8272047,HTTP,131.5,0.985,2085.0,4476.5,8,0.0006,1.67,None
2024-01-01 08:44:15,9338761,8784569,TCP,309.0,3.807,6571.7,11951.8,9,0.0015,6.69,None
2024-01-01 08:44:20,8039778,7359413,TCP,191.1,2.025,1971.6,6132.3,9,0.0261,16.81,None
2024-01-01 08:44:25,7586999,5677508,UDP,184.6,0.304,9105.9,6441.3,12,0.0013,8.99,None
2024-01-01 08:44:30,1709803,4055720,UDP,81.8,2.098,4207.6,4004.7,12,0.0013,2.1,None
2024-01-01 08:44:35,5535760,5368571,HTTP,208.4,0.425,2423.6,5111.6,12,0.024,9.67,None
2024-01-01 08:44:40,6708856,2351307,HTTP,93.3,1.062,3685.2,8020.2,15,0.0037,12.32,None
2024-01-01 08:44:45,9061781,6850570,UDP,84.2,0.373,2928.2,1073.5,10,0.0213,6.01,None
2024-01-01 08:44:50,5298096,1713583,DNS,124.8,0.045,14707.4,811.0,4,0.0047,4.1,None
2024-01-01 08:44:55,2709980,4255253,TCP,110.7,0.476,3810.2,8596.8,18,0.0047,18.28,None
2024-01-01 08:45:00,5309259,6789564,DNS,132.8,1.537,2976.2,508.2,11,0.0015,1.63,None
2024-01-01 08:45:05,3358231,5692775,UDP,72.2,1.314,2348.4,6679.9,12,0.0251,22.96,None
2024-01-01 08:45:10,3626180,9623852,UDP,239.7,1.392,6927.0,5557.1,10,0.0143,0.18,None
2024-01-01 08:45:15,4143110,9381090,DNS,260.8,0.569,6050.6,13933.3,6,0.0026,15.63,None
2024-01-01 08:45:20,2229561,4537267,HTTP,56.1,2.311,2266.9,4138.1,9,0.013,3.21,None
2024-01-01 08:45:25,6321113,3968743,UDP,242.1,2.437,938.6,38929.8,9,0.0011,13.13,None
2024-01-01 08:45:30,2737158,4440713,DNS,99.0,0.886,1209.6,18923.6,9,0.0074,4.5,None
2024-01-01 08:45:35,3056466,5485146,DNS,227.8,4.26,2479.6,1786.0,10,0.0029,0.82,None
2024-01-01 08:45:40,5550990,6191657,TCP,143.4,2.066,11486.5,6097.6,9,0.019,20.63,None
2024-01-01 08:45:45,9195822,1336581,HTTP,150.6,2.497,2321.2,37316.3,12,0.0072,10.17,None
2024-01-01 08:45:50,9439448,4038791,DNS,135.3,0.65,1645.6,4033.4,10,0.0254,6.61,None
2024-01-01 08:45:55,4145729,4090062,UDP,272.1,0.001,512.5,7685.6,14,0.0088,22.73,None
2024-01-01 08:46:00,8815244,4833680,UDP,79.9,4.011,13541.9,32995.5,8,0.007,1.97,None
2024-01-01 08:46:05,2922701,6545162,DNS,201.1,3.457,5266.0,4719.2,10,0.0118,8.36,None
2024-01-01 08:46:10,4238209,1217001,DNS,257.4,0.263,6607.8,24908.9,14,0.0153,4.26,None
2024-01-01 08:46:15,8806816,4833672,HTTP,212.3,0.937,7798.5,3261.7,8,0.0002,23.79,None
2024-01-01 08:46:20,9294067,2576081,UDP,474.5,2.166,2528.2,451.4,8,0.0074,13.1,None
2024-01-01 08:46:25,2280785,5594683,UDP,113.9,2.112,3244.1,27681.8,10,0.0149,19.49,None
2024-01-01 08:46:30,1655370,8699467,UDP,239.5,3.937,13208.3,12565.8,7,0.0052,3.92,None
2024-01-01 08:46:35,9851726,9548309,HTTP,140.7,0.302,3567.4,13420.8,13,0.0005,7.31,None
2024-01-01 08:46:40,6283236,5518525,HTTP,275.0,1.124,5364.3,2716.3,6,0.0002,14.87,None
2024-01-01 08:46:45,4168496,1436928,HTTP,147.8,0.205,7119.2,2941.4,12,0.0158,4.27,None
2024-01-01 08:46:50,2482808,9610168,HTTP,122.2,0.987,5669.9,25602.3,10,0.0022,12.0,None
2024-01-01 08:46:55,9366460,5621167,HTTP,285.2,0.03,2622.4,10334.1,5,0.0019,22.36,None
2024-01-01 08:47:00,2756876,5242316,UDP,116.1,4.571,2881.6,7205.1,11,0.0034,22.33,None
2024-01-01 08:47:05,6609558,7153717,DNS,73.2,1.498,6487.6,10106.4,4,0.0011,8.52,None
2024-01-01 08:47:10,2824746,3120198,DNS,114.6,3.792,6476.9,36625.7,13,0.0005,12.39,None
2024-01-01 08:47:15,8277097,4608787,DNS,202.3,0.124,9587.7,16708.8,14,0.0206,4.76,None
2024-01-01 08:47:20,1144258,9793480,HTTP,297.7,0.516,5172.4,5041.0,8,0.0036,23.48,None
2024-01-01 08:47:25,3533562,9615110,TCP,156.9,0.601,5413.3,1991.2,10,0.0087,12.48,None
2024-01-01 08:47:30,7049352,1096513,DNS,286.9,0.978,1907.9,14589.4,8,0.0195,4.95,None
2024-01-01 08:47:35,8786197,7011304,TCP,75.3,3.248,1667.1,3216.4,6,0.0379,20.27,None
2024-01-01 08:47:40,7980419,4310233,UDP,118.9,0.977,6507.0,2484.0,12,0.0117,10.09,None
2024-01-01 08:47:45,1095774,2223496,TCP,128.5,0.458,1678.8,30204.6,9,0.03,15.27,None
2024-01-01 08:47:50,7023622,8724740,DNS,140.2,0.134,2919.9,19387.9,12,0.0055,20.25,None
2024-01-01 08:47:55,2848073,2781029,DNS,154.8,0.166,11837.4,11916.6,10,0.0156,7.42,None
2024-01-01 08:48:00,1032353,9896659,HTTP,209.7,2.855,10102.8,2348.7,11,0.0277,13.87,None
2024-01-01 08:48:05,2330188,3772891,DNS,38.6,1.177,77727.9,48497.4,535,0.0005,1.35,DDoS
2024-01-01 08:48:10,3481108,3314545,UDP,59.6,2.591,273217.5,22671.6,493,0.0038,5.63,DDoS
2024-01-01 08:48:15,4281347,2594776,DNS,59.8,2.293,301747.6,5980.2,491,0.0135,3.33,DDoS
2024-01-01 08:48:20,8778621,9089427,DNS,47.6,0.291,172810.4,4840.2,469,0.0038,15.46,DDoS
2024-01-01 08:48:25,8279253,8480141,HTTP,61.4,0.308,59390.7,8764.7,524,0.0002,6.11,DDoS
2024-01-01 08:48:30,1915918,2476896,TCP,39.7,2.816,19068.9,5022.0,466,0.0165,18.24,DDoS
2024-01-01 08:48:35,4919300,4339186,DNS,39.0,2.555,132655.7,74002.5,532,0.0018,18.27,DDoS
2024-01-01 08:48:40,4184593,5165783,UDP,43.0,0.95,36629.3,5510.8,500,0.0039,18.82,DDoS
2024-01-01 08:48:45,7139010,6129987,UDP,64.4,0.161,143999.5,2785.3,513,0.0241,3.18,DDoS
2024-01-01 08:48:50,9671541,3408056,HTTP,39.0,0.024,441170.7,39672.6,519,0.0023,12.63,DDoS
2024-01-01 08:48:55,4194444,3089973,TCP,48.1,0.68,364055.4,4586.8,435,0.0225,16.3,DDoS
2024-01-01 08:49:00,4669950,1947128,UDP,82.7,0.019,1088.3,17790.7,12,0.0055,7.75,None
2024-01-01 08:49:05,4935256,5697261,TCP,103.5,0.523,2439.5,15920.9,10,0.025,6.24,None
2024-01-01 08:49:10,2121786,8898070,HTTP,595.8,1.088,2329.3,7642.2,9,0.0209,17.23,None
2024-01-01 08:49:15,8494483,5858117,TCP,88.3,0.259,4685.8,3062.6,10,0.0054,8.43,None
2024-01-01 08:49:20,8745485,9658830,HTTP,75.4,0.22,5608.3,7721.9,11,0.0255,5.97,None
2024-01-01 08:49:25,1646664,2384784,DNS,214.3,4.535,1717.3,2515.3,17,0.01,13.51,None
2024-01-01 08:49:30,3700807,8017242,UDP,52.5,1.761,670.0,7913.2,9,0.0065,14.89,None
2024-01-01 08:49:35,2937461,4528519,DNS,131.9,5.45,8364.9,17549.5,11,0.0076,18.64,None
2024-01-01 08:49:40,8350675,3259309,TCP,433.9,0.849,972.7,45151.6,10,0.0007,0.98,None
2024-01-01 08:49:45,1893507,9014046,UDP,68.5,2.261,3909.6,2730.3,12,0.0165,4.19,None
2024-01-01 08:49:50,5524345,8886975,HTTP,55.1,0.458,2612.4,6307.8,12,0.0035,18.65,None
2024-01-01 08:49:55,5102939,7605222,DNS,70.1,1.926,3506.7,4794.3,8,0.0031,12.76,None
2024-01-01 08:50:00,3779061,7711479,DNS,232.6,0.278,15541.0,10654.5,13,0.0126,19.35,None
2024-01-01 08:50:05,7366185,7863632,TCP,260.4,0.004,62210.7,1769.0,11,0.0046,10.76,None
2024-01-01 08:50:10,9185585,6112175,TCP,114.9,5.363,582.1,3201.4,11,0.0072,11.03,None
2024-01-01 08:50:15,4595371,9976644,UDP,208.8,1.619,7973.7,1492.2,6,0.0055,9.06,None
2024-01-01 08:50:20,4831564,1903980,HTTP,297.4,5.233,2549.8,1923.1,9,0.007,16.59,None
2024-01-01 08:50:25,3052453,6919670,UDP,362.7,0.812,8500.3,4186.3,9,0.0025,14.16,None
2024-01-01 08:50:30,6876498,9729691,UDP,131.2,0.794,7764.1,43083.0,9,0.0216,9.43,None
2024-01-01 08:50:35,6400553,5401040,DNS,47.0,1.024,12206.8,11471.3,7,0.0094,4.5,None
2024-01-01 08:50:40,2803997,7077797,UDP,98.5,2.449,3963.8,8647.2,11,0.0027,0.06,None
2024-01-01 08:50:45,4978785,6569568,TCP,119.9,1.669,1224.7,31159.9,12,0.001,2.19,None
2024-01-01 08:50:50,2172631,6263759,DNS,130.4,5.19,7537.5,11891.7,14,0.0077,2.59,None
2024-01-01 08:50:55,2922532,7187836,UDP,135.1,0.052,3354.3,13063.5,13,0.0063,13.67,None
2024-01-01 08:51:00,5052566,3198911,HTTP,259.7,2.463,2359.4,5049.2,7,0.027,18.22,None
2024-01-01 08:51:05,9203215,3488501,UDP,280.7,0.802,1851.5,4284.1,13,0.0026,10.97,None
2024-01-01 08:51:10,9292665,1723086,UDP,136.2,0.397,8154.6,2183.9,9,0.0213,9.94,None
2024-01-01 08:51:15,6150125,5715458,DNS,257.0,1.428,14814.6,4442.2,6,0.0145,3.17,None
2024-01-01 08:51:20,2691911,7778579,HTTP,177.5,1.407,902.0,6121.0,8,0.0065,21.62,None
2024-01-01 08:51:25,8341170,9432844,TCP,153.3,0.295,5552.2,11438.3,10,0.0207,17.64,None
2024-01-01 08:51:30,5129287,8443970,DNS,233.5,0.451,2054.1,7810.6,10,0.0198,10.01,None
2024-01-01 08:51:35,4096843,3372093,TCP,153.9,1.049,687.3,5624.7,7,0.0125,2.33,None
2024-01-01 08:51:40,6285027,1886837,TCP,415.3,1.051,3455.4,3256.2,7,0.0011,20.31,None
2024-01-01 08:51:45,3832927,1872990,HTTP,72.3,0.764,1295.8,12077.8,11,0.0017,4.07,None
2024-01-01 08:51:50,9622649,2358600,DNS,114.7,0.322,615.4,4925.8,9,0.009,16.16,None
2024-01-01 08:51:55,1149917,3236570,HTTP,139.3,0.009,1364.1,11542.6,13,0.0028,8.15,None
2024-01-01 08:52:00,9177300,2016529,UDP,184.9,7.029,1066.6,1196.0,8,0.008,20.63,None
2024-01-01 08:52:05,7257563,6064623,UDP,279.8,5.747,1561.4,11343.7,10,0.0082,14.09,None
2024-01-01 08:52:10,5559625,4164446,HTTP,146.6,1.322,791.6,17101.3,7,0.0088,5.46,None
2024-01-01 08:52:15,1995476,4720035,TCP,72.9,10.617,2007.9,15056.0,6,0.0084,0.3,None
2024-01-01 08:52:20,2157406,4743197,UDP,226.2,2.24,1460.8,6656.0,8,0.0048,5.1,None
2024-01-01 08:52:25,9881619,7683378,TCP,216.5,0.143,4339.9,20238.0,11,0.0024,8.77,None
2024-01-01 08:52:30,1041346,8588013,HTTP,56.2,0.25,5396.7,2268.9,10,0.0073,17.0,None
2024-01-01 08:52:35,4258976,2578153,DNS,148.1,4.957,3866.7,7411.5,9,0.0068,5.19,None
2024-01-01 08:52:40,4023582,4761221,DNS,67.0,1.989,2355.6,6678.2,6,0.0032,6.28,None
2024-01-01 08:52:45,4517387,5509600,DNS,106.4,3.705,2292.9,22843.0,11,0.0005,10.44,None
2024-01-01 08:52:50,4430078,2999332,UDP,94.5,4.571,1290.7,1074.4,6,0.0023,1.03,None
2024-01-01 08:52:55,3672386,1096324,DNS,222.4,1.188,1322.1,2812.6,8,0.008,18.44,None
2024-01-01 08:53:00,3692612,1754115,TCP,157.3,0.099,6024.6,46502.0,10,0.0077,1.89,None
2024-01-01 08:53:05,6535557,2749453,UDP,78.0,0.417,513.0,713.0,15,0.0014,17.69,None
2024-01-01 08:53:10,1285613,5274467,HTTP,230.4,0.138,2749.8,18295.7,11,0.0093,6.43,None
2024-01-01 08:53:15,1174161,3768321,UDP,72.5,0.418,2157.0,4022.6,13,0.0055,11.04,None
2024-01-01 08:53:20,4327746,9933042,HTTP,175.0,1.057,5426.9,10453.6,10,0.0106,9.85,None
2024-01-01 08:53:25,1064779,5429424,DNS,98.8,0.252,716.9,33315.6,10,0.0219,6.08,None
2024-01-01 08:53:30,2704938,3851680,UDP,123.6,0.365,3018.4,10864.0,12,0.0037,6.14,None
2024-01-01 08:53:35,3405679,4679792,HTTP,191.0,1.181,4200.6,34014.2,10,0.0043,22.78,None
2024-01-01 08:53:40,7414999,4271866,DNS,192.6,0.832,443.8,4952.5,12,0.0113,7.33,None
2024-01-01 08:53:45,1526896,1407820,UDP,289.6,1.261,1018.1,5652.3,16,0.0298,4.39,None
2024-01-01 08:53:50,8871318,7361665,UDP,142.4,1.121,2719.5,17798.0,11,0.0067,6.01,None
2024-01-01 08:53:55,9576087,9203520,HTTP,173.0,2.068,4984.8,5221.7,8,0.0019,16.68,None
2024-01-01 08:54:00,1983036,2037685,HTTP,119.2,5.535,3577.8,14725.7,9,0.0273,7.41,None
2024-01-01 08:54:05,6799344,2000306,TCP,162.6,0.228,5221.1,26471.0,14,0.0063,4.12,None
2024-01-01 08:54:10,9143322,3186284,DNS,184.9,0.209,1013.0,19309.2,8,0.0062,9.95,None
2024-01-01 08:54:15,2827376,2587324,TCP,141.3,3.832,608.7,1670.9,11,0.0078,2.82,None
2024-01-01 08:54:20,1538640,3735032,HTTP,60.2,1.412,3243.8,5759.6,7,0.0029,9.57,None
2024-01-01 08:54:25,3720740,8791704,TCP,175.2,2.908,871.9,10741.1,10,0.0154,20.69,None
2024-01-01 08:54:30,8743114,2560886,HTTP,178.1,0.485,1254.7,6349.3,16,0.0102,8.95,None
2024-01-01 08:54:35,1504475,7954059,HTTP,105.6,3.531,7572.5,8772.4,10,0.031,12.34,None
2024-01-01 08:54:40,9591111,8726089,TCP,78.1,5.15,3601.5,10884.2,7,0.0023,18.94,None
2024-01-01 08:54:45,4166531,8238665,UDP,310.4,2.018,1688.9,4785.9,7,0.0097,12.38,None
2024-01-01 08:54:50,3389326,8408364,UDP,189.8,0.224,1483.2,6677.9,9,0.0073,1.14,None
2024-01-01 08:54:55,2165830,1891903,UDP,132.4,4.513,5546.5,2487.3,7,0.0225,5.16,None
2024-01-01 08:55:00,7218345,5432679,HTTP,84.1,3.145,3684.8,5024.9,10,0.0003,21.46,None
2024-01-01 08:55:05,7092758,8619169,DNS,98.4,2.78,884.9,1760.4,10,0.0143,19.25,None
2024-01-01 08:55:10,7225083,9644998,HTTP,284.7,0.075,425.0,9104.3,10,0.0098,18.26,None
2024-01-01 08:55:15,1175814,6966148,HTTP,159.0,3.209,19571.0,6679.4,5,0.0094,13.14,None
2024-01-01 08:55:20,9464081,3680198,UDP,112.7,0.297,877.9,3242.8,18,0.0208,8.48,None
2024-01-01 08:55:25,7351401,2299771,UDP,191.5,0.503,5052.8,48303.5,9,0.0089,16.67,None
2024-01-01 08:55:30,6954234,9735104,DNS,98.8,1.721,13503.3,6339.7,13,0.0126,15.92,None
2024-01-01 08:55:35,1744379,2721880,HTTP,314.3,0.616,3455.1,10791.9,12,0.0104,15.43,None
2024-01-01 08:55:40,7845350,7280051,HTTP,291.9,2.166,1635.3,4278.5,5,0.0007,12.09,None
2024-01-01 08:55:45,8492814,4763945,DNS,117.5,1.873,716.2,5354.3,12,0.0012,6.23,None
2024-01-01 08:55:50,4772800,8212365,UDP,108.4,0.229,706.3,11208.3,11,0.0041,10.45,None
2024-01-01 08:55:55,5993113,6125896,HTTP,40.1,2.134,4344.6,5812.4,13,0.0113,12.29,None
2024-01-01 08:56:00,1352800,1529467,UDP,70.8,5.153,12720.6,8129.9,9,0.0003,5.18,None
2024-01-01 08:56:05,3384680,8574143,TCP,76.0,0.351,2007.3,18157.2,7,0.0148,5.52,None
2024-01-01 08:56:10,9198532,4200366,HTTP,158.8,1.818,1710.1,4827.0,11,0.0023,19.0,None
2024-01-01 08:56:15,4551448,7828141,HTTP,126.1,0.837,5987.8,2138.5,12,0.0082,7.67,None
2024-01-01 08:56:20,8844575,1189155,HTTP,75.7,1.231,1501.2,1761.2,13,0.0022,23.37,None
2024-01-01 08:56:25,7859352,1434615,UDP,128.9,0.677,3922.5,34147.3,8,0.0019,10.47,None
2024-01-01 08:56:30,5477627,9349133,TCP,191.1,0.874,3108.2,20560.9,7,0.0041,14.61,None
2024-01-01 08:56:35,8382443,6385047,UDP,193.2,0.059,1979.4,15612.1,10,0.0254,12.09,None
2024-01-01 08:56:40,9526144,2782658,DNS,57.4,7.986,2935.0,5239.3,13,0.0027,11.83,None
2024-01-01 08:56:45,4690609,7334975,DNS,139.2,1.961,17381.3,2136.5,7,0.0005,21.36,None
2024-01-01 08:56:50,6117901,2524010,TCP,74.3,1.389,5456.3,6110.1,15,0.0214,2.23,None
2024-01-01 08:56:55,7740765,1538080,DNS,233.0,0.968,8888.4,7380.9,14,0.0058,8.3,None
2024-01-01 08:57:00,9403355,7177112,DNS,219.7,1.55,1189.5,2613.5,8,0.0097,6.86,None
2024-01-01 08:57:05,6405171,3149687,UDP,94.7,0.956,8919.0,1863.7,7,0.0217,7.82,None
2024-01-01 08:57:10,6965691,5924485,HTTP,101.2,0.892,5647.8,1436.1,4,0.0141,21.9,None
2024-01-01 08:57:15,7143135,4421210,TCP,117.8,1.247,665.4,15637.0,12,0.0159,1.68,None
2024-01-01 08:57:20,4997353,5149137,TCP,48.1,0.646,5114.3,2427.6,13,0.0065,6.8,None
2024-01-01 08:57:25,2772483,1301239,TCP,175.6,0.397,1784.2,11041.4,8,0.0116,17.7,None
2024-01-01 08:57:30,2315089,6993923,UDP,129.5,1.627,635.4,5443.6,4,0.0332,5.73,None
2024-01-01 08:57:35,6677095,5938428,UDP,241.1,3.7,3394.0,14612.6,9,0.0221,19.99,None
2024-01-01 08:57:40,4439929,6933638,DNS,85.7,0.332,5110.4,11337.0,11,0.0095,7.92,None
2024-01-01 08:57:45,4277455,7399305,UDP,108.9,0.067,3469.0,6425.7,12,0.0009,2.72,None
2024-01-01 08:57:50,4577012,2670439,TCP,69.9,0.567,2672.7,9232.2,14,0.039,12.46,None
2024-01-01 08:57:55,9098918,1926207,TCP,89.8,7.796,2141.8,7256.6,10,0.0026,12.27,None
2024-01-01 08:58:00,4566764,4636429,DNS,82.2,3.529,35122.2,4379.3,6,0.0045,0.94,None
2024-01-01 08:58:05,5432254,1170937,TCP,244.2,1.812,913.6,21592.1,8,0.0015,17.23,None
2024-01-01 08:58:10,8062081,8302931,UDP,104.7,5.297,7136.1,5307.8,11,0.0018,3.4,None
2024-01-01 08:58:15,6081606,9736117,TCP,157.9,1.179,3027.3,7429.0,7,0.0159,5.12,None
2024-01-01 08:58:20,5356203,9058656,UDP,122.7,8.182,1268.4,1968.2,13,0.0014,13.5,None
2024-01-01 08:58:25,3825773,8209445,TCP,78.7,0.703,2840.1,10657.8,12,0.0021,21.38,None
2024-01-01 08:58:30,3298428,5171707,DNS,136.4,0.55,740.3,4400.3,14,0.0019,0.5,None
2024-01-01 08:58:35,2522055,4501346,UDP,200.2,2.032,1643.4,5029.9,10,0.0046,19.75,None
2024-01-01 08:58:40,6458169,9365594,UDP,81.1,0.95,2844.3,3499.7,10,0.0119,18.1,None
2024-01-01 08:58:45,9166208,3933517,UDP,222.4,1.969,632.0,7158.1,15,0.0103,3.88,None
2024-01-01 08:58:50,4893861,7670018,UDP,97.0,0.728,4946.2,1089.6,14,0.0129,8.95,None
2024-01-01 08:58:55,6504188,1944568,UDP,116.6,1.924,1137.1,16032.2,7,0.013,21.74,None
2024-01-01 08:59:00,6147708,4962423,DNS,193.5,0.645,698.0,7795.8,12,0.0,3.51,None
2024-01-01 08:59:05,1303620,7088104,TCP,106.5,0.105,1011.9,5078.2,5,0.0115,2.67,None
2024-01-01 08:59:10,4143228,3678097,TCP,151.2,4.864,26264.0,1722.9,9,0.0115,17.65,None
2024-01-01 08:59:15,7998255,6045613,TCP,126.8,4.295,412.4,12494.8,14,0.0006,11.3,None
2024-01-01 08:59:20,3474762,6733086,UDP,158.3,7.067,4610.6,4297.0,7,0.0056,6.82,None
2024-01-01 08:59:25,9710379,6325298,DNS,45.1,2.521,1405.8,29914.1,13,0.0008,4.12,None
2024-01-01 08:59:30,5443911,1921462,UDP,59.5,2.296,2100.4,13178.2,13,0.0021,17.33,None
2024-01-01 08:59:35,1395737,4775386,UDP,201.9,1.637,5453.1,37596.1,8,0.0067,10.55,None
2024-01-01 08:59:40,2254687,9767233,HTTP,249.3,0.269,5191.7,9292.6,8,0.0001,5.75,None
2024-01-01 08:59:45,6836212,6648275,DNS,94.1,0.42,1509.2,23809.1,12,0.001,22.64,None
2024-01-01 08:59:50,7699576,9973483,UDP,131.4,0.683,766.8,12871.5,10,0.0009,13.47,None
2024-01-01 08:59:55,8447068,2260235,TCP,172.0,4.417,5553.3,5161.7,7,0.0013,8.48,None
2024-01-01 09:00:00,6856719,1086777,UDP,209.9,0.38,5179.1,9771.4,13,0.0005,17.27,None
2024-01-01 09:00:05,8279467,6146775,DNS,53.8,5.125,2241.8,3519.3,12,0.0095,11.91,None
2024-01-01 09:00:10,5920023,2770893,UDP,95.3,1.48,4637.6,64137.2,9,0.002,0.23,None
2024-01-01 09:00:15,6913407,5333680,TCP,125.7,2.515,1908.7,7325.6,6,0.0198,20.18,None
2024-01-01 09:00:20,7895122,9642003,DNS,210.9,0.234,1303.7,8318.3,9,0.0216,1.59,None
2024-01-01 09:00:25,9621162,7590386,UDP,517.6,0.627,2992.8,11967.9,5,0.0117,23.74,None
2024-01-01 09:00:30,6428018,9452327,UDP,132.4,6.365,5009.2,2732.7,5,0.0007,8.39,None
2024-01-01 09:00:35,6104564,4822422,UDP,73.4,0.619,4061.3,30374.9,11,0.0222,12.6,None
2024-01-01 09:00:40,8233089,2785173,UDP,181.5,0.703,4960.0,2906.4,6,0.0054,23.99,None
2024-01-01 09:00:45,3251975,3880940,HTTP,287.3,0.44,1393.3,2318.2,9,0.002,6.46,None
2024-01-01 09:00:50,7376696,2996362,HTTP,156.6,0.276,14499.7,6860.1,14,0.0151,11.1,None
2024-01-01 09:00:55,5624817,5478510,HTTP,94.3,0.531,2116.7,2254.5,15,0.0043,18.12,None
2024-01-01 09:01:00,1159032,4985255,TCP,239.6,2.056,2646.7,38636.0,7,0.0071,11.21,None
2024-01-01 09:01:05,1398446,8642723,DNS,206.8,1.215,797.4,6433.6,9,0.0136,8.01,None
2024-01-01 09:01:10,5612025,9088163,UDP,88.9,1.614,2455.6,323.4,13,0.0011,2.9,None
2024-01-01 09:01:15,4259890,3698700,TCP,179.6,0.261,5075.8,9896.6,7,0.0019,12.31,None
2024-01-01 09:01:20,6418335,5610452,DNS,244.4,3.24,6390.1,14094.0,16,0.0346,13.24,None
2024-01-01 09:01:25,9016872,1715429,UDP,268.0,3.066,14213.4,5316.5,8,0.0125,5.59,None
2024-01-01 09:01:30,6789717,1362127,HTTP,143.6,0.044,5015.2,2088.3,10,0.0026,8.01,None
2024-01-01 09:01:35,2556279,6538005,UDP,124.1,0.967,3932.0,7307.8,5,0.0085,7.17,None
2024-01-01 09:01:40,1837452,8699025,HTTP,274.1,0.142,1907.8,5005.5,8,0.0021,10.26,None
2024-01-01 09:01:45,3877063,5842401,TCP,81.0,3.141,1538.0,3054.7,9,0.0201,19.16,None
2024-01-01 09:01:50,6608740,9129449,HTTP,184.8,2.673,7865.6,2796.6,2,0.006,7.98,None
2024-01-01 09:01:55,1089617,5177521,HTTP,74.8,4.645,7716.1,9473.3,12,0.0164,6.54,None
2024-01-01 09:02:00,6645343,2628967,HTTP,252.8,0.539,1015.3,19990.7,12,0.0357,20.16,None
2024-01-01 09:02:05,7749817,6172562,UDP,130.4,1.219,6143.2,12855.7,15,0.0396,19.47,None
2024-01-01 09:02:10,5553988,6897246,DNS,279.9,0.408,5712.3,1439.4,8,0.0015,19.04,None
2024-01-01 09:02:15,3673817,5269904,TCP,189.7,0.928,978.7,14995.1,9,0.029,17.83,None
2024-01-01 09:02:20,6196283,6260391,TCP,80.5,1.477,5117.7,17544.1,8,0.0032,21.33,None
2024-01-01 09:02:25,1125532,8782564,DNS,302.6,0.11,1043.6,32653.2,7,0.0045,17.12,None
2024-01-01 09:02:30,6868549,5707760,UDP,322.3,2.51,262.6,3134.1,11,0.0007,4.07,None
2024-01-01 09:02:35,6750596,4028239,DNS,230.7,1.567,2539.9,7657.2,17,0.0104,0.79,None
2024-01-01 09:02:40,6476462,3991878,DNS,101.4,3.532,3857.7,14293.0,9,0.0103,4.36,None
2024-01-01 09:02:45,4978992,5111148,HTTP,127.4,0.634,2656.9,4781.2,9,0.015,8.75,None
2024-01-01 09:02:50,4994371,4522342,DNS,159.6,4.673,52423.3,14071.5,17,0.0292,1.27,None
2024-01-01 09:02:55,5633470,6234338,DNS,104.4,13.282,4354.0,7910.7,11,0.0056,18.17,None
2024-01-01 09:03:00,8018557,2693777,DNS,345.9,5.034,3453.5,3475.7,3,0.0052,15.39,None
2024-01-01 09:03:05,7644960,4819565,DNS,159.5,3.009,4580.6,3784.8,5,0.0102,17.23,None
2024-01-01 09:03:10,3985880,4148994,HTTP,38.4,3.347,1917.3,28262.5,10,0.011,2.3,None
2024-01-01 09:03:15,4589468,2252220,DNS,175.9,1.705,7551.3,2991.7,7,0.0059,7.89,None
2024-01-01 09:03:20,1474345,5970910,TCP,124.7,0.422,4277.0,2520.0,12,0.0252,11.03,None
2024-01-01 09:03:25,7539214,8325816,HTTP,143.0,2.26,4085.4,11434.4,11,0.0005,14.46,None
2024-01-01 09:03:30,5200989,8844962,DNS,123.4,2.495,1597.0,7859.1,12,0.0141,19.27,None
2024-01-01 09:03:35,4310064,7439208,UDP,222.2,8.451,623.7,2182.8,6,0.0023,23.45,None
2024-01-01 09:03:40,1693943,2534715,DNS,259.8,1.559,1805.5,4820.2,12,0.0068,1.97,None
2024-01-01 09:03:45,7961797,6955033,DNS,171.0,0.633,3954.6,3580.4,13,0.0191,15.4,None
2024-01-01 09:03:50,3133814,5606380,TCP,125.3,2.302,1910.8,4265.6,8,0.004,3.24,None
2024-01-01 09:03:55,6022642,8867892,HTTP,145.4,7.763,3990.7,101211.8,10,0.023,7.2,None
2024-01-01 09:04:00,9105196,4283616,HTTP,149.9,0.39,2362.9,5987.4,10,0.006,18.53,None
2024-01-01 09:04:05,2772833,1319240,TCP,99.4,0.789,4585.2,3356.8,11,0.0121,23.86,None
2024-01-01 09:04:10,4076158,8109646,DNS,198.2,1.561,1122.3,61193.0,13,0.0128,12.64,None
2024-01-01 09:04:15,1435332,9422719,UDP,186.8,0.373,3615.2,19697.7,13,0.003,8.47,None
2024-01-01 09:04:20,6404358,6665288,UDP,320.6,0.045,1570.3,16727.8,6,0.0231,5.14,None
2024-01-01 09:04:25,5921343,5812693,HTTP,278.0,0.822,640.2,3522.4,14,0.0013,18.78,None
2024-01-01 09:04:30,7815713,1390067,UDP,105.3,4.01,2527.1,26675.0,9,0.0089,21.69,None
2024-01-01 09:04:35,9368598,7244954,DNS,223.7,0.089,13853.8,18329.6,6,0.0265,20.37,None
2024-01-01 09:04:40,3188779,8102759,TCP,92.3,1.12,693.3,9387.1,8,0.0003,12.23,None
2024-01-01 09:04:45,4281798,9221671,HTTP,210.2,2.873,3359.0,1456.4,11,0.0076,14.14,None
2024-01-01 09:04:50,4614915,1437158,HTTP,114.6,6.123,6618.2,7943.3,11,0.0028,20.08,None
2024-01-01 09:04:55,9953287,8924825,UDP,89.0,8.464,29733.5,45703.5,13,0.0021,22.29,None
2024-01-01 09:05:00,5053598,6120008,DNS,170.7,1.096,1820.9,10100.9,14,0.0027,22.54,None
2024-01-01 09:05:05,9940952,7532131,TCP,39.0,6.007,1584.5,5561.0,11,0.0233,16.55,None
2024-01-01 09:05:10,1292002,1296104,TCP,61.8,0.072,928.3,6448.1,7,0.0055,4.6,None
2024-01-01 09:05:15,3004543,9629112,TCP,135.8,2.74,9325.6,6910.2,17,0.0027,7.51,None
2024-01-01 09:05:20,5369081,1643079,DNS,154.7,2.059,1252.1,3642.4,11,0.0262,6.39,None
2024-01-01 09:05:25,3218372,9491641,TCP,123.4,0.574,2057.8,7775.7,6,0.0039,4.16,None
2024-01-01 09:05:30,1919593,6381720,DNS,67.4,1.416,469.2,34294.3,8,0.0129,6.02,None
2024-01-01 09:05:35,8450690,6407966,UDP,98.6,0.277,7215.4,30621.4,7,0.0077,20.88,None
2024-01-01 09:05:40,2510308,8862196,TCP,180.5,4.105,9492.5,3811.1,14,0.0114,18.49,None
2024-01-01 09:05:45,1520070,2505951,TCP,198.5,0.886,6945.0,29024.6,12,0.002,1.05,None
2024-01-01 09:05:50,8318662,3757261,DNS,147.2,1.967,598.6,17346.4,13,0.0113,3.54,None
2024-01-01 09:05:55,4656423,4643974,TCP,264.7,0.346,5470.6,15265.3,14,0.0236,23.64,None
2024-01-01 09:06:00,8394156,7084786,TCP,181.0,0.462,559.7,12480.4,13,0.0011,5.42,None
2024-01-01 09:06:05,9578932,6595597,DNS,102.1,9.646,3159.1,3195.9,8,0.004,15.23,None
2024-01-01 09:06:10,6539932,8005970,TCP,129.0,2.797,3659.5,5401.4,4,0.036,4.93,None
2024-01-01 09:06:15,4878124,2572085,UDP,73.6,6.539,4065.1,18637.3,6,0.0026,5.61,None
2024-01-01 09:06:20,2471596,9444844,DNS,140.6,0.702,5088.0,2423.9,11,0.0006,11.96,None
2024-01-01 09:06:25,4977428,1704085,TCP,258.8,0.36,2957.1,2861.9,6,0.0006,11.7,None
2024-01-01 09:06:30,4585836,7775751,TCP,209.1,1.399,418.9,11006.0,14,0.0032,15.51,None
2024-01-01 09:06:35,7464595,6491431,TCP,299.2,1.365,5090.4,3679.3,8,0.0068,4.04,None
2024-01-01 09:06:40,4160517,5182626,TCP,127.6,0.385,3286.6,18469.8,11,0.0031,6.31,None
2024-01-01 09:06:45,9906438,9936445,TCP,290.9,2.643,1208.8,3811.5,7,0.0033,14.98,None
2024-01-01 09:06:50,5049122,6149624,DNS,134.7,0.898,620.5,10346.3,9,0.0178,2.34,None
2024-01-01 09:06:55,3360802,3533940,DNS,309.8,0.412,13905.3,11249.4,9,0.0146,21.82,None
2024-01-01 09:07:00,3498076,5614364,TCP,146.8,0.807,10211.8,5003.6,8,0.0037,4.29,None
2024-01-01 09:07:05,3078550,9359797,HTTP,211.4,1.659,6038.8,6376.4,10,0.0042,10.52,None
2024-01-01 09:07:10,8904060,8534775,HTTP,310.3,2.593,1515.8,4105.1,7,0.035,2.61,None
2024-01-01 09:07:15,1406545,1358248,HTTP,134.7,1.315,240.6,7953.7,10,0.03,16.44,None
2024-01-01 09:07:20,8029021,3885216,HTTP,165.5,1.491,6404.0,3097.4,11,0.0362,7.85,None
2024-01-01 09:07:25,6225052,2107713,UDP,282.7,0.299,4301.4,6480.1,10,0.028,1.77,None
2024-01-01 09:07:30,7567912,3528318,UDP,138.9,4.923,2049.5,17128.4,14,0.0099,14.22,None
2024-01-01 09:07:35,2201282,5789011,UDP,76.7,5.282,9180.2,2600.0,11,0.0037,23.54,None
2024-01-01 09:07:40,4074723,5818825,UDP,433.3,2.3,6960.4,4978.7,10,0.0349,20.9,None
2024-01-01 09:07:45,1550906,2122755,DNS,117.3,0.036,3554.9,13605.9,11,0.0136,16.87,None
2024-01-01 09:07:50,7269720,1584387,HTTP,160.7,1.54,3087.3,1014.7,13,0.0124,0.3,None
2024-01-01 09:07:55,6205156,6170913,HTTP,264.5,1.984,3136.8,51822.7,15,0.016,20.64,None
2024-01-01 09:08:00,3590356,1105270,UDP,109.5,10.463,5883.7,23046.2,10,0.0091,21.52,None
2024-01-01 09:08:05,4362269,2432615,TCP,89.7,11.077,1264.6,1740.0,9,0.0088,0.91,None
2024-01-01 09:08:10,4095231,4496264,TCP,168.5,3.898,4564.1,988.1,7,0.0045,2.94,None
2024-01-01 09:08:15,7585645,1673501,UDP,60.5,0.132,1187.3,8346.7,7,0.0016,10.84,None
2024-01-01 09:08:20,9064863,3439363,TCP,128.5,6.127,11345.3,2643.2,13,0.0058,9.65,None
2024-01-01 09:08:25,9809903,8080690,UDP,167.8,1.897,5075.2,21194.4,11,0.0073,7.07,None
2024-01-01 09:08:30,5327588,2118994,UDP,129.7,3.228,1497.8,12016.1,14,0.021,4.75,None
2024-01-01 09:08:35,7202691,4409938,UDP,68.6,1.046,3231.2,9167.1,8,0.0051,13.18,None
2024-01-01 09:08:40,7381213,2474386,UDP,329.3,0.77,1269.3,4581.3,8,0.0215,18.51,None
2024-01-01 09:08:45,7300456,3641538,UDP,156.3,1.244,13414.8,40135.1,9,0.0038,22.49,None
2024-01-01 09:08:50,5527502,4303575,DNS,303.6,0.318,15106.4,17213.5,11,0.0289,7.23,None
2024-01-01 09:08:55,1760100,5897112,TCP,130.3,0.883,5980.3,14811.6,11,0.0004,16.88,None
2024-01-01 09:09:00,9182336,7241396,UDP,95.6,3.898,14138.5,26904.7,14,0.0075,18.92,None
2024-01-01 09:09:05,7890649,2004674,UDP,169.8,0.077,3469.6,2925.3,7,0.0039,11.47,None
2024-01-01 09:09:10,4560054,9662140,UDP,133.2,0.327,6396.5,29282.3,12,0.0035,22.11,None
2024-01-01 09:09:15,4577373,8697215,DNS,82.4,0.267,10144.9,6219.2,6,0.0008,0.55,None
2024-01-01 09:09:20,6584982,3880798,HTTP,309.5,1.032,2963.9,11324.6,14,0.0114,21.61,None
2024-01-01 09:09:25,6199599,3491018,UDP,108.7,11.61,3200.6,6929.5,10,0.005,21.42,None
2024-01-01 09:09:30,6347373,9824030,DNS,59.1,0.381,7582.9,1239.1,9,0.0298,3.29,None
2024-01-01 09:09:35,7945566,7304302,TCP,288.3,0.314,5690.2,21106.8,12,0.0125,10.55,None
2024-01-01 09:09:40,7481260,8617887,TCP,115.3,4.932,1400.4,1307.0,15,0.0058,12.38,None
2024-01-01 09:09:45,5811944,4257789,HTTP,109.5,4.275,334.7,3082.4,10,0.0099,9.65,None
2024-01-01 09:09:50,2017949,7658356,DNS,61.4,0.066,2501.1,5152.2,10,0.0007,21.49,None
2024-01-01 09:09:55,1353756,9478443,UDP,354.4,2.786,366.2,1148.7,9,0.0089,17.11,None
2024-01-01 09:10:00,8835638,6898459,DNS,77.9,2.131,1106.5,2695.6,11,0.011,2.96,None
2024-01-01 09:10:05,1891701,5109894,TCP,152.8,2.92,1243.5,10350.8,10,0.0011,22.24,None
2024-01-01 09:10:10,5231372,8554021,DNS,234.2,1.364,1688.1,5729.3,7,0.0115,1.11,None
2024-01-01 09:10:15,9503223,2343739,DNS,183.3,9.507,6771.2,6222.0,10,0.0064,14.3,None
2024-01-01 09:10:20,1592666,5494539,TCP,144.1,0.09,8414.2,3245.4,12,0.0065,12.54,None
2024-01-01 09:10:25,2617214,9207561,TCP,63.4,0.534,4957.9,8486.1,8,0.0129,1.74,None
2024-01-01 09:10:30,1113689,4404578,HTTP,99.0,1.01,5611.1,5853.2,11,0.006,16.7,None
2024-01-01 09:10:35,3371291,8312987,DNS,163.0,1.195,5745.2,1570.3,8,0.0027,23.1,None
2024-01-01 09:10:40,1779563,8541199,TCP,100.1,5.086,245.5,6628.2,7,0.0035,11.0,None
2024-01-01 09:10:45,9021321,4196259,UDP,164.3,1.642,3011.5,2340.4,13,0.0134,12.33,None
2024-01-01 09:10:50,1972972,5062405,TCP,208.7,0.092,494.5,19884.5,6,0.0007,9.21,None
2024-01-01 09:10:55,3460879,7926378,UDP,240.1,1.048,4959.9,5478.0,17,0.0184,21.01,None
2024-01-01 09:11:00,5422057,3241782,UDP,80.4,1.077,367.6,100863.6,11,0.0087,22.27,None
2024-01-01 09:11:05,9518748,5024314,UDP,445.1,6.733,2488.8,21309.4,10,0.013,9.53,None
2024-01-01 09:11:10,6279968,4491914,DNS,217.8,1.829,5155.2,7113.4,6,0.0042,21.38,None
2024-01-01 09:11:15,6729940,9689868,HTTP,148.3,2.019,974.8,14464.9,14,0.0025,4.9,None
2024-01-01 09:11:20,8927269,1070625,TCP,255.9,2.498,7798.7,1002.4,7,0.0163,10.99,None
2024-01-01 09:11:25,7992314,2304154,DNS,484.3,2.94,4947.4,21213.2,9,0.0011,6.05,None
2024-01-01 09:11:30,4919809,9956748,UDP,72.3,2.016,4362.6,3567.8,10,0.0018,5.37,None
2024-01-01 09:11:35,2198741,8602650,HTTP,132.6,0.542,5990.9,8863.8,6,0.0034,20.57,None
2024-01-01 09:11:40,7616449,5866208,DNS,45.2,4.144,2081.4,3914.2,6,0.0043,17.14,None
2024-01-01 09:11:45,5633274,7057493,UDP,163.4,2.634,3470.0,4353.3,6,0.0023,1.61,None
2024-01-01 09:11:50,6042314,9675318,DNS,178.2,2.709,3011.1,6760.6,6,0.0244,18.18,None
2024-01-01 09:11:55,3309072,6388916,TCP,145.5,11.343,2943.8,8750.2,12,0.0003,13.75,None
2024-01-01 09:12:00,9156072,3676172,UDP,107.0,3.244,1522.3,7887.9,11,0.0163,18.89,None
2024-01-01 09:12:05,9605827,4115469,TCP,53.3,3.534,860.5,8087.0,9,0.0053,14.24,None
2024-01-01 09:12:10,2159834,4157823,TCP,178.9,6.048,2128.4,1594.5,9,0.0181,9.06,None
2024-01-01 09:12:15,8021997,2992429,TCP,307.3,0.328,2014.4,83453.9,10,0.0159,11.88,None
2024-01-01 09:12:20,1593985,9730544,DNS,110.4,1.377,1426.9,10218.8,8,0.0013,3.4,None
2024-01-01 09:12:25,4281898,2664442,TCP,184.9,1.738,6988.7,12551.1,9,0.011,7.45,None
2024-01-01 09:12:30,2518307,5145064,TCP,67.8,0.799,923.2,5767.6,10,0.0048,0.54,None
2024-01-01 09:12:35,5286117,4331378,UDP,186.5,3.658,2511.1,3380.7,8,0.0172,9.75,None
2024-01-01 09:12:40,6815779,5499666,DNS,121.9,2.874,9569.5,9424.2,9,0.019,2.19,None
2024-01-01 09:12:45,4375492,7760517,TCP,101.4,2.552,7399.2,10821.4,8,0.0021,15.85,None
2024-01-01 09:12:50,3801051,7397102,HTTP,101.5,11.72,10059.7,29786.5,9,0.0065,21.9,None
2024-01-01 09:12:55,2732872,4099357,TCP,121.9,0.601,1651.1,64706.5,11,0.009,17.78,None
2024-01-01 09:13:00,6222780,3245034,UDP,179.7,2.66,6530.8,35490.6,8,0.0079,4.98,None
2024-01-01 09:13:05,7602324,4433918,HTTP,77.0,1.603,1029.7,1385.0,12,0.0029,12.17,None
2024-01-01 09:13:10,5480185,1155682,UDP,121.7,0.751,2262.3,5113.2,17,0.0032,17.09,None
2024-01-01 09:13:15,6466359,3022786,DNS,145.4,0.35,2485.5,11336.9,9,0.0195,19.34,None
2024-01-01 09:13:20,5761419,9228566,DNS,85.7,4.524,1676.0,5430.1,8,0.0003,6.79,None
2024-01-01 09:13:25,3040114,5033573,DNS,364.4,1.81,2076.0,7755.6,14,0.003,11.45,None
2024-01-01 09:13:30,9441427,4571949,HTTP,96.9,3.485,1820.1,948.5,7,0.0025,2.5,None
2024-01-01 09:13:35,7354975,8122895,HTTP,106.2,1.576,1116.1,20215.7,3,0.0046,17.43,None
2024-01-01 09:13:40,9162360,6132953,UDP,91.0,0.497,7019.3,1242.1,8,0.0116,10.43,None
2024-01-01 09:13:45,9700464,9994904,TCP,364.8,0.824,2483.8,1681.6,7,0.0076,1.0,None
2024-01-01 09:13:50,3464631,6266455,UDP,195.7,0.961,3646.2,2937.5,13,0.0078,12.71,None
2024-01-01 09:13:55,4227404,5450216,DNS,92.9,7.219,3511.4,7350.1,6,0.0131,18.99,None
2024-01-01 09:14:00,1217795,5553162,TCP,258.0,0.011,3148.6,1599.2,14,0.0167,1.07,None
2024-01-01 09:14:05,5100399,2237300,HTTP,164.1,8.49,3270.8,2806.3,7,0.0017,9.68,None
2024-01-01 09:14:10,7602171,1424691,HTTP,168.8,7.871,2196.4,25564.1,8,0.0011,11.56,None
2024-01-01 09:14:15,7212101,7441313,UDP,124.9,11.12,12312.8,7241.9,14,0.0036,23.99,None
2024-01-01 09:14:20,5958530,3927779,DNS,102.0,1.295,6378.9,12500.8,14,0.0176,5.25,None
2024-01-01 09:14:25,1188125,8711048,DNS,175.7,6.638,3036.3,2353.7,10,0.0078,19.66,None
2024-01-01 09:14:30,5445609,4383051,UDP,113.0,1.007,1906.3,7678.4,12,0.0015,3.5,None
2024-01-01 09:14:35,6587069,7760349,TCP,368.1,0.053,2647.0,7073.7,11,0.0018,23.14,None
2024-01-01 09:14:40,4471237,7091339,HTTP,78.7,0.508,4526.1,3658.2,10,0.0229,7.36,None
2024-01-01 09:14:45,6776792,2158481,TCP,319.9,5.812,13358.9,7699.6,10,0.0046,3.49,None
2024-01-01 09:14:50,9603994,4668416,TCP,140.4,0.028,755.2,1221.5,10,0.0029,9.16,None
2024-01-01 09:14:55,9293875,5016526,DNS,172.4,1.579,5766.2,12564.2,9,0.0118,0.37,None
2024-01-01 09:15:00,8328482,4039200,TCP,225.1,0.157,9197.8,5434.4,9,0.0197,2.61,None
2024-01-01 09:15:05,1254128,9340608,DNS,108.3,0.675,674.0,6265.3,16,0.0058,11.91,None
2024-01-01 09:15:10,9168610,3236982,UDP,228.6,0.184,2487.0,18991.9,11,0.0157,22.58,None
2024-01-01 09:15:15,9435323,7570610,TCP,38.3,3.926,1028.1,12481.9,9,0.0056,10.68,None
2024-01-01 09:15:20,3373766,5828907,HTTP,103.5,1.788,4584.9,5893.8,11,0.0118,15.85,None
2024-01-01 09:15:25,9399978,7779797,UDP,93.5,4.648,2083.2,2652.9,13,0.0086,16.97,None
2024-01-01 09:15:30,2903242,7493016,DNS,79.3,2.332,2617.2,30597.1,12,0.0225,0.88,None
2024-01-01 09:15:35,6990075,8154999,UDP,133.3,7.083,1976.2,2121.5,7,0.0039,7.73,None
2024-01-01 09:15:40,5519016,3812911,UDP,180.0,1.426,6125.2,15204.8,9,0.0147,23.93,None
2024-01-01 09:15:45,5413135,8023109,UDP,210.9,2.036,3748.2,1640.3,13,0.0115,0.17,None
2024-01-01 09:15:50,3120642,3013186,UDP,167.4,1.718,3755.3,20289.8,9,0.0183,11.28,None
2024-01-01 09:15:55,5125142,8216045,TCP,106.4,1.324,3500.4,22261.2,8,0.0094,20.1,None
2024-01-01 09:16:00,5542762,6776261,HTTP,178.5,3.741,5284.3,1196.8,13,0.0062,6.92,None
2024-01-01 09:16:05,1865324,9249739,TCP,157.9,2.069,2293.9,12699.7,7,0.0005,23.92,None
2024-01-01 09:16:10,7097962,3775363,HTTP,237.0,3.232,16330.3,11690.2,10,0.0183,11.67,None
2024-01-01 09:16:15,7607495,5377767,TCP,218.9,3.087,867.1,16367.4,13,0.0241,21.94,None
2024-01-01 09:16:20,3331825,8034900,TCP,150.7,0.424,530.6,11675.4,8,0.006,12.68,None
2024-01-01 09:16:25,3639453,7382840,UDP,94.8,2.101,488.5,3095.4,6,0.0025,9.54,None
2024-01-01 09:16:30,5293731,2964620,HTTP,107.1,0.445,372.6,6520.9,13,0.0104,17.04,None
2024-01-01 09:16:35,2201822,4556247,UDP,47.4,1.751,190376.6,42815.1,529,0.0013,23.0,DDoS
2024-01-01 09:16:40,4606243,8538863,HTTP,42.5,2.263,144266.8,2676.3,472,0.0004,9.03,DDoS
2024-01-01 09:16:45,7697457,1212800,UDP,77.8,11.781,230160.7,11190.9,513,0.0034,20.76,DDoS
2024-01-01 09:16:50,7136163,7206723,HTTP,212.2,0.062,1036.2,25623.2,7,0.0114,15.83,None
2024-01-01 09:16:55,1528762,4533153,DNS,77.3,0.191,518348.2,3008.7,475,0.0168,9.09,DDoS
2024-01-01 09:17:00,1854181,8530452,TCP,51.3,0.16,120214.9,1964.9,515,0.0017,1.33,DDoS
2024-01-01 09:17:05,8788403,9235309,UDP,159.4,1.016,3521.3,2284.5,12,0.0292,7.47,None
2024-01-01 09:17:10,4358719,8850861,UDP,56.3,3.447,1016865.2,12027.7,465,0.008,19.95,DDoS
2024-01-01 09:17:15,2841586,6729359,UDP,93.4,3.717,1399.3,2265.1,13,0.0259,2.28,None
2024-01-01 09:17:20,5926973,9434367,DNS,61.7,2.671,39626.3,7077.2,15,0.0016,13.73,None
2024-01-01 09:17:25,9603527,6838651,HTTP,104.8,4.544,11292.3,31929.0,9,0.0061,12.28,None
2024-01-01 09:17:30,4180878,4583252,HTTP,188.0,0.78,1751.6,7697.8,8,0.0056,15.88,None
2024-01-01 09:17:35,8013608,5423746,UDP,104.4,0.185,1001.5,3722.6,12,0.0053,22.54,None
2024-01-01 09:17:40,6960878,6917351,TCP,131.8,0.12,2730.1,9185.8,15,0.0267,18.04,None
2024-01-01 09:17:45,6677142,1080571,TCP,187.4,3.823,3576.9,7565.3,9,0.0189,12.25,None
2024-01-01 09:17:50,5224815,7309675,DNS,192.5,2.622,8652.6,12742.0,7,0.0158,19.93,None
2024-01-01 09:17:55,2430863,3781653,DNS,86.5,2.399,926.4,40910.6,12,0.0034,16.84,None
2024-01-01 09:18:00,4542314,6748350,HTTP,244.3,0.83,3965.9,12049.4,8,0.0041,21.49,None
2024-01-01 09:18:05,4557426,8275332,HTTP,260.8,0.956,646.1,61931.4,10,0.003,17.38,None
2024-01-01 09:18:10,5986314,5603229,DNS,84.4,6.346,4611.7,12775.7,4,0.0158,18.07,None
2024-01-01 09:18:15,3967405,4456072,DNS,98.3,0.132,2677.1,3761.9,13,0.005,2.02,None
2024-01-01 09:18:20,4284233,6781982,UDP,269.2,2.972,20675.0,79881.8,7,0.0385,0.09,None
2024-01-01 09:18:25,5931789,6840671,UDP,137.9,0.741,635.2,7152.2,14,0.0045,22.93,None
2024-01-01 09:18:30,3402471,2731163,UDP,48.9,0.08,11738.3,2821.7,10,0.0019,6.05,None
2024-01-01 09:18:35,3408645,1024054,TCP,73.7,2.714,542.5,82762.4,8,0.0266,3.96,None
2024-01-01 09:18:40,9271865,2930427,HTTP,131.0,0.804,790.6,3892.8,8,0.0153,3.81,None
2024-01-01 09:18:45,9299384,9136692,UDP,83.0,2.561,557.2,3742.9,6,0.0088,17.71,None
2024-01-01 09:18:50,2115798,8142743,UDP,120.7,2.46,3829.0,4668.2,12,0.0196,1.11,None
2024-01-01 09:18:55,2802138,2927839,UDP,150.8,1.531,921.8,9553.2,13,0.0298,15.86,None
2024-01-01 09:19:00,5520848,5928912,DNS,308.3,3.005,774.1,20555.0,12,0.0198,13.72,None
2024-01-01 09:19:05,4492696,5036928,DNS,128.4,1.74,3651.0,573.2,9,0.0235,3.54,None
2024-01-01 09:19:10,6328156,5502831,UDP,253.7,0.676,4683.4,20465.6,8,0.0032,3.25,None
2024-01-01 09:19:15,8285560,5856486,HTTP,303.2,2.649,3102.1,4653.9,8,0.0072,3.18,None
2024-01-01 09:19:20,9545651,9079298,TCP,304.0,1.779,2534.6,5362.1,9,0.0159,6.23,None
2024-01-01 09:19:25,4659715,9871699,HTTP,171.1,0.026,18562.7,45034.8,4,0.0075,15.4,None
2024-01-01 09:19:30,3065160,9255259,DNS,55.6,4.638,3449.0,10029.7,15,0.0103,4.97,None
2024-01-01 09:19:35,1440440,3855296,UDP,186.9,1.578,6672.1,12679.0,13,0.0256,15.84,None
2024-01-01 09:19:40,4757025,9359238,TCP,250.7,4.059,3439.0,7719.0,8,0.0035,23.32,None
2024-01-01 09:19:45,4624881,5778173,HTTP,142.5,4.287,994.4,17389.9,13,0.0078,20.69,None
2024-01-01 09:19:50,6618920,5251633,DNS,355.1,1.177,5166.2,40864.2,7,0.0083,19.15,None
2024-01-01 09:19:55,2372578,1131165,UDP,228.1,1.417,1547.2,681.9,10,0.0045,22.78,None
2024-01-01 09:20:00,9822433,2399089,HTTP,197.2,1.075,2721.7,23971.4,12,0.0046,14.7,None
2024-01-01 09:20:05,7844016,3302406,UDP,255.5,1.194,4045.7,38064.3,12,0.0147,18.45,None
2024-01-01 09:20:10,9482330,8368211,TCP,175.3,4.51,427.8,13373.9,18,0.0265,18.57,None
2024-01-01 09:20:15,1943669,1116566,UDP,42.7,3.104,596.2,4116.0,6,0.01,23.39,None
2024-01-01 09:20:20,7054821,2269524,TCP,115.6,0.271,7401.7,2559.9,8,0.0067,15.53,None
2024-01-01 09:20:25,4605166,9537273,TCP,270.0,1.885,1535.0,85977.9,9,0.0139,6.55,None
2024-01-01 09:20:30,5278225,2555648,TCP,99.1,10.997,1609.5,3278.1,11,0.0612,4.7,None
2024-01-01 09:20:35,3719693,9145341,DNS,132.7,1.81,3520.8,36961.8,9,0.0009,7.36,None
2024-01-01 09:20:40,4097656,8680144,UDP,88.0,3.082,2027.0,11974.2,16,0.0105,18.28,None
2024-01-01 09:20:45,4475205,5962881,TCP,362.1,2.931,4526.0,62682.1,12,0.0081,15.76,None
2024-01-01 09:20:50,9966274,6908310,HTTP,344.0,0.863,2832.4,5894.3,14,0.0094,5.26,None
2024-01-01 09:20:55,3209631,5292356,HTTP,95.4,0.93,3635.9,1623.6,8,0.0002,20.64,None
2024-01-01 09:21:00,1834114,8083194,HTTP,159.8,2.575,1477.6,8120.7,15,0.0312,23.55,None
2024-01-01 09:21:05,5021186,3919794,HTTP,105.6,1.386,3617.7,1832.7,15,0.0009,18.17,None
2024-01-01 09:21:10,5367397,8959208,HTTP,201.8,1.691,9001.0,117837.3,15,0.0037,1.49,None
2024-01-01 09:21:15,8254830,8667513,DNS,191.5,2.496,1689.6,15206.8,18,0.0035,15.06,None
2024-01-01 09:21:20,9639424,2359777,UDP,222.7,3.006,7445.2,17643.6,5,0.0132,22.5,None
2024-01-01 09:21:25,1234945,7907412,HTTP,175.2,0.634,2831.2,17654.9,8,0.0111,7.51,None
2024-01-01 09:21:30,6499520,4013955,TCP,644.0,0.318,6213.5,4049.7,9,0.0006,14.05,None
2024-01-01 09:21:35,5466698,5667508,DNS,88.8,0.69,3390.6,7100.8,7,0.0016,5.45,None
2024-01-01 09:21:40,4449405,8404010,TCP,63.1,1.417,2883.0,9048.6,7,0.0038,21.14,None
2024-01-01 09:21:45,5761400,9016537,UDP,121.9,0.838,4229.0,56607.0,7,0.0122,20.88,None
2024-01-01 09:21:50,4988987,6612091,TCP,67.8,1.68,10032.6,2547.6,12,0.0265,8.75,None
2024-01-01 09:21:55,3334053,3453017,HTTP,70.4,0.11,3774.8,3910.5,9,0.0038,8.39,None
2024-01-01 09:22:00,2346514,8181809,UDP,90.0,1.426,4810.4,5636.8,10,0.0075,0.0,None
2024-01-01 09:22:05,2803293,6247016,DNS,93.6,0.918,2062.2,4131.3,7,0.0047,7.62,None
2024-01-01 09:22:10,6472508,2737687,DNS,92.1,1.53,14341.1,1883.9,6,0.0086,18.75,None
2024-01-01 09:22:15,1211360,9481178,DNS,192.3,1.098,5655.2,542.0,9,0.0099,0.69,None
2024-01-01 09:22:20,6684350,6241266,HTTP,115.2,0.669,3221.8,1304.0,12,0.0073,4.87,None
2024-01-01 09:22:25,8539173,2267236,DNS,135.7,4.689,2636.9,24319.4,15,0.0049,17.53,None
2024-01-01 09:22:30,5452692,1122768,HTTP,232.1,0.409,7926.0,8036.8,9,0.0212,15.55,None
2024-01-01 09:22:35,7050243,5491047,UDP,101.2,2.287,1625.9,18686.2,14,0.0162,23.68,None
2024-01-01 09:22:40,1957428,1015576,DNS,130.0,5.171,501.3,4525.5,11,0.0644,9.37,None
2024-01-01 09:22:45,7755221,8820937,TCP,178.2,1.547,3204.8,7344.2,9,0.0053,3.2,None
2024-01-01 09:22:50,7159317,1802190,HTTP,56.2,4.182,9798.7,40666.4,14,0.0004,15.95,None
2024-01-01 09:22:55,5310472,3100588,TCP,45.0,0.267,14637.0,38281.5,4,0.0105,1.9,None
2024-01-01 09:23:00,4724181,7362094,DNS,176.5,1.362,2677.7,20784.7,9,0.0153,2.8,None
2024-01-01 09:23:05,7521788,3548486,TCP,189.8,1.221,3113.8,9921.1,10,0.0276,13.63,None
2024-01-01 09:23:10,9839203,5560318,DNS,416.6,0.016,5011.7,13602.0,3,0.0001,11.33,None
2024-01-01 09:23:15,9515712,5212185,HTTP,160.6,1.171,2288.5,11738.6,9,0.0212,6.33,None
2024-01-01 09:23:20,7526274,9887906,UDP,223.6,0.921,4996.1,6857.3,14,0.0073,11.47,None
2024-01-01 09:23:25,6813956,8262801,DNS,134.6,2.216,2736.9,5408.0,10,0.0047,20.84,None
2024-01-01 09:23:30,2577296,3713113,UDP,172.2,5.572,8195.7,24893.6,7,0.0025,17.4,None
2024-01-01 09:23:35,2735090,1997053,UDP,341.6,0.179,6142.5,2218.0,8,0.0168,10.92,None
2024-01-01 09:23:40,5067975,5618288,TCP,51.3,0.793,6702.4,35859.3,10,0.0045,7.47,None
2024-01-01 09:23:45,2115741,9156059,HTTP,182.5,1.174,2427.7,6152.2,5,0.0093,13.97,None
2024-01-01 09:23:50,1656298,7833343,DNS,431.7,1.215,20453.9,2177.5,9,0.0072,0.07,None
2024-01-01 09:23:55,7125972,9508470,DNS,170.9,2.982,4836.3,4696.1,9,0.0031,17.59,None
2024-01-01 09:24:00,4195526,2382654,UDP,338.8,1.172,3817.3,3379.9,9,0.0155,19.26,None
2024-01-01 09:24:05,5241005,5453096,HTTP,108.4,0.055,1392.8,4556.6,9,0.0035,2.92,None
2024-01-01 09:24:10,1927244,2624006,DNS,146.1,2.476,2705.2,4474.0,11,0.0155,9.66,None
2024-01-01 09:24:15,1984291,2104277,UDP,150.9,4.323,3342.2,4299.7,8,0.0053,3.48,None
2024-01-01 09:24:20,9316616,8724261,TCP,49.0,1.443,1356.0,5955.3,5,0.0003,22.77,None
2024-01-01 09:24:25,9906127,7322908,TCP,82.8,1.74,2225.4,7594.9,9,0.0146,19.82,None
2024-01-01 09:24:30,2875086,8666711,TCP,85.8,0.356,2525.5,17393.6,12,0.023,0.48,None
2024-01-01 09:24:35,5410818,2779682,HTTP,223.9,0.499,3152.4,6342.6,9,0.0013,23.29,None
2024-01-01 09:24:40,4373956,9320490,DNS,229.5,0.536,511.5,11226.4,13,0.0088,3.4,None
2024-01-01 09:24:45,9205100,1575840,DNS,174.5,1.127,2603.8,8164.3,19,0.0007,2.02,None
2024-01-01 09:24:50,8040355,5692319,DNS,224.1,5.266,2044.0,13913.0,12,0.0177,0.78,None
2024-01-01 09:24:55,5412890,4839119,UDP,136.7,1.475,2919.3,8490.3,7,0.0442,18.98,None
2024-01-01 09:25:00,9724978,5006907,DNS,270.7,0.427,8394.0,4243.6,8,0.0068,22.21,None
2024-01-01 09:25:05,3839949,1482024,UDP,149.1,0.619,23211.3,3235.1,7,0.0038,2.29,None
2024-01-01 09:25:10,7023277,7538399,HTTP,152.8,0.969,5874.5,9998.9,10,0.0187,23.6,None
2024-01-01 09:25:15,2321280,1488438,TCP,130.0,1.952,867.5,28951.5,11,0.0074,7.58,None
2024-01-01 09:25:20,1901593,9692107,DNS,209.0,1.16,2110.3,6443.8,12,0.006,16.29,None
2024-01-01 09:25:25,9239377,9890513,TCP,120.2,0.997,5409.8,4020.4,11,0.0026,23.67,None
2024-01-01 09:25:30,3008278,4668599,UDP,241.8,1.664,4833.3,6271.9,10,0.0096,0.2,None
2024-01-01 09:25:35,2361963,2879457,HTTP,84.3,0.554,8001.0,4622.1,5,0.0093,13.12,None
2024-01-01 09:25:40,5218318,6970284,HTTP,85.7,0.164,2704.4,4159.0,12,0.003,15.74,None
2024-01-01 09:25:45,1930630,2913016,UDP,209.3,0.049,2072.5,1913.0,7,0.0024,8.91,None
2024-01-01 09:25:50,9246349,3724541,TCP,142.0,0.579,17195.9,6346.1,7,0.0058,2.64,None
2024-01-01 09:25:55,3329857,9880823,HTTP,118.3,0.192,3161.1,10257.6,8,0.006,14.91,None
2024-01-01 09:26:00,1575995,1951879,UDP,231.6,0.82,1078.5,2746.5,15,0.0014,1.13,None
2024-01-01 09:26:05,9796424,7464381,HTTP,109.5,2.965,13031.6,3366.6,13,0.0032,22.16,None
2024-01-01 09:26:10,6901474,9959128,HTTP,134.3,2.52,667.7,3139.9,12,0.0017,11.09,None
2024-01-01 09:26:15,1114358,8397280,UDP,298.8,1.888,90.5,2025.0,10,0.0232,21.85,None
2024-01-01 09:26:20,3348054,7933187,HTTP,320.4,3.828,6434.2,3116.3,14,0.0008,20.08,None
2024-01-01 09:26:25,9006377,3474797,HTTP,325.8,0.663,7410.9,6648.5,9,0.0211,0.09,None
2024-01-01 09:26:30,1371158,4781557,HTTP,128.9,4.327,4509.8,2117.4,9,0.0075,11.02,None
2024-01-01 09:26:35,3341077,4743636,UDP,274.6,1.019,810.4,7061.8,9,0.0109,21.31,None
2024-01-01 09:26:40,2078641,1403604,TCP,92.3,1.025,2810.5,4009.9,11,0.0257,8.93,None
2024-01-01 09:26:45,9000492,7765301,TCP,94.3,1.04,2257.1,3200.4,8,0.0045,7.76,None
2024-01-01 09:26:50,6431647,7423865,TCP,45.8,0.206,1741.9,11816.0,7,0.0121,16.45,None
2024-01-01 09:26:55,7217385,6292128,HTTP,342.6,7.417,12235.2,4272.2,4,0.0111,16.92,None
2024-01-01 09:27:00,6985558,3616152,DNS,96.4,0.298,1046.6,5064.4,12,0.0445,15.44,None
2024-01-01 09:27:05,5853229,9141584,TCP,139.3,0.834,4089.2,29673.4,11,0.0005,8.72,None
2024-01-01 09:27:10,7283900,6259332,HTTP,94.1,0.769,9838.4,3229.1,8,0.0061,1.53,None
2024-01-01 09:27:15,1286014,7680554,HTTP,210.1,0.155,4365.3,38788.3,10,0.0456,22.15,None
2024-01-01 09:27:20,3674898,7266575,TCP,22.2,0.33,1268.1,5722.8,23,0.4858,7.61,PortScan
2024-01-01 09:27:25,3721141,4805891,UDP,12.7,0.092,335.6,2601.6,25,0.1167,19.1,PortScan
2024-01-01 09:27:30,2899095,1783272,DNS,185.1,0.692,4579.5,4656.7,11,0.017,8.44,None
2024-01-01 09:27:35,8781219,5211700,HTTP,25.2,4.03,458.6,8680.0,33,0.1054,11.87,PortScan
2024-01-01 09:27:40,4756846,6465994,HTTP,97.6,0.829,5505.2,28410.2,4,0.0003,8.97,None
2024-01-01 09:27:45,2887360,7080491,TCP,51.8,0.264,2027.3,18012.6,10,0.0033,1.95,None
2024-01-01 09:27:50,4643703,5299595,UDP,25.9,2.075,523.2,8637.8,15,0.0122,7.91,PortScan
2024-01-01 09:27:55,6311067,5636504,UDP,18.8,11.368,597.6,28565.5,22,0.141,22.94,PortScan
2024-01-01 09:28:00,7867323,5251196,UDP,28.7,0.529,273.8,1235.2,21,0.2414,2.65,PortScan
2024-01-01 09:28:05,3993388,2565938,HTTP,31.7,0.656,237.5,10398.8,20,0.2442,13.34,PortScan
2024-01-01 09:28:10,1258969,2643993,TCP,148.2,7.14,1722.7,11047.3,14,0.0059,23.24,None
2024-01-01 09:28:15,9034755,4438880,UDP,113.1,0.394,627.8,11182.9,7,0.0024,0.49,None
2024-01-01 09:28:20,3295746,3523098,HTTP,401.8,1.432,3248.0,1619.5,11,0.0097,1.66,None
2024-01-01 09:28:25,8324909,8483225,HTTP,371.3,0.548,773.6,2931.0,15,0.0061,21.82,None
2024-01-01 09:28:30,1820237,6617930,HTTP,96.2,5.387,672.5,6860.4,12,0.0148,17.65,None
2024-01-01 09:28:35,9574722,8094592,DNS,196.1,7.982,2919.8,24705.8,8,0.0073,13.09,None
2024-01-01 09:28:40,9546774,5756635,DNS,215.9,3.372,1388.8,55009.7,7,0.0218,12.88,None
2024-01-01 09:28:45,5999120,7293461,HTTP,110.1,0.756,4210.4,4169.6,8,0.0153,23.4,None
2024-01-01 09:28:50,6672233,8556077,UDP,70.3,1.033,2542.0,2186.7,10,0.0016,0.5,None
2024-01-01 09:28:55,4779234,7374132,TCP,147.5,0.555,1625.2,18320.2,16,0.0015,6.49,None
2024-01-01 09:29:00,8861036,6222950,TCP,136.1,4.428,541.9,110676.9,14,0.0002,7.6,None
2024-01-01 09:29:05,1876386,6003938,TCP,119.4,4.92,1270.4,24512.6,5,0.0046,2.87,None
2024-01-01 09:29:10,3243281,3158221,UDP,185.1,1.086,1318.0,3832.9,13,0.0006,8.57,None
2024-01-01 09:29:15,6517569,7106193,DNS,102.0,2.137,875.4,141653.5,10,0.006,8.89,None
2024-01-01 09:29:20,5490950,7923885,UDP,83.4,0.362,2145.1,16103.6,15,0.0028,23.01,None
2024-01-01 09:29:25,7835184,5029439,UDP,156.7,1.142,946.5,3673.8,9,0.0069,10.61,None
2024-01-01 09:29:30,3668490,1351584,TCP,180.0,1.997,2530.7,56067.0,13,0.0017,22.43,None
2024-01-01 09:29:35,4457073,8147962,DNS,82.4,0.974,3791.1,3394.8,5,0.008,19.44,None
2024-01-01 09:29:40,5801304,5804109,DNS,236.1,0.885,1304.8,4354.3,11,0.0339,17.68,None
2024-01-01 09:29:45,2506041,9735642,TCP,61.2,0.002,4561.5,16757.8,13,0.0101,7.93,None
2024-01-01 09:29:50,7831917,8830567,TCP,111.2,3.262,764.1,7903.8,11,0.0083,10.25,None
2024-01-01 09:29:55,8182089,7814210,TCP,130.5,4.403,980.3,8408.6,5,0.0155,1.07,None
2024-01-01 09:30:00,4394449,1323890,HTTP,108.0,6.978,2661.9,8422.7,8,0.0001,9.06,None
2024-01-01 09:30:05,5589935,7269079,DNS,111.9,2.541,5925.6,24698.1,7,0.0033,20.89,None
2024-01-01 09:30:10,7297059,5534645,HTTP,378.2,1.592,7096.8,792.8,5,0.0434,18.75,None
2024-01-01 09:30:15,2302143,9758043,HTTP,97.0,0.627,14948.9,10769.9,16,0.0153,19.4,None
2024-01-01 09:30:20,7907512,2649391,DNS,503.0,14.527,2045.5,6062.0,9,0.0009,5.32,None
2024-01-01 09:30:25,2456733,3150782,TCP,184.7,1.782,2624.1,3818.1,16,0.004,5.04,None
2024-01-01 09:30:30,4177490,5333917,HTTP,155.4,2.286,1061.4,3808.0,12,0.0058,15.92,None
2024-01-01 09:30:35,2022433,8845179,UDP,188.3,2.294,850.8,579.9,10,0.0273,15.63,None
2024-01-01 09:30:40,6781887,4916244,UDP,525.8,3.732,3746.5,3646.7,12,0.0088,4.69,None
2024-01-01 09:30:45,4611035,7051267,DNS,90.3,0.019,1372.1,29450.4,12,0.0008,17.27,None
2024-01-01 09:30:50,2380341,1529872,HTTP,84.8,0.498,10222.8,18621.2,9,0.0071,9.03,None
2024-01-01 09:30:55,5475480,9731377,HTTP,101.8,2.19,690.6,6691.7,22,0.0034,21.28,None
2024-01-01 09:31:00,8481658,1283712,UDP,150.8,4.51,4848.2,1975.8,13,0.0041,8.75,None
2024-01-01 09:31:05,4606375,9716624,TCP,62.6,2.313,1090.4,18432.5,4,0.0012,5.52,None
2024-01-01 09:31:10,7798827,1385365,DNS,150.1,1.067,1312.3,30026.9,12,0.0061,4.7,None
2024-01-01 09:31:15,8140423,1887434,HTTP,346.1,0.897,5110.8,22792.7,11,0.0111,21.56,None
2024-01-01 09:31:20,7141185,9965774,DNS,160.1,2.678,1516.4,3075.7,7,0.0143,20.64,None
2024-01-01 09:31:25,3369254,3508121,DNS,128.2,2.704,1779.7,3412.2,11,0.0119,10.22,None
2024-01-01 09:31:30,3360635,4562282,HTTP,109.0,1.868,1323.2,42442.7,11,0.0108,5.78,None
2024-01-01 09:31:35,8471382,3772676,TCP,232.6,0.689,17765.8,2418.1,12,0.0203,6.83,None
2024-01-01 09:31:40,6664618,5652523,UDP,98.2,5.185,1607.6,13071.8,10,0.004,9.24,None
2024-01-01 09:31:45,2473525,8170433,TCP,373.6,1.605,3138.7,1369.6,10,0.0024,1.06,None
2024-01-01 09:31:50,9292588,9883196,HTTP,390.2,3.126,2435.9,6001.0,11,0.0009,1.62,None
2024-01-01 09:31:55,3607484,7146682,DNS,168.7,0.482,3719.8,14547.2,15,0.0018,22.26,None
2024-01-01 09:32:00,1482677,2244070,HTTP,147.6,0.843,1612.1,7863.9,5,0.0016,18.39,None
2024-01-01 09:32:05,2214367,4286207,HTTP,248.5,4.152,2438.6,13683.1,9,0.0244,19.54,None
2024-01-01 09:32:10,4366600,8363023,HTTP,256.6,0.103,4420.3,2377.5,15,0.002,11.49,None
2024-01-01 09:32:15,3420364,3269089,DNS,99.2,1.436,1257.6,3568.8,12,0.001,8.76,None
2024-01-01 09:32:20,8157591,4492176,UDP,114.1,1.314,8860.2,13119.0,13,0.0051,2.21,None
2024-01-01 09:32:25,6372811,1435924,DNS,76.6,2.782,9754.5,16266.9,6,0.0019,13.39,None
2024-01-01 09:32:30,3972385,9777756,DNS,182.1,0.662,5467.0,10095.2,7,0.0014,17.84,None
2024-01-01 09:32:35,5035953,6337619,TCP,207.1,0.495,3196.7,20890.7,10,0.0045,4.7,None
2024-01-01 09:32:40,3391394,4487582,UDP,75.6,5.211,149.8,1545.0,8,0.0252,9.34,None
2024-01-01 09:32:45,1879773,6915769,DNS,118.2,1.696,4556.4,5083.7,7,0.0003,22.26,None
2024-01-01 09:32:50,5243156,7431942,HTTP,75.7,0.221,2015.6,50145.5,11,0.0023,20.25,None
2024-01-01 09:32:55,9222661,6930704,DNS,94.7,0.429,2330.2,29245.1,14,0.0174,19.16,None
2024-01-01 09:33:00,5365999,7989912,UDP,195.5,13.495,447.0,15269.9,12,0.0028,0.95,None
2024-01-01 09:33:05,5360907,1580886,TCP,102.8,0.435,4883.4,6937.1,13,0.0058,3.97,None
2024-01-01 09:33:10,6334560,2134056,DNS,127.7,1.886,700.2,22806.8,8,0.001,7.34,None
2024-01-01 09:33:15,8753973,5372967,UDP,65.8,1.09,3355.7,12445.8,7,0.0159,7.29,None
2024-01-01 09:33:20,6783981,1409815,HTTP,163.0,4.336,7366.2,1776.8,14,0.0133,3.1,None
2024-01-01 09:33:25,2800313,9153354,DNS,145.2,2.814,1864.4,21933.3,14,0.0014,6.95,None
2024-01-01 09:33:30,1755232,9336897,TCP,103.1,1.817,10057.3,3408.3,9,0.0296,10.28,None
2024-01-01 09:33:35,9057513,5819167,UDP,135.0,0.022,1412.3,17321.2,14,0.0089,1.18,None
2024-01-01 09:33:40,9218516,8912021,TCP,162.4,4.237,5434.0,1610.1,14,0.016,9.68,None
2024-01-01 09:33:45,7647832,2401773,DNS,98.7,1.176,808.5,40095.5,12,0.0144,11.92,None
2024-01-01 09:33:50,1613091,8381499,DNS,70.9,5.364,8359.3,6155.5,12,0.0073,0.98,None
2024-01-01 09:33:55,5019542,1841985,UDP,366.1,1.369,7158.0,2672.2,11,0.0138,16.18,None
2024-01-01 09:34:00,7912481,4188693,DNS,108.1,2.37,4761.7,4070.4,7,0.0027,1.91,None
2024-01-01 09:34:05,7006278,9062443,HTTP,141.4,0.144,2011.7,5785.7,8,0.0002,15.55,None
2024-01-01 09:34:10,4332542,5646796,UDP,246.0,2.734,733.6,8056.5,17,0.0042,23.86,None
2024-01-01 09:34:15,6916950,6057149,TCP,866.6,0.825,2017.0,30277.1,10,0.0017,1.45,None
2024-01-01 09:34:20,5777382,1682696,UDP,79.7,0.866,9048.1,8691.9,7,0.0397,6.53,None
2024-01-01 09:34:25,2665249,4560185,TCP,185.8,0.253,3394.7,924.3,8,0.0257,3.1,None
2024-01-01 09:34:30,2968004,7713704,DNS,104.2,0.318,630.8,2369.1,6,0.0016,8.86,None
2024-01-01 09:34:35,6906143,7643442,TCP,113.4,0.411,968.0,127712.2,9,0.0042,20.05,None
2024-01-01 09:34:40,3272396,2444773,UDP,103.5,0.796,10437.4,9277.9,12,0.0071,22.31,None
2024-01-01 09:34:45,1948255,1595144,HTTP,84.5,4.451,4855.7,20968.8,12,0.0051,20.15,None
2024-01-01 09:34:50,3260909,7554678,HTTP,145.4,0.919,867.8,5953.0,10,0.012,16.59,None
2024-01-01 09:34:55,2045359,4872350,HTTP,71.0,2.577,509.9,2967.2,10,0.007,17.21,None
2024-01-01 09:35:00,7342215,7450945,UDP,238.3,0.173,1595.5,5007.6,6,0.0083,2.89,None
2024-01-01 09:35:05,2614653,7482865,UDP,152.6,1.789,468.1,9212.6,5,0.0113,5.97,None
2024-01-01 09:35:10,3704375,5835450,DNS,183.3,1.315,2550.8,5114.1,7,0.0002,8.73,None
2024-01-01 09:35:15,5601957,4953136,HTTP,117.6,7.63,34600.6,55186.2,9,0.0001,1.2,None
2024-01-01 09:35:20,3654824,8884010,DNS,123.5,3.744,603.7,4375.4,13,0.002,19.72,None
2024-01-01 09:35:25,3606378,2356161,HTTP,171.4,1.213,2474.9,2821.9,10,0.0127,6.14,None
2024-01-01 09:35:30,5254498,8629957,TCP,82.9,2.985,11069.3,18193.2,8,0.0027,1.25,None
2024-01-01 09:35:35,3913608,3752853,TCP,124.1,0.429,6304.9,20578.5,5,0.0253,1.75,None
2024-01-01 09:35:40,4716095,6956429,DNS,96.6,1.653,2569.0,8349.7,6,0.0008,23.27,None
2024-01-01 09:35:45,4297582,3685482,UDP,95.1,0.155,2575.1,4437.5,7,0.0087,21.89,None
2024-01-01 09:35:50,1203620,7445608,DNS,51.7,0.856,938.3,1211.2,14,0.0003,23.01,None
2024-01-01 09:35:55,7228090,5309862,HTTP,289.9,0.512,2280.9,27466.5,10,0.0358,22.96,None
2024-01-01 09:36:00,6526408,2300138,TCP,105.3,2.538,3802.6,19313.5,9,0.0024,19.19,None
2024-01-01 09:36:05,3607438,1184355,HTTP,265.5,1.347,9001.2,5219.3,10,0.0089,6.62,None
2024-01-01 09:36:10,9929568,4358861,UDP,253.3,2.781,1603.3,8600.5,8,0.0306,7.79,None
2024-01-01 09:36:15,6997051,6216867,UDP,78.0,1.448,2465.5,6459.6,5,0.0003,9.65,None
2024-01-01 09:36:20,3096438,4436982,UDP,86.1,0.181,1153.8,41304.6,10,0.0072,18.84,None
2024-01-01 09:36:25,1424346,2585092,DNS,533.9,2.659,3734.3,2870.0,12,0.0075,22.24,None
2024-01-01 09:36:30,7601325,1503768,HTTP,356.2,3.582,6527.5,4358.7,9,0.0043,10.57,None
2024-01-01 09:36:35,9095520,8668933,TCP,146.1,4.677,5595.1,3957.1,15,0.0106,7.24,None
2024-01-01 09:36:40,8199365,7585631,UDP,168.8,1.697,925.0,11049.7,9,0.0078,5.83,None
2024-01-01 09:36:45,4511232,4930289,HTTP,108.3,2.801,3452.5,8570.9,7,0.0029,6.16,None
2024-01-01 09:36:50,1846847,5886073,UDP,184.2,2.789,1514.3,9897.8,12,0.0122,0.17,None
2024-01-01 09:36:55,8808391,4617338,HTTP,103.7,0.339,8193.1,3359.0,12,0.0063,5.62,None
2024-01-01 09:37:00,5106687,2163491,UDP,53.7,0.359,2536.9,35771.1,13,0.0064,7.08,None
2024-01-01 09:37:05,9919608,9162462,TCP,76.6,0.147,652.3,5145.9,9,0.0303,18.61,None
2024-01-01 09:37:10,6345545,7810138,HTTP,150.0,0.771,2392.7,26571.4,13,0.0077,13.16,None
2024-01-01 09:37:15,1294735,1130414,HTTP,84.3,1.283,4714.9,187046.8,13,0.0154,7.95,None
2024-01-01 09:37:20,4138809,5557816,DNS,143.5,12.33,3804.8,3383.5,12,0.0202,14.33,None
2024-01-01 09:37:25,9835975,4549658,TCP,86.7,1.128,1786.8,11411.6,14,0.0087,18.92,None
2024-01-01 09:37:30,8822730,8746035,DNS,100.4,2.591,1660.3,7103.9,8,0.0154,14.64,None
2024-01-01 09:37:35,4449220,2153954,DNS,227.4,2.364,1110.4,61752.0,13,0.0037,1.69,None
2024-01-01 09:37:40,1852247,3200651,DNS,168.0,0.458,2008.7,6120.2,5,0.002,5.78,None
2024-01-01 09:37:45,4406115,5590072,DNS,147.7,0.121,1266.9,10391.0,8,0.0119,6.86,None
2024-01-01 09:37:50,9228595,3068511,DNS,230.3,1.579,7864.3,10166.7,13,0.0261,8.71,None
2024-01-01 09:37:55,6982365,1474432,UDP,188.7,2.41,1210.6,7329.1,7,0.0004,0.59,None
2024-01-01 09:38:00,8843018,2822636,HTTP,305.9,12.698,3368.7,17248.4,10,0.0144,17.86,None
2024-01-01 09:38:05,3913189,4363726,HTTP,117.9,0.888,3147.3,8896.4,8,0.0003,11.29,None
2024-01-01 09:38:10,3873113,4684652,TCP,119.7,4.534,7674.6,13119.5,4,0.0061,21.52,None
2024-01-01 09:38:15,6673638,4218867,DNS,77.4,0.962,8860.6,10032.7,8,0.0113,12.42,None
2024-01-01 09:38:20,2915495,3190154,UDP,119.8,2.339,5978.8,4426.9,8,0.0052,23.72,None
2024-01-01 09:38:25,2754788,2344182,UDP,240.4,1.824,4242.6,6192.2,6,0.0036,16.82,None
2024-01-01 09:38:30,3270297,4560458,HTTP,284.3,0.109,1044.6,14121.1,12,0.0021,21.28,None
2024-01-01 09:38:35,8238970,7566001,UDP,239.9,0.163,1023.6,14063.8,11,0.0381,23.36,None
2024-01-01 09:38:40,6131678,9462162,HTTP,60.5,0.042,1279.6,28141.7,12,0.0084,11.32,None
2024-01-01 09:38:45,6232040,1417586,DNS,255.1,0.927,6322.8,52012.7,8,0.0014,15.19,None
2024-01-01 09:38:50,2488344,2345369,TCP,59.2,2.739,3207.8,4812.3,6,0.0005,21.94,None
2024-01-01 09:38:55,3574529,5168286,TCP,232.5,0.379,7105.7,9273.1,12,0.0028,13.81,None
2024-01-01 09:39:00,6653841,3460076,HTTP,123.5,1.862,8125.8,6678.1,9,0.0077,1.27,None
2024-01-01 09:39:05,2651537,8095409,DNS,210.9,0.682,1442.4,2677.6,11,0.0139,16.73,None
2024-01-01 09:39:10,4631977,9149731,UDP,76.2,3.189,3078.1,14250.6,13,0.0396,22.46,None
2024-01-01 09:39:15,8451094,9155105,TCP,266.6,3.203,2942.5,17638.5,6,0.018,18.75,None
2024-01-01 09:39:20,1293120,9144037,UDP,71.3,2.987,2147.8,2760.1,16,0.0095,18.99,None
2024-01-01 09:39:25,8115389,4535124,HTTP,106.2,1.488,1746.1,5572.0,12,0.011,1.9,None
2024-01-01 09:39:30,8107319,1807378,HTTP,90.1,0.67,9747.4,5053.9,10,0.0074,17.7,None
2024-01-01 09:39:35,3726172,7653564,TCP,61.7,3.316,3140.0,1792.9,6,0.0057,0.77,None
2024-01-01 09:39:40,5028088,2815706,UDP,155.6,0.412,3020.4,7813.6,13,0.0154,22.34,None
2024-01-01 09:39:45,8152830,2139298,UDP,366.2,0.684,1335.7,2578.0,9,0.002,21.94,None
2024-01-01 09:39:50,1147375,8175281,DNS,563.1,0.407,5855.9,9499.5,13,0.0041,23.53,None
2024-01-01 09:39:55,6797238,5283590,TCP,155.8,2.243,1091.0,10605.4,13,0.0385,7.28,None
2024-01-01 09:40:00,7439459,5670376,HTTP,259.4,2.318,4698.1,12004.3,10,0.0085,12.97,None
2024-01-01 09:40:05,2562572,5470672,TCP,166.7,2.114,4828.2,12598.4,9,0.0069,13.89,None
2024-01-01 09:40:10,2493452,7699193,HTTP,190.5,1.074,1973.3,37456.7,11,0.019,13.36,None
2024-01-01 09:40:15,2561474,7767309,HTTP,125.1,0.211,4095.5,3609.6,7,0.0144,9.89,None
2024-01-01 09:40:20,3587096,8602208,HTTP,163.6,4.842,3589.1,3795.3,6,0.0039,23.69,None
2024-01-01 09:40:25,9743843,4576186,UDP,194.2,1.417,2865.9,15602.1,11,0.0098,21.28,None
2024-01-01 09:40:30,4245937,6956362,DNS,111.1,1.045,3019.8,7101.2,10,0.0021,14.65,None
2024-01-01 09:40:35,4920628,1447766,HTTP,142.8,1.777,3170.9,24967.4,9,0.0005,15.55,None
2024-01-01 09:40:40,3002381,9709720,UDP,144.1,0.428,3394.5,14209.8,6,0.0459,17.14,None
2024-01-01 09:40:45,2698977,2321977,DNS,224.3,0.284,3166.1,55166.5,11,0.0134,14.49,None
2024-01-01 09:40:50,2596736,7544036,TCP,87.1,1.04,988.4,7395.8,12,0.0267,16.98,None
2024-01-01 09:40:55,7527805,1612017,DNS,144.6,0.516,2560.1,1840.8,8,0.0178,19.6,None
2024-01-01 09:41:00,6436914,3433238,DNS,386.1,0.56,3885.3,11391.9,14,0.0056,23.47,None
2024-01-01 09:41:05,7289530,9519866,HTTP,265.6,4.461,3285.5,7542.6,13,0.0198,20.38,None
2024-01-01 09:41:10,8572019,4513587,HTTP,291.4,1.513,7736.9,13828.5,15,0.0155,3.1,None
2024-01-01 09:41:15,8048790,6943855,HTTP,150.2,1.321,5541.9,15718.7,9,0.003,13.11,None
2024-01-01 09:41:20,1451668,5753962,TCP,174.3,2.339,1248.4,4747.9,4,0.0098,15.17,None
2024-01-01 09:41:25,4792452,7753160,UDP,245.0,6.054,2523.4,2954.2,9,0.0036,6.38,None
2024-01-01 09:41:30,4716101,4123246,DNS,323.8,0.238,2183.5,7002.7,13,0.0027,11.41,None
2024-01-01 09:41:35,7759075,9887512,DNS,55.9,3.586,2968.0,749.1,8,0.0009,22.38,None
2024-01-01 09:41:40,1826004,7410867,UDP,76.9,1.754,2972.1,8783.8,10,0.0078,6.22,None
2024-01-01 09:41:45,3819254,1162463,TCP,285.6,0.316,5494.6,5391.4,14,0.005,7.61,None
2024-01-01 09:41:50,6845802,5009840,TCP,129.2,0.705,3559.3,19181.0,10,0.0009,21.8,None
2024-01-01 09:41:55,1585447,9006455,HTTP,106.1,1.317,10204.1,1112.3,16,0.0127,2.26,None
2024-01-01 09:42:00,1923088,3035415,UDP,79.3,2.35,3793.3,8154.7,11,0.0128,21.12,None
2024-01-01 09:42:05,3675650,9348703,UDP,112.4,0.556,1299.1,39191.9,13,0.0027,7.29,None
2024-01-01 09:42:10,9348299,6040141,HTTP,73.6,1.531,1868.2,15921.1,12,0.0312,11.96,None
2024-01-01 09:42:15,1698075,8995068,DNS,422.2,2.308,5452.3,21604.8,13,0.015,15.43,None
2024-01-01 09:42:20,7785982,3625417,TCP,146.8,1.191,593.4,11381.4,12,0.0164,15.51,None
2024-01-01 09:42:25,8196274,5281298,DNS,144.2,3.976,776.0,1538.4,11,0.0,23.52,None
2024-01-01 09:42:30,5825301,5036377,DNS,199.1,4.072,3013.0,9571.3,12,0.0384,0.83,None
2024-01-01 09:42:35,9525473,2779254,TCP,240.1,1.272,7715.0,12191.4,10,0.0464,16.89,None
2024-01-01 09:42:40,9682465,5707326,UDP,238.2,7.218,11015.2,2756.7,16,0.0071,20.29,None
2024-01-01 09:42:45,2034414,5140109,UDP,253.9,0.157,2399.2,7139.8,11,0.042,14.12,None
2024-01-01 09:42:50,2770035,4324924,DNS,108.3,0.007,8611.3,445.4,9,0.0095,23.42,None
2024-01-01 09:42:55,8049386,4668646,DNS,127.9,0.958,3204.4,5801.7,5,0.0014,10.02,None
2024-01-01 09:43:00,1108572,2100876,UDP,218.0,1.838,644.6,5237.6,6,0.0168,18.0,None
2024-01-01 09:43:05,8450363,2821758,DNS,114.0,1.984,2957.0,32933.3,8,0.0082,16.47,None
2024-01-01 09:43:10,7517669,7126087,HTTP,148.0,1.294,1605.3,4432.8,14,0.0042,0.75,None
2024-01-01 09:43:15,2833277,2883726,HTTP,181.2,0.267,7466.9,6208.3,7,0.0027,13.27,None
2024-01-01 09:43:20,9473465,2835515,HTTP,219.8,0.374,2905.4,7485.9,6,0.0073,6.26,None
2024-01-01 09:43:25,9570063,4043249,UDP,61.0,3.823,830.5,4490.3,9,0.0118,12.69,None
2024-01-01 09:43:30,6193694,5701355,UDP,212.2,4.049,665.3,16643.8,10,0.021,21.22,None
2024-01-01 09:43:35,2485218,5985001,TCP,132.0,2.241,2919.1,1105.0,6,0.0091,15.12,None
2024-01-01 09:43:40,9504118,3260466,UDP,211.4,2.183,265.0,25249.9,13,0.0054,14.25,None
2024-01-01 09:43:45,1269739,9635778,HTTP,218.9,1.821,1775.5,8007.4,11,0.01,16.14,None
2024-01-01 09:43:50,6039520,4770329,TCP,331.6,0.454,3755.7,29781.6,11,0.0069,12.68,None
2024-01-01 09:43:55,9244953,7452264,HTTP,292.0,1.118,1035.9,519.4,16,0.0106,10.75,None
2024-01-01 09:44:00,3552356,1840413,TCP,291.0,2.381,8054.5,708.9,14,0.0094,8.99,None
2024-01-01 09:44:05,5016983,7862301,UDP,305.5,1.541,9808.5,6051.3,4,0.0385,16.8,None
2024-01-01 09:44:10,1507193,9500916,UDP,171.7,0.038,1078.5,13439.0,10,0.0097,18.62,None
2024-01-01 09:44:15,7704302,4628394,DNS,150.8,6.139,2212.7,4652.1,11,0.0117,10.16,None
2024-01-01 09:44:20,8066433,7186521,HTTP,229.6,3.726,8060.2,14528.2,9,0.0223,1.05,None
2024-01-01 09:44:25,2901814,3688505,TCP,214.0,0.604,2977.1,21618.6,8,0.0244,13.04,None
2024-01-01 09:44:30,7942331,1416978,UDP,127.2,1.917,739.2,15772.1,3,0.0015,13.77,None
2024-01-01 09:44:35,5597375,5830197,HTTP,181.7,5.134,2582.9,8984.6,10,0.006,11.5,None
2024-01-01 09:44:40,1801555,4094762,DNS,145.8,0.202,1270.4,8916.0,15,0.0286,8.64,None
2024-01-01 09:44:45,1893905,7242037,TCP,96.8,1.398,9029.0,4381.8,13,0.0321,21.5,None
2024-01-01 09:44:50,5822940,2339622,UDP,282.9,1.219,5464.0,7666.6,10,0.0021,11.55,None
2024-01-01 09:44:55,1538611,5799223,DNS,152.6,1.056,2178.2,2909.6,9,0.0059,19.18,None
2024-01-01 09:45:00,5473328,5610511,DNS,413.4,3.611,3436.3,3697.0,10,0.0033,15.31,None
2024-01-01 09:45:05,2852696,3688920,DNS,65.8,0.958,805.8,13553.0,5,0.0156,18.89,None
2024-01-01 09:45:10,8500234,1184105,TCP,112.3,0.132,1402.8,5100.6,13,0.0191,21.06,None
2024-01-01 09:45:15,5656651,8904942,UDP,150.9,0.136,14090.8,3875.5,9,0.0063,5.84,None
2024-01-01 09:45:20,7744667,9146991,TCP,262.1,0.087,3144.8,12698.4,5,0.0113,19.89,None
2024-01-01 09:45:25,8251936,2056229,UDP,181.2,1.052,7555.9,11847.8,10,0.0204,17.31,None
2024-01-01 09:45:30,8604284,3907222,DNS,173.3,2.535,3759.4,6533.5,9,0.0124,13.47,None
2024-01-01 09:45:35,1613194,7896944,DNS,84.5,0.456,11095.4,6981.8,13,0.0017,13.08,None
2024-01-01 09:45:40,4130067,5004851,HTTP,83.2,2.08,403.9,12282.7,5,0.0124,7.47,None
2024-01-01 09:45:45,1292061,9335041,TCP,174.4,2.324,2469.5,21353.2,14,0.0017,12.98,None
2024-01-01 09:45:50,4687283,5638637,HTTP,75.0,0.589,15441.0,9907.9,14,0.0106,9.22,None
2024-01-01 09:45:55,9939139,7877861,DNS,113.8,1.835,7755.6,2460.1,6,0.0041,21.33,None
2024-01-01 09:46:00,6765018,3767695,HTTP,190.7,2.31,11219.1,6493.6,8,0.0006,13.97,None
2024-01-01 09:46:05,8908227,4866816,HTTP,90.8,1.257,2960.9,5393.0,11,0.0026,7.18,None
2024-01-01 09:46:10,7131085,4734226,HTTP,331.2,0.821,1742.2,2827.1,12,0.0063,3.46,None
2024-01-01 09:46:15,3286664,3472639,UDP,273.7,1.931,1067.2,13332.1,11,0.0512,16.66,None
2024-01-01 09:46:20,8688222,5703116,UDP,67.6,7.62,995.3,14398.1,9,0.003,15.95,None
2024-01-01 09:46:25,5075655,5407601,UDP,93.1,1.113,6681.3,16750.9,5,0.0385,8.64,None
2024-01-01 09:46:30,6127650,8200923,UDP,47.3,0.994,4980.1,3008.2,14,0.0045,3.89,None
2024-01-01 09:46:35,5544486,6418965,TCP,100.4,1.248,2789.0,9484.8,8,0.0322,17.19,None
2024-01-01 09:46:40,8709005,2000022,TCP,217.7,0.159,4955.2,8052.4,13,0.0313,6.49,None
2024-01-01 09:46:45,1062182,9774026,TCP,120.7,1.611,3437.3,11019.3,9,0.0015,20.69,None
2024-01-01 09:46:50,7456927,3972525,DNS,186.9,0.797,7802.6,9225.5,8,0.0176,17.43,None
2024-01-01 09:46:55,2999595,7192877,DNS,69.3,0.259,7728.6,8002.1,6,0.0073,21.42,None
2024-01-01 09:47:00,2806555,2016276,UDP,221.2,1.256,1026.7,7095.9,12,0.0116,23.63,None
2024-01-01 09:47:05,2947299,9978208,UDP,112.4,0.007,3919.2,24510.1,8,0.015,8.18,None
2024-01-01 09:47:10,8048544,2727655,HTTP,149.3,1.028,561.8,3422.7,16,0.0013,12.1,None
2024-01-01 09:47:15,3018906,2516830,TCP,141.7,0.224,3405.1,6814.6,11,0.016,9.69,None
2024-01-01 09:47:20,9549378,6412173,HTTP,78.6,0.049,5455.1,23893.7,11,0.0036,1.86,None
2024-01-01 09:47:25,1565695,2964607,HTTP,83.4,3.48,801.3,3600.9,9,0.0132,9.72,None
2024-01-01 09:47:30,5383217,8822637,DNS,240.8,4.96,1965.6,3789.2,9,0.0085,10.65,None
2024-01-01 09:47:35,5333476,4521605,DNS,181.2,0.466,3009.5,16880.9,8,0.0115,4.16,None
2024-01-01 09:47:40,1429373,1364006,DNS,250.9,1.55,3766.6,1951.0,11,0.0098,21.2,None
2024-01-01 09:47:45,2667085,4565820,UDP,174.6,0.651,2256.1,15687.7,9,0.0166,7.02,None
2024-01-01 09:47:50,5375720,5739577,UDP,159.4,1.361,923.1,4966.0,9,0.0225,18.21,None
2024-01-01 09:47:55,2225588,6660750,HTTP,62.6,1.148,2824.2,12209.9,8,0.006,1.83,None
2024-01-01 09:48:00,4482874,8233175,UDP,129.6,0.627,571.2,2390.5,9,0.005,0.72,None
2024-01-01 09:48:05,4396355,9574585,TCP,146.4,2.411,2362.2,26504.7,11,0.0028,23.89,None
2024-01-01 09:48:10,8339922,2020780,UDP,394.1,0.27,1917.2,2398.9,13,0.0168,2.95,None
2024-01-01 09:48:15,2400646,5471311,TCP,209.2,0.109,2606.4,16729.9,10,0.0341,18.38,None
2024-01-01 09:48:20,3372072,3077378,TCP,319.9,2.919,1703.9,2501.2,12,0.0022,14.51,None
2024-01-01 09:48:25,5801458,7033151,DNS,200.1,2.193,660.1,49429.4,10,0.0061,10.87,None
2024-01-01 09:48:30,2821986,4074107,HTTP,104.0,1.38,2066.6,7544.8,13,0.0147,0.89,None
2024-01-01 09:48:35,4367557,6754703,TCP,157.4,1.261,7561.5,57002.9,9,0.0101,7.89,None
2024-01-01 09:48:40,5729834,3783979,DNS,167.0,1.376,10524.5,3572.8,8,0.0169,21.6,None
2024-01-01 09:48:45,4513707,6971787,UDP,92.8,1.149,34177.9,5204.9,11,0.0002,21.72,None
2024-01-01 09:48:50,8285705,5916586,HTTP,122.5,0.998,16181.9,27193.1,19,0.0242,14.39,None
2024-01-01 09:48:55,7355707,3380603,HTTP,133.9,1.385,900.6,1946.5,11,0.0006,13.79,None
2024-01-01 09:49:00,4265938,8025922,DNS,331.2,1.504,1981.4,4026.8,10,0.0059,10.21,None
2024-01-01 09:49:05,5008994,5359004,DNS,52.4,2.355,2913.8,13294.0,16,0.0032,18.61,None
2024-01-01 09:49:10,8959532,9493952,DNS,271.2,2.484,2736.5,2925.5,8,0.0263,21.19,None
2024-01-01 09:49:15,8707835,5972362,DNS,92.9,0.948,3195.6,13654.4,11,0.0032,17.46,None
2024-01-01 09:49:20,6527026,5344382,HTTP,74.7,1.067,33110.0,9608.5,9,0.0047,12.61,None
2024-01-01 09:49:25,1164484,8365878,DNS,267.7,0.936,1010.2,1783.5,11,0.0219,15.23,None
2024-01-01 09:49:30,7410924,2677853,HTTP,214.0,1.538,1460.4,21327.8,8,0.0077,5.27,None
2024-01-01 09:49:35,2970747,6983882,HTTP,277.9,1.208,15426.3,2292.9,8,0.0228,23.79,None
2024-01-01 09:49:40,6578524,4605691,HTTP,221.5,4.407,1610.0,17523.2,9,0.0108,22.46,None
2024-01-01 09:49:45,3438132,6584064,DNS,415.7,2.384,4418.6,9214.0,13,0.0008,22.96,None
2024-01-01 09:49:50,7406315,2402185,UDP,196.2,4.578,8388.8,5140.9,11,0.0057,4.0,None
2024-01-01 09:49:55,7084371,5457089,UDP,137.2,2.47,4848.9,2682.7,7,0.0019,15.67,None
2024-01-01 09:50:00,8103055,4760761,HTTP,176.2,7.08,3611.1,11262.9,13,0.0007,15.75,None
2024-01-01 09:50:05,4958240,9932223,TCP,276.4,2.02,7620.6,3386.2,8,0.0047,8.52,None
2024-01-01 09:50:10,1868791,3929209,TCP,100.5,6.624,1220.4,27118.0,10,0.0239,20.76,None
2024-01-01 09:50:15,9317879,9068689,HTTP,107.1,0.344,1814.6,28126.0,15,0.0013,18.78,None
2024-01-01 09:50:20,6507989,6360848,UDP,127.2,0.108,5093.1,41857.8,4,0.0001,17.27,None
2024-01-01 09:50:25,7141518,4551725,UDP,51.8,1.731,376.4,10731.1,9,0.0273,0.69,None
2024-01-01 09:50:30,2154747,9717151,HTTP,159.0,8.208,12290.5,5408.3,4,0.0076,23.77,None
2024-01-01 09:50:35,2872113,2656739,TCP,57.8,1.081,4037.5,6021.5,7,0.0082,17.24,None
2024-01-01 09:50:40,7758997,8136613,UDP,152.4,0.477,3473.9,5596.6,11,0.0264,23.27,None
2024-01-01 09:50:45,6862433,2576549,DNS,228.8,1.474,583.8,10383.8,13,0.012,2.08,None
2024-01-01 09:50:50,5293880,3972755,DNS,116.9,2.093,823.4,12539.1,6,0.0175,16.66,None
2024-01-01 09:50:55,7967384,7139097,UDP,343.3,0.757,2001.0,27765.9,13,0.0147,17.88,None
2024-01-01 09:51:00,4940897,2489628,TCP,71.5,2.509,6683.7,8267.8,7,0.0095,1.55,None
2024-01-01 09:51:05,7298266,4564887,HTTP,269.2,7.387,373.7,1991.8,11,0.0117,1.55,None
2024-01-01 09:51:10,1972096,5738537,DNS,208.0,4.545,6557.5,5391.5,13,0.0082,18.29,None
2024-01-01 09:51:15,7455580,2298738,HTTP,62.9,0.689,2079.7,38401.5,15,0.0044,19.14,None
2024-01-01 09:51:20,4958988,8993221,TCP,575.6,0.791,2384.1,1708.6,12,0.0034,21.84,None
2024-01-01 09:51:25,3879011,5930077,HTTP,143.8,0.929,3841.4,16969.1,11,0.0019,18.53,None
2024-01-01 09:51:30,8703308,5725951,UDP,95.7,1.004,3902.3,5483.1,8,0.0044,5.77,None
2024-01-01 09:51:35,4201668,6290424,TCP,73.4,0.211,1462.0,3349.4,7,0.0086,23.25,None
2024-01-01 09:51:40,1423278,3698602,TCP,133.0,2.871,5568.7,12035.4,13,0.0089,6.41,None
2024-01-01 09:51:45,8760400,5249371,TCP,139.3,0.909,293.1,38597.9,13,0.0115,17.45,None
2024-01-01 09:51:50,8903055,6080435,TCP,156.2,4.238,1899.9,11389.5,9,0.0212,12.71,None
2024-01-01 09:51:55,3784664,3053642,TCP,127.9,5.233,3476.2,6232.0,14,0.0106,2.94,None
2024-01-01 09:52:00,3529697,3434822,TCP,203.7,0.049,2111.3,2217.1,5,0.0019,22.25,None
2024-01-01 09:52:05,5243285,4202320,HTTP,122.3,8.931,479.7,7340.4,9,0.0003,14.11,None
2024-01-01 09:52:10,9328060,3318483,UDP,56.4,2.476,6361.6,2138.5,10,0.0022,2.2,None
2024-01-01 09:52:15,7409075,8137030,UDP,137.7,1.47,855.4,5943.6,7,0.0239,9.2,None
2024-01-01 09:52:20,1165353,3382803,DNS,45.4,0.987,2786.3,7607.9,16,0.0084,18.36,None
2024-01-01 09:52:25,1298056,7821613,UDP,177.1,1.462,3473.9,764.7,11,0.0189,14.84,None
2024-01-01 09:52:30,7419314,8625923,TCP,91.0,0.785,3040.7,32478.1,12,0.0027,5.36,None
2024-01-01 09:52:35,4286110,6746085,DNS,161.0,1.949,9595.1,2348.4,6,0.0124,13.67,None
2024-01-01 09:52:40,5879294,3166005,TCP,286.3,0.195,2826.3,6728.1,7,0.0132,7.41,None
2024-01-01 09:52:45,1159937,4952481,UDP,92.4,1.941,4570.9,13819.5,7,0.0166,12.65,None
2024-01-01 09:52:50,5812215,7345833,DNS,252.3,0.644,2818.9,29987.9,14,0.0077,7.63,None
2024-01-01 09:52:55,8653833,4891747,UDP,119.5,0.036,5502.5,3669.6,7,0.0158,11.91,None
2024-01-01 09:53:00,8381819,5836831,HTTP,356.6,1.609,12010.0,659.1,8,0.0274,20.21,None
2024-01-01 09:53:05,1555381,6953248,TCP,123.6,1.728,3420.5,23829.1,9,0.0316,5.09,None
2024-01-01 09:53:10,4330830,4160611,HTTP,97.5,1.112,6514.9,2322.7,11,0.0013,0.04,None
2024-01-01 09:53:15,2645778,4448124,DNS,209.3,0.15,12776.1,11607.9,10,0.0098,3.72,None
2024-01-01 09:53:20,7625315,4659344,TCP,119.4,4.476,11581.7,12352.2,14,0.0012,20.2,None
2024-01-01 09:53:25,4970706,5887279,TCP,97.4,1.891,2027.8,313.6,12,0.0256,9.96,None
2024-01-01 09:53:30,7782024,3943719,UDP,116.9,0.246,8403.7,1611.9,9,0.0311,17.75,None
2024-01-01 09:53:35,5259783,7389342,UDP,145.1,1.431,3822.9,5111.2,15,0.0069,0.74,None
2024-01-01 09:53:40,8192512,1246332,TCP,290.4,1.375,9110.9,611.5,14,0.0322,3.51,None
2024-01-01 09:53:45,3483541,6662386,DNS,56.4,0.125,5263.9,2125.9,9,0.0145,13.65,None
2024-01-01 09:53:50,9748726,9941714,HTTP,150.1,1.867,3927.1,9162.5,9,0.0119,17.29,None
2024-01-01 09:53:55,2938032,9740086,UDP,202.8,3.304,4600.7,7416.9,8,0.0087,18.91,None
2024-01-01 09:54:00,5964154,2911512,HTTP,163.5,2.765,3847.7,10967.1,6,0.0052,15.43,None
2024-01-01 09:54:05,4556284,8539009,UDP,285.7,0.454,4001.1,12698.3,9,0.0332,18.16,None
2024-01-01 09:54:10,7999453,1296746,TCP,143.0,3.965,2543.2,1507.4,6,0.0022,3.98,None
2024-01-01 09:54:15,4815960,9404053,UDP,135.3,0.839,2317.6,2242.1,10,0.0162,15.8,None
2024-01-01 09:54:20,6018080,4166078,TCP,199.6,5.856,17381.7,17350.3,11,0.0046,10.21,None
2024-01-01 09:54:25,6569599,7113067,UDP,156.0,0.149,4805.6,37209.9,14,0.014,21.96,None
2024-01-01 09:54:30,1115580,9665886,UDP,122.1,1.332,1680.2,3079.7,13,0.0018,14.77,None
2024-01-01 09:54:35,3941613,1478452,HTTP,192.1,1.818,2258.8,10497.6,11,0.0047,13.0,None
2024-01-01 09:54:40,7436413,5814046,TCP,107.1,0.569,8572.0,18161.9,6,0.0292,13.88,None
2024-01-01 09:54:45,4473728,2111821,HTTP,109.3,2.951,1427.7,10275.9,7,0.0081,19.95,None
2024-01-01 09:54:50,5497485,3751661,TCP,114.0,1.972,677.2,6318.5,8,0.0068,0.27,None
2024-01-01 09:54:55,7413762,1628600,UDP,291.9,0.037,728.9,4269.9,11,0.0139,20.65,None
2024-01-01 09:55:00,9062797,7476586,HTTP,29.7,1.875,529.0,58998.6,10,0.0054,0.7,None
2024-01-01 09:55:05,5283956,6478577,TCP,180.9,1.352,813.4,8921.4,14,0.0068,13.98,None
2024-01-01 09:55:10,9204714,4851029,UDP,151.0,0.436,915.2,11955.4,14,0.0082,12.06,None
2024-01-01 09:55:15,3484091,2381569,HTTP,64.0,10.921,11911.2,11207.3,11,0.046,8.89,None
2024-01-01 09:55:20,7313224,8951836,HTTP,173.3,4.549,2846.4,3596.0,7,0.0164,3.09,None
2024-01-01 09:55:25,7932345,1110131,DNS,188.3,0.692,2073.0,8525.5,8,0.0004,2.98,None
2024-01-01 09:55:30,7949761,9835052,TCP,199.3,1.558,703.9,5870.9,9,0.0153,17.81,None
2024-01-01 09:55:35,1248508,7610440,UDP,39.4,0.761,2583.4,5766.7,11,0.007,2.72,None
2024-01-01 09:55:40,5497556,5987413,DNS,293.9,2.988,524.6,11125.1,3,0.0026,16.49,None
2024-01-01 09:55:45,8628691,5748286,TCP,102.6,5.328,2060.3,3243.3,10,0.0192,23.77,None
2024-01-01 09:55:50,6692761,7959797,UDP,209.2,0.889,23493.9,2428.9,11,0.0032,16.37,None
2024-01-01 09:55:55,3458099,6908583,DNS,215.0,3.276,5789.5,13396.2,10,0.0039,1.81,None
2024-01-01 09:56:00,5380872,5743428,UDP,95.7,1.38,2416.8,4761.8,9,0.0007,13.01,None
2024-01-01 09:56:05,5878898,2616525,UDP,206.5,1.01,5991.7,5738.7,9,0.038,20.03,None
2024-01-01 09:56:10,6954009,4951306,HTTP,122.4,5.575,1769.5,1177.6,8,0.0159,22.91,None
2024-01-01 09:56:15,8894652,2147277,HTTP,52.7,1.428,1338.5,21228.1,10,0.0016,17.46,None
2024-01-01 09:56:20,2836935,4137493,HTTP,266.1,1.26,16385.1,13684.5,10,0.0067,7.43,None
2024-01-01 09:56:25,4528538,6088565,HTTP,100.7,2.232,951.2,16449.8,8,0.0041,6.03,None
2024-01-01 09:56:30,1302638,2079576,HTTP,96.8,0.606,2092.0,11936.1,8,0.0003,18.81,None
2024-01-01 09:56:35,8165330,3417514,TCP,121.3,0.785,4048.2,1779.4,13,0.0262,18.25,None
2024-01-01 09:56:40,5093549,7890475,HTTP,170.1,5.378,1168.8,10188.3,14,0.0183,11.67,None
2024-01-01 09:56:45,8020259,4510793,UDP,144.2,2.27,5713.6,4406.6,13,0.0434,2.08,None
2024-01-01 09:56:50,9148578,8492292,DNS,195.2,3.505,2193.8,3093.8,11,0.0028,16.13,None
2024-01-01 09:56:55,9658315,3926542,UDP,76.0,0.632,5790.1,13360.4,14,0.012,14.17,None
2024-01-01 09:57:00,1951774,5487910,HTTP,102.4,1.57,5356.1,42553.1,10,0.0013,0.28,None
2024-01-01 09:57:05,2780048,1218950,TCP,140.1,7.108,2337.9,36074.4,9,0.0056,15.42,None
2024-01-01 09:57:10,3041219,1557090,UDP,383.3,0.768,16492.5,15095.4,9,0.0188,3.18,None
2024-01-01 09:57:15,8274186,6248961,HTTP,140.2,0.35,1532.5,7861.8,6,0.0001,19.82,None
2024-01-01 09:57:20,2873639,3820044,UDP,255.3,1.43,11485.8,6531.9,5,0.0066,16.17,None
2024-01-01 09:57:25,1350422,6243802,DNS,151.3,0.981,9652.1,3279.7,12,0.0057,1.24,None
2024-01-01 09:57:30,7819661,9605636,UDP,116.5,0.348,17516.2,6187.4,13,0.0117,12.76,None
2024-01-01 09:57:35,2032266,7356164,TCP,131.2,4.388,3547.7,20101.0,13,0.0027,19.33,None
2024-01-01 09:57:40,3408553,8631850,DNS,136.4,9.361,1354.8,50168.3,10,0.0019,19.92,None
2024-01-01 09:57:45,3740007,8566711,HTTP,200.7,1.681,23784.7,3581.4,9,0.0105,2.05,None
2024-01-01 09:57:50,7050155,1813299,TCP,295.1,2.98,2133.0,1102.1,8,0.0103,1.89,None
2024-01-01 09:57:55,9947016,2903697,DNS,177.7,3.919,1321.4,4765.3,12,0.0139,18.6,None
2024-01-01 09:58:00,4608147,5238429,HTTP,268.7,2.415,2465.7,20009.3,11,0.0028,5.58,None
2024-01-01 09:58:05,8914108,8365465,UDP,91.6,0.09,1116.9,64361.9,13,0.0002,14.26,None
2024-01-01 09:58:10,6640490,9215031,DNS,120.6,0.343,5045.0,30032.7,9,0.021,14.61,None
2024-01-01 09:58:15,3192610,8304069,DNS,103.3,0.147,1626.7,29298.3,8,0.0023,15.12,None
2024-01-01 09:58:20,4251880,5413895,DNS,173.7,0.02,2236.2,3464.9,12,0.0054,8.11,None
2024-01-01 09:58:25,4854018,6923430,UDP,124.0,0.731,7846.2,3563.9,15,0.0063,0.96,None
2024-01-01 09:58:30,3560965,4839546,DNS,213.8,0.996,5561.9,2156.4,10,0.0021,12.9,None
2024-01-01 09:58:35,3736340,4717240,TCP,93.2,0.552,3027.8,4165.2,10,0.0074,12.36,None
2024-01-01 09:58:40,8769672,5696916,DNS,151.6,0.134,3536.4,20213.3,10,0.0246,10.4,None
2024-01-01 09:58:45,4439187,1083138,TCP,209.2,1.509,3017.7,41129.8,10,0.0032,6.71,None
2024-01-01 09:58:50,5769106,6799335,HTTP,52.8,0.639,1936.9,11447.4,14,0.0073,20.23,None
2024-01-01 09:58:55,6647321,7722658,HTTP,428.7,3.18,2973.4,6278.5,9,0.0037,8.88,None
2024-01-01 09:59:00,1652604,4424389,HTTP,128.8,0.016,4870.0,2788.5,5,0.0395,3.04,None
2024-01-01 09:59:05,9693143,3713401,UDP,53.9,3.697,2627.6,7240.8,15,0.0025,18.19,None
2024-01-01 09:59:10,5185772,3892535,UDP,160.6,6.191,4535.8,9928.1,19,0.0012,15.27,None
2024-01-01 09:59:15,2053531,8808227,HTTP,150.9,2.519,1291.2,1876.1,11,0.0015,7.42,None
2024-01-01 09:59:20,1548838,4542755,UDP,142.5,2.646,1629.6,20363.0,11,0.0046,3.63,None
2024-01-01 09:59:25,7348224,2517623,TCP,243.6,5.423,1430.4,5303.3,9,0.008,10.55,None
2024-01-01 09:59:30,5757192,8892318,DNS,215.7,0.469,1694.0,19176.0,12,0.011,1.58,None
2024-01-01 09:59:35,2434432,9130230,UDP,172.2,10.43,10798.7,8015.1,7,0.0083,5.35,None
2024-01-01 09:59:40,6628490,1342193,UDP,185.9,2.97,6161.3,10907.6,9,0.0236,23.14,None
2024-01-01 09:59:45,8172082,6481135,TCP,140.9,2.593,1015.4,4016.0,9,0.0045,3.61,None
2024-01-01 09:59:50,1022039,5280483,TCP,360.6,0.896,4617.0,5741.0,10,0.0125,6.6,None
2024-01-01 09:59:55,2628058,8293609,UDP,70.8,1.578,2017.1,15398.8,9,0.0031,3.34,None
2024-01-01 10:00:00,9035414,3282362,HTTP,159.1,2.122,1506.6,7104.6,12,0.0114,21.89,None
2024-01-01 10:00:05,7630581,7259763,DNS,153.3,1.937,674.7,2683.9,12,0.026,22.2,None
2024-01-01 10:00:10,1902498,5748995,HTTP,222.9,2.441,7878.7,9059.5,5,0.0384,1.43,None
2024-01-01 10:00:15,7815980,3797869,DNS,97.3,0.172,762.1,11916.4,9,0.0131,21.56,None
2024-01-01 10:00:20,2877819,7238907,TCP,62.1,0.879,2830.0,31980.7,10,0.0286,3.42,None
2024-01-01 10:00:25,5424007,7987149,DNS,160.5,1.138,1157.1,25656.5,4,0.0114,9.54,None
2024-01-01 10:00:30,2101943,1268112,DNS,170.8,0.604,6475.9,7595.9,14,0.033,14.07,None
2024-01-01 10:00:35,1104922,9572973,UDP,312.6,0.379,2133.8,4687.5,11,0.0228,11.1,None
2024-01-01 10:00:40,8974152,7861182,UDP,78.6,0.299,2605.9,6449.1,11,0.0011,3.26,None
2024-01-01 10:00:45,6291508,1898770,HTTP,264.4,0.913,2695.3,4799.5,8,0.0064,19.0,None
2024-01-01 10:00:50,3509818,5107821,HTTP,484.8,1.36,4034.2,13442.3,12,0.0043,16.5,None
2024-01-01 10:00:55,9800385,7401899,DNS,122.9,0.13,3020.0,22963.6,10,0.0003,22.59,None
2024-01-01 10:01:00,6875848,7097340,TCP,77.8,5.855,2854.7,27996.5,10,0.0063,8.47,None
2024-01-01 10:01:05,8187504,1118648,UDP,121.1,2.898,1775.1,5365.8,12,0.0016,10.33,None
2024-01-01 10:01:10,3083563,2609544,HTTP,149.5,2.625,617.2,4856.0,16,0.0004,8.39,None
2024-01-01 10:01:15,6585866,6413837,TCP,196.7,0.38,974.0,5322.0,9,0.0059,1.51,None
2024-01-01 10:01:20,8536994,4817850,HTTP,110.4,1.852,6114.9,1173.8,10,0.0026,1.32,None
2024-01-01 10:01:25,4351305,6323588,TCP,323.0,1.509,2195.5,2433.7,13,0.0274,18.27,None
2024-01-01 10:01:30,9843411,8937759,HTTP,85.0,8.088,1534.5,7827.9,9,0.0168,6.84,None
2024-01-01 10:01:35,4659433,7225464,HTTP,62.2,2.754,730.9,11840.4,7,0.0313,11.69,None
2024-01-01 10:01:40,7434322,7339585,TCP,258.1,1.715,534.0,13242.3,8,0.0213,23.5,None
2024-01-01 10:01:45,5434010,1221812,TCP,47.6,3.805,1475.6,3712.7,13,0.013,0.42,None
2024-01-01 10:01:50,5002542,6764455,UDP,134.0,0.337,7244.9,4958.7,7,0.0091,12.42,None
2024-01-01 10:01:55,1753740,3365932,UDP,705.5,0.031,1707.7,6188.8,7,0.0007,12.44,None
2024-01-01 10:02:00,7891922,9521524,TCP,147.5,2.344,4449.2,5535.2,11,0.0031,23.97,None
2024-01-01 10:02:05,2987967,1680295,TCP,84.7,0.207,1631.0,16123.3,10,0.0124,20.02,None
2024-01-01 10:02:10,6863072,1594779,UDP,144.2,0.245,5646.9,2190.4,12,0.0051,1.6,None
2024-01-01 10:02:15,1316660,3977582,TCP,144.7,2.73,2097.0,2567.5,13,0.0039,3.77,None
2024-01-01 10:02:20,7242679,7144532,HTTP,160.8,0.631,869.7,6012.3,9,0.0011,0.81,None
2024-01-01 10:02:25,6066984,5625191,TCP,206.7,1.981,2278.0,2068.1,7,0.0007,4.72,None
2024-01-01 10:02:30,2882720,2156026,DNS,88.3,4.988,18657.4,1211.4,12,0.0024,5.1,None
2024-01-01 10:02:35,7090353,8547756,TCP,345.1,0.761,17852.2,1819.9,8,0.018,2.16,None
2024-01-01 10:02:40,6951715,1197962,UDP,167.8,0.49,4849.0,6356.8,10,0.0109,12.65,None
2024-01-01 10:02:45,6308668,2280928,DNS,213.4,0.225,2599.2,15222.5,14,0.0042,23.4,None
2024-01-01 10:02:50,4651686,7104004,DNS,108.4,0.28,4039.6,15543.0,8,0.0006,19.29,None
2024-01-01 10:02:55,5922850,2590183,TCP,282.4,0.128,4092.3,39652.7,13,0.0021,4.88,None
2024-01-01 10:03:00,5999024,4301613,TCP,130.5,0.183,2864.4,8970.2,6,0.006,18.79,None
2024-01-01 10:03:05,5795698,2008778,DNS,170.5,1.131,4632.9,10262.0,8,0.0017,23.57,None
2024-01-01 10:03:10,4917017,6805756,UDP,93.1,0.774,3671.0,6308.1,8,0.0144,20.05,None
2024-01-01 10:03:15,3940139,1220050,UDP,90.2,2.452,2173.4,6622.1,6,0.0155,11.25,None
2024-01-01 10:03:20,6812606,8362334,UDP,209.4,4.084,902.1,64896.3,12,0.0015,6.46,None
2024-01-01 10:03:25,2254814,3442141,DNS,118.9,3.072,1881.7,10523.3,12,0.013,17.95,None
2024-01-01 10:03:30,6711887,9864697,HTTP,96.8,1.513,6631.1,11479.0,6,0.0072,18.87,None
2024-01-01 10:03:35,4996396,8629076,HTTP,107.6,0.216,2888.6,2578.3,11,0.0328,7.12,None
2024-01-01 10:03:40,9959624,5499499,DNS,210.5,2.474,4025.0,12215.0,11,0.0155,5.38,None
2024-01-01 10:03:45,2512479,5083381,DNS,108.4,0.901,2246.2,15651.7,7,0.0088,16.13,None
2024-01-01 10:03:50,9066548,4395162,TCP,139.9,0.179,1033.2,24595.3,9,0.0093,21.32,None
2024-01-01 10:03:55,3102848,4942959,DNS,149.5,3.696,2348.1,15215.7,10,0.002,0.5,None
2024-01-01 10:04:00,2243200,1395428,UDP,56.9,0.826,1072.3,7138.5,8,0.0224,23.69,None
2024-01-01 10:04:05,7971744,7754582,TCP,71.1,0.492,1006.0,6840.2,11,0.0082,4.6,None
2024-01-01 10:04:10,9832023,7102963,HTTP,175.6,4.103,9953.1,7539.6,13,0.0085,8.39,None
2024-01-01 10:04:15,5186561,9533984,HTTP,102.7,4.648,1958.5,9019.9,11,0.0086,1.27,None
2024-01-01 10:04:20,4481489,9579379,TCP,251.7,0.828,1420.1,28786.2,5,0.0032,1.33,None
2024-01-01 10:04:25,6013147,5221165,HTTP,240.7,0.876,15032.3,23686.0,11,0.0167,6.55,None
2024-01-01 10:04:30,4282382,3566894,UDP,212.6,1.733,6734.4,17204.2,10,0.0198,13.56,None
2024-01-01 10:04:35,8241212,1647136,UDP,368.7,2.644,2055.9,61648.9,8,0.0034,21.63,None
2024-01-01 10:04:40,9179828,7819125,HTTP,142.4,0.13,4571.7,568.9,10,0.0058,1.68,None
2024-01-01 10:04:45,3574145,9071048,UDP,205.3,1.8,2354.8,5115.0,13,0.002,13.1,None
2024-01-01 10:04:50,8441385,1621592,UDP,110.8,6.108,1491.2,8012.3,12,0.0027,9.99,None
2024-01-01 10:04:55,9873583,9002779,TCP,505.8,0.608,4791.9,4137.2,7,0.0041,23.74,None
2024-01-01 10:05:00,9363658,1332579,HTTP,400.1,4.79,2155.3,3197.9,4,0.0232,4.49,None
2024-01-01 10:05:05,4100092,4873523,DNS,149.3,5.998,3214.7,1455.1,11,0.0098,8.87,None
2024-01-01 10:05:10,6088594,7840440,UDP,180.1,0.627,8278.1,5935.3,12,0.0089,0.8,None
2024-01-01 10:05:15,2710845,4015177,TCP,292.8,2.806,7414.7,19811.7,12,0.0293,21.94,None
2024-01-01 10:05:20,8610304,6704627,DNS,137.9,0.546,1719.7,17569.8,11,0.0157,14.94,None
2024-01-01 10:05:25,4354139,9588696,TCP,106.9,2.676,4846.6,3819.5,14,0.0002,14.11,None
2024-01-01 10:05:30,6638682,4554838,UDP,229.8,3.193,965.0,10099.5,9,0.0013,1.17,None
2024-01-01 10:05:35,1830603,1012554,DNS,11.2,0.568,1329.6,31495.5,22,0.0227,2.38,PortScan
2024-01-01 10:05:40,6314256,4743637,HTTP,162.6,2.517,3458.2,1772.1,14,0.0036,18.97,None
2024-01-01 10:05:45,5141750,8313858,DNS,16.4,3.344,265.9,6913.0,23,0.0387,13.19,PortScan
2024-01-01 10:05:50,2726509,3410601,UDP,15.7,0.888,391.6,10791.3,16,0.197,4.78,PortScan
2024-01-01 10:05:55,7759154,6646584,UDP,17.4,0.367,246.0,8184.6,26,0.4305,13.2,PortScan
2024-01-01 10:06:00,4418973,7277772,TCP,233.3,0.193,1210.4,18970.4,15,0.0076,23.23,None
2024-01-01 10:06:05,1823385,5985501,TCP,132.6,1.713,7875.8,1812.0,2,0.0012,2.49,None
2024-01-01 10:06:10,3682703,4880109,TCP,304.4,7.642,1062.4,2963.7,8,0.0019,23.28,None
2024-01-01 10:06:15,5040607,1706135,TCP,104.4,3.463,4936.2,16027.2,8,0.0028,18.6,None
2024-01-01 10:06:20,2304023,1919226,DNS,87.6,1.145,5301.7,1477.0,10,0.0236,3.46,None
2024-01-01 10:06:25,6604010,2842688,DNS,143.5,1.538,3149.4,18247.2,13,0.0046,19.55,None
2024-01-01 10:06:30,9479552,6779747,UDP,142.4,0.656,1816.5,12705.9,4,0.0247,17.86,None
2024-01-01 10:06:35,1481684,5126987,HTTP,218.1,0.356,3432.8,17016.2,9,0.0139,13.77,None
2024-01-01 10:06:40,9545817,7604151,UDP,100.7,1.316,3893.3,5068.0,10,0.0138,18.58,None
2024-01-01 10:06:45,3814890,9166785,TCP,294.1,1.245,17853.2,13491.8,8,0.0163,3.39,None
2024-01-01 10:06:50,9631650,3111200,HTTP,396.8,1.476,1246.0,2509.2,7,0.001,17.32,None
2024-01-01 10:06:55,8441715,9954423,TCP,145.5,6.107,1709.7,5353.4,14,0.0169,15.38,None
2024-01-01 10:07:00,1636829,8801623,UDP,277.2,1.852,3962.9,8403.0,7,0.0029,6.83,None
2024-01-01 10:07:05,2248870,9624619,UDP,87.5,1.862,2307.6,3298.6,7,0.0413,16.57,None
2024-01-01 10:07:10,6239062,7283112,TCP,254.1,0.274,2697.2,10078.0,13,0.0189,16.29,None
2024-01-01 10:07:15,1691619,3271324,TCP,250.5,11.304,8693.7,2580.6,6,0.057,5.74,None
2024-01-01 10:07:20,8492042,1295977,HTTP,228.5,2.964,177.6,10600.4,14,0.0277,3.54,None
2024-01-01 10:07:25,2648077,9465131,HTTP,147.3,4.194,1639.3,46251.6,12,0.0045,8.69,None
2024-01-01 10:07:30,8946525,5311426,TCP,33.9,1.07,522.0,2306.1,9,0.0284,9.58,None
2024-01-01 10:07:35,9193998,3138563,DNS,107.7,1.395,901.6,7922.3,6,0.004,19.78,None
2024-01-01 10:07:40,2984165,3445294,DNS,108.5,1.477,33011.9,1606.9,7,0.0108,10.47,None
2024-01-01 10:07:45,2221846,7203214,DNS,91.0,0.432,5421.7,3522.9,14,0.0171,17.68,None
2024-01-01 10:07:50,3834477,8740742,UDP,157.8,2.339,7720.0,16349.4,8,0.0048,11.1,None
2024-01-01 10:07:55,7194377,9498787,HTTP,120.4,4.666,2750.3,5267.8,7,0.0023,1.61,None
2024-01-01 10:08:00,7007577,1110474,UDP,98.3,0.358,6365.9,17024.5,7,0.0225,15.67,None
2024-01-01 10:08:05,8038432,4308939,TCP,87.4,0.181,509.5,11566.7,12,0.0011,21.49,None
2024-01-01 10:08:10,7970396,4729085,DNS,103.8,2.68,8419.4,7596.8,11,0.0045,12.44,None
2024-01-01 10:08:15,3011574,1458517,HTTP,260.0,0.638,1313.1,2894.6,6,0.0078,16.85,None
2024-01-01 10:08:20,9182006,8103121,HTTP,106.6,1.956,1752.3,16082.5,8,0.0163,18.69,None
2024-01-01 10:08:25,9075847,2702083,TCP,114.7,2.38,4940.2,10983.3,10,0.0203,11.22,None
2024-01-01 10:08:30,6464679,3787141,TCP,118.1,0.777,4090.6,1758.0,11,0.0072,6.0,None
2024-01-01 10:08:35,6836379,6940198,HTTP,175.8,3.376,3244.2,3088.6,10,0.0085,20.64,None
2024-01-01 10:08:40,9463966,7607304,UDP,186.4,1.597,762.7,508.2,11,0.0192,19.89,None
2024-01-01 10:08:45,6400142,5727014,TCP,32.4,4.065,3293.9,2068.1,9,0.0063,20.63,None
2024-01-01 10:08:50,7431563,8113780,TCP,247.4,2.882,7789.7,5923.2,13,0.0082,19.82,None
2024-01-01 10:08:55,2690486,9729392,HTTP,304.4,4.059,1750.2,2819.0,8,0.0002,3.19,None
2024-01-01 10:09:00,5509474,3417017,DNS,87.8,0.041,11102.6,3527.5,11,0.0302,9.95,None
2024-01-01 10:09:05,4055667,8146674,DNS,91.3,0.558,1245.5,32551.2,12,0.0084,4.6,None
2024-01-01 10:09:10,3790724,6868726,DNS,118.5,0.189,3000.5,22670.4,14,0.013,3.72,None
2024-01-01 10:09:15,7102784,6060102,UDP,101.7,1.167,13840.1,4045.4,13,0.0028,18.76,None
2024-01-01 10:09:20,8727541,6665691,HTTP,166.0,4.414,1508.1,17917.6,13,0.0107,11.55,None
2024-01-01 10:09:25,4269394,8471368,UDP,56.1,1.26,8552.6,27306.3,4,0.0062,2.18,None
2024-01-01 10:09:30,2997964,9595944,HTTP,84.9,3.79,21475.2,15041.2,9,0.0012,9.75,None
2024-01-01 10:09:35,1874791,1342165,DNS,320.4,0.793,3537.0,10926.3,6,0.0177,23.84,None
2024-01-01 10:09:40,7310117,2227949,TCP,93.3,0.83,1759.8,24302.2,10,0.0183,5.1,None
2024-01-01 10:09:45,6697329,5041079,DNS,276.4,4.518,1376.4,17492.3,8,0.0007,9.53,None
2024-01-01 10:09:50,8990915,7929642,TCP,177.3,1.11,10988.5,2408.9,9,0.005,14.27,None
2024-01-01 10:09:55,7348014,4419606,TCP,60.1,3.119,10686.0,6708.1,10,0.0033,4.79,None
2024-01-01 10:10:00,4755535,1610116,UDP,203.9,0.54,12699.4,4665.4,8,0.0073,23.23,None
2024-01-01 10:10:05,6894502,9575478,TCP,139.9,5.944,2884.7,25654.5,8,0.0067,15.24,None
2024-01-01 10:10:10,9173201,3419989,HTTP,118.2,1.709,8415.3,4535.0,9,0.0107,5.51,None
2024-01-01 10:10:15,5645327,7198433,DNS,167.8,2.849,2838.9,3819.3,16,0.0028,10.72,None
2024-01-01 10:10:20,4185000,9177051,HTTP,188.2,0.188,1232.7,22622.1,5,0.0025,8.66,None
2024-01-01 10:10:25,2396702,9065703,DNS,211.4,1.357,9174.4,10505.7,9,0.0128,2.94,None
2024-01-01 10:10:30,4386571,5907865,TCP,267.5,4.626,15273.4,66955.4,6,0.0374,6.83,None
2024-01-01 10:10:35,8066071,5935617,TCP,182.0,4.192,1074.3,3421.2,12,0.0293,13.29,None
2024-01-01 10:10:40,8407807,4078222,TCP,74.6,0.096,1054.2,4823.1,7,0.0157,2.11,None
2024-01-01 10:10:45,9864826,6535664,HTTP,117.1,0.724,3102.6,24883.7,8,0.0007,1.16,None
2024-01-01 10:10:50,3726128,9678221,DNS,646.5,1.172,7755.3,2255.0,8,0.0027,12.99,None
2024-01-01 10:10:55,6237110,5967648,DNS,213.2,0.378,959.3,30323.9,14,0.0117,10.42,None
2024-01-01 10:11:00,5960143,6014627,TCP,485.2,2.619,3740.7,2422.5,17,0.0035,4.52,None
2024-01-01 10:11:05,6408600,7586039,HTTP,298.2,0.408,1651.7,14916.5,8,0.005,17.11,None
2024-01-01 10:11:10,1626678,4043775,TCP,167.5,0.851,6007.9,1283.0,6,0.0307,2.11,None
2024-01-01 10:11:15,9543909,1279016,TCP,172.6,2.177,1342.3,8477.2,11,0.0009,6.49,None
2024-01-01 10:11:20,5500887,3600638,TCP,145.7,1.316,6449.8,2060.0,11,0.0198,2.43,None
2024-01-01 10:11:25,7921285,9703684,HTTP,62.2,2.683,2544.7,55618.7,7,0.0005,17.46,None
2024-01-01 10:11:30,2688838,7404075,TCP,149.8,6.499,1167.8,2774.9,8,0.0041,15.19,None
2024-01-01 10:11:35,3591231,8600917,DNS,271.9,0.248,3177.0,3537.4,8,0.0081,4.52,None
2024-01-01 10:11:40,7248771,9017574,HTTP,110.0,2.473,429.2,13841.5,9,0.0044,13.38,None
2024-01-01 10:11:45,2784689,4565760,HTTP,182.4,0.524,1704.3,4442.8,11,0.0315,16.72,None
2024-01-01 10:11:50,5682782,9648726,UDP,227.2,1.07,4177.2,16316.8,11,0.007,0.82,None
2024-01-01 10:11:55,1061400,3981522,TCP,94.2,0.067,506.9,3980.3,11,0.0132,15.92,None
2024-01-01 10:12:00,2659533,8261420,DNS,118.4,0.292,227.9,3685.1,13,0.0121,7.48,None
2024-01-01 10:12:05,8012799,1888204,UDP,89.2,0.771,287.3,7882.8,8,0.018,3.25,None
2024-01-01 10:12:10,3661619,5256489,UDP,98.4,0.837,11238.8,2399.6,11,0.0199,19.71,None
2024-01-01 10:12:15,8344331,2570929,DNS,78.0,4.597,2760.7,12044.5,4,0.0063,14.55,None
2024-01-01 10:12:20,2389251,4231579,TCP,94.6,2.708,1750.3,19483.0,9,0.0199,13.12,None
2024-01-01 10:12:25,5117277,2389292,DNS,301.8,7.164,7670.6,14086.8,11,0.0106,20.08,None
2024-01-01 10:12:30,8048412,2884818,HTTP,93.9,1.828,1989.3,15417.8,9,0.0116,6.36,None
2024-01-01 10:12:35,9393372,4275776,DNS,158.1,0.553,3898.9,1182.2,11,0.0019,0.34,None
2024-01-01 10:12:40,4400149,7240164,HTTP,115.4,0.794,3058.7,5106.9,9,0.0028,22.77,None
2024-01-01 10:12:45,8017056,6455187,DNS,267.6,0.771,1861.2,6457.1,6,0.0116,6.31,None
2024-01-01 10:12:50,8304674,5447742,HTTP,285.9,0.791,4000.4,34698.5,3,0.0031,15.2,None
2024-01-01 10:12:55,5304986,9144180,TCP,228.6,2.235,6459.2,4531.0,5,0.0067,23.45,None
2024-01-01 10:13:00,3387720,1923975,HTTP,173.0,1.513,2477.7,811.0,12,0.0067,5.61,None
2024-01-01 10:13:05,2012649,5510001,HTTP,132.2,0.974,1880.8,2969.1,7,0.0027,23.83,None
2024-01-01 10:13:10,2719469,8089190,TCP,81.8,0.323,2116.4,4183.1,13,0.0084,12.93,None
2024-01-01 10:13:15,7545095,7899574,DNS,392.2,0.045,299.5,937.8,12,0.0083,23.02,None
2024-01-01 10:13:20,7061566,8668762,DNS,101.5,0.494,3956.3,21347.8,21,0.0014,2.06,None
2024-01-01 10:13:25,2235515,3585904,UDP,206.8,0.227,889.7,1686.5,8,0.0048,12.74,None
2024-01-01 10:13:30,7477825,4979992,HTTP,252.1,3.078,5595.5,12657.7,11,0.0046,22.66,None
2024-01-01 10:13:35,6460698,7364149,DNS,112.4,0.239,2723.2,2717.9,7,0.0083,3.73,None
2024-01-01 10:13:40,5268021,7987897,DNS,249.4,2.576,3311.4,36570.0,11,0.0138,6.6,None
2024-01-01 10:13:45,2126984,5541381,UDP,217.5,0.974,6004.9,6147.8,8,0.0002,5.1,None
2024-01-01 10:13:50,4759920,8448295,HTTP,352.1,0.152,1180.2,5018.5,9,0.0014,23.17,None
2024-01-01 10:13:55,4837240,2055002,HTTP,117.4,3.35,4312.4,13742.6,6,0.0036,6.32,None
2024-01-01 10:14:00,9852223,7742472,TCP,78.0,1.733,3895.7,2959.3,7,0.0166,2.9,None
2024-01-01 10:14:05,9106130,8897970,TCP,115.3,0.538,2478.0,14408.1,7,0.0065,19.12,None
2024-01-01 10:14:10,2190803,9299899,UDP,164.7,4.502,1178.3,5005.7,9,0.0072,12.32,None
2024-01-01 10:14:15,3341279,1450458,UDP,152.8,0.093,5405.9,4471.1,11,0.0053,14.16,None
2024-01-01 10:14:20,7250174,2892088,TCP,121.9,0.451,6023.7,7423.7,9,0.0054,14.56,None
2024-01-01 10:14:25,4196525,6975841,TCP,57.1,2.789,3339.6,2725.3,13,0.038,14.71,None
2024-01-01 10:14:30,1815352,7147953,UDP,187.8,2.471,1022.2,6694.9,7,0.0229,10.9,None
2024-01-01 10:14:35,2891001,7967908,DNS,397.9,0.683,1759.1,11378.5,11,0.0129,23.41,None
2024-01-01 10:14:40,4783036,2073973,TCP,187.2,0.128,2806.4,805.3,12,0.0039,4.18,None
2024-01-01 10:14:45,1466082,7230145,DNS,201.3,3.905,5934.2,24132.3,14,0.0072,22.99,None
2024-01-01 10:14:50,7764044,7308266,TCP,197.6,0.753,611.9,18324.2,11,0.0117,7.02,None
2024-01-01 10:14:55,1801458,6280480,TCP,181.0,0.436,1696.3,1268.3,8,0.005,4.56,None
2024-01-01 10:15:00,6284286,9823322,HTTP,236.5,1.452,1992.9,1085.3,12,0.0074,15.02,None
2024-01-01 10:15:05,7103058,6822711,HTTP,180.9,4.821,2742.9,18805.5,6,0.0016,21.4,None
2024-01-01 10:15:10,1828825,3487108,TCP,126.9,0.089,811.3,17405.1,16,0.001,8.71,None
2024-01-01 10:15:15,3995943,6780336,HTTP,99.7,2.903,2398.2,15108.8,11,0.0018,1.81,None
2024-01-01 10:15:20,4583167,3372196,HTTP,131.0,1.699,2185.3,1945.1,14,0.0141,12.88,None
2024-01-01 10:15:25,3183252,2590710,HTTP,173.7,1.108,1056.2,50445.2,13,0.0021,23.64,None
2024-01-01 10:15:30,5639445,2209733,DNS,126.7,2.726,2649.3,3808.5,13,0.0259,9.35,None
2024-01-01 10:15:35,1260955,9987231,TCP,173.7,6.752,1735.1,10295.6,14,0.0046,0.48,None
2024-01-01 10:15:40,8864375,2367937,UDP,184.9,0.521,4893.1,10423.1,11,0.0019,12.02,None
2024-01-01 10:15:45,9088010,5651878,UDP,225.1,0.31,1229.9,39852.1,9,0.0174,9.21,None
2024-01-01 10:15:50,8226498,2525013,DNS,281.9,4.881,3261.1,9183.5,16,0.0061,1.6,None
2024-01-01 10:15:55,3322541,9146709,UDP,154.3,2.211,1328.2,12281.4,11,0.0049,21.0,None
2024-01-01 10:16:00,4816271,6179934,TCP,77.2,1.152,1636.4,7501.6,8,0.004,14.85,None
2024-01-01 10:16:05,4559835,7301702,UDP,124.9,1.703,4013.0,2448.9,11,0.004,3.7,None
2024-01-01 10:16:10,4931315,4976176,DNS,151.7,2.738,3769.6,797.4,19,0.0109,22.22,None
2024-01-01 10:16:15,1757333,6779952,UDP,59.3,2.966,1964.5,8371.4,11,0.0078,13.83,None
2024-01-01 10:16:20,1456421,6254339,UDP,297.2,5.049,2276.9,1973.6,9,0.0063,16.54,None
2024-01-01 10:16:25,6263051,7956154,HTTP,159.4,1.113,696.7,11500.9,16,0.0059,14.0,None
2024-01-01 10:16:30,8169307,2768000,HTTP,179.6,0.695,12121.8,9402.7,14,0.0015,23.48,None
2024-01-01 10:16:35,3521277,4297522,DNS,293.8,2.041,5928.1,9176.8,8,0.0176,21.38,None
2024-01-01 10:16:40,5294514,1382342,TCP,108.3,1.075,5718.4,2827.3,15,0.0262,0.4,None
2024-01-01 10:16:45,1758283,6572534,TCP,197.8,1.806,604.8,22846.3,13,0.0162,0.35,None
2024-01-01 10:16:50,5292555,2859357,TCP,140.5,1.089,1643.4,13026.9,11,0.006,11.72,None
2024-01-01 10:16:55,3838070,1624045,HTTP,135.4,0.332,2133.4,2485.7,16,0.0358,7.54,None
2024-01-01 10:17:00,2032558,4698927,TCP,100.9,1.268,432.2,64122.3,10,0.0096,12.93,None
2024-01-01 10:17:05,7449078,6964694,UDP,341.3,2.348,7258.7,6563.0,14,0.0149,8.12,None
2024-01-01 10:17:10,1684190,4071500,DNS,123.0,3.212,12757.6,2133.9,8,0.0135,21.08,None
2024-01-01 10:17:15,8165824,7301278,DNS,210.6,1.36,23433.8,3795.8,9,0.0123,4.08,None
2024-01-01 10:17:20,3270923,6281007,HTTP,58.1,0.361,1047.5,1792.0,6,0.0103,1.37,None
2024-01-01 10:17:25,3688959,6449216,HTTP,267.7,1.071,3352.0,31553.1,8,0.0024,8.23,None
2024-01-01 10:17:30,1498188,2534398,UDP,251.2,3.086,11190.5,23871.7,9,0.0035,3.34,None
2024-01-01 10:17:35,5451031,2621099,HTTP,155.8,1.065,2313.2,16974.7,8,0.0218,14.2,None
2024-01-01 10:17:40,8161885,6179086,DNS,132.5,2.385,1690.9,14060.7,12,0.002,11.34,None
2024-01-01 10:17:45,2201885,2386547,HTTP,181.3,1.415,461.3,28235.7,10,0.0016,16.99,None
2024-01-01 10:17:50,5747838,2920038,HTTP,466.1,0.552,9252.3,6361.4,9,0.0033,1.75,None
2024-01-01 10:17:55,4000667,1160651,DNS,61.5,3.181,2924.1,12365.5,13,0.0045,18.11,None
2024-01-01 10:18:00,5318751,5053831,HTTP,219.4,0.176,1437.5,3597.9,8,0.0081,6.64,None
2024-01-01 10:18:05,7570856,6158426,UDP,94.1,1.488,3959.4,6950.4,12,0.0093,16.11,None
2024-01-01 10:18:10,1015408,7968476,TCP,146.9,0.469,3473.8,12709.1,10,0.0156,6.98,None
2024-01-01 10:18:15,2589572,5549846,HTTP,131.1,0.139,3527.2,372.0,12,0.0008,20.01,None
2024-01-01 10:18:20,8090079,5323630,TCP,119.8,1.398,2399.2,4360.3,11,0.0023,20.02,None
2024-01-01 10:18:25,4237176,6863893,UDP,147.6,1.385,15098.6,9556.6,8,0.007,7.35,None
2024-01-01 10:18:30,7178270,7312903,TCP,84.2,2.454,2608.0,7498.7,11,0.0029,21.83,None
2024-01-01 10:18:35,1357466,4692533,DNS,248.3,2.731,15052.8,5154.4,10,0.0207,7.7,None
2024-01-01 10:18:40,6675035,8605088,HTTP,60.5,2.602,5240.2,14605.5,7,0.0102,21.5,None
2024-01-01 10:18:45,7363979,7422457,UDP,194.4,1.054,4235.1,3993.0,6,0.0067,4.64,None
2024-01-01 10:18:50,9425857,5512196,TCP,126.1,1.998,2661.7,2387.7,9,0.0,6.91,None
2024-01-01 10:18:55,6370118,6452184,HTTP,82.6,1.721,7894.8,26470.0,11,0.0196,21.22,None
2024-01-01 10:19:00,7008969,7925471,DNS,164.2,1.095,3337.5,22986.2,7,0.0062,1.94,None
2024-01-01 10:19:05,4389196,1237311,UDP,68.1,1.819,1173.6,4450.9,11,0.0076,16.84,None
2024-01-01 10:19:10,5959195,8776374,UDP,151.4,5.884,1135.1,7565.1,7,0.012,16.37,None
2024-01-01 10:19:15,4800010,2388237,HTTP,72.9,0.429,4548.2,18882.5,10,0.0277,23.33,None
2024-01-01 10:19:20,1739335,8978667,TCP,186.9,4.724,1203.1,8467.9,13,0.0017,23.33,None
2024-01-01 10:19:25,5626604,3556062,HTTP,93.5,0.11,2801.1,13769.4,10,0.0007,11.53,None
2024-01-01 10:19:30,8542902,1589369,HTTP,118.5,0.737,8580.0,13037.3,10,0.0013,15.8,None
2024-01-01 10:19:35,6433387,9065949,UDP,171.9,0.68,4039.9,5888.9,9,0.0135,3.74,None
2024-01-01 10:19:40,3559547,4168444,TCP,100.9,1.969,1447.9,13574.2,9,0.0014,5.43,None
2024-01-01 10:19:45,2221194,8717988,DNS,144.2,0.281,12209.7,3087.3,15,0.007,13.4,None
2024-01-01 10:19:50,9505881,1844964,TCP,69.6,4.28,5155.8,12019.4,9,0.0123,5.7,None
2024-01-01 10:19:55,6509158,5443726,TCP,203.5,3.527,8248.6,7524.4,16,0.0125,5.2,None
2024-01-01 10:20:00,1948718,4012055,DNS,358.7,2.111,308.7,5649.3,10,0.0052,0.55,None
2024-01-01 10:20:05,7513755,9769121,UDP,599.5,1.227,4150.0,2329.2,7,0.012,1.76,None
2024-01-01 10:20:10,5247110,5094862,HTTP,155.3,5.405,6919.9,9243.3,11,0.03,17.07,None
2024-01-01 10:20:15,1986012,9205364,TCP,220.1,3.553,16322.3,8421.4,5,0.0003,0.34,None
2024-01-01 10:20:20,1139885,4744721,DNS,60.9,1.384,689.6,3499.5,7,0.0111,21.5,None
2024-01-01 10:20:25,7209455,6721890,DNS,314.6,2.42,9957.8,1641.1,14,0.0074,1.89,None
2024-01-01 10:20:30,7961251,9771897,HTTP,218.8,1.674,15434.8,1564.8,12,0.0024,3.76,None
2024-01-01 10:20:35,7359117,3665646,DNS,116.5,1.773,396.5,6285.0,11,0.0037,8.17,None
2024-01-01 10:20:40,2290395,3619447,HTTP,275.5,0.804,4810.7,11009.3,9,0.0181,17.44,None
2024-01-01 10:20:45,8213452,2871023,TCP,130.7,1.24,5528.2,51532.7,6,0.0088,16.82,None
2024-01-01 10:20:50,6410801,5075114,DNS,118.0,0.163,2149.5,7745.3,13,0.0001,5.92,None
2024-01-01 10:20:55,7287043,5910093,DNS,188.2,0.884,1826.0,1595.0,24,0.0336,7.85,None
2024-01-01 10:21:00,6504226,3112924,DNS,87.2,2.38,5813.0,6588.5,14,0.011,19.71,None
2024-01-01 10:21:05,5732177,3757059,TCP,247.4,6.124,1611.7,28321.2,13,0.0058,11.92,None
2024-01-01 10:21:10,9605334,4459069,HTTP,87.5,6.597,2398.9,4093.7,12,0.0125,11.0,None
2024-01-01 10:21:15,5542837,7321733,HTTP,87.8,1.623,6717.3,24800.1,13,0.0023,15.2,None
2024-01-01 10:21:20,8832366,2168595,HTTP,94.2,1.866,17223.7,9659.8,14,0.003,10.96,None
2024-01-01 10:21:25,6479730,3626480,DNS,217.0,0.411,5105.0,15473.5,8,0.0017,10.42,None
2024-01-01 10:21:30,8791958,6950008,HTTP,109.0,2.377,3406.6,51992.6,7,0.0051,19.17,None
2024-01-01 10:21:35,3412696,8496842,HTTP,75.6,0.147,1778.6,1290.4,13,0.0235,22.35,None
2024-01-01 10:21:40,3772328,5577694,DNS,109.6,0.67,1085.1,19860.8,17,0.0049,13.18,None
2024-01-01 10:21:45,1554114,9692371,DNS,146.1,2.207,9041.5,7370.9,10,0.0034,6.94,None
2024-01-01 10:21:50,5743538,9033117,HTTP,82.2,0.743,2556.9,3136.4,14,0.0122,22.79,None
2024-01-01 10:21:55,3552821,9499464,TCP,83.4,0.102,9421.1,7327.3,15,0.0204,16.85,None
2024-01-01 10:22:00,6413724,3761488,DNS,426.5,3.566,2144.0,43957.2,12,0.0028,15.7,None
2024-01-01 10:22:05,9109160,2225494,DNS,96.5,0.743,1557.3,30790.0,15,0.0165,14.56,None
2024-01-01 10:22:10,5658573,8335655,TCP,126.3,0.13,4540.5,1095.8,17,0.0036,17.77,None
2024-01-01 10:22:15,2620150,9718985,UDP,123.5,0.155,2761.3,3752.4,12,0.0028,18.61,None
2024-01-01 10:22:20,7215547,6668716,HTTP,120.2,0.58,892.9,20803.9,13,0.0064,18.99,None
2024-01-01 10:22:25,6966599,3637973,HTTP,202.5,0.392,18349.7,7928.8,15,0.0007,23.42,None
2024-01-01 10:22:30,8472774,1823894,DNS,238.4,2.977,1592.4,7958.4,13,0.0198,9.87,None
2024-01-01 10:22:35,9503859,7351904,HTTP,127.4,0.776,7537.1,1688.6,6,0.0207,5.82,None
2024-01-01 10:22:40,7691165,8402278,UDP,80.0,3.266,6917.8,3845.0,15,0.0113,9.46,None
2024-01-01 10:22:45,6727416,7636314,HTTP,280.7,0.382,846.0,2083.5,5,0.0036,18.4,None
2024-01-01 10:22:50,1634345,1595199,UDP,141.5,1.358,1094.0,1551.0,5,0.0018,12.98,None
2024-01-01 10:22:55,4389425,9369962,TCP,352.5,2.33,2205.0,2303.7,10,0.012,20.75,None
2024-01-01 10:23:00,9200106,5987525,TCP,48.3,2.111,1254.3,3203.2,18,0.0011,5.67,None
2024-01-01 10:23:05,6806953,5901816,DNS,163.6,1.838,16755.1,3785.3,10,0.0053,17.69,None
2024-01-01 10:23:10,9851307,8705367,HTTP,387.3,5.176,2440.2,3490.7,11,0.0009,5.98,None
2024-01-01 10:23:15,7029892,4807932,DNS,124.4,0.519,7257.2,22481.7,9,0.0056,19.18,None
2024-01-01 10:23:20,3637115,2529862,TCP,132.6,1.361,4982.3,3271.0,9,0.0014,10.52,None
2024-01-01 10:23:25,4464914,7156855,UDP,172.0,4.308,3881.7,33731.4,12,0.0003,23.75,None
2024-01-01 10:23:30,5854605,3789439,HTTP,112.2,0.162,3103.6,4994.2,12,0.006,16.05,None
2024-01-01 10:23:35,3324143,7995507,UDP,127.0,0.115,10271.5,12571.6,14,0.0084,17.8,None
2024-01-01 10:23:40,6414834,8688350,HTTP,125.3,0.531,1306.2,12979.7,11,0.0058,1.03,None
2024-01-01 10:23:45,3242599,2809509,DNS,108.5,2.005,16753.0,3301.6,16,0.0019,16.87,None
2024-01-01 10:23:50,9267785,4766347,HTTP,274.4,0.602,822.9,5836.6,7,0.0008,10.05,None
2024-01-01 10:23:55,5271486,8479538,TCP,186.9,0.422,6512.7,4900.3,10,0.0014,7.76,None
2024-01-01 10:24:00,5268171,8714407,DNS,168.2,1.228,731.3,11759.8,9,0.013,19.08,None
2024-01-01 10:24:05,5116249,6006584,DNS,222.4,1.902,2173.9,7123.5,11,0.0002,5.49,None
2024-01-01 10:24:10,7022140,5825794,UDP,130.0,0.572,3272.5,3833.8,7,0.0199,4.36,None
2024-01-01 10:24:15,7951689,5368759,HTTP,100.8,0.715,1832.3,9127.6,9,0.0183,8.53,None
2024-01-01 10:24:20,3129701,5217970,UDP,109.8,1.902,2485.8,11380.0,13,0.0212,15.1,None
2024-01-01 10:24:25,9026700,4872499,TCP,148.5,5.828,744.7,51536.5,3,0.0211,6.18,None
2024-01-01 10:24:30,5960985,5167921,DNS,87.4,2.246,1110.5,8674.4,12,0.011,13.41,None
2024-01-01 10:24:35,1200858,9407845,HTTP,115.6,3.055,4906.2,8184.6,6,0.0188,9.24,None
2024-01-01 10:24:40,5512116,7382365,HTTP,114.7,0.914,3070.7,12436.6,5,0.0131,9.52,None
2024-01-01 10:24:45,5026943,7763496,HTTP,429.4,0.636,1494.4,3135.7,19,0.0036,4.87,None
2024-01-01 10:24:50,2751528,4826351,DNS,37.1,1.211,11206.8,1443.0,6,0.0141,7.73,None
2024-01-01 10:24:55,4168519,8219393,TCP,135.7,3.292,880.1,5930.7,16,0.0096,6.57,None
2024-01-01 10:25:00,4553639,3579413,HTTP,351.7,1.219,2076.4,23673.2,5,0.0003,5.84,None
2024-01-01 10:25:05,8419455,3511846,UDP,157.7,3.751,1797.8,27821.1,9,0.0154,1.94,None
2024-01-01 10:25:10,2869941,2823443,DNS,216.3,8.979,5514.0,1237.2,10,0.0205,10.39,None
2024-01-01 10:25:15,3351680,8526248,TCP,156.0,0.15,3128.0,15773.4,11,0.0073,5.87,None
2024-01-01 10:25:20,8427672,8129046,TCP,106.3,0.093,2675.3,911.6,8,0.0067,23.06,None
2024-01-01 10:25:25,2391275,2797726,DNS,48.4,0.324,471.4,12825.4,10,0.0056,14.44,None
2024-01-01 10:25:30,4202596,5410816,HTTP,164.5,0.97,7080.0,12080.6,12,0.0127,11.09,None
2024-01-01 10:25:35,7780939,4041228,TCP,100.7,0.281,2397.5,1445.2,8,0.0024,8.11,None
2024-01-01 10:25:40,5449125,2698106,UDP,99.5,4.091,3346.5,22027.5,10,0.0149,11.06,None
2024-01-01 10:25:45,2277256,4232697,HTTP,115.6,0.047,1410.1,46343.5,11,0.0035,8.2,None
2024-01-01 10:25:50,1156944,2143242,TCP,355.1,0.759,1204.9,7612.3,8,0.003,20.56,None
2024-01-01 10:25:55,8566165,5887352,HTTP,493.9,0.408,13350.2,9330.1,11,0.0166,6.14,None
2024-01-01 10:26:00,9414948,8976830,TCP,165.4,5.363,506.1,35565.0,6,0.0019,6.72,None
2024-01-01 10:26:05,7546604,2793586,UDP,117.6,2.214,1038.8,2627.2,10,0.0198,17.03,None
2024-01-01 10:26:10,1185190,9220891,TCP,82.4,4.862,13101.6,2694.4,16,0.0381,21.62,None
2024-01-01 10:26:15,1622273,5445292,UDP,187.6,7.175,5657.6,3500.3,9,0.0039,16.32,None
2024-01-01 10:26:20,1301138,3600295,DNS,361.9,1.375,2152.8,8409.2,12,0.0263,2.03,None
2024-01-01 10:26:25,9572694,7076736,HTTP,131.1,0.534,10369.2,8386.8,15,0.0084,21.58,None
2024-01-01 10:26:30,8448229,4636955,DNS,45.2,0.431,4660.4,4659.7,14,0.003,18.46,None
2024-01-01 10:26:35,1490107,9873482,TCP,207.5,0.504,3761.8,6000.0,10,0.006,5.75,None
2024-01-01 10:26:40,3543957,9839482,TCP,242.9,2.466,3735.2,4724.1,7,0.0161,1.5,None
2024-01-01 10:26:45,2328680,7914507,HTTP,67.2,0.083,4746.9,4955.2,14,0.011,17.22,None
2024-01-01 10:26:50,4037511,4690190,DNS,162.1,0.105,4942.8,3757.4,12,0.0068,5.63,None
2024-01-01 10:26:55,5844369,5133332,UDP,186.0,1.874,26795.1,3787.9,11,0.003,12.57,None
2024-01-01 10:27:00,8146235,4583142,HTTP,143.1,2.055,2453.1,1095.6,10,0.0129,2.15,None
2024-01-01 10:27:05,9957404,3038294,HTTP,99.9,2.189,2529.9,6479.0,5,0.0038,13.64,None
2024-01-01 10:27:10,5272866,1435052,TCP,246.6,0.93,865.3,1146.4,5,0.004,0.52,None
2024-01-01 10:27:15,5814715,1532946,HTTP,121.3,3.279,2830.2,17163.8,18,0.0137,12.82,None
2024-01-01 10:27:20,1247102,4845894,DNS,70.6,1.526,19204.3,4628.9,9,0.0082,20.01,None
2024-01-01 10:27:25,9697244,1816735,DNS,53.3,0.223,7978.3,7191.0,9,0.0021,13.94,None
2024-01-01 10:27:30,7446892,7311435,HTTP,278.8,3.19,1730.8,5579.1,5,0.0116,21.23,None
2024-01-01 10:27:35,2258853,3952989,DNS,202.0,6.118,3071.9,6347.9,11,0.003,13.17,None
2024-01-01 10:27:40,4978420,6027559,TCP,155.1,0.124,815.3,28663.4,11,0.0143,16.5,None
2024-01-01 10:27:45,5821541,5323531,DNS,119.1,0.993,1131.0,2097.5,10,0.0065,8.79,None
2024-01-01 10:27:50,7188749,8112748,HTTP,113.9,1.337,3461.4,1598.3,10,0.009,7.12,None
2024-01-01 10:27:55,1850661,6508108,HTTP,86.7,0.317,1818.1,9130.5,11,0.0092,8.06,None
2024-01-01 10:28:00,6256683,7310582,TCP,119.6,4.046,1048.8,4935.1,8,0.0016,2.47,None
2024-01-01 10:28:05,4818356,4386456,UDP,51.4,0.669,4865.1,11610.0,9,0.0105,6.11,None
2024-01-01 10:28:10,5289757,5785169,DNS,102.7,3.056,2745.6,16590.4,7,0.0202,9.29,None
2024-01-01 10:28:15,2392309,4294850,TCP,127.0,2.223,621.7,2680.2,12,0.0222,8.2,None
2024-01-01 10:28:20,4948557,4496570,DNS,201.3,1.823,374.2,14814.9,7,0.0117,11.89,None
2024-01-01 10:28:25,7067337,3045330,UDP,145.5,0.427,1685.8,2916.3,10,0.0347,11.72,None
2024-01-01 10:28:30,3117152,9815612,HTTP,220.8,0.499,608.9,8730.5,8,0.0091,17.65,None
2024-01-01 10:28:35,1293239,8533540,TCP,291.4,0.097,459.9,2352.2,13,0.0029,9.5,None
2024-01-01 10:28:40,3267064,9648985,TCP,251.9,0.551,9218.5,9247.8,15,0.0108,16.25,None
2024-01-01 10:28:45,4798045,9778137,DNS,187.8,0.848,2703.5,7935.7,8,0.024,21.38,None
2024-01-01 10:28:50,2833017,2478130,DNS,149.3,3.581,2286.0,2689.4,7,0.0044,10.94,None
2024-01-01 10:28:55,1307008,3005772,DNS,90.9,0.913,2469.1,2083.1,9,0.0031,13.28,None
2024-01-01 10:29:00,3901266,4423190,UDP,214.9,2.81,955.4,17165.2,14,0.034,16.25,None
2024-01-01 10:29:05,7331247,3002988,TCP,343.7,1.158,4496.1,5151.3,15,0.0145,11.86,None
2024-01-01 10:29:10,9932740,8955317,DNS,176.1,3.073,2615.7,22293.1,13,0.0005,3.92,None
2024-01-01 10:29:15,3135795,9430672,TCP,387.1,7.482,1397.7,4706.1,14,0.0082,7.05,None
2024-01-01 10:29:20,7308512,2607375,DNS,69.2,0.548,1623.6,29797.5,13,0.0027,0.68,None
2024-01-01 10:29:25,2984758,3556882,TCP,83.3,3.966,873.5,3138.8,9,0.0034,16.41,None
2024-01-01 10:29:30,8467220,5661651,HTTP,227.6,1.945,1985.8,35339.1,11,0.0009,6.71,None
2024-01-01 10:29:35,5059550,4043084,HTTP,169.4,3.4,2345.8,9646.7,15,0.0026,19.77,None
2024-01-01 10:29:40,7772382,5565901,DNS,286.3,2.109,1934.7,12085.9,8,0.007,15.74,None
2024-01-01 10:29:45,5156175,2566733,TCP,147.3,1.103,3150.0,2969.0,4,0.0008,17.67,None
2024-01-01 10:29:50,8908519,8705077,TCP,96.2,0.518,2755.9,16801.4,9,0.022,21.18,None
2024-01-01 10:29:55,1244341,6280585,DNS,133.4,0.145,3754.7,17394.8,9,0.0149,10.22,None
2024-01-01 10:30:00,8684760,4936315,DNS,69.0,1.534,7654.9,5858.0,4,0.0048,4.53,None
2024-01-01 10:30:05,9321673,9418623,UDP,84.4,9.277,5393.9,959.1,13,0.0014,22.45,None
2024-01-01 10:30:10,8510888,5236361,TCP,241.3,2.679,7743.4,2661.6,10,0.0511,23.9,None
2024-01-01 10:30:15,2299944,3736541,TCP,229.6,0.793,1277.0,2661.2,12,0.0083,5.23,None
2024-01-01 10:30:20,9091211,2310705,HTTP,177.9,3.511,1792.5,12699.9,14,0.0055,17.78,None
2024-01-01 10:30:25,2357261,5880764,HTTP,62.8,2.931,5730.7,5089.7,14,0.0022,1.73,None
2024-01-01 10:30:30,8976253,5869005,DNS,124.1,0.662,5834.1,5189.5,12,0.0023,0.66,None
2024-01-01 10:30:35,2470937,3808133,HTTP,80.4,0.029,1512.3,4599.4,8,0.0159,16.2,None
2024-01-01 10:30:40,9182905,1468386,HTTP,267.3,0.251,5494.9,35217.2,6,0.0073,6.12,None
2024-01-01 10:30:45,9423938,4445609,HTTP,110.8,4.196,1160.3,8479.0,10,0.0414,20.83,None
2024-01-01 10:30:50,7656153,8432666,UDP,86.2,3.623,4822.5,9874.8,11,0.0306,12.31,None
2024-01-01 10:30:55,8181877,3389316,HTTP,150.6,0.7,2903.6,4361.7,9,0.0023,18.77,None
2024-01-01 10:31:00,1872257,9681636,TCP,107.8,0.671,746.6,7866.4,7,0.0738,2.48,None
2024-01-01 10:31:05,9786470,7409845,HTTP,311.6,3.149,1931.3,3054.3,7,0.0431,20.99,None
2024-01-01 10:31:10,1259596,5063997,DNS,102.8,5.553,26430.3,11426.9,11,0.0161,4.56,None
2024-01-01 10:31:15,3008555,4904986,DNS,73.7,3.02,3651.1,2574.6,9,0.005,13.64,None
2024-01-01 10:31:20,7288193,2363121,UDP,50.6,1.861,29746.0,17055.4,9,0.0025,14.63,None
2024-01-01 10:31:25,2522403,4646590,HTTP,146.1,0.556,703.5,3885.7,17,0.0011,1.58,None
2024-01-01 10:31:30,7217070,1087856,DNS,112.1,1.492,6315.4,20918.6,6,0.0005,23.46,None
2024-01-01 10:31:35,2895676,7980454,UDP,72.6,0.532,236.4,54573.0,13,0.0172,7.25,None
2024-01-01 10:31:40,5676433,6471510,DNS,269.0,3.301,2980.3,8112.0,5,0.0291,17.14,None
2024-01-01 10:31:45,5488206,7650667,TCP,207.2,0.979,5603.9,30080.0,7,0.0148,15.16,None
2024-01-01 10:31:50,2521238,1384549,TCP,146.3,3.588,6890.4,17179.1,14,0.0142,0.79,None
2024-01-01 10:31:55,5480093,2247981,HTTP,293.6,0.961,1340.4,1933.8,12,0.0054,20.7,None
2024-01-01 10:32:00,8852872,4738881,UDP,206.7,3.476,8426.1,9053.7,10,0.0102,7.31,None
2024-01-01 10:32:05,7047997,7417571,DNS,98.4,0.811,1748.1,13375.8,14,0.0111,5.98,None
2024-01-01 10:32:10,3297074,7154458,UDP,88.3,1.16,2529.8,14731.1,7,0.003,1.41,None
2024-01-01 10:32:15,3819319,1754308,UDP,223.4,1.912,1932.7,9683.8,5,0.0134,6.01,None
2024-01-01 10:32:20,1411224,5726278,HTTP,180.9,0.146,956.8,9559.7,8,0.0016,14.88,None
2024-01-01 10:32:25,3223150,5380712,TCP,161.6,5.921,14324.4,8144.4,9,0.0035,4.82,None
2024-01-01 10:32:30,4321686,9617121,TCP,97.2,1.705,3127.6,9257.4,8,0.0089,11.2,None
2024-01-01 10:32:35,1490681,7540704,UDP,201.1,1.418,8842.4,2383.5,10,0.0078,19.19,None
2024-01-01 10:32:40,3191486,7885575,UDP,101.7,3.658,8473.6,6398.3,15,0.0122,22.92,None
2024-01-01 10:32:45,2223803,2071717,HTTP,141.0,4.016,1132.4,1895.1,12,0.0087,16.81,None
2024-01-01 10:32:50,3293983,5928433,DNS,306.0,1.477,10058.0,4926.4,8,0.0005,4.7,None
2024-01-01 10:32:55,7695410,1503491,TCP,106.7,5.242,4931.6,4488.1,8,0.038,9.2,None
2024-01-01 10:33:00,4469904,5447593,DNS,67.6,0.134,1052.7,4210.5,8,0.0144,13.3,None
2024-01-01 10:33:05,1197684,6060779,TCP,87.7,0.24,4669.7,2829.9,12,0.0212,20.91,None
2024-01-01 10:33:10,2755962,2126206,UDP,244.0,1.817,1071.7,10607.1,16,0.0163,13.15,None
2024-01-01 10:33:15,4585778,4127065,UDP,168.6,0.874,14860.4,5895.4,7,0.0024,11.79,None
2024-01-01 10:33:20,1661146,6722452,TCP,139.2,1.248,6726.3,5321.8,9,0.027,6.23,None
2024-01-01 10:33:25,4890861,5963634,HTTP,115.1,0.795,2776.2,1983.1,8,0.0414,11.99,None
2024-01-01 10:33:30,6735935,2941786,HTTP,189.2,1.037,10559.7,6015.8,10,0.0008,7.65,None
2024-01-01 10:33:35,1749761,8472218,UDP,97.1,3.459,612.8,25477.0,10,0.0017,13.55,None
2024-01-01 10:33:40,1060331,4756930,HTTP,172.9,1.8,1409.0,25869.1,9,0.0463,19.41,None
2024-01-01 10:33:45,3783125,9155933,DNS,103.0,11.862,2316.0,11772.4,7,0.0035,22.7,None
2024-01-01 10:33:50,4365712,6861369,HTTP,94.7,3.092,27880.6,6032.1,11,0.0171,19.43,None
2024-01-01 10:33:55,7517467,9274282,TCP,107.9,0.639,1022.0,14171.4,8,0.0008,19.88,None
2024-01-01 10:34:00,7812655,8647572,TCP,123.0,0.614,540.6,4157.4,9,0.0132,8.59,None
2024-01-01 10:34:05,6960242,9254648,UDP,144.8,0.819,703.2,6007.4,9,0.0121,16.69,None
2024-01-01 10:34:10,2570661,6893622,TCP,167.0,3.706,7377.7,3856.4,14,0.0277,9.31,None
2024-01-01 10:34:15,1086302,3128087,UDP,23.5,0.055,1645.5,20097.8,13,0.013,0.58,None
2024-01-01 10:34:20,1996115,2370342,DNS,99.1,0.523,2542.5,17676.8,8,0.0004,21.23,None
2024-01-01 10:34:25,5751664,8453711,TCP,122.0,4.706,6392.2,7826.9,10,0.006,1.25,None
2024-01-01 10:34:30,7887500,8342739,HTTP,315.0,2.043,2545.1,45764.0,7,0.0043,2.77,None
2024-01-01 10:34:35,9387043,1411679,UDP,86.5,0.515,3656.1,12240.6,12,0.0085,0.44,None
2024-01-01 10:34:40,3869108,1887523,UDP,161.0,0.495,5090.9,11570.7,11,0.0056,1.61,None
2024-01-01 10:34:45,9355913,5995806,DNS,313.4,3.97,1937.8,10395.4,13,0.0033,1.42,None
2024-01-01 10:34:50,1579451,7982136,HTTP,77.0,4.484,2524.2,2293.2,8,0.0108,16.26,None
2024-01-01 10:34:55,6983335,9080474,UDP,180.7,0.592,3797.0,3313.4,6,0.0037,20.48,None
2024-01-01 10:35:00,7384627,7152070,UDP,99.4,1.091,7102.3,7672.2,11,0.019,19.12,None
2024-01-01 10:35:05,3663793,4326472,HTTP,115.3,3.599,1349.7,7735.8,10,0.0039,15.03,None
2024-01-01 10:35:10,3086949,3864048,DNS,99.3,2.948,145.4,14614.4,15,0.0072,18.86,None
2024-01-01 10:35:15,1162292,9713923,TCP,102.9,3.363,5881.6,4155.3,12,0.0175,10.96,None
2024-01-01 10:35:20,7612099,6498521,DNS,578.8,1.461,7538.0,8696.6,16,0.0173,21.75,None
2024-01-01 10:35:25,3696515,5167912,HTTP,226.4,4.851,3641.1,8853.4,9,0.0088,11.04,None
2024-01-01 10:35:30,9400094,3069440,TCP,257.5,0.789,3898.3,9211.4,9,0.0048,0.68,None
2024-01-01 10:35:35,4450462,2061043,DNS,189.8,0.341,1695.4,8237.2,9,0.0082,16.86,None
2024-01-01 10:35:40,1383176,7590129,HTTP,66.5,2.467,4915.7,1990.5,8,0.019,19.94,None
2024-01-01 10:35:45,7041404,8754355,DNS,180.8,1.55,6996.5,844.5,10,0.0025,5.39,None
2024-01-01 10:35:50,6441578,4443222,TCP,253.8,3.856,3154.2,3159.7,8,0.0013,7.63,None
2024-01-01 10:35:55,4464535,1609596,TCP,96.9,0.169,35999.1,4764.2,12,0.0087,16.68,None
2024-01-01 10:36:00,5563069,4475916,TCP,240.5,3.712,624.1,2493.8,7,0.0085,13.77,None
2024-01-01 10:36:05,5816706,3259569,DNS,211.1,0.694,3508.6,7664.3,7,0.0035,21.36,None
2024-01-01 10:36:10,1044458,7526642,DNS,374.7,2.128,921.2,24103.4,14,0.0057,11.46,None
2024-01-01 10:36:15,9080778,8423332,HTTP,120.4,0.082,7185.7,16748.0,6,0.0009,16.14,None
2024-01-01 10:36:20,7717828,2655011,UDP,85.7,1.881,613.1,12917.4,7,0.0014,6.52,None
2024-01-01 10:36:25,6583041,2822732,UDP,123.9,2.527,785.3,21705.3,10,0.0176,22.31,None
2024-01-01 10:36:30,7707765,7401800,UDP,304.2,0.92,1582.6,3214.3,8,0.0062,8.88,None
2024-01-01 10:36:35,5712843,9647269,TCP,59.5,0.485,3888.7,5131.8,9,0.0011,12.95,None
2024-01-01 10:36:40,4083279,7372497,DNS,52.8,1.543,1643.4,14985.6,12,0.0327,14.8,None
2024-01-01 10:36:45,2276623,1789422,UDP,155.2,3.582,1660.0,5041.6,15,0.0024,6.1,None
2024-01-01 10:36:50,5776522,2875576,TCP,119.0,0.782,2487.7,5325.0,7,0.0038,7.6,None
2024-01-01 10:36:55,8733733,6444248,TCP,149.0,0.582,2339.7,52178.2,8,0.0359,12.06,None
2024-01-01 10:37:00,1153893,5256014,DNS,238.1,0.654,13193.1,8914.6,9,0.002,6.5,None
2024-01-01 10:37:05,6850973,3308148,HTTP,112.6,5.957,5918.9,47269.8,2,0.0346,3.12,None
2024-01-01 10:37:10,1082409,7924710,UDP,58.2,0.89,2154.7,1308.6,9,0.0128,20.08,None
2024-01-01 10:37:15,4737762,1476789,DNS,412.5,0.007,24270.4,4311.9,10,0.0056,7.79,None
2024-01-01 10:37:20,1314900,4939021,TCP,90.1,3.044,4874.0,12195.4,10,0.009,9.98,None
2024-01-01 10:37:25,9148853,9710086,HTTP,87.4,2.403,1131.2,8899.3,12,0.0071,13.13,None
2024-01-01 10:37:30,9505943,3410967,UDP,257.7,0.275,3852.6,1037.4,8,0.0163,20.22,None
2024-01-01 10:37:35,2959359,6610609,DNS,122.5,8.387,5092.4,6440.9,4,0.0006,3.37,None
2024-01-01 10:37:40,8973213,6984051,HTTP,143.8,1.873,1498.7,96087.8,7,0.0168,15.02,None
2024-01-01 10:37:45,5640888,5726470,DNS,188.9,1.389,1040.5,10372.5,13,0.0353,8.43,None
2024-01-01 10:37:50,6905740,8959328,UDP,255.1,0.963,3250.2,14830.4,11,0.0056,20.87,None
2024-01-01 10:37:55,6221659,6810021,DNS,125.6,4.579,2079.3,4255.9,9,0.0021,15.87,None
2024-01-01 10:38:00,2679633,4420437,DNS,317.3,0.559,13083.8,10334.9,13,0.0012,3.48,None
2024-01-01 10:38:05,1406561,4408721,HTTP,51.0,0.673,6255.1,8003.8,11,0.0043,7.13,None
2024-01-01 10:38:10,4396233,7972554,DNS,217.0,0.261,1570.6,24805.3,11,0.0014,0.87,None
2024-01-01 10:38:15,2920468,1661425,HTTP,97.5,2.847,4563.9,24028.6,16,0.0026,18.49,None
2024-01-01 10:38:20,7859705,9932953,UDP,294.8,1.81,10584.3,12179.6,10,0.0106,9.91,None
2024-01-01 10:38:25,9318909,4337829,TCP,159.3,1.878,739.7,8699.0,14,0.0054,1.17,None
2024-01-01 10:38:30,2030048,2024907,HTTP,106.0,0.493,1071.9,1511.6,10,0.0231,0.32,None
2024-01-01 10:38:35,6868951,4861286,UDP,206.7,2.106,2947.9,1459.8,12,0.0062,22.93,None
2024-01-01 10:38:40,7437030,6220684,DNS,232.0,2.9,3089.0,8794.8,9,0.0017,20.46,None
2024-01-01 10:38:45,4615082,7440563,DNS,204.6,0.886,2829.4,19431.2,8,0.0015,8.03,None
2024-01-01 10:38:50,8144662,2991860,HTTP,88.7,3.232,2184.7,30691.7,16,0.0118,12.4,None
2024-01-01 10:38:55,7900455,4014521,TCP,116.5,0.858,2151.5,3328.4,6,0.01,13.82,None
2024-01-01 10:39:00,9812169,3890775,HTTP,148.1,2.839,4377.6,1791.4,15,0.0123,12.37,None
2024-01-01 10:39:05,1097851,7454797,DNS,145.4,0.069,9264.5,20598.2,5,0.0041,7.39,None
2024-01-01 10:39:10,1989120,1192984,UDP,215.9,1.602,1842.8,3587.8,17,0.0247,9.37,None
2024-01-01 10:39:15,5069633,3912419,HTTP,54.2,6.982,34146.0,1673.9,10,0.0012,4.35,None
2024-01-01 10:39:20,5019841,8497614,HTTP,175.4,7.953,21177.4,4945.9,9,0.0003,0.8,None
2024-01-01 10:39:25,5939357,1125574,DNS,128.4,0.662,11262.7,4860.5,9,0.0136,3.71,None
2024-01-01 10:39:30,9642703,7581776,HTTP,97.6,1.165,5555.2,30338.4,7,0.0113,0.31,None
2024-01-01 10:39:35,1836734,8455566,UDP,102.4,0.13,22203.1,19257.1,14,0.0068,10.39,None
2024-01-01 10:39:40,9523347,4256771,UDP,133.3,4.133,2230.3,3876.2,4,0.0004,15.86,None
2024-01-01 10:39:45,1255877,2423407,UDP,24.5,1.681,1296.5,32792.5,10,0.0012,4.34,None
2024-01-01 10:39:50,8338028,5680868,DNS,104.5,0.973,1761.7,9182.2,10,0.0022,12.81,None
2024-01-01 10:39:55,5852695,2362057,DNS,95.8,0.239,1093.4,23408.1,16,0.0102,7.8,None
2024-01-01 10:40:00,7645097,9376274,HTTP,193.7,5.866,3367.1,30551.8,9,0.0109,2.88,None
2024-01-01 10:40:05,7575373,8273503,UDP,99.2,1.511,4023.2,6231.7,11,0.0113,3.06,None
2024-01-01 10:40:10,5399095,2091366,TCP,133.3,0.665,3644.0,14347.3,13,0.0162,14.83,None
2024-01-01 10:40:15,8930906,1594039,UDP,320.9,0.862,2944.1,5395.1,9,0.0003,2.82,None
2024-01-01 10:40:20,5648140,2606598,HTTP,244.0,0.631,3405.5,20539.4,7,0.0103,13.28,None
2024-01-01 10:40:25,4026047,7810403,UDP,233.0,1.842,16921.2,8868.6,9,0.0029,4.57,None
2024-01-01 10:40:30,2297672,1388812,TCP,115.6,5.317,5541.7,21169.6,3,0.0085,20.79,None
2024-01-01 10:40:35,2261444,5634772,HTTP,194.7,3.886,7498.9,37225.8,18,0.0134,1.2,None
2024-01-01 10:40:40,3489755,4125912,DNS,132.0,1.234,3607.6,14005.9,10,0.0127,9.29,None
2024-01-01 10:40:45,2703773,1065676,DNS,134.6,3.503,592.5,7380.1,12,0.0034,18.28,None
2024-01-01 10:40:50,4011208,9763088,DNS,182.2,1.1,486.0,7503.9,6,0.0044,17.98,None
2024-01-01 10:40:55,4982425,5868121,TCP,110.1,0.582,23928.1,421.1,15,0.0249,3.47,None
2024-01-01 10:41:00,5213699,1364427,UDP,313.1,8.199,1751.4,3972.7,19,0.0189,4.72,None
2024-01-01 10:41:05,5364961,6484518,HTTP,137.0,0.724,1608.8,20590.3,10,0.003,13.11,None
2024-01-01 10:41:10,8447004,2793290,DNS,202.2,0.782,3811.1,21372.9,6,0.0088,16.42,None
2024-01-01 10:41:15,1859346,1691572,UDP,307.3,9.15,5168.8,3887.2,15,0.0011,18.05,None
2024-01-01 10:41:20,7493548,2691518,TCP,248.6,0.288,5865.6,9552.7,7,0.0106,14.89,None
2024-01-01 10:41:25,2054797,4699580,UDP,73.4,2.859,17578.3,6705.8,11,0.0097,18.79,None
2024-01-01 10:41:30,5594936,6878963,HTTP,185.4,5.492,13369.6,16148.8,10,0.0031,10.56,None
2024-01-01 10:41:35,3696297,4399886,DNS,227.1,1.434,1324.9,73763.2,6,0.0055,13.45,None
2024-01-01 10:41:40,1619812,4661291,TCP,231.8,0.005,7853.7,16456.4,12,0.0152,10.4,None
2024-01-01 10:41:45,4466683,6717827,DNS,85.1,0.94,2030.2,4145.7,12,0.0029,18.26,None
2024-01-01 10:41:50,5998843,4757240,UDP,106.9,0.237,2598.0,7491.9,12,0.0146,4.2,None
2024-01-01 10:41:55,6914682,7618874,UDP,244.0,1.076,998.3,32923.0,8,0.0038,6.06,None
2024-01-01 10:42:00,7345554,7796281,HTTP,101.4,3.122,548.4,1980.9,9,0.0183,20.08,None
2024-01-01 10:42:05,9089213,8253392,UDP,127.8,1.155,2888.3,4380.6,10,0.0003,17.15,None
2024-01-01 10:42:10,7612775,9454850,HTTP,326.3,1.131,1146.0,16481.0,7,0.003,17.64,None
2024-01-01 10:42:15,1225392,8210635,HTTP,144.9,1.627,7538.8,29564.5,13,0.002,2.38,None
2024-01-01 10:42:20,3755235,7219706,HTTP,103.2,1.743,2250.5,14897.8,12,0.0221,11.63,None
2024-01-01 10:42:25,5460220,7138789,HTTP,95.7,3.88,4058.6,4417.4,13,0.0056,13.54,None
2024-01-01 10:42:30,9606213,3856330,DNS,175.3,0.737,11702.1,13856.9,10,0.0079,18.72,None
2024-01-01 10:42:35,2706478,4198691,UDP,76.2,3.448,675.0,12262.4,9,0.0028,10.13,None
2024-01-01 10:42:40,1478761,7259245,DNS,131.1,1.669,1444.3,11508.3,9,0.0014,12.98,None
2024-01-01 10:42:45,9990142,6560641,UDP,175.3,0.715,3572.0,7353.5,15,0.0091,5.72,None
2024-01-01 10:42:50,2301866,6487150,HTTP,284.2,0.699,4074.6,8544.1,6,0.0033,19.97,None
2024-01-01 10:42:55,5488151,7117793,TCP,207.2,0.896,8986.7,3269.9,12,0.0264,21.93,None
2024-01-01 10:43:00,4842652,6465309,TCP,103.9,1.949,7095.1,96780.8,2,0.0065,11.14,None
2024-01-01 10:43:05,6745110,9655634,UDP,267.5,0.525,3284.4,9480.6,15,0.0015,10.49,None
2024-01-01 10:43:10,8648546,5212755,DNS,127.8,5.06,4037.6,14023.8,7,0.0002,7.88,None
2024-01-01 10:43:15,5666873,4155713,UDP,80.0,1.711,4150.9,6516.5,10,0.0026,6.4,None
2024-01-01 10:43:20,2325473,5684062,DNS,136.2,5.052,685.6,18869.7,10,0.0039,13.28,None
2024-01-01 10:43:25,1465220,1649509,UDP,304.6,0.095,2549.4,2211.8,10,0.0023,4.05,None
2024-01-01 10:43:30,7207818,9098328,DNS,161.2,0.839,3821.8,1414.3,12,0.0046,14.14,None
2024-01-01 10:43:35,2906295,1620480,UDP,149.3,0.046,4715.2,7859.9,18,0.0211,13.47,None
2024-01-01 10:43:40,3051688,2088911,UDP,336.5,0.636,1182.8,63199.7,11,0.0005,16.66,None
2024-01-01 10:43:45,9095790,5919763,UDP,72.6,3.961,838.2,27128.0,8,0.0162,5.42,None
2024-01-01 10:43:50,2542967,5918274,DNS,78.0,0.075,2357.8,3610.3,8,0.0055,16.85,None
2024-01-01 10:43:55,3503333,1934902,HTTP,66.2,1.146,21319.3,13576.4,7,0.0237,0.41,None
2024-01-01 10:44:00,9406811,2379440,DNS,178.8,0.25,1313.9,4289.9,11,0.011,12.83,None
2024-01-01 10:44:05,1969344,8106636,TCP,161.3,1.079,9642.4,12412.0,12,0.0018,20.26,None
2024-01-01 10:44:10,3878068,2165614,DNS,321.0,3.651,14541.2,13418.6,8,0.0321,17.47,None
2024-01-01 10:44:15,4356876,3371477,HTTP,167.6,1.951,3119.6,20465.2,8,0.0017,20.42,None
2024-01-01 10:44:20,3659176,2467678,UDP,121.3,2.669,1510.4,1693.1,10,0.0041,3.56,None
2024-01-01 10:44:25,7419165,6186408,HTTP,148.5,0.859,4978.2,2285.7,11,0.0385,17.25,None
2024-01-01 10:44:30,6536656,3153501,HTTP,157.4,5.779,3622.8,7513.3,7,0.0024,11.26,None
2024-01-01 10:44:35,7950042,8403160,TCP,64.3,2.471,1262.6,2885.9,11,0.01,7.76,None
2024-01-01 10:44:40,9655834,4642946,HTTP,575.5,1.096,1542.6,2671.2,10,0.0379,8.54,None
2024-01-01 10:44:45,6309739,3661346,HTTP,192.5,1.112,4691.8,10634.5,5,0.0117,2.45,None
2024-01-01 10:44:50,2027496,3004930,DNS,164.8,5.019,7581.3,3242.1,11,0.0109,16.73,None
2024-01-01 10:44:55,3142696,9526427,DNS,201.9,1.718,2158.6,77470.8,8,0.0097,15.17,None
2024-01-01 10:45:00,9998816,1970826,DNS,211.6,2.451,2781.8,4754.4,8,0.0081,3.66,None
2024-01-01 10:45:05,3350208,4860240,UDP,138.3,1.079,5817.6,6184.3,12,0.0298,13.06,None
2024-01-01 10:45:10,3007431,5061112,TCP,108.2,0.506,2508.7,10911.2,9,0.0078,3.11,None
2024-01-01 10:45:15,4694905,3515552,TCP,200.3,2.572,2209.8,1793.7,12,0.0109,7.52,None
2024-01-01 10:45:20,2117755,6320770,UDP,180.0,1.872,1400.6,13473.8,13,0.0134,1.06,None
2024-01-01 10:45:25,6223453,6685395,TCP,99.0,1.392,1376.5,11401.1,6,0.0075,14.91,None
2024-01-01 10:45:30,3484275,2582055,UDP,301.7,1.956,42996.9,5714.1,14,0.0219,0.3,None
2024-01-01 10:45:35,2398523,5209694,DNS,171.9,0.467,2449.9,10656.5,12,0.0002,6.26,None
2024-01-01 10:45:40,4930839,3271662,UDP,213.8,3.159,11673.3,12435.2,9,0.005,6.4,None
2024-01-01 10:45:45,6379135,9069410,DNS,297.7,5.919,16058.5,34036.6,8,0.0096,17.96,None
2024-01-01 10:45:50,7338152,7765211,DNS,150.0,4.435,2481.0,98741.6,7,0.0002,10.82,None
2024-01-01 10:45:55,7940995,8537221,TCP,173.9,0.776,4308.9,2803.1,15,0.0276,13.76,None
2024-01-01 10:46:00,3329251,1421558,TCP,222.5,1.042,3302.6,2214.2,13,0.0175,5.98,None
2024-01-01 10:46:05,8954433,5798900,UDP,103.3,3.305,594.6,8980.0,10,0.0025,13.14,None
2024-01-01 10:46:10,3044254,7040731,DNS,152.5,1.808,631.5,1013.4,11,0.004,3.58,None
2024-01-01 10:46:15,3101434,3548387,HTTP,158.0,1.588,3130.2,15512.7,7,0.0113,23.82,None
2024-01-01 10:46:20,9147977,5959715,HTTP,92.0,5.225,1949.0,9073.2,11,0.0042,12.41,None
2024-01-01 10:46:25,4709302,3693808,DNS,472.9,1.536,19763.3,11699.3,8,0.0194,21.11,None
2024-01-01 10:46:30,2115405,5696166,DNS,73.4,1.447,2353.0,5981.5,8,0.0029,2.54,None
2024-01-01 10:46:35,1957441,7657816,TCP,77.6,0.086,20971.7,10456.9,11,0.0171,14.17,None
2024-01-01 10:46:40,5770621,6817590,DNS,286.3,0.144,1851.2,12994.0,16,0.0062,16.11,None
2024-01-01 10:46:45,5258874,5578564,HTTP,212.0,0.015,20175.0,9897.4,11,0.006,18.93,None
2024-01-01 10:46:50,6434897,3642581,HTTP,88.9,4.889,4946.4,2111.0,13,0.0018,11.66,None
2024-01-01 10:46:55,4937672,2909757,DNS,201.1,1.05,5235.9,9623.9,7,0.041,0.87,None
2024-01-01 10:47:00,3151775,1216064,TCP,309.2,1.264,1786.9,51738.9,11,0.0042,6.27,None
2024-01-01 10:47:05,7247418,7763044,UDP,146.2,3.734,5307.7,10310.2,7,0.0023,6.73,None
2024-01-01 10:47:10,6271136,2817894,HTTP,544.3,1.879,16199.1,9293.4,17,0.0003,7.64,None
2024-01-01 10:47:15,4642859,9571357,HTTP,62.7,1.881,2579.0,38562.6,10,0.0068,2.21,None
2024-01-01 10:47:20,5873617,9770014,UDP,210.0,0.703,2123.0,3844.4,15,0.0003,0.02,None
2024-01-01 10:47:25,2844686,6866839,UDP,265.9,3.59,2329.1,19725.7,14,0.0061,12.47,None
2024-01-01 10:47:30,6273300,7771119,UDP,231.8,0.363,15064.7,4768.8,11,0.0233,17.68,None
2024-01-01 10:47:35,1581871,5359119,TCP,134.0,0.109,7011.8,24018.6,10,0.0069,5.52,None
2024-01-01 10:47:40,7672101,7414433,TCP,128.4,0.425,12678.7,17998.6,7,0.0004,16.65,None
2024-01-01 10:47:45,3899718,8399941,TCP,185.3,0.623,4079.1,5365.4,15,0.0031,17.55,None
2024-01-01 10:47:50,8346261,8230110,DNS,223.2,0.663,3100.5,6210.8,13,0.0005,9.87,None
2024-01-01 10:47:55,1552671,6065598,HTTP,200.6,2.22,4554.8,21543.1,10,0.0214,12.6,None
2024-01-01 10:48:00,2531966,1556260,DNS,249.6,0.491,8692.0,1267.2,8,0.0027,7.54,None
2024-01-01 10:48:05,9865996,8208565,TCP,89.2,2.258,2328.3,5208.6,10,0.0007,9.01,None
2024-01-01 10:48:10,8108764,2606209,UDP,132.4,0.191,11715.6,15069.3,7,0.0334,14.14,None
2024-01-01 10:48:15,6100139,5378985,UDP,92.8,0.318,4297.7,5954.4,10,0.0067,8.69,None
2024-01-01 10:48:20,4634559,7848333,TCP,122.4,1.422,268.7,9273.0,12,0.0052,12.03,None
2024-01-01 10:48:25,9214081,1310653,HTTP,246.6,5.099,7211.9,1052.4,13,0.0262,17.85,None
2024-01-01 10:48:30,7848924,6590250,DNS,156.6,3.926,835.2,3447.9,6,0.0076,23.15,None
2024-01-01 10:48:35,5961415,8167873,UDP,546.4,6.932,7038.7,15985.7,12,0.0033,21.39,None
2024-01-01 10:48:40,7226124,2137589,UDP,163.5,2.102,7343.1,3823.8,17,0.0157,21.95,None
2024-01-01 10:48:45,1424081,7835549,DNS,152.9,2.253,4146.0,2202.9,10,0.0032,21.87,None
2024-01-01 10:48:50,3619281,6077601,DNS,156.5,1.962,5134.2,23426.2,16,0.0058,5.8,None
2024-01-01 10:48:55,6462263,4066123,DNS,107.9,1.95,8945.2,13570.9,10,0.0163,22.71,None
2024-01-01 10:49:00,4191662,7438233,UDP,144.2,0.318,1816.0,2728.4,15,0.0268,5.34,None
2024-01-01 10:49:05,5084221,9831043,HTTP,260.8,1.569,6590.8,9306.8,10,0.0093,20.74,None
2024-01-01 10:49:10,8107119,4322131,DNS,157.1,0.976,9537.8,2818.8,10,0.007,13.95,None
2024-01-01 10:49:15,4496711,2116734,TCP,99.8,1.169,17328.1,6957.3,9,0.0008,20.13,None
2024-01-01 10:49:20,4892754,1346120,HTTP,93.5,1.483,986.6,9662.3,5,0.0096,23.57,None
2024-01-01 10:49:25,1400254,8747484,DNS,118.5,0.275,4485.1,3610.1,12,0.004,21.02,None
2024-01-01 10:49:30,4378807,5541010,UDP,154.0,0.891,1139.7,17023.2,14,0.0072,19.6,None
2024-01-01 10:49:35,9244494,1943392,HTTP,269.6,0.131,1092.3,19877.7,10,0.0136,4.96,None
2024-01-01 10:49:40,6851656,4184819,DNS,75.9,7.791,4268.5,10546.7,12,0.0102,20.64,None
2024-01-01 10:49:45,4965609,6744503,TCP,126.5,0.252,3221.0,12258.6,10,0.001,3.98,None
2024-01-01 10:49:50,3476803,2418363,DNS,159.5,0.598,9367.5,1895.4,9,0.0051,12.31,None
2024-01-01 10:49:55,1620789,5509983,HTTP,59.3,4.438,2108.7,31640.3,13,0.0022,12.06,None
2024-01-01 10:50:00,5432120,2982910,TCP,97.8,1.318,2607.0,7395.9,11,0.0016,12.45,None
2024-01-01 10:50:05,9263876,5592298,DNS,105.6,0.292,3683.1,3180.3,7,0.0025,17.36,None
2024-01-01 10:50:10,5343686,9301713,TCP,99.7,0.97,1259.1,9375.3,7,0.0253,9.5,None
2024-01-01 10:50:15,5599345,1106776,DNS,163.4,0.246,1446.5,17076.7,10,0.0125,10.96,None
2024-01-01 10:50:20,2591234,7667590,UDP,137.0,0.447,9100.6,13525.7,5,0.0239,15.82,None
2024-01-01 10:50:25,3470784,1694789,TCP,112.4,0.107,1721.7,2738.9,12,0.0071,16.38,None
2024-01-01 10:50:30,1031213,4610037,TCP,183.8,1.153,9725.2,17285.8,11,0.0,10.5,None
2024-01-01 10:50:35,4568289,9923681,UDP,351.3,3.286,5471.5,7626.2,15,0.0004,1.25,None
2024-01-01 10:50:40,3625507,9247965,HTTP,336.8,1.764,634.3,13375.8,9,0.0016,6.22,None
2024-01-01 10:50:45,9763844,7308380,UDP,56.7,1.865,5066.4,3635.3,9,0.0152,22.66,None
2024-01-01 10:50:50,7052584,4869390,DNS,198.1,0.448,5026.5,23061.3,10,0.0023,22.26,None
2024-01-01 10:50:55,2183601,8182902,TCP,135.8,0.843,4550.2,9727.5,12,0.0011,15.59,None
2024-01-01 10:51:00,7761046,3159792,DNS,160.4,3.732,2586.7,26604.2,13,0.0197,4.45,None
2024-01-01 10:51:05,7433920,7543317,TCP,121.6,0.184,1164.4,1746.1,16,0.0026,2.3,None
2024-01-01 10:51:10,9944034,5946433,UDP,157.4,3.903,11455.4,1995.4,12,0.007,22.79,None
2024-01-01 10:51:15,5406588,9165657,HTTP,160.1,1.322,2693.0,6373.9,12,0.0041,20.96,None
2024-01-01 10:51:20,2028498,8415562,TCP,111.1,3.63,1232.2,35158.6,11,0.0227,9.55,None
2024-01-01 10:51:25,6052213,7859447,DNS,94.8,0.765,4710.1,57688.4,11,0.0122,15.11,None
2024-01-01 10:51:30,7401086,8908211,DNS,118.6,0.828,1418.3,3332.8,9,0.006,21.94,None
2024-01-01 10:51:35,5321501,2836783,DNS,166.9,2.785,1153.9,8544.5,6,0.0199,3.32,None
2024-01-01 10:51:40,2019369,8775426,HTTP,200.2,3.074,2047.8,9463.1,13,0.013,15.27,None
2024-01-01 10:51:45,8322206,1236319,TCP,227.4,0.522,1532.4,16616.6,9,0.0165,22.07,None
2024-01-01 10:51:50,5618619,5809770,UDP,115.9,7.214,1197.2,19632.9,11,0.038,20.08,None
2024-01-01 10:51:55,7535437,5278675,HTTP,171.0,0.177,6676.9,2658.7,11,0.0023,6.89,None
2024-01-01 10:52:00,2194511,9011049,HTTP,240.1,0.142,2660.2,8643.8,5,0.0023,22.85,None
2024-01-01 10:52:05,4869304,5784102,HTTP,265.8,1.81,10428.3,1087.3,10,0.0081,4.88,None
2024-01-01 10:52:10,3801211,5798898,UDP,144.1,2.566,1268.4,18229.4,12,0.0076,5.01,None
2024-01-01 10:52:15,9215964,7558870,DNS,132.9,6.483,529.8,5775.5,10,0.0203,2.32,None
2024-01-01 10:52:20,3715494,4560341,TCP,163.3,1.038,3459.1,2427.5,5,0.0017,2.83,None
2024-01-01 10:52:25,3161257,8683440,TCP,83.5,0.051,19072.0,11299.9,9,0.0055,18.28,None
2024-01-01 10:52:30,9236370,1090260,UDP,134.7,1.847,5069.4,5597.8,6,0.0075,6.62,None
2024-01-01 10:52:35,8200980,8141540,DNS,215.4,0.684,74263.5,28608.6,10,0.0062,20.86,None
2024-01-01 10:52:40,3566240,9651394,UDP,204.6,1.135,4155.0,3319.0,11,0.0007,20.58,None
2024-01-01 10:52:45,9294237,7455481,UDP,129.7,1.341,3772.7,74828.6,7,0.0016,2.8,None
2024-01-01 10:52:50,9389133,6676547,HTTP,165.5,0.133,345.4,19044.9,11,0.0017,12.78,None
2024-01-01 10:52:55,8379870,8387629,HTTP,98.3,1.331,4573.1,29369.0,9,0.0091,17.75,None
2024-01-01 10:53:00,5005849,5503323,UDP,211.0,1.111,3528.6,2896.2,8,0.0056,16.38,None
2024-01-01 10:53:05,7023697,8913427,DNS,142.7,2.493,1983.4,48458.3,16,0.002,2.49,None
2024-01-01 10:53:10,6838820,8372974,DNS,129.3,2.075,2599.9,2410.2,7,0.0133,7.72,None
2024-01-01 10:53:15,2418761,9711941,TCP,123.9,0.41,2784.7,6569.5,14,0.0162,14.69,None
2024-01-01 10:53:20,7274404,5061768,DNS,143.8,0.462,2490.1,29871.4,8,0.0024,14.02,None
2024-01-01 10:53:25,2606270,8058974,HTTP,118.6,0.578,24093.9,13450.5,15,0.0128,19.54,None
2024-01-01 10:53:30,9454329,8698937,HTTP,206.2,0.394,2057.3,2346.9,11,0.0007,1.35,None
2024-01-01 10:53:35,6335611,1264899,HTTP,121.8,2.141,3530.9,25220.4,12,0.0194,11.53,None
2024-01-01 10:53:40,5951528,1390274,DNS,329.1,10.381,1990.4,11383.9,7,0.0329,20.37,None
2024-01-01 10:53:45,2866499,4395034,DNS,308.8,2.112,6525.2,5344.4,6,0.0017,23.85,None
2024-01-01 10:53:50,4864041,3157433,TCP,95.0,1.866,3557.3,1733.7,15,0.0154,3.08,None
2024-01-01 10:53:55,3422123,1621289,HTTP,153.7,1.055,2253.2,12515.8,13,0.001,15.5,None
2024-01-01 10:54:00,7927783,6906691,HTTP,107.2,0.75,434.4,6881.4,11,0.0325,0.03,None
2024-01-01 10:54:05,1144065,3926568,UDP,126.0,4.84,3802.1,9474.0,11,0.006,8.39,None
2024-01-01 10:54:10,2881690,5724265,TCP,403.9,6.948,2187.3,1660.4,10,0.0077,10.67,None
2024-01-01 10:54:15,1822236,2554243,DNS,127.3,1.373,2805.3,5331.3,11,0.0144,8.3,None
2024-01-01 10:54:20,3301701,5087417,DNS,177.7,0.686,913.7,13099.2,12,0.0029,14.99,None
2024-01-01 10:54:25,1282059,8417000,DNS,194.5,2.94,12497.5,52916.2,9,0.0051,0.37,None
2024-01-01 10:54:30,3563432,9375985,DNS,90.0,0.284,7021.6,6599.3,13,0.0007,21.8,None
2024-01-01 10:54:35,7428615,4418579,TCP,96.8,2.901,12465.3,34313.7,11,0.0095,7.64,None
2024-01-01 10:54:40,6165392,1035102,DNS,81.2,3.418,9386.0,17807.0,10,0.0161,3.61,None
2024-01-01 10:54:45,3375323,5107505,TCP,95.3,0.267,5390.1,10237.2,12,0.0191,10.4,None
2024-01-01 10:54:50,8153129,1465541,DNS,35.7,7.533,951.2,2944.4,12,0.0077,12.34,None
2024-01-01 10:54:55,1606691,6117225,DNS,194.9,8.469,18833.4,3070.3,12,0.0145,1.25,None
2024-01-01 10:55:00,9775482,8780259,UDP,414.5,5.52,1178.9,15026.1,14,0.0016,19.18,None
2024-01-01 10:55:05,5915897,9422746,UDP,159.8,1.37,2279.2,4786.3,6,0.0136,17.7,None
2024-01-01 10:55:10,1147809,2880433,DNS,73.1,0.565,6044.5,4379.3,12,0.0,12.28,None
2024-01-01 10:55:15,2002434,8304561,TCP,107.6,1.745,6352.1,6764.1,7,0.0022,4.46,None
2024-01-01 10:55:20,2937720,5213196,TCP,118.0,1.089,5282.9,6878.6,10,0.0101,22.24,None
2024-01-01 10:55:25,6825014,8871494,HTTP,89.2,0.461,1997.6,19945.7,8,0.0039,19.06,None
2024-01-01 10:55:30,2818857,7316812,TCP,228.2,1.102,1624.7,4887.8,9,0.0053,5.61,None
2024-01-01 10:55:35,1712550,3863488,TCP,222.5,2.181,37591.5,18056.1,8,0.0175,17.66,None
2024-01-01 10:55:40,3351478,8957407,DNS,83.3,0.147,2866.0,12578.0,12,0.0085,2.43,None
2024-01-01 10:55:45,3975244,1349362,DNS,213.3,0.811,2535.7,1519.3,4,0.0051,2.84,None
2024-01-01 10:55:50,6725368,5064211,DNS,318.4,0.036,1460.4,10878.1,13,0.0063,10.67,None
2024-01-01 10:55:55,5664681,1661919,UDP,384.2,2.769,3807.3,562.4,4,0.0189,16.84,None
2024-01-01 10:56:00,2913668,7231498,HTTP,621.8,2.047,3633.8,3310.2,8,0.0066,22.02,None
2024-01-01 10:56:05,2182276,6868883,TCP,94.5,0.129,2933.0,12875.4,7,0.0208,23.3,None
2024-01-01 10:56:10,7040161,7781804,DNS,609.2,6.69,4366.5,8017.3,11,0.0028,16.61,None
2024-01-01 10:56:15,5309629,5828315,DNS,124.3,0.046,17388.0,1383.1,8,0.0076,18.8,None
2024-01-01 10:56:20,5629040,8509342,HTTP,110.4,1.783,1644.1,2646.1,14,0.0046,12.25,None
2024-01-01 10:56:25,7606973,5516035,DNS,174.8,2.996,3112.2,596.5,9,0.0089,1.34,None
2024-01-01 10:56:30,2601802,8595093,HTTP,110.9,3.101,1559.5,2116.3,10,0.0086,3.01,None
2024-01-01 10:56:35,6735413,6871269,HTTP,181.2,0.07,4002.6,14458.9,12,0.0085,23.3,None
2024-01-01 10:56:40,6629413,5853849,DNS,76.7,4.738,1688.4,4640.5,8,0.0075,9.43,None
2024-01-01 10:56:45,9577679,3928885,HTTP,131.7,5.013,1762.6,9604.1,8,0.0061,18.52,None
2024-01-01 10:56:50,9406545,8251726,TCP,282.2,1.648,692.6,8214.4,4,0.0241,5.29,None
2024-01-01 10:56:55,2874117,7767342,DNS,144.2,1.316,3287.2,8371.5,10,0.0031,12.79,None
2024-01-01 10:57:00,1362866,2312026,TCP,159.3,0.092,4581.4,22541.9,14,0.0057,3.66,None
2024-01-01 10:57:05,8206449,4959608,TCP,188.2,1.651,19158.0,6615.0,12,0.0024,19.41,None
2024-01-01 10:57:10,9488703,7944765,DNS,266.5,1.053,4767.1,20144.1,14,0.004,4.03,None
2024-01-01 10:57:15,8354469,7264430,TCP,64.9,2.964,1901.3,680.4,8,0.0029,16.94,None
2024-01-01 10:57:20,9993671,4825878,DNS,198.8,1.035,765.3,24622.7,9,0.0111,3.62,None
2024-01-01 10:57:25,1180171,5242990,TCP,129.8,2.301,878.9,2230.4,12,0.0123,19.65,None
2024-01-01 10:57:30,6575748,1754156,HTTP,161.3,0.214,816.0,2771.3,5,0.0032,12.07,None
2024-01-01 10:57:35,9497754,7874916,DNS,252.1,0.285,19497.5,4005.3,11,0.0411,9.9,None
2024-01-01 10:57:40,1260603,5367143,HTTP,81.7,0.301,3975.1,23953.2,12,0.0033,8.08,None
2024-01-01 10:57:45,5531185,6996069,DNS,89.4,0.093,1664.1,3329.9,9,0.0176,16.51,None
2024-01-01 10:57:50,6748910,9027011,DNS,56.4,1.559,1141.5,4205.3,15,0.0035,2.11,None
2024-01-01 10:57:55,4948734,3083055,TCP,112.8,3.159,1266.3,3097.4,13,0.0053,20.55,None
2024-01-01 10:58:00,7363556,3091621,UDP,288.7,1.885,1620.8,10460.8,12,0.0109,18.27,None
2024-01-01 10:58:05,2448146,3605908,TCP,139.7,1.711,11117.3,17044.9,8,0.0082,8.95,None
2024-01-01 10:58:10,8470906,2003794,TCP,75.9,2.283,2893.0,44548.1,9,0.0071,23.46,None
2024-01-01 10:58:15,2179641,8247307,UDP,116.4,0.83,701.0,89305.4,11,0.0158,19.97,None
2024-01-01 10:58:20,7010655,8802103,HTTP,70.5,0.899,30045.2,15524.6,9,0.0123,6.5,None
2024-01-01 10:58:25,8010626,3737151,TCP,84.6,0.755,953.2,11680.2,18,0.0246,21.31,None
2024-01-01 10:58:30,3574089,8955876,DNS,180.3,2.49,1651.0,2398.6,11,0.0026,2.38,None
2024-01-01 10:58:35,5417412,1607811,UDP,82.5,0.353,11049.5,54682.7,9,0.0002,16.55,None
2024-01-01 10:58:40,3870991,5934119,DNS,258.9,0.026,4515.0,10050.8,11,0.0886,3.15,None
2024-01-01 10:58:45,9074033,4178185,HTTP,143.2,1.814,1863.2,6068.9,11,0.0033,23.42,None
2024-01-01 10:58:50,1263037,3692209,DNS,154.9,5.708,870.1,11938.6,9,0.0004,1.19,None
2024-01-01 10:58:55,6111064,5054713,DNS,129.1,1.88,1133.8,4288.3,10,0.0028,5.59,None
2024-01-01 10:59:00,3465189,5855698,UDP,218.4,3.055,1204.1,782.4,10,0.011,12.72,None
2024-01-01 10:59:05,2032313,1474930,HTTP,219.5,2.234,3002.0,14354.3,10,0.0089,14.02,None
2024-01-01 10:59:10,4388860,9939240,UDP,175.5,1.376,3608.6,31022.7,4,0.0023,12.31,None
2024-01-01 10:59:15,6420351,7944284,HTTP,196.8,2.534,2569.2,14142.3,7,0.0021,17.76,None
2024-01-01 10:59:20,1396567,2813174,TCP,133.5,3.476,2866.3,8045.9,9,0.0059,0.04,None
2024-01-01 10:59:25,6071843,9922065,UDP,194.6,0.509,1042.4,8211.3,7,0.0001,13.53,None
2024-01-01 10:59:30,6653415,4812353,UDP,125.3,0.819,3996.3,9626.5,18,0.0,14.76,None
2024-01-01 10:59:35,4268730,3503784,TCP,148.6,0.506,10727.0,9336.2,9,0.0096,5.02,None
2024-01-01 10:59:40,4885224,5633316,UDP,129.4,1.204,2533.1,7625.8,14,0.0039,15.82,None
2024-01-01 10:59:45,3183281,4910618,DNS,118.1,4.327,2484.2,8311.1,9,0.0002,15.7,None
2024-01-01 10:59:50,6129316,7461560,TCP,105.2,0.847,3238.9,38369.3,10,0.0062,12.72,None
2024-01-01 10:59:55,1318248,2832711,DNS,187.5,0.938,9119.8,12994.4,10,0.0274,6.22,None
2024-01-01 11:00:00,9084653,2894933,UDP,285.8,3.937,1218.4,9001.5,13,0.0029,10.0,None
2024-01-01 11:00:05,9332426,6166551,UDP,266.5,1.449,12718.9,15665.7,14,0.0029,6.54,None
2024-01-01 11:00:10,8354418,6095147,UDP,79.2,1.533,4542.5,15666.8,13,0.0063,18.47,None
2024-01-01 11:00:15,5521006,8476130,HTTP,282.8,3.944,3067.7,20868.5,10,0.0016,14.85,None
2024-01-01 11:00:20,6917713,9772652,UDP,126.6,1.349,10029.0,3801.3,19,0.0102,3.63,None
2024-01-01 11:00:25,7373353,5614637,TCP,200.4,2.289,914.1,5011.4,8,0.0183,13.62,None
2024-01-01 11:00:30,3579879,5240642,HTTP,94.3,0.179,5024.3,3591.9,10,0.0022,21.68,None
2024-01-01 11:00:35,6333966,1204553,DNS,159.3,0.394,4583.9,17443.5,13,0.0108,19.99,None
2024-01-01 11:00:40,3228138,2431928,UDP,173.6,1.036,1169.7,16611.8,4,0.0219,21.39,None
2024-01-01 11:00:45,8285159,7164528,UDP,70.6,1.366,4725.1,2268.2,4,0.0233,22.01,None
2024-01-01 11:00:50,3361010,3282260,TCP,201.2,6.747,3957.3,11978.1,6,0.008,4.52,None
2024-01-01 11:00:55,9744324,5634421,HTTP,290.9,7.057,2493.0,31959.8,7,0.0017,17.27,None
2024-01-01 11:01:00,5343147,7230455,UDP,136.0,3.81,7064.4,6403.9,5,0.0108,15.46,None
2024-01-01 11:01:05,1652855,7607290,UDP,293.0,0.758,1682.9,11091.9,9,0.0133,0.8,None
2024-01-01 11:01:10,8110794,9910954,HTTP,135.0,6.65,3906.2,16822.7,10,0.014,18.68,None
2024-01-01 11:01:15,7282791,3706170,TCP,227.0,2.338,2613.2,2163.4,9,0.0272,4.97,None
2024-01-01 11:01:20,6382409,6774107,HTTP,48.9,0.998,1612.1,9433.2,10,0.0096,22.01,None
2024-01-01 11:01:25,5050532,7720468,TCP,497.4,2.419,4929.0,28915.0,16,0.0063,20.05,None
2024-01-01 11:01:30,6262492,3449038,UDP,313.5,0.033,2421.8,4477.4,12,0.007,18.45,None
2024-01-01 11:01:35,1296864,2766518,HTTP,128.7,0.316,683.3,18628.8,11,0.0039,16.72,None
2024-01-01 11:01:40,3855750,4495417,DNS,55.4,3.54,492.2,8326.2,5,0.0006,11.28,None
2024-01-01 11:01:45,9818198,4487930,HTTP,171.4,2.075,6562.0,4127.8,9,0.0126,19.15,None
2024-01-01 11:01:50,1347569,9113631,DNS,72.1,0.906,879.5,7357.6,10,0.0002,19.66,None
2024-01-01 11:01:55,4895159,4821611,DNS,185.4,1.389,3941.8,4788.0,9,0.0007,2.36,None
2024-01-01 11:02:00,4311194,9472642,HTTP,182.3,4.711,3149.4,3333.2,19,0.0041,7.95,None
2024-01-01 11:02:05,9428548,6252604,DNS,92.7,1.997,2062.1,6283.3,11,0.0267,7.6,None
2024-01-01 11:02:10,1913833,2590402,DNS,259.9,1.015,21092.4,8677.0,8,0.0066,2.99,None
2024-01-01 11:02:15,9041716,5390607,DNS,222.0,0.256,3567.7,6863.3,10,0.0024,23.42,None
2024-01-01 11:02:20,5861056,1224084,DNS,241.8,0.696,6346.3,6214.4,13,0.0227,14.01,None
2024-01-01 11:02:25,1306140,4733043,UDP,149.1,7.665,3963.2,10157.8,7,0.0085,14.16,None
2024-01-01 11:02:30,2069252,2104250,UDP,73.1,1.15,2364.8,13786.0,9,0.0046,9.18,None
2024-01-01 11:02:35,1161613,8198087,DNS,242.0,1.277,2924.6,2580.9,6,0.0126,18.45,None
2024-01-01 11:02:40,1746815,3984559,TCP,129.6,1.381,12817.2,6295.6,8,0.0058,11.42,None
2024-01-01 11:02:45,6728584,9806989,UDP,74.1,4.31,8849.4,1126.0,10,0.0131,17.81,None
2024-01-01 11:02:50,8418271,3071286,DNS,291.8,1.852,20993.9,6889.9,6,0.0025,21.07,None
2024-01-01 11:02:55,4905065,9278501,DNS,424.0,2.366,3720.6,9419.4,10,0.0016,15.77,None
2024-01-01 11:03:00,8746822,4057563,TCP,145.4,0.987,1240.2,14325.3,10,0.0062,14.96,None
2024-01-01 11:03:05,2782694,8878968,DNS,436.8,0.059,1918.9,9453.2,10,0.0039,18.89,None
2024-01-01 11:03:10,8409806,4119467,HTTP,155.3,5.347,908.9,14019.1,10,0.0093,12.07,None
2024-01-01 11:03:15,3336131,6252636,HTTP,122.7,5.957,6419.2,8649.2,14,0.0155,19.48,None
2024-01-01 11:03:20,7567734,6818489,HTTP,108.3,5.958,1659.2,4123.6,10,0.0232,2.22,None
2024-01-01 11:03:25,7638004,4873601,UDP,336.5,5.754,140.4,2654.6,9,0.0143,5.81,None
2024-01-01 11:03:30,2657812,7767336,DNS,100.5,3.377,35023.5,6229.2,8,0.0042,22.19,None
2024-01-01 11:03:35,6606053,5368771,DNS,214.4,2.308,1684.8,3765.8,11,0.013,4.11,None
2024-01-01 11:03:40,7372794,3962134,DNS,112.2,3.722,1674.7,7188.8,14,0.0075,10.87,None
2024-01-01 11:03:45,4930090,6855170,HTTP,117.9,1.835,15860.9,4954.9,15,0.0237,11.54,None
2024-01-01 11:03:50,5415600,9778507,DNS,248.4,0.289,890.5,12321.3,7,0.0123,10.02,None
2024-01-01 11:03:55,7379135,6532396,DNS,122.7,0.993,9289.2,8509.6,12,0.0016,20.81,None
2024-01-01 11:04:00,4441371,2900724,UDP,121.2,7.101,1656.7,12676.4,10,0.0008,17.99,None
2024-01-01 11:04:05,9630464,5630098,DNS,261.5,0.865,793.3,12611.8,15,0.0078,19.44,None
2024-01-01 11:04:10,6562535,2353370,TCP,329.9,4.047,16411.2,6770.5,11,0.0045,23.79,None
2024-01-01 11:04:15,7477706,1734779,TCP,204.9,0.196,7503.3,7198.8,7,0.0018,23.4,None
2024-01-01 11:04:20,2744965,4029250,DNS,107.0,0.813,7480.1,13381.2,12,0.016,21.41,None
2024-01-01 11:04:25,9540987,7271723,UDP,115.0,0.865,4305.5,93520.8,9,0.0047,13.58,None
2024-01-01 11:04:30,2839861,7585504,DNS,154.5,0.106,5426.8,3013.5,12,0.0009,7.23,None
2024-01-01 11:04:35,4984554,6092953,HTTP,174.2,0.254,869.4,8448.6,10,0.003,17.37,None
2024-01-01 11:04:40,2209384,2854237,TCP,90.6,0.429,3332.9,2451.1,11,0.0113,22.78,None
2024-01-01 11:04:45,1110371,7098595,HTTP,213.0,3.638,1177.6,7935.4,16,0.0104,23.77,None
2024-01-01 11:04:50,4045527,2393470,TCP,154.9,0.131,743.3,4129.6,7,0.003,14.72,None
2024-01-01 11:04:55,5122102,9549491,HTTP,62.9,0.71,4496.0,7187.5,14,0.0042,16.82,None
2024-01-01 11:05:00,7197869,3427305,UDP,93.3,0.02,9491.5,9464.6,9,0.0005,6.69,None
2024-01-01 11:05:05,1128125,2544572,DNS,115.3,2.379,2031.7,4967.2,9,0.0306,4.84,None
2024-01-01 11:05:10,7300457,9586678,UDP,143.1,1.937,2411.5,1361.4,3,0.004,15.33,None
2024-01-01 11:05:15,5011392,1898892,HTTP,381.7,2.071,955.1,33709.5,11,0.0265,5.4,None
2024-01-01 11:05:20,3125017,7966410,DNS,167.2,0.938,3002.5,18756.2,9,0.0168,9.49,None
2024-01-01 11:05:25,8135315,2097945,TCP,97.5,0.467,6374.6,7111.3,13,0.0041,11.82,None
2024-01-01 11:05:30,3408143,9709029,TCP,165.7,2.548,6578.3,3311.9,9,0.0118,22.38,None
2024-01-01 11:05:35,8080415,4322336,UDP,124.5,3.333,5141.9,8822.2,10,0.0064,23.46,None
2024-01-01 11:05:40,2148936,1067548,TCP,174.6,0.298,1606.1,11625.9,9,0.0376,5.93,None
2024-01-01 11:05:45,9436378,5340064,HTTP,198.4,1.334,1556.0,17501.0,13,0.0102,3.17,None
2024-01-01 11:05:50,4054064,7758351,UDP,271.7,0.572,6603.8,19191.5,12,0.0073,5.4,None
2024-01-01 11:05:55,5663295,3700935,HTTP,146.6,0.368,6714.3,23171.5,10,0.0102,12.45,None
2024-01-01 11:06:00,7539001,9546087,UDP,336.8,2.651,2509.9,1421.0,19,0.0025,18.79,None
2024-01-01 11:06:05,4557806,5187124,HTTP,233.7,1.545,1946.6,5975.1,8,0.0037,12.53,None
2024-01-01 11:06:10,1581076,2613190,UDP,104.2,0.487,9578.2,21875.0,2,0.0125,22.4,None
2024-01-01 11:06:15,4677860,9636212,TCP,448.1,0.742,2079.9,3217.5,11,0.0009,15.3,None
2024-01-01 11:06:20,9272617,4197200,HTTP,174.8,6.802,6285.1,27426.6,5,0.0036,11.61,None
2024-01-01 11:06:25,1281513,2235727,DNS,97.8,3.777,2599.7,49532.2,14,0.0097,18.49,None
2024-01-01 11:06:30,7477336,1330914,UDP,339.2,4.24,1045.7,26668.9,6,0.0545,22.89,None
2024-01-01 11:06:35,7742274,8314186,UDP,419.4,1.232,14947.7,15702.7,15,0.026,8.0,None
2024-01-01 11:06:40,8617026,3269705,HTTP,146.0,1.955,3361.2,5179.7,7,0.0179,6.6,None
2024-01-01 11:06:45,4063416,4206811,UDP,115.4,0.946,1464.5,10739.0,10,0.0069,5.12,None
2024-01-01 11:06:50,3819779,1073077,UDP,136.2,0.162,741.9,2108.9,10,0.0163,12.86,None
2024-01-01 11:06:55,1438572,3206712,UDP,212.2,1.025,820.6,3710.4,11,0.0082,11.24,None
2024-01-01 11:07:00,7090473,5697684,UDP,281.2,1.803,2053.1,3980.6,17,0.0061,5.93,None
2024-01-01 11:07:05,5644856,1443749,TCP,197.4,0.677,20437.5,8621.1,10,0.0025,17.32,None
2024-01-01 11:07:10,9449467,6349611,UDP,156.2,3.767,1661.3,5474.3,15,0.0301,7.14,None
2024-01-01 11:07:15,4190729,1637393,HTTP,313.9,0.328,12675.9,10526.0,9,0.0091,18.16,None
2024-01-01 11:07:20,7747352,3142583,UDP,126.9,0.915,2615.6,19493.3,14,0.0113,20.13,None
2024-01-01 11:07:25,2564801,9191406,HTTP,248.5,0.267,914.9,3984.9,11,0.0015,20.79,None
2024-01-01 11:07:30,5519240,1310129,UDP,128.5,1.038,1857.1,9401.3,14,0.0056,3.52,None
2024-01-01 11:07:35,8344606,7051238,UDP,184.1,0.081,828.0,5345.6,21,0.0334,7.34,None
2024-01-01 11:07:40,6766157,6020164,TCP,140.2,0.636,1266.5,9800.2,7,0.0142,12.58,None
2024-01-01 11:07:45,5515611,7149924,DNS,144.3,1.024,1229.4,16093.5,7,0.0214,20.29,None
2024-01-01 11:07:50,8411847,3935881,UDP,122.9,1.301,444.2,20358.1,13,0.005,9.63,None
2024-01-01 11:07:55,7060620,4862712,UDP,290.7,1.569,13531.8,15840.2,19,0.0007,15.84,None
2024-01-01 11:08:00,3150078,2249974,TCP,102.9,0.643,3681.3,12258.6,14,0.0043,10.91,None
2024-01-01 11:08:05,4293736,2906809,UDP,102.5,1.481,1500.8,1958.2,10,0.0047,0.71,None
2024-01-01 11:08:10,4016851,9944273,TCP,428.6,1.423,3721.0,2748.3,9,0.0036,7.59,None
2024-01-01 11:08:15,5712631,7513728,TCP,242.0,0.76,1292.7,3554.0,14,0.0075,18.16,None
2024-01-01 11:08:20,9797071,1038831,TCP,45.0,3.546,206.2,11598.4,14,0.0021,17.53,None
2024-01-01 11:08:25,7893769,4446706,TCP,111.9,1.578,57336.4,2228.3,14,0.0278,21.21,None
2024-01-01 11:08:30,8794840,2097182,HTTP,60.0,0.808,3603.3,11356.2,6,0.0238,14.23,None
2024-01-01 11:08:35,7633422,3066175,UDP,92.3,5.888,1654.1,10556.2,8,0.003,18.39,None
2024-01-01 11:08:40,9470768,5378150,DNS,30.9,3.73,431.0,1169.5,12,0.0105,9.96,None
2024-01-01 11:08:45,7990135,2725329,UDP,138.6,8.101,669.0,2730.9,12,0.007,8.39,None
2024-01-01 11:08:50,7565970,3255544,UDP,83.8,2.357,15591.7,23014.4,9,0.0029,8.16,None
2024-01-01 11:08:55,6707017,5621654,UDP,152.9,0.95,13385.7,16275.4,6,0.0227,3.82,None
2024-01-01 11:09:00,8638855,6818722,TCP,65.9,0.659,6331.0,3462.0,9,0.0026,10.51,None
2024-01-01 11:09:05,1985555,3751007,HTTP,154.7,2.177,977.4,2878.8,16,0.0098,19.46,None
2024-01-01 11:09:10,4637112,9852662,DNS,120.6,7.907,13493.6,699.0,11,0.0041,0.29,None
2024-01-01 11:09:15,6154504,6854188,UDP,314.5,1.971,4674.1,35288.0,16,0.0175,13.8,None
2024-01-01 11:09:20,6911302,2426500,HTTP,300.6,4.268,5738.3,8442.7,10,0.0097,4.15,None
2024-01-01 11:09:25,5946417,7799055,TCP,219.8,0.798,4657.2,53301.7,15,0.0179,17.86,None
2024-01-01 11:09:30,5868921,7284674,DNS,126.1,1.045,660.5,6689.7,7,0.0043,3.37,None
2024-01-01 11:09:35,9980363,6120095,HTTP,400.5,4.735,899.5,10749.2,9,0.0001,3.94,None
2024-01-01 11:09:40,8319863,7090608,UDP,68.3,2.828,1789.7,19757.7,8,0.0025,1.02,None
2024-01-01 11:09:45,2649896,8518931,DNS,73.6,7.97,5673.9,41724.5,12,0.0168,10.62,None
2024-01-01 11:09:50,2180761,8997332,UDP,142.3,2.981,749.6,13373.4,11,0.0038,15.54,None
2024-01-01 11:09:55,5179135,2667718,UDP,458.1,1.19,2501.5,8122.6,5,0.0039,6.93,None
2024-01-01 11:10:00,7169801,9253852,TCP,134.1,1.515,2498.4,8332.8,16,0.006,0.99,None
2024-01-01 11:10:05,1196568,3870094,DNS,135.4,4.616,6586.3,2847.4,13,0.0032,22.38,None
2024-01-01 11:10:10,5104797,3152626,TCP,72.2,1.604,5852.8,5531.0,8,0.0165,20.65,None
2024-01-01 11:10:15,9875370,3976145,HTTP,238.2,0.59,1085.5,8528.9,13,0.0039,11.11,None
2024-01-01 11:10:20,3463204,1029884,HTTP,239.0,1.144,12666.1,32270.0,14,0.0093,19.76,None
2024-01-01 11:10:25,2270706,6033010,HTTP,220.2,1.453,931.5,5270.9,10,0.006,19.23,None
2024-01-01 11:10:30,1572779,7090173,HTTP,108.4,0.203,8886.1,23450.7,12,0.0034,13.48,None
2024-01-01 11:10:35,8916387,8400207,TCP,104.2,2.723,1719.6,7466.4,8,0.0031,12.64,None
2024-01-01 11:10:40,6723251,3051638,TCP,77.7,0.232,3511.9,28100.9,13,0.007,15.62,None
2024-01-01 11:10:45,8003124,3260696,DNS,154.8,1.038,3736.8,15942.2,12,0.0024,17.33,None
2024-01-01 11:10:50,4930914,3782230,DNS,86.5,3.266,3632.6,14901.2,6,0.0042,19.7,None
2024-01-01 11:10:55,5352657,4277841,UDP,82.4,1.261,5851.8,21565.0,10,0.0004,13.79,None
2024-01-01 11:11:00,5651037,5900492,DNS,120.1,3.691,4409.2,18641.8,16,0.0156,17.91,None
2024-01-01 11:11:05,4156280,9238748,TCP,116.2,0.837,6526.7,23477.9,6,0.0004,4.46,None
2024-01-01 11:11:10,7048274,1288970,DNS,113.4,6.323,4743.9,68306.8,12,0.0206,17.91,None
2024-01-01 11:11:15,6065931,8116353,DNS,187.4,0.47,841.8,40818.7,10,0.0005,1.4,None
2024-01-01 11:11:20,6882145,6623845,TCP,154.4,0.078,3904.2,12918.6,12,0.0189,15.8,None
2024-01-01 11:11:25,7449175,6504332,TCP,128.5,4.118,1696.2,5209.6,10,0.0103,17.1,None
2024-01-01 11:11:30,8511110,3671418,TCP,162.6,2.79,983.1,11689.2,5,0.0071,23.22,None
2024-01-01 11:11:35,5282351,8345807,TCP,90.4,0.528,2230.9,1180.6,10,0.0016,10.12,None
2024-01-01 11:11:40,5150574,4730241,UDP,156.4,8.365,3580.4,18564.1,11,0.003,2.74,None
2024-01-01 11:11:45,8612902,3793925,UDP,160.0,1.395,3826.4,2807.3,10,0.0117,8.03,None
2024-01-01 11:11:50,5282737,4639108,UDP,70.0,6.035,8570.0,24896.5,10,0.0072,10.06,None
2024-01-01 11:11:55,5776683,4639256,UDP,244.2,1.407,11018.3,58705.5,7,0.0072,18.48,None
2024-01-01 11:12:00,6284958,2637781,UDP,95.5,1.277,4172.5,1899.0,5,0.0014,4.47,None
2024-01-01 11:12:05,7109750,4069795,UDP,155.3,1.193,4999.6,7705.5,14,0.0064,4.08,None
2024-01-01 11:12:10,7912665,5905482,TCP,265.7,0.816,3279.1,2795.0,10,0.0089,5.27,None
2024-01-01 11:12:15,5809799,9271725,TCP,235.8,1.526,6420.3,1439.0,6,0.0013,5.54,None
2024-01-01 11:12:20,4607125,1333117,TCP,151.0,1.205,4851.2,7285.8,10,0.0366,22.17,None
2024-01-01 11:12:25,7252129,1657876,HTTP,123.8,0.075,2822.9,15293.3,5,0.0177,3.85,None
2024-01-01 11:12:30,1090700,5393647,DNS,238.4,0.603,25641.9,17229.9,7,0.0038,9.91,None
2024-01-01 11:12:35,8621247,9008824,TCP,208.0,0.479,1726.4,9451.5,9,0.0083,9.68,None
2024-01-01 11:12:40,5162761,3038906,TCP,108.9,4.041,12764.9,1534.2,10,0.0082,3.06,None
2024-01-01 11:12:45,1775208,8558776,TCP,99.7,1.827,769.5,9167.1,14,0.0011,2.62,None
2024-01-01 11:12:50,2538652,7932108,DNS,52.7,2.885,6725.2,1821.6,14,0.0058,21.83,None
2024-01-01 11:12:55,5349752,7162198,HTTP,160.3,6.285,12538.6,1945.0,9,0.0023,20.07,None
2024-01-01 11:13:00,6049715,7686716,DNS,142.4,2.066,442.7,2990.5,9,0.0041,22.4,None
2024-01-01 11:13:05,1287194,3908376,TCP,261.9,8.104,3425.3,23151.4,9,0.0288,7.61,None
2024-01-01 11:13:10,6536806,3334366,HTTP,177.6,0.747,6096.2,13978.2,9,0.008,12.64,None
2024-01-01 11:13:15,8058612,7962635,HTTP,289.2,0.412,3835.1,11187.9,13,0.0007,6.14,None
2024-01-01 11:13:20,3258666,6389636,DNS,104.7,1.033,4351.0,3420.0,16,0.0112,9.41,None
2024-01-01 11:13:25,1689069,5339020,TCP,262.2,1.273,3416.0,5498.5,11,0.066,19.06,None
2024-01-01 11:13:30,5636248,1596760,DNS,113.9,4.514,998.0,2058.8,11,0.0018,11.43,None
2024-01-01 11:13:35,9543819,4840742,UDP,218.9,1.642,31826.2,31707.3,9,0.0115,2.63,None
2024-01-01 11:13:40,4984297,5708552,DNS,71.6,0.691,1801.7,72930.2,12,0.0174,0.08,None
2024-01-01 11:13:45,8710628,1770280,DNS,166.9,2.715,4601.6,14137.7,8,0.0186,5.67,None
2024-01-01 11:13:50,1628668,1395651,UDP,55.0,1.41,1561.1,16844.1,17,0.0123,4.4,None
2024-01-01 11:13:55,8877446,5905753,DNS,129.9,0.354,306.2,6912.2,3,0.0241,19.06,None
2024-01-01 11:14:00,3119883,3725199,DNS,185.0,1.72,1182.6,1604.5,6,0.0003,16.0,None
2024-01-01 11:14:05,7567443,4214503,DNS,114.4,4.847,700.9,3484.3,9,0.0007,20.12,None
2024-01-01 11:14:10,3198049,2546947,UDP,87.8,3.698,8880.1,5087.9,8,0.0014,10.05,None
2024-01-01 11:14:15,1885342,4270108,UDP,226.6,1.768,1624.8,5512.3,7,0.0004,14.01,None
2024-01-01 11:14:20,8755141,2511231,HTTP,140.9,0.947,1782.7,4379.1,9,0.0013,10.02,None
2024-01-01 11:14:25,2849580,7923550,HTTP,116.2,0.182,1028.3,8499.4,9,0.017,5.31,None
2024-01-01 11:14:30,6955843,3345191,HTTP,151.6,1.268,3274.9,3462.8,11,0.0227,15.14,None
2024-01-01 11:14:35,6621647,6029619,TCP,554.6,2.789,1456.1,70807.8,13,0.0041,9.33,None
2024-01-01 11:14:40,3923997,8971060,TCP,264.2,0.893,8041.4,2068.6,13,0.0315,5.98,None
2024-01-01 11:14:45,6767874,5305721,DNS,265.4,0.537,4032.1,19679.0,8,0.0054,22.52,None
2024-01-01 11:14:50,7293119,5483352,TCP,184.5,5.358,1682.7,6236.3,5,0.0019,2.59,None
2024-01-01 11:14:55,8079098,3781359,UDP,161.3,3.447,6976.0,12871.9,17,0.0114,18.64,None
2024-01-01 11:15:00,4466615,2941422,HTTP,44.8,2.034,3004.7,13468.6,10,0.0055,13.19,None
2024-01-01 11:15:05,3451250,2519160,DNS,105.7,0.294,3045.7,9481.0,13,0.0002,18.31,None
2024-01-01 11:15:10,6332828,6309163,UDP,116.7,0.313,690.5,2608.8,11,0.0339,2.16,None
2024-01-01 11:15:15,4759340,3694804,HTTP,58.1,0.218,2776.4,5813.6,14,0.0091,9.37,None
2024-01-01 11:15:20,5395020,4153359,DNS,83.2,1.916,4111.5,9595.9,14,0.0095,19.1,None
2024-01-01 11:15:25,2026111,4960828,TCP,55.1,0.246,11311.4,9013.1,9,0.0406,19.56,None
2024-01-01 11:15:30,9288107,8641416,HTTP,145.6,3.698,1405.4,2912.8,16,0.0179,18.93,None
2024-01-01 11:15:35,1634276,9025680,HTTP,223.5,9.914,29088.8,29472.5,7,0.0045,17.86,None
2024-01-01 11:15:40,5660380,4031879,HTTP,258.1,0.913,5202.4,669.4,15,0.0004,9.04,None
2024-01-01 11:15:45,6323145,1105841,DNS,182.6,1.209,652.4,6309.9,6,0.0025,17.19,None
2024-01-01 11:15:50,6999606,7477696,HTTP,91.7,2.487,1280.2,3225.0,9,0.0043,2.63,None
2024-01-01 11:15:55,9910070,5228843,UDP,56.5,5.534,12344.9,9722.2,9,0.0323,3.9,None
2024-01-01 11:16:00,2223846,7209007,HTTP,61.7,4.49,10334.4,22398.0,16,0.022,12.96,None
2024-01-01 11:16:05,5898630,2330631,HTTP,78.7,0.119,3035.4,1984.3,10,0.0002,13.19,None
2024-01-01 11:16:10,2623751,6476527,DNS,95.2,0.37,3463.1,85272.3,10,0.0436,11.32,None
2024-01-01 11:16:15,5268377,7927191,DNS,137.0,2.81,930.2,9915.4,6,0.003,17.64,None
2024-01-01 11:16:20,2471971,7321660,HTTP,89.4,2.335,11175.1,11869.5,9,0.0149,13.53,None
2024-01-01 11:16:25,6548543,7059059,DNS,175.8,0.286,1110.1,1920.3,14,0.0012,1.58,None
2024-01-01 11:16:30,9255330,6603929,HTTP,132.1,1.395,6937.8,7734.4,9,0.0025,21.29,None
2024-01-01 11:16:35,6875313,7624077,TCP,149.2,3.036,11522.3,21411.3,10,0.007,15.07,None
2024-01-01 11:16:40,7690199,1808007,UDP,262.5,0.494,3128.0,9995.8,10,0.0122,21.49,None
2024-01-01 11:16:45,3092828,1146907,HTTP,82.3,4.1,7844.8,9322.6,7,0.0042,10.31,None
2024-01-01 11:16:50,5611972,3985928,DNS,183.0,0.109,18913.7,7693.6,13,0.0207,0.04,None
2024-01-01 11:16:55,1110157,3965990,TCP,147.4,3.048,3897.0,2042.6,8,0.0282,18.3,None
2024-01-01 11:17:00,3430032,4188160,UDP,125.6,1.913,2501.6,2031.0,6,0.0013,13.58,None
2024-01-01 11:17:05,4870379,9486527,UDP,231.0,0.757,2788.2,26090.5,8,0.0127,0.47,None
2024-01-01 11:17:10,3518007,1545953,UDP,230.3,2.553,1418.0,19580.4,10,0.0014,13.74,None
2024-01-01 11:17:15,3576308,8947417,UDP,92.5,3.05,1386.3,22703.4,6,0.0042,22.35,None
2024-01-01 11:17:20,5787747,7120662,DNS,135.5,5.433,4639.7,3558.8,6,0.0171,5.01,None
2024-01-01 11:17:25,6851138,4258472,TCP,170.8,0.917,2530.2,6921.8,17,0.0041,6.76,None
2024-01-01 11:17:30,5058035,2554026,DNS,129.5,2.317,4136.4,27772.5,6,0.0238,15.59,None
2024-01-01 11:17:35,1464679,9891657,UDP,198.8,1.846,671.9,2371.7,8,0.0053,19.7,None
2024-01-01 11:17:40,2793914,1438523,TCP,170.8,1.49,2717.3,25081.4,15,0.0037,15.4,None
2024-01-01 11:17:45,6837599,7267141,DNS,371.0,4.422,8350.8,4507.4,11,0.0452,16.12,None
2024-01-01 11:17:50,4306256,6815775,HTTP,69.1,0.006,973.7,3445.3,9,0.0058,7.84,None
2024-01-01 11:17:55,3850631,2303169,DNS,139.6,0.663,3030.6,7848.5,11,0.0135,0.24,None
2024-01-01 11:18:00,6088658,2911754,TCP,94.2,1.546,466.6,2651.8,13,0.0091,20.16,None
2024-01-01 11:18:05,2493430,4511504,DNS,200.7,0.393,808.0,1215.7,13,0.0023,23.89,None
2024-01-01 11:18:10,9889321,4317786,UDP,66.1,4.769,6685.3,8743.2,7,0.0069,20.79,None
2024-01-01 11:18:15,8734327,3986595,DNS,176.5,2.086,2187.9,13825.4,8,0.0008,9.54,None
2024-01-01 11:18:20,1469295,6067745,UDP,108.3,1.3,18436.2,27317.7,13,0.0123,8.44,None
2024-01-01 11:18:25,7911528,5901301,DNS,102.8,3.372,4593.7,14868.1,4,0.0073,23.04,None
2024-01-01 11:18:30,6104143,3013402,UDP,72.0,1.199,5067.5,57837.8,9,0.0013,23.72,None
2024-01-01 11:18:35,1462871,1038708,DNS,117.6,1.636,1015.9,31605.1,4,0.0146,14.69,None
2024-01-01 11:18:40,9017002,1366184,UDP,255.3,0.006,2028.2,16950.9,5,0.0163,12.35,None
2024-01-01 11:18:45,4370276,2194880,TCP,146.6,0.91,1432.8,12947.0,11,0.0132,12.39,None
2024-01-01 11:18:50,8621450,1638828,UDP,203.1,0.299,1027.2,27725.3,9,0.004,4.84,None
2024-01-01 11:18:55,5847713,7692987,UDP,341.1,2.34,5790.0,886.2,12,0.0128,17.48,None
2024-01-01 11:19:00,9890808,7942994,TCP,169.3,1.304,7076.4,5013.8,6,0.0086,4.11,None
2024-01-01 11:19:05,2318653,4618347,UDP,112.2,0.718,4442.3,1263.3,12,0.0078,5.03,None
2024-01-01 11:19:10,8449972,7464544,DNS,187.5,1.262,1302.4,15726.4,11,0.0105,16.18,None
2024-01-01 11:19:15,2527493,1517149,TCP,113.1,0.471,4149.4,3855.4,14,0.0099,20.86,None
2024-01-01 11:19:20,4133350,3750682,TCP,115.3,5.183,440.2,165985.1,11,0.0161,15.98,None
2024-01-01 11:19:25,1481008,3928223,DNS,69.4,0.111,11192.6,4827.5,11,0.0427,11.4,None
2024-01-01 11:19:30,1187299,9707612,DNS,235.8,4.011,813.9,9012.5,14,0.013,16.69,None
2024-01-01 11:19:35,9897889,7157063,UDP,122.4,1.432,972.2,5419.4,10,0.0058,10.92,None
2024-01-01 11:19:40,5082147,9465579,TCP,162.6,1.93,3345.2,4970.0,8,0.0062,15.7,None
2024-01-01 11:19:45,9599537,7527465,HTTP,88.4,0.721,3656.1,2329.7,13,0.0003,18.73,None
2024-01-01 11:19:50,2253792,5627426,DNS,184.6,6.804,2771.8,2252.6,7,0.0017,0.35,None
2024-01-01 11:19:55,4891744,7136120,HTTP,101.4,0.662,982.3,916.4,13,0.0026,5.26,None
2024-01-01 11:20:00,4876868,5593293,TCP,138.3,1.778,9259.0,13981.1,10,0.0464,16.87,None
2024-01-01 11:20:05,2642498,4882660,UDP,230.2,10.046,552.3,5299.4,14,0.0144,9.63,None
2024-01-01 11:20:10,3340654,7598695,TCP,220.4,4.259,676.4,56029.2,12,0.0015,12.53,None
2024-01-01 11:20:15,4537028,4491071,DNS,146.8,1.537,2678.5,2335.2,8,0.0069,16.44,None
2024-01-01 11:20:20,7532765,3692188,DNS,61.3,9.287,842.0,35465.5,7,0.0024,12.64,None
2024-01-01 11:20:25,7133520,7520373,TCP,662.8,2.417,10123.6,39036.8,8,0.0035,20.09,None
2024-01-01 11:20:30,3078518,3789739,UDP,355.3,0.468,917.6,29057.8,10,0.0093,9.1,None
2024-01-01 11:20:35,3751055,9634902,TCP,213.0,1.04,14143.7,10247.6,10,0.0091,16.6,None
2024-01-01 11:20:40,5996796,7493113,TCP,101.8,0.814,8392.7,5777.9,5,0.0205,10.21,None
2024-01-01 11:20:45,5726855,2402106,DNS,140.2,0.843,10250.2,29029.5,10,0.0018,12.7,None
2024-01-01 11:20:50,9185358,1996270,TCP,113.1,2.858,19675.0,3672.2,11,0.0069,2.73,None
2024-01-01 11:20:55,4298382,8773828,DNS,279.2,1.755,3233.2,10622.3,8,0.0091,19.96,None
2024-01-01 11:21:00,8425316,7895140,UDP,169.2,0.078,1082.5,7756.2,12,0.0267,7.68,None
2024-01-01 11:21:05,2228135,9238212,UDP,100.3,4.198,2689.2,3322.9,12,0.0073,7.23,None
2024-01-01 11:21:10,3733344,8844404,UDP,117.3,0.704,1691.4,10700.5,12,0.0042,2.13,None
2024-01-01 11:21:15,6869208,6230080,HTTP,260.0,11.669,1466.8,17014.8,12,0.0035,12.15,None
2024-01-01 11:21:20,2960400,6933872,TCP,330.3,6.167,3466.3,3194.5,10,0.0024,10.03,None
2024-01-01 11:21:25,4398642,9848317,TCP,318.7,5.645,2182.7,12837.4,11,0.0328,2.37,None
2024-01-01 11:21:30,1634114,9766895,DNS,216.7,3.333,1405.0,872.2,9,0.0092,18.04,None
2024-01-01 11:21:35,8057425,7780720,UDP,130.8,0.498,2332.3,2838.0,12,0.0036,1.59,None
2024-01-01 11:21:40,1031669,1464565,TCP,29.3,1.521,5161.5,5128.9,5,0.0137,3.48,None
2024-01-01 11:21:45,3364294,6754240,UDP,172.2,0.508,7757.5,11583.5,15,0.0034,11.06,None
2024-01-01 11:21:50,8675949,7352843,UDP,148.3,0.601,600.1,19328.1,6,0.007,8.59,None
2024-01-01 11:21:55,2607572,3655447,HTTP,159.2,1.888,2201.3,8802.8,9,0.0003,6.61,None
2024-01-01 11:22:00,4975739,7306688,DNS,152.5,0.083,2588.0,14279.7,12,0.0187,13.53,None
2024-01-01 11:22:05,7627337,9539468,TCP,76.5,6.977,913.7,6901.0,11,0.0314,12.58,None
2024-01-01 11:22:10,9854625,3211691,TCP,196.1,5.019,2644.7,12145.9,9,0.0201,10.38,None
2024-01-01 11:22:15,4287718,2590243,DNS,203.6,0.959,3456.4,11520.8,6,0.0019,18.63,None
2024-01-01 11:22:20,2789169,2636456,TCP,208.8,1.449,5008.2,4870.6,9,0.0174,11.96,None
2024-01-01 11:22:25,6598806,7257988,DNS,238.2,1.255,3220.1,5679.5,10,0.0043,23.49,None
2024-01-01 11:22:30,9059803,9415378,DNS,200.7,4.278,1235.3,14766.7,12,0.0275,19.24,None
2024-01-01 11:22:35,9854633,8715970,HTTP,120.9,2.333,22293.0,49617.0,14,0.0036,2.55,None
2024-01-01 11:22:40,5763239,6886901,TCP,143.2,0.652,6830.3,27087.3,11,0.0009,6.58,None
2024-01-01 11:22:45,4359235,7666373,HTTP,155.3,1.184,5180.8,2619.9,13,0.0192,12.86,None
2024-01-01 11:22:50,9944623,8683313,TCP,156.6,1.121,8142.3,2629.2,14,0.0012,11.25,None
2024-01-01 11:22:55,6815329,5867446,DNS,244.5,6.405,3807.0,4742.7,7,0.0078,1.13,None
2024-01-01 11:23:00,5944029,5647346,HTTP,204.8,0.385,10789.2,8945.6,11,0.0047,12.68,None
2024-01-01 11:23:05,5887441,4138546,DNS,419.3,0.188,3155.4,8503.7,6,0.0141,14.53,None
2024-01-01 11:23:10,9823993,1417206,HTTP,447.3,4.251,2986.2,28009.0,6,0.0138,11.12,None
2024-01-01 11:23:15,5711754,8478884,DNS,154.4,4.54,5626.4,29587.7,6,0.015,20.79,None
2024-01-01 11:23:20,7075969,9365792,DNS,21.8,4.107,14419.8,8149.1,7,0.0007,13.36,None
2024-01-01 11:23:25,3984978,3399177,UDP,275.5,1.431,13521.7,6453.0,13,0.0195,18.87,None
2024-01-01 11:23:30,8122964,3802682,TCP,113.3,2.156,5392.9,13585.3,7,0.0063,14.08,None
2024-01-01 11:23:35,8245584,9742845,UDP,99.4,1.657,4997.1,23463.5,10,0.0025,21.82,None
2024-01-01 11:23:40,6837547,5822789,UDP,121.6,0.144,5979.2,14079.0,10,0.0036,5.14,None
2024-01-01 11:23:45,4595086,4986837,DNS,118.7,1.812,7987.4,5263.0,8,0.0233,19.96,None
2024-01-01 11:23:50,9959571,4942147,TCP,201.6,0.027,10924.2,4392.9,9,0.0001,10.75,None
2024-01-01 11:23:55,9035600,9049666,DNS,68.1,0.786,2352.9,2668.8,13,0.0162,16.74,None
2024-01-01 11:24:00,4756824,3046263,DNS,86.6,5.385,11137.4,9832.9,10,0.0258,13.59,None
2024-01-01 11:24:05,7095733,3907439,UDP,176.2,0.725,4200.7,15110.1,17,0.0029,2.61,None
2024-01-01 11:24:10,6756776,8217124,DNS,202.6,5.621,5715.5,16896.2,12,0.0173,10.48,None
2024-01-01 11:24:15,9730423,6525680,TCP,204.5,0.576,11872.1,25636.2,8,0.0018,16.17,None
2024-01-01 11:24:20,6603608,4628578,TCP,100.1,0.755,6292.2,35607.4,7,0.0002,21.56,None
2024-01-01 11:24:25,5565819,6367806,DNS,91.0,1.98,7450.2,2048.9,10,0.0093,5.24,None
2024-01-01 11:24:30,5737835,3677305,UDP,115.2,2.868,2019.5,12146.1,11,0.0104,8.52,None
2024-01-01 11:24:35,1617472,5458645,DNS,167.3,1.392,13337.2,12572.4,12,0.0016,8.65,None
2024-01-01 11:24:40,6085405,6046736,DNS,311.9,4.276,5977.1,7525.5,11,0.0072,12.58,None
2024-01-01 11:24:45,6554031,5895729,UDP,53.3,0.082,3381.5,3539.2,5,0.0049,20.71,None
2024-01-01 11:24:50,4394357,2785521,UDP,132.9,5.107,8964.9,34359.4,14,0.0008,9.49,None
2024-01-01 11:24:55,7368623,5968018,TCP,76.2,0.437,39649.4,4498.1,8,0.0071,3.52,None
2024-01-01 11:25:00,7983917,9605319,UDP,65.0,4.312,926.2,904.5,16,0.0088,12.16,None
2024-01-01 11:25:05,8399350,5851189,HTTP,240.7,1.025,1334.4,8267.4,7,0.0024,0.9,None
2024-01-01 11:25:10,9523533,7284921,HTTP,194.9,3.577,43708.8,6387.7,14,0.0135,8.27,None
2024-01-01 11:25:15,5161336,8384865,DNS,185.8,2.227,4567.4,51932.4,11,0.0008,12.34,None
2024-01-01 11:25:20,2627661,7782489,UDP,235.2,0.387,3607.9,13222.7,8,0.008,12.42,None
2024-01-01 11:25:25,6557027,2069890,DNS,116.8,5.003,2656.1,5971.4,9,0.0036,19.67,None
2024-01-01 11:25:30,5976046,5820087,TCP,119.5,0.563,9981.0,6655.1,9,0.0057,19.23,None
2024-01-01 11:25:35,1997378,7874858,UDP,442.7,0.56,40588.8,6578.7,5,0.0224,6.78,None
2024-01-01 11:25:40,4566777,9775249,TCP,131.2,3.366,1532.7,74394.2,8,0.0111,7.23,None
2024-01-01 11:25:45,3807161,2301388,DNS,214.3,0.224,2705.7,15922.4,9,0.0016,23.56,None
2024-01-01 11:25:50,7043717,2990898,UDP,148.9,0.502,2099.1,1983.9,12,0.0217,9.4,None
2024-01-01 11:25:55,8679882,3056563,TCP,58.9,1.401,6203.5,6345.9,8,0.0047,3.43,None
2024-01-01 11:26:00,3462685,3688621,DNS,53.4,3.55,10121.3,7913.8,7,0.0042,15.77,None
2024-01-01 11:26:05,6855670,5347056,DNS,111.1,0.319,15077.1,2676.9,12,0.007,5.84,None
2024-01-01 11:26:10,5405678,6930864,TCP,251.7,1.587,6417.1,1362.5,18,0.0023,14.48,None
2024-01-01 11:26:15,6171537,5790059,DNS,220.1,2.484,37024.4,14699.4,10,0.0246,19.71,None
2024-01-01 11:26:20,2013317,9508514,HTTP,234.4,3.941,1677.8,3624.1,16,0.0063,4.17,None
2024-01-01 11:26:25,5209727,7817696,UDP,90.6,5.484,1294.0,28247.8,7,0.005,10.84,None
2024-01-01 11:26:30,2346815,3725199,DNS,332.9,3.071,12956.4,8169.8,6,0.0019,9.19,None
2024-01-01 11:26:35,2979510,2016393,TCP,91.6,2.116,3370.6,5042.9,12,0.0162,23.99,None
2024-01-01 11:26:40,9381763,7985992,HTTP,165.1,1.137,753.0,722.9,12,0.0305,17.08,None
2024-01-01 11:26:45,6267633,5537179,DNS,147.6,0.238,2173.2,27510.4,16,0.0204,1.98,None
2024-01-01 11:26:50,5937141,9456963,UDP,136.1,2.474,3849.3,10867.4,7,0.0018,5.49,None
2024-01-01 11:26:55,1252515,9801519,DNS,289.8,9.85,1562.0,5176.1,6,0.0139,3.77,None
2024-01-01 11:27:00,4407280,3739610,HTTP,104.3,2.669,1080.7,3326.6,12,0.0023,0.37,None
2024-01-01 11:27:05,3108266,6758637,UDP,75.6,0.034,2422.1,40098.4,7,0.0004,7.58,None
2024-01-01 11:27:10,2592010,5395579,UDP,149.9,1.371,1028.1,2795.5,9,0.0066,7.79,None
2024-01-01 11:27:15,3542819,3611263,HTTP,121.5,1.907,5625.9,5604.7,4,0.0111,5.64,None
2024-01-01 11:27:20,9820046,2532838,DNS,803.3,2.34,426.7,14324.8,6,0.0013,13.27,None
2024-01-01 11:27:25,3555095,9459220,DNS,208.1,2.544,3263.1,34570.9,6,0.0093,5.24,None
2024-01-01 11:27:30,5778550,6041589,UDP,120.9,1.633,5011.6,6526.9,7,0.0186,22.59,None
2024-01-01 11:27:35,2212704,5964464,HTTP,87.5,0.506,2722.9,3886.2,7,0.0023,17.58,None
2024-01-01 11:27:40,1414171,3581708,TCP,58.0,5.702,8894.8,7282.7,7,0.0056,2.91,None
2024-01-01 11:27:45,7524583,1595688,HTTP,88.9,2.386,757.1,20019.7,13,0.0069,6.45,None
2024-01-01 11:27:50,7977675,5351121,DNS,157.2,0.541,1478.7,25069.2,10,0.0178,23.58,None
2024-01-01 11:27:55,8790893,9260371,TCP,303.0,0.778,2143.0,2048.5,2,0.0148,4.8,None
2024-01-01 11:28:00,6566292,8333987,DNS,260.0,5.1,6079.8,9090.1,12,0.0147,2.81,None
2024-01-01 11:28:05,9059801,3671472,HTTP,166.4,4.369,3709.0,1930.9,10,0.0114,5.58,None
2024-01-01 11:28:10,8222931,1336935,TCP,126.3,1.039,25421.9,19618.3,11,0.0096,17.13,None
2024-01-01 11:28:15,9060457,3312494,HTTP,169.8,0.078,1331.7,12362.0,9,0.0071,12.43,None
2024-01-01 11:28:20,7496324,6980880,HTTP,114.5,0.099,738.8,3225.4,7,0.0046,1.62,None
2024-01-01 11:28:25,4234803,4221347,TCP,350.4,0.668,17838.0,37576.9,2,0.0072,8.68,None
2024-01-01 11:28:30,8551114,1668210,HTTP,135.0,1.984,712.8,11327.8,8,0.0192,2.08,None
2024-01-01 11:28:35,2556731,5782394,TCP,142.1,1.755,5902.1,10149.6,9,0.0085,6.98,None
2024-01-01 11:28:40,1166113,9637083,UDP,49.0,2.009,1120.3,6774.3,13,0.0424,4.1,None
2024-01-01 11:28:45,3321727,2688919,TCP,134.6,2.527,376.4,8038.2,13,0.0015,5.29,None
2024-01-01 11:28:50,3949269,2558274,HTTP,225.5,0.038,2049.2,5533.2,14,0.0058,18.68,None
2024-01-01 11:28:55,9803342,5187928,HTTP,87.0,0.222,7328.3,3861.4,9,0.0022,18.8,None
2024-01-01 11:29:00,8589215,9894087,UDP,102.0,0.891,878.5,27698.4,8,0.0045,17.58,None
2024-01-01 11:29:05,1240096,4339110,UDP,220.6,0.337,5303.4,4950.6,6,0.0156,16.52,None
2024-01-01 11:29:10,1271427,1007047,UDP,70.9,0.157,6392.4,4786.7,12,0.0174,5.88,None
2024-01-01 11:29:15,2289167,6678182,UDP,251.9,2.049,835.7,7120.3,7,0.0003,10.58,None
2024-01-01 11:29:20,4997303,3142624,UDP,113.7,3.378,2373.8,33675.1,10,0.0307,11.04,None
2024-01-01 11:29:25,5162412,9139510,HTTP,122.2,2.794,14430.1,25113.6,8,0.0205,12.84,None
2024-01-01 11:29:30,4500970,7234309,DNS,84.6,3.397,5713.5,5459.7,5,0.0235,20.55,None
2024-01-01 11:29:35,3339004,5561342,DNS,179.3,2.192,2295.0,27633.5,5,0.0047,21.33,None
2024-01-01 11:29:40,9162554,1125603,TCP,507.7,2.659,4515.6,9028.3,10,0.0069,5.19,None
2024-01-01 11:29:45,4352674,1215335,HTTP,219.4,0.634,1502.3,3486.2,14,0.0018,10.37,None
2024-01-01 11:29:50,5780719,2186883,UDP,96.3,9.926,9078.8,5033.5,10,0.0051,3.55,None
2024-01-01 11:29:55,6307807,1022375,DNS,261.9,0.405,9074.8,31992.4,12,0.0013,15.56,None
2024-01-01 11:30:00,9194756,7239896,DNS,126.7,0.483,3364.1,65045.7,11,0.0199,13.73,None
2024-01-01 11:30:05,4527284,2328084,HTTP,295.1,0.682,3754.5,11156.9,7,0.0087,20.42,None
2024-01-01 11:30:10,7812532,2350663,TCP,222.1,7.405,1098.0,4598.4,14,0.0015,12.45,None
2024-01-01 11:30:15,8260584,4040698,DNS,34.1,8.894,771.2,7151.5,10,0.0211,18.75,None
2024-01-01 11:30:20,2922846,4584149,UDP,89.8,3.168,2045.5,3780.3,18,0.0008,7.63,None
2024-01-01 11:30:25,8420335,8969523,DNS,238.0,1.983,2731.5,4373.1,7,0.0262,16.66,None
2024-01-01 11:30:30,5173517,9050067,TCP,160.1,1.468,8626.8,3963.8,9,0.0011,0.96,None
2024-01-01 11:30:35,1833037,5566685,HTTP,89.0,7.055,7498.3,7485.0,9,0.0127,3.64,None
2024-01-01 11:30:40,3241853,7922147,TCP,108.1,2.379,3586.1,9142.4,13,0.0104,10.73,None
2024-01-01 11:30:45,8459013,1735948,DNS,57.2,5.791,9803.9,6987.2,5,0.0153,21.29,None
2024-01-01 11:30:50,8852090,5235445,UDP,142.0,0.761,1160.4,6494.3,7,0.0083,21.24,None
2024-01-01 11:30:55,7182187,7305463,DNS,448.2,0.812,8754.6,17335.2,8,0.0043,14.37,None
2024-01-01 11:31:00,1718043,9082618,UDP,222.0,3.858,1352.3,6443.3,8,0.0032,3.12,None
2024-01-01 11:31:05,3178512,2772367,HTTP,443.7,0.325,10297.9,6870.4,9,0.0291,16.34,None
2024-01-01 11:31:10,3424059,8169035,DNS,230.7,5.835,2941.4,6791.6,6,0.0058,4.25,None
2024-01-01 11:31:15,8787269,9741486,HTTP,248.1,1.416,404.1,37922.0,7,0.0185,8.41,None
2024-01-01 11:31:20,8795817,8974028,TCP,398.2,5.219,6186.7,4958.1,8,0.0128,7.54,None
2024-01-01 11:31:25,5459959,8302928,DNS,179.2,0.821,6697.9,14710.2,9,0.0107,21.23,None
2024-01-01 11:31:30,1939492,5520442,DNS,135.2,2.517,1888.3,3833.8,13,0.0353,16.65,None
2024-01-01 11:31:35,4600860,9506711,DNS,248.7,1.319,2056.5,11498.2,13,0.0083,1.71,None
2024-01-01 11:31:40,7287999,5657575,DNS,307.0,1.971,2541.4,13991.9,11,0.0132,20.24,None
2024-01-01 11:31:45,5082779,6100560,DNS,116.7,1.404,434.8,23962.8,6,0.0189,10.33,None
2024-01-01 11:31:50,3175085,6490494,TCP,103.5,6.83,280.1,5517.8,10,0.0005,18.11,None
2024-01-01 11:31:55,7517772,1546784,TCP,159.1,2.356,10955.8,2659.9,9,0.056,18.64,None
2024-01-01 11:32:00,2608732,5642118,DNS,224.9,0.579,1307.6,3699.7,13,0.003,23.97,None
2024-01-01 11:32:05,4276450,4245682,TCP,221.2,4.809,19058.4,21259.1,14,0.0121,8.33,None
2024-01-01 11:32:10,4962945,3543564,HTTP,72.8,0.696,11735.8,64974.6,14,0.0307,20.75,None
2024-01-01 11:32:15,5359296,6929790,UDP,386.0,0.929,14288.3,18665.9,7,0.0144,6.88,None
2024-01-01 11:32:20,3543835,9375084,DNS,107.7,0.215,1555.7,2293.6,8,0.0026,23.89,None
2024-01-01 11:32:25,2725921,3804779,TCP,130.0,4.605,596.8,18045.5,7,0.0045,9.85,None
2024-01-01 11:32:30,8380077,9428297,DNS,94.5,0.674,1005.4,3153.3,10,0.0053,15.84,None
2024-01-01 11:32:35,3046651,9013081,TCP,572.0,0.599,1907.5,5715.0,15,0.0088,23.87,None
2024-01-01 11:32:40,5106588,4491559,UDP,167.5,5.058,277.8,9771.6,6,0.0092,4.81,None
2024-01-01 11:32:45,4319265,6651377,TCP,97.0,3.275,1853.0,11560.7,6,0.0155,14.98,None
2024-01-01 11:32:50,1426613,6536668,DNS,228.6,0.304,2436.5,8651.1,15,0.0196,23.96,None
2024-01-01 11:32:55,1739877,8562187,TCP,218.0,2.933,817.0,4442.1,14,0.0009,22.66,None
2024-01-01 11:33:00,9658721,4218201,HTTP,135.1,4.884,1053.1,23387.5,12,0.0032,5.3,None
2024-01-01 11:33:05,1174020,8136576,UDP,225.9,0.164,2390.8,4781.1,8,0.0042,2.37,None
2024-01-01 11:33:10,5293341,4695121,UDP,98.2,3.488,4256.9,28410.5,7,0.0001,10.23,None
2024-01-01 11:33:15,6712028,1443056,TCP,116.0,1.586,1223.1,2081.0,12,0.0054,18.32,None
2024-01-01 11:33:20,7477086,6675790,UDP,54.3,2.212,3992.8,10052.0,7,0.0044,18.95,None
2024-01-01 11:33:25,2413725,2958191,UDP,76.6,1.358,3418.1,2377.6,9,0.0075,14.58,None
2024-01-01 11:33:30,3843484,6545589,HTTP,366.4,2.393,3124.1,3518.9,10,0.0011,14.76,None
2024-01-01 11:33:35,2209246,2658848,HTTP,337.2,0.069,1553.1,4851.2,14,0.0053,2.9,None
2024-01-01 11:33:40,8023447,6083865,DNS,153.4,2.877,785.7,37071.6,12,0.0091,10.59,None
2024-01-01 11:33:45,3953204,9256787,DNS,340.9,0.068,16259.8,29972.2,17,0.0163,13.83,None
2024-01-01 11:33:50,6578088,2030129,HTTP,137.0,1.215,5598.8,19423.7,13,0.0145,16.41,None
2024-01-01 11:33:55,9048815,6722995,HTTP,131.4,0.327,8149.7,8377.3,8,0.0052,2.2,None
2024-01-01 11:34:00,6371045,6337271,HTTP,152.7,3.47,2741.8,9779.6,12,0.0049,16.58,None
2024-01-01 11:34:05,7677113,2900912,HTTP,139.4,0.753,2530.0,28752.5,5,0.0004,22.59,None
2024-01-01 11:34:10,6775512,2542838,DNS,133.3,1.211,4869.1,16338.9,13,0.0009,18.87,None
2024-01-01 11:34:15,4488655,7319568,DNS,262.9,1.12,475.9,8250.3,10,0.0206,14.97,None
2024-01-01 11:34:20,3450327,6444958,DNS,160.0,2.961,977.9,35834.7,3,0.0164,2.33,None
2024-01-01 11:34:25,3338533,5605643,HTTP,211.9,1.312,1342.4,18297.7,11,0.0002,19.06,None
2024-01-01 11:34:30,8188708,7990227,HTTP,248.6,3.111,1892.1,10326.0,9,0.0214,15.91,None
2024-01-01 11:34:35,7970214,1704672,HTTP,180.2,0.153,1236.8,5120.6,11,0.0095,13.17,None
2024-01-01 11:34:40,3714119,5545595,UDP,91.4,0.425,4158.1,4678.6,14,0.0162,19.25,None
2024-01-01 11:34:45,8100580,1550994,HTTP,75.5,1.604,3233.9,5789.6,7,0.007,16.19,None
2024-01-01 11:34:50,8843936,3360063,TCP,159.9,5.878,12002.4,12797.3,9,0.0016,11.27,None
2024-01-01 11:34:55,6750508,2375745,UDP,136.2,0.155,35374.9,18690.7,10,0.0044,5.63,None
2024-01-01 11:35:00,9774015,1043198,HTTP,155.0,0.088,843.2,1911.6,7,0.006,12.1,None
2024-01-01 11:35:05,8024073,9997704,UDP,147.2,0.341,3454.1,1156.8,8,0.014,3.7,None
2024-01-01 11:35:10,3603088,2859355,DNS,540.1,2.05,3447.9,3129.1,12,0.0168,1.44,None
2024-01-01 11:35:15,2725945,8947267,UDP,76.3,1.018,2938.9,5390.1,11,0.0135,5.62,None
2024-01-01 11:35:20,9134126,3421758,HTTP,54.9,3.492,1007.4,26794.4,7,0.0065,8.81,None
2024-01-01 11:35:25,6450199,6156883,UDP,175.2,0.149,1191.3,6121.6,10,0.0109,15.52,None
2024-01-01 11:35:30,5887333,2844929,TCP,123.0,0.437,3791.1,10454.3,14,0.0035,11.98,None
2024-01-01 11:35:35,2740253,7874243,HTTP,173.8,0.713,1158.2,12306.8,8,0.0441,17.64,None
2024-01-01 11:35:40,9650534,7639632,HTTP,198.7,1.971,3495.6,2911.5,8,0.0018,17.7,None
2024-01-01 11:35:45,5252980,2959363,DNS,282.0,2.311,2331.0,34887.7,9,0.0129,16.95,None
2024-01-01 11:35:50,3953917,2154889,UDP,69.9,0.265,3434.6,4168.0,9,0.0017,13.14,None
2024-01-01 11:35:55,5896399,6173813,HTTP,112.4,5.758,1149.1,38553.1,13,0.0033,15.91,None
2024-01-01 11:36:00,2538109,8592151,TCP,183.9,0.834,3489.3,7142.5,13,0.0138,23.46,None
2024-01-01 11:36:05,5254706,6219075,HTTP,218.2,2.498,1235.3,5782.0,7,0.0131,16.94,None
2024-01-01 11:36:10,9720774,3188268,UDP,444.4,1.486,3500.6,2668.3,21,0.0013,17.82,None
2024-01-01 11:36:15,3991536,1456482,HTTP,239.3,0.504,11377.5,9870.3,12,0.0113,6.99,None
2024-01-01 11:36:20,3875376,6961415,TCP,144.3,3.745,3869.9,77217.6,11,0.0023,11.47,None
2024-01-01 11:36:25,2786905,3121334,UDP,95.1,3.41,4112.8,12253.8,11,0.0361,10.44,None
2024-01-01 11:36:30,9880064,5643938,UDP,111.9,1.009,6749.4,10619.4,10,0.0092,8.48,None
2024-01-01 11:36:35,1082090,9150812,DNS,110.3,1.776,732.5,4160.5,9,0.0,11.03,None
2024-01-01 11:36:40,9141646,8610567,TCP,205.9,0.596,16629.3,14646.9,9,0.0023,14.35,None
2024-01-01 11:36:45,3598035,1486505,TCP,168.8,2.341,1037.3,9486.4,13,0.0026,14.98,None
2024-01-01 11:36:50,3334162,7632546,HTTP,76.6,0.739,7184.4,7609.6,8,0.0028,20.15,None
2024-01-01 11:36:55,6864704,5535705,DNS,119.3,3.717,6291.2,13290.4,13,0.0081,15.75,None
2024-01-01 11:37:00,5986796,8293210,DNS,230.2,0.49,1209.3,1318.4,12,0.0023,20.86,None
2024-01-01 11:37:05,6760268,4519336,DNS,176.9,0.03,8175.4,7328.1,10,0.0053,15.76,None
2024-01-01 11:37:10,6146942,4173710,HTTP,197.2,0.625,4904.0,2447.9,10,0.0019,8.4,None
2024-01-01 11:37:15,4678782,2057865,TCP,179.7,0.424,19731.6,8340.7,11,0.011,15.14,None
2024-01-01 11:37:20,4296407,2546116,DNS,334.7,1.42,3616.9,3927.7,10,0.0084,17.5,None
2024-01-01 11:37:25,6177796,3549658,UDP,167.0,0.456,2674.3,4205.5,10,0.0099,16.46,None
2024-01-01 11:37:30,4881087,4030251,TCP,122.4,2.881,1781.5,2135.7,8,0.0342,20.4,None
2024-01-01 11:37:35,3601706,2550353,TCP,93.9,0.552,521.5,24727.3,8,0.0051,21.73,None
2024-01-01 11:37:40,5981886,6189270,DNS,168.1,2.455,2168.5,4114.4,5,0.0024,8.05,None
2024-01-01 11:37:45,5749023,8011317,TCP,43.8,1.728,2262.2,4340.6,10,0.067,1.89,None
2024-01-01 11:37:50,2199330,4908324,TCP,135.3,8.573,3874.1,37444.5,12,0.0006,15.75,None
2024-01-01 11:37:55,4731955,7824493,HTTP,133.9,18.44,718.3,14299.2,5,0.0166,2.65,None
2024-01-01 11:38:00,8217596,8987573,HTTP,75.0,4.073,2347.2,1059.3,11,0.0018,21.22,None
2024-01-01 11:38:05,8940032,3964406,UDP,93.3,2.854,5304.2,32382.1,9,0.0109,19.73,None
2024-01-01 11:38:10,6801614,9894016,DNS,222.5,0.977,5857.7,42103.7,14,0.0064,17.12,None
2024-01-01 11:38:15,8227267,7236186,UDP,166.6,2.799,464.1,38344.9,14,0.0183,22.23,None
2024-01-01 11:38:20,4021016,9438591,TCP,156.2,6.278,6041.5,15806.7,10,0.0131,21.29,None
2024-01-01 11:38:25,8444524,7948709,UDP,173.0,0.047,2329.5,2692.7,4,0.0019,22.15,None
2024-01-01 11:38:30,1338032,6040897,TCP,155.4,1.544,2477.5,7713.9,9,0.0109,17.65,None
2024-01-01 11:38:35,9606563,8510512,UDP,276.3,0.492,280.2,1903.7,8,0.0024,8.84,None
2024-01-01 11:38:40,6706467,4155705,HTTP,157.9,1.632,13274.1,3408.4,9,0.0019,1.15,None
2024-01-01 11:38:45,6352181,8288867,DNS,71.6,1.256,3557.4,2668.1,9,0.0009,1.48,None
2024-01-01 11:38:50,8557475,4596328,UDP,335.3,1.715,644.5,4328.5,6,0.0012,19.04,None
2024-01-01 11:38:55,5735922,3865663,TCP,178.6,1.601,4338.1,9546.7,10,0.0122,4.59,None
2024-01-01 11:39:00,8262747,8842938,DNS,110.5,6.443,4206.9,5193.1,9,0.0484,7.51,None
2024-01-01 11:39:05,8362744,7046127,UDP,79.3,1.607,10122.8,4974.8,11,0.0113,14.07,None
2024-01-01 11:39:10,2187100,5134922,UDP,180.9,3.745,2187.1,6057.8,10,0.0123,3.15,None
2024-01-01 11:39:15,9822146,2397877,UDP,140.0,0.771,3016.9,36296.4,7,0.0153,23.65,None
2024-01-01 11:39:20,8623478,5987581,TCP,326.1,1.153,1567.4,70527.3,5,0.022,19.61,None
2024-01-01 11:39:25,3170339,4412848,UDP,124.8,1.271,5420.5,5163.2,12,0.0031,14.03,None
2024-01-01 11:39:30,7480382,9196609,DNS,97.6,0.653,1361.7,11339.8,8,0.0093,21.8,None
2024-01-01 11:39:35,5124143,5291649,HTTP,232.3,0.955,1220.5,3493.7,14,0.0024,11.85,None
2024-01-01 11:39:40,6323545,2345681,UDP,235.7,1.825,2785.6,17459.7,10,0.0075,21.53,None
2024-01-01 11:39:45,8095951,3292477,TCP,161.5,1.736,874.9,5031.9,16,0.0023,19.82,None
2024-01-01 11:39:50,4141591,7043894,TCP,208.1,2.024,14796.3,3979.4,13,0.0007,0.34,None
2024-01-01 11:39:55,8781468,4396487,HTTP,145.6,0.867,20481.3,59969.3,8,0.0009,19.12,None
2024-01-01 11:40:00,7033004,8076813,DNS,166.8,0.759,1893.9,2087.9,11,0.0374,18.81,None
2024-01-01 11:40:05,8100998,5519226,UDP,265.7,1.892,745.0,697.3,10,0.0001,7.62,None
2024-01-01 11:40:10,8945062,4487220,TCP,202.9,0.285,4173.8,16896.0,7,0.0117,11.83,None
2024-01-01 11:40:15,2033260,3341784,UDP,136.4,0.583,1840.7,5610.4,7,0.0218,3.32,None
2024-01-01 11:40:20,9208889,5854192,DNS,291.8,0.086,9649.7,4247.1,6,0.005,16.0,None
2024-01-01 11:40:25,2568353,8555574,TCP,45.5,0.151,1356.8,124450.0,15,0.0123,16.19,None
2024-01-01 11:40:30,4704520,5758616,DNS,414.1,0.558,5138.5,16818.4,13,0.0043,23.56,None
2024-01-01 11:40:35,5421943,6997468,UDP,63.2,0.039,3340.9,7642.5,10,0.0075,17.35,None
2024-01-01 11:40:40,1911741,7955798,HTTP,108.5,0.563,1515.9,3992.1,10,0.0274,10.74,None
2024-01-01 11:40:45,9942902,7889356,HTTP,145.4,2.128,3789.7,12654.7,15,0.0004,4.33,None
2024-01-01 11:40:50,7933885,4376483,HTTP,137.9,0.126,7176.3,1432.5,14,0.0031,18.91,None
2024-01-01 11:40:55,3043126,4183023,DNS,245.5,1.148,3251.4,4836.3,12,0.0011,8.49,None
2024-01-01 11:41:00,2810064,6006928,DNS,87.5,4.886,3285.5,7808.0,4,0.0069,22.65,None
2024-01-01 11:41:05,4703465,2109676,UDP,169.1,3.134,1245.4,10031.6,14,0.0147,6.65,None
2024-01-01 11:41:10,5296114,8094008,TCP,111.2,0.729,9360.0,7027.4,11,0.0376,4.72,None
2024-01-01 11:41:15,7493381,1992079,DNS,172.0,5.175,8472.2,4051.3,8,0.0017,14.89,None
2024-01-01 11:41:20,9933209,2841200,HTTP,143.7,0.8,1977.2,20346.5,10,0.0004,21.98,None
2024-01-01 11:41:25,5085371,7698752,HTTP,155.5,0.151,2632.6,1553.6,13,0.0015,3.39,None
2024-01-01 11:41:30,3189087,8421028,DNS,112.7,10.251,12261.5,6136.9,12,0.0347,0.99,None
2024-01-01 11:41:35,3329142,6472369,TCP,115.0,4.081,959.5,4827.4,9,0.0039,23.22,None
2024-01-01 11:41:40,9907524,9597415,UDP,171.3,1.254,5455.0,22288.9,6,0.0031,3.28,None
2024-01-01 11:41:45,1282707,4086881,UDP,237.9,2.195,1705.1,5121.1,8,0.0133,14.58,None
2024-01-01 11:41:50,4390594,5331104,TCP,110.0,2.225,17642.7,12552.4,8,0.0013,4.78,None
2024-01-01 11:41:55,9655688,1783799,UDP,96.1,0.433,3176.2,11305.5,12,0.0043,4.02,None
2024-01-01 11:42:00,3739153,6573106,DNS,201.7,0.446,10513.1,1293.2,7,0.0016,3.75,None
2024-01-01 11:42:05,3080080,9826282,TCP,146.0,1.268,1392.2,7588.2,12,0.0366,17.04,None
2024-01-01 11:42:10,3361112,2200598,HTTP,224.8,4.851,855.3,1418.4,7,0.0034,18.23,None
2024-01-01 11:42:15,5615796,5306932,TCP,94.4,0.02,2358.4,11513.6,10,0.0031,2.88,None
2024-01-01 11:42:20,9749370,3936596,HTTP,61.0,3.051,3876.5,3903.7,4,0.0101,3.28,None
2024-01-01 11:42:25,4680718,8557050,DNS,113.7,0.118,1788.7,26546.9,12,0.0002,22.42,None
2024-01-01 11:42:30,3842638,4041268,UDP,101.2,1.301,6363.3,6763.1,15,0.0106,14.13,None
2024-01-01 11:42:35,8373328,1392659,TCP,142.7,2.032,2416.4,3751.6,9,0.006,18.75,None
2024-01-01 11:42:40,5327780,1212305,TCP,107.9,2.322,371.9,26899.4,7,0.002,1.93,None
2024-01-01 11:42:45,9494978,3060468,HTTP,215.0,0.121,5181.3,3388.4,13,0.0067,1.26,None
2024-01-01 11:42:50,5082834,1828666,UDP,128.5,1.085,1233.3,19824.9,6,0.069,9.51,None
2024-01-01 11:42:55,8946900,9039430,TCP,160.0,1.753,2076.4,12932.9,10,0.0183,13.33,None
2024-01-01 11:43:00,5095157,3813366,TCP,160.6,0.137,14088.7,5622.7,12,0.0366,8.94,None
2024-01-01 11:43:05,6536254,8703547,UDP,163.6,0.29,17550.0,2130.3,11,0.026,17.12,None
2024-01-01 11:43:10,3518069,9225759,TCP,146.6,2.179,1676.6,28047.7,10,0.0172,16.07,None
2024-01-01 11:43:15,6785830,4642822,TCP,191.6,1.475,5312.3,13365.9,6,0.0041,10.72,None
2024-01-01 11:43:20,4046871,2961831,UDP,99.7,0.353,1716.0,3744.5,6,0.0131,1.91,None
2024-01-01 11:43:25,2769424,8205182,UDP,298.8,1.532,2237.5,10348.6,9,0.005,14.29,None
2024-01-01 11:43:30,6840287,6280977,DNS,131.9,4.877,1626.6,22162.6,6,0.0056,5.81,None
2024-01-01 11:43:35,1730817,2242777,DNS,77.0,0.031,531.5,9063.6,9,0.0207,9.26,None
2024-01-01 11:43:40,7719720,4080755,UDP,163.0,2.058,3278.2,10284.6,9,0.0023,0.35,None
2024-01-01 11:43:45,6695042,9025644,DNS,97.0,0.153,3976.5,22742.8,8,0.0035,12.51,None
2024-01-01 11:43:50,8970875,4402352,TCP,207.0,0.013,1523.9,37694.2,8,0.0267,16.78,None
2024-01-01 11:43:55,5553381,1716833,DNS,448.0,0.327,8846.6,7189.7,7,0.012,13.86,None
2024-01-01 11:44:00,8059783,4775077,DNS,100.2,1.1,1927.4,2127.2,6,0.0007,18.04,None
2024-01-01 11:44:05,4807555,6461861,HTTP,175.2,3.242,1576.2,2202.7,8,0.0013,23.99,None
2024-01-01 11:44:10,6838314,9132888,TCP,61.7,0.662,5046.8,4060.3,11,0.0087,15.18,None
2024-01-01 11:44:15,9314986,5249968,TCP,186.2,1.965,637.3,3181.5,9,0.016,5.31,None
2024-01-01 11:44:20,7179348,8421478,DNS,95.3,1.059,7381.1,1506.5,8,0.0157,13.73,None
2024-01-01 11:44:25,4132110,9096800,DNS,108.6,0.534,1993.9,51422.2,11,0.0055,5.88,None
2024-01-01 11:44:30,9339116,9321493,HTTP,85.6,1.444,8016.7,13740.4,10,0.003,7.92,None
2024-01-01 11:44:35,6222457,9543601,DNS,214.0,3.194,10809.0,4799.2,10,0.0155,8.45,None
2024-01-01 11:44:40,2581481,1646620,UDP,245.6,3.573,5654.2,7843.8,5,0.0288,12.48,None
2024-01-01 11:44:45,2469614,9642106,UDP,150.2,3.748,1323.5,1357.8,6,0.0059,12.57,None
2024-01-01 11:44:50,3410820,2609681,DNS,96.3,0.827,853.3,25779.2,9,0.0015,16.02,None
2024-01-01 11:44:55,6518112,6208073,TCP,328.6,3.154,710.5,1153.3,8,0.0094,10.51,None
2024-01-01 11:45:00,9974139,6602404,UDP,102.0,0.477,8981.4,13494.4,14,0.0007,4.5,None
2024-01-01 11:45:05,8621627,3014701,DNS,50.3,2.682,2605.0,1288.9,7,0.0095,11.78,None
2024-01-01 11:45:10,6267126,9050224,DNS,186.6,5.928,1637.3,5356.1,8,0.0019,19.12,None
2024-01-01 11:45:15,5869189,9057764,DNS,85.4,0.028,2612.1,28076.5,7,0.0073,16.87,None
2024-01-01 11:45:20,3924106,9385907,DNS,243.3,1.161,8783.4,1581.4,9,0.0098,2.77,None
2024-01-01 11:45:25,2330136,4113401,DNS,122.7,2.087,6494.7,6983.4,5,0.0059,22.76,None
2024-01-01 11:45:30,3906631,5685476,DNS,200.7,2.42,4621.6,15180.6,9,0.0176,7.34,None
2024-01-01 11:45:35,8382363,9340316,TCP,299.1,0.387,5641.4,12889.5,12,0.0047,14.07,None
2024-01-01 11:45:40,9353216,8598700,UDP,81.1,7.164,3569.5,8692.2,13,0.0017,0.77,None
2024-01-01 11:45:45,5652468,1115708,TCP,111.8,1.91,4032.4,13303.2,9,0.0062,21.83,None
2024-01-01 11:45:50,3323039,8569307,HTTP,142.9,0.359,3718.3,4399.2,8,0.0331,16.41,None
2024-01-01 11:45:55,9298478,6821274,HTTP,320.1,0.041,2980.8,55982.6,14,0.0212,6.63,None
2024-01-01 11:46:00,8742570,4266528,DNS,106.8,3.058,6332.0,1618.7,10,0.0037,16.4,None
2024-01-01 11:46:05,9115681,4392963,UDP,110.2,0.166,4278.2,25901.9,8,0.0028,7.02,None
2024-01-01 11:46:10,4350062,8354483,DNS,188.5,0.304,1235.6,9793.7,11,0.0066,6.23,None
2024-01-01 11:46:15,1033815,7497554,HTTP,111.2,1.711,5058.7,15019.6,8,0.0106,10.73,None
2024-01-01 11:46:20,7735774,2671408,DNS,160.2,1.85,3817.1,17935.7,7,0.0261,14.4,None
2024-01-01 11:46:25,6401913,3329265,UDP,68.3,2.322,5494.0,14124.0,10,0.0095,5.02,None
2024-01-01 11:46:30,9993968,1498993,TCP,449.1,1.0,2686.0,3601.0,13,0.0181,17.83,None
2024-01-01 11:46:35,2663289,6159574,UDP,75.7,2.974,6712.6,6085.9,15,0.0119,13.87,None
2024-01-01 11:46:40,4697330,5263867,TCP,126.4,7.327,2803.4,1897.7,12,0.0011,0.18,None
2024-01-01 11:46:45,3165774,1159292,TCP,146.0,0.632,6148.0,6011.9,11,0.0222,13.19,None
2024-01-01 11:46:50,4898012,8089891,DNS,386.2,2.428,1888.5,11187.1,12,0.0022,10.1,None
2024-01-01 11:46:55,8639881,6702655,HTTP,76.5,5.275,2023.8,14870.4,14,0.0046,16.06,None
2024-01-01 11:47:00,2596144,5938756,TCP,400.2,2.319,5442.8,11985.3,12,0.0183,21.55,None
2024-01-01 11:47:05,8831756,5000669,TCP,216.7,2.286,2139.3,1401.0,10,0.0387,6.3,None
2024-01-01 11:47:10,3845428,9985480,UDP,182.8,0.507,27059.2,4618.5,11,0.0037,16.17,None
2024-01-01 11:47:15,8869608,1734541,TCP,90.7,1.532,5252.4,4178.7,12,0.0048,3.64,None
2024-01-01 11:47:20,1930127,2991104,UDP,197.5,1.653,3056.2,2186.0,10,0.0066,2.05,None
2024-01-01 11:47:25,1760634,9404385,TCP,103.4,2.409,6767.6,3512.4,10,0.0069,22.36,None
2024-01-01 11:47:30,1897603,1086298,TCP,279.6,11.503,1843.3,8113.5,12,0.0139,20.69,None
2024-01-01 11:47:35,5087581,2599954,HTTP,91.3,0.068,7502.7,33315.8,8,0.017,12.03,None
2024-01-01 11:47:40,8333332,2449747,HTTP,140.2,0.135,7297.1,3124.2,10,0.0471,3.32,None
2024-01-01 11:47:45,6258742,8945306,UDP,112.4,0.162,10441.4,2620.5,11,0.0163,6.32,None
2024-01-01 11:47:50,7855015,4930503,TCP,90.6,2.717,1918.3,4449.4,14,0.0036,13.62,None
2024-01-01 11:47:55,4074147,9688813,TCP,215.0,0.293,877.7,11355.6,18,0.0044,15.64,None
2024-01-01 11:48:00,9900157,3445285,TCP,194.0,1.948,1619.5,27548.6,13,0.0096,16.57,None
2024-01-01 11:48:05,1327473,4362359,HTTP,271.6,0.785,2249.3,7431.6,9,0.0116,17.95,None
2024-01-01 11:48:10,7244593,5303655,DNS,61.0,1.222,15791.3,1908.6,7,0.0009,5.04,None
2024-01-01 11:48:15,8791695,2816070,TCP,252.7,0.486,26769.3,2361.2,5,0.0042,7.11,None
2024-01-01 11:48:20,1906862,7925619,TCP,519.4,4.021,4207.7,9781.8,11,0.0023,0.3,None
2024-01-01 11:48:25,6496102,9500109,TCP,118.4,1.765,3009.1,21922.2,8,0.0071,1.78,None
2024-01-01 11:48:30,7034022,5990737,DNS,382.8,5.785,2100.8,49798.6,10,0.0018,7.43,None
2024-01-01 11:48:35,8517952,9341774,DNS,130.1,1.709,6800.1,2483.9,7,0.0087,4.46,None
2024-01-01 11:48:40,2796482,8142756,UDP,74.7,0.265,26597.7,9318.7,9,0.0063,11.82,None
2024-01-01 11:48:45,3000892,4132352,HTTP,127.4,0.375,17780.4,2893.3,5,0.0052,20.37,None
2024-01-01 11:48:50,4112633,9855804,TCP,250.7,9.033,9301.9,3299.0,6,0.0105,17.35,None
2024-01-01 11:48:55,5960403,4752910,TCP,97.6,2.586,9166.4,3031.1,15,0.0054,18.11,None
2024-01-01 11:49:00,7097994,8637397,DNS,109.9,0.101,6852.1,5800.7,12,0.0051,14.41,None
2024-01-01 11:49:05,6474298,4018953,TCP,199.7,2.433,2843.3,3353.4,11,0.0105,16.81,None
2024-01-01 11:49:10,8109275,9402510,DNS,148.6,1.063,1427.2,96649.5,11,0.0006,4.32,None
2024-01-01 11:49:15,2955984,4611452,HTTP,198.8,0.734,2919.6,5117.0,10,0.0057,13.26,None
2024-01-01 11:49:20,7560907,1779469,DNS,167.2,0.335,4547.5,21758.9,13,0.0022,13.69,None
2024-01-01 11:49:25,2504665,7069449,UDP,188.6,3.664,696.7,4190.1,6,0.0004,15.09,None
2024-01-01 11:49:30,8265494,7116576,TCP,119.6,0.132,2558.2,75602.2,5,0.0004,18.7,None
2024-01-01 11:49:35,7008679,8277612,TCP,166.6,0.685,1305.1,11373.8,12,0.0018,22.66,None
2024-01-01 11:49:40,2073355,1653177,DNS,93.3,0.732,8216.0,18712.2,12,0.0057,17.08,None
2024-01-01 11:49:45,1295110,6419417,UDP,282.7,0.351,1720.4,4486.9,8,0.0084,22.14,None
2024-01-01 11:49:50,7930922,6499344,TCP,108.1,1.419,4139.0,21513.6,11,0.0159,13.2,None
2024-01-01 11:49:55,2659927,1448651,UDP,261.0,0.024,1480.3,11326.4,12,0.0094,6.94,None
2024-01-01 11:50:00,5717140,3753485,HTTP,132.1,0.716,14730.9,5547.1,7,0.0073,15.8,None
2024-01-01 11:50:05,3551792,6109199,UDP,164.2,5.425,544.2,2752.1,6,0.0004,23.54,None
2024-01-01 11:50:10,4361727,4180769,DNS,115.9,0.744,4797.5,6389.8,17,0.0035,17.03,None
2024-01-01 11:50:15,2009708,4791746,TCP,89.3,0.894,831.1,5865.6,13,0.0118,23.26,None
2024-01-01 11:50:20,6743259,8016863,DNS,62.0,1.282,1791.2,19322.6,9,0.0032,0.54,None
2024-01-01 11:50:25,2564708,4122518,UDP,87.6,1.65,3663.5,6423.7,6,0.009,6.2,None
2024-01-01 11:50:30,9885952,8417232,HTTP,126.2,3.308,3848.2,1186.1,11,0.0093,6.57,None
2024-01-01 11:50:35,6454198,6867631,DNS,165.0,0.422,3749.1,15462.6,7,0.0036,10.24,None
2024-01-01 11:50:40,2483651,3218486,UDP,246.0,4.107,3469.4,29530.1,9,0.0085,0.74,None
2024-01-01 11:50:45,4489895,4688989,HTTP,118.8,2.834,1568.9,1531.4,15,0.0012,21.94,None
2024-01-01 11:50:50,3984204,5830943,DNS,95.5,2.565,2529.9,49253.2,6,0.013,16.97,None
2024-01-01 11:50:55,4973010,8920769,HTTP,72.1,0.182,3076.8,32749.8,12,0.0002,2.01,None
2024-01-01 11:51:00,4442004,8970259,DNS,188.7,0.044,3624.1,4311.8,12,0.0004,4.19,None
2024-01-01 11:51:05,8303905,7657314,TCP,296.4,1.803,2791.5,2651.4,8,0.0204,14.47,None
2024-01-01 11:51:10,4091580,9170909,TCP,279.5,3.978,6183.2,23224.8,7,0.0087,21.8,None
2024-01-01 11:51:15,2720314,6901868,HTTP,211.7,1.756,3272.8,2059.8,10,0.0018,2.1,None
2024-01-01 11:51:20,6921063,2217641,UDP,204.2,0.48,3645.8,4153.3,9,0.0092,10.4,None
2024-01-01 11:51:25,7477509,7556257,TCP,346.8,0.19,2033.2,2175.2,12,0.0046,4.8,None
2024-01-01 11:51:30,8863841,9717475,HTTP,175.2,2.405,1040.6,8151.1,13,0.0031,4.33,None
2024-01-01 11:51:35,6523918,6621653,UDP,205.0,2.559,3477.4,35072.9,12,0.0167,17.52,None
2024-01-01 11:51:40,5979806,2312941,HTTP,126.4,0.379,9971.1,11788.9,4,0.0065,19.84,None
2024-01-01 11:51:45,3150240,6058046,DNS,75.1,0.057,4646.5,22428.2,14,0.0035,22.11,None
2024-01-01 11:51:50,7252413,7717471,DNS,105.4,1.049,1316.2,5699.9,9,0.0288,16.42,None
2024-01-01 11:51:55,9497116,4103510,UDP,147.7,1.748,6732.8,8931.2,5,0.0018,1.58,None
2024-01-01 11:52:00,6779136,2928372,UDP,153.0,2.448,2132.1,2376.9,7,0.0015,8.57,None
2024-01-01 11:52:05,4417343,1253853,HTTP,388.8,3.321,6091.5,7354.8,6,0.001,10.6,None
2024-01-01 11:52:10,2740413,3794048,TCP,154.6,1.886,2061.5,3843.1,14,0.0013,6.62,None
2024-01-01 11:52:15,6380672,5897823,TCP,267.6,0.235,4244.2,6903.1,11,0.0029,12.96,None
2024-01-01 11:52:20,3981503,1236323,DNS,119.4,2.295,1774.9,6444.5,10,0.012,5.58,None
2024-01-01 11:52:25,9954923,9041884,DNS,127.0,8.293,1820.6,5916.9,10,0.0111,21.59,None
2024-01-01 11:52:30,9856721,1928249,DNS,76.4,4.72,622.5,66673.1,7,0.0144,3.44,None
2024-01-01 11:52:35,6902986,3498920,DNS,102.4,4.106,4974.5,47455.4,11,0.0086,10.23,None
2024-01-01 11:52:40,1690822,4105136,HTTP,193.2,0.72,4316.4,33394.4,10,0.0068,3.0,None
2024-01-01 11:52:45,8643578,9327270,DNS,149.0,2.779,4566.2,48779.2,10,0.0057,8.6,None
2024-01-01 11:52:50,2507620,6371047,DNS,237.8,3.809,3925.8,33500.1,4,0.0208,11.63,None
2024-01-01 11:52:55,3238442,7360359,TCP,162.5,2.268,1391.0,7923.8,9,0.0042,13.29,None
2024-01-01 11:53:00,5385212,2106852,TCP,124.4,0.577,7831.4,7151.6,16,0.0222,7.96,None
2024-01-01 11:53:05,8145378,1743032,HTTP,434.5,6.151,8044.8,10253.8,11,0.0032,19.43,None
2024-01-01 11:53:10,3914464,7479190,DNS,141.6,1.199,1355.3,6563.7,8,0.0017,12.37,None
2024-01-01 11:53:15,3708680,6456659,DNS,265.5,0.278,5075.2,2863.9,11,0.0029,23.82,None
2024-01-01 11:53:20,9832912,8231110,TCP,121.4,0.233,7150.9,10901.0,13,0.0069,2.96,None
2024-01-01 11:53:25,6609390,8523482,UDP,211.6,2.086,1862.9,1692.4,8,0.026,4.41,None
2024-01-01 11:53:30,6254594,1648394,TCP,236.0,1.151,2217.1,9298.8,10,0.002,19.24,None
2024-01-01 11:53:35,9180711,2373290,UDP,164.7,0.199,5085.3,2996.6,6,0.0087,13.3,None
2024-01-01 11:53:40,7400164,6453168,HTTP,45.7,2.697,658.3,7472.3,15,0.0025,8.64,None
2024-01-01 11:53:45,5980909,2443129,UDP,149.8,3.212,1003.7,9810.5,9,0.0113,9.85,None
2024-01-01 11:53:50,3617293,4357341,UDP,274.6,2.585,1107.9,5693.9,5,0.0063,13.53,None
2024-01-01 11:53:55,8243253,3266855,HTTP,193.2,0.452,494.6,1571.0,12,0.0132,2.06,None
2024-01-01 11:54:00,2119499,4058555,HTTP,185.5,2.341,8821.4,2470.0,7,0.0194,18.36,None
2024-01-01 11:54:05,2227675,3530276,TCP,62.7,0.022,408.2,12813.4,7,0.0041,10.78,None
2024-01-01 11:54:10,6720486,9042874,DNS,103.5,0.728,4201.1,4640.4,16,0.0278,9.9,None
2024-01-01 11:54:15,9030913,2216631,TCP,182.3,1.018,6712.2,14197.9,13,0.0063,18.56,None
2024-01-01 11:54:20,8027312,8930514,UDP,182.2,3.607,2222.5,8182.1,8,0.0276,13.66,None
2024-01-01 11:54:25,8090778,3146149,TCP,272.4,0.99,1527.9,6648.6,9,0.0026,18.1,None
2024-01-01 11:54:30,7936956,4649153,HTTP,138.0,0.023,3762.5,11471.8,12,0.0227,22.29,None
2024-01-01 11:54:35,6244215,7367686,HTTP,181.8,0.869,2986.4,4126.2,9,0.0041,22.7,None
2024-01-01 11:54:40,5954360,8021770,DNS,149.6,1.382,8131.5,12093.2,5,0.0139,10.3,None
2024-01-01 11:54:45,8422363,4753024,TCP,90.6,5.952,215.2,5326.7,7,0.0345,1.67,None
2024-01-01 11:54:50,7953021,7348806,HTTP,48.0,5.662,1189.5,102363.5,6,0.0243,0.3,None
2024-01-01 11:54:55,7712392,6400864,UDP,184.1,0.399,5226.9,2607.3,2,0.0062,16.93,None
2024-01-01 11:55:00,9123228,4279624,TCP,161.9,0.409,3135.2,5668.9,14,0.0042,1.96,None
2024-01-01 11:55:05,2896391,1135757,DNS,109.0,0.357,6323.5,5902.3,11,0.0095,9.36,None
2024-01-01 11:55:10,4742515,6721177,DNS,66.1,3.111,3873.9,2096.7,12,0.0122,15.89,None
2024-01-01 11:55:15,7463056,8280532,DNS,203.3,0.012,2605.2,16744.3,16,0.0078,23.96,None
2024-01-01 11:55:20,9002277,6861943,TCP,129.9,0.272,2203.3,5277.9,9,0.0189,5.35,None
2024-01-01 11:55:25,3112803,4330973,TCP,196.1,1.544,30487.0,750.1,15,0.0006,0.23,None
2024-01-01 11:55:30,9015821,5277862,TCP,376.9,0.569,13834.9,16238.3,13,0.0092,0.99,None
2024-01-01 11:55:35,6810326,5323188,DNS,50.9,0.194,4892.7,4289.1,9,0.0074,5.36,None
2024-01-01 11:55:40,5352320,9201378,TCP,104.6,0.892,3224.3,7296.1,15,0.0004,23.83,None
2024-01-01 11:55:45,2416278,9661317,TCP,133.7,0.641,5105.8,15943.8,9,0.0001,1.85,None
2024-01-01 11:55:50,6870235,3957640,TCP,307.2,1.431,6814.7,5626.8,5,0.0093,17.98,None
2024-01-01 11:55:55,5841167,4983545,TCP,65.5,7.749,4531.6,5580.9,13,0.0013,3.6,None
2024-01-01 11:56:00,3824566,3819056,HTTP,390.7,0.265,1406.2,95292.1,6,0.0146,4.89,None
2024-01-01 11:56:05,7787324,2931023,HTTP,158.8,0.933,17756.6,940.4,9,0.0298,2.06,None
2024-01-01 11:56:10,1413344,7679777,TCP,141.5,5.376,3813.1,2239.6,8,0.002,5.47,None
2024-01-01 11:56:15,5649470,1393989,DNS,134.4,4.189,22335.4,2718.8,9,0.016,2.77,None
2024-01-01 11:56:20,4048839,3217930,DNS,119.3,1.003,3594.5,48485.6,14,0.009,0.42,None
2024-01-01 11:56:25,4194800,1573351,TCP,250.7,2.401,2331.7,4253.0,11,0.0059,19.17,None
2024-01-01 11:56:30,7108036,2786164,DNS,87.0,0.184,11898.2,10303.2,7,0.0105,4.57,None
2024-01-01 11:56:35,5824734,7957681,UDP,176.4,2.493,4028.7,5043.8,14,0.0162,2.85,None
2024-01-01 11:56:40,6198388,3982656,DNS,122.5,7.213,3406.4,14812.1,9,0.0353,6.53,None
2024-01-01 11:56:45,3537762,4827646,HTTP,101.4,1.542,897.5,8000.7,9,0.0108,18.09,None
2024-01-01 11:56:50,5449721,7130437,DNS,540.8,1.38,5768.8,10436.9,13,0.0137,5.39,None
2024-01-01 11:56:55,2415010,4127568,HTTP,183.0,0.415,1820.2,29355.8,4,0.0094,13.01,None
2024-01-01 11:57:00,1371710,6827672,HTTP,201.7,2.009,1904.9,12585.1,13,0.0083,5.21,None
2024-01-01 11:57:05,7684064,9237498,HTTP,262.1,1.785,1825.2,3885.2,9,0.0007,9.29,None
2024-01-01 11:57:10,5227054,9738450,UDP,72.9,2.111,4624.1,11070.8,11,0.0017,12.51,None
2024-01-01 11:57:15,1131690,3553484,HTTP,356.4,0.053,642.0,91003.5,14,0.0048,18.19,None
2024-01-01 11:57:20,9647191,3343565,DNS,42.3,1.591,2414.3,14256.5,9,0.0105,6.76,None
2024-01-01 11:57:25,7839818,9806344,TCP,101.1,1.807,7944.8,9432.4,10,0.0008,10.72,None
2024-01-01 11:57:30,8630162,4249748,DNS,118.0,0.465,857.8,2057.9,11,0.0079,15.43,None
2024-01-01 11:57:35,2543008,8136401,HTTP,198.5,0.467,3543.5,16721.0,8,0.0001,6.61,None
2024-01-01 11:57:40,8415069,7828180,UDP,165.6,0.647,1585.4,19384.5,13,0.0145,5.28,None
2024-01-01 11:57:45,5969613,1370113,HTTP,136.5,2.488,1990.8,11078.1,12,0.011,13.65,None
2024-01-01 11:57:50,7164290,7663444,UDP,147.5,1.864,15602.0,9082.4,14,0.0074,22.86,None
2024-01-01 11:57:55,1337514,2145995,HTTP,91.0,3.739,572.2,137659.7,11,0.0085,21.84,None
2024-01-01 11:58:00,9675480,2831163,HTTP,70.2,0.701,6410.1,19061.5,9,0.027,14.41,None
2024-01-01 11:58:05,1032050,3674449,UDP,213.4,4.862,1848.4,28001.9,11,0.0237,10.13,None
2024-01-01 11:58:10,8756843,2971278,DNS,209.9,2.723,1758.7,8663.6,9,0.0157,13.58,None
2024-01-01 11:58:15,7523449,4551574,TCP,327.7,1.005,980.9,7103.9,12,0.0041,19.25,None
2024-01-01 11:58:20,6347893,4012115,DNS,100.0,0.2,6335.3,15246.4,10,0.0011,2.23,None
2024-01-01 11:58:25,5263201,4891821,TCP,209.9,0.594,2461.7,7097.2,14,0.0039,18.75,None
2024-01-01 11:58:30,4901548,9548354,DNS,128.8,6.282,2169.7,7704.5,14,0.0139,15.79,None
2024-01-01 11:58:35,1201771,6775038,UDP,269.1,0.743,3327.0,12877.1,10,0.0094,6.46,None
2024-01-01 11:58:40,5448410,7848697,UDP,247.4,0.801,2514.2,4852.2,9,0.0122,21.02,None
2024-01-01 11:58:45,7674495,2164529,TCP,164.9,0.42,403.2,10101.2,9,0.0011,1.92,None
2024-01-01 11:58:50,4666730,5429823,HTTP,125.2,3.289,1824.7,8778.7,7,0.0017,22.05,None
2024-01-01 11:58:55,2815137,2251579,UDP,240.0,0.645,7298.6,21312.0,6,0.0109,9.31,None
2024-01-01 11:59:00,2548792,2640390,HTTP,205.1,0.802,660.8,4397.0,10,0.0046,19.45,None
2024-01-01 11:59:05,1137249,6454092,TCP,105.4,1.07,1002.3,1096.7,11,0.0046,3.71,None
2024-01-01 11:59:10,3803863,2659023,UDP,76.4,1.137,1945.4,5939.4,10,0.005,13.62,None
2024-01-01 11:59:15,5250528,2271267,HTTP,128.5,1.06,1442.9,12055.6,10,0.0159,0.8,None
2024-01-01 11:59:20,6938457,6090749,DNS,316.6,1.401,2899.0,21249.9,8,0.012,6.69,None
2024-01-01 11:59:25,7912764,4047653,TCP,263.3,3.37,999.2,4052.8,9,0.0011,19.91,None
2024-01-01 11:59:30,7137656,8154233,UDP,85.1,3.422,2022.6,13934.2,7,0.0042,10.9,None
2024-01-01 11:59:35,1601488,4578709,UDP,82.8,3.202,2841.3,25214.0,5,0.0112,15.83,None
2024-01-01 11:59:40,6752363,1686479,TCP,17.2,0.213,1032.8,17175.7,24,0.0699,19.37,PortScan
2024-01-01 11:59:45,2804823,9527396,TCP,25.5,3.216,350.6,3675.2,16,0.0317,12.73,PortScan
2024-01-01 11:59:50,1214359,3022196,UDP,36.9,0.256,295.4,4091.9,21,0.0148,14.06,PortScan
2024-01-01 11:59:55,1942069,7170565,TCP,15.2,0.266,995.7,12519.0,22,0.0145,18.39,PortScan
2024-01-01 12:00:00,9706393,2282386,DNS,333.1,5.908,2480.2,41164.9,5,0.0085,2.89,None
2024-01-01 12:00:05,6061979,2649408,UDP,101.0,3.423,6828.6,8218.7,8,0.0052,1.72,None
2024-01-01 12:00:10,8253139,4306952,TCP,262.9,1.608,20568.3,6868.3,13,0.002,14.93,None
2024-01-01 12:00:15,4460961,5688172,TCP,162.8,4.158,3426.5,2059.8,16,0.0105,23.4,None
2024-01-01 12:00:20,6708024,1481653,UDP,168.4,9.087,754.8,5629.1,19,0.0017,15.47,None
2024-01-01 12:00:25,1998583,7376989,HTTP,55.4,1.887,3264.6,3963.0,11,0.0043,16.92,None
2024-01-01 12:00:30,4945582,3593341,UDP,49.3,1.898,1617.0,8326.5,8,0.0158,15.81,None
2024-01-01 12:00:35,7307988,8580647,DNS,132.9,2.808,2265.5,1785.0,10,0.0115,14.54,None
2024-01-01 12:00:40,9013003,5908854,TCP,167.9,0.528,21698.0,5833.7,4,0.0093,4.74,None
2024-01-01 12:00:45,4544482,3318356,DNS,84.6,0.366,877.6,2954.4,15,0.0267,20.17,None
2024-01-01 12:00:50,6649524,9647083,TCP,86.1,2.851,4025.8,20748.5,9,0.0013,13.83,None
2024-01-01 12:00:55,1335160,7214883,UDP,196.5,0.846,1239.3,3431.8,5,0.0117,23.48,None
2024-01-01 12:01:00,5437340,8582707,HTTP,196.7,0.29,2191.5,4571.7,7,0.0012,1.66,None
2024-01-01 12:01:05,2851665,6887319,DNS,138.5,0.756,6278.2,10744.3,13,0.0015,7.16,None
2024-01-01 12:01:10,5666815,5155575,UDP,219.2,0.888,4097.6,5147.6,10,0.0071,2.38,None
2024-01-01 12:01:15,4234350,8946742,HTTP,82.5,6.718,2380.3,85772.4,7,0.0002,20.62,None
2024-01-01 12:01:20,6286863,6376800,UDP,124.2,2.394,1556.5,20547.9,4,0.007,19.63,None
2024-01-01 12:01:25,7884473,8234640,DNS,338.3,1.514,4089.1,8243.7,14,0.0001,18.55,None
2024-01-01 12:01:30,3911543,4596653,DNS,153.6,6.939,16443.5,11708.9,9,0.0092,16.29,None
2024-01-01 12:01:35,1132690,1444090,DNS,158.1,4.669,1210.3,768.6,10,0.0037,2.56,None
2024-01-01 12:01:40,7312435,2433570,UDP,470.1,1.435,20164.2,27770.4,7,0.0009,9.74,None
2024-01-01 12:01:45,5810120,8730434,TCP,73.7,4.722,9892.2,13519.6,13,0.0152,16.91,None
2024-01-01 12:01:50,5175904,3430043,DNS,221.0,1.036,11723.5,7531.4,12,0.0049,8.66,None
2024-01-01 12:01:55,9558412,8530436,TCP,341.0,0.524,4057.9,14269.1,14,0.0059,17.23,None
2024-01-01 12:02:00,1820426,7611079,HTTP,126.2,0.53,9615.5,16120.5,16,0.0047,6.85,None
2024-01-01 12:02:05,7406396,9590650,UDP,228.1,2.171,1087.0,5343.5,14,0.0009,13.04,None
2024-01-01 12:02:10,9622048,8386505,UDP,90.8,1.391,1528.4,11850.9,13,0.0062,8.51,None
2024-01-01 12:02:15,4963366,1083857,TCP,105.3,2.151,6411.3,23126.3,8,0.0109,22.12,None
2024-01-01 12:02:20,4627309,9494085,UDP,179.9,2.317,4007.2,12770.6,8,0.0234,10.62,None
2024-01-01 12:02:25,5518792,2942141,HTTP,221.2,0.045,2569.9,6294.3,9,0.0144,6.88,None
2024-01-01 12:02:30,7835807,1572473,DNS,259.9,0.111,244.1,10901.4,6,0.0008,1.37,None
2024-01-01 12:02:35,6668976,7855223,UDP,325.3,1.521,1928.6,32281.2,7,0.0018,3.49,None
2024-01-01 12:02:40,2888259,3249679,UDP,143.5,0.424,921.4,17747.1,14,0.0005,13.56,None
2024-01-01 12:02:45,2769515,6472950,HTTP,269.6,2.002,4883.1,2532.4,8,0.0013,16.83,None
2024-01-01 12:02:50,4293352,1182573,UDP,125.1,1.607,2462.3,14569.5,6,0.0065,22.9,None
2024-01-01 12:02:55,1058362,6011172,HTTP,233.0,1.763,1590.3,12761.1,10,0.0025,14.32,None
2024-01-01 12:03:00,2306771,2225185,HTTP,164.6,0.72,41894.5,25954.8,8,0.0104,16.34,None
2024-01-01 12:03:05,1722024,4650080,UDP,185.5,2.042,8418.4,8373.4,6,0.0003,14.88,None
2024-01-01 12:03:10,3910238,7411442,TCP,183.4,3.538,8568.7,5600.8,5,0.0195,21.66,None
2024-01-01 12:03:15,9757967,8138505,DNS,66.5,12.502,26962.8,2062.8,11,0.0113,7.26,None
2024-01-01 12:03:20,2070888,6334760,UDP,84.6,3.646,6648.8,4045.7,13,0.0348,14.48,None
2024-01-01 12:03:25,4833833,1055622,HTTP,156.2,1.631,1378.9,27117.8,14,0.0305,23.03,None
2024-01-01 12:03:30,1774118,7152507,HTTP,63.8,0.43,1226.7,9876.9,10,0.0118,0.17,None
2024-01-01 12:03:35,6408530,9275643,HTTP,224.9,2.288,7823.6,7333.5,14,0.0017,6.5,None
2024-01-01 12:03:40,6371315,7368441,HTTP,229.5,5.55,380.2,29602.8,16,0.0025,18.21,None
2024-01-01 12:03:45,9687759,4594235,DNS,174.8,0.476,2757.9,24091.2,16,0.0033,11.28,None
2024-01-01 12:03:50,5205975,5464759,DNS,84.7,0.591,340.0,3882.6,10,0.0056,4.04,None
2024-01-01 12:03:55,2962471,2487462,HTTP,295.9,0.323,3290.7,26930.0,13,0.0085,13.72,None
2024-01-01 12:04:00,4613519,6236677,HTTP,411.0,2.669,7002.8,1542.9,13,0.0115,12.36,None
2024-01-01 12:04:05,2726862,6205737,TCP,159.7,1.044,3941.9,12830.0,14,0.0008,10.9,None
2024-01-01 12:04:10,2363175,6751443,HTTP,191.6,0.129,7616.8,11399.3,15,0.0094,8.2,None
2024-01-01 12:04:15,1076621,9701688,HTTP,164.2,4.158,21265.2,25585.5,11,0.0006,1.26,None
2024-01-01 12:04:20,2258619,9874142,HTTP,193.5,1.631,2582.4,11861.0,6,0.0175,14.5,None
2024-01-01 12:04:25,6150101,6969516,TCP,139.8,0.804,49397.3,6345.1,13,0.0004,12.41,None
2024-01-01 12:04:30,8933505,1349969,TCP,145.9,0.843,3687.4,6866.7,3,0.0049,14.05,None
2024-01-01 12:04:35,3581747,3491509,DNS,233.4,0.686,7701.5,119760.5,5,0.0054,0.06,None
2024-01-01 12:04:40,2390961,6578896,UDP,479.5,1.216,1618.0,8801.2,11,0.0084,1.98,None
2024-01-01 12:04:45,3386607,3544318,TCP,73.7,0.822,15052.7,14721.7,10,0.001,4.02,None
2024-01-01 12:04:50,7099126,3475831,TCP,140.9,1.588,8448.2,1073.7,13,0.027,10.76,None
2024-01-01 12:04:55,4407344,6101225,DNS,82.3,2.97,12983.7,3542.7,11,0.0048,19.39,None
2024-01-01 12:05:00,7231379,4450180,HTTP,329.0,2.245,3147.9,13612.8,4,0.005,5.9,None
2024-01-01 12:05:05,3628166,7090558,TCP,110.6,0.698,849.4,1612.4,18,0.0028,19.4,None
2024-01-01 12:05:10,4110738,9089734,HTTP,72.1,1.505,4723.9,14036.3,5,0.0152,5.65,None
2024-01-01 12:05:15,5194703,4772984,DNS,204.2,3.667,546.2,3924.0,14,0.0001,17.98,None
2024-01-01 12:05:20,5402240,9636691,HTTP,355.0,0.141,2129.9,2881.7,9,0.0011,20.98,None
2024-01-01 12:05:25,6574115,1322295,DNS,206.8,0.163,3608.6,3909.5,10,0.0064,19.6,None
2024-01-01 12:05:30,5365275,4780359,UDP,164.4,1.625,32119.7,37329.5,7,0.0345,17.72,None
2024-01-01 12:05:35,8937548,6683959,TCP,182.1,2.038,4099.2,11309.7,12,0.0004,0.92,None
2024-01-01 12:05:40,1032261,9580782,HTTP,301.1,0.475,3427.3,3260.3,7,0.0006,7.92,None
2024-01-01 12:05:45,2478394,2142377,HTTP,95.9,2.735,2798.9,17594.5,13,0.0125,4.72,None
2024-01-01 12:05:50,7946617,5257290,DNS,140.3,2.078,778.9,18578.1,9,0.0133,11.39,None
2024-01-01 12:05:55,7863460,4881164,DNS,118.4,5.135,3248.1,5534.1,4,0.0227,8.5,None
2024-01-01 12:06:00,2547441,7525083,HTTP,82.8,0.37,3304.0,21145.3,8,0.0086,14.83,None
2024-01-01 12:06:05,3990917,8055382,DNS,125.9,2.784,1131.6,22175.6,19,0.0052,13.58,None
2024-01-01 12:06:10,2415739,2373825,TCP,258.2,0.175,909.8,18983.6,11,0.006,10.34,None
2024-01-01 12:06:15,9936249,8078541,UDP,197.0,1.666,1841.7,4130.9,14,0.0056,18.42,None
2024-01-01 12:06:20,5712133,7947286,DNS,204.8,1.605,3180.9,2492.3,10,0.0363,0.36,None
2024-01-01 12:06:25,8939347,6067415,TCP,159.7,0.983,1886.4,1490.9,9,0.0048,20.78,None
2024-01-01 12:06:30,1823719,5850300,DNS,192.8,3.723,1042.2,4206.9,9,0.001,0.07,None
2024-01-01 12:06:35,7231741,5217326,DNS,99.5,0.009,3980.9,5609.3,7,0.0034,10.85,None
2024-01-01 12:06:40,6148270,2030068,HTTP,127.1,1.469,5109.6,6084.9,10,0.0322,21.15,None
2024-01-01 12:06:45,7600997,6672960,UDP,163.4,0.49,3365.4,7729.5,8,0.0056,10.03,None
2024-01-01 12:06:50,1975369,9672195,DNS,170.5,2.721,1697.7,45843.5,9,0.0038,18.14,None
2024-01-01 12:06:55,1203374,5242838,TCP,174.2,0.088,5403.7,5770.0,7,0.0037,9.67,None
2024-01-01 12:07:00,5771402,5104781,DNS,138.5,3.562,2463.8,7717.3,7,0.0001,20.42,None
2024-01-01 12:07:05,8850176,8240665,UDP,122.9,3.641,907.7,1316.1,10,0.01,23.98,None
2024-01-01 12:07:10,3081997,6936656,DNS,719.7,3.578,8402.2,75204.9,19,0.0129,21.56,None
2024-01-01 12:07:15,1243417,4666397,HTTP,233.5,0.331,4245.0,2173.5,10,0.0044,1.34,None
2024-01-01 12:07:20,1359440,3891558,UDP,182.5,1.991,2645.7,3996.4,9,0.0206,3.56,None
2024-01-01 12:07:25,4550233,9178510,UDP,132.1,0.029,619.5,16248.0,8,0.0136,13.0,None
2024-01-01 12:07:30,8685726,5928284,TCP,118.4,3.767,1415.4,10365.0,10,0.0092,23.08,None
2024-01-01 12:07:35,2553571,6689458,HTTP,139.0,2.567,22439.2,41906.1,7,0.0122,9.75,None
2024-01-01 12:07:40,1296210,2163239,TCP,171.8,1.515,659.6,16647.5,8,0.0147,6.65,None
2024-01-01 12:07:45,5355327,3298727,UDP,58.0,2.623,2318.4,7470.5,15,0.0075,23.16,None
2024-01-01 12:07:50,6451525,2649809,DNS,67.7,0.198,2932.7,23019.2,8,0.0051,17.01,None
2024-01-01 12:07:55,3478877,6294803,HTTP,107.9,1.504,4107.1,25882.1,12,0.0013,18.49,None
2024-01-01 12:08:00,6144336,1493304,UDP,164.6,0.689,667.0,4187.4,9,0.0052,2.66,None
2024-01-01 12:08:05,1637263,2764060,HTTP,131.7,7.196,3548.1,21227.0,16,0.008,6.3,None
2024-01-01 12:08:10,7455305,6738948,TCP,310.8,3.891,552.2,6488.2,12,0.0295,12.09,None
2024-01-01 12:08:15,5862051,5719601,UDP,70.7,2.643,3286.0,7306.5,7,0.0017,17.67,None
2024-01-01 12:08:20,9757393,3655715,HTTP,101.9,5.429,1552.5,9348.1,8,0.0141,8.33,None
2024-01-01 12:08:25,3947657,1893955,HTTP,317.4,0.852,1254.0,5537.1,12,0.0028,4.9,None
2024-01-01 12:08:30,3227300,5979245,DNS,158.5,4.623,6869.3,5247.0,9,0.0315,10.49,None
2024-01-01 12:08:35,9024707,1495396,DNS,231.0,0.787,2355.2,21692.5,10,0.009,10.18,None
2024-01-01 12:08:40,7860231,9816094,UDP,413.9,2.639,4787.2,1756.5,7,0.0057,20.95,None
2024-01-01 12:08:45,1659735,1745957,DNS,104.9,2.667,4948.4,2802.8,12,0.0043,22.41,None
2024-01-01 12:08:50,6151982,4240183,HTTP,141.2,0.037,10614.3,15910.5,9,0.0023,4.05,None
2024-01-01 12:08:55,6837921,4335870,TCP,129.5,0.896,890.5,7533.4,12,0.0125,6.71,None
2024-01-01 12:09:00,1048971,5406913,HTTP,55.9,0.039,7472.7,21840.3,9,0.0101,18.86,None
2024-01-01 12:09:05,8658281,9975394,HTTP,127.1,11.681,3030.4,11590.4,6,0.0221,5.88,None
2024-01-01 12:09:10,8611371,5749592,HTTP,230.6,0.261,2042.4,2135.2,16,0.0091,6.35,None
2024-01-01 12:09:15,8398042,2517993,HTTP,194.5,1.565,944.6,8628.6,8,0.0019,16.24,None
2024-01-01 12:09:20,8855288,9151775,DNS,202.3,3.127,5467.6,13829.3,10,0.0115,12.26,None
2024-01-01 12:09:25,1407717,2971078,HTTP,123.0,0.449,1185.3,10239.8,12,0.0211,16.89,None
2024-01-01 12:09:30,6678131,7398667,DNS,106.9,1.327,5003.1,5073.2,6,0.0465,1.74,None
2024-01-01 12:09:35,1938192,9223778,HTTP,280.0,1.87,20492.8,6161.4,13,0.0116,12.1,None
2024-01-01 12:09:40,7995983,6890369,HTTP,115.7,0.349,7942.4,4628.2,12,0.0034,16.15,None
2024-01-01 12:09:45,1851758,1454353,HTTP,171.9,3.015,11985.3,2153.4,10,0.0083,11.39,None
2024-01-01 12:09:50,1294696,9266535,HTTP,161.0,0.711,1452.4,1876.7,9,0.0072,3.07,None
2024-01-01 12:09:55,1846768,6252354,TCP,308.2,0.474,6391.6,11968.4,11,0.0072,3.21,None
2024-01-01 12:10:00,1735215,4124018,TCP,241.2,1.634,949.4,3389.9,9,0.0008,14.11,None
2024-01-01 12:10:05,8730613,9077084,DNS,77.7,1.056,2360.2,14408.9,10,0.0022,3.46,None
2024-01-01 12:10:10,6756780,7861325,UDP,82.0,5.059,17005.2,4469.1,11,0.0074,7.29,None
2024-01-01 12:10:15,9661613,2303592,TCP,198.2,4.242,1623.2,2179.5,12,0.016,10.59,None
2024-01-01 12:10:20,2295890,6158879,HTTP,143.7,1.321,9057.6,5388.7,13,0.002,14.24,None
2024-01-01 12:10:25,4726579,8660471,DNS,118.2,0.89,8230.9,65800.0,9,0.0018,6.37,None
2024-01-01 12:10:30,1779397,3092292,DNS,246.6,0.788,8731.9,7364.2,14,0.0143,9.73,None
2024-01-01 12:10:35,7532164,3373175,DNS,163.0,0.623,839.7,15457.8,12,0.0117,8.83,None
2024-01-01 12:10:40,4255206,9940582,HTTP,152.4,1.573,5040.2,9593.1,13,0.0066,2.33,None
2024-01-01 12:10:45,6198441,1434311,DNS,219.2,3.269,2548.9,1987.8,16,0.0005,19.29,None
2024-01-01 12:10:50,3968198,1300404,HTTP,123.0,0.744,8852.9,34508.6,11,0.0064,17.82,None
2024-01-01 12:10:55,1674934,4965390,HTTP,325.1,0.422,569.6,6324.4,9,0.018,18.82,None
2024-01-01 12:11:00,8532642,9314787,TCP,100.1,1.291,4306.1,2185.3,9,0.0001,3.54,None
2024-01-01 12:11:05,6876293,6056664,UDP,206.1,0.143,3738.3,4855.0,8,0.0011,12.42,None
2024-01-01 12:11:10,5057127,9403710,DNS,304.0,2.416,407.4,6592.9,10,0.0166,7.93,None
2024-01-01 12:11:15,4590161,9647231,TCP,74.5,1.461,1229.8,17145.3,11,0.0074,8.36,None
2024-01-01 12:11:20,7576016,1565416,HTTP,125.0,1.372,478.1,4102.0,7,0.0109,1.58,None
2024-01-01 12:11:25,6546358,6216297,HTTP,262.7,0.715,1441.8,111340.2,13,0.0137,22.7,None
2024-01-01 12:11:30,4741684,4424697,DNS,264.7,4.701,5162.7,3174.3,11,0.0036,22.55,None
2024-01-01 12:11:35,6962002,7169157,HTTP,136.2,0.19,3624.1,14943.0,8,0.0035,9.8,None
2024-01-01 12:11:40,2843017,6444055,UDP,102.8,4.078,3531.2,1125.6,16,0.0031,20.51,None
2024-01-01 12:11:45,5011337,9356707,HTTP,239.4,0.945,1053.9,7160.3,14,0.0018,7.92,None
2024-01-01 12:11:50,4094231,9393983,UDP,268.2,4.251,9140.3,11698.7,12,0.0036,13.43,None
2024-01-01 12:11:55,8116170,6384849,HTTP,82.9,2.61,2925.4,2645.0,11,0.0305,17.87,None
2024-01-01 12:12:00,9534275,8689729,TCP,81.3,0.22,3083.1,36280.9,11,0.0009,12.55,None
2024-01-01 12:12:05,3017787,3329636,UDP,166.1,3.562,7634.2,12512.4,7,0.0028,3.93,None
2024-01-01 12:12:10,6462614,5698323,UDP,203.3,2.293,1106.2,5897.9,10,0.0038,9.1,None
2024-01-01 12:12:15,3786118,9269805,TCP,127.8,0.066,3746.4,12378.0,9,0.0017,18.23,None
2024-01-01 12:12:20,1116942,3878013,HTTP,208.4,0.287,4552.6,4476.9,4,0.0008,18.74,None
2024-01-01 12:12:25,1877002,7681577,UDP,104.1,2.019,1727.5,28321.6,7,0.0018,8.11,None
2024-01-01 12:12:30,7199974,9884479,TCP,51.6,2.173,5723.7,22366.0,11,0.0075,12.97,None
2024-01-01 12:12:35,8328798,7694880,HTTP,120.1,2.746,4803.6,11771.0,6,0.0091,4.97,None
2024-01-01 12:12:40,9422529,8531555,UDP,153.2,2.548,2694.1,14938.4,6,0.0024,6.03,None
2024-01-01 12:12:45,2996719,2829537,DNS,129.3,2.155,2611.9,1849.7,7,0.007,3.48,None
2024-01-01 12:12:50,4561035,2428967,HTTP,83.2,2.907,5031.9,35134.7,6,0.0001,10.51,None
2024-01-01 12:12:55,2352731,2390993,TCP,59.9,1.712,6558.2,7336.7,11,0.0092,17.28,None
2024-01-01 12:13:00,2966215,5319936,UDP,114.8,0.604,3174.5,22585.1,7,0.0,21.1,None
2024-01-01 12:13:05,4657027,5904458,HTTP,232.5,4.869,9137.9,17151.5,9,0.0103,13.07,None
2024-01-01 12:13:10,2606352,9867103,TCP,278.1,0.037,5759.0,22241.5,13,0.0066,15.65,None
2024-01-01 12:13:15,8755868,4675067,HTTP,268.8,0.913,498.5,2841.9,13,0.0012,6.4,None
2024-01-01 12:13:20,2351048,3713695,UDP,98.7,2.61,731.5,3227.6,13,0.0009,4.85,None
2024-01-01 12:13:25,2157756,9427442,HTTP,83.4,1.114,9722.9,76747.4,8,0.0001,9.5,None
2024-01-01 12:13:30,7772069,8692499,UDP,190.2,0.05,2329.1,1773.4,12,0.008,13.41,None
2024-01-01 12:13:35,1722163,6533210,TCP,203.9,0.137,3512.8,2703.7,15,0.0164,0.81,None
2024-01-01 12:13:40,8909928,6508163,HTTP,181.3,2.092,9314.2,8461.2,13,0.0194,2.21,None
2024-01-01 12:13:45,3708746,4481568,HTTP,54.2,6.697,2961.9,8475.9,9,0.0084,15.14,None
2024-01-01 12:13:50,7549269,8919700,HTTP,96.2,1.605,3094.1,4722.0,9,0.0218,4.78,None
2024-01-01 12:13:55,8333352,7138431,HTTP,146.2,1.414,1250.5,15004.1,6,0.0198,10.88,None
2024-01-01 12:14:00,4778348,4457814,HTTP,189.4,0.766,4315.6,19971.9,7,0.012,22.48,None
2024-01-01 12:14:05,1442394,3756322,DNS,217.8,0.593,5358.9,7957.2,8,0.0045,20.7,None
2024-01-01 12:14:10,7009309,2352517,HTTP,159.5,0.042,1672.6,6195.1,5,0.0176,1.53,None
2024-01-01 12:14:15,5412156,3779450,TCP,175.1,0.638,1185.6,7924.7,7,0.005,1.41,None
2024-01-01 12:14:20,9003572,5272520,HTTP,154.8,1.192,41203.9,4927.8,10,0.0052,3.49,None
2024-01-01 12:14:25,9764693,8983551,HTTP,209.1,0.441,2716.5,1482.9,15,0.0113,2.79,None
2024-01-01 12:14:30,1144201,3017751,TCP,173.5,0.183,1504.6,10948.1,10,0.0263,6.09,None
2024-01-01 12:14:35,4925824,3731620,HTTP,153.4,2.53,6042.6,17428.0,9,0.0069,8.93,None
2024-01-01 12:14:40,9147947,8852238,DNS,129.8,4.5,2833.3,6947.1,12,0.002,1.99,None
2024-01-01 12:14:45,7361174,5269017,UDP,154.6,5.522,1006.5,841.3,11,0.0015,11.05,None
2024-01-01 12:14:50,2368139,4528521,UDP,189.1,1.925,4832.2,4574.6,9,0.0036,12.72,None
2024-01-01 12:14:55,3010321,5218538,UDP,169.7,0.108,1270.1,20044.7,15,0.0061,15.88,None
2024-01-01 12:15:00,2247344,8532294,UDP,179.5,2.701,14421.2,1923.2,11,0.0035,9.75,None
2024-01-01 12:15:05,4303258,4789832,UDP,290.4,0.233,4887.8,16250.6,11,0.0124,7.1,None
2024-01-01 12:15:10,8230647,5173795,HTTP,169.5,2.216,2260.0,5190.5,12,0.0078,15.44,None
2024-01-01 12:15:15,2277743,4039846,UDP,107.3,3.022,3325.4,7952.4,7,0.0052,21.87,None
2024-01-01 12:15:20,3061822,1725697,UDP,230.9,2.588,7356.1,4081.0,8,0.0024,9.52,None
2024-01-01 12:15:25,4511899,5531071,TCP,75.0,6.068,3590.2,2603.0,7,0.0093,7.04,None
2024-01-01 12:15:30,4386336,5418737,TCP,86.4,2.68,24887.2,34004.4,9,0.0112,17.23,None
2024-01-01 12:15:35,8466680,1853368,HTTP,175.5,2.363,9282.3,18321.7,10,0.0153,21.05,None
2024-01-01 12:15:40,4765375,7169497,TCP,192.1,0.607,4854.2,15440.1,15,0.0469,23.04,None
2024-01-01 12:15:45,9586207,2846916,UDP,79.6,5.174,1168.0,20101.6,10,0.0026,5.28,None
2024-01-01 12:15:50,2829195,1985066,DNS,122.6,0.396,2573.7,13396.0,10,0.0002,7.27,None
2024-01-01 12:15:55,6564628,1878019,TCP,109.6,4.706,4812.0,20829.6,9,0.0069,21.74,None
2024-01-01 12:16:00,6305912,2799604,DNS,116.4,0.75,1309.2,4171.8,6,0.0258,6.48,None
2024-01-01 12:16:05,4873275,4381089,UDP,237.9,0.279,10866.4,32134.5,8,0.0029,8.29,None
2024-01-01 12:16:10,3303614,5639585,TCP,211.3,3.505,1125.3,29390.6,9,0.0141,15.35,None
2024-01-01 12:16:15,4264496,6843897,DNS,147.0,0.005,1576.2,11854.7,12,0.0038,13.64,None
2024-01-01 12:16:20,1910063,6999494,TCP,113.0,3.569,1698.8,6075.4,6,0.005,21.07,None
2024-01-01 12:16:25,8558624,2960050,HTTP,75.6,0.608,6271.8,2383.8,8,0.0295,14.68,None
2024-01-01 12:16:30,7859828,7786847,UDP,301.9,4.321,1332.8,10184.9,7,0.0062,11.73,None
2024-01-01 12:16:35,8139088,5551961,UDP,199.5,2.352,492.8,43691.8,10,0.0129,1.77,None
2024-01-01 12:16:40,3230340,9294300,UDP,104.2,2.194,8848.8,2538.1,13,0.008,23.4,None
2024-01-01 12:16:45,4198287,9563985,UDP,212.7,0.909,1911.4,22428.2,4,0.0144,10.14,None
2024-01-01 12:16:50,4237123,2643173,DNS,143.3,0.122,1024.0,5057.2,11,0.0038,13.74,None
2024-01-01 12:16:55,1170889,6313770,TCP,128.6,3.545,1401.3,5507.7,7,0.0209,12.05,None
2024-01-01 12:17:00,6804978,3136219,UDP,184.5,0.375,16593.4,2501.2,7,0.008,17.71,None
2024-01-01 12:17:05,8648669,6575373,DNS,102.4,0.931,1545.3,3818.1,10,0.0037,15.51,None
2024-01-01 12:17:10,7815518,8618939,DNS,125.0,1.834,2635.0,15471.9,3,0.0004,8.22,None
2024-01-01 12:17:15,8360301,7751923,HTTP,157.7,1.317,1906.6,17520.5,16,0.0001,12.48,None
2024-01-01 12:17:20,6137341,7555265,HTTP,115.6,0.443,869.0,10258.5,8,0.0044,19.82,None
2024-01-01 12:17:25,2318618,7577554,UDP,207.4,0.303,1418.4,4910.8,7,0.0024,15.2,None
2024-01-01 12:17:30,4148703,3549772,HTTP,377.9,0.263,811.5,2687.7,9,0.0005,22.91,None
2024-01-01 12:17:35,5044167,1567789,DNS,101.8,3.976,7753.4,8619.3,13,0.008,18.09,None
2024-01-01 12:17:40,8985884,8373898,TCP,64.5,0.064,3297.4,5625.4,7,0.0449,11.64,None
2024-01-01 12:17:45,3710735,8040448,DNS,54.6,7.546,35691.9,10008.4,13,0.0055,19.37,None
2024-01-01 12:17:50,6486286,8928482,UDP,137.7,0.443,1467.2,5876.8,12,0.008,10.61,None
2024-01-01 12:17:55,9661902,8252051,DNS,106.5,0.234,1262.9,6029.0,16,0.0025,5.12,None
2024-01-01 12:18:00,5281658,7632220,UDP,164.7,1.721,13818.4,9499.2,5,0.0023,15.11,None
2024-01-01 12:18:05,3853000,1241505,UDP,158.6,0.167,8586.8,11524.1,8,0.004,8.49,None
2024-01-01 12:18:10,1369691,4622901,TCP,66.6,1.845,4379.8,27554.5,7,0.018,0.6,None
2024-01-01 12:18:15,6947622,5755174,UDP,59.9,3.803,978.8,5784.9,6,0.0323,5.14,None
2024-01-01 12:18:20,2968561,3629803,TCP,172.1,0.098,17068.6,13981.6,10,0.0135,4.01,None
2024-01-01 12:18:25,1662571,5789900,HTTP,158.8,3.218,2773.6,49198.7,6,0.0002,19.08,None
2024-01-01 12:18:30,9010007,6814852,TCP,120.0,1.003,1937.8,14358.2,11,0.0058,17.44,None
2024-01-01 12:18:35,2232527,8929048,HTTP,64.8,0.347,9348.4,25958.4,14,0.0055,14.75,None
2024-01-01 12:18:40,2040439,4708456,TCP,187.9,0.387,2915.2,4356.3,11,0.0274,22.42,None
2024-01-01 12:18:45,9193658,3574902,UDP,280.3,5.021,929.2,3942.8,11,0.0137,4.27,None
2024-01-01 12:18:50,5001686,2055033,DNS,170.5,0.234,3103.6,6909.3,10,0.0125,3.92,None
2024-01-01 12:18:55,2552587,5284264,HTTP,97.2,4.032,1364.6,7685.3,13,0.0083,21.82,None
2024-01-01 12:19:00,1884594,7242091,HTTP,151.8,1.572,147.0,23643.1,18,0.0104,15.53,None
2024-01-01 12:19:05,7448473,1589284,TCP,75.0,0.08,1234.3,3906.2,4,0.012,13.38,None
2024-01-01 12:19:10,6831408,9434358,UDP,251.9,1.249,1758.6,7415.8,14,0.008,17.76,None
2024-01-01 12:19:15,2305978,5526663,HTTP,154.6,3.401,938.6,23737.8,7,0.0186,6.76,None
2024-01-01 12:19:20,3086458,7825690,UDP,61.3,2.591,5298.9,10052.2,18,0.0004,14.28,None
2024-01-01 12:19:25,6558310,7917957,DNS,127.7,1.342,1370.0,8015.9,10,0.0284,10.25,None
2024-01-01 12:19:30,9111233,6575494,HTTP,187.1,3.933,4809.9,10285.6,5,0.0149,7.37,None
2024-01-01 12:19:35,3453171,9315870,UDP,125.6,0.256,868.4,2624.0,10,0.0075,21.03,None
2024-01-01 12:19:40,5063416,5802948,DNS,129.3,4.815,7399.9,2581.8,8,0.0197,3.86,None
2024-01-01 12:19:45,2038980,5941121,UDP,80.5,3.747,831.7,1655.4,5,0.0176,0.43,None
2024-01-01 12:19:50,1292776,7246691,DNS,197.0,2.464,286.7,9963.5,14,0.0054,8.62,None
2024-01-01 12:19:55,3429818,9962343,DNS,107.3,3.406,10272.9,20309.7,7,0.0183,4.76,None
2024-01-01 12:20:00,3710079,4839081,HTTP,50.5,1.57,1266.6,17423.7,9,0.0021,19.46,None
2024-01-01 12:20:05,2169704,8101150,HTTP,123.3,2.249,17273.5,25428.6,13,0.0063,3.04,None
2024-01-01 12:20:10,4214931,9817125,UDP,242.4,1.645,5242.7,34690.5,8,0.0026,22.5,None
2024-01-01 12:20:15,9768702,9820323,UDP,122.3,0.878,6570.0,9364.2,4,0.0013,4.02,None
2024-01-01 12:20:20,1402074,7919575,UDP,353.9,1.683,8480.1,7596.1,15,0.0225,21.34,None
2024-01-01 12:20:25,2556509,6065012,DNS,183.9,0.595,3336.5,35453.1,9,0.0046,4.04,None
2024-01-01 12:20:30,3931873,1216859,UDP,175.8,1.161,3374.7,4019.8,12,0.0115,1.15,None
2024-01-01 12:20:35,4422487,2192125,HTTP,139.2,0.659,10735.8,2493.6,18,0.0047,11.71,None
2024-01-01 12:20:40,5664203,6197264,DNS,143.4,0.262,3332.1,5774.0,8,0.0079,8.55,None
2024-01-01 12:20:45,6614876,5220918,TCP,130.1,0.777,1439.2,5137.2,9,0.0043,14.35,None
2024-01-01 12:20:50,3362167,5362579,UDP,127.6,3.821,5354.9,8504.3,7,0.0136,15.38,None
2024-01-01 12:20:55,7731821,5235826,TCP,193.5,0.96,360.1,3463.3,7,0.0154,22.43,None
2024-01-01 12:21:00,6087944,7243084,HTTP,91.1,2.757,69787.3,11728.0,521,0.0056,22.87,DDoS
2024-01-01 12:21:05,5844217,1760036,TCP,34.0,0.385,178581.7,4586.6,507,0.0196,11.88,DDoS
2024-01-01 12:21:10,3601357,7521658,DNS,84.6,1.105,9879.0,27672.8,9,0.0044,5.01,None
2024-01-01 12:21:15,3992402,8385769,DNS,64.3,0.244,455156.0,2453.9,461,0.0144,5.93,DDoS
2024-01-01 12:21:20,7396653,2676873,DNS,28.0,0.298,223498.2,7048.2,517,0.0105,2.39,DDoS
2024-01-01 12:21:25,3757304,4901429,DNS,172.8,1.922,2679.3,5796.9,14,0.0061,6.72,None
2024-01-01 12:21:30,8334301,3222031,TCP,88.9,1.87,57465.4,10207.6,471,0.022,21.87,DDoS
2024-01-01 12:21:35,3608789,4969170,HTTP,39.8,0.48,81023.3,20469.8,464,0.0085,8.75,DDoS
2024-01-01 12:21:40,8554147,2039018,HTTP,62.5,1.287,99185.2,10574.6,453,0.0183,15.11,DDoS
2024-01-01 12:21:45,6086852,9969327,DNS,28.0,3.98,697198.5,7125.3,497,0.0132,23.55,DDoS
2024-01-01 12:21:50,3688274,2998056,UDP,56.8,0.383,412576.1,16175.5,512,0.0076,2.56,DDoS
2024-01-01 12:21:55,6922276,5521078,UDP,79.7,0.039,63619.2,18826.6,504,0.004,18.61,DDoS
2024-01-01 12:22:00,9587239,1957658,TCP,54.8,2.111,29332.9,10606.3,494,0.0302,16.79,DDoS
2024-01-01 12:22:05,7456275,5608006,DNS,101.2,0.11,2997.7,11939.3,8,0.0006,19.66,None
2024-01-01 12:22:10,2975190,7592021,TCP,214.2,7.818,1893.6,15469.7,12,0.0225,3.29,None
2024-01-01 12:22:15,4309518,6510318,TCP,68.8,1.881,2725.9,1565.7,10,0.0071,12.04,None
2024-01-01 12:22:20,2083040,7291966,HTTP,196.8,1.271,8650.9,5705.6,10,0.0138,15.17,None
2024-01-01 12:22:25,4358611,9060266,TCP,209.0,1.124,3732.9,11804.5,13,0.0041,18.24,None
2024-01-01 12:22:30,1497936,9098149,DNS,95.6,1.702,6364.7,6053.5,20,0.0048,17.1,None
2024-01-01 12:22:35,5597422,1301337,UDP,98.5,0.19,4653.3,6074.5,6,0.0021,13.7,None
2024-01-01 12:22:40,7523832,4783889,UDP,132.8,5.319,2172.6,11788.8,10,0.0309,11.26,None
2024-01-01 12:22:45,2705541,8824173,HTTP,170.9,1.965,1094.7,12059.9,10,0.0004,22.6,None
2024-01-01 12:22:50,2471089,8377507,HTTP,137.5,0.407,3884.4,12926.8,16,0.0049,4.36,None
2024-01-01 12:22:55,6029711,7267887,TCP,184.3,1.654,3241.8,3669.4,13,0.0041,4.9,None
2024-01-01 12:23:00,5953678,7128742,UDP,358.3,0.286,7443.9,1962.9,8,0.0168,2.67,None
2024-01-01 12:23:05,2541110,3542202,HTTP,115.1,0.035,2563.4,18113.0,8,0.007,2.7,None
2024-01-01 12:23:10,2991486,6688998,DNS,63.0,1.991,2214.2,3856.8,6,0.0019,20.96,None
2024-01-01 12:23:15,1022357,6355067,TCP,224.3,2.091,2369.7,3599.2,11,0.0071,14.56,None
2024-01-01 12:23:20,3586469,2792772,TCP,344.3,1.753,1189.5,3288.7,14,0.0027,22.44,None
2024-01-01 12:23:25,7075380,6135735,DNS,180.6,0.405,12669.0,25617.5,8,0.0002,21.28,None
2024-01-01 12:23:30,5314446,7695727,TCP,86.2,1.85,9317.3,10016.9,7,0.0079,7.21,None
2024-01-01 12:23:35,8552741,2545384,DNS,139.5,0.116,886.2,11413.2,8,0.0045,15.39,None
2024-01-01 12:23:40,4279339,4316651,TCP,84.8,1.879,6660.5,16148.0,11,0.0027,9.11,None
2024-01-01 12:23:45,5245388,9284160,HTTP,204.7,1.615,471.1,7766.9,11,0.0019,21.03,None
2024-01-01 12:23:50,2691999,4758412,UDP,75.5,2.13,7984.8,22307.7,16,0.006,17.62,None
2024-01-01 12:23:55,8424233,4416117,UDP,127.7,4.517,1485.7,2448.4,15,0.0204,2.96,None
2024-01-01 12:24:00,9485995,6022591,DNS,89.8,3.799,4272.3,2736.4,12,0.0142,6.08,None
2024-01-01 12:24:05,8578444,5057075,DNS,158.1,7.891,432.9,2589.5,9,0.0,15.78,None
2024-01-01 12:24:10,3898570,5154556,DNS,123.6,7.48,899.0,12353.2,5,0.0131,5.91,None
2024-01-01 12:24:15,5623859,4784471,DNS,162.1,2.96,4763.3,13445.7,10,0.0008,12.82,None
2024-01-01 12:24:20,7109937,2412263,HTTP,150.1,6.266,1479.0,5051.4,17,0.0079,5.86,None
2024-01-01 12:24:25,9880154,1595465,TCP,90.6,4.039,1287.0,6422.5,12,0.0151,16.38,None
2024-01-01 12:24:30,7415339,1834594,TCP,203.0,2.601,12038.5,28798.3,13,0.006,1.8,None
2024-01-01 12:24:35,9551575,8496692,UDP,144.8,0.157,27199.6,4046.3,10,0.0047,17.31,None
2024-01-01 12:24:40,1373496,9118763,HTTP,90.5,0.101,7608.4,10888.2,11,0.028,8.09,None
2024-01-01 12:24:45,6552971,4451433,HTTP,455.1,3.635,1000.4,4081.8,18,0.0003,10.88,None
2024-01-01 12:24:50,5661267,6874957,HTTP,188.3,1.345,17387.7,24245.2,10,0.0011,11.61,None
2024-01-01 12:24:55,2776385,6192931,DNS,137.5,3.371,625.5,15190.5,14,0.0204,4.67,None
2024-01-01 12:25:00,4608207,5202366,HTTP,301.1,0.751,2198.5,2000.4,14,0.0217,22.61,None
2024-01-01 12:25:05,2600026,6900823,UDP,372.7,1.014,3148.8,6242.9,11,0.0047,0.0,None
2024-01-01 12:25:10,9132183,8772008,TCP,138.0,2.409,20415.3,1013.3,10,0.0078,8.95,None
2024-01-01 12:25:15,3161193,7171255,TCP,176.6,4.938,7425.4,19939.5,17,0.0018,3.08,None
2024-01-01 12:25:20,4993932,7794504,UDP,90.6,0.184,1874.8,62774.8,10,0.0216,8.64,None
2024-01-01 12:25:25,2059542,5765382,UDP,137.9,3.953,1158.7,915.6,8,0.0063,2.49,None
2024-01-01 12:25:30,8016449,8312703,DNS,134.4,3.15,8120.9,1944.8,7,0.0083,9.09,None
2024-01-01 12:25:35,3013684,1310954,HTTP,162.8,0.758,1748.7,9578.9,12,0.0013,4.65,None
2024-01-01 12:25:40,9734578,6155532,HTTP,175.3,0.878,3702.4,7954.9,9,0.0095,13.29,None
2024-01-01 12:25:45,2581516,9414057,UDP,196.4,0.095,757.7,5373.1,8,0.0119,0.29,None
2024-01-01 12:25:50,7484142,8624629,UDP,167.1,0.032,5267.2,1425.6,8,0.0035,12.15,None
2024-01-01 12:25:55,4165866,2977220,UDP,81.0,1.296,4859.5,11197.5,9,0.0226,6.79,None
2024-01-01 12:26:00,9368353,3460496,HTTP,92.8,0.201,861.2,19683.1,8,0.0023,7.72,None
2024-01-01 12:26:05,3756815,2912191,TCP,112.9,0.431,8363.4,139662.7,15,0.0228,8.51,None
2024-01-01 12:26:10,2613298,3968074,UDP,128.9,3.752,5191.3,29950.1,7,0.0122,15.67,None
2024-01-01 12:26:15,8698974,2265835,UDP,251.0,1.693,6248.0,2211.2,10,0.0178,18.19,None
2024-01-01 12:26:20,4676728,7479722,UDP,83.0,2.008,2041.3,8007.3,6,0.012,7.91,None
2024-01-01 12:26:25,1158593,4398196,TCP,124.1,0.415,3565.1,14648.3,7,0.0056,22.2,None
2024-01-01 12:26:30,6530096,5132544,HTTP,239.0,3.528,3176.0,4071.4,6,0.004,17.91,None
2024-01-01 12:26:35,1019598,9151183,HTTP,127.7,4.05,2570.4,17676.9,7,0.0132,9.69,None
2024-01-01 12:26:40,8874741,8032053,TCP,186.8,1.482,3535.1,16372.8,8,0.0035,2.35,None
2024-01-01 12:26:45,6156241,5957399,TCP,138.4,4.874,10471.8,27927.3,5,0.0006,13.45,None
2024-01-01 12:26:50,4198951,4065890,DNS,168.7,3.726,8733.8,18074.2,12,0.0028,14.73,None
2024-01-01 12:26:55,5996605,2862152,UDP,132.4,2.628,914.3,10776.7,8,0.0141,3.27,None
2024-01-01 12:27:00,8601031,7012365,TCP,207.2,2.649,7985.7,4281.5,6,0.0158,20.45,None
2024-01-01 12:27:05,4283099,7011203,TCP,68.5,0.223,9809.9,2223.7,8,0.0032,9.15,None
2024-01-01 12:27:10,8337524,5090544,DNS,123.8,0.632,2562.7,10087.1,7,0.004,3.66,None
2024-01-01 12:27:15,5880218,9785333,TCP,172.1,0.138,4956.5,5410.9,12,0.008,12.5,None
2024-01-01 12:27:20,7187546,1508673,UDP,193.8,0.017,4885.4,5959.9,7,0.003,10.13,None
2024-01-01 12:27:25,8504491,8951924,DNS,313.1,0.345,1274.1,24879.3,12,0.0093,15.41,None
2024-01-01 12:27:30,8992560,8272124,DNS,122.1,4.249,2034.6,31854.2,12,0.0033,4.14,None
2024-01-01 12:27:35,3638539,8634722,HTTP,311.0,0.549,6315.8,2355.8,3,0.0013,0.5,None
2024-01-01 12:27:40,5160926,3114765,UDP,106.7,7.023,1815.6,6565.4,8,0.0017,11.44,None
2024-01-01 12:27:45,5186528,5548119,DNS,288.4,1.819,7907.0,5254.3,15,0.0029,3.77,None
2024-01-01 12:27:50,3706316,1321012,UDP,223.3,0.542,10992.5,11102.3,14,0.0018,3.75,None
2024-01-01 12:27:55,9182365,2792155,UDP,94.0,1.375,9355.1,840.3,3,0.0366,16.27,None
2024-01-01 12:28:00,5187669,4895939,TCP,173.0,0.495,21586.1,1880.3,11,0.0107,6.21,None
2024-01-01 12:28:05,8040654,4633815,DNS,144.7,8.267,2722.4,7204.8,5,0.002,20.16,None
2024-01-01 12:28:10,9006662,5426519,DNS,202.9,3.758,3558.9,17785.1,10,0.0055,12.35,None
2024-01-01 12:28:15,7555905,2491251,DNS,132.7,0.053,4107.9,8736.7,16,0.0031,14.59,None
2024-01-01 12:28:20,6223558,2329600,UDP,127.3,5.904,2806.2,15859.2,9,0.0115,7.7,None
2024-01-01 12:28:25,7599999,1241210,HTTP,294.3,2.554,5126.5,9870.5,10,0.0202,5.37,None
2024-01-01 12:28:30,6590620,4911454,HTTP,141.3,0.172,538.5,29035.9,11,0.0051,3.82,None
2024-01-01 12:28:35,6332164,1769412,DNS,224.4,2.221,3658.9,35806.6,8,0.0056,16.97,None
2024-01-01 12:28:40,7341047,8938205,HTTP,132.6,2.082,751.9,3787.8,10,0.0051,16.54,None
2024-01-01 12:28:45,8353475,7997039,UDP,341.5,0.494,1138.4,19607.1,7,0.006,11.82,None
2024-01-01 12:28:50,6250215,3751851,DNS,105.7,2.841,6203.6,13468.6,7,0.0004,18.75,None
2024-01-01 12:28:55,1780608,7699402,HTTP,109.2,0.182,2442.8,99177.7,10,0.009,19.26,None
2024-01-01 12:29:00,2278607,9261295,TCP,318.1,1.345,5988.6,3648.8,7,0.0304,10.61,None
2024-01-01 12:29:05,6832791,2685526,UDP,118.8,0.02,2390.4,7210.3,11,0.0154,15.63,None
2024-01-01 12:29:10,5332289,4976508,UDP,330.5,6.931,9012.8,2886.3,8,0.0198,21.89,None
2024-01-01 12:29:15,3619331,6921793,HTTP,231.8,2.785,2347.1,3062.7,14,0.0026,1.95,None
2024-01-01 12:29:20,3516558,9580268,DNS,137.4,0.346,422.0,11915.1,12,0.0093,0.29,None
2024-01-01 12:29:25,6245656,3815121,DNS,59.9,0.836,3734.6,9952.1,14,0.0223,11.36,None
2024-01-01 12:29:30,5058915,6870320,UDP,147.0,0.35,340.7,13925.1,4,0.0007,7.96,None
2024-01-01 12:29:35,9495712,5564544,HTTP,156.1,2.91,697.3,13626.3,12,0.021,2.09,None
2024-01-01 12:29:40,4061512,5579131,UDP,266.0,0.121,1232.8,6402.0,12,0.0007,3.59,None
2024-01-01 12:29:45,9840052,1817347,UDP,328.4,3.67,1088.2,6357.9,10,0.0408,6.18,None
2024-01-01 12:29:50,5600953,4164613,DNS,105.4,5.701,1728.4,3069.3,7,0.0009,2.39,None
2024-01-01 12:29:55,9942058,2309847,TCP,221.5,2.258,1051.5,4019.2,10,0.0046,7.66,None
2024-01-01 12:30:00,8542030,6357343,DNS,217.6,0.479,730.7,7655.6,7,0.0006,3.19,None
2024-01-01 12:30:05,7400320,1235886,UDP,253.8,0.893,13930.5,9867.8,12,0.0006,14.99,None
2024-01-01 12:30:10,4668558,2194267,UDP,190.4,1.297,1513.0,16494.6,8,0.0201,16.72,None
2024-01-01 12:30:15,9404569,7937276,UDP,56.2,1.856,320.3,14896.2,5,0.0007,18.61,None
2024-01-01 12:30:20,9590150,5466198,DNS,137.3,2.209,2077.8,38448.6,10,0.0157,20.87,None
2024-01-01 12:30:25,4659375,6551782,TCP,83.3,1.616,968.0,3063.5,9,0.0237,0.07,None
2024-01-01 12:30:30,4689661,2114408,HTTP,134.1,0.866,1230.3,6421.5,11,0.0273,4.23,None
2024-01-01 12:30:35,5345693,7262248,UDP,242.3,4.431,6065.3,3343.2,9,0.02,19.55,None
2024-01-01 12:30:40,4415136,8778028,UDP,172.9,0.17,1904.2,29064.9,14,0.031,0.73,None
2024-01-01 12:30:45,5655504,6307520,HTTP,263.5,1.256,941.4,4902.6,12,0.0005,15.97,None
2024-01-01 12:30:50,5442301,2140387,DNS,176.1,2.988,4657.6,25720.1,12,0.0569,4.34,None
2024-01-01 12:30:55,9340196,1131726,TCP,77.5,0.126,9413.9,34640.8,9,0.0002,12.15,None
2024-01-01 12:31:00,3920166,9954972,TCP,42.1,2.444,5099.4,12251.9,3,0.0018,23.1,None
2024-01-01 12:31:05,2865579,2852308,HTTP,159.9,3.426,256.3,10862.4,9,0.0008,15.57,None
2024-01-01 12:31:10,6569352,9404128,UDP,133.4,2.163,977.5,8422.4,10,0.0136,8.84,None
2024-01-01 12:31:15,5396803,5254953,DNS,91.1,0.026,3125.8,5901.1,13,0.0009,16.54,None
2024-01-01 12:31:20,8671659,7465914,DNS,63.4,0.397,2334.8,5232.3,9,0.0035,0.13,None
2024-01-01 12:31:25,2832656,3807322,HTTP,102.8,0.837,2148.9,6992.4,6,0.0102,22.81,None
2024-01-01 12:31:30,5298809,6171082,TCP,134.7,0.532,1115.7,50230.5,10,0.0069,8.27,None
2024-01-01 12:31:35,8060270,7895170,DNS,207.0,6.575,731.0,2858.8,13,0.0015,23.52,None
2024-01-01 12:31:40,6191433,2044048,DNS,163.1,2.109,22198.5,9942.9,8,0.0074,16.23,None
2024-01-01 12:31:45,7107628,3793271,HTTP,331.6,0.705,3062.9,16503.1,8,0.0042,6.9,None
2024-01-01 12:31:50,4675668,4126697,UDP,88.4,5.31,5665.3,6097.4,11,0.0088,14.77,None
2024-01-01 12:31:55,1990007,7867480,TCP,230.6,2.699,2999.7,12284.4,7,0.0077,9.13,None
2024-01-01 12:32:00,8413367,2380558,HTTP,152.0,0.67,3122.4,1799.7,8,0.0456,15.43,None
2024-01-01 12:32:05,1316639,3230583,TCP,210.0,0.952,2801.5,30486.6,11,0.0199,18.98,None
2024-01-01 12:32:10,5681482,5324978,TCP,119.3,0.445,972.2,25113.2,14,0.0,11.3,None
2024-01-01 12:32:15,4645587,1830962,HTTP,253.6,7.086,655.6,7343.5,11,0.0019,5.33,None
2024-01-01 12:32:20,8935856,1330206,UDP,172.0,1.457,4386.2,3361.6,10,0.0244,23.55,None
2024-01-01 12:32:25,8158536,4805865,UDP,105.7,4.528,3597.0,17906.1,6,0.0078,9.9,None
2024-01-01 12:32:30,1661293,6389910,DNS,147.5,0.851,7618.1,2570.6,8,0.0142,4.23,None
2024-01-01 12:32:35,2038388,4723538,HTTP,131.7,3.944,6219.0,2967.2,5,0.007,17.74,None
2024-01-01 12:32:40,5200314,5519779,DNS,189.5,0.111,1328.1,7680.1,13,0.0154,15.73,None
2024-01-01 12:32:45,1687749,9287916,HTTP,82.3,8.045,9252.0,36976.6,15,0.0014,19.6,None
2024-01-01 12:32:50,8527166,3402511,HTTP,146.3,4.862,6406.2,15376.3,9,0.0134,0.04,None
2024-01-01 12:32:55,6239238,4727111,TCP,180.8,0.903,5948.2,4242.9,7,0.0204,8.34,None
2024-01-01 12:33:00,5637603,9843734,HTTP,150.9,2.981,28263.5,1507.0,6,0.0031,7.55,None
2024-01-01 12:33:05,1296966,4971342,TCP,291.0,2.791,23016.3,8446.6,13,0.0046,22.17,None
2024-01-01 12:33:10,5149203,9123509,DNS,218.5,4.63,5942.7,10419.4,10,0.0089,8.39,None
2024-01-01 12:33:15,4250483,4047633,UDP,147.9,0.734,5245.9,7534.3,10,0.0203,12.65,None
2024-01-01 12:33:20,1356928,6052084,DNS,165.4,1.253,8792.5,49335.1,14,0.0238,0.08,None
2024-01-01 12:33:25,3717766,3367663,DNS,172.1,4.005,1662.4,7101.6,12,0.0076,19.4,None
2024-01-01 12:33:30,3412886,4601257,UDP,181.6,3.015,1686.1,827.1,9,0.0107,2.74,None
2024-01-01 12:33:35,3245860,6305931,DNS,59.6,1.0,5845.5,5393.0,11,0.0206,21.18,None
2024-01-01 12:33:40,1797039,7880231,TCP,127.6,3.738,1265.9,12767.3,20,0.0026,17.64,None
2024-01-01 12:33:45,1641834,4704268,TCP,70.7,0.096,5392.5,11931.0,5,0.0174,13.35,None
2024-01-01 12:33:50,1751066,3181312,HTTP,281.2,3.047,3487.1,6790.8,13,0.003,17.98,None
2024-01-01 12:33:55,1521783,7913482,UDP,144.0,0.463,1266.2,5754.8,6,0.0087,19.03,None
2024-01-01 12:34:00,4241015,2810703,DNS,134.7,0.674,3059.1,1097.0,7,0.0273,18.04,None
2024-01-01 12:34:05,5030177,5559777,HTTP,232.4,1.359,10993.7,8828.8,10,0.0072,15.86,None
2024-01-01 12:34:10,8435812,1363663,TCP,183.3,1.195,3236.9,5775.5,16,0.001,21.14,None
2024-01-01 12:34:15,1827902,2795476,TCP,84.4,1.47,3250.4,10396.8,10,0.0226,10.15,None
2024-01-01 12:34:20,2493992,2946303,HTTP,143.2,1.574,4142.2,13243.9,10,0.0088,13.59,None
2024-01-01 12:34:25,5976537,7300453,HTTP,125.5,0.806,4718.2,28031.1,10,0.0007,23.27,None
2024-01-01 12:34:30,8121220,6644634,DNS,62.0,0.385,2141.3,3116.4,12,0.0001,8.93,None
2024-01-01 12:34:35,2732243,9448854,DNS,105.1,2.926,4231.3,2221.7,9,0.003,18.02,None
2024-01-01 12:34:40,7614034,5406306,TCP,135.4,1.022,1044.1,4564.4,14,0.0013,9.4,None
2024-01-01 12:34:45,4567556,2985790,HTTP,140.1,1.41,1340.7,3883.2,12,0.0099,11.28,None
2024-01-01 12:34:50,2256100,2668090,DNS,70.7,2.07,1523.6,3549.6,4,0.0091,8.06,None
2024-01-01 12:34:55,1992832,4952427,TCP,264.0,4.808,4768.4,34368.9,10,0.0184,3.67,None
2024-01-01 12:35:00,2968105,2058199,TCP,141.0,2.459,3499.0,9399.5,5,0.0072,23.33,None
2024-01-01 12:35:05,7735281,1541059,HTTP,151.2,0.093,2606.2,58243.8,7,0.0029,10.74,None
2024-01-01 12:35:10,8741111,3525893,TCP,181.3,3.647,5947.8,8078.2,8,0.0005,6.7,None
2024-01-01 12:35:15,1879754,4249125,DNS,100.1,9.085,4354.1,2510.2,9,0.0001,15.51,None
2024-01-01 12:35:20,4444021,1328321,UDP,186.5,1.279,2230.6,3611.3,7,0.026,2.66,None
2024-01-01 12:35:25,7105424,7989024,UDP,123.5,6.986,1058.7,22571.8,6,0.0016,13.04,None
2024-01-01 12:35:30,8604351,1708971,HTTP,94.8,1.585,1313.3,2607.5,6,0.0069,13.78,None
2024-01-01 12:35:35,9467177,4673923,HTTP,197.7,1.231,687.6,14155.8,10,0.0158,4.7,None
2024-01-01 12:35:40,5935601,6965923,HTTP,312.9,0.805,3430.9,5671.7,11,0.0264,23.03,None
2024-01-01 12:35:45,4646809,7357894,UDP,213.2,2.143,1258.7,3197.7,14,0.0023,14.27,None
2024-01-01 12:35:50,5712400,2401361,DNS,235.4,0.522,1816.5,32419.6,5,0.0026,5.34,None
2024-01-01 12:35:55,8178275,6383093,DNS,114.4,0.222,2623.9,4498.2,7,0.002,20.0,None
2024-01-01 12:36:00,8944875,7849807,TCP,66.8,0.055,8467.5,3541.9,10,0.0017,7.37,None
2024-01-01 12:36:05,9277203,5806860,TCP,312.6,0.692,7546.1,7488.4,10,0.0061,17.52,None
2024-01-01 12:36:10,1159374,7445821,TCP,414.6,1.008,2822.3,4874.4,8,0.0101,15.08,None
2024-01-01 12:36:15,4280789,1321793,HTTP,321.0,1.606,10567.1,74234.6,11,0.0123,3.83,None
2024-01-01 12:36:20,7316906,2709868,UDP,125.5,0.693,398.5,23396.9,13,0.004,2.27,None
2024-01-01 12:36:25,2599978,1346979,HTTP,83.3,8.278,19481.5,4488.7,9,0.0098,14.58,None
2024-01-01 12:36:30,5646379,7299032,UDP,87.1,0.69,5958.1,5037.5,12,0.0,16.04,None
2024-01-01 12:36:35,1453167,4818068,HTTP,64.0,1.163,3303.7,1075.5,9,0.0219,3.15,None
2024-01-01 12:36:40,8048391,1512971,DNS,140.7,0.218,1222.5,9296.6,8,0.0204,4.15,None
2024-01-01 12:36:45,5335893,5696047,TCP,331.2,0.604,1923.6,3838.9,6,0.0079,1.2,None
2024-01-01 12:36:50,9774631,2047719,UDP,138.3,0.099,5482.7,8848.6,9,0.0028,3.23,None
2024-01-01 12:36:55,2657734,5753515,HTTP,172.6,1.64,5608.7,1134.2,16,0.0358,14.11,None
2024-01-01 12:37:00,1409524,6154740,TCP,295.2,2.781,5816.1,7889.1,12,0.0166,4.82,None
2024-01-01 12:37:05,6871599,7281445,DNS,121.3,0.436,1438.7,44297.0,15,0.0002,6.93,None
2024-01-01 12:37:10,7343608,5195416,TCP,410.7,0.917,1176.3,8553.9,12,0.0063,13.33,None
2024-01-01 12:37:15,8804573,7654150,HTTP,401.8,0.034,3623.5,3734.3,18,0.0011,9.94,None
2024-01-01 12:37:20,5513311,8471242,DNS,139.0,3.659,6437.2,7938.9,7,0.0014,20.29,None
2024-01-01 12:37:25,9110933,7197514,HTTP,111.2,3.028,2990.5,7598.8,6,0.0,13.71,None
2024-01-01 12:37:30,5606704,7282841,UDP,210.3,0.131,13114.6,72535.6,15,0.0116,3.17,None
2024-01-01 12:37:35,4633963,5486168,HTTP,124.7,0.908,3081.4,5809.0,12,0.0029,9.22,None
2024-01-01 12:37:40,2771419,5622727,DNS,83.2,6.215,2978.8,2432.6,12,0.0036,6.21,None
2024-01-01 12:37:45,9924930,6679721,HTTP,281.6,0.995,5828.8,8278.8,11,0.0005,6.22,None
2024-01-01 12:37:50,6640261,1553607,HTTP,272.7,1.494,10089.3,9853.0,11,0.0001,6.16,None
2024-01-01 12:37:55,6806081,4480781,HTTP,160.4,0.878,773.4,14218.5,11,0.0157,10.04,None
2024-01-01 12:38:00,4208098,4930505,HTTP,78.9,1.813,974.6,17253.4,14,0.0108,3.17,None
2024-01-01 12:38:05,2441812,8987691,DNS,80.3,7.648,2179.3,57269.6,9,0.0048,6.06,None
2024-01-01 12:38:10,8627002,3332348,UDP,156.6,11.985,70188.6,4466.4,8,0.0007,16.84,None
2024-01-01 12:38:15,7599508,2609391,UDP,115.6,2.981,2295.1,4078.4,9,0.015,19.86,None
2024-01-01 12:38:20,3781167,5421973,TCP,125.1,1.036,2639.2,1268.8,8,0.0261,0.33,None
2024-01-01 12:38:25,7599721,8716529,UDP,247.4,1.364,5532.3,15703.7,8,0.0075,2.0,None
2024-01-01 12:38:30,1507919,1409474,UDP,214.1,0.882,7918.3,3336.5,11,0.0015,20.52,None
2024-01-01 12:38:35,1970220,7375972,TCP,295.6,8.478,3532.6,19766.9,16,0.0106,5.15,None
2024-01-01 12:38:40,9162980,6293276,DNS,90.4,2.46,9550.5,4956.1,10,0.0007,7.49,None
2024-01-01 12:38:45,8685130,9837227,DNS,125.0,1.192,903.3,45522.3,18,0.0018,8.09,None
2024-01-01 12:38:50,2759341,7474177,UDP,216.9,0.024,1385.6,1932.4,11,0.0064,20.78,None
2024-01-01 12:38:55,5035904,5039753,DNS,185.7,1.47,9532.7,22537.3,6,0.0029,3.91,None
2024-01-01 12:39:00,6152624,1232934,HTTP,319.3,8.261,3013.8,20007.1,9,0.0266,19.5,None
2024-01-01 12:39:05,9225293,1027271,TCP,183.1,1.481,843.5,13719.5,8,0.0165,11.22,None
2024-01-01 12:39:10,7755964,5989017,UDP,373.9,0.403,794.3,2651.1,11,0.0032,18.8,None
2024-01-01 12:39:15,8709303,2072480,UDP,194.4,0.045,1324.9,13782.4,9,0.0332,16.51,None
2024-01-01 12:39:20,3448639,5810239,TCP,252.4,0.876,2987.3,9199.2,14,0.0048,17.57,None
2024-01-01 12:39:25,9812221,5219979,DNS,126.2,5.008,4757.0,1299.5,8,0.0084,2.73,None
2024-01-01 12:39:30,9944149,9854545,HTTP,149.5,11.341,2145.1,38494.6,14,0.0083,7.41,None
2024-01-01 12:39:35,2266827,4695187,TCP,234.0,5.814,4380.9,5735.3,4,0.0105,5.45,None
2024-01-01 12:39:40,2696860,1478626,DNS,332.4,2.614,1925.5,35639.8,8,0.0028,3.02,None
2024-01-01 12:39:45,3337826,3824620,UDP,213.7,1.634,10136.7,7573.0,8,0.0255,15.34,None
2024-01-01 12:39:50,3390923,4540134,UDP,142.4,1.787,38247.8,21640.6,8,0.0031,16.68,None
2024-01-01 12:39:55,3936528,3095949,DNS,295.5,1.549,2013.0,3430.5,9,0.0109,3.4,None
2024-01-01 12:40:00,4573260,2983967,DNS,49.6,2.456,4817.1,10041.0,12,0.0145,18.44,None
2024-01-01 12:40:05,4280910,3792221,HTTP,72.9,1.086,4440.0,9357.6,11,0.0213,6.88,None
2024-01-01 12:40:10,7090375,5552498,TCP,208.7,2.213,3424.4,5862.9,5,0.0061,9.04,None
2024-01-01 12:40:15,4063494,1508496,TCP,149.5,0.259,5728.7,3397.4,9,0.0124,23.84,None
2024-01-01 12:40:20,5747584,7324632,UDP,200.9,0.618,4811.8,377.4,9,0.0009,4.61,None
2024-01-01 12:40:25,7490171,8695909,HTTP,153.3,3.616,1861.1,3478.1,6,0.0151,2.83,None
2024-01-01 12:40:30,9638525,4538809,HTTP,197.4,4.682,11120.5,16325.9,13,0.0141,6.44,None
2024-01-01 12:40:35,6183528,3326842,DNS,98.8,1.549,3647.0,2007.8,9,0.0053,22.36,None
2024-01-01 12:40:40,6522588,9754948,TCP,197.4,0.064,2028.8,2469.7,9,0.0038,2.88,None
2024-01-01 12:40:45,6410971,4216357,TCP,244.0,5.234,34310.4,1929.7,7,0.0048,14.78,None
2024-01-01 12:40:50,5929439,2651008,DNS,273.2,2.422,2653.9,9985.5,12,0.0009,19.03,None
2024-01-01 12:40:55,6446677,8662872,DNS,406.2,1.069,3846.6,3316.3,10,0.0102,22.14,None
2024-01-01 12:41:00,4079332,6992834,HTTP,167.7,1.824,3552.6,27456.1,8,0.0244,11.47,None
2024-01-01 12:41:05,7324233,6986809,TCP,170.2,1.123,2617.8,16892.4,8,0.011,10.98,None
2024-01-01 12:41:10,8905487,7220868,TCP,69.3,1.252,4668.8,9898.4,10,0.0087,19.86,None
2024-01-01 12:41:15,7061330,8726372,TCP,113.8,4.357,1280.5,10981.3,11,0.0468,4.7,None
2024-01-01 12:41:20,6233217,6236199,TCP,134.8,0.351,5412.9,3778.4,8,0.0078,11.09,None
2024-01-01 12:41:25,7034190,8015293,DNS,250.9,0.219,513.7,3779.4,10,0.0042,15.31,None
2024-01-01 12:41:30,9662316,5510444,HTTP,109.3,0.005,814.0,16498.5,12,0.0122,16.8,None
2024-01-01 12:41:35,1782654,3434008,DNS,221.0,0.754,18503.7,20199.1,12,0.0074,2.68,None
2024-01-01 12:41:40,1162694,2323086,UDP,148.3,0.319,848.8,16354.6,8,0.0358,20.81,None
2024-01-01 12:41:45,1252926,5260090,UDP,135.8,0.497,419.9,5061.5,9,0.0228,19.64,None
2024-01-01 12:41:50,5505038,4386462,TCP,168.1,0.023,870.1,5479.0,9,0.0293,7.61,None
2024-01-01 12:41:55,1261536,2141410,HTTP,122.0,0.515,16984.5,3191.5,10,0.0,11.43,None
2024-01-01 12:42:00,5736802,9828019,HTTP,119.8,0.809,496.8,17470.2,12,0.0041,9.22,None
2024-01-01 12:42:05,9094757,9252434,UDP,63.3,0.064,1146.2,1139.7,13,0.0099,23.55,None
2024-01-01 12:42:10,8271050,9629837,UDP,131.1,1.872,693.5,894.1,8,0.0037,14.02,None
2024-01-01 12:42:15,8787008,3857895,DNS,116.7,1.682,2266.2,1091.3,9,0.0107,6.49,None
2024-01-01 12:42:20,1222263,8273299,TCP,114.7,0.204,1927.5,950.8,18,0.0126,17.9,None
2024-01-01 12:42:25,7459156,1696691,TCP,182.8,1.808,1843.2,31481.0,10,0.0098,19.72,None
2024-01-01 12:42:30,7669277,5239481,DNS,206.3,13.221,19075.0,17797.4,10,0.0061,17.43,None
2024-01-01 12:42:35,6188341,1072819,HTTP,166.7,5.782,898.7,2444.0,8,0.0119,2.0,None
2024-01-01 12:42:40,4271392,7412223,HTTP,244.1,0.005,2691.4,7288.6,7,0.0152,6.91,None
2024-01-01 12:42:45,8294547,5473486,DNS,197.9,3.173,4182.2,35094.2,10,0.0119,8.7,None
2024-01-01 12:42:50,4035804,5531773,HTTP,128.1,0.873,1118.6,13362.4,8,0.0167,5.2,None
2024-01-01 12:42:55,4910250,5944604,TCP,117.8,0.132,4849.3,67129.3,8,0.0294,11.55,None
2024-01-01 12:43:00,9167093,7757338,TCP,173.5,0.702,1998.6,7228.1,8,0.0011,7.67,None
2024-01-01 12:43:05,1562278,8430554,HTTP,197.7,0.776,4334.3,4208.4,11,0.0237,0.88,None
2024-01-01 12:43:10,1476385,6924271,UDP,298.5,1.482,2675.8,2748.7,5,0.0032,15.65,None
2024-01-01 12:43:15,1769366,4649350,HTTP,269.2,2.164,383.5,8297.0,5,0.0083,10.46,None
2024-01-01 12:43:20,1877935,9400248,UDP,113.2,2.765,11004.9,20662.3,7,0.0285,0.67,None
2024-01-01 12:43:25,7839707,8612332,HTTP,141.0,0.564,23634.4,8947.5,12,0.0097,22.39,None
2024-01-01 12:43:30,6712451,8501220,HTTP,207.6,0.777,2498.0,5663.5,7,0.0009,15.62,None
2024-01-01 12:43:35,8567078,9367163,UDP,253.2,0.737,1214.5,28467.6,6,0.0069,1.77,None
2024-01-01 12:43:40,3599529,8899875,HTTP,237.3,0.901,13440.3,13751.3,8,0.0225,21.35,None
2024-01-01 12:43:45,8181743,9669586,DNS,143.7,15.952,19739.6,7234.1,10,0.0053,10.1,None
2024-01-01 12:43:50,4812575,9589403,TCP,79.3,3.01,2518.0,3764.6,11,0.0188,5.75,None
2024-01-01 12:43:55,1889211,1510803,HTTP,90.1,7.377,2395.4,6282.7,15,0.0158,1.1,None
2024-01-01 12:44:00,4367748,6694567,TCP,170.1,2.363,2752.0,13000.6,13,0.0237,17.88,None
2024-01-01 12:44:05,1659322,3010519,HTTP,176.1,1.043,558.6,3713.2,12,0.0031,23.26,None
2024-01-01 12:44:10,6289343,3919260,UDP,85.7,0.988,2228.0,2359.8,10,0.0069,4.45,None
2024-01-01 12:44:15,7527460,6439757,UDP,151.8,1.341,16563.3,5013.3,10,0.0041,10.01,None
2024-01-01 12:44:20,8948675,1009186,TCP,203.5,1.079,2518.2,7714.0,11,0.0076,5.7,None
2024-01-01 12:44:25,5431943,2133943,UDP,83.5,3.524,1053.6,31675.2,7,0.0002,13.74,None
2024-01-01 12:44:30,9353015,7999604,UDP,257.9,1.251,4898.5,2540.1,9,0.0028,20.91,None
2024-01-01 12:44:35,3221965,1486800,HTTP,122.9,0.701,1529.7,10165.4,12,0.0365,3.14,None
2024-01-01 12:44:40,5684549,4599179,TCP,278.3,2.982,2789.3,6139.1,11,0.0092,7.16,None
2024-01-01 12:44:45,4096229,1831614,TCP,113.7,3.854,838.1,6451.4,10,0.0019,3.95,None
2024-01-01 12:44:50,7803802,4852675,TCP,88.8,1.091,1057.2,37773.6,11,0.0071,5.49,None
2024-01-01 12:44:55,3212601,5858700,HTTP,118.0,2.204,6233.3,8788.6,12,0.012,3.12,None
2024-01-01 12:45:00,3292316,1385203,DNS,141.5,0.121,3347.2,3250.1,16,0.0093,15.23,None
2024-01-01 12:45:05,3503549,3459188,UDP,122.2,1.508,1371.9,19707.3,8,0.007,1.04,None
2024-01-01 12:45:10,8056204,5863844,HTTP,133.2,0.092,3359.5,18310.7,10,0.0112,17.5,None
2024-01-01 12:45:15,9417019,6692139,DNS,175.4,0.059,1624.3,2977.5,7,0.0018,3.41,None
2024-01-01 12:45:20,2874615,8224676,HTTP,136.2,1.898,1361.4,2457.9,6,0.0058,6.4,None
2024-01-01 12:45:25,4728717,1815211,HTTP,143.6,0.723,9547.5,12216.2,9,0.0139,8.29,None
2024-01-01 12:45:30,4658581,9536864,TCP,63.1,2.714,6521.6,7840.3,8,0.0087,9.15,None
2024-01-01 12:45:35,9330546,6844750,TCP,180.5,4.528,2918.2,5061.5,9,0.0237,4.15,None
2024-01-01 12:45:40,8221648,4747608,HTTP,141.9,0.3,3443.8,23302.1,9,0.0059,11.73,None
2024-01-01 12:45:45,2163474,5998892,TCP,332.0,2.579,2956.0,4481.5,6,0.0014,21.47,None
2024-01-01 12:45:50,2841836,4209276,HTTP,92.8,1.445,4851.3,12351.9,8,0.0005,11.01,None
2024-01-01 12:45:55,6244149,2063134,DNS,60.1,0.238,1340.1,26229.6,12,0.0065,0.67,None
2024-01-01 12:46:00,7944227,2966192,DNS,202.2,2.109,7062.1,5772.5,9,0.0058,8.72,None
2024-01-01 12:46:05,5921334,3585090,UDP,176.5,1.88,4245.3,1301.0,7,0.003,9.68,None
2024-01-01 12:46:10,1142544,3642994,TCP,89.6,1.45,2291.5,5415.0,10,0.0089,6.8,None
2024-01-01 12:46:15,7822370,8888620,TCP,69.1,5.22,1830.3,9791.6,8,0.0029,7.1,None
2024-01-01 12:46:20,2093885,2019590,TCP,320.1,1.472,6912.8,22092.8,14,0.0024,4.77,None
2024-01-01 12:46:25,4502198,3424410,HTTP,301.0,9.316,2564.5,4811.9,6,0.0097,22.96,None
2024-01-01 12:46:30,7904377,7335741,HTTP,42.8,1.424,1481.9,45392.1,8,0.029,12.71,None
2024-01-01 12:46:35,2818057,1009772,UDP,118.0,0.246,2029.3,2211.0,6,0.0023,12.88,None
2024-01-01 12:46:40,2943360,2010530,UDP,341.1,1.272,6433.1,9548.5,7,0.002,10.21,None
2024-01-01 12:46:45,6970390,6801390,UDP,117.0,0.403,595.5,6379.4,10,0.0073,14.81,None
2024-01-01 12:46:50,9980987,8253854,HTTP,116.1,1.818,2089.3,31166.2,9,0.0013,10.16,None
2024-01-01 12:46:55,1833276,2192776,UDP,128.8,2.363,8695.7,1856.3,12,0.0035,16.54,None
2024-01-01 12:47:00,1807176,8584856,TCP,84.7,1.264,2519.4,12402.3,12,0.0468,2.12,None
2024-01-01 12:47:05,9380867,8211105,DNS,63.3,0.206,3916.0,6347.2,10,0.0184,0.71,None
2024-01-01 12:47:10,1626768,9805811,UDP,251.2,1.265,8837.6,37389.3,11,0.0122,13.5,None
2024-01-01 12:47:15,3984255,4738931,HTTP,59.1,0.17,7275.9,3538.4,10,0.0003,17.62,None
2024-01-01 12:47:20,5764768,8528828,TCP,167.9,2.292,1919.7,12275.0,8,0.0031,16.06,None
2024-01-01 12:47:25,9237699,4015036,HTTP,231.2,3.125,2616.5,3504.5,14,0.0084,9.57,None
2024-01-01 12:47:30,3986986,4689340,DNS,71.8,6.56,7367.0,9779.7,12,0.0124,0.08,None
2024-01-01 12:47:35,6736396,1672323,HTTP,93.5,0.322,7627.1,5600.6,11,0.011,2.9,None
2024-01-01 12:47:40,3289461,1983398,HTTP,272.2,1.52,2729.7,5512.5,16,0.0021,9.41,None
2024-01-01 12:47:45,2919858,7872666,DNS,193.7,1.677,2825.5,1110.5,12,0.0063,15.94,None
2024-01-01 12:47:50,8554211,6878887,TCP,109.0,5.114,3895.9,12266.0,13,0.0022,7.49,None
2024-01-01 12:47:55,2637509,6285857,DNS,270.7,1.974,11694.8,2745.6,14,0.0257,12.76,None
2024-01-01 12:48:00,3419682,8195883,DNS,271.3,0.315,8669.5,2652.7,13,0.0082,4.21,None
2024-01-01 12:48:05,7160966,2312532,DNS,169.8,1.147,5963.3,1710.8,10,0.0049,4.07,None
2024-01-01 12:48:10,8507903,5980608,UDP,94.6,2.127,1013.7,2818.5,11,0.025,17.83,None
2024-01-01 12:48:15,4608542,1603988,DNS,120.7,2.41,2264.6,13366.1,8,0.0234,10.52,None
2024-01-01 12:48:20,9418223,4221566,TCP,171.3,3.977,2386.8,12723.1,14,0.007,22.78,None
2024-01-01 12:48:25,5090458,2586914,DNS,135.1,0.398,12313.9,15736.1,10,0.0116,5.07,None
2024-01-01 12:48:30,7175381,9761120,DNS,237.3,6.054,2347.6,2901.6,9,0.0038,10.75,None
2024-01-01 12:48:35,5080500,8846715,HTTP,69.1,0.122,10440.4,10044.5,6,0.0037,4.52,None
2024-01-01 12:48:40,4426621,5222343,HTTP,70.3,8.241,1684.6,4379.2,11,0.008,6.14,None
2024-01-01 12:48:45,7140465,9051967,UDP,162.5,3.901,1824.6,21051.6,8,0.0187,15.36,None
2024-01-01 12:48:50,6766156,1575393,HTTP,116.1,2.159,4824.5,12407.0,8,0.0091,21.83,None
2024-01-01 12:48:55,8273589,1247775,DNS,108.5,2.656,14301.9,4202.7,6,0.0061,3.08,None
2024-01-01 12:49:00,6869598,2376374,HTTP,61.3,0.151,2412.0,22938.6,11,0.0109,3.11,None
2024-01-01 12:49:05,5289802,6670961,UDP,149.9,0.085,229.8,13458.2,11,0.0167,22.86,None
2024-01-01 12:49:10,3515068,8028077,TCP,144.5,0.215,623.8,2024.3,7,0.0155,17.67,None
2024-01-01 12:49:15,5536227,9050431,DNS,205.8,0.183,4015.7,1523.1,8,0.0046,7.51,None
2024-01-01 12:49:20,6471537,5531753,TCP,153.6,1.585,682.1,2105.5,10,0.0274,9.77,None
2024-01-01 12:49:25,5371196,3453872,TCP,138.9,0.485,1254.4,42158.1,11,0.0002,18.93,None
2024-01-01 12:49:30,8877413,1315700,HTTP,267.3,3.935,3018.0,2935.2,7,0.006,16.77,None
2024-01-01 12:49:35,2271077,8729912,HTTP,77.0,1.18,257.4,52899.0,14,0.0238,14.63,None
2024-01-01 12:49:40,2240130,2360260,DNS,194.1,2.378,2039.1,2786.9,14,0.0119,20.75,None
2024-01-01 12:49:45,4202196,4626039,UDP,64.4,2.116,930.0,2505.2,11,0.0122,7.5,None
2024-01-01 12:49:50,8391926,3955044,DNS,97.6,0.771,665.7,19534.8,10,0.0017,5.07,None
2024-01-01 12:49:55,7631482,9450244,HTTP,80.9,0.557,1336.5,20445.6,12,0.0087,9.83,None
2024-01-01 12:50:00,4803396,6998442,TCP,219.4,0.838,1023.3,14126.7,12,0.0341,0.18,None
2024-01-01 12:50:05,6297007,5577970,UDP,143.6,3.186,4767.0,15932.4,9,0.0024,12.17,None
2024-01-01 12:50:10,8691615,8976535,DNS,147.4,1.765,9862.8,3635.1,11,0.004,8.77,None
2024-01-01 12:50:15,7946676,4328493,TCP,85.3,0.585,2070.6,18638.8,8,0.0049,3.17,None
2024-01-01 12:50:20,9967838,5969108,DNS,127.8,3.406,1642.3,10301.0,10,0.0045,21.01,None
2024-01-01 12:50:25,5260257,1697811,HTTP,101.3,0.113,1970.0,5623.6,13,0.0099,4.67,None
2024-01-01 12:50:30,5178077,6764494,DNS,179.8,2.403,984.2,8907.2,7,0.0027,16.94,None
2024-01-01 12:50:35,3196049,9674545,DNS,90.4,1.156,821.6,23403.6,10,0.007,16.94,None
2024-01-01 12:50:40,1237473,7273026,TCP,288.6,2.628,575.0,11990.3,6,0.0051,1.02,None
2024-01-01 12:50:45,8810486,7808282,DNS,64.2,5.247,788.8,936.5,8,0.0103,10.26,None
2024-01-01 12:50:50,8220049,1186755,TCP,99.2,2.773,15244.8,19756.3,14,0.0028,11.43,None
2024-01-01 12:50:55,7264284,5398097,HTTP,343.3,1.167,1494.5,18299.7,7,0.0081,19.62,None
2024-01-01 12:51:00,3251639,8225328,DNS,119.4,0.327,157.3,5546.6,9,0.0135,14.99,None
2024-01-01 12:51:05,8220052,1223675,DNS,76.9,3.283,1657.3,9106.5,6,0.0118,1.52,None
2024-01-01 12:51:10,7828877,2176363,DNS,165.6,1.235,607.6,9070.1,9,0.018,10.77,None
2024-01-01 12:51:15,3364403,4042585,DNS,117.0,0.157,3163.7,1119.4,5,0.0313,7.22,None
2024-01-01 12:51:20,4719261,8055399,TCP,97.7,2.539,2840.2,5422.6,8,0.0192,4.1,None
2024-01-01 12:51:25,4143018,2299042,HTTP,85.8,0.69,3152.3,5636.5,8,0.0278,6.63,None
2024-01-01 12:51:30,9503346,7439257,HTTP,592.4,0.1,2862.0,6913.8,12,0.0002,20.17,None
2024-01-01 12:51:35,6873415,8934896,DNS,130.9,4.661,2053.5,4789.4,15,0.0099,14.88,None
2024-01-01 12:51:40,9587309,9731768,TCP,56.7,1.32,695.1,15722.4,11,0.0031,10.45,None
2024-01-01 12:51:45,9987557,3169371,UDP,313.2,0.66,2766.5,3607.9,6,0.0166,17.29,None
2024-01-01 12:51:50,3737027,3617656,HTTP,201.4,2.52,8257.9,20132.2,9,0.0171,23.24,None
2024-01-01 12:51:55,8675991,2059412,TCP,101.2,4.341,18282.0,14999.0,8,0.0005,22.25,None
2024-01-01 12:52:00,1983368,4451783,UDP,93.1,0.001,2349.6,31584.4,13,0.0091,2.32,None
2024-01-01 12:52:05,4905248,1005665,DNS,207.8,2.329,2618.6,45880.7,10,0.019,7.97,None
2024-01-01 12:52:10,5576988,7874946,HTTP,131.2,2.914,4916.9,46186.9,11,0.0089,7.52,None
2024-01-01 12:52:15,1155704,8572711,DNS,56.7,0.471,13269.7,2476.0,11,0.0055,13.29,None
2024-01-01 12:52:20,5819582,2519889,TCP,362.7,1.345,1833.0,11432.2,11,0.0008,2.17,None
2024-01-01 12:52:25,8965795,6016451,UDP,119.5,0.187,5959.0,3952.9,10,0.0131,22.12,None
2024-01-01 12:52:30,3365801,3105243,DNS,313.5,2.747,1309.2,215410.2,10,0.0008,18.78,None
2024-01-01 12:52:35,9892789,9968811,DNS,281.2,3.761,4145.8,14974.0,7,0.0091,2.95,None
2024-01-01 12:52:40,1097540,5141047,HTTP,90.0,0.229,7868.4,33400.0,14,0.025,6.1,None
2024-01-01 12:52:45,8347426,2256176,UDP,248.8,3.391,819.9,12523.6,10,0.0054,3.43,None
2024-01-01 12:52:50,4199423,1720986,DNS,107.2,2.953,1763.1,580.9,14,0.0147,11.46,None
2024-01-01 12:52:55,5625443,1150152,UDP,58.4,0.852,7744.8,3701.3,12,0.0161,21.36,None
2024-01-01 12:53:00,4977677,3820657,TCP,120.0,2.344,5520.2,4082.3,11,0.0001,15.47,None
2024-01-01 12:53:05,1861766,5609928,TCP,181.1,0.0,8399.7,5485.5,5,0.0246,14.53,None
2024-01-01 12:53:10,5401422,7543469,HTTP,117.8,5.371,6963.5,11609.4,8,0.0021,1.79,None
2024-01-01 12:53:15,3616139,8808952,HTTP,127.3,1.599,2119.4,13377.5,11,0.0033,21.75,None
2024-01-01 12:53:20,6017454,9557541,HTTP,262.9,1.937,26881.4,585.6,11,0.0205,6.74,None
2024-01-01 12:53:25,7031591,3115077,UDP,156.5,2.185,3418.3,6393.8,18,0.0116,21.6,None
2024-01-01 12:53:30,2922965,2990899,DNS,97.4,1.648,140.4,4984.7,10,0.0046,10.9,None
2024-01-01 12:53:35,3197725,8858544,DNS,210.8,3.887,2247.7,32242.4,9,0.0009,12.69,None
2024-01-01 12:53:40,2376165,3694695,HTTP,163.8,1.882,1864.7,14650.7,9,0.0049,14.52,None
2024-01-01 12:53:45,7899452,1493013,HTTP,42.1,4.767,6602.8,6747.5,5,0.0339,6.92,None
2024-01-01 12:53:50,7003607,6429755,TCP,183.9,1.746,1898.5,10134.3,13,0.0011,20.05,None
2024-01-01 12:53:55,5161627,1490722,DNS,180.5,0.375,8946.1,1499.6,12,0.0187,23.0,None
2024-01-01 12:54:00,6550972,7793210,TCP,149.9,4.897,5208.8,15699.0,12,0.0039,6.8,None
2024-01-01 12:54:05,4200527,6696606,DNS,231.8,2.289,1096.5,5455.9,11,0.0106,0.0,None
2024-01-01 12:54:10,7451600,5355396,UDP,106.0,2.403,2590.6,3614.2,12,0.01,12.61,None
2024-01-01 12:54:15,7499437,4495573,UDP,175.6,8.465,1372.6,30158.8,14,0.0039,14.23,None
2024-01-01 12:54:20,7429595,4257528,TCP,67.8,0.156,3585.9,10652.8,13,0.0006,1.52,None
2024-01-01 12:54:25,8560020,6744112,HTTP,181.9,1.119,1364.5,4165.4,9,0.0016,16.15,None
2024-01-01 12:54:30,9420397,8929870,TCP,394.1,0.546,3211.3,4427.6,6,0.0083,7.01,None
2024-01-01 12:54:35,6395092,9546470,HTTP,90.2,1.991,2270.4,11683.2,6,0.0297,23.01,None
2024-01-01 12:54:40,6298955,2092773,TCP,101.5,3.288,2560.0,10809.4,6,0.026,18.75,None
2024-01-01 12:54:45,1225004,7947077,UDP,104.1,6.781,23177.6,8345.1,9,0.0012,1.74,None
2024-01-01 12:54:50,6988083,9540752,UDP,158.4,1.212,2078.7,2432.4,6,0.0208,22.9,None
2024-01-01 12:54:55,5517963,6734913,UDP,87.2,3.086,430.8,2820.1,16,0.0027,5.45,None
2024-01-01 12:55:00,2846730,6896498,TCP,183.2,4.979,8232.3,3834.1,7,0.0241,19.16,None
2024-01-01 12:55:05,2889630,3321436,TCP,226.7,2.3,8167.8,6659.9,13,0.0142,15.44,None
2024-01-01 12:55:10,7067852,3324002,DNS,193.9,0.556,412.0,7775.2,11,0.0325,12.87,None
2024-01-01 12:55:15,2591352,6647204,HTTP,61.3,1.872,1479.0,6905.2,13,0.0058,22.38,None
2024-01-01 12:55:20,4110457,2541326,UDP,244.1,7.01,4609.2,7228.3,6,0.0132,14.54,None
2024-01-01 12:55:25,1048078,6341295,DNS,237.1,8.773,5035.2,53169.8,12,0.0133,20.61,None
2024-01-01 12:55:30,5573895,2982921,DNS,224.8,2.056,2966.9,18944.1,11,0.0069,19.86,None
2024-01-01 12:55:35,4972878,8616735,TCP,178.8,4.361,3034.6,26588.0,12,0.0367,16.13,None
2024-01-01 12:55:40,2448571,7450503,TCP,165.7,0.447,1166.1,12890.7,10,0.0028,11.77,None
2024-01-01 12:55:45,5393869,2601472,DNS,248.7,0.565,270.5,8711.5,6,0.0428,2.36,None
2024-01-01 12:55:50,1501403,4191961,DNS,388.3,6.11,23144.4,12209.4,8,0.0167,3.7,None
2024-01-01 12:55:55,4355709,1042473,TCP,92.2,0.291,1131.5,10156.0,4,0.0096,12.79,None
2024-01-01 12:56:00,8914514,5938495,UDP,254.4,0.424,3556.4,18178.2,8,0.0008,7.97,None
2024-01-01 12:56:05,9881839,6644351,HTTP,142.2,1.091,2543.1,3056.0,10,0.003,4.99,None
2024-01-01 12:56:10,5732470,7988448,DNS,139.1,1.781,7311.5,16726.5,7,0.0184,23.21,None
2024-01-01 12:56:15,8507917,7822537,TCP,68.8,1.852,3343.9,9576.4,9,0.013,20.61,None
2024-01-01 12:56:20,9785976,9176624,TCP,128.7,0.691,3475.3,1330.0,6,0.0329,10.33,None
2024-01-01 12:56:25,8404763,9521382,HTTP,90.1,5.067,213.9,8828.3,12,0.0051,20.91,None
2024-01-01 12:56:30,7269994,7946086,UDP,117.7,4.933,1295.5,2194.7,8,0.0225,1.43,None
2024-01-01 12:56:35,1610786,1132605,UDP,85.7,0.995,6276.9,4745.7,11,0.0198,2.38,None
2024-01-01 12:56:40,4974825,7631464,UDP,118.6,1.139,5736.9,6910.6,16,0.0339,22.75,None
2024-01-01 12:56:45,6756880,1444586,UDP,121.1,2.425,1151.0,1795.2,4,0.0032,16.53,None
2024-01-01 12:56:50,8874240,9457336,TCP,155.8,2.175,615.2,7679.1,9,0.0068,18.34,None
2024-01-01 12:56:55,3536993,9169035,DNS,66.2,0.963,3383.2,8677.3,15,0.0008,19.99,None
2024-01-01 12:57:00,2399066,2922750,HTTP,72.0,1.07,162.9,17241.5,10,0.0089,1.28,None
2024-01-01 12:57:05,9984478,8959668,TCP,177.9,0.856,945.1,5147.3,9,0.0132,17.23,None
2024-01-01 12:57:10,6273763,4925993,UDP,99.6,0.537,17329.4,10662.4,10,0.0027,8.56,None
2024-01-01 12:57:15,7062380,9800012,HTTP,254.0,1.225,12645.6,7365.7,13,0.0019,19.63,None
2024-01-01 12:57:20,6198287,4815675,HTTP,166.1,2.319,4852.5,5333.3,9,0.0102,9.3,None
2024-01-01 12:57:25,5717098,5601493,UDP,201.0,2.709,4053.5,1524.5,12,0.005,18.42,None
2024-01-01 12:57:30,1996659,9992793,HTTP,300.5,3.018,424.0,7247.4,7,0.0056,21.63,None
2024-01-01 12:57:35,1604110,4115065,DNS,127.1,0.939,1421.3,17060.4,7,0.0064,8.14,None
2024-01-01 12:57:40,4075898,4585059,DNS,111.4,2.893,2219.0,3185.2,5,0.0072,11.26,None
2024-01-01 12:57:45,4259515,3794732,UDP,229.5,0.013,1451.8,6517.3,13,0.0022,12.9,None
2024-01-01 12:57:50,1240227,7768451,DNS,191.5,1.297,2100.1,7551.6,8,0.0086,16.51,None
2024-01-01 12:57:55,9402346,4993311,TCP,135.1,3.159,10929.5,24402.5,17,0.0007,20.26,None
2024-01-01 12:58:00,4706363,9132258,HTTP,297.6,1.989,1734.0,8350.8,6,0.0012,5.05,None
2024-01-01 12:58:05,1633758,3048236,HTTP,133.5,1.285,2119.8,10808.5,7,0.0124,22.7,None
2024-01-01 12:58:10,2423325,5914572,TCP,150.9,2.069,6245.0,8033.2,8,0.0131,18.85,None
2024-01-01 12:58:15,8786315,3616523,UDP,150.0,4.749,720.9,4952.7,6,0.0031,3.35,None
2024-01-01 12:58:20,3966477,3035024,TCP,93.0,1.671,1286.6,2605.9,11,0.002,8.06,None
2024-01-01 12:58:25,8924580,7206087,HTTP,154.3,3.217,1425.5,6093.2,9,0.0006,6.03,None
2024-01-01 12:58:30,5708677,9750504,HTTP,298.4,7.9,3151.4,12008.4,15,0.0054,3.82,None
2024-01-01 12:58:35,7144955,4387320,HTTP,185.4,2.445,2111.3,9164.4,9,0.0071,15.47,None
2024-01-01 12:58:40,2721501,1534541,DNS,150.7,1.703,2179.1,35579.2,5,0.023,1.58,None
2024-01-01 12:58:45,9346640,1154325,UDP,136.9,0.076,1533.3,20865.5,14,0.0,14.37,None
2024-01-01 12:58:50,9904239,3924494,UDP,175.1,0.938,1021.6,28016.8,13,0.0052,19.87,None
2024-01-01 12:58:55,5305051,6650588,UDP,215.9,1.667,5481.5,1061.8,7,0.0054,8.69,None
2024-01-01 12:59:00,7238539,8855106,HTTP,201.3,3.191,2126.4,39313.9,9,0.0218,11.75,None
2024-01-01 12:59:05,2321935,6770029,UDP,125.7,1.153,5536.0,10581.0,9,0.0022,3.46,None
2024-01-01 12:59:10,6964299,3422451,TCP,174.6,6.441,980.8,12196.8,15,0.0007,17.29,None
2024-01-01 12:59:15,7212882,1776482,UDP,188.7,0.634,1532.7,19851.4,9,0.0048,21.81,None
2024-01-01 12:59:20,7648005,8490961,DNS,89.7,2.73,2389.4,8277.7,8,0.0095,17.59,None
2024-01-01 12:59:25,9731345,3046213,HTTP,161.4,1.086,2623.2,2778.4,12,0.0195,2.95,None
2024-01-01 12:59:30,7230091,9591412,DNS,50.4,1.331,6338.3,34454.9,5,0.0031,8.29,None
2024-01-01 12:59:35,4204186,8466286,TCP,188.9,3.244,1938.2,3758.5,11,0.0029,4.16,None
2024-01-01 12:59:40,9652487,3414576,TCP,206.5,0.703,6290.2,3023.8,7,0.0039,14.15,None
2024-01-01 12:59:45,5087059,7320771,HTTP,215.7,0.204,4337.0,6410.5,16,0.0013,17.34,None
2024-01-01 12:59:50,4972754,2150034,HTTP,121.8,1.469,2678.9,5508.2,16,0.0378,23.41,None
2024-01-01 12:59:55,2720321,2461275,HTTP,173.2,1.505,1151.4,8134.0,10,0.0078,12.07,None
2024-01-01 13:00:00,9542234,4899542,DNS,302.5,3.191,6354.2,7345.1,8,0.0032,15.29,None
2024-01-01 13:00:05,3098584,2299542,TCP,300.9,6.904,1180.5,31167.5,10,0.0045,2.56,None
2024-01-01 13:00:10,7325549,9942111,TCP,146.3,0.114,2918.2,12827.2,11,0.0201,3.73,None
2024-01-01 13:00:15,8272778,2991472,HTTP,159.1,1.791,2824.4,3436.5,8,0.0112,5.56,None
2024-01-01 13:00:20,4490809,5622857,TCP,258.6,2.287,2423.3,3942.2,7,0.0081,1.3,None
2024-01-01 13:00:25,7502489,4685627,HTTP,70.1,8.509,2019.7,5496.2,9,0.0129,9.8,None
2024-01-01 13:00:30,8574750,4286822,UDP,126.3,5.715,1310.2,5518.2,8,0.0141,22.83,None
2024-01-01 13:00:35,9478696,8678496,TCP,289.4,2.493,591.7,4842.8,14,0.0022,15.67,None
2024-01-01 13:00:40,4483824,4374480,UDP,241.7,1.475,12134.5,2692.6,12,0.0017,10.46,None
2024-01-01 13:00:45,2448688,7914786,DNS,178.5,0.352,1823.1,10833.5,12,0.034,11.85,None
2024-01-01 13:00:50,5290359,3164373,DNS,69.9,0.97,2622.5,5137.9,8,0.0021,3.52,None
2024-01-01 13:00:55,1905739,2614882,DNS,144.8,1.76,2606.5,3128.2,14,0.0063,2.32,None
2024-01-01 13:01:00,1921532,7274361,HTTP,110.5,2.583,8916.0,13167.1,10,0.0406,6.22,None
2024-01-01 13:01:05,8468477,1892720,TCP,175.1,2.018,20603.0,18917.1,17,0.0054,7.36,None
2024-01-01 13:01:10,9320905,5000811,TCP,99.0,2.504,3497.7,6338.3,13,0.0072,2.95,None
2024-01-01 13:01:15,6686169,1364984,HTTP,88.9,1.121,2547.8,48121.6,11,0.016,16.59,None
2024-01-01 13:01:20,5797393,9546084,HTTP,52.9,2.601,969.3,74274.3,6,0.0042,22.16,None
2024-01-01 13:01:25,7247658,2751048,UDP,273.4,0.31,703.7,13318.2,9,0.0056,4.19,None
2024-01-01 13:01:30,6665013,1406400,HTTP,121.5,0.355,505.7,5070.5,18,0.004,20.12,None
2024-01-01 13:01:35,7067098,8138036,TCP,160.5,0.355,1345.0,10603.6,12,0.0034,7.16,None
2024-01-01 13:01:40,3469690,9694403,TCP,148.2,4.43,368.4,2381.7,10,0.0064,14.57,None
2024-01-01 13:01:45,8855011,7981571,UDP,87.0,0.158,8767.7,3388.5,9,0.0137,2.13,None
2024-01-01 13:01:50,3119696,6257160,TCP,79.1,3.234,4551.0,1506.1,15,0.0202,5.74,None
2024-01-01 13:01:55,2184523,4767121,UDP,89.8,0.532,2317.8,4322.3,11,0.0064,3.79,None
2024-01-01 13:02:00,4533965,6664585,HTTP,103.4,1.264,9039.7,2362.5,9,0.0039,3.87,None
2024-01-01 13:02:05,3968389,4266489,DNS,178.3,4.953,1021.3,15124.3,8,0.0243,22.4,None
2024-01-01 13:02:10,1604169,7742033,DNS,99.7,1.763,1312.9,3830.8,16,0.0041,8.73,None
2024-01-01 13:02:15,1781354,6545017,DNS,355.4,0.472,431.0,10685.3,9,0.0149,4.71,None
2024-01-01 13:02:20,6714668,7480623,TCP,248.0,0.668,6466.3,17118.4,10,0.0138,4.11,None
2024-01-01 13:02:25,2363029,7908825,HTTP,222.3,5.063,1325.7,26143.1,12,0.0005,16.15,None
2024-01-01 13:02:30,4989767,4612310,DNS,139.8,1.114,3028.1,5690.6,5,0.002,17.24,None
2024-01-01 13:02:35,2300212,9271671,DNS,316.4,1.769,8124.0,11055.0,11,0.0085,23.51,None
2024-01-01 13:02:40,3895011,5930893,UDP,133.1,1.232,11741.1,11412.9,15,0.0202,15.03,None
2024-01-01 13:02:45,5299012,9415165,DNS,146.1,0.951,2895.3,28914.3,7,0.009,11.01,None
2024-01-01 13:02:50,4035212,4772870,HTTP,161.6,0.505,4377.5,17739.7,6,0.0136,5.38,None
2024-01-01 13:02:55,7813618,4482688,TCP,210.8,2.318,1207.3,29832.2,18,0.0133,0.94,None
2024-01-01 13:03:00,3895509,1549206,DNS,204.1,2.533,16048.5,1533.6,12,0.0068,21.14,None
2024-01-01 13:03:05,5985243,4458728,TCP,117.0,0.643,2524.6,4170.2,8,0.0082,18.93,None
2024-01-01 13:03:10,1679022,6382686,DNS,113.7,3.112,3230.2,22738.5,15,0.0007,19.11,None
2024-01-01 13:03:15,7901457,7126463,HTTP,204.4,3.856,1984.5,14482.6,9,0.0263,7.73,None
2024-01-01 13:03:20,7074852,1371613,DNS,212.2,5.068,9889.7,7150.6,10,0.0112,8.58,None
2024-01-01 13:03:25,5638820,3118221,DNS,121.9,0.352,3639.5,5044.0,3,0.0017,18.81,None
2024-01-01 13:03:30,7422344,2129718,TCP,67.1,0.725,6380.1,17830.8,12,0.0028,16.5,None
2024-01-01 13:03:35,3297946,8243949,TCP,133.8,3.937,4247.0,1119.3,2,0.0,15.59,None
2024-01-01 13:03:40,4550581,6049647,UDP,202.7,0.443,2391.3,17893.5,7,0.0031,13.31,None
2024-01-01 13:03:45,7841707,8477201,TCP,366.0,0.007,7551.3,8872.3,11,0.0038,8.84,None
2024-01-01 13:03:50,9323777,1312149,UDP,81.5,4.093,4210.4,4969.9,9,0.0115,17.79,None
2024-01-01 13:03:55,7772416,7279700,UDP,119.9,0.79,1140.3,13392.4,13,0.0065,8.66,None
2024-01-01 13:04:00,7610985,9269393,TCP,122.2,1.071,1108.5,5508.0,9,0.0185,17.63,None
2024-01-01 13:04:05,6755345,8906774,DNS,292.3,1.182,3459.3,8341.7,8,0.0009,4.57,None
2024-01-01 13:04:10,4741271,4480631,DNS,145.8,3.771,7386.9,7736.9,6,0.0123,14.17,None
2024-01-01 13:04:15,2595370,8656998,TCP,94.3,0.825,15358.4,17060.7,11,0.0208,8.58,None
2024-01-01 13:04:20,1267193,2597815,TCP,196.2,4.456,504.1,9501.3,9,0.0055,19.89,None
2024-01-01 13:04:25,1462181,5455035,TCP,121.2,1.919,3058.4,1201.0,9,0.0034,12.45,None
2024-01-01 13:04:30,4034951,5096293,UDP,80.5,1.499,4864.2,2014.1,8,0.0059,14.98,None
2024-01-01 13:04:35,7392117,8454571,HTTP,95.0,0.788,4006.5,2740.3,9,0.0156,2.0,None
2024-01-01 13:04:40,6374515,7908133,HTTP,353.2,0.559,8179.0,12791.6,8,0.0251,11.89,None
2024-01-01 13:04:45,1554288,9773541,HTTP,179.8,1.957,5741.8,14141.3,9,0.0007,18.74,None
2024-01-01 13:04:50,8511841,4631967,HTTP,156.6,1.184,1112.6,43060.3,15,0.0075,20.64,None
2024-01-01 13:04:55,9616352,7997684,DNS,131.0,4.827,1080.5,2938.3,16,0.0102,17.31,None
2024-01-01 13:05:00,6804866,3173651,UDP,171.8,1.353,4074.3,30009.0,8,0.0002,10.05,None
2024-01-01 13:05:05,2052804,1146886,DNS,170.7,1.434,8026.5,1166.9,8,0.002,6.18,None
2024-01-01 13:05:10,8718738,2656446,UDP,171.8,1.078,3440.7,8248.3,14,0.0006,9.34,None
2024-01-01 13:05:15,1398569,2836460,UDP,157.2,3.114,615.3,10354.8,12,0.0034,13.48,None
2024-01-01 13:05:20,2784697,3121042,UDP,229.2,1.106,1046.1,10317.4,14,0.0023,0.14,None
2024-01-01 13:05:25,6683075,5362370,UDP,150.1,0.628,5952.2,5945.6,10,0.0067,21.89,None
2024-01-01 13:05:30,5718867,2219077,HTTP,91.0,3.961,2103.5,9117.0,8,0.0107,8.25,None
2024-01-01 13:05:35,3953728,3607440,DNS,109.3,1.817,3354.2,2356.1,13,0.0185,19.12,None
2024-01-01 13:05:40,9778273,7535971,UDP,55.2,1.791,8650.9,19248.0,10,0.0036,12.83,None
2024-01-01 13:05:45,9583068,6456303,HTTP,408.9,1.887,895.9,10402.4,12,0.0005,15.89,None
2024-01-01 13:05:50,6371564,3095401,TCP,228.5,2.538,1969.9,11640.4,8,0.0,18.23,None
2024-01-01 13:05:55,5704372,3239842,UDP,98.0,0.751,1767.2,6130.2,10,0.0186,6.91,None
2024-01-01 13:06:00,2984819,2583974,HTTP,128.9,0.069,4253.1,5837.3,18,0.021,14.55,None
2024-01-01 13:06:05,2704970,6345974,HTTP,107.9,3.328,6456.8,13694.2,12,0.0011,18.04,None
2024-01-01 13:06:10,4544943,6504055,UDP,320.9,0.276,678.4,39734.5,8,0.0001,18.5,None
2024-01-01 13:06:15,9773028,7944326,HTTP,73.0,2.559,2964.5,2011.0,13,0.0161,9.98,None
2024-01-01 13:06:20,6655483,2400784,UDP,157.2,0.172,7110.5,1912.0,16,0.0102,17.48,None
2024-01-01 13:06:25,9090403,8592891,DNS,140.6,0.941,466.5,10574.5,8,0.0081,7.25,None
2024-01-01 13:06:30,9214422,7756150,TCP,224.4,0.13,2795.1,5812.7,11,0.0076,2.98,None
2024-01-01 13:06:35,7185605,1714500,TCP,140.9,1.477,883.8,9173.8,7,0.0149,2.71,None
2024-01-01 13:06:40,3831643,6951393,TCP,61.6,2.118,1569.4,7912.6,9,0.0035,12.14,None
2024-01-01 13:06:45,1232767,1375725,HTTP,130.9,0.376,243.5,15093.3,11,0.0049,9.2,None
2024-01-01 13:06:50,4215728,1958421,HTTP,91.3,0.929,12000.9,6086.5,9,0.0008,5.58,None
2024-01-01 13:06:55,5529696,3768714,UDP,154.4,5.325,2088.4,2420.6,4,0.0084,9.39,None
2024-01-01 13:07:00,2219545,7871526,UDP,304.0,1.168,1329.8,3678.1,17,0.0324,9.88,None
2024-01-01 13:07:05,4856024,5787606,UDP,62.2,3.244,4139.2,6901.9,6,0.0033,13.29,None
2024-01-01 13:07:10,2729949,3144822,TCP,99.5,5.24,1051.2,2310.1,8,0.0265,1.39,None
2024-01-01 13:07:15,2532323,4498126,DNS,112.6,7.326,956.0,7809.9,17,0.0131,21.79,None
2024-01-01 13:07:20,2090707,5344077,UDP,122.6,4.572,13498.4,8610.6,9,0.0027,8.93,None
2024-01-01 13:07:25,3215779,5983401,HTTP,214.9,0.764,18190.7,5665.8,9,0.0109,14.77,None
2024-01-01 13:07:30,8054633,4427136,UDP,136.1,6.571,1649.0,9988.8,8,0.0046,7.35,None
2024-01-01 13:07:35,8110746,7463522,TCP,182.7,3.347,8667.7,1612.8,13,0.0013,18.28,None
2024-01-01 13:07:40,6941207,6601580,TCP,108.5,3.63,4255.8,3123.8,9,0.001,11.01,None
2024-01-01 13:07:45,8435348,4998161,UDP,166.5,0.031,725.0,2584.5,16,0.0002,7.72,None
2024-01-01 13:07:50,4771471,7051042,HTTP,219.0,6.169,1178.3,19532.9,11,0.016,23.13,None
2024-01-01 13:07:55,6364285,8836366,UDP,102.9,3.011,14060.1,81321.4,12,0.0216,20.76,None
2024-01-01 13:08:00,4148873,8327270,DNS,219.4,2.922,715.7,3358.3,10,0.0066,4.33,None
2024-01-01 13:08:05,6892003,1253930,UDP,152.4,0.17,29173.0,6404.5,16,0.0073,16.82,None
2024-01-01 13:08:10,2622773,1179780,TCP,250.3,0.529,1683.5,4050.4,13,0.0118,18.1,None
2024-01-01 13:08:15,9132430,2398260,UDP,134.2,6.554,14484.2,10109.4,15,0.0121,0.83,None
2024-01-01 13:08:20,6202279,2733530,UDP,179.6,1.389,2196.1,4409.8,11,0.0039,23.06,None
2024-01-01 13:08:25,7757308,7158717,UDP,145.4,1.015,6633.6,10751.3,11,0.0017,5.59,None
2024-01-01 13:08:30,1687632,1374437,TCP,141.4,3.664,12028.5,15756.8,7,0.0056,21.8,None
2024-01-01 13:08:35,9845396,1652915,TCP,168.9,0.183,11967.5,2383.1,7,0.0119,15.7,None
2024-01-01 13:08:40,4142235,2260386,TCP,194.1,1.079,1661.8,10630.8,14,0.0163,12.29,None
2024-01-01 13:08:45,3683474,3355271,UDP,79.5,0.942,1264.7,1347.4,7,0.0009,18.86,None
2024-01-01 13:08:50,2849749,8682909,HTTP,303.9,0.861,2748.4,6269.6,8,0.0089,16.2,None
2024-01-01 13:08:55,5432543,8512597,DNS,58.6,0.735,812.0,5862.4,17,0.0006,17.77,None
2024-01-01 13:09:00,4091025,5973401,UDP,105.4,0.472,3786.8,6443.7,12,0.0174,20.59,None
2024-01-01 13:09:05,4064243,7046061,UDP,141.6,0.38,1311.9,5930.9,12,0.011,11.31,None
2024-01-01 13:09:10,2656816,3418516,UDP,182.4,2.046,8801.8,4939.8,11,0.0119,10.22,None
2024-01-01 13:09:15,5167787,1823441,DNS,326.4,5.036,1685.6,6211.9,16,0.0143,21.59,None
2024-01-01 13:09:20,2617548,5252649,DNS,58.6,1.422,522.0,10281.9,8,0.0068,19.15,None
2024-01-01 13:09:25,7077453,9093865,TCP,115.1,0.708,12099.4,10575.1,13,0.0036,0.46,None
2024-01-01 13:09:30,6047207,4357198,TCP,51.2,0.347,3580.9,9092.4,9,0.0154,15.69,None
2024-01-01 13:09:35,2955392,7412240,TCP,150.8,3.546,3069.1,4566.0,16,0.015,21.69,None
2024-01-01 13:09:40,5332754,1780284,DNS,170.0,7.115,8905.2,23869.0,10,0.0014,16.41,None
2024-01-01 13:09:45,7571606,3902276,TCP,328.8,0.859,7126.5,37248.1,14,0.0233,13.28,None
2024-01-01 13:09:50,9844422,3341415,TCP,157.6,0.688,1391.5,2234.1,11,0.0025,4.22,None
2024-01-01 13:09:55,3582678,6122146,DNS,250.1,1.84,1901.2,9549.7,10,0.0037,22.81,None
2024-01-01 13:10:00,9384600,5483181,HTTP,198.7,2.986,979.5,5073.9,14,0.0024,15.03,None
2024-01-01 13:10:05,7331504,9674273,UDP,119.4,1.215,689.2,20447.1,16,0.0337,2.42,None
2024-01-01 13:10:10,5960331,2791588,TCP,73.4,1.989,5316.6,8001.7,14,0.0036,22.26,None
2024-01-01 13:10:15,2345041,1537358,HTTP,170.3,2.521,4412.4,8545.7,16,0.0355,12.4,None
2024-01-01 13:10:20,2031212,7358270,DNS,70.4,6.468,6379.4,13292.7,10,0.0102,3.77,None
2024-01-01 13:10:25,5694019,8105441,HTTP,283.6,0.361,10738.7,6017.7,8,0.0019,5.44,None
2024-01-01 13:10:30,6254617,2029808,HTTP,136.9,11.891,6467.0,43368.2,9,0.0081,23.23,None
2024-01-01 13:10:35,6864226,7603040,TCP,269.8,0.996,7068.9,13490.5,12,0.0214,10.48,None
2024-01-01 13:10:40,1916850,7004434,DNS,116.7,2.569,373.2,20570.4,13,0.0082,10.07,None
2024-01-01 13:10:45,6590331,9751093,TCP,169.8,1.699,2193.0,6499.3,15,0.0014,11.67,None
2024-01-01 13:10:50,6659828,2453105,DNS,164.8,1.334,7821.1,7166.3,9,0.0034,16.81,None
2024-01-01 13:10:55,8534690,5963194,HTTP,145.1,2.395,926.8,18244.6,5,0.0025,8.76,None
2024-01-01 13:11:00,9355285,5384055,UDP,119.5,1.008,3267.1,16501.1,9,0.0013,10.11,None
2024-01-01 13:11:05,3740323,5534257,UDP,180.6,0.27,5011.4,2324.7,14,0.004,17.91,None
2024-01-01 13:11:10,7013319,1197330,HTTP,93.4,1.342,4641.8,9206.2,8,0.0108,11.07,None
2024-01-01 13:11:15,4636549,5551455,UDP,81.1,1.476,4310.4,13014.7,12,0.0048,17.13,None
2024-01-01 13:11:20,1003623,7732766,UDP,276.3,0.451,5425.8,7113.1,6,0.0059,23.09,None
2024-01-01 13:11:25,6344833,3851795,TCP,213.5,5.486,3571.5,11836.3,6,0.0039,23.1,None
2024-01-01 13:11:30,1174837,1194185,HTTP,153.4,0.516,690.3,7420.5,13,0.052,10.73,None
2024-01-01 13:11:35,7110482,7358934,TCP,341.2,1.053,4949.1,856.8,7,0.0088,5.62,None
2024-01-01 13:11:40,6093112,6643529,UDP,129.8,0.337,3963.0,2184.4,8,0.018,6.03,None
2024-01-01 13:11:45,4015020,3643682,HTTP,287.5,1.535,699.4,21482.3,7,0.0058,19.66,None
2024-01-01 13:11:50,2882486,1058448,DNS,162.0,0.735,11845.9,6346.3,8,0.0018,1.91,None
2024-01-01 13:11:55,4634992,6592916,HTTP,88.9,1.344,5083.9,9795.6,8,0.0188,0.97,None
2024-01-01 13:12:00,9098413,2102749,UDP,373.9,0.509,749.7,8073.5,5,0.0144,16.35,None
2024-01-01 13:12:05,2253017,9889880,HTTP,243.6,0.111,1316.6,3550.0,9,0.004,21.84,None
2024-01-01 13:12:10,8575610,1162884,HTTP,139.7,3.021,1695.9,5079.3,9,0.0093,5.54,None
2024-01-01 13:12:15,7096732,8061023,UDP,213.5,2.049,1694.7,11259.3,8,0.001,1.31,None
2024-01-01 13:12:20,3252813,5714336,HTTP,121.3,0.833,3996.0,12468.9,11,0.0003,21.49,None
2024-01-01 13:12:25,1094912,6479716,HTTP,224.7,0.097,1122.9,72287.7,10,0.0169,8.5,None
2024-01-01 13:12:30,7884050,1079682,DNS,44.9,4.013,9210.8,5025.4,7,0.0285,13.19,None
2024-01-01 13:12:35,3915875,6659965,DNS,89.1,0.372,8482.9,43072.5,8,0.0042,20.07,None
2024-01-01 13:12:40,9595187,7396272,HTTP,242.2,5.34,5537.6,3427.5,9,0.0091,6.0,None
2024-01-01 13:12:45,7737810,6426327,DNS,131.0,1.302,3115.8,13208.3,14,0.0126,14.43,None
2024-01-01 13:12:50,6531896,3553791,UDP,164.6,0.832,7611.7,9680.5,15,0.0137,23.8,None
2024-01-01 13:12:55,5014275,3294516,HTTP,75.7,2.708,2262.1,7144.8,9,0.0066,17.79,None
2024-01-01 13:13:00,8988145,4896263,HTTP,373.9,4.189,1444.5,8057.4,8,0.0095,9.54,None
2024-01-01 13:13:05,9419428,5192983,DNS,269.1,0.926,9799.7,4347.6,15,0.0107,18.43,None
2024-01-01 13:13:10,2430707,1395894,HTTP,134.2,1.046,4095.1,20008.3,12,0.0011,0.52,None
2024-01-01 13:13:15,1749333,7039408,HTTP,121.2,1.135,1504.1,3489.1,7,0.0104,5.17,None
2024-01-01 13:13:20,1338271,2688908,DNS,248.3,5.11,1963.1,11131.4,13,0.0072,17.87,None
2024-01-01 13:13:25,1354000,3006874,DNS,399.9,2.359,1427.3,17255.0,11,0.0048,6.29,None
2024-01-01 13:13:30,1196025,9954303,UDP,239.1,0.569,22520.4,32344.6,13,0.003,3.03,None
2024-01-01 13:13:35,7577741,3379647,UDP,439.6,0.409,2993.2,21413.3,5,0.0102,7.04,None
2024-01-01 13:13:40,7391028,6491999,TCP,93.6,0.524,3490.4,14363.3,14,0.0018,4.11,None
2024-01-01 13:13:45,1282123,4382953,UDP,98.5,0.612,6131.6,4282.4,10,0.0167,10.1,None
2024-01-01 13:13:50,5901680,4228561,TCP,81.9,0.523,884.2,3693.1,10,0.0019,2.99,None
2024-01-01 13:13:55,9775241,8879514,DNS,185.1,2.149,8924.4,2595.2,6,0.0148,20.1,None
2024-01-01 13:14:00,3040331,6699139,HTTP,162.0,0.246,1623.2,2358.4,10,0.017,18.72,None
2024-01-01 13:14:05,3358632,1035039,HTTP,137.6,0.98,18583.3,8091.7,11,0.0281,7.37,None
2024-01-01 13:14:10,9616202,1011375,TCP,222.4,1.962,2180.6,3915.0,6,0.0062,12.48,None
2024-01-01 13:14:15,8593163,6265412,UDP,274.8,0.687,8413.9,26882.4,10,0.0007,20.52,None
2024-01-01 13:14:20,3343600,6374786,DNS,69.2,0.135,245.5,4541.6,10,0.0113,22.3,None
2024-01-01 13:14:25,4385595,1229260,UDP,110.1,0.171,920.5,8904.0,7,0.0033,2.19,None
2024-01-01 13:14:30,6338949,8406383,TCP,223.6,0.269,2222.5,6218.9,13,0.001,17.33,None
2024-01-01 13:14:35,8598987,4423188,UDP,117.5,3.614,391.2,1990.5,12,0.0194,3.25,None
2024-01-01 13:14:40,8718147,1637774,HTTP,99.6,2.145,5436.5,24087.3,9,0.0015,0.48,None
2024-01-01 13:14:45,3977975,3932943,TCP,247.0,0.133,4076.4,16244.1,9,0.0071,1.89,None
2024-01-01 13:14:50,4458512,4641781,TCP,77.9,0.992,1106.7,18224.5,16,0.0155,13.82,None
2024-01-01 13:14:55,2265672,1560917,TCP,127.6,0.653,2933.8,14690.4,11,0.0022,9.05,None
2024-01-01 13:15:00,7798993,2285099,DNS,174.9,1.726,6677.4,3791.5,13,0.0227,2.85,None
2024-01-01 13:15:05,9250256,1797228,HTTP,111.4,1.48,363.9,3865.9,10,0.004,11.38,None
2024-01-01 13:15:10,5935314,2383544,TCP,219.5,1.312,834.2,12733.4,12,0.005,12.2,None
2024-01-01 13:15:15,6874791,3001760,DNS,111.7,0.755,2132.2,37908.1,16,0.0014,18.9,None
2024-01-01 13:15:20,9262110,5510081,DNS,300.2,0.297,3052.5,11920.1,14,0.0103,15.93,None
2024-01-01 13:15:25,3230619,1554612,HTTP,139.4,2.713,2811.3,21557.2,6,0.0068,11.18,None
2024-01-01 13:15:30,4321557,9087236,DNS,207.6,4.238,7253.9,4789.2,9,0.0366,7.78,None
2024-01-01 13:15:35,5570231,3628468,UDP,215.5,5.77,4804.0,24290.8,4,0.012,0.05,None
2024-01-01 13:15:40,1625391,5854356,HTTP,108.4,0.121,5982.7,5326.9,17,0.0142,19.97,None
2024-01-01 13:15:45,9055027,6560886,HTTP,53.2,2.693,742.6,10302.7,6,0.0022,6.41,None
2024-01-01 13:15:50,3074356,2235785,TCP,177.7,2.593,3445.5,5618.6,15,0.0125,5.12,None
2024-01-01 13:15:55,5018890,9878560,HTTP,153.9,5.879,2192.6,19715.4,11,0.0082,17.63,None
2024-01-01 13:16:00,6931450,4281352,HTTP,196.0,0.583,12862.5,19985.5,14,0.0052,1.72,None
2024-01-01 13:16:05,9366261,5225302,UDP,132.5,2.711,3548.9,1850.5,9,0.0153,6.3,None
2024-01-01 13:16:10,3719098,8461354,HTTP,119.7,0.112,1526.8,30494.4,5,0.0384,10.44,None
2024-01-01 13:16:15,8635220,7287186,HTTP,405.1,1.995,6991.9,87239.2,17,0.001,10.6,None
2024-01-01 13:16:20,6975466,7094856,DNS,71.1,0.864,5235.9,5679.8,11,0.0156,3.79,None
2024-01-01 13:16:25,4658954,9279147,UDP,214.2,2.93,1310.8,7138.1,13,0.0252,0.96,None
2024-01-01 13:16:30,4272194,9921824,DNS,111.4,3.98,2103.8,27985.2,12,0.0038,11.29,None
2024-01-01 13:16:35,8823846,9922563,DNS,125.5,0.908,2140.0,8662.6,14,0.0045,8.58,None
2024-01-01 13:16:40,3447331,1693455,DNS,126.7,1.491,10172.7,8070.9,12,0.0158,6.84,None
2024-01-01 13:16:45,3494033,3283412,TCP,99.3,0.25,3652.8,54012.4,13,0.0307,6.5,None
2024-01-01 13:16:50,7251590,3886887,TCP,16.1,1.079,621.5,2091.6,19,0.3201,12.1,PortScan
2024-01-01 13:16:55,5647215,8484504,DNS,297.5,0.895,1820.2,3681.4,6,0.0006,0.52,None
2024-01-01 13:17:00,9035793,6821136,HTTP,15.2,0.405,343.4,12305.8,20,0.0357,2.55,PortScan
2024-01-01 13:17:05,9471018,1546915,DNS,33.5,4.498,144.6,1604.3,27,0.2212,7.8,PortScan
2024-01-01 13:17:10,3483736,3542518,TCP,90.6,0.321,2077.5,5580.3,9,0.0055,11.52,None
2024-01-01 13:17:15,6968615,5849314,TCP,25.3,2.02,363.4,5529.4,20,0.0086,16.65,PortScan
2024-01-01 13:17:20,1739020,1566598,DNS,20.5,4.417,347.5,21200.4,25,0.7052,7.03,PortScan
2024-01-01 13:17:25,6431411,2448718,DNS,35.1,4.86,276.1,16201.4,14,0.011,16.01,PortScan
2024-01-01 13:17:30,8949476,2689738,UDP,9.7,3.152,1161.8,1505.3,19,0.144,9.29,PortScan
2024-01-01 13:17:35,4652164,9622369,UDP,18.8,0.388,629.6,4051.6,26,0.2487,18.59,PortScan
2024-01-01 13:17:40,9648451,8673223,DNS,16.4,3.401,655.1,4064.1,23,0.0022,11.53,PortScan
2024-01-01 13:17:45,8770641,4660764,DNS,31.5,0.647,287.7,6525.2,30,0.0218,12.99,PortScan
2024-01-01 13:17:50,2620717,9419998,DNS,181.7,5.112,6547.2,2703.9,9,0.0223,10.44,None
2024-01-01 13:17:55,2639568,2919224,DNS,97.2,2.469,3593.3,12729.1,6,0.0029,3.19,None
2024-01-01 13:18:00,1322917,9977138,DNS,66.3,3.077,3074.4,4047.3,8,0.0175,4.11,None
2024-01-01 13:18:05,7989456,5985093,TCP,216.3,0.178,13176.1,14597.7,13,0.0045,9.61,None
2024-01-01 13:18:10,7312736,2033403,DNS,86.4,1.748,310.9,8080.0,7,0.0014,2.37,None
2024-01-01 13:18:15,6175166,8688340,DNS,125.3,3.442,2449.9,3062.3,6,0.0004,3.36,None
2024-01-01 13:18:20,2070271,9676092,DNS,309.0,3.955,1011.9,32476.7,12,0.0065,14.97,None
2024-01-01 13:18:25,4858466,7385212,HTTP,73.4,0.058,419.3,33447.3,9,0.0084,15.2,None
2024-01-01 13:18:30,3436816,8391033,HTTP,69.0,5.599,902.6,10832.9,3,0.0001,3.06,None
2024-01-01 13:18:35,4527307,3212112,TCP,169.8,0.089,3032.8,6379.2,7,0.0106,20.49,None
2024-01-01 13:18:40,1724046,8343335,HTTP,263.7,1.907,1443.3,2817.8,8,0.0073,20.56,None
2024-01-01 13:18:45,3440889,3552443,DNS,67.5,2.364,7307.2,23649.9,7,0.0596,9.11,None
2024-01-01 13:18:50,8583025,9592472,UDP,182.0,0.227,2407.0,18446.7,14,0.0011,11.95,None
2024-01-01 13:18:55,7897132,5455129,TCP,198.4,0.098,2154.4,3590.3,7,0.0122,19.24,None
2024-01-01 13:19:00,5302946,4125856,UDP,53.0,3.073,2164.0,4077.3,15,0.0024,18.3,None
2024-01-01 13:19:05,8584801,3157953,DNS,221.2,0.971,2701.3,12796.4,11,0.0023,8.71,None
2024-01-01 13:19:10,6392577,7937185,UDP,230.1,0.227,1961.6,2501.3,12,0.0002,7.61,None
2024-01-01 13:19:15,9687257,4269716,DNS,127.0,2.877,1272.5,4334.3,14,0.0001,15.94,None
2024-01-01 13:19:20,4752064,2595042,DNS,277.6,3.783,8015.9,2862.5,7,0.0021,8.72,None
2024-01-01 13:19:25,9903321,3985199,TCP,262.0,1.77,1597.0,2956.2,6,0.0019,16.55,None
2024-01-01 13:19:30,5564233,1968822,UDP,156.3,0.352,2031.4,3943.9,8,0.0,3.11,None
2024-01-01 13:19:35,9905807,2420162,UDP,118.4,0.031,4579.8,20050.4,13,0.0126,16.13,None
2024-01-01 13:19:40,2616716,2439774,UDP,91.2,2.413,4100.0,1401.7,12,0.007,18.84,None
2024-01-01 13:19:45,2453754,3743447,HTTP,145.7,1.598,1219.9,12500.0,9,0.005,21.71,None
2024-01-01 13:19:50,1814777,9173044,DNS,197.3,2.104,6342.2,10487.6,7,0.0011,10.95,None
2024-01-01 13:19:55,5109060,7934691,UDP,126.2,3.355,5103.4,21340.1,9,0.0041,13.45,None
2024-01-01 13:20:00,6762169,9116963,HTTP,49.5,1.139,3561.6,10478.2,9,0.0064,6.93,None
2024-01-01 13:20:05,7212429,4820685,HTTP,279.9,0.266,1936.6,5547.8,5,0.0624,3.61,None
2024-01-01 13:20:10,3538193,9344934,UDP,163.2,5.626,1984.8,3585.6,12,0.0071,4.15,None
2024-01-01 13:20:15,7106726,1708826,TCP,122.8,1.576,2436.2,21816.3,9,0.0002,20.27,None
2024-01-01 13:20:20,3885340,2979173,TCP,227.8,1.911,869.7,13319.0,14,0.0023,13.0,None
2024-01-01 13:20:25,8065467,4607234,DNS,318.1,5.418,2866.2,4948.6,8,0.0044,9.03,None
2024-01-01 13:20:30,8289297,2371167,UDP,36.6,5.364,7274.3,20108.8,6,0.0061,20.73,None
2024-01-01 13:20:35,3994888,5710043,DNS,184.4,1.698,7160.8,5188.1,11,0.0112,2.73,None
2024-01-01 13:20:40,3619150,6709660,DNS,72.7,0.707,2036.8,8095.5,8,0.0089,14.26,None
2024-01-01 13:20:45,3173736,6537141,TCP,190.5,11.696,8639.4,4427.2,7,0.0071,18.98,None
2024-01-01 13:20:50,2983569,3268112,HTTP,158.2,2.284,20048.4,13819.6,12,0.0182,3.0,None
2024-01-01 13:20:55,5827979,5102665,HTTP,203.9,1.05,2172.8,2998.3,11,0.0022,2.89,None
2024-01-01 13:21:00,9306684,1705447,HTTP,115.6,1.641,5952.2,6011.4,9,0.0008,0.8,None
2024-01-01 13:21:05,5309993,7575615,UDP,58.2,1.075,310.2,4211.0,17,0.0182,22.61,None
2024-01-01 13:21:10,5579234,4579052,UDP,118.5,4.384,847.1,10548.2,12,0.0062,16.61,None
2024-01-01 13:21:15,1215188,4617582,TCP,181.9,1.317,3265.3,11950.0,11,0.0081,1.71,None
2024-01-01 13:21:20,3632573,2966397,HTTP,246.6,3.469,1089.3,2686.1,15,0.0182,16.11,None
2024-01-01 13:21:25,2902991,9873776,UDP,82.6,3.667,22907.1,12166.4,11,0.0292,7.29,None
2024-01-01 13:21:30,1405762,2405181,DNS,248.0,3.478,5420.2,1850.6,13,0.008,2.62,None
2024-01-01 13:21:35,6936609,5230991,UDP,107.3,2.562,7830.9,72545.8,13,0.0167,23.81,None
2024-01-01 13:21:40,5158231,8420612,TCP,177.9,3.86,2895.7,4858.7,11,0.0079,4.32,None
2024-01-01 13:21:45,8327247,7572893,UDP,115.0,0.98,1093.1,23138.7,9,0.0003,19.16,None
2024-01-01 13:21:50,4677347,6930491,UDP,162.6,0.244,1774.4,9908.7,12,0.0312,21.15,None
2024-01-01 13:21:55,3635968,4776572,DNS,231.8,3.696,3844.4,10319.6,10,0.017,12.73,None
2024-01-01 13:22:00,2830487,2835354,DNS,80.4,1.379,1575.1,2524.8,6,0.014,23.42,None
2024-01-01 13:22:05,4207225,2066092,DNS,105.6,0.273,5832.4,18834.4,13,0.0058,2.88,None
2024-01-01 13:22:10,4157673,5012819,TCP,162.8,0.245,6071.8,8507.0,14,0.0286,23.06,None
2024-01-01 13:22:15,4455450,5279349,UDP,493.1,0.347,2995.8,12966.7,10,0.0067,1.7,None
2024-01-01 13:22:20,7814379,6406443,DNS,96.4,2.78,480.3,7400.4,7,0.0128,11.46,None
2024-01-01 13:22:25,9129969,2823874,UDP,411.6,2.482,16560.7,9228.4,9,0.0011,20.52,None
2024-01-01 13:22:30,2695659,1085458,UDP,404.3,0.456,2409.9,3337.0,10,0.0025,13.28,None
2024-01-01 13:22:35,8862300,6011430,TCP,141.4,3.754,44769.2,6954.3,13,0.0055,14.0,None
2024-01-01 13:22:40,1681366,3419408,UDP,127.9,0.661,5724.6,5324.7,14,0.0087,3.86,None
2024-01-01 13:22:45,3640023,8983582,DNS,105.0,3.15,2416.4,4001.5,6,0.0164,23.62,None
2024-01-01 13:22:50,1773679,5084077,UDP,143.4,1.342,4664.9,9269.9,12,0.0028,5.55,None
2024-01-01 13:22:55,7705362,7357624,TCP,73.5,2.63,395.7,11653.8,11,0.0149,20.61,None
2024-01-01 13:23:00,8634214,9085384,DNS,142.9,0.961,8317.7,10412.6,11,0.0221,22.96,None
2024-01-01 13:23:05,4125154,4112418,HTTP,313.7,0.853,38829.7,7315.4,7,0.0171,6.74,None
2024-01-01 13:23:10,7593379,9678992,TCP,109.3,3.682,369.0,12223.4,6,0.0097,17.53,None
2024-01-01 13:23:15,3969604,5122874,TCP,131.6,0.072,2236.3,10323.4,11,0.0166,1.93,None
2024-01-01 13:23:20,5026309,9970767,TCP,63.4,7.357,2682.9,8933.2,9,0.021,17.79,None
2024-01-01 13:23:25,8939160,2542887,TCP,178.9,2.089,7152.6,9567.7,10,0.0081,11.62,None
2024-01-01 13:23:30,7197043,6650773,UDP,169.4,1.133,24488.9,26449.8,15,0.0166,2.83,None
2024-01-01 13:23:35,9772427,8232668,TCP,153.2,1.978,4371.6,2428.3,10,0.0055,21.47,None
2024-01-01 13:23:40,8493967,9873930,UDP,133.2,0.262,25381.9,5892.3,11,0.0074,16.29,None
2024-01-01 13:23:45,4114574,8338889,DNS,128.2,1.443,3534.9,11363.6,17,0.0005,4.05,None
2024-01-01 13:23:50,9858354,7406852,HTTP,190.7,8.412,4681.7,1664.5,11,0.0215,12.79,None
2024-01-01 13:23:55,7009066,3609022,TCP,146.3,0.536,4139.1,32292.3,8,0.0015,7.82,None
2024-01-01 13:24:00,2819745,1230891,HTTP,173.7,2.562,10100.1,10454.8,13,0.0032,17.05,None
2024-01-01 13:24:05,6169953,4193615,DNS,165.3,1.142,1954.1,21097.3,9,0.0038,15.06,None
2024-01-01 13:24:10,3301804,8986828,DNS,260.3,2.114,6756.7,24828.9,12,0.0012,4.55,None
2024-01-01 13:24:15,8128887,5933766,TCP,208.2,0.459,870.6,12239.9,14,0.0255,5.81,None
2024-01-01 13:24:20,4124276,7870424,HTTP,163.4,1.272,2242.8,869.1,6,0.0351,16.91,None
2024-01-01 13:24:25,1514874,3167137,DNS,317.1,7.833,1577.0,9392.8,7,0.02,16.2,None
2024-01-01 13:24:30,4238217,3490866,HTTP,183.1,0.435,3255.0,10015.5,8,0.0043,7.49,None
2024-01-01 13:24:35,9720875,4375767,UDP,285.0,2.024,2173.1,2732.9,9,0.0006,11.48,None
2024-01-01 13:24:40,8987894,9723442,DNS,201.0,1.714,9247.7,1353.3,10,0.002,11.21,None
2024-01-01 13:24:45,3511429,7218786,DNS,59.1,1.665,1238.1,12857.3,8,0.0148,2.99,None
2024-01-01 13:24:50,5818302,3922275,TCP,285.0,1.91,527.8,2323.5,10,0.0034,14.91,None
2024-01-01 13:24:55,8898457,4788267,UDP,158.8,1.395,767.2,63666.7,10,0.0223,6.35,None
2024-01-01 13:25:00,2410584,6336821,UDP,144.6,0.034,8056.0,10542.2,9,0.018,11.04,None
2024-01-01 13:25:05,1870497,3910514,HTTP,170.8,4.607,1130.5,31304.3,7,0.0027,1.72,None
2024-01-01 13:25:10,8180680,4390205,DNS,124.9,3.509,4437.5,8359.6,7,0.0118,14.74,None
2024-01-01 13:25:15,3751623,2882912,DNS,166.3,0.383,2219.9,17180.6,9,0.0058,20.15,None
2024-01-01 13:25:20,5742816,4240086,TCP,110.4,1.066,6797.1,8546.4,16,0.0024,13.67,None
2024-01-01 13:25:25,4001043,2544612,TCP,280.7,2.944,2366.7,22149.6,9,0.0089,14.32,None
2024-01-01 13:25:30,4984177,1838226,HTTP,140.2,7.83,47303.9,1055.4,10,0.0182,16.16,None
2024-01-01 13:25:35,8033488,9239841,HTTP,122.6,6.037,19892.9,19695.5,8,0.0261,4.71,None
2024-01-01 13:25:40,9852111,4511212,DNS,93.5,4.592,2175.0,15815.8,7,0.0006,1.65,None
2024-01-01 13:25:45,7585028,7636363,TCP,169.8,0.345,1896.7,6945.5,14,0.0054,20.5,None
2024-01-01 13:25:50,2445005,8625261,HTTP,163.0,4.918,68345.2,5382.1,9,0.0093,20.32,None
2024-01-01 13:25:55,8259376,6494947,HTTP,180.2,4.215,1013.5,6008.3,12,0.0041,13.07,None
2024-01-01 13:26:00,4749235,6695480,DNS,88.8,0.946,2821.4,10751.1,7,0.0038,4.73,None
2024-01-01 13:26:05,2942417,2157911,HTTP,66.6,1.003,3048.6,27283.6,10,0.0148,19.61,None
2024-01-01 13:26:10,4505185,4552765,UDP,202.9,1.232,2974.0,4749.6,9,0.0153,5.29,None
2024-01-01 13:26:15,2405130,9543090,UDP,311.8,2.135,523.9,1477.7,16,0.0131,20.66,None
2024-01-01 13:26:20,7894568,9513685,TCP,88.8,0.604,4898.1,97205.3,12,0.0229,10.17,None
2024-01-01 13:26:25,6497039,2638756,HTTP,328.6,0.046,1129.6,15860.3,11,0.0068,1.38,None
2024-01-01 13:26:30,5802727,6660536,TCP,171.0,0.305,12531.4,5479.6,7,0.0155,19.6,None
2024-01-01 13:26:35,6806231,3714928,HTTP,147.9,1.16,695.1,26604.8,7,0.0001,13.46,None
2024-01-01 13:26:40,5013585,4020906,TCP,121.7,0.663,3163.6,20613.3,8,0.0438,7.64,None
2024-01-01 13:26:45,2030032,2390243,HTTP,74.3,2.892,325.0,13257.0,10,0.0252,10.87,None
2024-01-01 13:26:50,2155991,8496530,TCP,243.2,0.226,345.7,5028.9,11,0.0184,21.27,None
2024-01-01 13:26:55,9558490,1436952,HTTP,100.7,4.989,1287.7,15793.0,9,0.0089,4.88,None
2024-01-01 13:27:00,2523533,6982806,DNS,100.5,4.514,1483.0,24090.2,8,0.0079,2.49,None
2024-01-01 13:27:05,1139865,6492169,TCP,243.7,4.788,12909.6,1450.9,4,0.0016,18.83,None
2024-01-01 13:27:10,8442725,7392922,TCP,57.9,2.691,2862.4,10142.6,12,0.0006,14.92,None
2024-01-01 13:27:15,9190562,4736518,HTTP,69.3,0.226,10855.3,10918.1,13,0.003,20.88,None
2024-01-01 13:27:20,9238171,2880438,TCP,147.1,1.153,2039.0,10573.2,11,0.0016,7.52,None
2024-01-01 13:27:25,6071870,7359693,DNS,171.9,0.282,5464.8,8486.1,10,0.0082,13.47,None
2024-01-01 13:27:30,2304546,8595945,DNS,189.1,8.796,1443.1,26531.1,10,0.004,1.02,None
2024-01-01 13:27:35,7554078,9731371,DNS,127.6,0.81,1348.2,6559.6,9,0.0049,20.32,None
2024-01-01 13:27:40,9653545,4765896,HTTP,525.9,1.761,482.6,8080.5,12,0.0003,4.59,None
2024-01-01 13:27:45,3191416,5712720,HTTP,132.4,3.023,4170.3,11110.7,12,0.008,2.75,None
2024-01-01 13:27:50,3902968,4490974,DNS,132.2,5.067,3874.2,6781.3,10,0.0107,11.63,None
2024-01-01 13:27:55,3461205,8814414,TCP,99.6,2.817,6485.4,2026.4,8,0.0041,17.88,None
2024-01-01 13:28:00,3816948,7469024,HTTP,157.9,2.245,3695.7,10038.0,9,0.0014,5.03,None
2024-01-01 13:28:05,6312043,3821453,TCP,201.8,1.255,22611.1,10152.3,10,0.0122,5.6,None
2024-01-01 13:28:10,8107579,4785848,DNS,270.9,1.86,3554.7,5624.2,13,0.0014,7.57,None
2024-01-01 13:28:15,4109975,8627557,HTTP,70.5,0.198,8037.1,7098.8,6,0.017,19.47,None
2024-01-01 13:28:20,4147527,9075973,UDP,131.2,4.307,2155.7,337.0,10,0.0079,17.94,None
2024-01-01 13:28:25,8873152,8706777,DNS,185.6,1.57,1201.7,27130.3,5,0.0027,6.48,None
2024-01-01 13:28:30,4282351,7137823,DNS,199.0,0.082,6110.1,19950.9,10,0.0229,6.12,None
2024-01-01 13:28:35,2026244,4976759,HTTP,148.9,5.049,2726.7,2126.4,7,0.0015,21.75,None
2024-01-01 13:28:40,7057631,7414742,UDP,194.7,1.344,6850.3,4123.8,6,0.0092,14.76,None
2024-01-01 13:28:45,9144984,9229244,TCP,99.0,4.059,4242.6,34493.3,14,0.0096,5.4,None
2024-01-01 13:28:50,8462823,1206538,DNS,323.4,3.888,1348.8,2553.3,12,0.0004,3.37,None
2024-01-01 13:28:55,1210610,8097932,UDP,243.8,3.383,8728.4,13075.0,9,0.0094,1.59,None
2024-01-01 13:29:00,1911051,1482871,TCP,75.8,0.127,1247.4,4954.2,10,0.0118,5.91,None
2024-01-01 13:29:05,9854075,6001650,UDP,86.7,0.568,5571.0,12211.6,7,0.0241,17.28,None
2024-01-01 13:29:10,1412540,4154958,DNS,87.9,4.168,10738.7,8519.7,12,0.0123,8.92,None
2024-01-01 13:29:15,9733098,3655815,UDP,208.3,4.585,2029.2,6104.4,17,0.0066,23.16,None
2024-01-01 13:29:20,1084404,8145519,DNS,78.1,1.225,9471.0,11950.4,8,0.0192,7.78,None
2024-01-01 13:29:25,3545625,5188453,HTTP,125.8,1.16,4436.5,4949.1,12,0.0044,3.6,None
2024-01-01 13:29:30,2615218,9423600,DNS,186.3,0.385,6988.0,1360.7,11,0.0193,4.24,None
2024-01-01 13:29:35,7244437,6071302,HTTP,143.6,6.91,1291.1,3204.4,5,0.0186,11.72,None
2024-01-01 13:29:40,9181594,7164021,HTTP,168.9,0.479,3693.4,2841.7,9,0.0093,22.5,None
2024-01-01 13:29:45,9655631,6921426,TCP,87.1,0.424,729.2,1629.3,16,0.0042,21.61,None
2024-01-01 13:29:50,2271112,2515306,HTTP,199.8,2.162,16503.1,11724.1,10,0.0089,4.4,None
2024-01-01 13:29:55,5570804,3980456,HTTP,109.2,0.556,397.8,6817.4,11,0.0236,18.11,None
2024-01-01 13:30:00,4230925,5989816,DNS,126.2,5.586,2090.7,11544.2,10,0.0101,18.06,None
2024-01-01 13:30:05,3899917,7533932,TCP,167.1,0.022,1174.1,13639.9,15,0.0183,3.97,None
2024-01-01 13:30:10,7240402,4741985,UDP,156.3,0.012,5852.9,17265.6,3,0.0042,7.16,None
2024-01-01 13:30:15,1681395,2355860,TCP,150.2,1.406,20413.4,12172.3,8,0.0035,1.82,None
2024-01-01 13:30:20,1141972,6518928,HTTP,44.3,1.339,179456.6,3042.4,507,0.003,1.8,DDoS
2024-01-01 13:30:25,2985608,6749598,HTTP,51.2,0.357,7498.7,14465.6,470,0.0068,10.61,DDoS
2024-01-01 13:30:30,6535264,6207133,DNS,52.4,1.364,197955.8,10115.3,516,0.0057,11.62,DDoS
2024-01-01 13:30:35,7297295,9093348,DNS,112.0,1.061,1025530.9,72410.4,507,0.0193,0.79,DDoS
2024-01-01 13:30:40,7255029,7306055,DNS,63.6,4.421,90343.0,8167.5,476,0.0012,23.19,DDoS
2024-01-01 13:30:45,2760483,5589975,UDP,40.1,0.019,39874.1,11883.4,470,0.0081,11.67,DDoS
2024-01-01 13:30:50,3289348,1451672,TCP,48.6,7.482,138893.4,7370.0,484,0.0052,18.91,DDoS
2024-01-01 13:30:55,3594674,4434248,TCP,264.6,1.958,1405.8,8509.1,14,0.0277,15.24,None
2024-01-01 13:31:00,9172996,7204437,UDP,50.4,0.329,183713.0,7953.7,498,0.0155,14.86,DDoS
2024-01-01 13:31:05,1490237,9062200,HTTP,53.8,0.096,170614.8,5246.8,503,0.0057,7.28,DDoS
2024-01-01 13:31:10,3664393,2739944,UDP,73.4,1.545,273114.1,9675.5,474,0.0102,21.29,DDoS
2024-01-01 13:31:15,3653021,5290605,HTTP,33.5,0.535,354603.8,15089.6,500,0.0137,7.19,DDoS
2024-01-01 13:31:20,6217577,9030226,UDP,183.0,0.717,2198.6,5326.7,9,0.0007,22.84,None
2024-01-01 13:31:25,3129621,1080020,DNS,115.8,0.562,8184.6,18686.8,8,0.0112,0.95,None
2024-01-01 13:31:30,5584063,4021311,DNS,235.5,2.101,1211.2,16552.8,7,0.0015,2.75,None
2024-01-01 13:31:35,6738742,2685351,UDP,181.8,1.613,1450.6,3360.1,12,0.0021,17.44,None
2024-01-01 13:31:40,9031458,5828762,UDP,98.8,0.162,5333.0,3091.2,16,0.0062,14.61,None
2024-01-01 13:31:45,2057421,2027594,UDP,82.9,1.495,6643.5,12684.7,13,0.0389,17.21,None
2024-01-01 13:31:50,2755961,3784162,UDP,71.5,3.133,12440.6,4502.8,6,0.0304,15.4,None
2024-01-01 13:31:55,4320358,9785021,DNS,163.0,0.169,4765.3,2847.8,10,0.0233,12.65,None
2024-01-01 13:32:00,5617670,6655683,TCP,197.6,4.41,3396.0,45111.7,11,0.0003,0.75,None
2024-01-01 13:32:05,4285379,2784982,DNS,205.5,1.727,5297.8,3083.0,4,0.0192,19.41,None
2024-01-01 13:32:10,5940981,3633936,HTTP,139.9,6.017,2281.5,1765.9,11,0.015,12.24,None
2024-01-01 13:32:15,4570086,5169219,DNS,83.2,0.321,2264.8,3700.8,10,0.0069,2.54,None
2024-01-01 13:32:20,7752205,6562799,UDP,105.5,10.092,505.7,10215.4,6,0.0039,4.62,None
2024-01-01 13:32:25,4664767,6882249,HTTP,264.1,2.067,7283.9,8721.5,7,0.0141,15.89,None
2024-01-01 13:32:30,1499637,9137226,UDP,116.5,1.676,3682.9,53488.0,10,0.0011,1.85,None
2024-01-01 13:32:35,9399669,3292166,DNS,159.4,1.448,6483.7,3757.9,16,0.0105,20.87,None
2024-01-01 13:32:40,4895626,7001653,DNS,86.7,0.048,178.4,10261.5,7,0.0111,18.98,None
2024-01-01 13:32:45,9664902,1330848,DNS,175.6,5.615,2843.8,25046.5,9,0.0081,7.35,None
2024-01-01 13:32:50,8070363,4034657,TCP,118.1,2.066,1266.6,4192.2,16,0.021,21.2,None
2024-01-01 13:32:55,4736911,3099255,TCP,250.5,0.192,13377.9,16378.5,12,0.004,21.24,None
2024-01-01 13:33:00,2684984,9933437,HTTP,218.5,0.042,5509.4,1297.0,11,0.0065,20.11,None
2024-01-01 13:33:05,1878524,4740195,TCP,115.8,0.104,3767.8,47040.0,4,0.0142,7.38,None
2024-01-01 13:33:10,9257237,9612635,DNS,139.3,1.88,1935.4,21911.3,11,0.0126,15.74,None
2024-01-01 13:33:15,4146248,4672975,UDP,112.7,1.904,4434.7,4102.4,9,0.0083,10.83,None
2024-01-01 13:33:20,7576036,2220094,DNS,73.0,1.385,1178.3,18579.6,6,0.0032,12.93,None
2024-01-01 13:33:25,3425822,9215034,UDP,96.7,0.733,2698.0,30127.2,10,0.0035,9.83,None
2024-01-01 13:33:30,6455031,8362538,HTTP,163.9,1.517,1671.8,2233.5,10,0.0135,0.1,None
2024-01-01 13:33:35,5212548,9239900,HTTP,174.6,1.453,28752.8,4447.6,12,0.0001,0.24,None
2024-01-01 13:33:40,1037165,9360705,UDP,159.9,0.039,12964.2,31134.9,14,0.0106,18.55,None
2024-01-01 13:33:45,1010572,4185787,HTTP,127.6,0.664,8630.4,8668.7,15,0.0029,22.71,None
2024-01-01 13:33:50,1395762,4026831,UDP,236.6,0.109,671.6,12533.6,17,0.0112,5.51,None
2024-01-01 13:33:55,1725426,1446640,UDP,153.2,4.608,7073.8,8692.3,6,0.0021,13.06,None
2024-01-01 13:34:00,2469778,6854802,HTTP,211.0,2.584,3596.3,19761.5,5,0.0047,7.34,None
2024-01-01 13:34:05,5924950,2338193,UDP,61.1,11.101,10132.1,13533.6,12,0.014,11.46,None
2024-01-01 13:34:10,4268923,6636747,UDP,20.9,0.72,4115.0,9011.1,11,0.0141,2.84,None
2024-01-01 13:34:15,5653533,4447089,DNS,171.0,4.215,2961.0,990.6,14,0.0024,17.41,None
2024-01-01 13:34:20,1872126,5908061,TCP,72.8,1.848,3766.1,15367.5,6,0.0047,12.39,None
2024-01-01 13:34:25,2063750,6695502,HTTP,133.5,1.207,490.0,16801.8,9,0.007,7.41,None
2024-01-01 13:34:30,2387760,6631168,TCP,127.6,0.504,1383.8,2346.0,9,0.0089,15.93,None
2024-01-01 13:34:35,1972105,1599824,DNS,328.2,2.682,4330.1,2510.9,9,0.0136,12.27,None
2024-01-01 13:34:40,6060063,1431629,DNS,181.3,4.69,9315.1,13596.9,7,0.0002,9.7,None
2024-01-01 13:34:45,1502157,6209392,UDP,161.2,0.537,1719.0,9841.1,7,0.0012,12.8,None
2024-01-01 13:34:50,6146128,9834867,UDP,225.5,0.386,2861.8,1124.6,14,0.0017,22.89,None
2024-01-01 13:34:55,2270013,7237485,HTTP,178.4,2.383,601.2,3561.6,13,0.0021,1.66,None
2024-01-01 13:35:00,2321601,7826309,HTTP,118.1,7.542,12827.0,11090.5,9,0.0003,22.18,None
2024-01-01 13:35:05,9290216,6924278,DNS,253.6,2.772,9079.2,15941.4,10,0.0253,3.03,None
2024-01-01 13:35:10,7894007,6834864,HTTP,85.2,0.67,5722.2,4517.3,13,0.0018,4.95,None
2024-01-01 13:35:15,2255828,8998484,HTTP,174.4,1.089,4477.4,6992.2,13,0.0008,23.5,None
2024-01-01 13:35:20,4105562,9282617,HTTP,68.5,0.97,14080.5,3363.2,14,0.0064,19.44,None
2024-01-01 13:35:25,8390878,7376614,UDP,164.3,3.822,1332.7,30452.5,6,0.0283,8.44,None
2024-01-01 13:35:30,9130286,5585601,DNS,163.4,2.951,1196.1,9648.8,14,0.0334,9.71,None
2024-01-01 13:35:35,7394715,6134676,UDP,343.2,1.778,8617.2,4156.0,17,0.0113,7.18,None
2024-01-01 13:35:40,2532233,1222874,TCP,67.9,0.643,8057.1,2549.6,12,0.002,5.4,None
2024-01-01 13:35:45,3229921,9973155,UDP,109.9,5.561,903.7,2282.7,8,0.0,1.46,None
2024-01-01 13:35:50,3652596,9743654,TCP,223.9,2.119,1752.2,49590.5,17,0.0041,0.81,None
2024-01-01 13:35:55,4864074,9690576,UDP,175.5,7.045,16140.6,6812.3,11,0.0013,12.04,None
2024-01-01 13:36:00,6266037,6647311,DNS,162.4,1.736,4499.3,5434.3,9,0.0141,12.72,None
2024-01-01 13:36:05,6500208,4981688,DNS,92.0,3.443,6549.6,6547.0,9,0.0348,18.28,None
2024-01-01 13:36:10,5465568,8357478,HTTP,110.5,3.354,935.4,4314.7,8,0.0009,2.28,None
2024-01-01 13:36:15,7811581,7858989,DNS,276.6,0.823,5748.2,7280.8,5,0.0051,12.35,None
2024-01-01 13:36:20,4400202,2412210,HTTP,144.6,6.65,720.9,8391.1,12,0.0233,22.19,None
2024-01-01 13:36:25,5346601,6476436,TCP,179.1,0.044,411.7,8225.6,10,0.013,20.46,None
2024-01-01 13:36:30,2274854,7512128,TCP,140.1,2.928,6166.1,2292.5,10,0.0204,12.83,None
2024-01-01 13:36:35,4142198,3556106,TCP,82.1,6.737,12512.0,19780.1,14,0.0256,3.21,None
2024-01-01 13:36:40,3191249,2762976,DNS,236.7,0.828,2312.8,4661.3,11,0.0053,3.75,None
2024-01-01 13:36:45,9100201,2405105,HTTP,190.9,2.089,1725.8,4193.7,6,0.0118,11.46,None
2024-01-01 13:36:50,4348017,6789658,TCP,470.0,1.652,16495.6,4008.5,4,0.0124,14.82,None
2024-01-01 13:36:55,2339918,5243446,HTTP,89.3,2.867,2453.4,2828.6,11,0.01,23.49,None
2024-01-01 13:37:00,8581026,3668009,DNS,223.9,4.022,2791.2,10591.4,7,0.0039,19.95,None
2024-01-01 13:37:05,2194883,8641125,TCP,77.0,1.848,16219.3,19830.6,13,0.0178,9.94,None
2024-01-01 13:37:10,4914872,6513597,HTTP,160.6,3.385,2093.1,3932.4,13,0.0146,8.4,None
2024-01-01 13:37:15,5529343,5658590,TCP,241.8,0.749,1549.9,1282.9,10,0.0059,0.32,None
2024-01-01 13:37:20,8860397,2309513,TCP,52.7,0.519,6737.9,2901.2,9,0.0055,0.19,None
2024-01-01 13:37:25,3518379,2501145,UDP,134.0,1.127,1462.9,5175.6,10,0.0001,11.39,None
2024-01-01 13:37:30,8704957,6034958,HTTP,112.0,2.265,2579.6,2365.1,7,0.0185,1.66,None
2024-01-01 13:37:35,6250858,8085681,DNS,104.5,0.415,797.0,4452.7,9,0.0033,3.75,None
2024-01-01 13:37:40,8889272,4741906,HTTP,179.9,2.281,3588.2,4667.9,11,0.0064,23.53,None
2024-01-01 13:37:45,8265546,9856233,UDP,259.9,1.002,3191.0,7978.5,10,0.0053,17.21,None
2024-01-01 13:37:50,3454924,9292465,TCP,138.8,3.175,7848.0,1891.3,6,0.0113,10.85,None
2024-01-01 13:37:55,4753104,9364104,DNS,164.5,0.075,7025.2,14474.1,8,0.0049,20.59,None
2024-01-01 13:38:00,5794870,9633041,DNS,157.1,2.205,5174.6,42656.7,15,0.002,4.26,None
2024-01-01 13:38:05,2959606,2960573,UDP,148.5,2.099,4421.6,33830.5,6,0.0203,9.34,None
2024-01-01 13:38:10,1503431,6929277,DNS,86.1,5.658,2770.4,4518.6,3,0.002,7.07,None
2024-01-01 13:38:15,2333362,2426604,HTTP,258.3,2.499,5483.8,15814.1,7,0.0003,23.89,None
2024-01-01 13:38:20,2531610,1459565,TCP,172.0,3.182,980.1,14048.3,11,0.0022,21.63,None
2024-01-01 13:38:25,1451201,7947122,HTTP,180.8,4.699,284.6,7758.0,6,0.0061,12.63,None
2024-01-01 13:38:30,1714554,3859366,UDP,99.2,2.248,9527.3,9672.1,8,0.0055,10.18,None
2024-01-01 13:38:35,7838805,5644365,TCP,118.0,0.685,5849.8,16043.3,13,0.0159,23.95,None
2024-01-01 13:38:40,5927995,7920287,UDP,135.9,4.077,2625.5,19601.8,13,0.0022,4.95,None
2024-01-01 13:38:45,7004173,4023012,UDP,68.9,2.753,8730.3,3598.7,10,0.0149,9.79,None
2024-01-01 13:38:50,5425181,2808624,UDP,63.8,1.105,1434.4,17114.7,9,0.001,17.08,None
2024-01-01 13:38:55,2823989,2787678,TCP,109.9,2.479,1472.2,42892.9,12,0.0064,16.89,None
2024-01-01 13:39:00,1125407,7341154,UDP,192.7,4.045,1281.6,19578.4,14,0.02,13.78,None
2024-01-01 13:39:05,9037493,5328652,DNS,107.1,7.431,5258.6,37664.1,11,0.0053,22.85,None
2024-01-01 13:39:10,9654179,1159368,DNS,89.2,6.088,612.2,611.8,2,0.033,5.92,None
2024-01-01 13:39:15,8931225,3454646,HTTP,98.8,0.787,1384.4,14701.6,11,0.01,13.65,None
2024-01-01 13:39:20,3019531,7636755,UDP,118.2,1.095,3982.7,10553.9,12,0.0141,19.45,None
2024-01-01 13:39:25,3280820,5870547,DNS,124.3,0.232,894.1,22631.2,11,0.0071,5.58,None
2024-01-01 13:39:30,7289031,1039088,UDP,438.2,0.569,1540.2,2629.0,10,0.0056,20.91,None
2024-01-01 13:39:35,4537412,7228630,HTTP,251.5,4.281,326.5,4884.7,9,0.0009,15.34,None
2024-01-01 13:39:40,7076812,1056852,HTTP,247.7,0.895,5463.3,19941.1,8,0.0013,9.15,None
2024-01-01 13:39:45,6577694,1596175,DNS,266.2,1.938,1498.4,2808.3,15,0.0085,15.54,None
2024-01-01 13:39:50,1888305,3661979,TCP,90.1,2.193,993.0,10324.9,8,0.0095,22.27,None
2024-01-01 13:39:55,6268152,6344151,TCP,80.5,3.045,816.5,7967.0,11,0.0418,23.72,None
2024-01-01 13:40:00,4644646,6063201,TCP,85.3,0.404,1962.1,6661.3,11,0.0195,6.75,None
2024-01-01 13:40:05,6268128,6252489,DNS,289.2,0.727,613.9,14367.1,12,0.0186,21.82,None
2024-01-01 13:40:10,2584719,2180642,DNS,112.9,1.19,20793.2,2655.8,11,0.0034,0.93,None
2024-01-01 13:40:15,3289516,3944653,HTTP,79.4,0.908,274.6,3714.1,15,0.0053,0.17,None
2024-01-01 13:40:20,1616253,6081697,DNS,119.6,8.138,1899.6,7049.8,9,0.0011,14.44,None
2024-01-01 13:40:25,5684127,7980068,HTTP,131.7,3.603,3317.3,2437.7,11,0.0087,11.56,None
2024-01-01 13:40:30,8009496,4791599,TCP,169.7,1.307,1372.8,27748.1,9,0.0007,11.26,None
2024-01-01 13:40:35,6044643,2793771,TCP,168.3,4.228,3685.4,3645.4,14,0.0059,5.62,None
2024-01-01 13:40:40,5560739,2923243,TCP,98.1,0.854,1340.0,17788.9,8,0.0084,14.34,None
2024-01-01 13:40:45,9075842,3401325,HTTP,209.1,3.082,13767.9,3376.2,12,0.0026,0.41,None
2024-01-01 13:40:50,7679404,1523716,DNS,107.8,0.506,973.7,16386.2,11,0.0149,10.41,None
2024-01-01 13:40:55,2864931,9681099,UDP,137.3,2.96,283.9,1621.6,15,0.0112,8.81,None
2024-01-01 13:41:00,3894536,7277616,HTTP,209.2,1.219,813.6,33143.9,8,0.0016,4.63,None
2024-01-01 13:41:05,3349137,8699926,TCP,107.7,0.227,4387.4,25213.5,5,0.0412,12.26,None
2024-01-01 13:41:10,7521337,3682832,HTTP,111.6,0.638,2649.4,4663.0,7,0.0078,16.57,None
2024-01-01 13:41:15,8758668,8371840,UDP,199.5,1.029,6324.2,3548.8,13,0.0003,19.51,None
2024-01-01 13:41:20,9234614,4235881,HTTP,96.7,2.767,4923.4,12807.7,10,0.0043,11.09,None
2024-01-01 13:41:25,7956043,3902597,TCP,122.4,0.152,1577.7,1761.5,9,0.0388,5.76,None
2024-01-01 13:41:30,5171138,9464603,UDP,196.0,2.155,1827.9,8389.6,10,0.0233,5.04,None
2024-01-01 13:41:35,4800735,7361092,UDP,414.5,2.518,2027.7,3613.4,7,0.0016,13.9,None
2024-01-01 13:41:40,2175325,9157608,TCP,200.9,2.122,19620.8,6283.5,12,0.0193,9.34,None
2024-01-01 13:41:45,3065595,8792687,DNS,188.0,2.86,5948.1,4256.3,9,0.0096,7.62,None
2024-01-01 13:41:50,4340623,5734420,HTTP,193.5,0.392,19765.4,3646.9,16,0.0002,12.55,None
2024-01-01 13:41:55,6709028,2901736,HTTP,86.8,1.769,6910.4,44569.0,6,0.0142,13.35,None
2024-01-01 13:42:00,9914969,4262909,DNS,157.2,5.665,2797.3,17686.3,11,0.0053,5.61,None
2024-01-01 13:42:05,7981550,5308974,UDP,146.2,1.887,1075.6,1844.8,7,0.005,9.08,None
2024-01-01 13:42:10,4313711,6392238,DNS,174.3,1.89,3646.5,3375.1,8,0.0048,16.98,None
2024-01-01 13:42:15,9783933,6392952,HTTP,157.3,2.667,2804.9,19100.1,7,0.0091,9.3,None
2024-01-01 13:42:20,9875804,4182045,TCP,179.4,0.811,2714.5,21347.4,14,0.0125,10.66,None
2024-01-01 13:42:25,9919454,1466459,UDP,127.0,2.411,2418.5,2028.2,8,0.0104,15.36,None
2024-01-01 13:42:30,5124989,8416184,HTTP,152.8,4.959,382.8,16294.9,8,0.0028,4.58,None
2024-01-01 13:42:35,8998653,1729400,DNS,80.3,0.022,10518.0,10562.1,14,0.0123,20.8,None
2024-01-01 13:42:40,6203545,5449001,UDP,126.5,4.082,2834.3,1162.5,16,0.0015,8.12,None
2024-01-01 13:42:45,2692275,3550698,DNS,297.5,0.493,724.7,5414.3,13,0.0355,16.5,None
2024-01-01 13:42:50,5507153,4768426,UDP,174.1,1.217,4825.9,7071.6,10,0.0064,7.13,None
2024-01-01 13:42:55,1916652,8999551,UDP,146.9,3.826,1266.7,8505.7,13,0.001,15.56,None
2024-01-01 13:43:00,8353220,1720603,HTTP,383.0,3.474,5229.9,2163.4,12,0.0086,6.66,None
2024-01-01 13:43:05,8741182,6098083,TCP,75.2,4.45,7198.7,3778.1,8,0.0086,17.95,None
2024-01-01 13:43:10,1932356,3781088,HTTP,85.2,5.641,8263.8,4346.2,16,0.0004,2.52,None
2024-01-01 13:43:15,2139165,3558305,UDP,349.4,1.185,2537.9,4742.5,11,0.0001,7.38,None
2024-01-01 13:43:20,2726342,3157121,UDP,151.9,2.136,1970.9,4822.3,9,0.0555,13.62,None
2024-01-01 13:43:25,3650120,9418638,DNS,131.5,0.99,1594.7,7096.6,6,0.0049,15.2,None
2024-01-01 13:43:30,1804810,6920085,UDP,81.5,0.864,1447.3,11043.9,7,0.0028,3.32,None
2024-01-01 13:43:35,9252660,3368158,DNS,185.6,1.13,2930.0,47773.5,14,0.0079,7.67,None
2024-01-01 13:43:40,9165596,3972045,UDP,194.8,2.718,2417.9,19358.5,10,0.0001,2.44,None
2024-01-01 13:43:45,9152099,1757522,TCP,85.9,1.392,1306.0,30238.3,12,0.0001,20.02,None
2024-01-01 13:43:50,5564843,3398771,TCP,138.4,3.365,949.8,5010.3,15,0.0012,23.61,None
2024-01-01 13:43:55,1753342,6843166,HTTP,125.5,2.735,2673.8,2969.3,10,0.0162,6.81,None
2024-01-01 13:44:00,5005900,2527460,TCP,168.7,0.041,1931.0,18059.5,15,0.0029,11.59,None
2024-01-01 13:44:05,2272969,4434452,HTTP,84.8,1.99,952.1,7972.8,12,0.007,12.16,None
2024-01-01 13:44:10,1387274,7955578,UDP,277.5,1.147,6840.2,16819.9,8,0.0025,3.95,None
2024-01-01 13:44:15,1418851,5492213,UDP,234.6,1.22,17537.4,3353.3,7,0.0079,16.02,None
2024-01-01 13:44:20,3407780,2321299,UDP,123.8,3.412,7805.5,15499.7,5,0.0071,12.4,None
2024-01-01 13:44:25,8992508,9736165,UDP,133.2,1.586,1450.7,6800.5,7,0.0051,12.33,None
2024-01-01 13:44:30,8200733,9959533,UDP,138.6,4.336,2834.9,5110.7,7,0.0057,1.41,None
2024-01-01 13:44:35,5184350,9923268,UDP,100.6,2.495,13910.9,5615.3,8,0.0106,1.92,None
2024-01-01 13:44:40,4764919,5863177,TCP,118.9,1.61,921.8,13232.5,6,0.0185,23.14,None
2024-01-01 13:44:45,3959082,7719321,HTTP,129.7,2.809,6519.8,17573.4,6,0.0038,22.55,None
2024-01-01 13:44:50,8176278,8482099,TCP,332.4,0.078,700.6,5617.2,3,0.0076,0.44,None
2024-01-01 13:44:55,5400503,7275068,UDP,238.2,0.055,16059.2,11433.6,10,0.0193,12.97,None
2024-01-01 13:45:00,9246346,4577072,TCP,236.8,0.174,1938.5,11393.7,9,0.0018,1.56,None
2024-01-01 13:45:05,4181580,2847805,HTTP,178.6,1.151,27696.0,16955.3,8,0.0389,19.04,None
2024-01-01 13:45:10,2810484,3776097,TCP,84.9,0.537,16782.0,21740.1,9,0.0139,1.18,None
2024-01-01 13:45:15,9690799,5080033,TCP,145.4,8.303,2680.0,49574.0,9,0.0046,13.18,None
2024-01-01 13:45:20,4734709,2008299,UDP,241.1,1.563,1451.9,5089.0,14,0.0047,14.86,None
2024-01-01 13:45:25,9280362,7084489,HTTP,79.1,2.172,3622.0,34891.9,10,0.0023,2.31,None
2024-01-01 13:45:30,4513195,2372328,HTTP,204.0,0.654,2489.5,9109.5,14,0.0031,14.26,None
2024-01-01 13:45:35,4178642,4609255,UDP,474.0,0.777,1995.1,2711.3,11,0.0088,22.6,None
2024-01-01 13:45:40,6088678,8800213,UDP,252.4,0.817,567.9,4228.1,9,0.0,2.34,None
2024-01-01 13:45:45,1771476,7731496,UDP,301.0,2.4,1781.9,12912.6,11,0.0002,16.43,None
2024-01-01 13:45:50,6552558,2563886,DNS,165.5,1.284,981.9,16710.0,6,0.043,6.51,None
2024-01-01 13:45:55,3231132,7636997,DNS,240.8,1.458,5175.3,2932.9,8,0.0027,6.57,None
2024-01-01 13:46:00,8878645,6066669,UDP,103.7,1.793,8031.1,3774.8,11,0.0177,13.06,None
2024-01-01 13:46:05,2079230,6232699,HTTP,220.9,2.929,6252.2,4754.7,7,0.0095,22.27,None
2024-01-01 13:46:10,7466685,8823864,HTTP,205.9,0.189,4198.0,3417.4,11,0.0059,5.54,None
2024-01-01 13:46:15,3000674,8946743,TCP,171.6,3.0,1270.4,1236.3,3,0.0132,23.84,None
2024-01-01 13:46:20,5953377,1041810,TCP,286.6,1.657,3660.7,880.7,8,0.0005,2.19,None
2024-01-01 13:46:25,5276472,4153674,DNS,113.4,2.212,6586.4,5531.4,12,0.0141,22.56,None
2024-01-01 13:46:30,7139469,2114970,HTTP,135.2,0.794,1658.7,10426.2,6,0.0194,0.43,None
2024-01-01 13:46:35,9079493,3870562,UDP,155.7,1.053,3357.6,15608.7,6,0.0033,3.89,None
2024-01-01 13:46:40,8921428,1042522,DNS,88.7,0.526,2577.4,2074.9,12,0.0036,23.43,None
2024-01-01 13:46:45,5133457,5011318,TCP,166.2,7.755,15714.9,2110.5,5,0.0011,6.39,None
2024-01-01 13:46:50,3684534,9613428,UDP,62.8,1.374,6985.2,4779.4,10,0.0194,0.17,None
2024-01-01 13:46:55,3731263,9479397,TCP,250.5,11.082,5481.6,8130.2,8,0.0165,21.24,None
2024-01-01 13:47:00,3520390,2986070,TCP,151.9,1.346,535.6,22220.7,10,0.0055,21.94,None
2024-01-01 13:47:05,4671909,8395629,UDP,114.4,0.496,3543.4,16609.4,9,0.0047,17.87,None
2024-01-01 13:47:10,9710259,8721959,DNS,97.8,1.416,2552.9,5609.2,13,0.0056,22.55,None
2024-01-01 13:47:15,1830905,1274972,TCP,132.0,0.081,2530.9,11616.2,10,0.0055,6.38,None
2024-01-01 13:47:20,7279101,6873191,TCP,209.4,4.703,624.3,3485.8,10,0.0056,15.49,None
2024-01-01 13:47:25,3595062,4736831,UDP,195.2,3.414,1004.5,8728.5,18,0.0016,17.82,None
2024-01-01 13:47:30,2334494,4042987,TCP,104.3,2.588,2784.9,7612.7,11,0.0001,23.37,None
2024-01-01 13:47:35,8339439,8671115,DNS,97.2,1.882,9084.8,33001.3,6,0.0144,21.56,None
2024-01-01 13:47:40,4683996,9100048,DNS,206.1,1.734,1651.6,13273.9,11,0.0042,1.42,None
2024-01-01 13:47:45,7090419,9673068,DNS,103.4,11.445,1998.3,3748.9,6,0.0068,8.14,None
2024-01-01 13:47:50,1490612,1101436,UDP,152.9,0.651,17696.0,3787.4,11,0.0037,14.76,None
2024-01-01 13:47:55,3616131,4427143,DNS,157.9,3.025,2215.4,5807.5,7,0.0048,20.53,None
2024-01-01 13:48:00,7211499,4435207,DNS,173.5,1.742,2620.7,1695.2,14,0.0008,6.71,None
2024-01-01 13:48:05,5945962,5442525,DNS,228.0,7.449,2656.5,6438.0,7,0.0046,0.19,None
2024-01-01 13:48:10,3387697,7413260,DNS,78.9,3.518,776.3,7018.8,8,0.0062,4.49,None
2024-01-01 13:48:15,7618395,7554035,TCP,57.1,13.038,5280.6,12919.9,3,0.0179,10.21,None
2024-01-01 13:48:20,2197199,7861729,HTTP,111.8,1.775,1551.7,14944.9,5,0.0039,1.47,None
2024-01-01 13:48:25,2469477,2235324,TCP,365.3,0.458,2892.7,8945.6,11,0.0009,1.02,None
2024-01-01 13:48:30,8084805,2043202,DNS,407.9,1.401,4648.8,1587.6,11,0.0142,9.64,None
2024-01-01 13:48:35,8948560,2752322,UDP,370.8,2.483,20796.9,2389.8,6,0.0047,15.55,None
2024-01-01 13:48:40,9269491,6212160,DNS,134.8,2.978,798.1,4424.4,11,0.0247,17.05,None
2024-01-01 13:48:45,9466010,4302126,HTTP,60.9,0.001,7079.7,15557.4,5,0.032,12.79,None
2024-01-01 13:48:50,2828997,2067437,HTTP,46.0,1.407,7106.2,15040.8,9,0.0205,10.46,None
2024-01-01 13:48:55,8803606,7035839,UDP,109.2,0.536,1574.6,6314.2,9,0.0026,0.45,None
2024-01-01 13:49:00,5175228,9634709,TCP,134.4,4.157,5429.0,85796.2,11,0.0029,6.3,None
2024-01-01 13:49:05,6412788,5997913,HTTP,284.4,0.332,15420.2,38621.6,6,0.0158,16.08,None
2024-01-01 13:49:10,1939844,7472124,UDP,229.0,2.196,1387.2,27998.9,14,0.0059,10.79,None
2024-01-01 13:49:15,8721346,4959254,DNS,166.3,0.619,3795.1,16328.4,7,0.0035,6.34,None
2024-01-01 13:49:20,7315831,7262629,UDP,95.1,0.882,4468.5,12817.2,5,0.0035,5.51,None
2024-01-01 13:49:25,7907364,5092229,TCP,91.8,5.646,5085.7,11915.3,5,0.0086,0.41,None
2024-01-01 13:49:30,2981334,9594526,UDP,168.5,0.55,6433.6,1332.7,5,0.0225,19.8,None
2024-01-01 13:49:35,2666447,6822785,DNS,210.3,0.2,3520.3,2831.9,5,0.0096,21.07,None
2024-01-01 13:49:40,4980465,7671381,TCP,180.5,0.144,4981.3,6489.0,10,0.0097,8.78,None
2024-01-01 13:49:45,2111239,5727323,DNS,88.5,1.405,1198.1,9208.4,14,0.0137,16.83,None
2024-01-01 13:49:50,7775288,7788750,DNS,205.5,2.053,3512.2,7154.8,10,0.0143,1.56,None
2024-01-01 13:49:55,1827095,2653957,HTTP,183.6,0.793,1851.3,10638.9,9,0.024,21.33,None
2024-01-01 13:50:00,6904307,4846780,TCP,86.9,2.344,871.5,989.0,12,0.0018,21.76,None
2024-01-01 13:50:05,1750583,5555796,DNS,100.3,0.126,1791.6,13435.6,13,0.0418,3.76,None
2024-01-01 13:50:10,3294305,4589074,HTTP,209.4,3.895,3902.8,8622.6,6,0.004,18.73,None
2024-01-01 13:50:15,8081002,5575115,DNS,132.0,3.392,4609.1,6718.0,11,0.0033,11.36,None
2024-01-01 13:50:20,3339939,4851053,DNS,328.5,8.467,838.4,20482.2,6,0.0071,16.34,None
2024-01-01 13:50:25,4527803,8292666,TCP,190.7,5.514,1167.2,2848.3,5,0.0031,11.39,None
2024-01-01 13:50:30,5094470,2262095,DNS,116.4,0.881,6152.8,6393.9,10,0.0027,1.89,None
2024-01-01 13:50:35,6179798,1889580,UDP,147.7,1.019,4955.0,10768.9,17,0.0341,20.16,None
2024-01-01 13:50:40,8399786,1044198,UDP,153.2,2.741,7238.0,3453.0,11,0.0011,2.06,None
2024-01-01 13:50:45,7607733,9975643,DNS,103.1,0.288,11705.7,1093.0,11,0.046,8.64,None
2024-01-01 13:50:50,7253371,5473075,UDP,94.0,0.754,5104.5,2557.9,11,0.0097,23.66,None
2024-01-01 13:50:55,3399424,2478452,TCP,210.8,0.252,1968.8,7595.3,11,0.0318,10.24,None
2024-01-01 13:51:00,2426539,6923424,UDP,226.5,1.214,3343.8,6316.9,8,0.0228,19.69,None
2024-01-01 13:51:05,5596881,1207745,DNS,200.7,1.606,15676.2,7956.4,7,0.0105,4.05,None
2024-01-01 13:51:10,8017699,3990189,HTTP,316.6,0.474,47308.7,4191.1,5,0.0089,19.92,None
2024-01-01 13:51:15,9337785,6297763,UDP,113.2,0.054,4736.7,2181.4,13,0.0491,11.07,None
2024-01-01 13:51:20,6629006,1579539,HTTP,342.8,2.541,5092.7,9292.9,11,0.0072,12.24,None
2024-01-01 13:51:25,3411398,5561098,HTTP,94.6,0.04,6159.2,6860.1,12,0.002,23.25,None
2024-01-01 13:51:30,2198497,3057353,HTTP,89.4,7.254,3052.7,15334.1,7,0.0495,21.27,None
2024-01-01 13:51:35,3816691,6902359,TCP,61.6,0.501,9545.8,3836.5,7,0.0039,8.35,None
2024-01-01 13:51:40,1733379,9587396,DNS,118.8,2.181,8168.5,1074.0,9,0.0009,22.79,None
2024-01-01 13:51:45,1546719,6635367,TCP,115.4,1.141,4248.7,599.2,7,0.0126,2.47,None
2024-01-01 13:51:50,4351338,9565518,DNS,193.1,0.123,2168.9,5423.7,6,0.0059,0.63,None
2024-01-01 13:51:55,3714605,1520256,DNS,167.7,1.278,651.5,9208.7,4,0.0049,12.78,None
2024-01-01 13:52:00,4949075,6546241,DNS,81.7,1.454,6200.7,6423.3,9,0.01,18.48,None
2024-01-01 13:52:05,7966597,2449508,TCP,122.0,3.858,3688.1,4604.8,9,0.0005,5.3,None
2024-01-01 13:52:10,8931250,8923095,DNS,123.3,2.636,1425.4,1650.1,7,0.012,1.93,None
2024-01-01 13:52:15,3154772,7887691,UDP,61.1,0.165,963.0,1224.9,11,0.007,20.29,None
2024-01-01 13:52:20,2857639,3105039,DNS,90.9,0.469,5775.8,11699.2,8,0.0067,23.67,None
2024-01-01 13:52:25,3389967,8040299,HTTP,100.9,0.748,601.1,6453.6,10,0.023,16.66,None
2024-01-01 13:52:30,5059968,2629197,TCP,303.9,0.248,4022.4,5633.5,12,0.0178,23.41,None
2024-01-01 13:52:35,7743203,4338851,DNS,163.3,1.221,6929.6,1734.1,7,0.0076,19.98,None
2024-01-01 13:52:40,4886063,2227457,HTTP,206.7,8.309,5166.2,3083.3,9,0.0086,6.04,None
2024-01-01 13:52:45,3938897,7554174,TCP,70.2,1.446,2016.8,8476.9,9,0.0164,2.63,None
2024-01-01 13:52:50,5486955,8975411,HTTP,269.6,2.709,854.6,10771.0,11,0.0053,19.41,None
2024-01-01 13:52:55,7474599,5527029,UDP,284.4,2.297,5361.6,6875.8,8,0.0111,15.83,None
2024-01-01 13:53:00,1639444,8317801,UDP,54.6,3.793,9902.3,32184.8,14,0.0078,19.51,None
2024-01-01 13:53:05,2100552,5177753,TCP,104.3,0.486,1681.2,4557.4,12,0.0069,17.24,None
2024-01-01 13:53:10,3870859,5124920,DNS,190.2,2.803,4948.8,29344.8,13,0.0418,12.12,None
2024-01-01 13:53:15,6337431,3163131,HTTP,204.8,4.263,14494.4,10065.5,9,0.0002,22.58,None
