Timestep,ObstacleType,Camera_0,Camera_1,Camera_2,Camera_3,Camera_4,LiDAR_x,LiDAR_y,LiDAR_z,Radar_Speed,Radar_Dist,Radar_Angle
0,Car,0.016494354184632576,0.01106358685356684,0.8309928138324791,0.14144924512932142,0.0,44.03755391361575,-3.3831258311440333,1.6103362500574334,41.26933650451477,50.77410721727065,17.35653668266653
1,Cyclist,0.16287022893884548,0.7758045646473252,0.023817145513283646,0.03440452046017822,0.0031035404403674015,13.853423928481151,2.576197866002801,1.656980854033723,29.832573074765477,31.625106146206456,25.223918912422185
2,None,0.04340047297630866,0.09946407339545547,0.32588316954863916,0.3642780447349621,0.16697423934463443,66.25916610133736,4.5921235667612805,0.31877873567760656,-0.05557014967610141,84.78376983753206,2.1324478722299496
3,Truck,0.0,0.021145250767854954,0.11313967376068987,0.8657150754714552,0.0,23.755460459194907,-11.39297885213616,1.6414330588395252,50.271380491933144,30.368062204241653,26.97038967927219
4,Cyclist,0.10459986625290499,0.8742184467687987,0.012739323409372392,0.0,0.008442363568923944,29.423912698760034,-4.497565182341594,2.9419942436894084,10.888512618257462,26.317395804443766,-1.3926585734500865
5,Cyclist,0.1361885865772801,0.8586404604584424,0.0,0.005170952964277495,0.0,6.45737060282877,0.6111232129656979,2.350429986556187,22.822987119757467,10.908692815686395,11.811848344242577
6,None,0.09748758381942092,0.1595184318258501,0.2529258336177578,0.4586871930045239,0.03138095773244724,54.206998249752445,-6.767425718107725,0.4492770942635396,,,
7,Cyclist,0.09101209714262856,0.8316031979377599,0.02699987559557481,0.02912757160545567,0.021257257718580953,8.277174158328284,-1.1067822674915389,1.526437713086557,,,
8,None,0.15809148040492946,0.31751180300792803,0.13579998577446925,0.3036330116244418,0.08496371918823145,99.50269250521316,-7.19831969526952,0.25916482618186837,0.4815372355084089,107.88062963981072,2.024840839871093
9,Car,0.011192361351801362,0.0,0.8267595824822985,0.16204805616590004,0.0,30.27394942318714,-13.688199365482369,2.121092122886255,37.025066503999696,63.95518352177741,-29.8276745508444
10,None,0.382001088466773,0.32744072059044094,0.117710530042213,0.1114107081722859,0.061436952728287246,62.512144908229764,0.984533294122409,0.35729796135003117,-0.4401322061081143,118.19461122652777,2.3789691669576847
11,None,0.08142422761092608,0.12025922385929796,0.29760868389607803,0.38465163626591103,0.11605622836778706,92.82449205941612,3.1738726323789006,0.08146721354071484,0.2848385564126312,81.06045242166488,0.8577558127346325
12,Truck,0.0,0.02154125574002634,0.13184787501615264,0.8205561742499727,0.02605469499384824,74.32643472595534,-40.971141320745616,2.7912799032187565,47.02942069542683,98.0278383633696,-11.96049676272865
13,Car,0.0,0.003333033713698774,0.8310801887018594,0.16558677758444185,0.0,5.315712673111277,2.390396954128915,1.1837009944917323,47.48578675544922,36.78480079980727,-8.465693409879062
14,Car,0.036339377499994496,0.060659716988172185,0.773089499114057,0.10667373729722399,0.023237669100552343,53.15513277403411,-24.745901105342433,1.0926673334026724,66.47765283460805,60.254101061727305,-2.5087993138052327
15,Pedestrian,0.8596858401084874,0.12531624956211634,0.0,0.011854446102890524,0.003143464226505797,16.889347544651294,8.984120701990562,1.6273549793749402,6.600691519063781,5.732010365858871,-15.516625592423058
16,Car,0.030042981629974395,0.003964981386199141,0.8883618564082818,0.027759746376280345,0.04987043419926425,69.72093309807089,24.83757879549383,3.0022828074126844,22.860858968582956,11.82435477046935,-7.335874676642997
17,None,0.24248743542703802,0.0675236998078713,0.1408601394228553,0.2674767576372649,0.2816519677049705,83.58503422029284,2.3625648091579166,0.17908135901642025,0.3431463911855992,100.81230803615173,2.723183917356393
18,None,0.12329176723966905,0.24779168369075116,0.14033999662961494,0.2847160560010522,0.20386049643891258,69.8271391160635,2.4417340045574694,0.4311818543733726,-0.7058530381419241,117.06350500645978,-0.07883706920461808
19,Car,0.0,0.0,0.9132240303950264,0.0867759696049735,0.0,39.709529425147956,6.91744824760522,1.3359601960594158,41.506328908888236,55.41454433230423,9.24087702323234
20,None,0.3585389982372533,0.2380723076051184,0.13029198317045396,0.25929290988079556,0.013803801106378886,76.63086332275115,-5.150589927305407,0.13462161547469048,-0.9598576044445473,92.88316662332713,-2.8855199300345538
21,Pedestrian,0.878751468740057,0.08613588839124099,0.0,0.02647503728977563,0.008637605578926406,8.05631335004214,-1.7603540176038461,1.2032574333316837,1.4680987338022256,10.716947824772795,-19.18465750310069
22,None,0.1539989558154294,0.3487049559779176,0.24080790120365875,0.11397182686120104,0.1425163601417932,75.38051893422275,-5.151805351698395,0.05741841236960177,-0.42273889351948846,103.24952885690449,-3.4563728472579767
23,Truck,0.0,0.02518318597871558,0.06738558159193506,0.853611153289644,0.053820079139705324,61.91379445617059,-1.8953718388620284,1.8693963705416203,19.64554433911291,17.441799831996132,13.596871246047106
24,Cyclist,0.12043927621721559,0.7738852324615036,0.047157744421995586,0.017686989947606875,0.04083075695167842,20.402078460477973,-4.374819093280398,2.48508055431671,28.212039409351227,27.13279819422454,-22.21471431975284
25,None,0.14161423006147172,0.21705842851800353,0.24134622454852686,0.31855692527098806,0.08142419160100975,57.49587136743869,-5.414972095347171,0.36112628419653314,0.2822952657705946,107.75793777868401,0.42724443347596175
26,Car,0.0,0.012264738428616693,0.7983848976095639,0.17831352373183823,0.011036840229981191,74.89713996576042,5.270964210644523,2.430792628774395,45.402726446115054,76.67051784003328,26.321203131564967
27,Pedestrian,0.8526265698513609,0.14577236572613916,0.001601064422499888,0.0,0.0,15.591998543008668,-4.659701374626842,1.316931139611758,2.6775251503057502,18.96144580258025,10.400627345386056
28,None,0.17829619245570083,0.06812402583746026,0.110919023461477,0.6181580480150438,0.02450271023031798,93.08928105067587,8.922309242672654,0.18665465813987647,0.2879990864780315,96.34936684392386,-4.746136443396551
29,None,0.21585444771987605,0.3084153767981855,0.08144907440626795,0.13111984778191524,0.26316125329375534,,,,-0.8289829382910638,88.31545020584109,-4.734677961261803
30,Truck,0.02642618350897442,0.027212560653745218,0.14114505293012974,0.8052162029071507,0.0,,,,23.122440717696662,69.37069209569073,9.412334224740949
31,Pedestrian,0.9087612313103625,0.036725846935143164,0.018024716610756553,0.009162040479564645,0.02732616466417321,19.990185762097166,-7.349313047135189,2.30179934261769,4.3844091806358785,6.366636149704051,5.318075422294058
32,Car,0.0,0.03165735933213439,0.8658757030946743,0.10144133317115155,0.0010256044020397108,28.920440586829184,8.36602245745913,1.331967903875973,34.240231526715526,84.18394984435037,16.107556504009697
33,None,0.3044637519000965,0.13408295257229869,0.2053726767072273,0.14209983477474789,0.21398078404562965,78.39726152763147,8.309765951760838,0.01697298929289942,-0.40530198525489847,116.97584781506121,4.7105824516536785
34,Car,0.0,0.0,0.8426429262006042,0.13368870313361791,0.02366837066577792,9.65265067154382,-1.8516808505480984,2.0961673269903507,34.33426828032075,12.219578946650294,23.995167795437684
35,Car,0.0,0.023769828778509437,0.815952984496392,0.1602771867250985,0.0,25.932161881060704,-5.587834939029525,1.5495251367452214,77.48983223625181,80.66405687528693,-26.68151165239444
36,Cyclist,0.049597741537601645,0.9438042467161949,0.006598011746203472,0.0,0.0,31.76807758401044,-5.235821554466107,1.1670777629265585,27.49535068232871,13.324339165066444,-15.313991312210755
37,Car,0.028500546568245924,0.035545193013082996,0.7586020851979883,0.17129396886062126,0.006058206360061403,23.68781065135945,5.703101686622363,1.990947354787534,55.88541282438421,85.14464059613144,-6.170732793646285
38,None,0.08229249748826523,0.14522070999246187,0.1859567340947557,0.25101774936677174,0.33551230905774543,50.31929358584168,-4.259237336501744,0.3084634591878711,0.26362705403333675,90.39214324256639,1.340057030996114
39,None,0.15845155893136978,0.15415262382016856,0.3688097589984606,0.17241823076343754,0.1461678274865636,81.04577588837385,-9.085159323749743,0.43576840307618814,0.937755710571383,109.986073269717,-3.6991375986936803
40,Pedestrian,0.8433081487261971,0.021920945628327707,0.034994428949147574,0.04230896774947795,0.057467508946849606,21.64432798820686,-6.293923415893995,0.6548237738870646,,,
41,None,0.09688579688275849,0.16549862857365677,0.3238250058540016,0.20641725301594024,0.20737331567364298,56.259289610127524,3.711305744579427,0.21515294744973135,-0.016810906517126245,82.56835748300536,0.819714019143988
42,None,0.2814585455087843,0.0945398734072144,0.10357972110285109,0.4553222073032182,0.06509965267793204,57.12477714507566,-0.02223693097287871,0.30907786715905955,0.1192973669738282,80.39083389676735,-1.7353869175600813
43,Pedestrian,0.9035718427957836,0.040308969461726116,0.01797097880045874,0.01759242323472224,0.02055578570730926,7.541159236898794,1.0595092921160254,1.9235842713087232,5.667337448166123,13.585054615916352,21.7517384682595
44,None,0.0464511053889038,0.060209363236771,0.06981422214713004,0.6868304585880906,0.13669485063910455,87.13532605999904,-1.490133311038493,0.17296749627348146,0.9752991274721157,81.6043676564993,3.670314961224486
45,Car,0.0033008693779842417,0.018195309855764744,0.826152965004017,0.12309387603064606,0.0292569797315879,14.40764661464538,3.2817797978058993,2.8173051871264794,72.81937692653673,49.207616060850846,2.87205833289701
46,Car,0.0,0.0,0.9450390049864796,0.026883386641137645,0.028077608372382802,35.71913915321258,-9.609613141175094,2.2975101298516627,70.49857270718385,82.70017685897486,7.23938291389924
47,Truck,0.0,0.009538655879151174,0.0,0.9671401987466054,0.02332114537424349,54.57615577751004,-0.9111610958091935,2.3998855745976138,14.599694589089246,84.09494944135375,-4.611750237384291
48,None,0.17407229184843104,0.296994591628684,0.15613341804664538,0.16387923043462643,0.20892046804161316,78.3508130493334,4.768984185026531,0.43925778065067395,-0.3459336768735226,106.70373542254339,3.078459419412585
49,None,0.23520874699938743,0.23260736210672647,0.33179243110426504,0.08727429955666269,0.11311716023295833,73.17470219002863,-2.404284396415404,0.4316668247859126,-0.041636244740538064,81.02568263225743,-1.5875217237384365
50,Car,0.028285691416745366,0.006019562232051455,0.8416789275254877,0.10166747282717847,0.02234834599853699,40.50578452983338,-10.569171237859672,1.4112692333196917,62.90190640171286,34.456548126969686,-5.362576187095065
51,None,0.20687513861751786,0.17595588544647725,0.16368693398026987,0.3351355721744988,0.1183464697812362,91.99306514333603,8.000462467960222,0.17671068965135905,0.5610510304877236,90.99224142192544,3.2261431851367846
52,None,0.22287832718748046,0.07074312688277914,0.20820234909319832,0.0835138425531492,0.4146623542833927,56.821987627836656,3.902891080951875,0.20215938405214606,0.43519553131635247,107.69744605297478,4.912559937021882
53,Pedestrian,0.9218011664758708,0.0781988335241292,0.0,0.0,0.0,10.83691327047403,0.4792654192272534,2.3060851607778488,3.6382809840483725,21.60692459898539,32.765191317042564
54,Truck,0.003053543652581605,0.0,0.020300168851321358,0.9513640464360664,0.025282241060030547,27.305684159419624,-2.706595479435319,1.3125672186108472,,,
55,Car,0.0,0.017817602189980377,0.8799239879520615,0.056093340657418854,0.046165069200539345,74.11963054614722,28.39511407986522,1.6022575489442539,71.96522403790253,81.93932960626486,16.03456400158494
56,Car,0.0,0.012451906926257196,0.8635056432804407,0.1240424497933022,0.0,15.614960474418558,-2.2048098552259523,1.1532715327757463,45.87782892194711,37.458604606252806,-0.9102302872266584
57,None,0.19792678901345048,0.2587036450007414,0.1840735449103424,0.1602893279874494,0.19900669308801633,71.30416919451858,-7.38579246519601,0.44330210762023337,-0.6107549763584699,94.71037403509159,-0.8587024747107295
58,None,0.03471964164432371,0.23058064087251173,0.1651886856893546,0.47580027479013376,0.09371075700367626,86.86785386938999,-0.47963741262466897,0.18794414257288466,-0.08110646318802672,111.40066175348227,3.9208468894023447
59,None,0.12565006070389878,0.09219087649163205,0.3322871855415169,0.37862779040928984,0.07124408685366243,84.01138896041766,-9.166541987952314,0.04239600802290161,-0.8558313280026533,82.85026911061034,-4.8789152476511255
60,None,0.19331467507089153,0.17208547250909495,0.117429256053482,0.2821041234877872,0.23506647287874424,80.75064840194332,5.492675612755759,0.32195212677056534,-0.9160975531367275,118.73955110377536,2.9871419165457453
61,None,0.09239014729746318,0.42915138211953596,0.2940239608899188,0.10573245524491433,0.07870205444816768,82.2905406327603,-4.281864215216798,0.4079734694843086,0.6930286773805561,116.75706134558217,-2.477589798266384
62,Car,0.0,0.0,0.8637229329856084,0.1362770670143917,0.0,63.69897861688644,-19.363653302474592,2.316895729838152,38.01723315931584,61.30209368676907,12.861606054224714
63,Pedestrian,0.7895532632580141,0.1006099636009659,0.05063999341216942,0.035720869177830024,0.02347591055102067,9.576591600577679,-1.4627492721343194,2.052355570989103,3.200894435424308,12.986873832406093,-18.043192261132198
64,Truck,0.0190855226616176,0.023673578189886205,0.07821582490473698,0.8717108819175738,0.007314192326185353,60.51301519120796,-28.43150022216808,2.375318481041983,24.048987033093397,100.43080233076887,2.7560474353396796
65,Car,0.04101843296093834,0.03398504819113804,0.822886721390961,0.05316618746885838,0.04894360998810439,58.64788281485439,-24.526147983380863,2.0607498845523287,41.80456962259291,39.22179630399247,-25.018542717346953
66,Car,0.0,0.0,0.8415288946199672,0.15847110538003278,0.0,36.81233524050925,8.781745649080696,2.560882575070617,76.9086896293658,15.759993552399456,-27.3685699195877
67,Car,,,,,,47.60342086188768,25.408813330609657,2.207362719083881,53.11224936634384,52.33629347917884,25.077149354755676
68,Truck,0.023980654964431667,0.04088761948427947,0.05965531958756111,0.8754764059637279,0.0,18.436335579126805,9.544805260040722,2.773395011666691,12.790034975100257,66.34585045978513,15.686986514227131
69,Cyclist,0.1313562391781771,0.8171209500396576,0.0,0.024288610073300992,0.02723420070886429,20.441167624543215,-8.87410414644723,2.3186400334548773,25.63342743284741,25.85627598670807,5.266244606910895
70,None,0.3316900424295243,0.3077099513630965,0.11488607291177524,0.12134148536350818,0.12437244793209581,98.35633076295852,-1.6447804144980065,0.4920551595182489,0.2693425465078829,86.6381958118314,3.819277583046439
71,Cyclist,0.09549413885880019,0.7632906800118897,0.02933199296368696,0.056370465645630204,0.05551272251999293,23.665351480792122,5.211495355466373,1.5271576658915578,26.985295061996645,17.005648442081235,-21.028880485213932
72,Car,0.0001594042831884215,0.004997543919861758,0.8375246901059473,0.15067283578702934,0.0066455259039733565,54.55749337105284,-10.000936009144484,2.3159164815175592,62.16337571593806,55.480553359643736,-9.40268632933736
73,Car,0.0034782813675618674,0.020059352908890115,0.8825154014791592,0.0849136068070427,0.00903335743734613,13.304475889779106,-1.0651976590950811,1.1029265074337111,74.17849034761262,78.39956238179808,16.887470424232582
74,Pedestrian,0.9369431691248578,0.04713877005428444,0.0,0.0,0.01591806082085782,21.089918780485036,-10.639851379008357,2.348350132020389,1.436407043782483,10.754202544343064,17.369810416169337
75,Truck,0.07603163377985847,0.059249394089056724,0.04085977506379194,0.7414334838884783,0.08242571317881459,44.3322936388669,13.314558741674812,2.3531006721635648,45.008657410210844,35.696058223570596,5.542598277413346
76,None,0.13405067422986955,0.5986161278052547,0.1829256771616589,0.08440752080321678,0.0,,,,-0.7839484917386172,93.55442597355007,3.025856795798129
77,Truck,0.0,0.0,0.17559320287891783,0.816317917487099,0.008088879633983234,61.866585219202726,34.84632641515781,1.0043554206676593,45.4601016975011,76.94297005597019,-12.993688185988631
78,Car,0.020800650913981943,0.023656465385121245,0.8118961428493966,0.09676954110813105,0.04687719974336908,43.25219870035855,-24.11793407510889,2.30998315118648,,,
79,Pedestrian,0.8536111017165874,0.04011302713436867,0.05966721868101955,0.0,0.04660865246802436,24.75709786500743,-1.3543732812539977,2.0901192134286046,4.427266835141397,14.84266315435448,6.595100124118344
80,Pedestrian,0.9489870015196717,0.02508473538021196,0.025928263100116245,0.0,0.0,,,,2.9782028505368263,28.919529508326274,-11.04470807167197
81,Pedestrian,0.9418028819150692,0.04543532494398481,0.012761793140946031,0.0,0.0,8.896115442030183,0.5198947101642559,1.5515178413685846,0.9834692783364659,6.815144683034389,-11.61121189512505
82,None,0.1936470445636515,0.23738765967699363,0.35526112490382916,0.1644785807733369,0.049225590082188644,63.78837841256785,7.541811620363777,0.4720210469126989,-0.07464878986921297,119.2394951265074,-0.16592564026853385
83,Truck,0.014736459348005184,0.0,0.11874888315737447,0.8443449570742533,0.022169700420367203,41.41703013056808,14.722445772684093,2.51180012057255,,,
84,Car,0.0005095739320339215,0.022256240865429138,0.8521075945010604,0.1251265907014765,0.0,4.881923818091781,2.845433378260882,2.3594777699563805,65.4979269434778,79.42787834300061,10.1766929231484
85,Pedestrian,0.9433105202941426,0.03227596465045235,0.007596087610051033,0.016817427445353857,0.0,19.843386369513496,-10.376915745975479,0.6109197395065474,5.5138828475039645,14.125636180985785,23.12227195594132
86,None,0.027891088842106285,0.08964376706264841,0.21804976483689062,0.6131960675089881,0.0512193117493666,57.14379806697059,5.506923008062712,0.13570469022335718,-0.4314518141449666,85.35313451998772,1.2955769689173655
87,None,0.42620452232279604,0.1466748730438413,0.1498501427589941,0.12004816154420017,0.1572223003301682,65.66739587925716,5.778649435520144,0.44593607240536737,0.819886287708784,95.09272215852772,4.640784164901081
88,None,0.06871197539127401,0.5309139316020884,0.05622208181019448,0.2627129805908938,0.08143903060554929,97.8399907742143,0.0080229142040249,0.21636456800985232,-0.5822345519896726,94.74828683459181,-1.301867440128234
89,None,0.1430005909821112,0.2182314951225416,0.20525769786773043,0.30300090659496065,0.13050930943265618,69.75654538057516,4.264137665652354,0.09960763744702655,-0.42518080706884054,94.71143951024612,-4.419080479196502
90,Truck,0.023426695538852668,0.003649032597308043,0.1267036744538519,0.8462205974099873,0.0,6.058482290099758,-0.21696444238807142,2.939521219355364,35.945954820362125,117.45763794281112,-22.9330592828439
91,Car,0.005416827498184339,0.046358782645163576,0.8543427181053678,0.0,0.09388167175128437,24.872384661564496,-12.404151935719227,1.4467218231800174,77.47783130344021,94.96053917132944,19.174148155187957
92,Pedestrian,0.8483501361899871,0.09214790942392811,0.03602578168647696,0.0,0.02347617269960775,27.359755797543198,-5.9932996771080465,1.3791249557242875,3.3833297349968547,11.159645245516739,0.5660996626640069
93,Truck,0.0,0.02040671578537964,0.022637444618731073,0.93368878190311,0.023267057692779244,55.61640514798389,-26.53372300902958,2.1659269618885877,45.438340580191195,37.44363787903936,10.896771611211356
94,Pedestrian,0.8028013473352649,0.04669602581567337,0.055083819797460784,0.02841661322941616,0.06700219382218488,13.720330278765184,-7.412740128540533,1.4379527310965436,5.294217841933227,5.321152241482421,12.775287860371543
95,Truck,0.0071389476504775074,0.0,0.17727850099979836,0.8155825513497242,0.0,7.656232413914479,-4.032162564867055,1.352285757506279,38.55504970931117,66.17166556201995,16.50628079560744
96,Car,0.04318968583882291,0.0009074193721226279,0.8842540644965904,0.043698159342032694,0.027950670950431293,62.47028341688835,22.91543242323749,1.5390450682126233,52.69079156435066,34.14333418167178,-4.372512146631489
97,Cyclist,0.10160678852963148,0.7985632741927254,0.07132875804925286,0.0,0.02850117922839025,28.543886776247938,9.713765703592582,1.3274469377626112,22.80506288166812,8.007210623732217,5.932955490517604
98,Pedestrian,0.8623986326061729,0.09887098444718803,0.0,0.0,0.038730382946639094,25.35145119518209,5.2577828132162665,1.984522087042649,1.7207996245604216,24.565666692331114,-15.379033127954765
99,None,0.37234468807105314,0.0706899101681814,0.17098284863088875,0.17730158420929779,0.2086809689205789,75.2397799152264,4.369078946451001,0.4313202355745895,0.6000069635273628,102.10828302874181,-1.034463180100368
100,None,0.26202819428871016,0.0771841054843734,0.08044841463812616,0.12193097763259039,0.4584083079561999,86.63495252951401,-1.9094522885226066,0.03417660015497931,-0.428483350814588,97.3106751839705,1.8544388322190155
101,Pedestrian,0.8294866660736196,0.14620984498161696,0.0,0.005448253826899225,0.01885523511786413,11.881721329101902,-0.8921691897201771,2.455250268745351,3.7745075125921863,15.243203955144857,-11.140454181163873
102,Car,0.0,0.0,0.8144003105253124,0.18559968947468758,0.0,52.69280792503358,-12.664234399263798,0.8612643071073263,55.75264178458715,88.08700374971488,30.3204655891523
103,Car,0.028867044234239005,0.04812356266463498,0.7509375406838322,0.1365264456577957,0.0355454067594981,11.031417624018998,-6.248722122842172,1.863841436740592,46.93899109249929,75.80103064584534,-29.09691865740035
104,Pedestrian,0.8228107279146584,0.12821028307450524,0.01112531480195328,0.03427368941443665,0.003579984794446664,19.84512046694188,-9.21812365674991,2.3418620924354094,4.621887107009293,23.13815699633979,1.8543229257598943
105,Car,0.02026026322202278,0.0,0.7810442546004124,0.16196765156779475,0.03672783060977004,47.89650657264039,23.91981528680597,1.0864355007039037,49.911313146607945,15.777662963003918,-1.8815855671538235
106,Cyclist,0.047954349790145276,0.7877582232680365,0.06352007480667077,0.054397530902545246,0.04636982123260243,23.250768437692635,0.803331915561572,1.6830070321371005,29.410118551904365,16.440508064307583,-5.6585558811773495
107,Cyclist,0.05740851546202725,0.9373670262555561,0.0,0.0052244582824166495,0.0,28.40766632239797,-8.048492260311733,1.1621328721066313,10.027789401371153,10.171933738445057,23.344183270564134
108,None,0.1865288304757082,0.13765942862417233,0.14613423320118105,0.2447049641017014,0.28497254359723706,93.52634831346921,2.6283784243675274,0.2662520332079909,0.2112757786468229,84.68815622720933,-1.6279342443424794
109,None,0.1060763917566085,0.33753076295810563,0.18978982978324946,0.1725980477581802,0.19400496774385628,91.06941814503472,6.866523355757664,0.24254732998977008,0.58311640518274,98.0517645211702,-3.165578035965655
110,None,0.44371736126710887,0.11200314216075188,0.07478915977369502,0.10093489128584356,0.2685554455126007,77.9529642473301,-3.5767569472809306,0.11005566295237657,-0.2549334524808984,82.74854710895843,-1.3042580057322684
111,None,0.31172122525796625,0.22473177409115402,0.056812343826523816,0.20544140999463564,0.2012932468297202,83.55787366898443,2.409475701039412,0.3711265935995436,-0.6100496001994216,115.61638068877315,2.4997779845207084
112,None,0.37815490852397715,0.2469147854740435,0.17842261857527172,0.1289906986397042,0.0675169887870035,59.39601904076615,-8.460566612382518,0.3480780725689626,0.6436618931707185,106.3804307456308,2.962414505413685
113,None,0.177729315478609,0.18273046718671662,0.28271478620261986,0.2923574565433599,0.06446797458869476,,,,-0.4808471014499016,81.34705615497856,3.791857726012477
114,Truck,0.027156657226961405,0.0569658026928303,0.1326649488583536,0.7272360626709299,0.05597652855092467,10.512128636639682,-4.733955677021354,3.006181443631589,22.682222791290584,14.139806636683485,-6.5090972875834785
115,Cyclist,0.12762312341616494,0.7189338606787382,0.054192832422375194,0.07854111889938903,0.02070906458333258,25.361294869442833,2.3623650136907983,2.939548431128215,22.1208621842509,36.43636018016249,29.43861466711503
116,Pedestrian,0.824269600362332,0.10045002414932026,0.0,0.030778318065419887,0.04450205742292797,10.977136603685507,-4.163823555241727,1.762429449764358,5.448374900851951,9.908644304606662,-24.364892127363124
117,None,0.3202978153225171,0.0064884994647569005,0.1789222246774562,0.2955786237077811,0.19871283682748878,94.14574082593612,3.1809082026446482,0.1056159157364655,0.7721868706264163,87.86614339811835,2.3742608577067728
118,None,0.12849173312998205,0.29611749952750666,0.23385489601665535,0.19852140962014475,0.14301446170571122,63.42810837268213,-7.980437863644778,0.08374554454705385,0.9461535958245966,110.37170027673895,4.67761465269562
119,Car,0.0,0.0,0.9345059826725196,0.0602627477357953,0.0052312695916851525,61.2177168245521,-24.012576645127954,1.7605726636505756,28.403809301448543,61.76089031146464,-3.3366716075654597
120,Car,0.0,0.01720582453347862,0.7821672665512422,0.18014724492876588,0.02047966398651329,28.180016593732784,1.0648476029171186,2.7774083276690513,48.85429062261665,85.96795372484868,-8.99142394581664
121,Pedestrian,0.7716010649171839,0.19950823142623375,0.002948271012488536,0.02594243264409366,0.0,19.91224132732322,-7.994532639064252,1.615565523175807,1.8761064417731914,28.28836526011817,28.335305266719054
122,Pedestrian,0.8637213116012731,0.11808789042061496,0.0,0.0,0.018190797978112076,4.711069878455434,1.915907919381082,2.083766977574723,1.1407846538408608,16.78681568750949,22.807030459531898
123,None,,,,,,77.5579980958186,-1.2364277350331108,0.4195901974901493,,,
124,None,0.18655899289321168,0.08668963466738629,0.40328142550545704,0.10474347912857847,0.2187264678053666,50.95777427756264,6.537171219455061,0.2623678188307161,-0.5311487999769706,93.80334982052935,-4.698961277886811
125,None,0.19674828581293988,0.24872985555715463,0.3782808447476019,0.11239926868739436,0.06384174519490929,72.13990682718688,-4.779029475303038,0.1716933510888221,0.8709690270549915,87.42932288020742,-1.2749106844653415
126,Pedestrian,0.841677944051889,0.0,0.04856234788739342,0.0,0.10975970806071766,17.880858744704756,7.898679919165368,2.2027786097275808,4.869787684942252,26.976814122532133,26.213166414341334
127,Car,0.0,0.0,0.8597842220995018,0.1402157779004983,0.0,41.8680235324221,19.012915389117786,1.8030548106496083,69.68851793350994,61.227831418494254,9.494723842764213
128,Truck,0.07981388195146166,0.022689750368566818,0.026842050888453824,0.8706543167915177,0.0,57.66769983106556,-13.040241798184033,2.7751790585302696,11.970522108430185,86.36425629884083,-2.9584580738291733
129,None,0.10014471540079795,0.4080191705516464,0.07826167412012539,0.3646182585698497,0.04895618135758052,72.95620116433405,-3.934282183014341,0.46627743920965603,,,
130,Car,0.028184453629441737,0.05544485533127757,0.8433891359608386,0.030502556964136285,0.04247899811430564,10.652741287930109,-1.5689593519649656,2.094090403153761,56.317984445631076,44.47868334986188,-16.113687059783555
131,Pedestrian,0.8895991655742566,0.02530868008849214,0.012439869503711159,0.06986404894124086,0.002788235892299372,27.264728874134583,-8.156989843685455,2.355137585435568,4.51067960460306,18.133052089968484,14.173072437707019
132,Truck,,,,,,27.044813288203123,-15.25574316910902,2.9825910059979917,27.580233563168814,83.46680099546369,18.922323748052577
133,Pedestrian,0.9183327768400701,0.08166722315992983,0.0,0.0,0.0,,,,,,
134,Truck,0.036180251750753345,0.0,0.0,0.9118105707818713,0.05200917746737549,70.65452405913544,-16.852646223687813,2.5004781254882547,30.949974965523516,101.50465667843078,16.027034304841255
135,None,0.015010043445102364,0.25578862440609146,0.08902407259668894,0.4361634366551755,0.20401382289694175,51.73363521130332,-2.1617887411218195,0.34858184606899023,0.2830089625125034,90.39312551761198,3.860861088135163
136,Car,0.03255608340160969,0.046107344338036114,0.8098684230219568,0.08366808948040273,0.027800059757994572,23.2410462070577,-10.629054893240268,3.0777361365509748,36.4263662802154,52.4476651380696,2.2101674588668137
137,Cyclist,0.11247598910776474,0.8848777290591109,0.002646281833124364,0.0,0.0,25.878926826914263,2.5593724105956523,2.459367642998104,24.71349159772699,12.515425845718198,13.488447738684863
138,Pedestrian,0.872525907089094,0.12747409291090595,0.0,0.0,0.0,9.332154392230176,-1.9776980325074551,1.8452183205422907,4.0307569409807416,6.648451278906353,-27.172667258750078
139,None,0.19586378800786167,0.26775239385742505,0.33057989586754216,0.10093465024243266,0.10486927202473839,56.72881335520539,-8.11162204679038,0.4157591665561118,0.29957609352859915,84.13736459441934,-0.979727831117593
140,None,0.3579364474812747,0.0,0.021422274507433683,0.13785586227508853,0.4827854157362031,58.8448475411992,9.746723171590919,0.2220517784533093,0.7472370574744307,119.82275601962752,0.8271444934468155
141,Car,0.01936146208397471,0.03966394536526355,0.8466473550406617,0.09432723751010005,0.0,,,,36.891751757269034,50.08125658943647,7.871399642378251
142,Truck,0.0,0.06763466559823801,0.0,0.881757748025496,0.050607586376265896,34.114240418781996,4.285024074278715,2.740941870457721,32.296370514717616,31.297437371471204,14.462425413192541
143,None,0.14114354983416882,0.06501640666425888,0.4176955365426203,0.2400240339820671,0.1361204729768849,82.9051109028246,9.95498778020401,0.2258697379907219,-0.19859166633106673,84.60584713580805,3.832736014262238
144,Car,0.0,0.004156964814682672,0.8611151146302721,0.1339185409018898,0.000809379653155291,34.21370645534404,-5.987591217276334,1.1946363675503215,52.21894414381203,64.0305276017883,23.85253519367251
145,Truck,0.025254184008100235,0.03629890604070858,0.047372926115475646,0.863745935460977,0.02732804837473843,12.6760380618037,-0.2700586754689527,2.265119329792022,53.97466862580763,115.5373044138982,-18.88640951905845
146,Car,0.0018651875159359723,0.0,0.8300363379676671,0.16809847451639692,0.0,,,,69.79998722780262,84.09100801644819,3.6503610038812493
147,None,0.21296303148340917,0.2497734404536109,0.16846409620144526,0.30147203251936056,0.06732739934217402,72.09168524009773,-6.732664832031596,0.09222952552994168,-0.2265858859120442,82.0460082248159,-1.0220655907090181
148,Car,0.0,0.008145791631620707,0.7965185769194757,0.19113899642475635,0.004196635024147354,70.1652035418294,-34.814304391222024,1.1208796959624179,29.374421934415103,21.484797369281093,-20.641879183234398
149,Car,0.0030144582294252204,0.02794701127416476,0.9272047272946118,0.01026981131171469,0.031563991890083506,16.968123727938686,-7.402392222647605,2.8796366418398978,26.073690045606416,27.080424389772656,15.471145401042548
150,Car,0.0167201004984546,0.0,0.8488414688414744,0.13443843066007102,0.0,17.560345626983732,5.870369520805131,1.7129836525178148,71.86029709577844,14.83057920272302,9.878882762109477
151,None,0.29463148058898103,0.04510354064555419,0.47693184462166305,0.13259493193696575,0.050738202206836044,,,,-0.2903362889136747,111.20850594142534,0.6389292105540232
152,None,,,,,,79.24139056528955,8.82948475012131,0.08720463355574976,-0.8171560163657237,105.02727649045411,0.5053168059622557
153,Truck,0.0,0.013567699706017497,0.05578629821370039,0.8992736510255664,0.031372351054715815,90.71418266845718,6.62940369956152,1.21196691049024,39.435208348147086,56.26821838400267,4.09708204825461
154,None,0.0641353158542337,0.3035953947907528,0.2866302902802258,0.10597362059954209,0.23966537847524572,56.906264657012365,7.182235152938329,0.25002912959554335,-0.5218672318499407,110.32161684044866,2.600055449620985
155,Car,0.019127708574682312,0.028481405959407954,0.7745605443123853,0.17783034115352458,0.0,58.33294251283047,4.701654309655089,1.640222469084537,34.23170202287146,46.162139534381105,-15.982061162251194
156,None,0.44018645749870944,0.07433982290446126,0.07993738938617294,0.21721813878622095,0.18831819142443548,66.58084245539169,0.011586348616624775,0.3228625216755268,-0.7600941165380604,92.48256178608082,3.0239603055363258
157,Pedestrian,0.9043520939167251,0.044685456368102755,0.008885697764392575,0.022433374994404384,0.01964337695637513,10.464230875370095,4.297421846958228,0.8646682698460033,2.1429402850129806,25.48578717237322,5.252331895384767
158,None,0.20682141983635044,0.08586991049087993,0.2207222457930018,0.07631919991597136,0.41026722396379645,97.10291097442978,-4.034550915317546,0.3877526483594997,-0.721491858430592,80.42861190781436,0.4425733701525081
159,Car,0.03525502429146303,0.07571909662484522,0.7929406762538697,0.06230933211864082,0.033775870711181204,49.14772381500189,-4.261606787035132,1.8937264775675302,46.4724730628378,33.17078051972831,18.05957856000487
160,Pedestrian,0.838673741873514,0.07973862387814508,0.02708627226123172,0.002949898915425174,0.05155146307168399,14.331749480334942,-6.239044574848337,1.5706754337787858,1.1247072124421083,29.631361324560828,-14.99530540180936
161,None,,,,,,65.39095750130596,-5.176695713844762,0.11678368053430549,-0.6257514591789965,102.2219827954248,-2.086389271622555
162,Car,0.0,0.0,0.8474657353241325,0.15253426467586756,0.0,14.114806000657063,1.9644549384298458,1.2248582517485391,35.602603237643535,87.40239960594845,-20.340472150246303
163,Car,0.0,0.021558639191690383,0.8255749708387328,0.131362875779194,0.021503514190382853,16.451796654983262,0.6719962239961834,1.1621199294288187,43.33311807494684,95.43482019352103,-21.820407110441113
164,Car,0.008613921139271159,0.037091436824516905,0.9308017667050952,0.015410023186721534,0.008082852144395218,29.43329745876015,-11.218096814698944,2.1753031532268317,37.5012583782785,68.55402751017688,4.894963380390688
165,None,0.24830264262712023,0.421112539740081,0.05568933622835681,0.11634241736496866,0.15855306403947336,65.38395447389743,8.521191196365308,0.08084727663699343,-0.5884112460211566,109.66264433867318,0.46677264897311765
166,Truck,0.002502213372040888,0.06339274298401062,0.0287287734808143,0.8947356279675995,0.010640642195534681,56.759501130703434,23.469063238255305,1.1910922703876297,30.90056514031701,46.18463912217095,26.725954306799274
167,None,0.1299143026937126,0.08354227630417818,0.05481122138762846,0.41491159664674876,0.316820602967732,81.73720705520148,-6.271603902920509,0.37468471832247846,-0.5918712229067988,91.6764469399123,2.4860870858183235
168,Cyclist,0.09504590919510007,0.8901920833318415,0.005010479102075281,0.0,0.009751528370983076,8.952574270881168,-2.880040578857681,1.0052705095995556,23.632104746761176,26.440921160852522,15.733608131009701
169,Pedestrian,0.8034840267800255,0.11715549850330499,0.03521446686007578,0.021960986041463897,0.022185021815129727,,,,2.2445218065243844,19.938836875919762,20.30263267658269
170,Pedestrian,0.9381003749281824,0.0,0.016373145192235285,0.04552647987958222,0.0,20.661077572037897,9.97534178632758,2.0761973620878287,2.742782179976276,18.26150641848034,-7.439259940180478
171,Car,0.014899114832990277,0.0,0.934062921418382,0.051037963748627735,0.0,5.840257067006579,0.3252405658119552,2.4815397694046744,33.952450041224665,53.831491072647964,-3.283138938137008
172,Pedestrian,,,,,,15.972947603450509,1.2263690839264259,1.6328464505945812,4.973245893837887,29.664904204528128,25.508170098878363
173,Car,0.021757700530773135,0.0022055310923994953,0.799300734284336,0.1541163120767647,0.02261972201572658,23.578207048783838,-3.543305912476824,2.6991445529005653,24.27305673138267,71.58346660073691,28.202812561085942
174,None,0.1635598383755325,0.1768701160135579,0.22322858302058424,0.17982096408052406,0.2565204985098012,57.397916705470294,9.69308955181679,0.10454868229480713,-0.5929302522262072,110.76244532638897,-0.7449434072815722
175,Pedestrian,0.76298172247004,0.08914445233917546,0.06114692833271803,0.08672689685806642,0.0,27.094849186701282,7.589004749978882,2.3762265205728768,4.8017875388283295,23.83796010990321,26.07515662255328
176,Car,0.006534050282881575,0.029197736402876137,0.7478248563692984,0.21225919661097611,0.004184160333967662,72.35369129170395,-21.54270365420821,1.4874752773179016,33.06416475355409,15.21202235994331,-8.92902850502273
177,Truck,0.0,0.0,0.063619115531363,0.9301340285460529,0.006246855922583942,60.01838489488236,-31.410237208233337,1.857410113584237,38.34405114366614,96.44314987910344,22.258811434576863
178,Pedestrian,0.8954517727546404,0.06577755488947058,0.006441157186907766,0.006302834432596281,0.02602668073638482,29.62936207240227,0.37265665651577673,1.0260166800309718,2.190614609182315,24.257365188861588,-2.450417735545555
179,None,0.20777142031032647,0.14938829507338233,0.3214411282423006,0.14803749546654757,0.17336166090744287,73.84916963088268,-2.2158276275312243,0.44371226768518013,-0.32836727071693095,104.60279016058792,4.269075621458642
180,Truck,0.021160410151884662,0.0,0.06348090026586564,0.8801772164678267,0.03518147311442305,30.83348414146412,-14.557539830548228,1.4760501277550206,10.588359343650687,100.10351645541608,26.511390148903175
181,None,0.17103575635961465,0.04542951851335367,0.11485347625093857,0.27536757318781935,0.39331367568827375,71.59035475538886,5.635596518574527,0.24208651608170373,0.1529778062797318,93.6827773863022,3.099787436834724
182,Cyclist,0.05077854966088688,0.8705828836782655,0.021094746850304828,0.03170894941112702,0.025834870399415844,24.47202019804974,5.738993378122892,1.6989729945769314,27.19532433144968,13.509922510571577,30.01664363141299
183,Truck,0.0,0.0,0.05958564321843341,0.9404143567815666,0.0,96.6209468381594,-8.931776144475515,1.898381119012926,43.75913737939836,88.83085661434428,6.306107082762088
184,Cyclist,0.029824701023676105,0.9533492423899714,0.0015158180375689245,0.01531023854878352,0.0,18.795473400099713,3.9847031312417176,1.3729402175933516,28.861036598523565,33.02699479508046,-17.640015799702322
185,None,0.08774850837323135,0.3291733719442958,0.16142368783434896,0.10786342425695393,0.31379100759116996,84.64601146123942,9.747369446244,0.11258051210796594,0.2193638165515548,116.60393817960119,-3.4363785835512495
186,Truck,0.0511891182942966,0.043787742074388805,0.08427828122310042,0.7845338264767647,0.03621103193144962,21.915021371997632,0.06864034782552825,1.5711171171893061,56.225252566165885,105.74295184699223,13.591524462638587
187,None,0.2251587520480299,0.4388290710949994,0.10829476514073913,0.1867801648864987,0.04093724682973293,57.275774139367954,7.542551237970034,0.2640946308781781,-0.7865763617952914,105.98224027027847,3.6799959189508993
188,None,0.15288190939897553,0.09370206663896292,0.383051233485904,0.2674128656897612,0.10295192478639636,98.72196553192376,9.51203838313305,0.03263837878323195,0.29261986731476264,105.89368537492365,-3.716500733853052
189,None,0.09806067811607827,0.2733640800679053,0.2704486363742926,0.29287822823878,0.06524837720294395,68.0029950965363,-0.4426529017372829,0.1776419871184613,0.32446431665918607,108.61289242116543,-2.3185677038807917
190,Pedestrian,0.9170961566014166,0.0,0.030618967208503177,0.025596236541965963,0.026688639648114194,24.152654276913243,9.81571574911051,0.997950969098014,5.174924872055317,25.073555979390996,11.828475657594717
191,Truck,0.015696404743251912,0.0,0.033211588256451596,0.8856689427482015,0.0654230642520949,7.171934442169677,1.8942489812070014,2.2591344494484513,19.89171973560669,48.19971501040973,-21.20145386670204
192,None,0.34302548609982914,0.21953699434635224,0.17311975898391124,0.12987095494653889,0.13444680562336855,74.7185405522879,8.296698999937561,0.10585718607398542,0.5179536637080613,100.02478129335724,4.117851123817713
193,None,0.11690339155827253,0.16888738413691734,0.11402535882575048,0.5051716768609267,0.09501218861813285,82.82813511998262,8.139710368764874,0.08437471919911477,-0.09423327916897661,117.82860433764098,1.7682004363004697
194,Cyclist,0.008520888180954209,0.9508394028990904,0.018084103067838805,0.0,0.022555605852116686,,,,18.672098739131147,36.55531542097094,4.533911151047016
195,None,0.18876768652463652,0.3604355924261452,0.02675564699225347,0.13226554018487607,0.29177553387208877,62.857617555454794,4.387763111496405,0.014060753138961879,0.25350669708466245,85.8438626216528,3.2300357444693475
196,None,0.47816568183409147,0.06375006399705592,0.1423298156293932,0.22557103750023894,0.09018340103922047,90.79778947076034,-2.43368785669481,0.04419848357337919,0.9627666684825602,105.18734381036812,-0.8383905359384229
197,None,0.14901063088780656,0.3466436165448691,0.24711448959469418,0.11048986429640333,0.14674139867622688,68.07700938814783,0.6959893256238487,0.49811224652231934,0.6321135142286471,97.28269140266471,2.9639072261970885
198,None,0.6395112952771702,0.07841747308907504,0.10235105798618796,0.1205172185655531,0.05920295508201379,75.90076744542598,-9.850737191655611,0.21134330982871286,-0.1146125960651283,109.2887682524889,-2.669810356031652
199,Truck,0.053092430174830355,0.04648566938980486,0.039786700884744584,0.8606351995506203,0.0,33.91036244200187,19.92677140482411,1.9139805670162786,51.35999262129781,59.54376248913172,11.280559638902712
200,None,0.34800952631846144,0.1997618620007455,0.07914869092067217,0.2713522152235673,0.10172770553655355,70.94618123964594,0.34544339508621036,0.04210650558854917,0.33281460938983787,91.4161627385369,0.8580839421524438
201,None,0.2102398247689629,0.07808555948588217,0.27843767710898726,0.31828183148959444,0.11495510714657331,70.55636391296896,-5.313498686989464,0.009825741373423902,,,
202,None,0.1141824938771883,0.20775196029952359,0.10488721815049046,0.2039100991829293,0.3692682284898683,94.8766163261042,8.155224873003572,0.04370840393554193,0.6510696830408313,111.65242857250668,-2.9908866031447756
203,None,0.10831130899658752,0.055591728058045284,0.4637895220053723,0.20585413256725796,0.16645330837273697,75.16102074293173,5.302976997225279,0.24264531703085768,0.29651390815564405,86.89545448420665,3.7239456335481496
204,Cyclist,0.08211235384098506,0.8843337658466625,0.0,0.004609802354989976,0.028944077957362604,24.04490834414887,1.3020072073641025,1.1665719602712976,12.132239026248032,7.426602073584758,-14.026845144905801
205,Cyclist,0.04200923080664729,0.9162877698782576,0.019437922548809848,0.008280748716037553,0.013984328050247716,8.629508733651528,0.05695060767527657,2.6420870818341764,20.304815862327864,19.40100831641443,14.308401663949162
206,Car,0.0,0.005842864789207057,0.8643391468911463,0.10091992109682271,0.02889806722282393,38.850673419521065,-7.839495628785126,0.9161214037144978,41.039579800276286,50.125874688890804,23.544284116001727
207,Cyclist,0.0,0.9467052460603845,0.008979896009915854,0.03814614951647562,0.0061687084132239205,14.873910305249275,6.66711471899475,1.2103028126661786,13.820178822276413,37.17790441435073,30.282278664437744
208,None,0.09601318713401469,0.17484646959647346,0.17984937000482665,0.4694328699379129,0.07985810332677226,90.09129499377576,-0.6725081099090282,0.1808330415975214,0.7518660443724099,111.32640116111611,-3.3188190240227486
209,Car,0.0,0.0011283128816741584,0.8127628568123467,0.18610883030597897,0.0,23.89840218811685,-0.3432171953841182,1.822089605492248,50.46962246606072,57.86501773351589,1.1061105894086471
210,Pedestrian,0.9327055692961636,0.029214455859678672,0.0,0.02141983857518796,0.01666013626896974,6.626965389715836,1.4471462471222856,1.3137184812268987,5.6772721425733055,10.931821587597474,-10.915994933257457
211,Car,0.0051669387451553925,0.0,0.8303860181517186,0.1644470431031259,0.0,12.277287643489842,6.964718660008599,2.5088720503996735,53.746783575438116,26.1501248646387,-6.069962272960806
212,None,0.24008594251508567,0.12958934974603076,0.040749577383282505,0.3425712890775172,0.24700384127808395,60.7731453637865,-7.5903635512306415,0.42576858594896283,0.9495201626723906,113.70152917594548,0.00876605889599169
213,Pedestrian,0.811517801384019,0.11716241776673399,0.0,0.050015254368274656,0.02130452648097244,25.512888194658526,1.565453895196688,2.058765242369271,5.262748884815209,16.064425736530012,25.5988584391233
214,None,0.15918136608490574,0.28089806321552824,0.3247350820812261,0.12385648400359578,0.11132900461474435,76.21273602688683,3.414546508852016,0.1347197231518275,0.8668262540469096,108.94138293324355,0.7718667622330884
215,Pedestrian,0.903692535741601,0.033084296500132906,0.018610277259529084,0.04461289049873706,0.0,8.729961677525504,-2.982068139982737,1.4061369913200596,4.091527346867629,25.641485665273816,-4.999028381790161
216,Pedestrian,0.8178834158586636,0.046326217675700124,0.032245962388598136,0.05507289976528298,0.048471504311755294,16.603805359526717,-0.8670495023613718,1.6495452297467055,,,
217,Cyclist,0.08173529527430784,0.8539468647883097,0.045863248710547345,0.01078369037406225,0.0076709008527727,18.64309273986492,7.434202015884749,2.3800944082125004,10.202413805665909,36.57096522434674,-10.386192156689082
218,Cyclist,0.06090427578732337,0.8606514533273046,0.015765249893701105,0.02851404134639821,0.03416497964527253,34.36446278931271,14.827520475160455,2.1425546265932454,13.457175819690248,9.406314993323406,4.189627993803905
219,Truck,0.0,0.0,0.17213871656867383,0.8278612834313263,0.0,91.5525270106244,-22.85438976117957,2.49509553531499,57.23224669467026,94.31489079275686,11.249238161776319
220,Truck,0.023000562275816167,0.0029514926995024456,0.12736902033328326,0.813122550392481,0.033556374298917,33.055572512647764,-3.1576207117484225,1.4307483637599836,49.016421742533055,32.20407453053614,-25.64582717788766
221,None,0.1909856828536234,0.2044065444687051,0.23712289190317695,0.2596553370692091,0.1078295437052855,96.30964932073132,-9.81803637438448,0.03770608799639413,0.33863083272700334,115.53088786046024,-0.4005804870603722
222,Cyclist,0.1328001570713537,0.8632038869965525,0.0,0.0,0.003995955932093893,4.99080025072765,1.4165974157962664,2.424432874853138,28.46671043526435,13.197992410484565,-10.963907576915695
223,Truck,0.03178666463255872,0.004810858998322956,0.07803142864557591,0.86219281399286,0.023178233730682538,,,,18.791899620184537,97.17432911192975,-3.922898858779386
224,Pedestrian,0.8261331719818524,0.1351994795636937,0.0,0.017902548462283268,0.02076479999217077,11.631946737977646,4.814738906126431,2.015304226775352,2.3919585618007395,19.010308101324508,12.005055963197169
225,Cyclist,0.10566065163078102,0.8350010361957554,0.040966510087436944,0.006249280088504386,0.01212252199752221,7.956533419473847,-0.4208226826292242,2.5359815790686056,15.683920132726538,19.170496806567268,25.35125498552804
226,Cyclist,0.010072241535592838,0.9280849876844658,0.04106466950849097,0.0,0.020778101271450276,29.145445991216985,-10.899563184645839,1.2266050562701671,11.627136457630842,10.255212944283642,21.440882276968267
227,Cyclist,0.06044155848755116,0.9078302186308536,0.0217833504630415,0.0,0.00994487241855386,28.225695748162998,-4.160570675331656,2.5205521266372033,17.86024333783501,15.97910537676277,0.607688910110181
228,None,0.0429708468985347,0.11839443570819858,0.29184887848356816,0.04694268546669179,0.4998431534430067,67.22982978634859,-6.780311366252505,0.28158219422697744,-0.9923394189993548,89.52499373015995,4.384476404104076
229,Pedestrian,0.8313005541085265,0.11840716466156159,0.0,0.019523533252433653,0.03076874797747815,29.181420266396998,-6.681083360438673,1.0428697318760327,4.811465211743702,27.271541288291278,29.04501079549162
230,None,0.09751300989041345,0.08107958908149554,0.26214337628729933,0.2086917576456343,0.35057226709515743,65.1751954573976,-2.0304247578157124,0.15845650690927215,-0.42884076752272726,118.46445769017788,-1.8715537199433188
231,Truck,0.03364625152305494,0.060175269289542095,0.0,0.843648369999378,0.06253010918802511,5.877976342151917,1.8826299836370757,1.9480160041542898,52.98468959513478,87.81417554679619,0.3647344209996761
232,None,,,,,,66.3503384248051,2.5591747068581565,0.13759510588673785,0.26777892366488376,82.87626869265782,4.09005588835703
233,Pedestrian,0.8811888603639692,0.059663900955695875,0.019183643478962446,0.0,0.03996359520137244,9.271578031349717,-3.0785941760508604,2.0223976319314145,2.410326672365995,15.101598817042971,25.410199449585736
234,None,0.24981589771435625,0.07463064581329325,0.13970661667922585,0.06834379168821628,0.46750304810490845,68.96827991020933,8.216684539795075,0.30767392031428714,0.8688215891424296,81.93856929903289,-2.8972382209813863
235,None,0.08380571686329227,0.6033815732013851,0.09410850270102662,0.10083159736778412,0.11787260986651192,93.3576075500561,3.4601633257735394,0.023482211203833647,0.5265898239945632,85.46012048334329,-2.7132924861539665
236,Pedestrian,0.8666998360213741,0.08117443693778428,0.0,0.022623948645125635,0.029501778395716098,17.93158285043189,-1.82806046578205,2.4588654295193386,2.598645918905385,18.919329996375378,-27.194924959824593
237,None,0.1482591663769872,0.23869626498521077,0.05931949662303667,0.15700290870894582,0.39672216330581966,81.0753655569042,-9.22401090542225,0.09338626411556467,0.5335367126766715,94.02570765828588,-1.2318937222578752
238,Pedestrian,0.8820936764857322,0.03641088435739935,0.0,0.05038939719661058,0.031106041960257885,13.509139628580794,3.657634439000206,1.5853117250738826,3.2410719556319516,7.9917623784440615,8.650050439032597
239,Car,0.05697602345827107,0.00012976082714538908,0.817276659181578,0.1038639482951799,0.021753608237825798,6.221990288206801,-1.9485518147136973,1.9737837805930494,27.200553091162913,82.58409881186809,-12.544134582640213
240,None,0.24260809459461846,0.021663804899074275,0.16013999431422488,0.5380026588198614,0.03758544737222104,,,,0.30798844284049665,104.74340596288462,-1.9015288324672008
241,Pedestrian,0.8925243030205797,0.10438083683681222,0.0,0.0,0.0030948601426082764,5.8622440147294546,-3.1329238630151117,0.9950804182760347,2.2861525899815547,18.811204171586805,25.964794368274806
242,Car,0.026721160421993555,0.11194334047190645,0.7996424850615926,0.061693014044507395,0.0,69.64908304124789,9.065651409908465,2.366766400361862,65.89551642881236,30.0062625538011,-3.959118396726543
243,Truck,0.03159491633161058,0.05418692841596126,0.08099535893298049,0.8165718101919502,0.016650986127497457,47.52999314433067,-11.961718955602867,1.6173342631510035,33.80651644826488,118.34620197470151,14.395610332624166
244,None,0.0378235837293966,0.1204189472809138,0.17250179135423147,0.25747200628517436,0.4117836713502838,75.91998133165326,-7.747815413015586,0.4669937092563086,-0.49446828009767185,96.26546107539882,-1.1683553144087422
245,Car,0.044392328025987485,0.04316252881811537,0.8338744517392367,0.05152229514215493,0.02704839627450544,,,,53.119538385093236,40.619261359495496,-2.8016774426642166
246,None,,,,,,86.01866063661015,-1.1104004404441792,0.12814618768460878,0.33990698171843614,80.01606176101359,3.058911691968543
247,Cyclist,0.07810862381899626,0.8368793344304729,0.015522319291186972,0.0333911394547837,0.03609858300456019,7.954945278378333,2.225151574973565,2.2176508072970895,19.889464224303094,24.17199921483938,-14.992619574209632
248,None,0.22008384248012397,0.019850007114619306,0.3649893288902586,0.09497235503121158,0.3001044664837866,51.96459725753462,3.098142462957181,0.22136796385322915,-0.5080005193864097,101.28347295752044,-0.17643791417247012
249,Pedestrian,0.8367059347375226,0.045065430518402505,0.04751481795614161,0.014552618785214489,0.05616119800271886,9.717203964721577,-4.814826227123535,1.0340033668473716,2.6338417205945763,16.561119612836936,-12.453806834787267
250,Pedestrian,0.8333950922027069,0.08965643903186601,0.01825785756860323,0.05869061119682394,0.0,16.63419097492001,-2.2230940037931877,1.4964316655278704,1.5240872294549603,19.693918444233343,-19.83913723824573
251,Car,0.0,0.0006312566637073171,0.7785568715453067,0.21379017238921277,0.007021699401773181,43.52950223755314,-10.22795624430494,1.1398934948270543,44.4503437230321,42.1267514627974,-19.32470867709497
252,None,0.00790408752647562,0.0,0.38108539194743124,0.12829198178323226,0.48271853874286086,64.31121536199971,-0.7979474688462407,0.09672361400596874,-0.9539058231867852,115.8698619963098,-2.8929333492509377
253,Car,0.0,0.03245646110610173,0.8158313712986524,0.11292733636228997,0.038784831232955966,13.802795901382675,0.4200846825438922,1.8337170100732272,35.31190555628883,53.50869458186365,-6.017884543146867
254,None,0.015522627111777529,0.5314399247950424,0.1694045625740057,0.0,0.28363288551917437,71.0448264379613,9.228351556931468,0.2996387589117959,-0.7812881937810423,95.89165171783623,-1.631522985528473
255,None,0.17569934612973956,0.2821722337913634,0.08747209750278691,0.28644362801683226,0.16821269455927784,52.81909269266158,-2.6123470483482976,0.25290461129616487,0.45723031358555377,94.19382893722633,1.1268434467460722
256,Truck,0.0,0.02672908280168961,0.053265170299847904,0.9011012409347645,0.018904505963698033,43.23149033206239,-4.967504740806277,1.444831629304194,58.38788639811759,54.68482100686411,7.32276308784332
257,Truck,0.0,0.016961843968151147,0.1359424678255837,0.8470956882062651,0.0,67.31552918714527,-37.13691627360341,1.373608412594579,30.712742526741668,10.337743563222263,-20.227420920588603
258,Pedestrian,0.7971301004948742,0.15529603510910894,0.0047720904263099904,0.04280177396970678,0.0,12.603531736208824,2.3806493341830213,0.8585257921433119,4.555774635711014,14.655472588374057,-16.237989524642444
259,Cyclist,0.07104290656311148,0.8503119734425885,0.01709730490595671,0.06032695898924635,0.0012208560990968345,39.24447488012868,6.577083801441995,0.9327060633645596,14.540452909209433,10.799789723862007,11.036914362195134
260,Pedestrian,0.7272610291053739,0.12353902134808098,0.07943738471435767,0.03116457871465495,0.03859798611753235,24.657664946466262,-0.15504439970427936,1.2517309442576638,5.731886688954071,20.42692057364011,25.288827759764207
261,Pedestrian,0.7705813741990517,0.15359846169064592,0.019374381041081905,0.012237177749529256,0.044208605319691174,23.537072741535187,-11.430528244807538,2.2718088025661727,3.779386794369616,14.267819586788747,-10.910343019871405
262,None,0.259680703068003,0.06311058690171667,0.12703064325831634,0.17622881780702151,0.3739492489649425,50.03947555466094,6.202801814909225,0.04378728149311911,0.8292329090303829,88.34607652633724,1.6527283623691078
263,None,0.5185094860886308,0.033139391740546885,0.2275684955312186,0.1440362518180431,0.07674637482156056,94.08586531976981,7.836404228132256,0.09822065761139293,-0.8245647165600714,95.66148398406517,2.133217295012723
264,None,0.13119281827266502,0.1328208193357751,0.1601110834166077,0.13528668909602945,0.44058858987892274,51.219549655504835,1.6284978973817417,0.2744662622496688,,,
265,None,0.18650073170176112,0.08994126533318009,0.10116509795445891,0.32346321084057805,0.2989296941700218,69.05734410173677,-1.7629543371100613,0.363789661067472,0.7134598930117948,117.76379143721458,-1.6405384662106615
266,Pedestrian,0.8179672459679597,0.10846647946164083,0.0,0.03524039238508117,0.03832588218531851,19.42215828598738,-1.229870545350573,0.6776244320710173,2.083000521609926,5.675704241490469,-11.072545494436294
267,Car,0.0,0.0,0.8728715650719033,0.07619333841508774,0.05093509651300899,33.60361137629414,5.113230155153957,1.156495310013274,68.91207812477381,28.083570298485213,-6.0909844798296024
268,Car,0.0,0.004950246671645641,0.8400618371436863,0.15498791618466803,0.0,7.1936906252531445,4.1490885124504,1.2780539854178814,52.64545232344083,13.877586535418372,-28.134817677901776
269,Cyclist,0.1282092080814844,0.7508284714400848,0.021477166112685967,0.048469625245836014,0.05101552911990884,16.728342820279376,-4.110377938194997,1.2307963886595854,22.318401694664274,36.37839612333579,-23.15896123099483
270,Car,,,,,,71.28473605375345,-13.929868481413148,1.2469271448623174,78.97738077794125,67.78979346982645,-20.403370152094016
271,Cyclist,0.12291156877088365,0.7678504516298529,0.03737983546660394,0.028972486438290555,0.042885657694368993,12.587645818856709,-3.084736618352268,1.623922976939337,11.115935098008753,30.69860624099212,7.544488365916197
272,Pedestrian,0.8628378490437589,0.05979056885141833,0.0325020961468779,0.0,0.044869485957944974,16.092147107835192,6.071155506757051,2.1444358722298933,2.9808670133252764,25.510958217516766,-9.302215757252283
273,Car,0.00025484596641687287,0.0,0.9318278673909857,0.06791728664259748,0.0,53.50671639273783,17.482561694234487,2.1121174487475423,34.388550313034735,95.26123032628293,-19.74464789247382
274,Car,0.0,0.0,0.9032198264693464,0.09678017353065363,0.0,19.34883417800848,-8.429800361707342,2.454433201643707,51.810060553123826,90.81042699990415,-26.531390534369876
275,Car,0.03190319498163966,0.025120272515181917,0.7874464453803939,0.13500433178454527,0.02052575533823927,54.00529304659456,-5.031688622302038,1.573719865557631,57.55147015415164,20.866616112700207,7.246733671586771
276,Car,0.039297083575440435,0.021430647009146507,0.8635227266325212,0.031058521201156198,0.0446910215817356,66.78698891106329,-36.40418773188759,1.6422143323116567,26.474998268855614,94.44157897340497,12.98948478661158
277,None,0.08065677131198284,0.23489366412650597,0.0,0.41995421265134675,0.2644953519101645,,,,-0.6941136270491477,82.75960034841837,4.958023677799186
278,Pedestrian,0.8735689517075199,0.12276955036951505,0.0,0.0010830250048033728,0.002578472918161653,21.54643945914998,-4.809073919296523,1.720746951529624,1.4718285969116651,6.291883730308422,-16.009495183108047
279,Truck,0.06043437197133307,0.061744984185510554,0.023998713417997926,0.850203133052416,0.0036187973727424003,52.47566572896374,-16.43517764444681,1.915595529738272,50.133803072867,79.7938786710488,-22.720256193171014
280,None,0.10375140995633865,0.2453487648754107,0.16812659598692453,0.028279015238922886,0.4544942139424032,67.1237609593152,-7.8407510377832885,0.03482293387413282,0.041310707468223073,109.6880403648453,0.09735510003937087
281,Car,0.04075283384257272,0.08771321067194142,0.7810603738305312,0.06677584489041777,0.023697736764537,,,,69.23633888334328,81.29273478584508,-12.463805991982328
282,Truck,0.0,0.03896540431603092,0.04990234838641884,0.8867874028492255,0.0243448444483247,16.946885801066532,3.5497135408571436,1.4072718016569539,53.82049368406511,61.344102585484585,16.323652805354786
283,None,0.1743548882235797,0.45329325906505846,0.15357943334630603,0.1801576183829276,0.03861480098212819,76.5429517144238,-8.966286401777364,0.07926807924996176,-0.7347920185063779,89.33585077832508,-0.4662939439584264
284,None,0.06719292218015185,0.3188251481071308,0.5328364174771676,0.0,0.08114551223554982,83.14531261722829,7.05077481711934,0.1289697533934503,0.9510546580418036,93.3296696220291,0.9504634492376116
285,None,0.0,0.2648863521445282,0.2727592357525752,0.28915708407729823,0.17319732802559837,72.60914696800539,-7.329688972943609,0.02397886621849382,0.14136635014395726,110.4281922417558,-3.5013720111344835
286,Car,0.011135707689451994,0.022711429961195635,0.9527181112215827,0.0,0.013434751127769654,74.44303337061041,-20.256783545300983,1.6565725693142679,59.55285079443161,48.364696588269645,-19.74411019674467
287,None,0.3229189514014288,0.0,0.37927860563562454,0.2399938655901031,0.057808577372843596,85.2455566365668,-8.29599044880676,0.3250462255699657,0.9124423472872554,80.12083485424645,-2.520675501941928
288,None,0.1630755961672683,0.18708050435417176,0.24217510895112465,0.2813690129018269,0.1262997776256083,57.668241370787285,4.666558174337245,0.00020514471958743563,0.8318860079081047,91.51736376372875,-3.144740247422808
289,None,0.0918634951395555,0.05802368086324784,0.10352481085023144,0.5130357320108094,0.23355228113615573,81.75784944319675,8.191108568744049,0.009016004912615005,0.5746976968194142,101.65341530805068,-1.7610444741962086
290,None,0.09088845312621366,0.14711605257749438,0.30875127414564074,0.04301679067553349,0.41022742947511764,53.354686631493934,1.8741156590286927,0.3860158929861774,-0.6589392212124494,115.89676200312695,1.5614609184744221
291,Car,0.0,0.0,0.8311744684746094,0.1688255315253905,0.0,10.011208165396315,1.884359746017821,1.3639533535327852,33.464687778540885,51.96531267358641,-1.2489820384780566
292,Pedestrian,0.811302802116375,0.1430484320232609,0.0,0.0,0.045648765860364184,25.260118619270195,-9.495364656948949,1.4417925058064607,2.9658109127347165,27.591167561797487,26.999057064849097
293,Pedestrian,0.9092602198339143,0.022726189208255324,0.044983192832721834,0.008194460356457335,0.014835937768651246,24.375137187191214,8.002244764751799,1.3998149728093112,1.8931846661646983,18.341540692181574,-1.5000263680265893
294,Car,0.028741764640627474,0.008885174243902,0.7997266594596023,0.12115709016680151,0.041489311489066885,7.806380737733871,0.002997246710033496,2.099844538110916,76.39830402740579,22.022416962545968,-1.2891511621105387
295,Pedestrian,0.9739514760906224,0.015916164534237533,0.00836487990754141,0.0,0.0017674794675988095,21.327899030722122,-5.206387930254593,0.5280903421780334,3.3067991700203248,27.820082648264716,20.687312589838665
296,Truck,0.0012612005528976314,0.03161990146228727,0.1502166922100363,0.763590595592645,0.053311610182133776,88.21960783918445,-0.08268460952564882,1.8027299603142386,29.77421468586549,33.34439557086221,-10.107321648580884
297,Car,0.01564279516925919,0.0,0.922980420459782,0.061376784370958934,0.0,39.46843612059489,-15.280516444604087,1.1470338139763867,71.2564021082178,30.00728401811276,-10.476795407313992
298,None,0.18097468491686244,0.1723001012541303,0.0525857633918392,0.22850450790706456,0.3656349425301035,86.61189570461437,-8.244541717531188,0.3340903309789526,-0.8844236059602717,85.62613356934666,2.1663193670203142
299,Car,0.004286342621138679,0.0,0.8208819140257696,0.13751422925930507,0.0373175140937867,67.32852688440114,-10.737215566218303,2.534561853424862,53.95739144470694,40.294435015880836,-24.55281612364511
300,Car,,,,,,53.66940062205765,26.087614190886857,2.3051062214779803,48.19200225719066,13.56570972476167,10.421260089056291
301,None,0.17712630542207433,0.30888347843044295,0.3868228603039601,0.007929671712710407,0.1192376841308122,90.52164567865853,3.794030697237371,0.36243542678994023,-0.3780539572339334,83.98655688307103,-2.27532815966904
302,None,0.16134717074242408,0.2285060324074954,0.12910479575504719,0.2467022194993167,0.2343397815957166,99.32070092414445,4.645811348513922,0.3884731941962606,-0.5687204745483017,83.35216636380243,-0.1710556340140137
303,None,0.48116167311204766,0.0248147673592551,0.2926155837230303,0.16587906580543002,0.035528910000236884,80.47226486636394,2.871042459748349,0.04400301375572613,-0.22146720638190343,92.53477625721432,-0.3763855275226078
304,None,0.21122744618368494,0.33567988555202016,0.052279738272439806,0.36466783892246635,0.036145091069388666,75.97509273824906,-0.9892692186584799,0.005822449751548109,0.3230486482923498,103.67657617676281,2.362798987834215
305,Pedestrian,0.7757620162663299,0.11148826367745986,0.03349119196876766,0.0306022483477677,0.04865627973967492,20.741808326141193,1.0729643500225448,0.584787405202822,4.535997445607771,18.754997598002102,-16.278145595046254
306,Cyclist,0.006510558614902281,0.9415710334435383,0.0,0.03308263866861749,0.01883576927294181,24.221541190739206,-5.629553452987675,1.7274730107740166,26.06475319154712,5.39309733696389,10.65365676066511
307,Car,0.024878344009228396,0.04555647186471714,0.8773760923373883,0.04844492769345659,0.0037441640952094297,,,,43.86869601157824,61.13769854086912,29.917937579550067
308,Truck,,,,,,15.8111112392424,6.953002839417131,2.410428948418607,47.369223334209394,96.06784309507258,11.972340061612801
309,None,0.07402201420179295,0.10806589540900141,0.25369009662199254,0.06910683690525105,0.49511515686196206,66.21568319377903,4.323290763552222,0.06770942490891402,-0.7105787277269602,112.4492223360543,-2.7735076477321465
310,None,0.33697853142348,0.23989387414158916,0.07657251144311451,0.29049233221541226,0.056062750776403984,88.83034198981953,1.0444456034769303,0.3304869103248379,-0.037452096344789965,104.69417003952267,-0.9508918573015599
311,None,0.35316250313767683,0.05028272668554943,0.33009582094423046,0.2547174647053925,0.011741484527150807,70.08968351666819,8.179617838297283,0.31896524478983274,-0.26287506194457233,118.40047523276502,3.2046129015831504
312,Cyclist,0.06288963001133616,0.8828963942380379,0.010639936726872114,0.04357403902375379,0.0,21.242258236470743,-12.252735631522224,1.9174705982496136,24.78778518895426,5.2024525243718855,29.554920764506047
313,None,0.08867963445534599,0.10774458275140027,0.22253020914075597,0.44730927061346787,0.13373630303902992,63.31888207150119,7.989061691076703,0.46368320473077673,0.7806051142270405,95.35795577051891,2.368168318297002
314,Pedestrian,0.9078270631556971,0.06738071459419331,0.0,0.0,0.024792222250109665,21.950469678163387,4.858381166727206,1.422650449914525,1.7259776182432056,20.466452645842796,-16.694667543691455
315,None,0.09999739603172851,0.41639558694500567,0.08961146582798095,0.08884842565094297,0.30514712554434187,51.18581801528953,-8.404217527319993,0.20898477179326352,0.44302355968684726,83.52506278002231,3.4631801278087373
316,None,0.13130881012219972,0.29889567104616316,0.4013177461883751,0.09369828780775653,0.07477948483550552,63.24331289067857,-3.002766115550431,0.35416202453898515,0.1105266452158804,83.99727508217639,3.050176932346279
317,None,0.267693820142385,0.22882380266567992,0.17504562831828333,0.07943747969458162,0.24899926917907023,98.8006962799397,-3.7879805720934083,0.23048479610626982,0.08301256424497572,113.73711182836198,2.6174270646951587
318,None,0.1104156031585526,0.20964163511876305,0.28922255705899025,0.27128119839463355,0.11943900626906054,70.96246246594829,-6.120120875532056,0.14242633830530682,0.06266158534635147,112.22323305764934,2.913527236523344
319,None,0.412291025296185,0.1437566796104161,0.13423599388946322,0.09849117770972744,0.21122512349420816,77.45720076207256,8.982249137764942,0.49930865958219234,,,
320,Car,0.04908130196528457,0.0,0.9278873877964736,0.0,0.02303131023824186,20.142748900277898,0.25317227041996193,1.3115029602922392,56.294577260687966,33.81299509517465,1.8885094534920084
321,None,0.34570538853691585,0.24401778607975136,0.0838462148690157,0.12164895583931493,0.20478165467500214,52.22850203563154,9.411466652547208,0.35803152670977906,-0.36260548542920534,97.94170197473838,1.2624482276303297
322,Cyclist,0.012022701650650105,0.9407874974898185,0.0,0.03900243993564042,0.008187360923890868,33.81743625548304,15.139145831718274,2.0770672198706377,28.183724745795573,33.84257379091471,30.25544585974942
323,None,0.03216617188419774,0.31073163316791547,0.23380730879310033,0.15147715316838076,0.2718177329864057,73.1837902886589,-8.229553695705432,0.30449955552596425,-0.6793819209688623,101.78125171618032,0.3231026337991061
324,None,0.3619023147743366,0.3150476051895773,0.11321799706761866,0.06577694285463488,0.14405514011383275,70.91916688566357,-1.182897745949683,0.3171215454887713,-0.9324216981035027,103.72623982108537,-3.13267005902629
325,Car,0.014967318055768671,0.016754699077807717,0.8567194381200844,0.08502797083773996,0.026530573908599444,61.90340083590156,-26.24618128130162,2.0553539857769407,41.07339002232776,65.867201129314,26.426265352979804
326,Pedestrian,0.9157368057117302,0.04318761850734262,0.0195041257194058,0.015601412688767306,0.005970037372754112,26.660027265082345,8.795367912915866,0.8642595836581268,4.67371825450981,13.743353508601428,-12.498554017911658
327,Pedestrian,0.9128217864404519,0.026067620114459986,0.028160523216887584,0.02967849478117556,0.0032715754470250104,10.220178128500423,4.583678591558712,0.6898545563705064,,,
328,Car,0.009397623639604006,0.025803717941173622,0.8086788995822285,0.1530738423303769,0.0030459165066170227,27.310155391621873,-10.845934879743558,1.8948369438771335,37.29421167558595,23.80120621613276,-12.725335433292383
329,None,0.21806851104334635,0.05084210223467556,0.2845852576888735,0.37943579236011005,0.06706833667299453,78.99839101015715,8.961065637057807,0.03437547604433866,-0.34216044357855124,100.33246777106778,-4.760245526234684
330,None,0.33527540651419774,0.09775948536378101,0.3197838541267667,0.1355510752915178,0.11163017870373662,,,,-0.09819269381370366,94.09730926155366,0.5490983382540895
331,None,0.1978602130076827,0.1707663736852822,0.19919741128613408,0.14990086690249488,0.2822751351184062,56.91892812709592,4.9632359805739235,0.23482712847581177,,,
332,Car,0.01957059610801021,0.016191626263538886,0.9263640453263203,0.022194828589888936,0.01567890371224167,59.80521342265951,-17.89586676156792,1.371976423476678,28.980409400161765,98.02645271836684,27.02151021631464
333,Cyclist,0.09135036786942019,0.8332430975759845,0.0,0.032173578591196524,0.043232955963398795,,,,14.191846520941631,23.48589209365082,-28.766590783509752
334,Car,0.021323267821937608,0.0023389213425435234,0.8158119001767828,0.16052591065873612,0.0,65.07977523424046,-17.228064582662128,2.571458068467821,47.979803665900704,42.2839055308459,-5.583972775180973
335,None,0.559478470173211,0.02690491484987734,0.22556259896241726,0.08778085979987373,0.10027315621462067,92.39858466562953,-2.646839078817833,0.29554769026780703,0.2919030622240901,118.9157755755078,-4.442644734985979
336,None,0.12223557394434789,0.17502355435375896,0.23526068718640955,0.18253830521280529,0.28494187930267834,60.49323386395606,1.9819865020550491,0.04446476137751193,-0.2555094096278572,108.8265781803145,0.5480675827394794
337,Truck,0.0,0.014002049383428491,0.20406270227793083,0.7573687314702109,0.024566516868429877,72.5747964237167,13.328454461253319,2.6080734575218667,56.96424638314248,52.222322795368484,18.197392454458388
338,None,0.18066350598320335,0.5227598565282351,0.11748666881316713,0.076895587810589,0.10219438086480555,63.48980289461821,0.2287281260317453,0.22007422361206624,0.34542722300087236,95.48522035884594,-2.4869231285784323
339,Car,0.0,0.0451654936993322,0.7489428543766737,0.18160913228812312,0.024282519635870973,57.14287775533329,-22.809527038649097,1.04892595067685,49.77120165939244,83.90979700197316,25.091302611955896
340,None,0.02852001197184305,0.26563760344716214,0.14849335665879576,0.42028353647293987,0.13706549144925917,,,,0.2877358551102527,110.51795514046245,2.5948656918830704
341,None,0.19269626293975034,0.32814882783006577,0.18913839217351686,0.15498812211598814,0.13502839494067886,94.68243245452405,-4.169661436976153,0.28135577167110143,0.8439112602655003,85.63081831084854,-2.7510319426959273
342,None,0.03627324367040861,0.31003652188305836,0.4045333125979866,0.1888412619144155,0.060315659934130864,84.06046289107744,5.043097845153319,0.25178844816929574,0.8726855067964556,112.29483759169958,1.3559348200818722
343,None,0.07484150636757694,0.12420605240882307,0.27665492441441003,0.41334683992730537,0.11095067688188465,68.59973798945809,6.940240707781669,0.41395603107453216,0.17823747196047313,108.83265265899662,-2.58793225371977
344,None,0.28156681436560077,0.265302956087333,0.17531442627599228,0.1276843130724697,0.15013149019860422,87.7141166517608,-9.589781613592177,0.12468789399794605,0.43706263624449204,82.9187333170275,3.2112610448517973
345,None,0.2269288875878244,0.056234391574108505,0.46532434193210276,0.1682147242389716,0.08329765466699292,75.96400411976357,7.159038908046725,0.19568904668187348,-0.5195456672089094,91.20865627962284,-4.468793758009989
346,Car,0.06420165020129226,0.0396552015709617,0.8061463203317236,0.06090684317717316,0.0290899847188492,36.35946465931893,-6.408576644815962,1.9993395343519709,32.022694003022444,15.28345433802204,14.385435067515832
347,Car,,,,,,69.42101046352354,-19.929727634097137,2.7683962458925295,,,
348,None,0.2161555767484589,0.06437273228875472,0.1486520360649356,0.2309053798113626,0.33991427508648825,75.62954626336482,-3.3879838005999634,0.4302557432937225,0.5991572882040059,103.22479041929415,2.73090141617112
349,None,0.28627533050203235,0.06665036039329418,0.24163712903472617,0.27217898815070024,0.13325819191924707,54.20008572603128,3.630520597733007,0.34005484921663864,0.8846689898700739,112.92350116027521,-4.58027273756494
350,Car,0.06246043474353844,0.058624642856578604,0.7432689576046136,0.07893333357327803,0.056712631221991314,35.34542928934632,-4.838917474412863,2.8681848925948756,51.25119734431678,11.66222970058252,-13.045201394271583
351,None,0.17079912585566828,0.3753574410971464,0.048151734173492694,0.14464825277908513,0.2610434460946074,62.662268152012544,9.112427595627121,0.014315596917826412,-0.5153787872251046,96.56271303071266,-2.672697581299465
352,None,0.26374260117291115,0.09423867294263404,0.2205551022206744,0.10865022414917475,0.3128133995146056,76.04956943246785,-0.24803123900878177,0.2891645513521521,-0.7862332498259372,112.84442110966064,-0.6449497254674075
353,None,0.020879194890618128,0.27486649633008053,0.04858459595181283,0.16225576136785652,0.49341395145963196,75.6534711431719,6.280334710398602,0.3884301634491407,0.41604756799582354,90.16871316266753,3.620840858402314
354,Cyclist,0.14626166250429418,0.7589475651085266,0.042367026804048226,0.019607838994216482,0.03281590658891446,22.121576048767103,3.4915331226609774,1.9706663851068484,30.32463351089891,11.070250766448202,-14.430787241062669
355,Cyclist,0.13912454519802323,0.8460523590275598,0.0,0.014823095774417022,0.0,15.902610091584913,4.733048519434386,2.6666583077489308,16.24146941991635,14.760837110347051,5.471656853767039
356,None,0.28540364054900796,0.14517790776482123,0.4336660419214059,0.030531303837745914,0.10522110592701915,89.92479818019565,0.48075339735173905,0.2860499084858125,0.6118563068307172,85.28846091281198,2.139145840836343
357,Car,0.0,0.001241733312050272,0.847517616998527,0.08321834654278425,0.06802230314663849,5.395272529684747,-1.5414123179169195,1.3033782400691905,21.671754310152853,13.920659548023387,-27.17284513537793
358,Truck,0.027393267180570727,0.047153141940583565,0.03803694010467189,0.883250166554012,0.004166484220161813,74.12609087539131,16.25029557349827,1.776089564829343,39.191917385722846,17.515093505045268,18.673133420580804
359,Truck,0.01587040667237528,0.034700166004851096,0.04017726920708897,0.8793053877451801,0.029946770370504583,,,,45.33072515892785,103.889101905114,-3.4111751708996585
360,Car,0.0,0.0,0.840046526424596,0.1587636778934093,0.0011897956819946949,43.98905097217456,-8.28057128815443,1.1837152335550822,44.76718377901771,33.77837868157752,19.81534837508429
361,Cyclist,0.10701547094563817,0.7975801305265492,0.04891880966337194,0.02955446992595801,0.016931118938482825,29.19551843554871,-11.908259374828464,1.685006964127699,15.86577148466714,26.67015712743519,23.847510733978925
362,Truck,0.02408491715145899,6.957336761621673e-05,0.15074669614734917,0.8083200693736987,0.016778743959876892,54.60447053920246,23.860961350298112,1.9894598134891988,,,
363,None,0.5612988827649019,0.03809950312656587,0.1590002082516428,0.09661109101380051,0.14499031484308889,97.71729758116504,-5.0529725636451435,0.365822951959944,-0.4043053032799564,98.23663748088455,-4.287932824587674
364,Cyclist,0.0,0.9506509253104286,0.028857043704172983,0.0,0.020492030985398473,9.645173160375148,5.291204307492816,1.2365876594421015,21.4896841664269,14.491312500061202,27.421746444166935
365,None,0.03580257019977862,0.13984953180573023,0.02336117763012583,0.6027099971109221,0.19827672325344317,88.85805981027974,-5.420256293993766,0.26332113176259875,0.1592217984565678,115.08619601484777,3.677473900817306
366,Pedestrian,0.8595394173226057,0.07619942759393106,0.028710853455812792,0.005834773092498565,0.02971552853515189,6.210253943646659,-0.6166051671402392,1.9248950948853947,,,
367,Car,0.0,0.0,0.8567500221403338,0.1432499778596661,0.0,5.48082949997036,1.3023120754350899,1.6862316262845676,40.29063794842823,46.869804588819036,-7.663454014623389
368,None,0.10174327404897666,0.12402268387516882,0.10517323667658156,0.4008486851165823,0.2682121202826907,74.70214334678667,-8.895647464991887,0.4773187566800279,0.3949225344534537,100.24924144363521,-4.743677501155775
369,None,0.26600859002322247,0.16144126938776213,0.13214952111498388,0.2747643242203611,0.16563629525367046,92.76572321814692,1.7483032758533348,0.44454619912448007,-0.8927432192571017,100.03877207435474,-1.2503545092547075
370,None,0.17067537240337144,0.3504706426617126,0.16434342504318677,0.2011911843869774,0.11331937550475171,79.26101646954777,-4.382334538648005,0.45511085070515606,-0.10054917881578773,101.75049823674622,-3.997681218237139
371,Car,0.036436191771497484,0.03235300125653518,0.7875448559263913,0.07642530636054588,0.0672406446850302,14.732994974928001,-7.288918172084227,1.5170405026592546,,,
372,None,0.1838177305133399,0.48791657390238813,0.1386821394191327,0.0,0.18958355616513925,71.65401018010655,-6.159160128819918,0.4522126711585751,-0.9483856636175378,80.81119895069679,1.2231535645426428
373,Car,0.022642019159532404,0.013005517498070381,0.8285871949147212,0.10541038510883124,0.030354883318844686,66.16282277514205,-13.350666114013187,2.081403866076284,32.06725612006695,44.577468655056094,24.187500006162207
374,None,0.339704943804185,0.3651555228695241,0.19336482472358016,0.03601335782733994,0.06576135077537085,96.33537521695453,3.9731396016248013,0.12858856801221363,0.06606112297651112,85.51595286921336,0.9124290575061416
375,Pedestrian,0.8685547018563288,0.12763940368932533,0.0,0.003326466269675543,0.00047942818467040625,28.16795183290934,6.205819334014951,0.719238664916519,4.141842692125035,25.484311433283693,-33.31439571433835
376,None,0.3516107000004348,0.2900023747882925,0.2785092934280391,0.02244305813521361,0.057434573648020036,93.06246925915326,6.262100942216875,0.016701503288717223,-0.9017462122162954,93.38974127197449,0.0928899067992619
377,Car,0.016264900933771528,0.0,0.9066567993259467,0.07707829974028187,0.0,29.264355713031886,-3.448455611043134,2.2438676439006144,58.75070802069829,95.61613289196015,17.48822982642137
378,None,0.1547067775250582,0.24219157163516822,0.2727336900512807,0.15903057972372361,0.17133738106476937,87.30410782864465,-5.903969501216661,0.1855323674017657,-0.9636840687858423,108.89845241355816,3.3553550126816685
379,Car,0.0,0.0,0.845045959635723,0.15495404036427698,0.0,76.41816217664336,21.5082036027632,2.550046891527344,70.6767599276221,11.099328952938512,5.208416397932772
380,Cyclist,0.1179585482375604,0.8476562486786419,0.024944848118024516,0.0,0.009440354965773229,20.010050824728005,-9.233611242835359,2.702515805526568,22.886181825114782,39.62553080492176,7.615207690667749
381,None,,,,,,69.18869651778118,-7.1690229802435335,0.35519382371914904,-0.9120567167570903,113.46375116523805,-2.5125673370881776
382,None,0.3216421555013008,0.0893144606690376,0.1450895173492704,0.15942061679669436,0.28453324968369686,76.45516338302193,7.524067244499697,0.23124713700621907,-0.5380673035679369,114.97007506737344,-3.289891455817716
383,Cyclist,,,,,,16.47886824705804,7.227208510477217,1.508413620526308,27.839927178066652,28.704062593566,-14.617308008654717
384,Car,0.03132863906743643,0.011394858398150402,0.7737020462606731,0.1414932656929818,0.04208119058075841,45.17479376989075,11.070268607818738,1.1198718516958357,46.18977865060172,27.415110724182682,-1.9269379500866668
385,None,0.2099435954687252,0.03255707963548884,0.30566123444770704,0.3354432806074613,0.11639480984061756,92.95910997055542,-1.929544669855412,0.19927185718269125,-0.23386864782844263,114.86467385315402,-1.368712895103641
386,None,0.1244446046224345,0.10978517883654781,0.3832262061047006,0.19114792907423817,0.19139608136207895,86.45067106464843,-1.6065541568546333,0.4906885521630974,0.8434548410621319,117.31850194268318,-2.5814705293525386
387,Car,0.0,0.0,0.887899523571391,0.11210047642860906,0.0,7.954395432950203,2.713601524351773,2.9793726590187064,58.76157968856258,64.52975170782871,20.125762159686495
388,Pedestrian,0.8640144977594751,0.11260557397201615,0.0,0.01757504682940452,0.0058048814391042335,7.36731966593204,-0.6640943032726138,1.1207101482237385,3.998572193890506,22.383884284425616,-13.226763158928003
389,None,0.1723291966925052,0.12965906261588156,0.1899356033484137,0.20234254140766478,0.30573359593553473,74.21065328798953,6.632800803386619,0.44801418266249654,-0.9645911098535256,114.47095359157419,-3.2572132149863933
390,Pedestrian,0.8178974774150647,0.14962712264801184,0.0,0.029547606996112374,0.002927792940810992,21.17001026035288,-6.67336041337754,2.2405897482779684,5.375599102897013,13.889173341365144,18.08139403398544
391,Car,0.01871764988020158,0.0,0.8396674750742975,0.11466963012292898,0.026945244922571943,21.940961697318876,12.680383654888313,1.6543496434563085,52.12842214730011,85.49371505751891,21.97703676809788
392,None,0.3850789533175679,0.12137041371583528,0.2254612331776185,0.10285789108388965,0.16523150870508876,75.31858367725727,1.882092765508503,0.3540736672992786,-0.7569776609246677,112.4027723291691,-0.18723849488383237
393,Car,0.012709959399977874,0.006657781409637417,0.7622195489293077,0.19931077068336198,0.019101939577715193,13.265770018616946,5.099631343021837,1.8173362714934687,68.49651013728361,33.29425833419015,-30.719578269276234
394,Pedestrian,0.8166926059203701,0.13235923043622616,0.0,0.013238557479223692,0.03770960616418019,21.630964156867396,-1.8651539677051052,0.6352383109822677,5.66991086655346,12.854651937910278,-11.750858706597745
395,None,,,,,,95.89012701047918,-7.207153395808328,0.2758896418628477,-0.8696143956306179,81.99689942653517,-3.844433011636612
396,None,0.0,0.09313527678583337,0.19620543669959536,0.27725568222104885,0.4334036042935224,,,,0.6295840032717921,94.36773609556727,0.80418165780147
397,Cyclist,0.10114618482729587,0.8652472005947736,0.008135490306940591,0.00850945206978332,0.01696167220120651,24.955123701099993,-14.040079353893708,1.641545676891195,11.878817236472448,12.415014907588262,-10.560867203895498
398,Truck,0.029927706682839367,0.0,0.20741319052477467,0.762659102792386,0.0,83.850447051542,37.97687332286981,0.9737235844441088,26.441253442622827,25.919131687694264,12.499210548289398
399,Car,0.010777069213947324,0.03438300047676624,0.7771653815661789,0.1776745487431076,0.0,13.242752052063127,-5.903760767365047,2.3913062069373585,47.415695974864256,73.26615028259246,8.920400333518257
400,Car,0.0,0.0,0.854691224385636,0.14530877561436387,0.0,41.14085416675007,13.757754460859381,2.7550936462871625,26.21059409780246,60.496105329864506,-11.882387483543653
401,Car,0.07335269889313815,0.0417575704078096,0.752405716107113,0.13248401459193934,0.0,58.90719292553092,-32.88381785586057,2.806499424853549,33.31011185461987,52.2352564679058,-25.869928018548297
402,None,0.2459556160080459,0.12911197181448975,0.14755174359193923,0.1462838475254962,0.3310968210600291,64.52408028044718,-3.2057091232783126,0.4679775768643017,-0.9156991660741316,98.16221290438196,3.0120990024362886
403,None,0.08051008874434401,0.21910278767549007,0.234717453133847,0.1771331417605454,0.2885365286857735,,,,0.6182064336460922,117.53848212498676,2.893004491081501
404,Pedestrian,0.7637713866181058,0.07017744449645147,0.03359755910443965,0.08835699201837927,0.04409661776262383,9.83875569853699,-3.562253851657622,0.5072124636236545,2.567954549465234,19.008377445182116,-7.98953831810046
405,Car,,,,,,73.43563156357699,8.16891684521331,1.4596332199488868,25.70569630442798,98.53643736703638,-13.365352037997992
406,Pedestrian,0.8732739468140541,0.04977922280859769,0.024858321956465902,0.04797734273496078,0.004111165685921462,19.83244439597596,11.396792067036289,0.7516231572500643,5.243296072332481,21.472619309152694,28.366122032861455
407,Car,0.0,0.0,0.9704952066738228,0.029504793326177274,0.0,39.42922326430086,-9.355328881125532,1.271872971370393,43.19673120633384,63.22390040523922,-12.586771486592498
408,None,0.14706522109455558,0.1553642714919114,0.12855556957489353,0.3175283042209371,0.2514866336177023,98.71212627608682,-1.2101497486027277,0.030223461492635106,0.13034651244787487,97.91565379377852,-1.9073112120781035
409,Car,0.004138025047453956,0.02262172246316412,0.872237441103502,0.08145180856791778,0.01955100281796208,53.980531878754334,-24.595995957311633,1.701284535848094,59.043814393946704,77.61618147503185,17.554933527007773
410,None,0.2535303889012259,0.49226960608989334,0.09478247673096744,0.14491040472617991,0.014507123551733447,79.04569491231392,2.5117916693950537,0.02586044127732673,-0.8513382552928397,91.55657263215247,1.2743900768215095
411,None,0.2924840040792072,0.14267358646018685,0.10114827448443746,0.07734384030090073,0.38635029467526777,64.85402749389992,-1.4689429151672062,0.09297672269551333,0.4455240656793935,90.70047429415466,3.2005936574625355
412,Pedestrian,0.8119426676071698,0.1645531052519498,0.0,0.0104656915882152,0.013038535552665017,21.53628960862746,-0.9340863570118434,1.7799288861053841,1.5588858201587175,26.430379177377905,4.561124447356812
413,Pedestrian,,,,,,6.998390656717085,-0.8344711317487115,0.7866725670858578,,,
414,None,0.1695824012051745,0.20505187338959197,0.2675289792258524,0.2044567350996981,0.15338001107968322,79.66355464939961,-5.332090965431866,0.47062953208882385,-0.3776151112912469,97.98719403540629,3.0568478887689228
415,Car,0.06285594469794877,0.006161027422601188,0.8893213174256493,0.03946814052182914,0.0021935699319716347,37.206599822663826,21.69817240948929,3.139514582089631,39.667023163476756,16.07114197404457,-25.86921574770861
416,Pedestrian,0.9100109103083973,0.04004820727708338,0.0,0.03166680921531406,0.018274073199205165,6.7440775548612395,-3.4243931498985627,2.2116257386623146,4.050334770902602,18.80581804429254,19.35469805993068
417,None,0.5693924879054448,0.1056925288745119,0.1321876813523708,0.0852425454349962,0.10748475643267641,69.45823082567401,-0.2437303638480195,0.4949337420189467,-0.16428762695573718,91.67292750295869,2.6511151043984977
418,Car,0.06956795436902659,0.005492949259446702,0.8102513669809471,0.002138075343514552,0.11254965404706496,11.8701032284917,-1.4275651657219282,2.9066404669941988,50.6943314261855,97.02535687372216,-20.312430162465354
419,None,0.4296945039234886,0.038723933724124505,0.12417948907281552,0.24310763180983663,0.1642944414697346,97.82819642805845,-3.1480245756376117,0.05278782110973168,0.0009897901532276432,111.72918713093289,-3.498463558161248
420,Car,0.012660600598784183,0.03238930073128961,0.8072807562627742,0.13103443823720132,0.01663490416995065,42.9964592961499,-13.378920235950895,2.760241954922573,58.12741285644193,14.371027229788993,4.779394959406549
421,Pedestrian,0.8335350584770272,0.06209565307016294,0.007188849654666839,0.06102826170499644,0.03615217709314651,19.078294079840397,-0.005251464767930283,1.467428209987424,2.722537713280718,22.252844784095547,29.160148990189146
422,Cyclist,0.0551386710933407,0.8370860165334413,0.036378101050098005,0.047993371685288874,0.023403839637831034,39.90818351556179,-2.7653484378536937,1.2886574057409117,14.552454283274542,27.806672782633722,31.650076972833116
423,Cyclist,0.14215333652169165,0.7947929062279614,0.021908252298052037,0.01104523513047817,0.030100269821816846,28.021363994016856,-15.79995667584368,2.6223214574142664,15.268343388689178,10.620298450627308,12.210255568487142
424,None,0.1793318773934596,0.09527434878240254,0.5034202857474969,0.08238942566442307,0.13958406241221782,61.313479237921754,5.858045566592715,0.4021982234576009,-0.32817230978662093,85.36953676374975,-4.258273697150776
425,None,0.06271619989987318,0.3022424583586788,0.28155487705163773,0.27903739197173716,0.07444907271807309,71.6321240302018,-0.6383187962470664,0.4931778977528705,0.20814420119812715,82.18158642700602,3.4221008021026
426,Car,0.0,0.0,0.8263846938262125,0.1314087032426507,0.04220660293113678,15.995182407690633,1.429253019464607,2.343867088848501,35.953106745328874,19.770395483754807,6.083572913110046
427,Car,0.02352930001981007,0.006479217837190272,0.8487279052427749,0.10391785613874523,0.017345720761479506,72.00902332152823,-8.639682037457497,2.4085759206155295,67.82498495556244,20.398619379454914,-22.19437888697283
428,Pedestrian,0.8737135767534832,0.11814708489847972,0.0,0.0034104403750706462,0.004728897972966476,14.903752431529242,-1.292306374508059,0.600507811145273,,,
429,Car,0.020206728944863767,0.008896006885129423,0.7627452523566817,0.19779469624597057,0.010357315567354405,19.868374077160873,-4.006717135852837,1.5446179724707918,21.27518070107866,16.12828868670804,4.122913725244396
430,None,0.24704761083003585,0.36264406715070807,0.26476595065593894,0.03721804935968161,0.08832432200363559,86.79922443785398,-9.843101575187536,0.26961526366824157,-0.4675434273650636,104.13166042448069,1.6890010561861777
431,Car,0.0030574600325164987,0.0,0.803077625518024,0.1938649144494595,0.0,60.77674062768935,16.090390637260253,1.327842472740413,74.92645165051604,68.46276834308168,-19.01171063609017
432,None,0.32830567244606,0.09429079824305066,0.2838963853277056,0.21888200821717133,0.07462513576601239,57.91196313371068,-6.647714877067412,0.33094527735045015,-0.7558291566975346,84.507914417533,-4.276894252272085
433,None,0.3747965737261664,0.09282826048449734,0.1635881773108913,0.20237328703801039,0.16641370144043452,73.40304313977322,-5.338998029507689,0.2943218348580308,0.4961787314062529,106.65706456595652,0.8272147598377879
434,Cyclist,0.04720127242123723,0.9478513301368049,0.0,0.004947397441957958,0.0,26.176254368208507,9.725522865169733,1.6968495295794763,19.472943177551052,26.850060165158016,14.639138525696447
435,None,0.21423194105457155,0.10572856053647678,0.08838004486217108,0.1586023099178548,0.4330571436289258,58.71783538254358,5.831478178600557,0.47770708237304826,0.9048413895069125,112.95190461740137,-0.18948872523681715
436,Car,0.021242811482728486,0.0,0.9700393394384047,0.008717849078866718,0.0,26.46022163381293,2.5449309775093125,1.5912476194257261,,,
437,Car,0.0,0.047044070249820234,0.8288733367299713,0.07922826508284031,0.04485432793736809,23.28942638330228,9.148114301181243,2.0556006432942446,72.81571064803126,16.847115380384096,0.2898859596916865
438,Cyclist,0.11043569654585748,0.8670986409120884,0.011865244456659072,0.010600418085394983,0.0,16.166028960004756,-5.499172643179057,2.159844840574988,29.444694763720307,21.218389848355635,9.807414507305683
439,Truck,0.0,0.022186338890065008,0.06688505875348816,0.9000190745212908,0.010909527835156148,80.59406889462994,34.980487251485116,1.0699112465171874,50.90057890939561,96.5216361170665,25.46659749551354
440,None,0.3054582523227973,0.2536236529769182,0.11502019133946699,0.1335286070973296,0.192369296263488,82.89754140597071,4.354445094869828,0.27902448781474376,-0.6602342496783502,91.41190883560913,-2.173743940485069
441,Pedestrian,0.9143804976161158,0.0619071141945214,0.0031124339459679858,0.0,0.02059995424339464,19.831654308597358,10.838072523871807,2.3598046273959548,1.9090394579733765,18.078950568010633,25.061214037011638
442,Truck,0.0,0.026518626411376665,0.1918930134451822,0.7529743699308524,0.028613990212588668,36.96761273010808,18.624819571050367,2.4076929869120947,47.471811288924044,30.11579113036761,22.634990291621772
443,Truck,0.001473775559484947,0.0,0.16295086397246641,0.8355753604680488,0.0,12.4319231238975,-6.523019423054488,2.379162798570479,42.999785812911966,114.41033758349218,21.50772737941926
444,Truck,0.0,0.0,0.08992101534620146,0.9100789846537984,0.0,21.009407517746737,11.346312229734421,1.7623083064576295,30.50032639951869,104.89264022535647,-17.742607382894946
445,None,0.319281696786641,0.09645037805132776,0.1421507324807559,0.23151465945021818,0.21060253323105718,88.71302842162257,4.251558864945215,0.31747575788049087,0.8180818826284719,118.7813016614008,-3.2636068737458803
446,Truck,,,,,,11.491735059799053,0.6452233211745715,1.2236127786526043,40.27463102231368,54.57902696700556,7.166433888438901
447,None,0.11050099388624277,0.09620609420392594,0.07622341305152443,0.4617306961165682,0.2553388027417387,71.71183483056979,-2.253331582866151,0.4208458840485019,0.46843667905773767,110.29929298960477,-0.8079999272926557
448,Car,0.022846167344148086,0.01006641657794101,0.9202668760685466,0.0,0.04682054000936431,42.77268089129049,16.833452477831678,3.2656062416989595,50.16946582607201,92.58390656015256,9.069333019993485
449,Cyclist,0.021574198889769382,0.9258471332980049,0.028703528762831897,0.01208944536012004,0.011785693689273853,,,,18.890325517841664,34.0592574654316,-28.829872613630712
450,None,0.028960331095676233,0.3671835633066693,0.33649050191275987,0.21656736569822763,0.05079823798666692,51.82849061814791,-6.271723056673464,0.37338522230971455,0.33647403395468767,108.6753670238911,0.8118534273211351
451,Pedestrian,0.8365278463838832,0.14382458725642255,0.0,0.0,0.01964756635969407,21.899552397297814,-1.7644408236150178,2.2333906393320793,2.5185287621954444,12.330332939926748,-16.88021123985323
452,None,0.06736377571598241,0.20352410958288458,0.05912879594384605,0.25507645650816313,0.4149068622491239,59.88238905598077,-0.4073608760094629,0.44379449535942916,0.3630700004169416,93.5611419897564,0.714113930442343
453,None,0.6857297808370211,0.011273930722096915,0.146836245262386,0.11831896356378646,0.037841079614709484,52.21734309768006,-3.8315782234263995,0.33970427879756493,-0.12742128141261144,101.59792908885538,-3.024154141716817
454,Truck,0.0,0.0,0.03764729062410623,0.9623527093758937,0.0,35.07819706286723,4.527004971941763,1.4113322395284935,11.331095736850246,78.1890316498828,-2.599236910876975
455,Pedestrian,0.8450514249724367,0.09992632423816583,0.03042415441876761,0.0,0.024598096370629888,12.592545307798856,-3.4982034479583026,2.2650646340525964,,,
456,Pedestrian,0.8984252734937784,0.07809468689947917,0.0,0.015379380106708482,0.00810065950003399,13.00341658817497,3.8504813693935245,1.0204683908989252,3.207908344142014,29.19510743358317,-11.227244414177386
457,None,0.10206919134015723,0.267395075863805,0.19245820581983078,0.13291261778732527,0.30516490918888173,92.172022183237,-5.301028743332146,0.2212354634967592,0.19188319146140875,90.02177697085281,-1.6615793565661416
458,Pedestrian,0.7822916148233526,0.10878960819834621,0.019677345056683462,0.04700511799768296,0.04223631392393472,10.85233582854527,-0.754482116318109,2.250657181113718,5.153511650868011,7.731386661841254,-9.649212305726333
459,Pedestrian,,,,,,18.56697103968726,-0.7339331025953958,2.3003152652603425,5.022190380292484,19.359341079187935,19.828704196544493
460,Car,0.023517274646209046,0.02159192953862349,0.893803511633465,0.061087284181702395,0.0,8.29010630091253,3.6257848773517645,1.4583909269801199,41.13695362387988,58.147637302064226,17.765975229388435
461,Pedestrian,0.9708155166100259,0.0,0.0,0.029184483389974147,0.0,24.481905554709847,-9.435150694992005,0.6380378604201891,3.7290162512863834,28.862328777903894,10.296657733139128
462,None,0.053893957468010484,0.5991774746826168,0.0020035416594596255,0.24776582199574354,0.09715920419416951,66.30352511635617,-7.32883468273033,0.2446361129488041,,,
463,Car,0.0,0.0,0.8193463906037415,0.17584100301260838,0.004812606383650105,53.62438537650863,9.61979134918297,2.86573745191996,49.15779136296497,68.84794144658744,6.192918499107222
464,None,0.31608389342622284,0.371407591417116,0.0409434763962392,0.06051784381439688,0.21104719494602497,93.07821421249783,-6.719201058471739,0.012980509176960475,-0.4269052028923659,118.89039206966842,0.5851615316082501
465,None,0.09846944705565017,0.169870396400647,0.3614643165393486,0.2147401639076348,0.1554556760967194,64.58619435901804,-5.470706166452102,0.06456820203316715,0.42380748488261033,109.66643554872354,-0.005954386197553951
466,Pedestrian,0.8865538507105218,0.047114138399748276,0.027814235220131912,0.02709839935165982,0.011419376317938093,18.060013346270075,5.522437090241485,1.0980263966955717,5.477232504068496,29.10929486752274,30.24279680706448
467,None,0.08645472543022113,0.11307290197114374,0.37999300073157743,0.20450177983780915,0.2159775920292485,61.727205037402655,-6.144913562259209,0.28737784532770216,,,
468,Car,0.01443625223278126,0.041733097083401054,0.7386540137470727,0.20517663693674512,0.0,59.40511128796049,19.740030465963947,2.9336044934218313,79.24535510622425,10.783380027341696,-7.304710861970763
469,None,0.11158216784701518,0.138103006591482,0.11964463505098882,0.2875099126433713,0.3431602778671427,56.16278099754409,6.115276650860139,0.00462115729053908,-0.65117891356717,103.56155762433362,-2.4574759738545615
470,Car,0.0,0.04170635736280295,0.9296206401454731,0.02582500095885599,0.00284800153286803,7.632932268788853,-0.2793196313777661,1.803338686148864,46.91159001728858,76.42344332016827,-22.3561610128036
471,None,0.03393856392941493,0.10304564856778663,0.257740771279726,0.40250929139548686,0.20276572482758567,83.48615039155753,5.974982979040016,0.1285573315020725,-0.07986752208409809,111.29766540800773,-1.9074388952671448
472,None,0.14604664482729904,0.1964185264524667,0.1094982608397802,0.2090548709468933,0.33898169693356067,64.60884016910225,8.620571925551253,0.2764734467889462,0.1934777255598159,84.90960218698481,4.631146593848799
473,Car,0.007967340092134227,0.0,0.8572620105378832,0.1339397210676073,0.0008309283023753572,57.855042516841856,19.36876746613218,2.4004472324579784,31.259346070631093,14.09366523533302,-27.89460710156648
474,None,0.2118984103472473,0.30745583244129027,0.09014309434604528,0.1637782916221934,0.22672437124322387,,,,0.5384624070828754,108.90909112178508,4.639534253882871
475,None,0.0750620252433253,0.29015989896780536,0.06490100666242082,0.16753689550082643,0.4023401736256221,68.06213970205053,7.240354322600336,0.21216906989813783,-0.004123893208787477,95.95346459359023,2.503889270907016
476,Pedestrian,0.8359804492609071,0.07232061856432204,0.06430275132621,0.013285652115667868,0.014110528732893115,11.135666118271061,-3.5142289596286767,2.3682274905427545,3.838382752601262,13.261618051659935,6.857424004915725
477,Truck,0.0070184031527625495,0.0,0.06479772364530811,0.9281838732019294,0.0,20.81859807093918,9.871849954656787,1.07986761962793,52.470895263814604,64.09202989749147,19.86629281918021
478,None,0.4540190539277863,0.3454441876555999,0.0835371498655792,0.08467355468615428,0.032326053864880154,98.6078254767375,-5.704812000750559,0.09345598239528796,0.4955305542800643,91.26402440941006,-4.801200913027196
479,None,0.23028948461202847,0.2547844075590118,0.14070901306570185,0.2099582575060974,0.16425883725716034,62.4676155453351,6.339667616181387,0.055250675613845,0.20545960101520366,87.47638139308309,0.4203538550611814
480,Car,0.08270448628999029,0.030387801000710448,0.825804894746452,0.040434840223429636,0.02066797773941779,51.34883589742324,-22.892384109528756,2.5241750402183825,37.95718449680687,15.881973396445177,10.95054672757174
481,Truck,0.03622753905085279,0.017612442402735653,0.1346507500785404,0.8115092684678712,0.0,77.19220182465727,32.70722162081823,1.6459815933417463,54.021941443469565,29.021883843569846,-8.926118725908152
482,Car,0.03047117263439629,0.0,0.8332975885622776,0.051375268107673365,0.08485597069565284,39.80138483738948,13.631487667811593,1.0956876878014745,65.69113272765172,84.13106226264387,23.50694987024382
483,Pedestrian,0.7559899570769361,0.05329996375363163,0.0,0.09699569675360734,0.0937143824158251,4.540625571573391,-2.616891063850477,0.6973433370201307,5.222702790302496,28.496817484242328,-13.811252893674366
484,Car,0.0035905078130496373,0.019646531336509176,0.9285290324681544,0.028025465559480354,0.02020846282280657,24.325664479451166,12.296539743680853,1.2976335552130314,63.781942033379366,27.879659674413272,28.287130572898867
485,Cyclist,0.023831987447002344,0.7887203777915619,0.049044726027495864,0.07578292069295096,0.06261998804098885,26.010304931134048,-12.570840321819402,2.7609620841442917,10.302712146333668,22.05295130800254,15.976843574247528
486,Cyclist,,,,,,32.343878715633316,-15.25322333869547,1.3123903462360953,17.82275596596724,17.476536100934272,-12.028554939995956
487,Car,0.018169717501890538,0.0006942378924632383,0.902523328951233,0.06350358092817109,0.015109134726242276,38.06205605594109,-9.462019847173206,1.774971605966228,47.96009958458662,99.37841192002962,17.130398023271365
488,None,0.39958868122196467,0.053397263548172834,0.26230537667124687,0.053305028530926286,0.23140365002768945,96.33564226538866,-9.367699774575158,0.38669611231438616,-0.9236927881292456,97.19270792565527,-4.369248256570333
489,Truck,0.09987202364619047,0.1001519826614757,0.013461960059024265,0.7361370414389165,0.05037699219439306,62.786915214240516,15.903086257616474,2.1536743315847873,48.03823560842649,87.80895613040079,-27.233768001487963
490,Car,0.019176615619794245,0.0,0.894883957951296,0.08593942642890963,0.0,40.635142242532226,20.786083469924755,2.7660722050630997,31.33473432116379,20.680146777823243,13.730975017008042
491,Truck,0.0,0.013537889176544088,0.14845818748990444,0.8331648665187955,0.004839056814755897,50.868340918946835,-28.67137468238951,1.7492004627402131,46.92799409154758,34.854539828634955,-28.161170447553673
492,Car,0.027926566594159635,0.009562237429025225,0.7903051841096116,0.1722060118672036,0.0,71.94892966995783,19.453720289839396,1.2038847120235188,77.36553828322111,48.30069643506474,13.45476623032962
493,None,0.033065722404727264,0.3132817213020575,0.24804861883912255,0.10902768899389607,0.29657624846019653,67.68189315700552,0.4975443601116485,0.29982007203448313,0.3083366239838645,92.3099806643128,-3.7357377284497195
494,None,0.12329978714535618,0.26090882538247406,0.23703802781592068,0.10613834085881026,0.27261501879743877,76.09165242474249,-7.186091522785074,0.1098373389973537,-0.9150581790231773,98.50135941513201,-0.8105915791987242
495,Car,0.0,0.05392933203777932,0.8947672774033008,0.030465554388716225,0.02083783617020384,62.333247045817984,8.421764185722939,2.22295290101172,60.88001575782881,73.45515933478211,0.9571610441287614
496,None,0.1500344239487216,0.08108806115971567,0.051733263577949475,0.4947632127323203,0.22238103858129282,81.9361704408503,0.6446969535339591,0.3842052715570171,0.23571830812451178,111.47960333539301,-1.657366252207908
497,None,0.1521424784905,0.2552232284188634,0.3143908168985492,0.026445225296852615,0.25179825089523467,57.294462324164364,1.0607568797920237,0.3243609400774528,-0.0029102433374135206,115.02613550698344,-3.914368552971906
498,Cyclist,0.023149712035061637,0.8094039403371797,0.056738287345250646,0.04319506645643802,0.06751299382607007,28.279783297055545,14.422134460030987,1.7722542853018788,22.666005015351473,12.028271854456644,-13.626668458219203
499,Pedestrian,0.8741644156597055,0.08934194585054031,0.02087879422409369,8.08089470068989e-05,0.015534035318653551,16.893532402781943,-6.748224688427556,2.3073680509662986,3.328435311307893,11.662114889308635,25.470612396102638
500,None,0.18036758752842805,0.49381726717203184,0.19420546648406414,0.08866873546938915,0.042940943346086925,76.86040896974443,-1.2035852433351142,0.38594607316262725,0.21939091028996827,108.94985541631142,-4.749748984361334
501,None,0.08911160364006114,0.11066437620121815,0.22758391547213283,0.15452218577914162,0.4181179189074463,94.79173383450811,9.124523941523076,0.4397816188063906,-0.11078880152779824,110.99399386136396,2.3982163436559647
502,Pedestrian,0.9124739376483968,0.0575101252822574,0.0,0.0,0.03001593706934582,22.437964149139297,11.240088852616562,0.7431764579144297,4.298583798324952,20.993012666955682,28.05617525216034
503,Car,0.0,0.0,0.908382326634077,0.058520350615521445,0.03309732275040144,39.45699167501221,1.114843139575528,2.57243780487627,44.726271243979504,77.79376796335349,-22.472332792658346
504,None,0.061349056368972574,0.3637704498511641,0.31151773120513926,0.13023319448407744,0.1331295680906466,78.77376389431825,-7.53530663980392,0.3451053883497339,-0.9143253576220032,107.0316385451194,-0.8530984583421368
505,Car,0.014914510526020478,0.04085538502864531,0.7984886029007714,0.09728447388226709,0.048457027662295774,33.00352821157469,14.523812683620879,1.9137191495729085,25.193729957246827,80.6325507190342,-25.56703319273988
506,Pedestrian,0.8133273442945715,0.08210804973915313,0.04984353682929578,0.05021431474696318,0.004506754390016336,13.629312494290662,3.477913578317949,1.532792185331191,4.0382433135819005,17.69385831620395,-15.238119391448366
507,Truck,0.0,0.046223305400251394,0.06592791791867214,0.8725018718711158,0.015346904809960602,15.61776716415799,8.84874103904776,1.0214174999375212,37.705876074990336,26.796598063510597,19.24540073383992
508,None,0.3589434199896405,0.28169847449858404,0.15172932298036426,0.12160312277939977,0.08602565975201142,87.05535208148405,-4.818035892357775,0.17204988201486826,-0.2514710642985316,110.43206687024407,-0.47274573370060047
509,None,0.4215690904609158,0.30501756405514924,0.16926387089924774,0.0418393535726099,0.06231012101207734,75.19828899126968,-5.936799232715821,0.03377742172784354,0.9687626252372066,98.7418779916589,3.6734550470211254
510,Truck,0.020223146753216938,0.005179817001083559,0.06255297295893436,0.9120440632867651,0.0,84.05801768862754,-43.32253774947428,2.9208193638795783,33.60630887371957,105.78426282528139,-6.908509750994662
511,Truck,0.01891024319711719,0.02918922910161681,0.09537170290202877,0.8191675046876093,0.03736132011162774,27.5089561418943,-1.819819837237287,1.0207879105198787,10.786675033537957,77.65325511575988,-20.418188113111267
512,Pedestrian,0.8674547960941796,0.1051637615386325,0.00891178823538899,0.01846965413179888,0.0,21.18310813735166,-0.9701148129536372,1.4085946152505213,3.7687002206897664,21.864306190916412,-31.092470354901057
513,None,0.12299918700613156,0.10626485013846973,0.29187030596149166,0.2660653959943401,0.21280026089956688,59.56465871010536,-4.533408337506741,0.3201736731488685,0.7160273151366536,93.69527064036754,-2.3334034161179886
514,None,0.14109352290629623,0.11156528990404922,0.15495585448072102,0.4363385100387895,0.15604682267014403,72.07593482554326,0.5838019749313403,0.2246829358125753,-0.40282248742341475,86.35860376090523,-4.5265002267316055
515,Truck,0.014930288896897289,0.017045107180398148,0.03684650415485521,0.9311780997678494,0.0,11.538480770421918,-4.7826232730197695,1.361356576383461,37.106125957399406,117.30077163680059,-31.671788250510833
516,None,0.0281985141042156,0.5406915013654336,0.25310226549712805,0.139486052387331,0.03852166664589159,93.0351016271075,-8.04780003540585,0.12022278183795465,0.7316829508398843,117.55533260282269,4.927246195936279
517,Pedestrian,0.7881123051913225,0.03409763946798438,0.007422007052827217,0.0731334629100903,0.0972345853777754,16.252523241983052,-2.1364002862001428,1.6558392387645045,,,
518,Truck,0.03429831046220772,0.03587497567965713,0.13638769776276233,0.7491397544089224,0.04429926168645031,58.94014822337313,-2.2887002372091696,2.112637852704362,9.691618411175952,77.59448805342947,-9.645681720272854
519,Car,0.0,0.0,0.8248657652448187,0.17513423475518128,0.0,79.69734011997068,-12.169996454888375,2.838857923624073,33.10676942448269,66.43667928430574,-8.369210428233643
520,Pedestrian,0.8456995454445997,0.12589285748849016,0.0126954989250577,0.01571209814185234,0.0,23.69730915115602,6.305741353455329,0.7012623453114039,5.946790719090624,17.536577296005202,-24.794829041085798
521,Pedestrian,0.8385999048752153,0.08856228556351407,0.013661516292328387,0.05917629326894219,0.0,18.06630929070526,-10.026936993754777,1.5325854029032469,5.560121547864319,15.51558811643163,-11.594350871928835
522,Car,0.019227663538255363,0.0415449757156981,0.7649029164367076,0.117278017463333,0.05704642684600584,36.35538215534096,16.354621592746355,1.1459233717879778,51.872863867126746,71.49582414445422,6.154011861712141
523,Car,0.0,0.040987055572699,0.8120382591815337,0.1469746852457674,0.0,31.350332923377863,-6.017230765203585,2.3795598154343134,24.253620711687663,87.83117516281918,-9.899199579556056
524,Pedestrian,0.9247096675135171,0.006309546678640559,0.0,0.0,0.06898078580784228,16.52400037657067,-3.4388773212658594,1.3294240638864936,4.703252928724598,5.636451323457561,10.313426803483438
525,None,0.3057940720518617,0.200567014012311,0.21878398385712058,0.08846035497166996,0.18639457510703686,90.7536995341305,7.071004559166333,0.03863586313358852,0.3742450407196114,99.94345149564849,-3.093240532452085
526,Car,0.01922465766038137,0.0,0.808763808305481,0.1621677577230188,0.009843776311118664,61.572130971054655,-8.158692852471994,1.9961867755924705,47.59005749308498,16.672967535882833,-26.025188569706643
527,None,0.2166886834380759,0.22802954403830406,0.38481496249797453,0.09287631772631268,0.07759049229933275,62.18585660837631,-9.553101324674175,0.40435769844271985,-0.3863237385947633,84.0772762712228,-4.372784090986116
528,None,0.3382503707424069,0.1590780827980326,0.3207609931025167,0.08606527878437029,0.09584527457267367,58.3486936836277,1.5115425139684042,0.23166445077313652,0.5892535820535632,110.05229182608706,4.422611736585612
529,Cyclist,0.020253547306652693,0.8703418580563849,0.04184624584147538,0.026945385093381867,0.0406129637021051,13.940804560947656,-5.696616231076419,2.6928419627943336,26.36410859565022,14.781552643232818,-16.99958798018257
530,None,0.5143656394357831,0.324056565008468,0.13773260168504556,0.0,0.023845193870703413,,,,0.13077032019839185,83.84303902553424,3.3444995734776306
531,Car,,,,,,21.635910755388437,6.547628280936609,1.4895458466899432,41.39772548210543,36.999168664201896,-22.588232409084167
532,Pedestrian,0.8994518311035428,0.0,0.04433547119160848,0.04456794417288141,0.011644753531967336,22.40954274707612,-12.431325661851503,0.4919204903064278,1.7700632582000155,21.830345502767912,2.1467360258273667
533,None,0.3152981120853087,0.19630412500789393,0.231841537952236,0.1980040614787176,0.05855216347584373,53.56263426606825,8.44240871922436,0.025487017895830688,0.4460688617015913,95.7298585916815,-2.827665254075653
534,None,0.18132860214455404,0.2189859275533035,0.005116429584946448,0.13905546109955502,0.455513579617641,54.78317932094208,-9.241661118527333,0.22840816310315992,-0.3738336612972959,95.36640732369926,4.094771083678907
535,None,0.4160190479763191,0.15912426182743902,0.10211535015142593,0.15780819343078445,0.16493314661403155,,,,0.993525169972818,83.9580920674614,1.8264180144506073
536,Car,0.0,0.0,0.9033131043841086,0.08358912565962764,0.0130977699562638,29.905319173462807,12.414421168507575,1.2968142717470232,45.88838667110228,19.93400241571446,-24.732522403218724
537,Car,0.0,0.006555245310997259,0.860953678395242,0.13249107629376083,0.0,45.12024864055532,-11.546920590311977,1.0459507200799512,,,
538,Truck,0.0,0.0,0.1569935226720988,0.839219124988213,0.003787352339688374,85.01631283745161,-3.7368721814698604,1.0551270676999287,37.54332322809858,17.871789245069206,18.543966687684613
539,Car,0.0,0.0009976970091524848,0.9826485317192778,0.01635377127156978,0.0,20.095623503303987,3.9712165837901603,1.6985427688904164,55.63006402964928,35.080529513986,-8.373893311968224
540,Cyclist,0.00825797326812724,0.8971062222505904,0.08991314342163165,0.0,0.004722661059650722,32.26017534742165,9.709872715662504,2.75271046144027,10.74728506522708,16.261658646142298,24.923956548571812
541,Car,0.0,0.005270467480593655,0.8916268965060781,0.10310263601332825,0.0,55.31200829171524,28.09340623650699,1.275399595712731,49.77545049375047,58.53462673924806,-28.816554235004986
542,Car,0.01670248949197886,0.04928373551467433,0.8040648914692802,0.09153081565130473,0.03841806787276187,17.237815085380873,-6.2011610496344725,2.3565929621205974,56.852093375394254,45.46914186864129,26.230452910878753
543,None,0.2184032154528182,0.15770478396478116,0.24425358485858076,0.10436678238073098,0.2752716333430889,72.0574412523401,6.18037084533395,0.2526676604885717,0.4915026599685539,90.13876564971575,3.7569937294256555
544,Cyclist,0.059798859178422786,0.9104902149342318,0.02971092588734534,0.0,0.0,5.836061059772593,2.3236857497796826,1.7226848188598651,25.467905997455237,23.63591757481379,4.485720502741231
545,Car,0.03512223854261729,0.01253961580825146,0.8540037386186285,0.09833440703050275,0.0,65.04157212756486,27.045920515426133,1.1280857079466626,79.9628668445774,78.21094743095962,21.407996887452935
546,Truck,,,,,,49.25268280493857,-27.934980534546085,2.51941211242516,26.25458257153389,119.29716495579193,17.927515276387144
547,Cyclist,0.06996707147928974,0.834192650171149,0.03883169195875811,0.039596745629286126,0.017411840761517212,6.799399618989192,-2.1542178370880465,1.9347886083432013,29.635485640313938,22.252210316426865,-23.370371180202607
548,Truck,0.012546193073702763,0.012992023386942568,0.062282211856637265,0.9121795716827173,0.0,62.32779006362376,-6.94215728981951,1.8384166671378575,12.805904313548133,81.03577444644945,23.74377659444759
549,None,0.04335842017587405,0.05016539534920502,0.21398427621355698,0.4573543649354711,0.23513754332589276,52.81047789331111,2.6347235364682184,0.38232480579517863,0.5402233044605709,89.05130509174671,4.75398477605226
550,Pedestrian,0.9558591843073846,0.04414081569261546,0.0,0.0,0.0,8.094860797082996,1.8746832664887219,2.438064462040306,1.0610793011473496,28.78927291119571,-22.636536051234067
551,Pedestrian,0.9189027495185945,0.04889821155388344,0.0,0.0,0.032199038927522045,21.172028017029092,4.131646661452136,0.5826625549678037,6.695970322348099,23.26238371440025,-25.224706470031908
552,None,0.19421129507753074,0.36335732928860204,0.18293828950556013,0.15280380770274604,0.10668927842556095,90.40551733071717,-0.724250884892939,0.09040531751881764,,,
553,Car,0.03929060966774449,0.01208453137071744,0.7378868930249415,0.2014977443404977,0.00924022159609902,52.57491962741373,-5.78030451968073,1.5975001303221643,44.917102339851496,65.88156173963274,25.590550440521373
554,Truck,0.0,0.0,0.15173470979519774,0.8482652902048023,0.0,58.949536233131546,30.730626683161496,1.8097752636799984,27.270999853801456,67.29710652687919,-6.7135411395983065
555,Pedestrian,0.8908591677407333,0.04764469504505543,0.04625056705270834,0.01063133742840773,0.004614232733095151,11.498324475788554,-0.7794357400782285,0.5764396386554765,2.3339776963764116,8.888014110680306,-4.4723695839888045
556,Truck,0.0,0.027811179014297284,0.01196169000960185,0.9602271309761008,0.0,42.811708674730504,23.296743261531283,1.0595525809490811,53.95740174589444,107.839952551323,-13.225798313807024
557,None,0.16817452636015953,0.2587877664495933,0.07288433700087654,0.24987266372246078,0.2502807064669099,64.54398661221097,4.309019272982477,0.40296468307973277,-0.39875888028871587,106.44617078876372,1.955851743035442
558,None,,,,,,91.89128599618005,-6.607518139368551,0.3486790334168853,-0.8630936611479145,99.25974714197577,-3.3071378972721055
559,Cyclist,0.08265906148203217,0.8842426826233537,0.0,0.03309825589461413,0.0,38.373306276512224,0.3524923899713062,2.8854105565882016,11.596600241740806,19.971826509800408,-9.788762968818542
560,None,0.02197445960343794,0.13040424333831957,0.08173337854197277,0.12312096652920602,0.6427669519870637,55.57749536734286,-6.4459107760637195,0.39356143146972095,0.09038165818059296,102.17820911466558,1.3193296285144456
561,None,0.16277977863436827,0.2578213095060746,0.2801180806619532,0.0770768414657358,0.22220398973186814,99.59372723411555,-8.907569270219236,0.24552241088618865,-0.6804288757728592,95.32153401673048,-3.4445990849951267
562,None,0.3335352849038038,0.017101705302332633,0.23418394315560667,0.25902609098548807,0.15615297565276887,,,,0.009921837884335316,107.94393146908158,0.42946584571841306
563,None,0.40863975077303966,0.16252193292739278,0.19057525621515986,0.12151495416327986,0.11674810592112785,84.19901662800947,9.26786756739698,0.10756511321233958,0.20352888422093862,119.94591539736882,-2.9881585783334828
564,Car,0.0,0.0031298475320330754,0.9109300009912379,0.05585701274712129,0.030083138729607842,47.96425269760275,-0.8103310941666164,2.5129543960356724,55.13213169153896,54.55275726549516,-24.036460541552238
565,Car,,,,,,18.699639884987025,-10.233271016983373,2.53682606918802,56.76964592863232,91.39936723101586,16.56052663902725
566,None,0.19239513315254061,0.21786571571947067,0.18795307024331942,0.261711760184066,0.14007432070060322,58.76608391892996,5.652415781540185,0.3319050526251414,-0.03689320574548005,106.68006130723458,-4.202029534405426
567,Pedestrian,0.7772050028028207,0.09753826493736054,0.07387120183717627,0.0017015819064722518,0.04968394851617037,25.45311790227318,12.384423717186172,0.9666594675169756,3.010510337473365,15.58175070404765,9.854606815772469
568,Car,0.0,0.01936079649076046,0.819545820686691,0.1610933828225485,0.0,12.50561558579753,4.079715245647556,1.3985179123433094,48.31943392453932,71.89365800740774,13.256573676733215
569,None,0.22238789115618351,0.08456476014500947,0.01437850707660904,0.21093966620364718,0.46772917541855075,69.4218469276287,-1.2920473957680088,0.03678051448885811,-0.01137150389988073,103.53775310562092,-1.3717996952866853
570,None,0.17912320546536004,0.23136479773452026,0.07151123631072706,0.35879829932017365,0.1592024611692189,53.533409515403925,3.6356624242469078,0.3433583298024243,-0.2541357350598159,103.39646001087272,-4.878124489882575
571,Pedestrian,,,,,,18.364742812235725,6.735618444568829,1.90537777753646,1.3428375843323432,26.74910783468803,26.29831416102833
572,None,0.024886989441078707,0.44322685537711126,0.17289103751652582,0.2463559623647509,0.11263915530053338,64.85443265936203,-5.725576943559652,0.33344763543517114,0.8022624785723436,80.63782745813243,3.530406621165099
573,None,0.10266979417851888,0.04815298726160288,0.3382251957601932,0.17993672611549844,0.3310152966841864,68.10279250862457,8.707645214655724,0.43129462067068186,-0.6858822318017226,97.96351828674308,-1.4416962133233913
574,None,0.33694620391681007,0.2069448371282718,0.1723184195052217,0.08880965123485204,0.1949808882148444,63.366878120583216,-8.735513214987327,0.39772547908879374,-0.37011938863750093,86.55254654377262,-4.598522299712596
575,Car,0.052094696273009805,0.024623736417788356,0.8152626789234454,0.055475815244934126,0.05254307314082237,46.82818245887982,24.951841336382472,2.9451312040231086,73.80476939005149,92.5541334025094,8.515528671949292
576,Truck,0.02104711821464479,0.011824972692052255,0.16436863943278254,0.7725008005624386,0.03025846909808173,64.07756509205238,19.855032804056055,1.5781607688500299,58.40859689834152,16.995865528276784,-4.500329787440233
577,None,0.0850279606787866,0.2727658030077533,0.1653272159349152,0.3805102714516427,0.09636874892690224,64.88359896731518,-0.6221402898243227,0.01089447488112777,-0.3658224254517488,114.1505240800791,3.0263042160003373
578,Car,0.025612152069509314,0.026281784135153127,0.8739843735116475,0.05999296301281188,0.014128727270878074,11.33126501287479,0.9202303068826798,2.1464342627032043,32.1962454057486,12.373729134807306,-1.1978258404084534
579,Cyclist,0.13465043255196407,0.8443085216253918,0.0010851956816194212,0.011682758680020828,0.008273091461003837,23.85742370141485,2.9909529632630227,1.6259859272722854,29.043798021512337,21.196203259630295,5.916020923791196
580,None,0.2921209094573596,0.19994557637625457,0.15703154109470563,0.16321708261368584,0.18768489045799433,86.52660105026811,6.573898844880038,0.37297730895199976,-0.14606721161798153,116.08469234569111,1.5096857190746977
581,Pedestrian,0.8282530473942288,0.09413173914021909,0.003248244958581526,0.060909477822845226,0.013457490684125288,12.961253830778297,-1.186592176957294,2.080220636796291,6.079568548784316,19.516648121469256,14.89408343482199
582,None,0.4260242266404145,0.09646634858590901,0.08119160137222954,0.20897733363919405,0.18734048976225295,79.45473379082905,8.303874228491331,0.44913633224627675,0.33485601201397874,118.87656520502739,3.3247800003190893
583,Car,0.0,0.0,0.9127171753856882,0.013966687683210601,0.07331613693110114,52.74574665577248,-2.315852716143553,1.6742650331136149,47.47524973985406,22.900617718920216,-7.316650074844542
584,None,0.1615220936709938,0.06488135896788808,0.1479141841427385,0.5010696397723954,0.12461272344598424,80.70041695194686,-2.90550064104945,0.015363589825249768,0.8464517569724652,103.85519330809463,4.716506046194931
585,Truck,0.0,0.016209290275094993,0.11268013319334529,0.8502719419997572,0.020838634531802628,41.63040810650319,12.198756352899453,2.8152731078773696,40.48542094600733,10.463764052640812,13.528084220102963
586,None,0.03919093023337474,0.30491793231249736,0.2817130225904756,0.2360815937049223,0.13809652115873,62.38680820175579,-1.8264804241560562,0.25786805220718495,-0.7579024476553227,88.86436752956604,-1.203459841313268
587,Car,0.02643961431697419,0.013388343669074711,0.8747286077875515,0.08544343422639956,0.0,71.21355072286022,4.622541319533602,2.4242068198583744,53.073279340734175,15.32859487142531,-21.692991238141502
588,Truck,0.03545728149986582,0.0,0.11940525597520606,0.845137462524928,0.0,56.11441830765192,-13.937042868355574,2.4415674637681306,19.62493285171858,118.53365526409102,-27.804124481224008
589,Car,0.022521069881258796,0.022755303336595437,0.8759934678164095,0.06872084222831495,0.010009316737421224,33.75636791813786,-7.679213432693298,1.3540038636060807,,,
590,None,0.027277186334776632,0.12044640190186628,0.3980988503967027,0.34611314840724866,0.10806441295940575,87.68109402921795,7.307486241856488,0.43931079840378623,-0.1839716660034625,119.27232090871308,-1.2040635617756013
591,Cyclist,0.09584477531794046,0.8934708194645086,0.010684405217550846,0.0,0.0,20.633674519222353,-5.764432357638742,1.5959320919910955,22.46440259136394,37.23838457008911,-18.2989649082698
592,Car,0.01229607389171733,0.035028044687664524,0.8338685925328643,0.11687563540597437,0.0019316534817793187,15.5180140562307,0.20019382592074764,1.6467968166463691,38.78987247623678,57.39735768842972,23.34555941429103
593,None,0.10955295799233904,0.4899738470791634,0.04826043560605715,0.0765115612702217,0.27570119805221877,57.434219617834835,7.3566499346899334,0.1507720066444327,0.05228551937829273,114.0202641751278,4.31607495147661
594,Pedestrian,0.9270944035233519,0.0,0.05140025857916701,0.0166076109042086,0.004897726993272545,19.691732454933124,3.8825224020650104,1.4819490187639612,4.721565798864988,28.565964075408406,16.7194984944195
595,Car,0.0,0.011996890246111138,0.9282180933989319,0.013302658071833794,0.04648235828312319,65.56424278402838,31.982559548730812,3.0127809455364742,79.59425750306544,51.74592069124505,13.186788943435547
596,Pedestrian,0.8418083110913903,0.12216390654905279,0.009393879089657359,0.009329132732466442,0.01730477053743306,17.427206638388174,-7.770556104369492,1.9653513986538538,5.584986168575429,29.260958545401007,5.358811268809149
597,Pedestrian,0.8975611964431437,0.07316913810421409,0.0,0.029269665452642323,0.0,8.572612086189139,2.6111812781114514,1.9241138279794743,4.265515901535132,7.990917019854891,1.5120991680064702
598,Car,0.04090612416960335,0.0046373758615594314,0.7995179167261777,0.09831160491690562,0.05662697832575394,7.420169404800914,0.8531600069458595,2.9303460037780176,56.44747141260207,88.5291165062951,13.160260414996767
599,Pedestrian,0.848051444368286,0.06468194193286818,0.04323845385396267,0.020703163880847683,0.023324995964035623,29.594935095254833,-6.1006126939876735,1.01404866285932,4.117761972852175,6.765320750240221,22.189564404469596
600,Truck,0.00702593800173236,0.015606260954732621,0.09434568366527118,0.8577336396563805,0.025288477721883303,63.30277988530065,-14.365568123889094,2.0436530768937606,17.466853683361066,104.28677576137252,10.756896418982867
601,Pedestrian,0.8734451628914838,0.01309840255487276,0.036990769300455216,0.052197199420459084,0.02426846583272907,28.54571212293855,7.0662614988247965,0.537467506059857,3.0542393702122097,12.869303396968668,-8.481562551339195
602,None,,,,,,,,,0.9735511947711153,90.54793021804268,-3.73378878309227
603,None,,,,,,88.41379738997614,-1.9798036045406633,0.40806278682697694,0.6574885314569539,91.42634678331531,-3.148912695721547
604,None,,,,,,72.41194232776982,2.2156271215589456,0.1592815490629948,0.9429541405405477,117.73709465001133,-2.3401746062005815
605,None,0.2786254920990615,0.3035837915960738,0.07555666097510172,0.18884090521251035,0.15339315011725269,71.53367857412276,-7.706375152426597,0.35713173141092436,-0.6467531479508171,94.33291714357533,1.532902447594835
606,Cyclist,,,,,,38.21640411222083,-6.740154819665357,2.8778426387245113,24.488971505227717,39.68591431834324,4.13355633184737
607,Car,,,,,,68.7523681825086,35.69258296658048,1.4376096339317475,46.22593889911343,36.082342122919016,16.857361747037682
608,Truck,0.0,0.0,0.15463831770687228,0.8453616822931278,0.0,54.123750970525876,-6.553245085715914,1.1116848031126818,29.10954052409432,57.028587519103745,3.949784312484355
609,Pedestrian,0.7651083190299309,0.0932692534983235,0.06150727881475642,0.03927153900058677,0.040843609656402345,6.192431885206784,-0.6286329399306719,2.194413475825473,4.287332472150855,22.1412025414898,-0.40697675206125394
610,Car,0.04721417124063386,0.0,0.8073536560759002,0.13190495572640445,0.013527216957061274,26.210890241635614,12.924813994136784,1.1878374200603217,70.26366735224624,46.20218664520489,-8.197047783480112
611,Truck,0.07379457338385632,0.008378471294615544,0.10274006282789963,0.7750966951314257,0.03999019736220294,84.45982698235653,18.44405983885817,1.0716544583046943,41.554320992846655,93.93417019265536,11.679356382973856
612,None,0.5085068733732229,0.0947500952084433,0.05528504039847295,0.277518249641976,0.06393974137788479,73.7987984329873,-4.603247903642447,0.3576146448881491,0.3819483023031278,115.47735718836813,-0.4697598639879361
613,None,0.17160119653567518,0.37345433022390895,0.0864415519331202,0.2903438601450655,0.07815906116223016,56.927372122234715,-9.384941189805673,0.46718727019125067,0.6193046641409037,112.92839768722544,2.0870520054900297
614,None,0.44464397121874105,0.055440968087016075,0.03655166951425974,0.11725774647637495,0.34610564470360816,84.08642185275671,8.235490940482858,0.4127184578024992,-0.22443368510724215,89.5911895537619,-1.2757324882403176
615,None,0.4923888023268504,0.12410666282173682,0.08765133117420712,0.2135472744963135,0.08230592918089229,54.26070434508854,-9.069630073098626,0.2599176835775674,-0.809252384203945,96.95650349950529,4.151407395173948
616,None,0.11808253443984904,0.0076997850297803585,0.42861819609164387,0.2021018567709779,0.24349762766774888,61.384935671291295,7.918182774629816,0.17077561592755253,0.4535121147964718,92.18785360345157,-4.470335943902899
617,None,0.1889806688817286,0.3253095565217352,0.31057881335341175,0.05839626083863435,0.11673470040449005,71.98307661852954,9.67196657756308,0.28453659779503687,-0.4143742897904312,107.7424982388188,4.247395651994635
618,Pedestrian,0.8585595292717937,0.14144047072820634,0.0,0.0,0.0,6.390595986407158,1.7805112897685687,0.8136499067490065,4.256261378955425,19.59414100297247,18.486123052924658
619,None,0.14545951846581506,0.13295516474831898,0.1050879616917598,0.4358621728670708,0.18063518222703534,85.08773861292491,-2.638605895654025,0.3356670155515028,0.7052448749522338,86.88670581857804,-0.13714427648653515
620,None,0.30976056134024016,0.1560726013365727,0.19016747337827572,0.1242714477140887,0.21972791623082275,64.52516235993096,3.1940896429418366,0.049257536734266916,-0.7602282583519915,88.46461309397526,-3.2781147244423723
621,None,0.3428463848450309,0.22650244887955795,0.16153271802069266,0.09941826301742211,0.16970018523729632,70.71915846781383,2.5822628696086074,0.3911145002360617,,,
622,None,0.10750223727412563,0.18495256877698193,0.25900402685281343,0.1648266425517801,0.2837145245442989,57.389206673915886,4.911359034707022,0.3180682652140655,-0.6585358477739007,114.81310374818767,-0.8030507650040288
623,Truck,0.005459285031898205,0.0,0.09465130982173534,0.8840796551316593,0.01580975001470701,67.15850280473366,20.058396998472958,1.3112108988632074,43.456174375816566,94.72490207274349,1.2149170666269378
624,Cyclist,0.07988543581842542,0.8003789748056723,0.052688139119324455,0.025520022532706677,0.04152742772387123,37.429669294009976,-9.24376913728066,1.4585721025020986,12.3961949893153,10.146743108562749,-28.864207463257078
625,None,0.09507677356466154,0.33308679000694086,0.13255977284380224,0.2573598368326224,0.18191682675197288,88.10192316945376,0.4903788531161908,0.006581385715948795,0.46443512010572263,86.60594848439898,4.566600884242133
626,Car,0.02933676508048171,0.02242982370571974,0.7873538758301457,0.11808572668025519,0.04279380870339764,66.58686624156157,25.767383108054208,1.6806889482356095,62.62282877434155,96.26149447165324,3.453100896947164
627,Truck,0.0189435223168056,0.06378208157598467,0.04594583778954581,0.8457654721005986,0.02556308621706529,17.084092709980897,9.42919918354751,1.4586511808465255,32.253972416844434,27.379204431199668,-0.49535080771894896
628,None,0.33405681262093884,0.08686616688089496,0.2835596311378837,0.18066610158902346,0.11485128777125908,95.26754511635184,1.5237082501454484,0.28309554369870343,0.21544549567425264,103.03641869669585,-1.0314852965813603
629,None,0.26575201314824387,0.011532315516059547,0.3887157994580122,0.08297234165731286,0.25102753022037144,70.27357364434894,2.552134426641272,0.38492900283944675,0.07900718090001213,83.52937301142538,-0.8921825709056517
630,Car,0.0042400772134404095,0.0,0.8399502868710454,0.15580963591551417,0.0,35.064267667999154,18.216616009712716,1.6335415281197236,23.271491520671038,29.409850027552082,-6.665163706892424
631,Car,0.0,0.019766734863729474,0.8714074819921924,0.10882578314407815,0.0,7.786165273856736,3.504799691032734,2.7078994351109174,75.91483991650416,79.77839506405805,7.609319346168667
632,Truck,0.024543642645953156,0.06819011003649293,0.09518400935471208,0.8038923719673388,0.008189865995503032,34.81584700740892,7.491708556910567,1.2694354933493173,47.077269213614684,30.136219465600984,-21.57425776244847
633,Pedestrian,0.8204048156392084,0.12550088231191261,0.002956872416103364,0.043988465427646416,0.007148964205129104,8.208391171302916,4.122245787605443,1.5711206388507848,6.359708698586331,15.120645495120197,-14.701351260211009
634,None,0.029002588391596865,0.26029320453484533,0.2338465368372065,0.08354739121409248,0.39331027902225885,91.56881418571854,-0.195970828874664,0.12318569931399093,-0.7163003561615158,107.66517962395196,-1.6407871837609367
635,None,0.31047875726414037,0.12289183173928103,0.27349183863055687,0.14318925383662467,0.14994831852939702,75.29165898283011,9.320241922552107,0.47351569846171376,0.5956286451061197,87.05706786409606,2.216585494841574
636,Pedestrian,0.8454617872372698,0.03329735764469319,0.02402836420365334,0.03286457551568852,0.06434791539869505,16.3154338335657,-1.8433956691695967,2.198624405389199,1.8537457959442367,21.97508554151908,-23.368250181219487
637,None,0.18092850247039863,0.2093163020453942,0.15818611811052385,0.24987592434657846,0.20169315302710494,63.861250371094116,8.328258362008555,0.19396753783943466,,,
638,None,0.2764706518691494,0.09565627039734544,0.21587844953697616,0.011308939080584435,0.40068568911594454,94.2085329255443,5.754174617728376,0.31294510776941376,0.4013446896923196,113.74552051383178,0.948303773589867
639,None,0.043514517264228635,0.35770186083808725,0.0890880259066794,0.26540244787473655,0.24429314811626823,88.86142600008289,4.7277958010008945,0.4838935959667246,0.16144973228561144,107.67725678692369,3.900984241876701
640,None,0.15568233927980227,0.09000827334898893,0.29498391620187353,0.17506304090638325,0.284262430262952,97.69529997136428,-4.42874573100529,0.22194879299628273,0.3546431759229487,104.72149922247098,2.0556319036083712
641,None,0.10185672328127486,0.16996005536163203,0.29527689577918065,0.2701901157054971,0.16271620987241536,84.28383181668471,9.509639848955224,0.028694237303545367,-0.09708230799901885,95.3951784353726,2.8273484135702773
642,None,0.4330985627936276,0.03447792178422486,0.14734237705222467,0.242392463388161,0.14268867498176205,91.83586827373114,4.332125511301001,0.17508076598401634,0.8809754739384996,83.72383994172068,-1.9389603984238315
643,Car,0.0,0.02132550276379901,0.914295518834488,0.06437897840171299,0.0,36.054671731819326,-19.873447862730888,1.7414289231232007,53.779423748674965,100.9593025056979,9.93250649126389
644,None,0.09409564531495858,0.24969964014150894,0.1258543318210117,0.45631908880619326,0.07403129391632755,86.04776552418362,8.081634170826163,0.016910820859599607,0.3583108054792603,83.8065560032086,-0.893959328510876
645,Car,0.022684000851424014,0.013259723653086102,0.9432510210950418,0.01962995474254614,0.0011752996579018516,64.9856815855792,-7.552811916966335,2.5558972967060773,29.501870206859653,13.393533914742036,-17.869486742585647
646,None,,,,,,94.91365325550635,0.5408799365736208,0.42490113040117683,-0.5450837790541587,90.37519980884723,-1.1330850536121195
647,Car,0.0,0.07605022559591837,0.8423453800707914,0.029528610213406418,0.052075784119883756,9.31957571785984,-5.295710344758138,1.591099692346156,60.67578447433661,28.792417427239375,7.155083039596748
648,Car,0.012593869244217912,0.0,0.7883737872073495,0.13382074529470223,0.06521159825373037,19.876462765695972,-1.9789027667217043,1.8165979162989347,60.52969795997786,16.550532619779894,-22.170589360997724
649,Pedestrian,0.8754161983785761,0.06388158221277378,0.0,0.04940355302078495,0.011298666387865072,7.1508511719845425,-3.134473703738227,2.2143072982996577,4.509691284929532,8.034362231882234,22.37175654263929
650,Car,0.0,0.009384622449921713,0.8751339502600403,0.11548142729003796,0.0,27.80095012257409,-14.573496876950923,3.011081993796785,,,
651,Cyclist,0.11725467247170646,0.8727434743772976,0.0,0.010001853150995851,0.0,26.05637094783984,-5.947859230143742,1.0906021130583334,28.712266603339298,11.150029485836978,24.539509675346423
652,Car,0.0,0.05828761096966381,0.8559535781548027,0.05010131330880592,0.03565749756672758,6.614550332406016,-0.7780447201013303,1.1346609899816162,31.109730242627425,43.327041457354696,3.267985091242006
653,None,0.1764026542342384,0.18713285181565187,0.36614997675659644,0.03150437176700986,0.2388101454265034,,,,0.4918338759971126,105.70984138534452,-2.5047814241384767
654,Pedestrian,0.942757347464731,0.055858714111581706,0.0,0.0,0.001383938423687311,13.528527774949978,-4.4972373007344615,1.2402829479274124,5.587366066355043,28.03710468030586,8.406585362352772
655,Car,0.026713870753457627,0.037118179819359436,0.8663837644744873,0.0544837778793359,0.01530040707335979,,,,45.3146499015267,48.100501284250434,30.478246770437732
656,Cyclist,0.11871517362615373,0.8716595751196756,0.0,0.0,0.00962525125417064,31.119581025479285,7.121322735615032,2.8753738862141227,27.174500090397654,25.961286805921528,19.402994383633956
657,Pedestrian,0.8671920335944728,0.13280796640552728,0.0,0.0,0.0,11.150271501149641,-5.0722134113216475,2.273941076267156,3.7173536388343096,26.46048965022419,9.528571294131009
658,Truck,0.0,0.02129987999525253,0.17275884332691196,0.7939571824393611,0.01198409423847436,32.56743176805975,-14.788164352176816,1.042816951192342,57.8586703229155,16.999108706444805,18.147175244883826
659,None,0.32410499282118566,0.12489539204157361,0.3304833558637935,0.07170900557252531,0.1488072537009221,80.5153890770048,9.918132807726845,0.2977753506162429,0.5381229467623418,94.01270103489314,-1.2815069729604112
660,Car,0.008419892770306426,0.0026096448739292414,0.8260852765140293,0.16288518584173517,0.0,42.100231797718386,-6.086520660298402,2.11419408450747,72.47282414587549,21.22687533929356,-1.9842324407749181
661,None,0.20711377745955,0.21076627286943594,0.03503142795476696,0.22712506193530818,0.31996345978093893,76.0892383357443,-6.158047095972947,0.1330438679344748,0.24651795138559884,97.60132612016022,-1.0755515582307504
662,Cyclist,0.0,0.8876501058757136,0.04314809332564439,0.029079308168478202,0.04012249263016401,35.47037613697985,-3.82519403241261,1.709459234595086,12.856006255890634,7.00209896251349,-14.381144165901002
663,Cyclist,0.142145100715593,0.8329786281351714,0.024876271149235525,0.0,0.0,36.78851390495744,-3.3654808696175817,2.213256776620853,9.171821727780742,33.32964192625314,27.612300633456076
664,Pedestrian,0.7662927214946892,0.12330507892088567,0.02400774818981393,0.04148386978668161,0.04491058160792963,27.910753347047716,1.3656842873685524,1.9160878301536566,1.9492736390788457,10.560150353687884,29.963948133473217
665,None,0.048233066069032084,0.21535384694005782,0.1916335550768236,0.19768728299382407,0.34709224892026236,94.59849563878026,-2.634795235398391,0.3621813532816092,0.1821975985439852,99.27564925081758,4.779579469545045
666,Car,0.004795833083771857,0.016108335940693407,0.900940796948507,0.0721762661285687,0.005978767898458844,11.157179519347638,2.852935844654517,2.6852154881713526,29.906078610214667,16.37688423060822,-7.507148671412146
667,Cyclist,0.07487577222386063,0.7323860244755429,0.05997668240538931,0.07901831403609293,0.053743206859114205,6.733337917444881,-3.7042650292366703,1.7176899467359033,26.40391971277325,31.835969428136973,2.453006524110089
668,None,0.056132629444031905,0.0763563963393337,0.5128804719527559,0.16368402956896919,0.19094647269490936,97.57740568383699,-7.756028710588718,0.4167672835546286,-0.7076692923763255,91.88597274755966,-0.17638583535260466
669,Cyclist,0.11297308320316679,0.8422513028828366,0.03621192025367967,0.0,0.008563693660317133,10.479603007790804,4.018051479495219,2.763211310829725,14.072927070803944,20.335946956300177,9.581152371260329
670,Pedestrian,0.8588922294862978,0.06111489334619244,0.0,0.04060629643779952,0.03938658072971025,19.852900335962754,3.962688795820701,1.3716842469754682,2.740327918034671,14.401456537585684,-2.301018124331095
671,Pedestrian,0.9603686884372932,0.0,0.0004623239540204576,0.014971361500815347,0.024197626107870903,7.247465087968508,-3.6829351384063433,2.0696388749732066,3.4686953286417435,16.47986769109333,1.3498245726578104
672,Car,0.01954194070303896,0.038017592105291535,0.8053431154299143,0.11399129776438721,0.023106053997367985,34.46050297552424,-11.03134453285851,2.121741352446182,77.77029748442028,90.30488264768967,-14.911682479484488
673,Car,0.0,0.0,0.8220588386791479,0.1779411613208521,0.0,22.50698836104229,-12.630392569687375,2.1982950974236273,75.48932215631555,65.10348333585634,-25.569647707551603
674,None,0.26568695754081145,0.13541493906170785,0.22281907908348716,0.08580464455897385,0.29027437975501963,65.82510699551455,5.509915032721562,0.46516571659822753,0.611168498287255,99.93630170852819,-1.0342143868842268
675,Truck,0.022925297992909804,0.015252731233439981,0.14435058275459495,0.8027351086971,0.01473627932195513,18.26335643521551,8.1258718779776,2.9961802584994897,44.2608953971865,13.980173991919344,-22.060235625187563
676,Pedestrian,0.8424000993761175,0.1469584350572885,0.002298128092312186,0.0,0.008343337474281759,7.086860047831043,-1.0891685173682724,1.3603737631255606,3.10367912755794,17.676872839762865,-25.38147981125615
677,None,0.31850776998113717,0.17168630849827773,0.08103761607376256,0.16143996942735747,0.26732833601946504,93.5120829123501,5.695464062847686,0.2653186283328261,0.41953456788310706,94.51314898907495,-4.143496060845898
678,Car,0.049329743388923215,0.017486041417399494,0.748617959276873,0.15980025193460295,0.024766003982201374,56.921499887089034,18.745631618345854,1.5664915424915309,28.861193087408342,17.887441300891645,6.7552612339852685
679,Car,0.0,0.014365957740352979,0.8002709608382521,0.175222639785111,0.010140441636283913,15.513389568691197,-7.185706975506149,2.427159777522002,39.569535380256205,83.2082620769407,3.533200855549905
680,None,0.3346337665132393,0.1325530376318969,0.10845838247982187,0.27202549963442246,0.15232931374061948,58.61324071778941,4.599966219799407,0.09225599779935578,0.3265612737156365,99.2835737809792,2.385710386348938
681,Pedestrian,0.9545467832084562,0.011853420731540568,0.017792022495217025,0.010202045796193845,0.0056057277685924,13.006082391339472,-2.450386633176208,1.206115558470352,1.6059448328895678,5.719954173798709,-17.03952346554334
682,Pedestrian,0.9062864595575996,0.07109117321476735,0.0,0.02262236722763316,0.0,24.476387759376262,-13.017059592821782,2.128589805113697,6.141660520710198,11.710707424713009,-22.52965774042579
683,None,0.09183683748941307,0.1647463153213948,0.33389505249404505,0.05118012252825816,0.358341672166889,84.82653968021111,0.14427363356179512,0.12061156255469835,-0.8315730918586259,100.99561131020602,-2.9110896575659506
684,Truck,0.027893392306127834,0.042453410241470126,0.1695532607769182,0.7600999366754838,0.0,15.909589594221996,6.758554684030493,2.7295043646151043,52.2813950496479,64.69931300934832,14.013838355532696
685,Car,,,,,,66.80244064090708,-13.339484894539114,1.0973436742660407,65.80471026358089,39.48739618980547,19.550514903143245
686,None,0.27971595835553426,0.06903322686953707,0.07838923869812826,0.48898815510129745,0.08387342097550296,63.612717969223304,-0.9146451359475485,0.40356641435583684,,,
687,Pedestrian,0.9024624336984629,0.027076377565120248,0.05374934608960998,0.010846915467041118,0.005864927179765845,19.998582490143733,-10.330883216663993,0.6585719767054041,2.770810085228763,25.007890630329154,-0.16526294498746852
688,None,0.32187829416615293,0.0876672076842195,0.13789563530455207,0.11225866222005851,0.34030020062501687,90.86471307943273,3.0317180453561043,0.21197475363707508,-0.85992954933767,101.42073457842868,4.903260945268656
689,Car,0.0,0.0,0.8334428149955713,0.1654153009495402,0.0011418840548887233,64.08177188432141,-7.372099298324642,2.612577148402936,46.71378016980936,66.01603144265904,-25.553187624116664
690,Truck,0.0,0.0019387591753911215,0.03757808076586817,0.9604831600587408,0.0,34.87581518005091,13.034583259398577,1.0410717806118368,21.577551146057395,34.70112721545987,20.891628883206614
691,None,0.24180359607226035,0.12826038603363804,0.14876943477670507,0.3715663402975814,0.10960024281981516,76.88153383017725,6.663816088712931,0.1617736791483254,,,
692,None,0.09673708310553655,0.31410548481910844,0.2542325746439267,0.14425948306137218,0.19066537437005626,87.90692307546439,-9.32539785084562,0.2755823007368263,0.9624892013647814,91.27010313366962,-0.5860090891964456
693,None,0.2691328080968474,0.1724750517210161,0.2787213325185481,0.16193861397613277,0.11773219368745565,75.58974971377093,-9.949564765943599,0.18752947205655313,-0.1676246781326085,111.60107046569138,-0.6128845111619956
694,Truck,0.0,0.0,0.14695836405461848,0.8530416359453816,0.0,92.02536928326433,7.067801742751935,2.6561283403479337,52.180868911492496,78.45690206018911,13.244776129889013
695,None,0.23089318603524311,0.05888848675332674,0.25977763733818265,0.0749210717666634,0.37551961810658413,76.80124804885254,0.29877359174619755,0.021009295633179825,-0.9851593842386996,116.52976903134535,-0.9161333998229937
696,None,0.5798669117114457,0.038494553185727275,0.2734955680415388,0.04320494171843863,0.06493802534284973,81.2511499465746,2.4563784571639466,0.07356017253379232,-0.22786413309654852,97.70148863109173,0.23600573059237373
697,Car,0.008280918180130915,0.0,0.777115281883081,0.19453075466554745,0.020073045271240632,9.041273996668082,-0.5117427868402766,2.602958015383339,25.026275606476528,87.66780397929911,-1.9924059678083232
698,Cyclist,0.0,0.9764796863537256,0.010689505257368559,0.009631889140469965,0.0031989192484358784,19.60630424526149,-0.29521876925450374,1.166130140025504,14.694102857632311,14.599820316506767,-18.264992612665218
699,None,0.10274386404127706,0.4233121999079438,0.11865238142630478,0.14806933848087214,0.2072222161436023,,,,0.4989910109233513,105.62765070466803,-4.373278652980341
700,Pedestrian,0.8463353333829124,0.11965343856833566,0.024611313830117873,0.0,0.009399914218634038,14.517050722818025,4.316280618003036,1.309435124809629,3.4470395347277973,18.671082683567803,10.772383231374246
701,Pedestrian,0.8110954137906607,0.17375181846376606,0.001299288734158817,0.0,0.01385347901141412,10.45187438031887,-0.6092375485557568,2.271161227366399,5.23472220496236,15.97945047076733,12.729882202538523
702,None,0.267553448929972,0.16885842927191436,0.12123037417234454,0.2941763837789099,0.14818136384685918,,,,0.8619458284856887,117.96510723665625,4.4915305334805105
703,None,0.18835990163056557,0.3551071552703092,0.15601008635547375,0.21543700937108837,0.08508584737256317,68.71913923573094,-5.834643574648619,0.3601601066430167,-0.7227970038035965,99.47317711749685,-2.512843180211375
704,None,0.0,0.13909744112442493,0.47906759690730955,0.047694529717197044,0.33414043225106854,51.98306524871352,-4.549012098767092,0.20036762755684184,0.08739271695028372,90.99964519159676,0.23041334614872344
705,Car,0.0,0.0,0.889422273469274,0.11057772653072598,0.0,53.027122310876585,30.299851054009462,2.2416767360279675,53.11751182123961,32.74226339685468,-5.408502175728143
706,None,0.3388757372700371,0.07822007252289946,0.16323472609561282,0.22965068277819184,0.19001878133325864,51.837343831177705,-4.79129533152995,0.1065614000527792,0.19773995445368286,110.5473240179891,4.5682603774928054
707,None,0.10060702720478971,0.10825718256749521,0.28782292531736303,0.448271728420678,0.055041136489674077,68.01368598665053,-5.291063488966712,0.4656898596354767,0.2765512388402893,85.47133375682077,-3.5509115959382695
708,None,0.3780056124541276,0.05513129987242985,0.22469806877673695,0.2627803876813083,0.07938463121539738,68.38873360771318,3.720334719599098,0.30130813846734544,0.7808329483100758,80.12669256553602,-2.1788839389640238
709,Cyclist,0.07543818113485147,0.8920004016263705,0.0,0.03256141723877817,0.0,32.66963531299998,-16.38540668155142,2.747838628290168,29.343500692042472,14.38165435435213,6.51616498015646
710,Car,,,,,,69.23413653786736,31.84941330388491,1.9690896366205117,61.2748174162584,35.04606999590824,-1.0337918342493304
711,Truck,0.007901585744032451,0.014691563920535312,0.11712223464139802,0.782396903369861,0.07788771232417327,79.28101529113214,-41.021133237546856,2.8127118070610075,51.76281229056406,84.23877335846078,-20.32689786702697
712,Cyclist,0.1304723224992379,0.809777047698476,0.0,0.004702104458512894,0.05504852534377314,30.110638959214846,1.8581350896774174,1.4666438438473426,16.397539146863355,37.859960695863094,24.11440202212405
713,None,0.0992025487407216,0.13319165120588516,0.29267234935292186,0.3410692696139823,0.13386418108648906,84.78114014291238,8.894602566520604,0.15827539973881194,0.7094491882368712,85.99419682341177,4.459278612960757
714,None,0.4069594005887561,0.053558741181423265,0.23190875303587336,0.17995432259288086,0.1276187826010664,53.92556091053719,6.50429989809146,0.273710025936528,-0.014291322190126188,107.91212339621114,-4.659021383332468
715,Pedestrian,0.8654328134989534,0.016095714927455852,0.0693697595520711,0.014029447471105076,0.035072264550414504,5.692787930759373,-2.1029433999783276,1.7778476031656791,2.167961484112643,12.418843638797425,6.5516501640678735
716,Truck,0.03621112051008202,0.0,0.19204742636849995,0.771741453121418,0.0,23.284225859939625,6.704929895269114,1.5649606447538529,59.681217502448234,104.90374005849478,18.599295840709086
717,Car,0.0006460493484531701,0.0,0.848161554390152,0.11062762217097849,0.04056477409041638,51.217265652096906,-8.409594527228446,1.6632273996545177,22.61675885319062,16.9535432736065,-16.5344654635828
718,Car,0.03959691488892491,0.0,0.8849854810904426,0.07541760402063248,0.0,5.418391481546436,1.7403847512427602,1.1110003886897548,24.552391897851496,47.738689904926964,4.346873349677079
719,Pedestrian,0.9119062470573054,0.02872553454642782,0.0,0.040258701085226826,0.019109517311039936,23.721951763505704,9.08241355120885,1.2097417197587466,,,
720,None,0.38291715323147546,0.3112768482345443,0.22407192532598733,0.03191022530775188,0.049823847900240914,66.23344389467292,-0.85360087578578,0.10783157990870695,0.17230064832605274,117.78253054329011,0.7459624970432959
721,Cyclist,,,,,,13.76640677533389,6.781144462724965,1.5526178509182762,26.64317056896048,12.180228258312802,24.195291681845365
722,Cyclist,0.14786991149610557,0.7711691025695108,0.05927546198672499,0.021685523947658592,0.0,36.04067783168948,16.461989706006285,2.67792351018111,23.49538124640269,13.920145668200524,24.291867681891567
723,Pedestrian,0.8893386024746829,0.11066139752531709,0.0,0.0,0.0,21.372032405296515,-12.426711777688872,0.7664115141742162,2.7079887858028404,11.721539589311098,2.85997810338714
724,Pedestrian,0.8002374947132569,0.16114086125930846,0.0,0.0,0.038621644027434815,10.045153358575332,-2.314901485698221,1.9302684664273133,5.3548727611546605,23.552585515644054,-6.5997522275671905
725,Cyclist,0.04671540868772408,0.9143491098121427,0.01581492516263007,0.017212328220348898,0.005908228117154189,8.513640105232247,-3.5166872135787597,2.919696290381718,30.166155439240036,26.625504401058738,4.5294836856542595
726,Pedestrian,0.8486310894378463,0.05790011502458054,0.023395084695550714,0.027340175207108852,0.042733535634913646,20.81591590684532,4.163157698870274,0.516014973138267,3.467454341127293,18.90735011449508,8.323300790661573
727,None,0.17561191902128245,0.2374640066026034,0.06376733600025526,0.5231567383758589,0.0,53.410311737136276,-8.434054660261905,0.2780850340248767,-0.5771739684481918,109.80880506766073,1.4626337704072743
728,Cyclist,0.0,0.9446808996543817,0.024617204175174656,0.02406294718695451,0.006638948983488996,5.156480304390252,2.00877679391339,2.448527861136749,20.90680819510741,15.098525621434776,29.773672945361092
729,Car,0.02861004009903604,0.001034250019368919,0.8559262414108063,0.11442946847078893,0.0,26.299206349363303,-8.0762116629877,2.1076610481501055,48.151655150103835,42.030165886990126,-8.839302240389634
730,Car,0.017274397003516552,0.04059231497651653,0.7627636920200125,0.15918809386578744,0.02018150213416685,58.81511527214879,14.071791743318308,2.499717598464473,75.55854124802819,11.787410466629847,-8.950340976058767
731,Truck,0.012034763886750543,0.02132445887183545,0.06003441780194167,0.8751936988069592,0.03141266063251315,65.28420859191839,33.304255592719294,2.606533261464492,18.891181516200977,109.80823232903622,-11.269477973516029
732,None,0.1040865332843241,0.1925071147532348,0.4730560240024694,0.013270043131811465,0.21708028482816044,95.93822718471131,-7.787884961186711,0.4333913935578285,-0.9218876423671218,98.57904582869352,3.174495144763007
733,Car,0.018683229512589133,0.0383112083964613,0.857819644624334,0.05651946018168725,0.02866645728492836,36.290867577071566,-8.486905009562284,1.2123433230684233,65.66938728580149,25.70174444387743,-3.126420077679348
734,Cyclist,0.06240171166103184,0.8180426490551058,0.0,0.07248590009227915,0.047069739191583075,23.048812624145803,-9.072369584129673,1.097913617911782,14.73471622036094,26.495683899888153,-24.207788250134936
735,None,,,,,,50.7870305558359,-0.45987747284541847,0.047769822748655266,0.6935343990533271,102.8411356500181,1.3363243726611342
736,None,0.15618358469310584,0.2931799804622752,0.26294492965817834,0.26473922549640966,0.02295227969003087,60.939437290379175,5.168934000151513,0.04353235165648356,-0.9801535856738242,118.74949955578985,2.5156363177690935
737,Car,0.0,0.041690814914429566,0.7759425121622615,0.11757550860598547,0.06479116431732347,29.075977869513203,12.716310039801375,1.151093620557169,61.967031905267035,83.82486958927348,7.57791011247876
738,None,0.05089831748903179,0.2649597564311214,0.15121145439824485,0.2173452983742888,0.3155851733073132,69.67333593701396,6.914504658242443,0.023477019616200745,-0.5864682811325987,91.44483631295148,-0.067851564044064
739,Truck,0.04703320881629974,0.024172866028608905,0.07128163067476807,0.8461100364279781,0.01140225805234515,57.10599114821676,-2.7468989415051763,1.741475133788128,11.58654344872311,41.69743411883468,-9.968708417718672
740,Pedestrian,0.8731770467678417,0.12682295323215836,0.0,0.0,0.0,13.880361085961736,1.3846652219006885,2.385072777796682,5.774228230184372,22.702460743430148,-2.6835378142247044
741,Pedestrian,0.7337861443559277,0.1451075955172067,0.051298623168812306,0.024453007153959157,0.045354629804094014,10.829427105706323,3.9836323924781505,2.308459555309482,3.289363508674021,14.92970982935297,3.0480748416081536
742,Pedestrian,0.9026049386161452,0.04164413561395874,0.0,0.03803806543177155,0.017712860338124508,20.545284354199577,5.424223371346926,0.9446181759688904,6.825538185214211,24.32214253779646,24.45163612709085
743,None,0.04564574456790606,0.1580627469080622,0.6662264403558195,0.10141766844815198,0.028647399720060404,75.78209337003912,8.52942409119316,0.26053984805200825,0.018457627696222056,84.63408153205471,-0.29528748924969594
744,Truck,0.019628306241736723,0.016042239572680462,0.13129273851986656,0.8286199601666326,0.004416755499083513,46.15920388418494,7.439653724035113,2.426019343591164,13.380146313882623,117.48228417695438,24.19152396824395
745,Car,0.007041081156430378,0.025306699072908348,0.8514984490936977,0.11412043303199218,0.002033337644971445,53.778252835135056,25.556665921604004,2.4769772531317704,47.60885194833158,16.758652238686693,13.78051650913129
746,None,0.2784711599414293,0.22010300659022872,0.16441739827635737,0.12454212927144999,0.2124663059205347,92.83819437697315,2.194036643030879,0.4538799956202363,-0.6577551560388668,116.54250223357212,1.8162749835977676
747,None,0.1178286878991901,0.08067674316874418,0.4294742742878354,0.12958849123084787,0.24243180341338247,79.47921438766753,2.076344379365434,0.1459880043327822,0.8301998152157255,95.6827221220949,-0.6570823056970285
748,None,0.028174549225094096,0.04890442365457,0.45828968345266385,0.08841203372675208,0.3762193099409199,95.3473001574332,1.327636012204147,0.3998930957300531,0.4111364041511334,102.93303055556254,-4.625140528746598
749,Truck,0.0,0.0,0.07537642466226988,0.9207668055305686,0.0038567698071614903,70.46960419295945,38.707867988157325,1.2489237908856048,56.58206552100703,89.16925955372453,1.1625718558333775
750,None,0.5789707083532583,0.17548242952956367,0.1452088791896777,0.0,0.10033798292750032,84.3095750242301,4.364840525442409,0.13744254580369974,0.709070400603359,116.82700384958522,-3.3878758608163007
751,None,0.1402484363237927,0.30593494549736305,0.1682299374583936,0.34850507327680214,0.03708160744364838,70.83616405680004,5.7852599398257,0.2124195990546352,0.7240617485870195,103.8731288546096,0.9151021976900173
752,None,0.16846809569853527,0.3103452141166458,0.13906963274399753,0.2019043187412755,0.18021273869954593,90.61976208730235,6.743511672789754,0.0075864920859173846,0.5561804476974814,110.71869986031601,-4.184752690714138
753,None,0.3388767740692027,0.05678381954330518,0.12654626524953927,0.22934324919380308,0.24844989194414976,80.07464764874706,5.506579619068514,0.22770140177483217,0.43309813604658376,118.42369151424717,-3.349626694799166
754,Car,0.004707916882504792,0.0003669702014881735,0.901932685040291,0.09020208193598794,0.002790345939728119,21.540930056492318,-2.0547640654381665,1.2418046189359193,65.69864514680059,67.55629306868708,-9.116401557893372
755,Car,0.008666478884652733,0.0,0.7926584713216941,0.19867504979365302,0.0,33.58330841549406,4.47864082485015,1.479014289813143,51.57449727941055,52.9931120266547,-11.76361469816204
756,None,0.11677833059377037,0.31794474859881217,0.2933480122786847,0.17358335439623848,0.09834555413249434,89.26337805044432,-8.299350929961255,0.2913825567217722,,,
757,None,0.12015808932147092,0.11900822472193953,0.330703941130293,0.17083123331841968,0.25929851150787675,77.26310636234287,2.3058823817708056,0.4667057147758756,0.14418921345634717,91.90445698885705,4.9711363401273925
758,Car,0.016875656484152516,0.017695943090904335,0.8414658249686338,0.09644301825381602,0.027519557202493338,12.800433482440082,4.728518121949285,1.9713215960986388,,,
759,None,0.09086958054415192,0.40992930061879645,0.05696875929392403,0.05690441832790056,0.38532794121522707,75.1118986844114,-9.66138499484684,0.4500484057315589,-0.6516646381577573,96.53092709515477,2.705489806935679
760,None,0.39568055188658685,0.09153240382453931,0.23408675090161596,0.04520547693275551,0.23349481645450249,71.90687856847833,-7.371892563890725,0.4938495963805413,0.17066108378012412,111.17572216976887,4.206160842256455
761,None,0.19937260624454062,0.05604436356732158,0.2055214353826003,0.3839779444412937,0.1550836503642439,50.54534976588974,-9.884934753533974,0.25243840071779977,-0.673271956198179,99.78078251881138,-0.8833889483001354
762,Pedestrian,0.9121342482538768,0.07397302472205312,0.0,0.013892727024070042,0.0,6.987553816401374,0.19656956625198102,2.0949778444177163,1.184479353768381,28.21910923355649,12.507697952461118
763,Truck,0.05953596816329076,0.015753588452766785,0.0,0.8371567323656571,0.08755371101828537,68.92590887078815,30.524515656004212,1.3783073473493266,52.71468597353925,94.7943004379701,2.2265784378292213
764,None,0.20219040818329423,0.22694604061240156,0.1945933658718145,0.17948085016537046,0.19678933516711938,83.88682997903916,-6.2550610212255275,0.34017609607594573,0.5911505477852639,81.47343268413213,1.6798263782939449
765,None,0.0812672256943634,0.05867485073769866,0.29367802136667137,0.4620040580645997,0.10437584413666684,81.02763292974406,3.3193123661406645,0.390914637571656,-0.390373730771129,97.93345365832722,-1.3515893876172647
766,None,0.13754855927073434,0.09689360351009152,0.25850807377108354,0.10559993721298569,0.4014498262351048,58.90843080114192,1.7420671012607478,0.47057247360193993,0.22267269390590605,109.45758568453076,-1.6679576787414097
767,None,,,,,,81.51190785530808,-1.2685775338281786,0.2283144945755708,0.09521597216935351,115.42487293835788,2.1280559239169037
768,None,0.3247122314696039,0.15353282594516066,0.06196811553380845,0.32392484126455773,0.1358619857868692,83.45477224276286,-3.4489647031847603,0.20469341840822458,0.9585999948348105,99.88011890041267,4.960769157965979
769,Cyclist,0.030045373270170574,0.8197123133914946,0.050613527178533325,0.06468594134472984,0.03494284481507152,27.34462505431618,-15.959731578122936,1.9883806375425432,23.365666056960393,14.916305027698982,-5.216137212684649
770,None,0.22834342042078995,0.36952096221630854,0.2229641380840492,0.12893173166983607,0.05023974760901629,92.73416040464343,4.646981392957958,0.03965123737669318,-0.37622463157010455,84.65630745859278,-0.4310092908550942
771,Truck,0.0,0.0,0.11899292489721504,0.881007075102785,0.0,38.2328280195015,-8.790833483277323,2.3739809985111746,51.601531595803095,37.8000401885713,-4.974007532144645
772,None,0.2172297881204008,0.17711827264001329,0.10691387780205781,0.23359473868527453,0.26514332275225355,95.30803172659466,8.254532521767953,0.027381888762912754,-0.509761885655313,90.202378098779,-4.051108247607489
773,Truck,0.0,0.0,0.11087242786367284,0.8855375544287044,0.003590017707622805,19.55145120259685,-0.7502506388850734,1.4150819645517474,40.43082359832392,62.29939948394311,-5.913707902868612
774,None,0.047082702673466724,0.25504302271744256,0.22171558726389337,0.29836308331135364,0.17779560403384362,95.88629045456179,-2.816592976604202,0.4281134708815416,-0.0009964600020904157,97.87752149460353,2.610206042154468
775,Car,0.0,0.031960841527343097,0.8700250602761167,0.07300890064115256,0.02500519755538774,,,,68.34148405466644,56.992005121073,11.070852367081319
776,None,0.25561475013754853,0.048591568090552685,0.23063786321187787,0.09076643752524008,0.37438938103478103,69.87176361935379,-2.3209309423315583,0.32889813251287464,0.47124830043501786,81.71547039357644,-3.0940969887917404
777,Pedestrian,,,,,,12.241767396496686,1.4309292210265396,1.2440279947143786,1.252038993111819,20.40269831261725,-4.299100765310297
778,None,0.24586827432428968,0.15049750857586786,0.31675536224449086,0.22880232492915484,0.05807652992619683,88.95224350987161,2.2500075571561684,0.039477413465784095,0.4171231371639008,111.02272591237727,-3.7544461160051066
779,Car,0.0,0.01146984237932795,0.9343839780690686,0.054146179551603384,0.0,58.50312658548954,-27.283668767185258,1.7319270927694368,61.41626536079372,64.61406587607092,28.84904745364227
780,Pedestrian,0.834205172153398,0.09187709455383963,0.015086491151715566,0.013343070832075274,0.045488171308971696,23.04905039654266,-9.578190725838885,1.2291680143844916,4.476217470875481,14.649065996336834,18.745606837458173
781,Truck,0.0008159039399602427,0.007887799388202818,0.054398521509357166,0.9300450465445024,0.006852728617977444,8.576701139580132,-3.783905915699839,2.637895290426542,37.28472715604244,103.27514572576521,-24.244798405871272
782,None,0.10150200236117032,0.3388192975087081,0.1920663925484331,0.20487601377995318,0.1627362938017353,75.80026460868956,4.700276169215956,0.04732719019681958,0.8532426971438445,97.16493271127553,4.3886967390931435
783,Truck,0.0,0.0,0.18648338839257725,0.8040987853407081,0.00941782626671457,39.271732622570795,11.112046425833082,2.3862740225725534,17.66300649419352,54.7153652898561,-23.764562479244663
784,None,0.38650880286206746,0.13797618080136784,0.2132026559676521,0.019254743521658877,0.24305761684725363,78.35865500926008,-5.660045078793663,0.06139239905957539,0.09537144605828818,93.37657805418449,1.3041602841911848
785,Pedestrian,0.8815908397382519,0.0,0.0443345717551521,0.039281039845139996,0.03479354866145595,24.29465549458959,2.83484255209117,1.6407150481304813,2.844800568940036,15.287254582110359,23.24021128196482
786,Cyclist,0.04890231104030714,0.8001086725668549,0.04074358816437185,0.04331830636545359,0.06692712186301258,31.466520069572493,7.477037439428952,1.693092568700512,27.408010773836548,38.7672751137083,-19.862561517909718
787,Car,0.022860452227575653,0.0,0.933365702850076,0.0437738449223483,0.0,31.727007581255457,14.083224184013279,1.3494383241395693,72.09111096905288,62.35702298131793,-15.507571039211406
788,Truck,0.0,0.0,0.14113833667074827,0.8382782330121277,0.020583430317124146,94.04885330049794,12.305003231915547,2.5908543183613637,24.037302603180553,90.90229591587597,16.75713603352343
789,Car,0.023198067586947754,0.010369267139238502,0.8882791059816519,0.07815355929216174,0.0,33.233911913293824,-9.794809376529436,1.8086003162978133,57.7920260426709,52.49894399522736,28.829789060298054
790,Car,0.0,0.018511825170450052,0.9070882176755221,0.07439995715402785,0.0,20.439344437740186,-6.199889352125747,2.867252027635249,24.729075866036094,62.69806677151723,-22.429393247388916
791,None,,,,,,56.790355278459614,3.182294837995233,0.4889057445690974,-0.07610390375047604,87.2254620379013,2.450365341015921
792,Cyclist,0.11342569534463265,0.7935832928760391,0.05758460634656309,0.01278213835267364,0.02262426708009139,15.073746152427194,7.809079395177436,1.5103667411389372,19.64987507197882,38.781560500250606,-5.4598971398801535
793,Car,0.0,0.0,0.9879446211384683,0.003007201404715721,0.009048177456816055,40.20829090044541,6.134127655013595,1.1349460408177658,30.57289202690031,94.03197535058003,10.929731175002825
794,Pedestrian,0.8731706029548579,0.05565964435086432,0.03753286574778995,0.010236520463315624,0.023400366483172032,29.265382774786744,-2.5281923911747253,2.3144375457529174,4.09068608624866,26.887247734215364,15.09342360669665
795,Truck,0.0,0.016875732975789343,0.1172604836219626,0.865863783402248,0.0,12.228173741014828,3.541467365293758,2.1721175822770284,56.18209550066104,18.939728080117586,-23.502782132208125
796,None,0.2608816803786161,0.23756142837304392,0.12995524134383207,0.026851448332557582,0.34475020157195035,95.4611964774817,8.226163263251415,0.2876622893715318,0.7080308304118828,118.34212741250506,-0.10113559710230557
797,Car,0.05782527977277397,0.051530582669896116,0.7508325942542372,0.08720583319066529,0.05260571011242744,41.46391773865273,11.124760201421811,1.0956374246862786,59.20029486904162,97.93202677045306,15.446873985952799
798,Cyclist,0.15695407890052673,0.7640371902563529,0.0,0.03277068746640709,0.046238043376713195,31.82177051459614,-8.698966160639237,1.092548819761184,28.12538846613446,13.98717738442877,-5.596652082739208
799,Car,0.06032906485904711,0.016313146517690072,0.8235998849866701,0.08110664080047043,0.018651262836122232,31.01834733809147,7.870829173115174,2.275465038892648,32.89042614713079,74.96436861712763,4.464502230077189
800,Cyclist,0.11218625293180842,0.8878137470681915,0.0,0.0,0.0,24.550459338300612,-6.741971216437316,2.3031613858335613,16.143352337571383,27.053805448562134,-30.33619815484189
801,Car,0.0,0.0,0.848628273924355,0.15137172607564495,0.0,16.289638814466215,-5.200507980594656,2.2548400088597544,71.85669370753726,44.31456283407545,22.143435260025974
802,Car,0.04314652072721203,0.01251414347177423,0.7836376440229574,0.14964133115397013,0.011060360624086185,10.85073074739536,5.963250314568831,2.505064178976587,73.27797162250481,41.00344819431107,0.13658913510436374
803,Pedestrian,0.8741328852427287,0.051755360002741495,0.0232292637438666,0.04856067152684377,0.00232181948381953,19.92142825640917,4.6802627042430025,1.3974676300666935,3.574176485637964,16.863939873943078,17.862810596541784
804,None,0.1981143919509394,0.2194081433048846,0.3008580247022355,0.2120169341070744,0.0696025059348662,51.09632148944616,-1.099094333702693,0.49420234607797314,0.5195722424008093,84.7602156287305,-0.26899138509909193
805,None,,,,,,82.66991337949946,-0.13782303503510818,0.39104907354380075,0.9759047364131295,100.41250333648159,-0.7282521032699059
806,Car,0.0249277782282687,0.0,0.9619106204682591,0.0,0.013161601303472135,31.78326730091806,-10.19336422504641,2.1229961052005617,71.71370696385256,36.99948426819432,26.78337660058855
807,Car,0.0,0.0,0.8660268160193002,0.12218973756645889,0.011783446414240976,69.92713870925776,-12.9810043553199,1.9654025977550353,39.83364713759117,44.449971797623945,14.694988219837125
808,Car,0.002257607208746344,0.03458650697735918,0.9211741187745601,0.037745606756683314,0.004236160282651111,24.799958625186896,-13.068805812222237,1.6644863968813506,73.05073819942655,39.81257966803316,-15.887504627725107
809,None,0.03628131343691835,0.5484514448002147,0.02602077467034149,0.16670128038358636,0.22254518670893922,85.99698221737302,-6.152336375515004,0.4109356774354229,-0.11202274606244988,110.8936390221537,1.2539239971351481
810,Car,0.0,0.01630324675750768,0.8604138625414703,0.12328289070102198,0.0,41.42171155249192,11.422741641476547,1.4694931041432084,42.963147809192314,77.5201734950662,21.895738049231667
811,Car,0.01757806095533064,0.040403923911463684,0.782652358273868,0.0975314522532413,0.061834204606096274,10.168599177788504,3.773940488236498,2.677831190570803,,,
812,None,0.15882523760814524,0.3643614512030383,0.18814057257776273,0.10940019921396725,0.17927253939708654,84.1749577233189,2.3818888438720407,0.3089777605216253,-0.23090897471492355,114.7630326027081,-3.3769215450353918
813,Car,0.03507938863512211,0.01502746346926974,0.8277426088974473,0.12215053899816072,0.0,54.32762893650644,4.492524002044221,2.890116212009226,50.970000695045755,61.35515203300703,13.15728589986432
814,Truck,0.0130341320158273,0.0017623554701173007,0.17727829491182764,0.8079252176022278,0.0,13.678531570314473,4.719784460595899,1.192831820728247,24.09301224281788,40.33486817853559,14.657882671483158
815,None,0.16783351262206636,0.11866018322669922,0.05422107199843231,0.15512469770100124,0.5041605344518009,74.39805225207688,-5.5003716885237575,0.020604347870773143,-0.5707105720204886,119.58328769275113,0.33700373415171647
816,None,0.10702798650989888,0.09283235330297203,0.2993749021940233,0.4362031185073415,0.06456163948576418,59.77512950982768,9.251391747552645,0.0772509057476517,-0.14305380368683607,95.11463966246887,-2.686801990951512
817,None,0.13346261684171176,0.2165916426172212,0.29223990376318115,0.1543119916681579,0.2033938451097282,59.599213378032424,-2.440214988615299,0.19625100613510899,0.23688694386735376,96.23845825358357,0.3438796428576687
818,Pedestrian,0.8132694479605628,0.14656353413855788,0.03060682436981621,0.0,0.009560193531063174,14.812215305164607,7.950424702407709,1.311576885074729,3.239605207397116,10.784482000638732,-21.223303491000557
819,None,0.22640035738750622,0.2767828627618139,0.24148774975491547,0.1694386912546645,0.08589033884110008,62.941515503464025,4.974877033289664,0.08198105940903738,-0.7361921223383983,81.40977796280626,-1.0495458103033215
820,Pedestrian,0.8207846633201341,0.09250095806234808,0.011226055684965305,0.0701211847012003,0.005367138231352282,16.23203200302131,7.637235903889565,1.010192408471683,3.5321790110049083,24.047686123222576,18.516190804598605
821,Car,0.003846110672409691,0.08030221034375683,0.7730231143856955,0.07048939210608775,0.07233917249205025,52.594177669112405,-3.836967371547082,1.0667584783971151,64.90563671929041,21.02164991274234,-13.21190491134818
822,None,0.4733885135629471,0.12363249301698592,0.14159801552689813,0.1781018242536498,0.08327915363951913,94.7569012980758,5.792725052948057,0.4861701882978415,0.04434560896867601,100.7589542377755,-1.135516255456551
823,None,0.10578748760728814,0.28929408538991047,0.18385928360316345,0.3510033396294396,0.0700558037701983,54.56808686544384,9.247435086067636,0.21615038499209804,0.06262087377859049,82.18692287910218,4.527466009925385
824,Pedestrian,0.8531702732322468,0.08436721182554655,0.0,0.030399157868673737,0.03206335707353296,22.778844522052406,-5.843450062309256,2.287692698505001,4.857429441313534,29.088565858727073,-11.816670758460717
825,Car,0.01875547733053954,0.024874082032064544,0.8809711648778746,0.03478857984390997,0.040610695915611415,52.59739430163708,-2.619825786745286,1.9981823201821383,65.95614409983732,42.33440510914713,9.141074330477107
826,None,0.1367156761113643,0.2229522799738337,0.09597807698613571,0.3184589995223427,0.22589496740632353,71.66093175889225,4.998348441434391,0.22940646412071708,-0.49614925928671516,94.70158354608729,-4.304388165135853
827,None,0.3672808562791252,0.1859566492676667,0.12655204325576014,0.24645213298674115,0.07375831821070679,90.11451539906804,9.453375800671523,0.31467518418818674,-0.9978169179540861,101.20942770903565,-2.8535245122980193
828,Truck,0.05802310555829089,0.0,0.0517772731826806,0.8901996212590286,0.0,13.448469224434545,2.2857345467158643,2.1299321161363904,44.73838829275868,16.042949251887414,9.990301945169058
829,None,0.123144446466629,0.2154713113700459,0.0653256266518805,0.1645618251023528,0.43149679040909183,98.92171119945198,4.345217029532616,0.12524342080061124,0.06822367680502661,113.7789307005539,2.2932074783262433
830,Cyclist,0.014439364027745287,0.9554094388847333,0.008322111132787757,0.021829085954733658,0.0,36.18329141494666,8.60459775073803,2.148838685816024,,,
831,Pedestrian,0.9056739538547395,0.03983433072290318,0.039721795636633805,0.01476991978572356,0.0,11.761601689595498,3.991128287267614,1.638796798144768,2.763812315313663,28.763964814235067,17.581524534771408
832,None,0.33585492528042893,0.33395582171318666,0.03611504534898421,0.022686152094976764,0.27138805556242335,71.97459332390696,-7.058280154592262,0.050148483463944626,0.5960310374089046,94.57839391758574,-3.401026397060619
833,Truck,0.016173331799877896,0.017728841720415653,0.16848690928441568,0.7976109171952909,0.0,72.27139429033056,6.632072300668873,1.2933034856781298,19.173385027234506,109.7649645940319,-6.697273097813833
834,Cyclist,,,,,,5.73174449393598,-2.213194397200534,1.3762000479244838,14.52890004053118,36.387729071026484,8.83503626614963
835,Car,0.03134227030043918,0.011145511316102367,0.8052541451998058,0.10341640918485952,0.04884166399879311,,,,35.25063901460223,48.94296911942991,8.061798938487355
836,None,0.10659521036123301,0.0819617711381906,0.3463503268447049,0.18847203922843658,0.2766206524274349,93.08336293391267,-5.947685986076465,0.17823908257391624,0.9664371295924221,88.92919721175751,-4.335541611073719
837,Car,0.032474304790018844,0.0,0.8140922592945573,0.141064732881034,0.012368703034389698,57.42221662312738,-11.847506879911455,1.2922041500780999,68.22389393392469,27.455357916089618,10.220600449070465
838,Car,0.0,0.04870955339272372,0.7835772647698385,0.16053882147179485,0.007174360365642904,43.915341489473086,6.032711207114829,2.2729559452621477,23.69443372576342,83.00078794369168,-9.802884756531336
839,Car,0.035101877168595266,0.027407727168786384,0.8185589226767164,0.0916311359998978,0.02730033698600416,12.335962687887646,1.5953918981868334,1.236186832557741,30.72550878562432,99.14424026456236,-6.35886490140407
840,Car,0.006336672001489794,0.02109193750531969,0.8372035470352911,0.11966331802502844,0.015704525432870885,40.20812331660784,8.297393757786374,2.4816540105791067,46.91142735877072,86.92507073556267,13.864800210027022
841,None,0.18516951251373234,0.24717054392616622,0.27411640620088756,0.15257259579769702,0.14097094156151677,63.25217643556713,-2.311338051416996,0.008707451970613012,0.6176022122709093,101.7088946775302,-4.90199473066029
842,Car,0.027625063753230497,0.00399818495158638,0.8699528309331042,0.0886063116500041,0.009817608712074951,62.69588905546598,-26.68359649664355,1.8508002628227855,27.46195341631402,78.1420675729909,14.020039357163217
843,Truck,0.03475184291928686,0.02614760092757135,0.0767658008675911,0.8520210522825706,0.010313703002979999,,,,45.126474103281915,91.53386027166346,-0.9820656389510953
844,Cyclist,0.10560189646635779,0.8245958097347814,0.010857062763476356,0.05604958919250062,0.002895641842883827,29.694773976274703,-2.443370916574315,2.7931414420209775,16.220440281180323,36.91767237991022,-22.753946059124292
845,Truck,0.013533277708897838,0.0,0.11575170951709117,0.8429279802648677,0.027787032509143255,8.680339067633993,4.898167831597048,2.0220640602497486,17.43942035077534,82.43703911307567,15.974046495650647
846,None,0.054709178597201154,0.379057151288449,0.154227132222951,0.2547219567580041,0.1572845811333946,55.184014518551464,0.3921419094469236,0.2887606439562216,-0.5303279017049343,91.73310013163034,0.6952114663303348
847,Cyclist,0.0844186682746445,0.9155813317253555,0.0,0.0,0.0,10.975669931632298,-4.48734176840033,1.6760122231530723,22.89310802185514,9.550600368247098,8.237486643160853
848,Pedestrian,0.8872453246043317,0.10124581858595064,0.0,0.011508856809717654,0.0,7.569037758307955,-3.5510364070573166,1.8929152755304457,4.988837067981841,16.65018153113201,-19.22453135020352
849,Truck,0.010043886114347037,0.017073178297453327,0.060780149766054656,0.897269347090647,0.014833438731498002,84.43293096492359,-45.126494222624814,2.395544693132722,58.85424292174184,76.33991149139891,13.924244667143011
850,None,0.13529428521265688,0.04291336895672809,0.0,0.13885960177166343,0.6829327440589515,92.38088926144364,8.405165002235485,0.26843313354218123,0.8315843130939737,87.5791848038207,-4.515767735827309
851,None,0.2556031266505598,0.20132943102653458,0.16601732726450577,0.20914322615574157,0.16790688890265815,53.35864184475045,-8.917690643927012,0.2932338860202736,0.05696400191909401,115.11276690280286,3.1099127305523933
852,Cyclist,0.0825589527523696,0.855001035311319,0.0,0.02633662638686159,0.03610338554944965,,,,10.603406944253882,9.954032859804075,-21.36450601311218
853,Car,0.04337064664624056,0.0,0.7687489222224237,0.1878804311313356,0.0,25.349651778858874,1.6167662524320905,1.559940519191203,31.343292923431715,96.45052457282593,-14.21772046307928
854,None,0.02257693000001957,0.16244027371126693,0.29788523230674563,0.4293704489779406,0.08772711500402734,80.87167602412389,7.108657066061554,0.0830954598077559,0.20357432881423154,81.27039154961919,1.3311895528503683
855,Pedestrian,0.8314421403943956,0.16454862048407976,0.0,0.0,0.004009239121524709,23.408237542478158,11.341247927933066,2.2390209049113987,2.4457141657554695,17.324210732658738,28.918859406989608
856,None,0.1251329652005965,0.31802483935115916,0.3974359433220246,0.08230680782825082,0.07709944429796892,86.25795756499149,-4.7088174400883,0.46421035547196315,-0.17180813451473242,107.20968338067723,-0.9868717225624914
857,None,0.3478234195449347,0.10024825707004714,0.3900013824648896,0.0638067124513702,0.09812022846875847,74.13262091564384,-2.270080182465546,0.2630454188918806,0.45376411263719474,94.26945075568432,0.7132025155603481
858,None,0.3744781797140139,0.2014062047746029,0.06027445050013757,0.2734477698344245,0.09039339517682102,,,,-0.4954527412100791,105.33391400756649,-4.276266569824955
859,None,0.11014970567949628,0.15851685776936592,0.2751131817873791,0.07525334989245062,0.3809669048713081,97.18153283167923,0.014892164050575474,0.3176295693234635,-0.7348542654609391,95.61187529508841,2.0693897292187478
860,Cyclist,0.001562371691958018,0.9182236812962561,0.039786149116366326,0.001257258902518208,0.03917053899290125,29.434121406001882,-15.350667732859437,2.213365888623449,21.72666103302523,29.896568068356814,-31.467670216637817
861,Car,0.0,0.03885998483114136,0.8238143255633078,0.13534841300630487,0.0019772765992458422,5.099483733011248,-1.6195952829843063,2.410284101409983,22.47409140105798,31.712836265301767,13.597677086917274
862,Car,0.0,0.014736698752975641,0.8392385721072153,0.1120316321161807,0.033993097023628384,14.800547606204097,3.153716158811461,2.84918374775595,,,
863,Pedestrian,0.802491138239371,0.0848980183175743,0.031032994604656767,0.050268467755132405,0.03130938108326529,14.990555096941325,4.900332571010008,1.2820602769592953,3.8016738520115494,10.480676989250641,-13.364405297221905
864,Truck,0.08797076627095449,0.02166571658045396,0.04601966936073762,0.8078693679163742,0.03647447987147977,32.96628722485512,5.216893975244238,2.7359634924381444,,,
865,None,0.017775544588461843,0.09363660190254523,0.14633537288122458,0.6642470606553614,0.07800541997240697,97.56118728198027,7.889375209508877,0.2567043888878365,-0.8839388762327589,107.82922112129592,2.0720087294903227
866,Cyclist,0.05387646937274121,0.9221603932852547,0.0,0.009059672866181357,0.014903464475822832,33.32265857555414,15.166528466039951,2.7769688081799466,10.985188690399264,21.323470522957717,-5.917432959800745
867,Truck,,,,,,77.55370055565217,34.34477189141816,1.4636808409841768,31.27547710202523,56.261409285865085,19.051294507760836
868,None,0.15982629832053968,0.0,0.21831800631910073,0.5224483272708098,0.09940736808954984,56.43001781125959,7.603443612815131,0.21419767446282933,0.058731974995522185,105.89387433822813,-2.2441753584224147
869,None,0.06152210771246472,0.5718017521238777,0.04381522084614226,0.2696240130603621,0.05323690625715316,76.25794793889585,-5.166743792508372,0.10336765282078691,0.7197917205197593,82.45791664177035,-2.8147399924523686
870,Pedestrian,0.8197628558834428,0.042898278414116975,0.03689258387814929,0.03588172321920165,0.06456455860508924,21.973658848758614,3.547235588217785,1.651693179270793,5.445968804140646,24.072032796687452,1.9873973007749708
871,Car,0.0,0.0,0.8730765302372027,0.1269234697627974,0.0,49.17796820177211,7.973594204547474,1.3692761052008293,56.19341204032104,100.41200102159662,-22.74194194922093
872,Pedestrian,0.7988414818135313,0.04712414622457829,0.023359659655446598,0.07675804556722667,0.05391666673921709,5.8456984832377294,-2.466621884906944,1.7264154206277937,5.262015456475149,27.5827952426694,5.426156175573873
873,Pedestrian,0.8560292442275774,0.08718309934834635,0.0,0.05661624904326941,0.00017140738080674865,24.66725429903408,-1.022778163570893,2.1111175035985257,2.3969941302548214,15.60340196135627,3.989778004038844
874,None,0.2711245005021026,0.1771547182537918,0.1986325332633536,0.23252640531061175,0.12056184267014024,85.12957159659278,-6.531392594888848,0.23802132347197014,-0.014976683332732277,101.42764682571743,-4.688269176822692
875,Car,0.0,0.007027885724589437,0.8463655600011575,0.14660655427425318,0.0,51.9808916425355,-12.47323521886988,1.063413299205413,77.40953453150264,56.486795174142074,-11.422430315336825
876,None,0.0,0.4715086060661788,0.2069524141530415,0.12628297042485548,0.19525600935592435,59.82716977679452,-5.787169152904113,0.4964814001566156,-0.7220834712329636,90.88796557106262,-3.3217790587707574
877,None,0.531742724297587,0.14534998520488254,0.02808101703694622,0.02981434434085353,0.26501192911973076,98.65766465726264,-6.375434216324598,0.4475654849077314,0.8718675424906548,87.04343833667045,2.9202139317942457
878,None,0.05988893841796456,0.4282960305685991,0.008174083267715248,0.40539923535168204,0.098241712394039,81.83364340006918,7.61530023216206,0.0174568073016087,-0.17880115662045104,106.31898301060848,-1.2759543677444607
879,Car,0.023839892932908335,0.019896369447847506,0.7603027484605239,0.1959609891587203,0.0,30.20196060809155,-5.024815656293291,2.428553860730073,69.28812852596877,54.92588392747489,0.6940006258563691
880,None,0.12692481279193304,0.289821027438778,0.4759280007053803,0.09389267535992095,0.013433483703987647,63.84304657732824,-0.5756330200135462,0.33807483921118237,-0.7172855137357921,95.85872483006935,-4.3301040748737005
881,Car,0.015535278989189577,0.0,0.8919247072601033,0.09254001375070704,0.0,43.517944666105926,12.891503487211974,1.5648057456520352,74.61690956400287,86.45191061811056,-3.747032807111692
882,Truck,0.0,0.015344203598164748,0.03079194546806013,0.9064675729591849,0.04739627797459018,73.44689638327516,13.21937243433384,1.059235145457773,,,
883,Pedestrian,0.8291434546570136,0.05076315922051314,0.04506041362180435,0.029968579851177617,0.045064392649491324,9.54577841999756,1.3003623956165828,2.50017924822354,6.121244984641707,18.813068504493064,-5.897971404867675
884,Car,0.030731439160934678,0.0,0.8039043029374404,0.14336252963696003,0.02200172826466497,17.50774796973464,-1.7115972865660858,1.881844483704029,74.96905305174657,14.659165835433992,-2.6244977220174195
885,Car,0.025526051327956316,0.04529290269689728,0.810349270417973,0.104069456574302,0.0147623189828714,34.99462443849107,12.012335338042138,1.4467466834553961,51.746700245891994,93.65915371418329,16.12726421928947
886,None,0.1056002204805887,0.4784170912876398,0.10631982471392966,0.0,0.3096628635178419,,,,-0.8738829488475126,96.33144479350496,3.4094851980482144
887,Truck,0.021874461176430705,0.0030697742036358026,0.04118991579147463,0.9284227342452416,0.005443114583217219,36.73780776854149,16.05076858006631,2.309638043283849,32.8431237758921,99.644810700252,-19.783111968737074
888,Car,0.013307257027849004,0.0,0.9135211615103022,0.07317158146184886,0.0,19.39310614783793,-9.107830578172598,1.6727165989933035,77.12692183892676,87.29322053336443,19.45824126798952
889,Car,0.0,0.011796358403480058,0.8994566700211325,0.08253169887186783,0.006215272703519743,26.58016857006363,7.97862182137034,2.083927753660177,50.02678195943269,94.86344374785455,-6.3371345211613495
890,Truck,0.05762140465010414,0.04546214834026518,0.0,0.8439166852807054,0.05299976172892521,38.6270972255264,2.588617366305752,1.863850924430837,28.833803020070533,100.35511929585198,-14.952714654523499
891,Pedestrian,0.8809591735931406,0.03119120031474156,0.03298047059274687,0.031101925383985367,0.023767230115385552,9.872024507492384,-3.5587017542131623,0.831332067171099,5.470164128311521,17.051871473243587,5.078717088712464
892,None,0.16890599256275682,0.06812178929114852,0.163998088544601,0.1783023642799109,0.42067176532158285,52.83903696281534,4.628438947228657,0.13632763157671418,-0.5153900106069851,113.5527028882735,-0.1944064569924393
893,None,0.10303851506619212,0.1968829706221925,0.26265108421233097,0.34118856986306695,0.0962388602362173,59.02383480454617,3.9075706801196812,0.39371286966909164,-0.35353284586429146,80.54177295697609,2.971050223340935
894,Car,0.04914310001351048,0.04531533382478343,0.7892650426428768,0.0962640275536402,0.020012495965188917,,,,66.73247844234619,20.104328993772558,-4.49066188885819
895,None,0.08436577992308211,0.04078791450635991,0.0,0.4231698477164955,0.45167645785406246,53.4502419600201,-8.108510275833673,0.1711131544636338,-0.04859995748901502,95.98703561767482,2.21809795885717
896,None,0.12962530526422314,0.03140173216596829,0.1667164410884068,0.3526313777016204,0.3196251437797814,54.093220199742284,3.4053068942757,0.23488750491934562,0.7199984375636015,80.92906853844471,-2.4868508204124486
897,Pedestrian,0.7928827896717017,0.15295794303607385,0.022094433526275208,0.007828176726988564,0.02423665703896093,9.160524377497236,-0.428409537449327,1.1304407496720712,1.9146515704127092,19.268779422983712,-17.326187414980602
898,Truck,0.008331548492563807,0.0,0.15549976437510332,0.8361686871323329,0.0,81.58557522110462,40.43998862722543,1.470234013635925,40.98952492518277,114.27765452713325,-25.433146698198836
899,Car,0.0022251156948086765,0.0,0.8002755729031875,0.1617836907229286,0.03571562067907515,70.41166769269465,-33.74655935311151,1.684112167975326,32.91707545619707,35.66575682854843,-3.583388574558155
900,Car,0.0,0.004725040739621731,0.8350396447089304,0.12770607702138312,0.03252923753006455,53.48934269842344,4.131019703208204,1.029179083431962,67.17681158301743,48.66087027803819,14.801011262722177
901,Car,0.0,0.0,0.7638288639988492,0.18930151890668942,0.046869617094461316,66.9121130493616,-30.394388664404836,1.6342532257065951,45.77719723731936,27.164370959222094,26.857976237081367
902,Pedestrian,0.9203016023759442,0.06358158572601336,0.0,0.0,0.0161168118980424,26.770303396048536,7.186765926958569,0.9677409787906301,4.468153348621035,28.497154746488576,11.572408450005293
903,Car,0.02656028314008562,0.010274083504453696,0.7896973769079377,0.1686400741030609,0.0048281823444619116,33.067868307929295,8.306477003684854,1.8221055478378587,51.85129268718031,28.520785850347817,-9.330880514034975
904,Pedestrian,0.8920804927694486,0.09498071884407673,0.0,0.006846277712287692,0.006092510674186922,25.56693898168991,-9.878693125563494,1.2363771053875603,4.862209396746043,17.110627902511553,-24.063189887054964
905,None,0.19383099473162044,0.3164558114776883,0.18385901673415558,0.2536819897079636,0.05217218734857228,72.80489441959696,6.169809083822688,0.3914828314003164,0.001960326865805717,108.01940040199253,-4.688515653530603
906,None,,,,,,61.03119541551271,-0.16182970670265462,0.21001735333164107,-0.2805182609949537,117.47934859343849,-0.40570681607468906
907,None,0.041226663912949116,0.15142137513070064,0.47818923343615083,0.24659158094071032,0.08257114657948915,70.19148482223358,-6.01030416950703,0.43801041614543706,-0.9492764456785436,80.38093422455825,-2.087507455183303
908,None,0.25829598914558305,0.21947814247562322,0.11462261613496892,0.28933026452586386,0.11827298771796085,85.24011724204304,4.828674391539598,0.44344014256052033,0.9775082108268132,86.13573690107685,1.0068889185958305
909,Car,0.014549175423186574,0.0,0.7977075584120165,0.1625934752618075,0.025149790902989532,46.958593616388406,-10.628577134030676,2.4514642150987784,22.19321424809021,85.55069868060532,-27.780195142726413
910,Cyclist,0.06335055630618297,0.8091389760904821,0.05354852698051755,0.025434927037252697,0.048527013585564875,11.689809878228765,3.2762104905346625,1.2972232464575266,11.944326367079322,14.713044853347384,19.933660412315483
911,Truck,0.04748352221067878,0.014993550940359208,0.11211686600404232,0.8254060608449197,0.0,6.40812089527026,-0.21619394503956715,2.4900715270930918,13.98664743490126,56.93856227227165,1.3555799868542033
912,None,0.25696992834438576,0.25598222766664913,0.05904495092714722,0.20168412357678178,0.2263187694850361,78.98344564888137,0.8379103353396555,0.43535005544921035,-0.15410877988664007,103.94636221945974,0.24425311742025446
913,Pedestrian,0.9627439192805941,0.0,0.0007936513019625588,0.036462429417443355,0.0,15.160607900327856,-6.516590154133724,2.468802414204233,5.955697479452575,16.33731582876426,22.864872718025847
914,None,0.16389172157407347,0.1327539694835131,0.03911650552169421,0.30531572547298513,0.3589220779477341,58.74828199453733,8.411214042006993,0.02199951527915528,-0.907157229106492,113.51600203443951,4.05414813336102
915,Pedestrian,0.8832759865867391,0.03520420679400959,0.0,0.05014497366878943,0.03137483295046192,9.59623090897128,-5.460963884977177,2.1254882266529482,3.2720829558397635,26.37875046035525,-4.705268927937514
916,None,0.0662959135204911,0.33681567086272807,0.05570982489566882,0.36706714651249156,0.17411144420862054,58.49800312780872,-5.070149498594388,0.21546572163501043,0.1707844220732886,93.51362476299391,-1.070483641411081
917,None,0.17527648821008657,0.1451625896083512,0.3372320607547463,0.17182820843819133,0.17050065298862457,69.26908766374336,-6.356836778419408,0.13238135651636823,,,
918,Pedestrian,0.8908307232482365,0.09952048180540216,0.009648794946361245,0.0,0.0,6.124111685992145,-3.226656672779296,0.7176333155218809,4.914221539181863,17.576830968975408,9.237983014274816
919,Car,0.07645203177520739,0.03521290504909524,0.8383276189609679,0.018979916405942644,0.031027527808787026,52.02615791197955,27.10254045564256,1.6877185481917356,26.48796190702367,85.74148037374712,11.003174781968198
920,Car,0.0,0.02000291162535673,0.9223324257444305,0.05244294180515746,0.005221720825055344,53.42692689524345,-17.54394715982898,1.582646441440196,,,
921,None,0.5622175056465598,0.10329358736846819,0.06770675961910282,0.18776850169854856,0.07901364566732061,80.11000616663917,-8.953862929806286,0.1983229029275656,0.4970757253691691,82.54021877126661,-3.1426893326482275
922,Car,0.003665121864932163,0.0,0.8259474074188027,0.1433903198143948,0.026997150901870336,38.902596621130584,-0.46234807491588026,2.239115359536623,20.825422095249376,49.11404761263547,6.3617153231729855
923,None,0.2946381218432796,0.2663216169883962,0.17768030450004357,0.07822344366633904,0.18313651300194161,75.33246208393525,3.002260550829309,0.3774377733885624,0.8765708303052211,119.07336682601539,4.95342316608823
924,None,0.30888136645367986,0.15144479750578824,0.1328248781005511,0.3221165517697593,0.0847324061702215,79.09391739458167,6.671606377239264,0.1318318065348814,0.8526400975159394,107.73923505429514,1.7152557705822113
925,Car,0.02663085774494666,0.02116166387885401,0.8610822010449165,0.030320016843003134,0.06080526048827967,15.080264204093313,1.2648050675437021,1.8335884616026419,78.87059872937186,23.68575583513782,-9.405036523480165
926,None,0.3703483831148536,0.04708841156638398,0.14679311631495404,0.23747317822913747,0.1982969107746709,64.95405426272838,-2.252748323572975,0.47355959412354026,0.15700230330229026,95.54041314240445,2.7416688506872733
927,Car,0.016225250461698468,0.037619628755800556,0.8394232653028544,0.10374623608594787,0.002985619393698609,67.19933887250814,11.064837884691704,1.6640121928763332,,,
928,Pedestrian,0.8672063802089834,0.06193200353776659,0.028443503457588948,0.010535381635242473,0.03188273116041853,8.203970488405472,3.701677408051661,0.8419137802645228,,,
929,Cyclist,0.16156811041139119,0.8125384108080027,0.0,0.0,0.025893478780606136,20.388390724070643,-10.744606266949408,2.951103227100466,25.005926161087675,15.276147778987376,12.6886392164169
930,Car,0.0,0.0,0.8555825303075776,0.14441746969242245,0.0,39.2673708046394,-15.452472558843365,2.769057017398414,,,
931,Car,0.0,0.0270192489921834,0.8849909051477367,0.08798984586007988,0.0,44.262471531193526,-10.058940277612125,2.1293481051695147,20.204900363397368,15.12912425219187,8.121478919410293
932,None,0.18232862570204147,0.10639670437652847,0.21495406340249384,0.3633514340406807,0.13296917247825543,72.05207611282634,-5.193580894147893,0.21534796842263343,0.6735322205099084,117.65524999908118,-1.92206793374752
933,Pedestrian,0.9446827224410222,0.024763477836809385,0.007036796968096562,0.021185919649391212,0.0023310831046804642,9.971813009869749,-5.359298398939921,1.1842048705641672,1.3233184030732474,24.471419456644558,6.1824665418694025
934,Truck,0.006103460046735938,0.024947406206045287,0.008591512204340455,0.9153833144930622,0.04497430704981619,10.517882598749335,-1.7596638649074525,2.7018060311699164,59.413370722900694,86.3373590509781,7.3137011535522305
935,None,0.1828503617313632,0.23244164208791515,0.09217096065306257,0.35208161866263826,0.14045541686502086,68.30748186052854,6.856027670581597,0.4891026018999584,0.1541374314120567,80.21385316015757,2.130543960262874
936,Cyclist,0.09646226787966819,0.8302301336713923,0.009397841226226679,0.041216436239595144,0.02269332098311752,23.276389438900136,2.783603535279006,2.004190150472741,18.339561809688032,15.946810120980686,28.212456396122295
937,Car,0.02492661899732067,0.012830308519197692,0.8853609872077512,0.07278329469644573,0.004098790579284687,69.71590101971312,-20.569116520752893,2.0161948056512373,56.14690227394579,96.17997643310997,-10.70974760918513
938,None,0.02538882569649273,0.06850098321690198,0.1350656215969033,0.4061067826224511,0.36493778686725087,51.81854168736164,-5.530593486488433,0.308220071233827,-0.2377847261097661,90.35045890534228,0.1873643578899431
939,Car,0.02141280358007805,0.0,0.8865421979357386,0.09204499848418325,0.0,61.66293685304001,-20.469828262987292,2.939651176154871,72.34941150994327,98.80857746853748,-17.27844044004497
940,None,0.41533105523735,0.05645534324546256,0.13039553761050413,0.22470463596145757,0.1731134279452258,65.08914858699248,-5.7390650645568275,0.09365687304533371,-0.9282406364223019,91.31967350660999,1.5222282444322826
941,Pedestrian,,,,,,10.208198748579617,3.6783415723133075,2.2061640182845164,3.1387312182537372,14.608019598045813,-25.628233681594214
942,None,0.24061168942465652,0.20284266871022394,0.14219461783123866,0.04876313406646791,0.3655878899674131,84.13812059879857,6.5163383350872905,0.35793330403212936,0.8329035436357279,82.33569521697187,-3.325169140237593
943,Car,0.0,0.01614002885440215,0.8906500179713275,0.024631546216804193,0.06857840695746621,28.012348535360747,6.934439224144277,2.594152745376923,58.51110352547293,12.40280662157476,8.569173327157088
944,Car,0.028010758457816518,0.0,0.8029816812723095,0.16900756026987399,0.0,60.735131978672975,-33.09597273088817,1.018456178726481,67.99622898150503,15.87533818952503,-9.010548738239418
945,None,0.12285768644299097,0.2728468551089293,0.024787373899733636,0.23436511474821206,0.3451429698001339,74.57561286131258,2.8372155752603962,0.20574243806827108,-0.5555991738478303,110.82130188152583,1.955475844155293
946,Car,0.06243652492360653,0.0523582886245928,0.8486677888735219,0.0,0.036537397578278674,44.5194369208144,-20.034767293499563,2.315158323069861,24.689092141341547,60.37821689234897,17.115309296089766
947,None,0.09774940875122483,0.27585395350796826,0.3891484847433223,0.1210877075671358,0.11616044543034872,86.52132405819282,-4.242184518095751,0.02778123635880897,0.297592329472812,112.06517581851503,1.1610620670287988
948,None,0.25481809805571937,0.2622673737932237,0.3040270407035701,0.14587549398459831,0.03301199346288844,57.41020663343566,3.81632898226054,0.010727706143521643,0.41976289321734006,108.47400891505225,1.4116270584517707
949,None,0.226156169423714,0.22971033597130683,0.26852917181105224,0.15481557902018653,0.12078874377374045,75.94334598898851,-2.6415540608344052,0.4950490596080258,-0.12242829152215817,119.98782437419041,0.1406324647149635
950,Truck,0.03472317454309097,0.02134927054945206,0.13342584773388622,0.8057410108454417,0.004760696328129022,68.88860134648088,18.450421499112696,1.0791261706649096,41.40991453018912,107.38282234114361,-4.339108839985423
951,Truck,0.0,0.0,0.15052885669465998,0.8494711433053399,0.0,16.737210213564794,-5.348635126904105,2.3128040778010304,24.845810148171257,61.82131131318086,-20.327737769530287
952,Pedestrian,0.9233751056766407,0.03096234637802334,0.0018859433332963549,0.018765719608364734,0.02501088500367479,15.693057731966173,-8.033581821712554,1.2009406315320839,,,
953,Car,0.016253378234328923,0.05581129599827767,0.7621393892578538,0.12335376896737535,0.04244216754216422,61.280087079477795,27.586838042937323,1.59771724589166,38.89457183570821,26.003953069487356,6.969624073672567
954,Truck,0.044533060525694196,0.01832073045262615,0.07484932120611228,0.8424182631380507,0.019878624677516766,37.719534860500644,-0.9256391537937382,1.7714251472017626,44.67848961128019,110.7509691835455,20.95991571147288
955,Car,0.0041606060677290045,0.0,0.9097438600231444,0.08609553390912658,0.0,62.4931808515354,-0.5451636536840458,1.1840507261547004,77.47060851508282,11.74268766402426,15.092953655417658
956,None,,,,,,54.932644813544876,0.4199225197163372,0.29447089203847837,-0.48147854349561237,113.67041632853167,4.531423397737832
957,None,0.16671064924139523,0.19211676859081606,0.16762183037904402,0.397038778104231,0.07651197368451372,61.10378499719648,1.516268636963611,0.18628833822901453,0.06970753509092886,95.48049613114492,2.3451677427376936
958,None,0.05830560068091231,0.05538395384507819,0.1848467629999077,0.6236366096911473,0.07782707278295456,85.68360935047436,-4.336334564379678,0.299789330012524,-0.9868196743405739,112.3049372600719,-3.7716965108029923
959,Car,0.07294747572737093,0.0,0.828784202335326,0.09826832193730305,0.0,18.116986868893864,5.618376335101114,1.240208848109751,63.85641313850391,53.445801661901136,-26.31713812171096
960,None,0.1735726196445872,0.37834599978851874,0.12486209808701261,0.17391277578835287,0.14930650669152876,95.14898245281745,-7.445137449819674,0.10217624026419747,0.5612490903274039,104.47405934126914,0.13849743520216418
961,Pedestrian,0.7621214085453548,0.18181100786344181,0.02396786326191676,0.024988413568644847,0.007111306760641601,15.74753780614233,-8.82822719999155,2.053966937869989,2.6018750481641923,5.197537120644059,-0.17125638941200752
962,Pedestrian,0.9164194953167772,0.03091139157795456,0.021722976915537612,0.013330993640697595,0.017615142549033035,16.313422531095014,-2.9546645053213116,2.103296442940526,3.1755550571424944,14.49074933973794,28.62265119831907
963,Car,0.016244458655974545,0.016546716682876567,0.901100042739235,0.042363990195686235,0.023744791726227676,18.822658746566937,5.268414674505852,1.7323963328778145,34.163096755557795,71.45718543581243,-17.072969845855585
964,None,0.5829569245698526,0.04647253313365076,0.06401635852049828,0.12856071201012798,0.17799347176587035,62.68519037560728,-2.342744066101141,0.07250608369814265,0.368709202496625,113.23381120237684,-1.6741770950663861
965,None,0.41864086302630943,0.13269982889004037,0.13751679443006548,0.18494450499227263,0.12619800866131217,98.69528367185018,-2.3978210639517306,0.03223627233317555,0.24761331885107252,117.85801832643077,-3.9617291398888064
966,Pedestrian,0.8110182646683515,0.125401248203857,0.04425672101184631,0.0,0.01932376611594523,5.5095714043869135,0.655118591384136,1.3296979680702183,1.304664838822163,14.224236691880149,25.830411246980038
967,Cyclist,0.017967837409115516,0.7992720231595858,0.1007525477909454,0.04638136330848655,0.03562622833186671,13.798795645626912,-4.263790299392423,1.674506135120069,16.465454535023657,20.82878456263786,26.639197637346616
968,Cyclist,0.013914844607360944,0.9062376871450962,0.05757479157894241,0.022272676668600565,0.0,15.063025646640867,-3.161383458449138,1.8628120322635113,28.558915893776046,29.06883665954069,-13.271070362677282
969,None,0.1445615265097403,0.19591445005557484,0.04721790579410281,0.5523629874032278,0.05994313023735447,73.00877068254674,-1.6184293990923155,0.3001030882029842,0.6828960511661204,106.80778434822034,1.415363642455536
970,Car,0.0,0.0,0.8306554063291688,0.16934459367083118,0.0,,,,73.91610160410329,29.10910356053758,-3.874569822849323
971,Car,0.05567991007703482,0.023285279537812415,0.7970181301434569,0.09203498246935776,0.03198169777233803,39.84866586099531,2.975729481878732,1.8437575834244302,65.47102815428181,30.367792618174178,5.615440833455298
972,Cyclist,0.1321391951948667,0.8133510314724007,0.01811860379985846,0.001476442968226836,0.03491472656464723,15.311114449471313,0.3286426970413223,2.3298696807948684,14.552507331674505,7.584362682031967,4.033531059894807
973,Car,0.016225239489868693,0.03493413031766384,0.8422184906374058,0.08569932932364072,0.020922810231421077,42.79256281146345,-15.11250087571454,1.2893427905728994,22.199959920998126,12.404351270216747,19.5214693771323
974,Car,0.016131772353430447,0.00235092643659707,0.9268228655914881,0.012560480917288242,0.04213395470119612,50.62004648717085,-6.828696485976821,1.111631266683078,59.2630240409488,51.71513347185575,10.16899442682485
975,Car,0.07917548798177931,0.04921376772121211,0.8112578734334375,0.011417210665935124,0.048935660197635955,73.96619564104773,-20.60816951305067,2.7361932572130496,73.98835055623617,31.115452832193192,-23.686044000431934
976,Car,0.0,0.012016311804250397,0.8944624588668837,0.09352122932886603,0.0,31.057544448429482,-13.379894751710257,1.3446017461519735,58.17013342889505,87.78117012137253,20.70136006324544
977,None,0.09845132334148318,0.26232437198089187,0.3872117157806896,0.17067659948030187,0.08133598941663353,78.98021439149477,-8.335185042426323,0.1089465320945861,-0.3948019192789456,119.43064282250938,0.008170430938400308
978,Pedestrian,0.9155730115325031,0.05175735225790196,0.028670893670239336,0.003998742539355494,0.0,15.046043533917727,-5.537615050221398,1.1501739492880643,3.7513458695073685,30.20284086590534,22.131225776122623
979,None,0.23155146151933365,0.10898487045705592,0.3386200759467147,0.08978261981812018,0.23106097225877564,68.09844912678729,-2.93585505159073,0.3784631938137402,-0.971202454934361,85.75161903362932,-2.869018188515202
980,Car,0.0,0.04000735376540112,0.8069332773269245,0.15305936890767435,0.0,51.801333339819394,-6.017540302694851,1.1856479531559334,35.362058283978335,54.35688464389861,-1.742339905616646
981,Car,0.02079356780875099,0.027608068417179193,0.8716721666063122,0.07992619716775765,0.0,20.537360588110538,8.419026076808331,2.6026910102154592,33.804802741467526,60.25192740298897,29.52650261970946
982,None,0.18593046790921675,0.2954010571460769,0.3441561706825529,0.0,0.17451230426215353,63.996174299961005,2.7963571919705323,0.15812422090763711,-0.23512983003897903,116.54560347160222,-2.6584266925612443
983,Car,0.012337037308785336,0.0,0.8763968221437456,0.11126614054746903,0.0,8.118736918926528,-1.8092719286408407,2.6334522383023113,69.54524976088909,71.26917851268406,-3.735851577121123
984,Car,0.0,0.0,0.9229005892022961,0.06489755420001342,0.012201856597690575,24.545659835076314,-4.503518950930915,2.1659176277985455,63.078672647925735,64.93503552935495,1.308627377472575
985,None,,,,,,77.43862568808848,-1.9786474488771795,0.15155188690097365,0.29062326507177616,118.6124906485386,3.3306448988809763
986,Car,0.004041900216430545,0.022262221850232456,0.9459572052732322,0.003214893977271467,0.024523778682833324,38.614962884644804,4.422061763454315,2.0934354684128054,76.92948125712438,14.23287082736326,-18.448672285195272
987,Truck,0.07463548256664614,0.10383913301746239,0.009391406547817829,0.7568457190989234,0.0552882587691502,91.14994064638427,9.317850614671586,2.285535689068494,25.761691228396092,25.692027348632845,-23.97607505213404
988,Truck,0.0002650875877125581,0.0,0.1950026121379211,0.77934150380297,0.025390796471396433,44.30450790759448,-21.61445165971342,1.4664292819356055,14.585872434675647,23.770489248536325,8.94786056472138
989,Cyclist,0.060807743331694454,0.8410913745359988,0.012000936263919708,0.03517584969980009,0.050924096168587125,29.987620571558352,-14.465277152535258,1.9694097920650173,13.231699912947198,31.125212845715044,-6.657048716662118
990,None,0.1785648552349951,0.2516713037647867,0.09294584751598152,0.14556942183310478,0.33124857165113186,55.389776083986256,-5.863902628900632,0.170656305015832,0.2508839936120226,81.58202917345021,-3.225632157265841
991,None,0.41758111074247956,0.0813436907981524,0.1919323499809723,0.21526126656236202,0.09388158191603367,92.14463369734483,5.214570941111605,0.33058315463388827,-0.995652432436825,104.53870402208335,-1.4404254699750227
992,Car,0.0,0.0,0.8113640472650864,0.1886359527349136,0.0,29.637010893045016,-0.9982508199669026,2.613325204268633,67.52334150861951,84.5234453806276,24.39071454301938
993,Car,0.05102303259612657,0.0,0.859388643026912,0.08958832437696143,0.0,6.2790329277123655,-1.7924712739883844,2.8789087318705864,25.331745162884264,91.14841090508222,26.877496304533544
994,None,0.18354271186007942,0.24912488001785624,0.1981617088734229,0.15312993766203703,0.21604076158660435,54.38676493765156,-0.8135907596039633,0.47373408518868043,0.40269688474910037,103.57444207984298,-2.1926906286715986
995,Pedestrian,0.9077038956086921,0.07623246020325879,0.016063644188049068,0.0,0.0,6.776290932807835,0.7577580020563482,0.9063502640394497,2.42392526558666,20.755137986465897,-7.300530974257896
996,Cyclist,0.11048502685354794,0.8537864651587946,0.020601815465968933,0.0,0.015126692521688434,4.484002074073717,-2.2354144418949606,1.856828199056707,11.03365830745584,21.211039303507494,-16.13611405285653
997,Pedestrian,0.9406402008933396,0.0,0.019680651035040738,0.0,0.03967914807161965,,,,4.519898737058504,13.839871677144423,25.775035171755235
998,None,0.28467981116325664,0.1502068002263431,0.17147274286391767,0.07489888526631722,0.3187417604801654,82.67217293054,1.1431283924047264,0.0322700522410177,0.627806944544987,119.69793281197637,-4.703599273482771
999,Car,0.016353306578278253,0.02140017627833613,0.7983507895646189,0.16389572757876678,0.0,50.237631543530526,19.09304762833728,1.2393550853431974,21.698040796472174,43.08671393470262,5.085958049737258
1000,None,0.2499381061611116,0.018439645215944683,0.05127814720410152,0.49267369464113364,0.18767040677770863,,,,-0.7450592904295175,84.65819023434412,-4.121656849876595
1001,None,0.12535747810221706,0.2999545139351974,0.24806879681179703,0.18043300873850163,0.146186202412287,87.23241204777877,7.977483212528114,0.13010946616242852,-0.9153231059763645,95.46257886771181,-2.0705788657227164
1002,None,0.10812682383357916,0.2549069205523876,0.274835532966618,0.1477715070635721,0.2143592155838432,70.53984992721736,0.2675596656796273,0.03255234625245662,0.9184758093668022,119.1565729264613,0.31679778589811214
1003,Car,0.0,0.0021780858228057395,0.8792990165164657,0.08781868368650927,0.030704213974219394,57.820213804295825,-32.774679711280235,1.6991135978294738,72.0536538927953,14.705149351025302,-9.397088834751386
1004,Car,0.030599723983529212,0.0054440210486861925,0.8278965111090201,0.10534564712803232,0.03071409673073223,55.750058453298514,6.144389053323462,1.4922606418327335,47.6311218441021,24.993698641361036,-28.189590514375347
1005,Pedestrian,0.927007770324941,0.009952005929704444,0.02507076944568242,0.031083580436870824,0.006885873862801355,10.400607986542477,0.5303193816194022,1.830328299431833,4.465978938812838,18.828463473418594,-7.891955407391916
1006,Cyclist,,,,,,31.869711044411126,16.68807759731133,2.2042010322669854,21.16061323424176,28.41245663979301,20.835366682716977
1007,None,0.14215931878001473,0.08664223734489035,0.33639799333061043,0.3265225928712591,0.10827785767322538,67.59036103550689,-5.7076312758261665,0.2723174936981643,0.6348875728738328,89.02320988982504,0.9805502753964568
1008,None,0.27160240212904385,0.2168553187851006,0.23393164159761626,0.19218334676810644,0.08542729072013278,78.44713255331376,2.435632572085124,0.23550945500934117,0.9133241614895391,103.54791814457568,-4.349615402788068
1009,None,0.192168603164947,0.15102898777465396,0.40123980838756956,0.14223239337774252,0.11333020729508698,53.71832875748437,7.13484964814516,0.4300731559004968,0.22417513804695055,105.67806283617219,2.4925811534592874
1010,Truck,0.0,0.0,0.15723731988742984,0.822531676790644,0.02023100332192604,11.761997983691247,0.7912533337331631,2.1358954805772683,55.08116785083319,82.74862595274173,17.65180302445504
1011,Cyclist,0.04521060013751363,0.9205788159230378,0.002496053736251528,0.03171453020319714,0.0,6.658876907142485,0.040634562832591016,1.151822309050081,23.557640047636852,33.345058143384385,17.209437118200483
1012,Car,0.0,0.0,0.8079091359721451,0.19209086402785486,0.0,14.014878108515807,-3.5370563585646226,2.129145675927821,51.32230190394619,75.26010520574859,23.480852517936
1013,None,0.2685138755036221,0.15058756299541284,0.20697239184492608,0.27381526253619876,0.10011090711984019,93.29783009724342,-8.50255925062353,0.06865127083943046,0.03662927988414966,86.74260522453778,-3.706407717283502
1014,Pedestrian,0.8834330393598413,0.11656696064015855,0.0,0.0,0.0,22.046449439884952,3.3008144417629923,0.792293922061072,4.314234306508483,20.816889388054868,21.486910252438047
1015,None,0.11513136223289996,0.19049059939794757,0.2976089381845976,0.1564979458998321,0.24027115428472276,53.742442524278154,-2.5189301095492667,0.2490001199188726,0.9160690393792201,93.23151280828026,2.608740520772744
1016,Cyclist,0.14845603309476396,0.8281792339627319,0.0,0.009506368140900886,0.013858364801603396,36.38790528636931,-7.56481696004067,2.511125155836258,23.21226701923041,30.84745311414342,13.748954649992895
1017,None,,,,,,67.32911268961773,0.535425666306363,0.1388554709541882,-0.17650094197746746,92.65271348042671,4.390576587903311
1018,Car,0.0,0.030687480458356575,0.9045996031137905,0.06471291642785293,0.0,10.327824836924563,-1.9331187040878275,1.9715731339910516,35.79868007814325,15.877210762554975,-12.519004880779722
1019,Cyclist,0.13925604453435922,0.8138228266282764,0.019758997663479952,0.0,0.02716213117388454,27.262994660164367,1.6416460387529108,2.9664021561894938,15.633319037675614,11.528869423222757,-1.4705705555415602
1020,None,0.2917394896479861,0.06765794496839175,0.2312093542636049,0.16224999936271817,0.24714321175729903,64.12815993595831,-6.3813837051582105,0.33385087854132145,0.29688378596685694,93.74898895312641,2.6973340257404432
1021,Truck,0.0,0.016879193632751654,0.12366942913751461,0.8278861309344971,0.03156524629523661,94.01859144068612,-10.339335038959854,2.8284137668497693,38.8728046092544,103.57247500546868,16.940434478267456
1022,None,0.08090031641102227,0.09611184061473997,0.12376560928892731,0.4601530417732487,0.2390691919120618,62.17325913922408,2.577351905900926,0.11157886420146329,0.713344183908835,109.5562364589628,-3.454091000562766
1023,None,0.3225754624298156,0.07940847134056958,0.2935825330857736,0.1079800488728367,0.19645348427100456,94.78135656016997,8.998152186619087,0.35940867346363237,0.6401155799493281,81.03468326901681,-3.9725408946057894
1024,Car,0.01777870199152951,0.0,0.8968878876977681,0.06975506058807698,0.01557834972262549,47.69276168010861,-21.79001987598077,2.9386860424493477,50.20552072711775,39.68618688055272,-10.433027384039939
1025,Car,0.011255874120597179,0.02457474665324693,0.8720573751599273,0.09211200406622848,0.0,8.982076217949864,3.082753212638968,1.0898723809317752,27.572033229087452,43.01640030385657,18.658296763635743
1026,Car,0.0,0.0,0.8145948883003818,0.18540511169961807,0.0,,,,72.25883236980388,69.13730579046303,-10.950805271527358
1027,Pedestrian,0.8802296070964308,0.11772358146036929,0.0,0.0020468114431998093,0.0,6.333851605102311,2.56822114164474,2.1263885540077965,1.11761763437498,28.67957651342668,-10.62643548744444
1028,None,0.27400920016411173,0.4123748721842243,0.09872188923211883,0.14131608167252724,0.07357795674701777,61.34481699781114,-0.7015070576830436,0.004404503696758155,0.9055590515341108,86.18827527450387,0.7334562147560337
1029,None,0.4432656124996501,0.07875790287561324,0.28640472528173905,0.06162901940630501,0.12994273993669264,67.7784177480529,5.435607045699255,0.3076246026085488,-0.6163904167308238,105.27182483219093,3.8755530094635517
1030,None,0.34232934138515575,0.16927626819699285,0.14142703967671852,0.22281031624984945,0.12415703449128342,,,,-0.8026558038291731,84.01866317217446,-2.37732094500825
1031,None,0.20324583615011677,0.14005084760437406,0.17005071457622256,0.4152261851530679,0.07142641651621866,74.4052795934412,-8.025065626096579,0.33877065801120543,0.7261348016208782,104.36735182753594,0.7394617972175368
1032,Car,0.0,0.0,0.9905298661030936,0.0044572032391796915,0.005012930657726743,31.3658661071129,-13.525380736759606,2.8042967276563258,69.98508199494849,32.79735614220779,-27.103195861118742
1033,Cyclist,0.11384097030214754,0.8364541382895653,0.014510989065515343,0.030364978635878042,0.00482892370689372,32.54947658864606,-11.110425105055215,1.3953343338995858,16.48068454193705,39.75911148936128,-5.535521289270768
1034,Car,0.04850371322251437,0.024695732546958483,0.8327429425159405,0.08421257337280028,0.009845038341786455,37.406639491585565,5.723083606708875,1.5879393637796606,53.4434152240392,50.04993661362973,25.087004720679072
1035,Truck,0.0,0.04531601614701883,0.14936332569721572,0.8053206581557654,0.0,22.61785248240093,6.55183857342877,2.5569549990267983,53.72521635524573,67.68274562622194,-2.1876217619835114
1036,Pedestrian,0.7587935904384355,0.12503573565229018,0.05095836692190885,0.01917805780543617,0.04603424918192935,24.33692055768842,8.967535515925414,1.6904168318512833,3.9643491864065585,5.906559920515555,-23.213660489823315
1037,Cyclist,0.14173651069921617,0.8422012053094945,0.010829668134189507,0.005232615857099884,0.0,33.583550724161924,3.0086669706388793,2.990779672883191,12.31177144035041,32.88693541420572,-20.00959348558313
1038,Pedestrian,0.8469779896558018,0.020194831298104943,0.08242123626257883,0.05040594278351433,0.0,16.04651048968202,7.836673197570425,1.9800552101117783,3.4116939073719084,23.580849583838905,14.280593048490074
1039,Car,0.0036516374998826094,0.04846970760850783,0.847299445007759,0.04352162922952475,0.05705758065432584,58.25668530274731,10.659969202692857,1.2159155241034891,65.87565166042633,40.79168905584046,10.724753437964994
1040,Pedestrian,0.867512834701314,0.13248716529868607,0.0,0.0,0.0,26.75554969546053,-10.467476300295907,0.4578033366725962,3.1585850195590197,16.807377248951468,-10.323235977598054
1041,Truck,0.07678792012286989,0.0,0.1171152937718045,0.7801682007743989,0.02592858533092681,26.211011906124728,12.113352321482298,1.2239444420706391,36.9676216626484,93.05751212071816,-25.684289981928835
1042,Car,0.07467054634794079,0.027885722726246526,0.765996299582277,0.10960870510006421,0.021838726243471447,58.105261102257806,-26.09245392614816,1.1350474949772973,76.8126061734383,79.38182994859977,29.172121409786268
1043,None,0.12040024807000037,0.09731547896035292,0.17097057469694402,0.4630858474716481,0.1482278508010545,71.25373323815099,-7.532927736418573,0.45538712206867743,-0.5514259270140813,112.63906662438616,4.81219938723857
1044,None,0.2617033609737206,0.07996119333677838,0.2502653169801927,0.061591691953602694,0.3464784367557057,94.9302031627953,7.617532729698066,0.07547739370582318,-0.4108155615782625,119.46451426737235,-4.784262235936833
1045,None,0.07130804004760335,0.41072967350390155,0.2656754884313131,0.13302883830606022,0.11925795971112166,56.96093967586884,-6.4737045162616935,0.1260762960294079,-0.37830345814567967,103.02523593092374,-4.718273886948953
1046,Cyclist,0.14267419942701073,0.8426473518784806,0.003653178274449972,0.011025270420058781,0.0,22.189940305687923,5.929377989770304,1.5195227840912005,28.455378864988898,30.877073501527686,-15.715255605695546
1047,Pedestrian,0.8876382611019645,0.029081369898166582,0.026270338550245936,0.055914149481974186,0.0010958809676488179,24.240360152831144,-6.933876006757271,1.837639524113345,5.088250867793741,16.90441329466769,19.351732750323198
1048,Cyclist,0.07291600893268131,0.85780201321171,0.04792845855251373,0.0,0.02135351930309496,39.42745539879116,-1.2468034829000847,1.1216948457464202,19.29414401508988,12.069023332405449,5.493911781686779
1049,None,0.1257614975817018,0.2697607079747271,0.07413954071493979,0.2765621011163554,0.2537761526122759,58.15084951677608,4.511804846723507,0.2225262595365619,0.4278558963706114,81.06400921852021,-3.2127896403284484
1050,None,0.2619504396177529,0.007381010978977766,0.35464436477841266,0.22270680739633597,0.15331737722852082,83.07816658702687,-0.1494343594936396,0.19331443382469204,0.8951538666462333,100.32374630971151,0.6125196251096199
1051,None,0.18182383181785383,0.4932730793018922,0.11516951622213022,0.04636245722553776,0.1633711154325859,,,,0.54736912598885,98.82315649425485,0.23880024901376373
1052,None,0.04684866952469577,0.2641987666830653,0.3720581556991803,0.049637475283743286,0.2672569328093153,62.59654023411517,8.05825670707836,0.38319287504127864,0.9309142863562931,101.87021786920752,-1.7146452304305182
1053,Truck,,,,,,15.73995776705351,6.18648969238774,2.607085324984962,55.72116909357158,96.68349898616324,-16.816995719954853
1054,Truck,0.04586726929828474,0.026288774278919742,0.16704283685232624,0.7048135841698936,0.055987535400575585,48.146170260757316,10.245900939981825,2.3826445309369157,11.177407377730214,46.59820078023051,-1.988818787727359
1055,None,0.3436960833631594,0.37816362616183913,0.031887862755982266,0.22363340490180245,0.02261902281721672,84.3749043348756,-8.86648669327055,0.054889620729085764,-0.5340974767527369,94.22260240868331,-3.547026463241232
1056,None,0.14460644628036648,0.025867003113623617,0.07864180019483419,0.402213943262909,0.3486708071482667,66.70572559279873,-1.720185065559983,0.4518621128756898,0.9435179518424324,112.40612839584686,3.8147138989344107
1057,None,0.16966746739977498,0.4937379037898748,0.11408038699175782,0.16210044726153766,0.06041379455705467,60.213180105143685,7.106066430941265,0.022483253975652484,0.26274815993821776,116.52352712207755,3.6799342269389523
1058,Pedestrian,0.9112050016809422,0.08879499831905788,0.0,0.0,0.0,20.57114859399536,4.120066343012698,0.9690132483682043,5.418391369492846,9.076999603192887,-22.113146008943872
1059,Car,0.0,0.031261804717888114,0.7424338153384675,0.20994395663453455,0.016360423309109914,11.87337070612306,4.22178098198394,1.7971016344805586,28.854149442027566,61.97594346952227,3.127869664191694
1060,Pedestrian,0.9107024909820592,0.0,0.05530120926959513,0.03056430032740588,0.003431999420939771,8.500447387914276,4.620529396251964,1.257073191890343,5.076155445980462,16.913506838782496,26.094902006673614
1061,None,0.27923234372704203,0.16407032379541384,0.1902174485155395,0.16526215667210112,0.20121772728990348,98.03218395407737,-5.729936547100484,0.4987119867405447,0.5527868481329756,95.87444688810143,4.070081212606208
1062,None,0.14839171828124903,0.31272849705208405,0.2381688709342406,0.23473656021144498,0.0659743535209812,94.21036284474874,-4.453557979477727,0.41599690393949373,-0.9323591136540337,95.00599583317738,0.07757215859017119
1063,Car,0.0,0.0,0.8381264854540001,0.14750861478568664,0.014364899760313207,43.23281255612836,-23.526792446007317,1.6932200030178675,21.189560490350196,64.52719050688219,20.35566863513272
1064,None,0.30406171341052946,0.21419417525947332,0.30921810320428283,0.02931122457363582,0.14321478355207856,58.16877869760515,-1.9309506173424538,0.45230168675872184,0.3689022087007008,85.67138041591357,-1.4609337598976921
1065,None,0.07511721166003445,0.25597724074684053,0.44560086038354724,0.07955627193811188,0.14374841527146595,58.58041748737381,-7.765754357951629,0.07628859592240433,-0.6635357640141823,106.95997707824327,-0.7916679627393277
1066,Pedestrian,0.8759002264871958,0.04818576309088481,0.026196238419176395,0.011737260796491959,0.03798051120625091,17.674082082341663,-1.0171751008460792,1.0041261130025725,4.797188817649304,30.36411285672969,-13.129429365041247
1067,Cyclist,0.08019025801709702,0.8753371290433954,0.0,0.02855979924613509,0.015912813693372403,18.97611069696567,-3.4374374777476873,1.8150246405323165,24.626402503618884,27.3312736768017,13.19686290860154
1068,Truck,0.03247870913733063,0.011366822178191504,0.04233823668740021,0.8759114292657129,0.03790480273136492,26.286005344542673,-0.8427860856911448,2.796472460112222,17.266510415115764,47.07124150575353,-10.882927815390094
1069,Car,0.02663145583377986,0.04075046766979734,0.7698404728725221,0.15057756465221517,0.012200038971685485,51.219924767770436,-21.6404238040235,1.5278638820941468,22.769007323055884,29.350052739445697,9.577350551309346
1070,None,0.1524449415821029,0.373258694113027,0.21572907474657718,0.1752384357303577,0.08332885382793545,,,,0.6835883950300881,89.4192318260306,-1.0613377728781437
1071,None,,,,,,64.80284557157609,-0.4526529230681611,0.19714435073021158,0.1593496556639551,108.41331964590549,1.7553916216329535
1072,Pedestrian,0.840957900871672,0.11385143474879524,0.0,0.03815425375798807,0.0070364106215448,5.836431510311146,-1.683811327454226,2.3115775360029787,3.4048009304376747,13.98170526171058,5.820596646211019
1073,None,0.1566249569064936,0.20266495835132792,0.14338213207336678,0.239976947275859,0.2573510053929527,90.55214709137563,-0.3261608970487888,0.07300760741150719,-0.4937018338351926,88.94365844449375,4.577252764451044
1074,Pedestrian,0.8711620030067105,0.12770581499097625,0.0,0.0,0.0011321820023131586,14.74503653730938,-8.174178744117711,2.1855478776583936,3.804802729506857,8.654970562614922,10.061463301321274
1075,Cyclist,0.10786160123985976,0.8921383987601402,0.0,0.0,0.0,39.69766466739395,-5.664703614836876,2.0869827908349254,13.342629265355763,7.18069951693848,9.23284393890587
1076,Car,0.009633809703612432,0.05119018385504566,0.8489101964024522,0.01891106824846005,0.07135474179042944,69.55200310223762,0.40934066226388854,3.1589879755572974,63.36888280118472,65.70195314193968,-9.493221302435842
1077,None,0.25364922064483525,0.13423113926321814,0.12222281792784694,0.35177243734812014,0.13812438481597947,67.91616310659964,-9.593121267715084,0.21951230034393587,-0.9423857244307601,98.83371806136194,-2.940454408017069
1078,Car,0.0,0.0,0.8208853157291758,0.1791146842708243,0.0,5.005610247379693,1.9126005718461576,1.1537775782337902,39.44022448853862,91.93204493570312,-28.4395771570112
1079,None,0.3110372198291131,0.36877165211837937,0.13471626880881957,0.11267304952841999,0.07280180971526794,99.75366079217125,-7.157380126158907,0.4311132102983492,-0.9545717775006637,118.88891765757394,4.650478997433579
1080,None,0.2662271885524037,0.1265044402581755,0.3839137426415937,0.0510406365784985,0.1723139919693285,66.72274076075291,7.682759265766293,0.03670604678719619,-0.6646390469401817,83.5431063971982,-2.9767714187699204
1081,Truck,0.012135177959335674,0.01995680665086656,0.0009632308325807783,0.966944784557217,0.0,31.222071135730378,-14.111954819930311,1.2558542776629984,55.09024696474484,58.01107445184592,-20.41618755817402
1082,None,0.25690751702145537,0.15339764433968614,0.2530698155613916,0.2438653315671792,0.09275969151028761,66.51478114840637,7.445657778040349,0.4586669600731197,-0.45489893469140674,116.50050438156427,2.369655547272888
1083,None,0.06179771969284637,0.36822262656139265,0.28788538290395516,0.07685070894075327,0.2052435619010525,97.8899795774993,2.5644446458197283,0.024996808752458244,-0.6862673407022688,108.7227641078842,0.32530039064195915
1084,Cyclist,0.1478592359604313,0.7962235672393907,0.05591719680017797,0.0,0.0,23.19800583637863,2.6360769070218146,1.852720118049442,12.270791149965646,11.02911695660471,19.436124476991974
1085,Car,0.01405811938056634,0.0,0.875910460348538,0.10344628635833228,0.0065851339125633755,25.568749131188916,4.042026268761365,2.363693325639909,38.361976316750145,45.59285173072506,10.9196509696796
1086,None,0.043485145980832654,0.20315729875120564,0.18622406626166643,0.2586961665502005,0.3084373224560949,74.07196576778976,6.418116574037484,0.41229732077547515,-0.9913073923847753,116.44982709832473,2.606946930862403
1087,None,0.175524870212509,0.14331073493741034,0.13366859542452,0.20892016729760812,0.3385756321279525,78.27369776699862,2.8869867198107038,0.06889823388687122,0.8014308084038191,107.9666369158294,-3.1056980271692245
1088,None,0.22494168868970618,0.00893055793923821,0.07300244289412798,0.1885643854681354,0.5045609250087922,53.940572460728085,0.9361114841726863,0.3865507476009688,0.3970551259388253,83.97967030538334,-4.11479450285859
1089,Cyclist,0.136238552663361,0.8176442976007827,0.023243162515587126,0.022873987220269155,0.0,9.029871488726076,0.722956099631326,1.688033572505143,26.806390016861712,16.02039196602557,-3.8648045477706057
1090,None,0.1901150764768462,0.3571561319756234,0.10106805454980433,0.23879824005933,0.11286249693839608,86.88194880097619,-2.4341689514145752,0.4968968983185608,0.6304968688849582,106.7878954916693,4.894162910871266
1091,Truck,0.0,0.04693325377815704,0.10137351297784018,0.8316786923807271,0.020014540863275507,25.107441377563067,-13.560656190588356,1.0036128084246865,45.36937234547629,114.56483817535954,25.39020399884269
1092,Car,0.023060597517963282,0.017503780055521494,0.9479820864551619,0.0,0.011453535971353204,51.27444648128291,-4.814451187763968,2.488620996001927,24.463495635126986,80.80663036917069,15.39939687862425
1093,None,0.1096186567578793,0.07074275722863449,0.5972991562217932,0.06328481280788502,0.15905461698380793,51.76174546563856,-3.012610992819482,0.3317573713966676,-0.5281064462144864,101.41970575145064,4.532316963642181
1094,Car,0.0,0.0,0.7908317918826232,0.20916820811737688,0.0,66.83098322735809,-5.332298464088463,2.2556860128972054,49.333741748043224,25.436853762530294,4.681885984856289
1095,None,0.3883585707072945,0.3939071070581717,0.06611066426545384,0.0955307757928961,0.056092882176183856,68.06083094339918,-4.805778397950851,0.04631823136170787,-0.9459631639210286,118.65501391977598,-1.5866947826503375
1096,None,0.08869391577762885,0.29202985922392344,0.24834839012481263,0.10792265811521001,0.2630051767584253,72.89816580249719,1.3394488793358317,0.2082045938635943,0.9051913438931232,99.99324610145328,-2.468203671907397
1097,Car,0.0,0.0,0.9640565438131373,0.01273075379147833,0.023212702395384296,57.95442405963448,7.782008068063522,2.4783426356681892,74.91920389418065,42.27055430592705,12.166149996833122
1098,Car,0.0,0.041569020824786744,0.9458762567903097,0.0,0.012554722384903466,69.5321720569816,-20.965682784406813,1.127591035150407,55.278126519870256,90.2248952535559,-20.82701752415072
1099,Pedestrian,0.8737503590759164,0.08110740000415395,0.04514224091992974,0.0,0.0,6.900940491953198,-2.2110265268529488,0.9225809560113089,3.6217712773324164,5.826383249744817,29.168756620536286
1100,Car,0.044181580342013055,0.051153223175553736,0.7797501239081608,0.12491507257427241,0.0,38.58008807477573,-16.455190839035694,1.20656240208516,56.48648510403735,53.18539885373899,2.7046474359847408
1101,None,0.13236645046272938,0.1790570751770337,0.11208826194655552,0.28147530937399995,0.2950129030396814,76.51291374137583,1.119974496681417,0.22561584930390172,-0.553261896684226,91.24189603823847,-4.897448506218362
1102,None,0.27568205946049595,0.20759170873266136,0.06668277897574994,0.35148374926674253,0.09855970356435037,58.88296840708934,-2.6552941046943275,0.31111887921215253,-0.843941775989713,113.85034448763793,0.9806493342977518
1103,None,0.2862908037553318,0.188593330974486,0.16744125000369003,0.17643956708975939,0.18123504817673275,87.28243417561555,-3.428609430363383,0.2538247142010196,0.5023511874121049,86.68060107549096,-4.016061356009647
1104,None,0.1712768617131683,0.13649907453935925,0.16758788441969727,0.25173574368229246,0.27290043564548266,75.82593434122265,0.17217895273332218,0.11324182474194844,-0.9407323615266134,107.6252189019781,-0.4282211387669985
1105,Car,0.021522356305641633,0.0,0.9039939501862754,0.07448369350808294,0.0,19.342292680781032,-8.431380321796677,2.3009066375444696,54.27539504480673,80.51995363420559,22.95224952514561
1106,Truck,0.02255185000782742,0.013200327303096443,0.1399360509101192,0.8141578022861944,0.01015396949276249,61.09072522957751,7.51859735397455,1.2145698632122879,58.4542557971922,114.88040491193779,-13.867119601236052
1107,Cyclist,,,,,,8.676710689036735,-0.5174475397930559,1.9693694203298662,14.055565061955125,15.321366351528539,-21.064889398226367
1108,Car,0.018139996224506443,0.06018405088603607,0.7804712285319596,0.1412047243574978,0.0,,,,27.047157939702764,73.01655548212108,-27.267432755995586
1109,Car,0.06829667996993957,0.04593280160518886,0.8494425125953984,0.02757420670732407,0.008753799122149254,60.2425721046576,17.217821612656856,1.6257720723304572,,,
1110,None,,,,,,99.38644914615085,2.2400867834372757,0.21136508309299534,0.39829612830203365,91.30921879967755,4.882808183755289
1111,None,0.059495334408953666,0.12812542118256917,0.13438858214151095,0.48144989751997935,0.1965407647469868,66.63453406656055,-4.262362044132986,0.38215601921461767,0.8299225640215138,85.49769703428714,0.03158153469299574
1112,None,0.16856595343371172,0.17182773083458305,0.17484163117885076,0.34920497021603975,0.13555971433681477,98.85515701938459,-3.405939260637238,0.3373942637541372,-0.7565202294793334,111.3456044503612,3.4410820998716556
1113,Cyclist,0.13349214528381734,0.7841511995046734,0.05549051611276534,0.0022355026348580332,0.024630636463885924,5.661297970199183,0.46140110100942705,2.050303462401066,20.202354204505454,4.739613957979047,9.523961053796178
1114,None,0.2657578991155075,0.0432299599115983,0.2712353000558339,0.3490885429701632,0.07068829794689717,83.58526083420006,2.9034013870906037,0.4316327917459868,0.273492326394271,84.04457504744376,0.4793468989917784
1115,Cyclist,0.15636171572174515,0.7888676360644954,0.0,0.019966783133254944,0.03480386508050439,6.929791405913759,-1.3236097568149363,1.8143585647844997,29.850463033787637,31.37254719645631,9.682329424278217
1116,None,0.37858893538021465,0.09279363266147424,0.1911232202853846,0.08814886760976214,0.24934534406316441,81.45907272885428,-8.018442709596997,0.30320746598953907,-0.012662678549374862,82.69984981196919,1.3922044688353585
1117,Car,0.014370610988912992,0.034090462465043735,0.8205330404472655,0.13100588609877784,0.0,65.48528832255317,-18.723472460496822,1.8639416011769299,35.32806193376104,95.16010796959426,-9.980074612902332
1118,None,0.3008801849380252,0.19172547655179326,0.08373517760543782,0.17320967480693986,0.250449486097804,98.39737010831394,-0.7173762440468785,0.32066222053357885,0.27265245203945576,108.8039598250275,1.2465552528855035
1119,Car,0.004161002546350696,0.009471715608872729,0.7845580220286896,0.17597186916416752,0.025837390651919548,33.51601695368498,-1.3002204671041138,1.583031038329801,40.03546895266555,82.67746471753516,-19.045489434366615
1120,None,0.1050677240634691,0.1366388835386066,0.2168329332562194,0.24304073408384408,0.2984197250578608,68.54740388150834,0.09887261235670586,0.4198419852360166,,,
1121,None,0.18572630547057753,0.24333482776984483,0.35186712854538144,0.1569688000710484,0.06210293814314777,75.26996512861268,-7.311217881443466,0.21022774628388052,-0.29662299426910077,115.491946796968,-4.40698566787667
1122,Pedestrian,0.9084474806260624,0.06594376603811497,0.0,0.012097353017499079,0.013511400318323426,7.992340323198587,0.5627510387587031,1.2693654833140136,3.8695626828540135,7.604585244283154,0.7200419991999272
1123,Car,0.005799377222914967,0.04823506706612643,0.8702129646504098,0.07575259106054884,0.0,66.21006758107887,12.501411512797928,1.843896379869034,73.30027824646851,27.81772681819402,3.861534638287182
1124,Truck,0.024012408173300026,0.02214953876490588,0.10393038484658057,0.840068594502918,0.009839073712295502,9.004869234594556,-0.4830166590778799,2.6424874364818636,41.40250363058038,11.861321442178815,16.42558645062499
1125,None,0.12335617217526387,0.0791344162129656,0.16400877000799638,0.2724806494648653,0.36101999213890895,94.12006672299246,-3.660115471139404,0.3212301672341472,0.16897365076905357,101.02848808046336,-3.185601665686719
1126,Truck,0.0,0.0,0.0670131503638942,0.9329868496361058,0.0,26.617711340209073,-2.089534136166807,2.8458338542800603,15.130856007375503,78.33270114598187,31.037713065538327
1127,Car,0.01843003847825524,0.0,0.8729811870772526,0.10858877444449226,0.0,14.710983880994604,3.510105728503516,2.3858304671254067,37.87228730006993,42.16860206124451,-5.633505762978326
1128,None,0.5365508633375666,0.11668870537371949,0.12737254371659132,0.06429810527380045,0.15508978229832202,71.37794717986188,8.926580198775895,0.13048442399076798,0.22275587732026358,91.26298887529137,-0.883123754859727
1129,Cyclist,0.07981337103100294,0.8091138683055383,0.04646564560031408,0.026542212822085114,0.03806490224105952,36.531605575264265,-14.660436673934756,1.1492545555725693,15.585341758009408,13.630883700481164,-18.415747302817532
1130,Pedestrian,0.9815775528890546,0.006940693273498426,0.0020091400414390293,0.0,0.009472613796008026,21.631805728173212,10.281989260315155,2.3176974253476046,,,
1131,Car,,,,,,22.2029880656088,10.46195173450302,1.5674880538500804,31.932383961797008,58.84584483177169,23.632658492472817
1132,Car,0.023643249536905036,0.03614680695062169,0.8313731632845969,0.1088367802278764,0.0,5.931427504778244,1.8661086560944937,1.035023502376225,49.82712513559308,35.3051213227929,31.41494597415671
1133,None,0.30573120173462554,0.07742772815766016,0.19535157838045517,0.15605063915799935,0.2654388525692598,54.51079647932846,0.9135303167312063,0.3424973613237931,,,
1134,Car,0.05610028330206043,0.007214094384350232,0.9077679761598367,0.028917646153752544,0.0,57.74050018739613,-7.5666178464931875,2.889998820192707,28.17516518247487,63.16488657781277,3.4921682755351005
1135,Car,0.0,0.0,0.8383772966653794,0.13944831949604283,0.02217438383857774,17.544695414758745,8.221545085840013,1.4487898996149537,47.03078590427938,87.87936116697556,-22.19431956857468
1136,None,0.25651534541512705,0.2246041534209699,0.20194037684761654,0.04772096165765436,0.269219162658632,73.14799077225028,-5.914905511633311,0.07569673209222366,-0.3322746770508582,86.4021210127035,-4.915915691092478
1137,None,0.15950604466219315,0.07099095897317952,0.24680991961977206,0.252985849013726,0.2697072277311292,67.01045606865837,0.8600850845625487,0.27635111112706834,0.3755640824782771,111.59169953543895,-4.750289751603177
1138,Pedestrian,0.8618135194234124,0.12837001297609024,0.009816467600497248,0.0,0.0,7.50798024690599,1.490586321242071,1.3379029858833849,5.882446416499323,27.366328463695382,-24.119748541788606
1139,None,0.19741735913854971,0.18229349192028932,0.09819387977469542,0.33272604959922264,0.18936921956724284,92.73390580806776,1.5761379640915063,0.1294780462469693,0.6052935187856405,84.03806072511023,1.4413937373497188
1140,None,,,,,,54.96605323908833,-3.520149990687889,0.2519415127478927,-0.12911301641080164,100.98584361965507,1.951572471880806
1141,None,0.20085886403856487,0.16163215594268399,0.127825148885904,0.34621246667473476,0.1634713644581122,76.08400162567182,-7.767168569232696,0.39793265238465925,0.5916911157477773,86.19647761469864,0.38357156800775627
1142,None,0.418215572919038,0.08782054983881686,0.22568438855831544,0.1215723476159148,0.14670714106791483,63.297292794889586,-7.321484750284501,0.20495942243354487,-0.4319609399330917,113.8398342229917,4.8123835100663435
1143,Pedestrian,0.9575148192375524,0.025199923217945164,0.011155739424866631,0.006129518119635866,0.0,12.70809329224244,-1.7060821102632702,1.1579580629522108,1.8279737962314169,16.644817782762203,-31.105209910916212
1144,Car,0.04270705509595627,0.0,0.825790729226125,0.12309333708560193,0.008408878592316822,71.15986463929534,-11.93413724817768,1.4141260497386745,54.15233936012908,66.18493964244851,3.5298794676821768
1145,Car,0.0,0.0,0.9983903366945587,0.001609663305441291,0.0,47.262313281996974,4.820111958780193,2.0135951208874308,40.058899576689505,55.768016812742104,-6.33273712667903
1146,Car,0.06013145061898634,0.02196909465500567,0.8683538749468525,0.04292183405174071,0.0066237457274147425,17.534772054560694,0.2998586578877774,1.5555521101676626,36.62596525383251,96.13630966744543,1.5239672061357596
1147,None,0.2955781029019856,0.12023897084154947,0.1649345994632354,0.25415642157628243,0.16509190521694703,60.92796456434145,0.2827343666363724,0.12767477926715337,-0.4485554981141311,80.11038594021124,0.7015111200168391
1148,None,0.15051043431410924,0.18112836223048426,0.06359699887253395,0.12590784642266328,0.4788563581602092,84.90815184018277,2.791295612093476,0.388221027842134,-0.14217477011855895,86.06506117416914,-0.7040643577980603
1149,None,0.31238440704494763,0.3152866864319636,0.008371470396290846,0.32161341073337335,0.04234402539342461,78.04610323850784,7.952974507206619,0.05005727232800877,,,
1150,Pedestrian,0.8792433377056902,0.028545587110970626,0.0,0.048852899079810996,0.04335817610352821,27.11910870334961,0.6995192146925938,1.1829250483954659,4.279319416713132,5.832129987456773,-2.3049184026060123
1151,Car,0.010970138590320132,0.00910416453034775,0.7916379016186903,0.179335739091189,0.008952056169452684,66.77512241163716,-38.63347888779753,1.7906276882582999,56.45808482056086,40.6716556719648,-28.65049607744846
1152,Car,0.06232032922367505,0.02004854113735245,0.9001517800547646,0.017479349584207896,0.0,27.27392459732746,-7.80831695005958,1.762084859057586,58.50253435567233,36.11068051221557,3.21367148361806
1153,None,,,,,,86.4305720836365,-0.24060628376822812,0.22946983046759029,-0.2774736884104685,87.27477729686666,2.353901005357393
1154,None,0.04348032459868936,0.1701755097061227,0.37409208695649043,0.28195552711395017,0.13029655162474735,83.67620217590007,3.585372500900297,0.05464070935675208,0.2610820090847019,96.32689554924147,2.6285164530576353
1155,Cyclist,0.0866644359247604,0.8680744611662607,0.011121700562128446,0.024843859991563914,0.009295542355286547,17.38124297722051,-6.464162310433214,1.2465777859970177,12.927901717523742,28.981686867456247,-7.213352145714287
1156,None,0.012222091024084808,0.2384066538936458,0.34795125364447504,0.20926660880823292,0.19215339262956146,79.32176017684998,-9.609293060209785,0.10528303292430252,0.13793014509986823,105.81559550677869,-3.4025783657652244
1157,Car,0.0,0.0,0.9219874850718729,0.049636144975723204,0.02837636995240408,8.93948643666051,-4.56258149394016,2.412337436296022,60.768479135291926,94.77883179640169,-10.714935646592654
1158,Car,0.031516439423071335,0.027465921341334642,0.900059801731922,0.04095783750367214,0.0,69.83328304861081,-36.05342152958566,1.6826600886268595,45.14893330362272,85.9928535068079,1.1116668569826946
1159,Cyclist,0.09464492258967645,0.8671034668329229,0.0,0.021654124313738594,0.016597486263661962,11.97296120419234,-4.048612620947309,1.7662887698752032,12.559995652789098,9.204972548441765,-33.07822248938947
1160,None,0.06562961793067425,0.0898015686058901,0.36477581960065514,0.22544804986602895,0.25434494399675156,66.85977210153352,6.031244351505812,0.4071045033377056,0.433901490633432,87.46135687344633,-4.069508870118708
1161,None,0.14751894153347275,0.1292017254791553,0.32762203866448897,0.1922959355373448,0.20336135878553813,93.76899889595434,-7.21289483478619,0.19949020228065117,-0.980637829440701,91.38091841754827,-1.2041674802212055
1162,Truck,0.040164057215134205,0.05419732884537969,0.009352878537527528,0.8291160463584988,0.06716968904345971,5.167118595695373,1.1761801009300643,2.1286082155986197,50.07080989993315,97.21546973638148,-16.661100952285317
1163,Truck,0.0021114681831457273,0.05455519778146273,0.0,0.9342752668396633,0.009058067195728233,50.904122403858565,25.32051708698009,1.9562291957416387,25.86514276854187,27.672060005698537,-2.211244309757523
1164,Cyclist,0.11800509627397722,0.8819949037260227,0.0,0.0,0.0,22.9259491984737,7.798488782784583,2.6621778828148495,13.55192361919515,36.92788092757267,-19.149116342818832
1165,None,0.6800955315749502,0.08741787566684973,0.07533194965824674,0.0246877636646413,0.13246687943531205,58.40103746280486,6.34066054440672,0.08068386147718443,-0.018330288106033432,103.78126675411002,0.5963302428673156
1166,Car,0.0,0.0,0.8119137568802246,0.18808624311977545,0.0,14.3273611439644,-0.8805193219384873,1.3812657616050419,25.307455277035338,60.95511837927712,-27.238739960499874
1167,Car,0.0,0.0,0.9492579964536694,0.048617673337310235,0.0021243302090204804,14.098774383435929,-2.9838974953832067,2.189477965818884,63.92277164241637,34.59146596365352,-26.93140993568366
1168,Pedestrian,0.8845246142920512,0.08758088062363663,0.0,0.027894505084312186,0.0,9.617581241804976,-3.444538580527205,2.0502688900529478,2.2383409830458274,12.311409681259004,-9.22454072785682
1169,None,0.0276290053125152,0.05392083102825317,0.26825334455898875,0.4546671652510845,0.1955296538491585,50.92877978825609,-0.2063889723745671,0.224145622102432,-0.7323971969971725,100.39683578739576,-2.652492399804207
1170,Cyclist,0.062249409631093766,0.8034348807469539,0.06923126874127486,0.061434462607801076,0.003649978272876474,13.015263257071506,-6.210767270750473,2.53305558240611,16.351776248417842,27.669932027496877,15.871060815799078
1171,Truck,0.030521229772094826,0.0010062469170754045,0.11760251470402797,0.8508700086068017,0.0,41.100697430979686,-19.07923392935974,2.182041105776635,15.577610003727536,44.96613624597136,0.03534136180011638
1172,None,0.1542133814362886,0.49202313160006894,0.20498851683225183,0.04754375184018804,0.10123121829120257,60.2449717607194,4.060156354742862,0.26068287947209007,,,
1173,Truck,0.0005665897123016833,0.0,0.13395580193421172,0.8396851778778976,0.02579243047558899,,,,38.70130042462956,26.16114275686004,-31.804004463712523
1174,Car,0.027539628642336333,0.012951904762559387,0.9265061441581395,0.020156339924733292,0.012845982512231527,72.82678797691322,24.79609694820493,0.8265517142735239,27.907284171412186,24.31627784928326,3.878221478639816
1175,Car,0.03206179387674026,0.032018444345412435,0.8309813521418935,0.10493840963595381,0.0,59.54907533981974,15.409310929472817,1.2128881432394358,59.26208975669161,52.635042967721745,15.740818054369987
1176,None,0.29554204675564427,0.11317548287975557,0.20988089820289738,0.2607602301729422,0.12064134198876063,86.90784889926437,7.888074452088041,0.3448016431014811,-0.435005519609615,91.5510143764217,3.641238803546324
1177,Cyclist,0.12672914155126672,0.8680754285653848,0.0,0.0051954298833484305,0.0,28.849859034686183,-0.29763180916006204,1.4181033771070437,20.230113887929882,8.516714181108723,-26.848935522900653
1178,Car,0.016665320714804407,0.011314541796256235,0.8755167294321259,0.09650340805681344,0.0,,,,28.208211741871505,86.00837379045481,14.898164596233904
1179,Cyclist,0.12133024258123822,0.848629164618163,0.0,0.027275600959073974,0.0027649918415248395,,,,10.046336489934037,6.038963116363669,30.1336318851109
1180,None,0.062220896166480036,0.4486960850783444,0.32251345281291355,0.07964977320011872,0.08691979274214329,60.785861472409714,1.1167253338543048,0.45324196524810545,0.208781024421822,110.79213891928099,-3.8459793037643086
1181,Car,0.025090868591459703,0.029229549478921667,0.852206497381877,0.054548422113789234,0.038924662433952505,75.74544851206537,-8.468857677255594,2.8043550724676667,37.70543407569356,55.39342140387183,8.209475845138599
1182,Car,0.021598891728161613,0.0,0.8692489075084292,0.10915220076340927,0.0,37.63189500023472,-16.455031565435497,1.757409101596146,35.3975590867959,66.58376808665344,-24.62462495102312
1183,None,0.10429659595202465,0.2751120487299586,0.07382950924555348,0.38080596118948423,0.1659558848829789,69.48296645784907,-2.9019160730513427,0.3644458390648635,0.8262001376040387,85.81630332223355,-4.40251394676474
1184,Pedestrian,0.9203172816508801,0.07310212935118901,0.0032840371781712105,0.0032965518197596343,0.0,23.62426533373331,-5.878472850599303,0.637611412837963,5.800046813376056,10.09256905491312,-23.209024050318583
1185,Pedestrian,,,,,,11.566348240392246,-0.5173773608428833,1.8591017954974245,3.1817454379466956,24.696363531380502,11.100104264226152
1186,Cyclist,0.14961111005789465,0.8503888899421054,0.0,0.0,0.0,16.282079977929296,0.8567712409771668,2.1595208935188137,20.602638631707563,28.733768331439318,-25.289504746923914
1187,Car,0.022933131556757545,0.0,0.9217302876428826,0.05533658080035986,0.0,52.503528351987455,-27.981071023466026,1.5531570470453953,74.05324690162361,45.84730642138157,21.79982447230814
1188,Pedestrian,0.8601877449558165,0.10166168739999946,0.021399269043887868,0.0,0.016751298600296127,14.383835098643548,1.8529467031761417,2.4919448456760156,3.0462282315228055,29.661756253911015,13.332158356254258
1189,Cyclist,0.08275470857128168,0.7907568402653491,0.028787265351352995,0.011202238178129337,0.0864989476338868,23.175976467942917,-9.486186227829606,1.7751026393689853,16.838023286216586,29.962517338038833,-16.42014830720585
1190,None,0.19823587639278467,0.01078151330032886,0.3694295509940016,0.3601634903574865,0.06138956895539835,65.1503350383758,-5.382648683976545,0.11169483416821424,-0.23129933131170133,86.84657499033224,3.8757184498775956
1191,None,0.028809939426991966,0.11847567518675815,0.12167076095500123,0.35313582677562433,0.37790779765562427,80.58211669179862,3.529852268467206,0.0029103550504512854,-0.13767055722217658,108.23487427070131,-1.173613396666343
1192,None,0.3327038450135443,0.2781128966315617,0.12408013195082356,0.19279199563909363,0.07231113076497686,64.17539533532384,0.560606097903463,0.3411622893039957,-0.29152055170692925,112.06754863989305,-2.6324176540016997
1193,None,0.5057733747402479,0.11902941864443103,0.11001499529607278,0.07269214850731975,0.19249006281192862,61.042018614235914,-1.8431537730083498,0.21696124456617494,0.23678909051510488,83.43442362505068,-1.9230204811275997
1194,None,0.35139913946932033,0.09177830751626957,0.14589923736484184,0.08813676422958594,0.32278655141998236,93.52721954506646,-0.8757849143478875,0.18168631309006472,-0.5362247579855475,88.8801934100991,2.1540745482649557
1195,Car,0.02942437835978442,0.03878005884911302,0.9103037993681218,0.01698877148867652,0.004502991934304249,37.38359055477184,-1.4129686255527234,2.001055931246212,42.84522028780095,84.21707227049252,25.67751834004074
1196,Car,0.014528099583766125,0.018967100080129792,0.7998495944775512,0.14205125998831952,0.024603945870233183,28.049904748726654,15.092197810373158,1.106403103589055,67.77242366936262,14.932779782292572,-18.80546695737294
1197,Car,0.01592379748034265,0.0040357882178290285,0.9740301970415456,0.006010217260282676,0.0,32.06891362378639,-9.665164378030322,1.2300902782810463,48.87326839137696,19.079227559413063,22.219704774585374
1198,Car,0.03905385055299219,0.0,0.7950052386843238,0.16594091076268408,0.0,55.65045480957996,16.34257707232632,1.418622159863913,64.95105695126202,53.73371514519853,16.04740380656942
1199,None,0.2751739963458185,0.0814627013544871,0.11921193277410883,0.2525408982547468,0.27161047127083876,77.06581908210268,2.9484579791726553,0.13770319002987302,0.6027210661815163,108.74249251939304,0.7972865119861456
1200,Pedestrian,0.8620964858630159,0.11042393097052511,0.0,0.0,0.027479583166458942,26.81950121284811,6.878076538471507,1.2089132312345865,3.132978833694565,27.8009295562085,17.807917550145632
1201,None,0.15804612996226983,0.2620258532191581,0.19960608397357843,0.20636423337187632,0.17395769947311723,93.18764250350424,2.640915782950266,0.10948106249395079,0.5799296134795651,109.55724725948457,0.7658236950564259
1202,None,0.26118422164553445,0.23934602589480516,0.3139115463629625,0.1047049082764993,0.0808532978201985,53.91681106236357,-7.5971512328880975,0.32716965648069524,0.5166641736688675,97.02709923962286,-3.724015931670619
1203,Pedestrian,0.7740954899722986,0.054863684996875335,0.08879800707943623,0.026318104682502872,0.05592471326888699,24.838545003746102,-2.5099930822026755,1.3301563751744734,1.7740171305596257,12.812595279991664,4.099847682289562
1204,None,0.3099865280185186,0.28783749644409984,0.15728927236165396,0.10509025565415768,0.1397964475215698,97.6620706659321,3.8700905724948313,0.29271441423253963,-0.1339136041824207,83.57623524796831,4.981518880550015
1205,None,,,,,,86.96199782327753,4.249414747019383,0.039805412388339456,0.0438585772506046,116.17754269350927,4.016100561883221
1206,Car,,,,,,29.644973978176633,-7.418806962659568,2.6598384735293785,41.41749587149967,15.314449997313856,-21.85806471141105
1207,Pedestrian,0.9307680991324744,0.04206178806283719,0.0,0.02717011280468839,0.0,14.494805153643153,-8.087006570254815,0.6915648484875478,1.465643182313507,16.532161297580817,29.016104156921084
1208,None,0.2056440483226942,0.25108800366983547,0.36840050494547755,0.05205206624117016,0.12281537682082264,98.78100578579321,-1.4820627172886613,0.001110161005097754,0.2386007274949007,111.04352989792136,4.429421182236386
1209,None,0.24403799492526657,0.06730496305671571,0.23661536464505853,0.2865693102792446,0.1654723670937146,64.51546909210003,-6.5418257536431,0.2100231375654668,0.20258881979903243,90.64010814159072,2.675092470968168
1210,Truck,0.02529308101501979,0.036525752445938774,0.041703841872708716,0.8468782047844892,0.049599119881843595,11.138982410060304,-4.04608715317049,2.9788612764091824,14.755491267453218,75.80342039691342,23.42910908412345
1211,Truck,0.00886074390464425,0.04257119962122198,0.14698583968545265,0.7837894271150279,0.017792789673653175,59.73373733950764,-10.904940202212781,1.594099117921576,19.93133714078486,90.0745385369929,-2.9309276953130907
1212,None,0.32845488578332277,0.3190050885089353,0.020797231621959636,0.13280987629002547,0.1989329177957567,99.8459500035397,-4.607407440743896,0.07052658256440197,0.6433643118438037,82.56309972505387,-3.9460669253021297
1213,Pedestrian,0.8443447779253468,0.10058742524027232,0.010717388825025449,0.03464086334338231,0.00970954466597323,15.09675148779297,5.713439574733952,0.7326059185174403,,,
1214,Cyclist,0.050865125832521035,0.8432861352343763,0.012244335431044223,0.06725345158957031,0.026350951912488076,,,,21.73859085047152,33.20668866869476,-11.883701160802774
1215,None,0.2621381032212409,0.2146544681813198,0.11715624199713158,0.18327228774205584,0.22277889885825197,72.97187467307896,4.577815450644165,0.1936024089360589,-0.2132507167022153,86.34652176911723,-1.0914831936749039
1216,Truck,0.021359080062650845,0.03927454114532715,0.16030019180969707,0.768041828672129,0.011024358310195976,20.626616971755457,-5.116829518214664,1.9828237512604812,,,
1217,Cyclist,0.020175995396888864,0.9436149177069738,0.005613018608238482,0.0,0.03059606828789897,31.070582899010237,-12.133807889726855,1.075764592603604,23.269829828547763,27.55391634566561,-12.46027267647697
1218,Truck,0.0,0.0066946194293314104,0.1456177213727082,0.8476876591979604,0.0,28.471671310959355,1.368442285911684,1.2310389682349812,31.931543305047885,73.81872581107773,13.986921060284761
1219,Pedestrian,0.8026244778149852,0.11903774645130973,0.05158290684830015,0.00037217452472734905,0.02638269436067747,14.022656519916229,-0.8340174132671244,1.3371163324144963,,,
1220,Car,0.06085851195644933,0.018637776883701204,0.8594853440265949,0.04547755834199378,0.015540808791260689,58.523021323546935,-14.220850586972977,2.91172186137882,39.47066178205812,79.09345362567667,-18.43026821056632
1221,Truck,,,,,,84.91557778009795,-20.020532385400557,1.8848131807569777,51.542876422192315,47.96023459859905,5.447997977154066
1222,Car,0.01721814768465443,0.03989609002170221,0.7891048721823183,0.15378089011132517,0.0,57.744113397767734,-23.608260222578664,2.500982695215344,49.87535391660401,46.12557839490974,-6.072072135382658
1223,None,0.2713125199407141,0.25891580999962194,0.1210760444809006,0.23867186464193818,0.11002376093682513,94.29893256485128,-2.4592165084745865,0.4262238339284968,-0.46428470527900756,90.41035324107172,0.6766788436465285
1224,None,0.26895306798424046,0.053353818063777626,0.09878324977078605,0.3916060680055806,0.18730379617561527,80.23682549233703,-9.471202338521739,0.25064104957300376,0.465047494575044,119.65338536899384,-2.3990628649223513
1225,Car,0.0006734750968743171,0.0,0.8433495036332311,0.15597702126989457,0.0,14.679736984975195,5.211962735653926,2.559540041688717,79.38076308507557,63.260715893983466,18.658193101460824
1226,None,,,,,,93.13700218289205,-9.746432458884744,0.0035049462460912673,0.9470418515801657,114.23733937415915,-2.4798108741054836
1227,None,0.08416933689106139,0.1797151176895077,0.06752180551432038,0.1891595130696015,0.47943422683550896,65.62304212745886,-7.369629099615502,0.021669893804631524,0.10446876045813669,89.1717995356799,3.3161730763174795
1228,Car,0.008910857768109319,0.010992630886312091,0.9166457152895657,0.06345079605601288,0.0,16.54681782794539,-5.620663662319106,1.096104423816312,43.14062111213332,22.708966843469018,-20.782138812572146
1229,Cyclist,0.009640719195567658,0.8413692876340477,0.046201037080828906,0.03677328372032223,0.06601567236923363,21.197277286115664,3.066260103307692,2.9305607956715294,15.084524772179481,5.501767128441483,14.134779681784625
1230,None,0.45761794736637834,0.11456886975357727,0.012605306708749346,0.22163979706745207,0.193568079103843,93.41004737624161,-1.6277571742089982,0.48156510623339405,-0.7232107287102738,101.83618839335828,4.935451477242424
1231,Pedestrian,0.9278520793845341,0.042909981818138807,0.003030017371782212,0.005510120257551907,0.02069780116799285,7.063520862032922,-2.6624909278828515,1.569250784972656,4.808355344444085,23.06785495223681,-9.29142912482036
1232,None,0.3523793563253706,0.24008686886333694,0.19207261246809865,0.08551300733747873,0.12994815500571505,62.27291392002247,-3.3815538433281134,0.24917298359568169,0.5656689267437252,108.36140965303088,-2.306941328540045
1233,Pedestrian,0.9353245685847137,0.04954012425104679,0.00894412583178689,0.006191181332452625,0.0,22.799701324800612,-4.586968471159451,1.5778191566788893,2.7370329717583397,9.178789935104524,22.148419278904434
1234,None,0.3869428474806593,0.019677204947400655,0.18767422866579922,0.08889898247361253,0.3168067364325281,67.80366619004975,-6.342591295307303,0.10527029420187228,0.1935458876729481,81.31257266494546,-0.8644844076511191
1235,Car,0.007051202706048294,0.009750474721108276,0.7079891339480753,0.2684313763042702,0.0067778123204978455,43.83253793925267,-0.6833085296531727,1.4381880367619853,22.057201986015187,53.99459343382963,-7.776453382535554
1236,None,0.03481177728142527,0.358203315235856,0.1508894956550532,0.24162792323230697,0.21446748859535855,92.372890911204,-9.45862964641536,0.10458770861641042,-0.8817997246460656,89.07953214435193,-1.4874966962351377
1237,Truck,0.0,0.0,0.047744406429954395,0.9522555935700455,0.0,88.34253167170847,-10.28968463527132,2.8980506989693113,54.09496902089529,88.60529417930957,24.009702169482562
1238,Pedestrian,0.7947243388062639,0.08171685408295434,0.022687219981797267,0.03399988774449277,0.06687169938449157,14.219654696965785,-2.682046474768743,2.3569974033083683,2.5409579454865483,22.62366507501996,-2.9592505358863743
1239,Truck,0.0,0.0030259664810846423,0.15507342313433256,0.8419006103845827,0.0,95.62336835485158,-2.903943333285097,1.6582402381583017,50.95603102062471,29.223339783040018,24.517334357323413
1240,Pedestrian,0.8244131543596931,0.1506062427266665,0.0,0.007975467064378657,0.017005135849261614,20.29686843228927,5.279828454589818,1.8308216081758895,5.38205282332722,29.072427218152324,-23.922803975877315
1241,None,0.27665786878162174,0.0,0.27170228558861925,0.015179976745552066,0.4364598688842069,65.66213630919555,-6.735796051232381,0.2887120735312404,-0.45804357208258994,104.85357239911495,2.3986178136391487
1242,Car,0.0,0.034035783200333035,0.8210611145214707,0.14490310227819628,0.0,36.532719283071174,3.4772892014626064,1.236958359082473,55.10074148037343,43.46314734597405,-16.55319748028499
1243,Pedestrian,0.8723661393162572,0.05899964072713802,0.015185448015317845,0.02814070547581401,0.02530806646547294,,,,2.447551072182162,8.167369073766721,25.081116690888077
1244,Cyclist,0.08160272343142208,0.8645321719187727,0.019829697577121552,0.0,0.03403540707268377,33.399148238364084,-18.525052691095123,2.3744945260567536,21.733896786595928,6.2069037313925515,-14.81585137930914
1245,Truck,0.013171806550710078,0.02949795564169346,0.043515425469628985,0.8518833461361643,0.061931466201803065,55.66800467339843,0.13122217510316198,1.8604434015034852,19.94245899787458,90.36055764014328,17.731227911963252
1246,None,0.25430828829956126,0.20158085139596446,0.10217010007358154,0.3226218683115224,0.11931889191937028,78.02060175391296,-5.432299265462759,0.20610665701843572,0.31105109594304725,119.38795806700443,3.133034519856862
1247,Truck,0.020744856890226475,0.043551176491564605,0.05897984198405342,0.844495187964127,0.03222893667002837,23.799711696970892,13.620851497789031,1.757988044845792,11.927283433852168,115.38992197953502,-5.657223706374845
1248,Cyclist,0.08201540811259403,0.7545730667843416,0.041938285264337044,0.07007755840162774,0.05139568143709971,5.924569873785746,1.1927878788640605,2.7286947873232856,20.00507345618425,15.923941161133733,-16.42415549522938
1249,Car,0.04489719266045832,0.004549316578622352,0.9120102554803761,0.0,0.038543235280543174,69.34776172409366,-26.726461695569874,2.014623151203156,48.639630558323255,95.36616932018865,-3.2380774020589698
1250,Car,0.019992389488000705,0.0,0.9077981223600134,0.05509617856360907,0.017113309588376754,57.33119866249958,-27.53739688070595,2.300750032362273,78.71987088088785,89.57051327603327,8.324964966895052
1251,Car,0.029603085264197297,0.05711180522355465,0.7723754066737875,0.07954835501862924,0.061361347819831324,26.19847566119558,11.264415143861479,1.818247104064684,74.0177892050665,76.60386248251181,26.572118817043016
1252,Pedestrian,0.8401008507480422,0.10497866976612574,0.032461400958186185,0.0,0.022459078527645775,23.13820139589735,-5.45781312932585,0.44724228931578125,4.494885241705184,15.725327548573436,-15.021438820892842
1253,Cyclist,0.14039185184124156,0.8400097486442054,0.0,0.0,0.01959839951455299,8.111417559802614,-0.3531639866943175,1.3681818906593655,11.674876720651156,15.467348919021513,0.9494744177077599
1254,Cyclist,0.03634953642334948,0.8212973389973764,0.013046231656496175,0.07112776182941796,0.058179131093360044,7.270725418778588,-1.4081073717600476,2.9846482577222897,13.281299613566295,34.64007746775616,4.7617525451728
1255,Pedestrian,0.9608578473837882,0.033189292577841964,0.0,0.0048704727893913655,0.0010823872489784511,6.642190359790345,2.286997460015836,2.300995871981986,5.169298090023103,11.149752824985022,12.187237897139799
1256,Cyclist,0.14525053962215492,0.8284034443704237,0.0022259307015661677,0.024120085305855164,0.0,19.882954362115388,0.5824073099627367,1.0245540746908075,12.27217310686314,26.84956579264462,14.107956982004481
1257,Car,0.0,0.018007342336144715,0.8662948192407705,0.09252254733383054,0.02317529108925419,10.42620189567374,-0.8967134285447766,2.4685604681027473,,,
1258,Truck,0.07295069903633243,0.028422808433222424,0.0,0.8340554677785053,0.06457102475193999,39.23847977238223,-14.329594640761732,1.900088029763026,15.54768891437365,68.6396649509317,24.405443166629713
1259,None,0.04505188775196725,0.5639017181786978,0.05914685193552525,0.024244258778817557,0.3076552833549921,62.565967564299726,7.785064858697432,0.4055537065068438,0.6530223684156979,118.90578063641927,1.3721911680791763
1260,None,0.1900197109994897,0.16844953402969595,0.3997982341244118,0.20279129172012145,0.038941229126281146,78.35852511390677,-1.5171165244099516,0.485334613098231,0.31491716377935375,80.61368765959519,-1.985447935013517
1261,None,0.2538607593314105,0.1335450197469792,0.2568387608633984,0.027721704256839425,0.3280337558013725,98.79840583079007,2.3870449458479914,0.0558254033404727,0.5550937273007424,106.01336514143708,-3.3808560529343823
1262,None,0.32477195800212505,0.03896652140692552,0.20206560830352427,0.21169784074647582,0.22249807154094936,79.31554924999686,-9.320854759650675,0.1980737690224217,-0.4233868152479816,119.97074740785264,-4.156824731434475
1263,Truck,0.009213434365754882,0.0,0.21670680757654906,0.774079758057696,0.0,28.819775720237725,16.593959763580152,1.2825867590096247,9.25685919822507,81.8752777889552,8.618235494813723
1264,Car,0.04797630408859295,0.06555045251273141,0.8055896936573982,0.029290194870708844,0.05159335487056859,58.29539672078094,-15.753758581523627,1.880672555517514,58.198829696429534,86.20585311477004,-31.64141078519693
1265,None,0.06624981230646856,0.20796968353602116,0.23214642654737508,0.17020910356505597,0.3234249740450793,59.851796487648464,-9.676669809728057,0.06592122889613639,0.44207164510056574,99.03070036010041,2.5790353558401735
1266,Truck,0.029175876253700314,0.022939204111844427,0.14892768553641586,0.7596316511854158,0.03932558291262364,18.57228476193525,-9.591059712869725,1.1820893771178698,42.288381321106655,38.97042123780797,16.60703467318419
1267,None,0.23597459706969548,0.2103536121554385,0.17917798530354168,0.20127515974900695,0.1732186457223175,98.2017727865807,-3.998983278323851,0.26483705935041973,-0.6723021064470849,82.1338813569994,3.6776391411531346
1268,Truck,0.014558566501466898,0.0027385138229930367,0.16430554984182277,0.8074136133603745,0.010983756473342857,88.94522508048469,7.506263785153869,1.3883741971695127,46.56910437850204,12.379028785962962,-20.308454070488285
1269,Pedestrian,0.8019767483535087,0.15773948072053615,0.0,0.03925474847081554,0.00102902245513957,11.047385465038785,2.2071695007146164,1.7174852246380046,,,
1270,Cyclist,0.035240570512390226,0.8973721405447115,0.04369211971657677,0.0,0.023695169226321464,35.37468099677978,-6.167903572095573,1.7571666726093653,28.96724008408283,37.466240030732386,-14.516181483908733
1271,Pedestrian,0.8487131075877687,0.05750998470155198,0.01103932180788049,0.047726209371596454,0.0350113765312025,17.291724374667382,-3.3471484668881635,2.454816198226155,1.7370293237306238,27.38003428314715,-22.490892651361246
1272,None,0.2780685485403391,0.12502057661435576,0.12918991051101356,0.03828434157753588,0.4294366227567557,59.39109054973387,0.5606911914262813,0.02188651398150676,0.7267058779334976,113.84587063179983,-1.5222389495301778
1273,None,0.05466972524684732,0.3892488754283825,0.31678354112675455,0.07593919159895661,0.16335866659905887,83.20690535042834,-7.923567894875962,0.3324302454566899,0.3028804631636468,93.0469243811931,0.8148594166317018
1274,Truck,0.027374538820272465,0.05926859560901482,0.10742054606316333,0.7913272597799061,0.014609059727643184,16.59840751520181,-5.75510894660511,2.5405250763018916,54.16826715012021,89.65738205079072,20.71145163859609
1275,Car,0.013943776112825716,0.0,0.852594013966251,0.10882617386682814,0.02463603605409502,69.69824692053442,4.640806267224667,1.7186343719789765,71.21526935406743,64.2118699683841,-3.4053109359162423
1276,None,0.0976325724913503,0.21134652782063537,0.13007392453956745,0.10630788323684552,0.4546390919116014,64.65159147961485,8.94808631871491,0.19598491187054967,0.10902587933597463,109.95714679523654,-4.877664271777338
1277,None,0.4154661488801043,0.26671666758376866,0.12955208993796702,0.09644583002466901,0.09181926357349098,99.4934027254211,-1.7883068735241778,0.07439199176496841,0.5870845513339866,100.4509682662279,-1.3464535698485869
1278,None,0.10368350126784268,0.1819843522522835,0.32556670907007146,0.08404953155299162,0.30471590585681085,56.628376943132906,-6.058287070299353,0.07089552071452504,0.05719682433393203,97.19420494123713,2.9833899527284933
1279,Truck,0.007527682894627523,0.04800291702909716,0.172861101590622,0.7599066148969387,0.01170168358871455,,,,30.210467043598236,99.40112154728018,-14.318837988929255
1280,None,0.3212621129780964,0.2398354444994079,0.29150908894855354,0.05228152479410302,0.09511182877983904,72.97925779250144,5.492014927775671,0.2514646071854781,-0.3960557245163079,101.59488967410812,-2.516091455646844
1281,None,0.40280865827044804,0.2338719801900723,0.16878922796047074,0.021532109745669388,0.17299802383333948,80.42360585122478,-8.972899684817865,0.2747637879508598,-0.6482468184240253,84.52101208214249,-1.5327464611657349
1282,None,0.1002774976237986,0.20862340199344515,0.09930537604091787,0.40022459464169063,0.19156912970014778,70.62994984232144,2.3234697082629356,0.0892488399872094,0.27834164383430804,103.17298630228854,3.6878546317322396
1283,None,0.11382328138592264,0.37321004019520754,0.2781427871874386,0.0,0.23482389123143116,70.47866359843806,-0.26661784496229757,0.3828164074495579,-0.32543352835108763,101.10955559767605,1.474482223675242
1284,None,0.11454582671235551,0.3255316566936577,0.03206975871206037,0.16694691778321202,0.36090584009871446,95.2748216125421,-8.133109510458771,0.2365613914511282,0.21708287803002513,90.57105817635566,0.6331290453433649
1285,Truck,0.04050442231449895,0.009517417652851573,0.047679525811476824,0.9022986342211727,0.0,68.44244019875968,28.484206419658125,1.3642654296987544,43.325959129006165,63.886089708537256,14.56629440145766
1286,Cyclist,0.012705123818848554,0.8677644380476385,0.021817061555975712,0.04949638944922959,0.048216987128307603,39.58480685578218,3.770195744058194,1.3014879987146852,29.832488156550966,25.21361298778689,10.044456399930898
1287,None,0.048325011028861706,0.23663681630423386,0.25764484767519785,0.1383146698642601,0.3190786551274465,84.9966092826557,-0.10921551572208799,0.2978424875673188,-0.37424195770834556,100.92825307874529,-4.915202789744921
1288,Cyclist,0.06815154862383117,0.8716174693208506,0.0,0.029569808857047398,0.030661173198270768,18.741007990426123,10.430246263566954,2.3478161584246204,11.648302645651553,16.02038243212397,-12.582497413564466
1289,Car,0.014627181300232413,0.0,0.8752623680756737,0.11011045062409397,0.0,18.49121691668498,-0.9103677091019908,1.6755998815587951,29.74647435456329,70.57550520227423,-7.1605066770289
1290,None,0.059182338934253884,0.3301944916676933,0.07369881074509854,0.08402669092278568,0.45289766773016865,83.91886511299728,7.312782412375867,0.43691222173075545,-0.6936621690409468,90.04276534374581,0.023253049275720805
1291,Pedestrian,0.7851417895755035,0.13489666824410457,0.03888619624628776,0.024056209795850474,0.017019136138253756,14.760010450598672,3.3676506666444426,0.9117242798030806,4.897891721659521,8.075310478019773,-19.685612673069542
1292,Pedestrian,0.8769649140000311,0.048022134746525794,0.058756998964559805,0.0,0.01625595228888337,25.391635153084362,3.4936387513127554,0.6641404973339673,5.167745910537928,12.801287639005864,1.614291003126601
1293,None,0.1701445760261116,0.05481038509594156,0.050316556205495105,0.42474963054258513,0.2999788521298666,73.10482340375766,-5.240190391519577,0.04568030555747826,-0.3616910802061448,80.50705670233963,-2.797967133187619
1294,Cyclist,0.1622016669647998,0.7943113627431884,0.027387611885823508,0.016099358406188334,0.0,17.18246380644597,8.120645453384274,1.093318571476518,19.35148224129464,28.3535264494272,5.11116537408179
1295,Car,0.048386845475091374,0.01692543179004719,0.9346877227348616,0.0,0.0,5.06238407507951,0.4075193697614108,2.7178772996940714,35.025807279724035,86.25259298671897,-11.484450616282448
1296,Pedestrian,0.8208182471724668,0.0500820448778328,0.06815612722970343,0.0424532570618777,0.018490323658119156,13.052255147856943,4.005487412415881,2.0788849466722468,3.509902465068575,15.930003683542994,1.173545007643978
1297,None,0.0700309514615447,0.11294525163283194,0.24492885564973593,0.12959295874033178,0.4425019825155557,70.43145068596417,5.265396712019079,0.23789659826810095,0.6637372296476565,115.26575020723739,-0.6674957622732522
1298,None,0.20955050384883658,0.1294036909531219,0.07220845190282996,0.3838406494918082,0.20499670380340337,88.61032258457817,-7.534203764899439,0.11201982166350882,,,
1299,None,0.3892327080346655,0.003763714157539368,0.15405892157738368,0.31648708493330435,0.13645757129710703,77.59680236233297,-8.236026930918696,0.04754393918676819,-0.42115691327082105,107.14680800449744,0.08924335328661748
1300,Truck,0.03712395304738559,0.0034241789484423584,0.06709559384748154,0.8386366180163002,0.053719656140390315,28.96266252927478,14.255000594361825,2.2299260840272908,53.02076474299177,69.78520215443142,3.7173510972669197
1301,None,0.012223023414057977,0.43447902073064726,0.10238646526307423,0.3380070693418368,0.11290442125038372,,,,-0.8625435968552004,110.10558237809275,-0.5347221041480568
1302,Pedestrian,0.7535636431390236,0.13318909561398204,0.05572489988407539,0.02134006717136059,0.0361822941915586,8.364784048385763,2.58778082394223,0.7319833902234996,1.0057343137544381,8.09259064712801,2.1006503044223748
1303,Pedestrian,0.8883637452237267,0.09705685244306353,0.009880163841936884,0.0,0.004699238491272918,27.099901635806035,3.847605574986753,2.38667958294959,1.470951468441675,22.136334035695217,24.36760821156558
1304,None,0.1122338282190145,0.11297063314383056,0.2064854687711751,0.11922396007718188,0.4490861097887979,53.79954979033079,6.154124521881002,0.14485795959215875,0.21728601758165267,94.14815832389912,0.9424714897362279
1305,None,0.1846266667672429,0.2293696302604313,0.12787521020411763,0.26543883213558994,0.19268966063261828,88.850700653091,9.380810888282973,0.442118973167016,-0.1701279581816697,116.63074070837847,1.1122525204814675
1306,Truck,0.0,0.0,0.129560834951314,0.8704391650486859,0.0,40.22944491732852,18.902336793444043,2.893345494568474,49.370794554368636,89.32925871769136,-27.233255338720426
1307,None,0.23624941093595317,0.09464609538136572,0.4656232464591829,0.08505893993739924,0.11842230728609908,90.41652059396411,1.2935788292019428,0.44422203587940146,-0.5505698342359915,85.1798336105101,3.6836282094462085
1308,Pedestrian,0.8560125393046238,0.06321624377982443,0.050986614261621495,0.01967096114599148,0.010113641507938614,13.369801550892491,-2.1011403840256375,2.360139695777747,5.601950873105256,10.38076671400857,-1.8553649098266163
1309,Pedestrian,0.8495440621641671,0.10199715509515189,0.02844922270974189,0.0,0.02000956003093905,27.83986170713962,-6.036133632270307,2.0688575702267054,2.934791099252906,27.634309492054836,-23.897829632709165
1310,None,,,,,,88.88450279850912,-8.744000153542181,0.4192197115986758,0.5719476847646285,112.82996097645156,0.6148456633231891
1311,None,0.22134351310436956,0.22537326786990763,0.08903469009042524,0.2864637782056144,0.17778475072968314,82.32525036030907,-1.5085286150879185,0.34582339777932014,,,
1312,None,0.09110538687149303,0.08561905464821415,0.26820961120375414,0.24238826563003193,0.3126776816465068,66.05366000118644,4.080819748773081,0.32736710448285705,-0.44793579441880693,104.56417499281196,4.431516492110077
1313,None,0.22943761967568518,0.39980057785428535,0.10170612863269345,0.23087495779685213,0.0381807160404839,91.96044073144455,8.658596145604623,0.15413055945134585,0.33202358255237274,118.31081695567198,-2.279258439765841
1314,None,0.06277142259646062,0.3076601874192693,0.19813276706931962,0.23074443827008612,0.2006911846448643,94.63224698985543,1.5870781007959316,0.051432791402077294,-0.8478832470011639,102.24519733788581,-3.2673180362401033
1315,Truck,0.04216871359121759,0.039497697952882285,0.0885909426317807,0.801047126599029,0.028695519225090487,85.29072532769197,41.17685264059472,1.4805719843374694,19.105459080757193,15.72663415663888,18.69581511169086
1316,None,0.08313776421483239,0.2501669806466925,0.2752684769332035,0.18727864473638475,0.2041481334688868,51.228769947042096,-8.394708189495049,0.3245946756783259,-0.8891119195361499,91.90052984206504,-3.6971657957860984
1317,Cyclist,,,,,,12.757692119588029,-6.612475194181374,1.3085163300064524,26.331549320771234,19.621966245626492,30.96047109971308
1318,Cyclist,0.14299117605968903,0.836246341323078,0.002984922751596262,0.01777755986563676,0.0,5.568434301806535,-0.12597833757631657,1.6532242606033234,18.675425193233295,4.919320344600113,28.471209189724643
1319,Pedestrian,0.8295296580306161,0.11795692280533708,0.021991581996792426,0.023073341719334145,0.007448495447920092,12.470707181465027,6.509768018751754,1.4314633854710375,3.9219349727547312,11.96933401931431,25.339344825402744
1320,Car,0.007852717247765213,0.04019204620924244,0.823826010423672,0.12812922611932023,0.0,79.84150488819103,13.020817236815937,1.805168202239482,,,
1321,None,0.05755168268187918,0.4858528778758854,0.10002810387761671,0.08615103244625512,0.2704163031183637,75.6486736405146,-7.604890355569758,0.2189243547213483,0.4384181755140728,105.81407411131576,-3.808192807676367
1322,None,0.21494828617570053,0.14589553596027402,0.31754532863757556,0.188951161100481,0.1326596881259689,95.8188602256871,-5.658646857233148,0.1895139869883537,0.951760941096427,101.41073766514393,-0.5225669345152095
1323,None,0.10279996987656734,0.19106887809732295,0.2736388470739479,0.3117609668958914,0.12073133805627047,85.83906699962554,8.271861630905939,0.038403498048957874,0.41349580715251033,88.29972747219384,-1.7287376802863594
1324,None,0.0,0.14654180866735647,0.31043391158786565,0.33641105418464595,0.20661322556013187,62.56543619626231,5.685113797715562,0.423730933457408,0.8553354184971522,111.31792490938201,0.9539590687319901
1325,None,0.10122371145071393,0.15518591851649352,0.08764315403035323,0.3833998342112128,0.2725473817912265,69.17025801839192,6.244882364138025,0.0012543874211483619,0.22713694070426094,101.35372372154542,1.300484869194495
1326,None,0.04290882970977414,0.05519685874685962,0.17933329304045706,0.1876893335635649,0.5348716849393443,67.63049915630371,-9.03314187123886,0.29174126335475076,-0.2452104153399144,90.76891261593491,1.3038996634174937
1327,None,0.14177837705961738,0.23611037318125697,0.24429398750330544,0.21125954858756624,0.16655771366825392,93.94150800494933,-3.7994913325743074,0.1931546170577017,0.46835763181002954,93.64531010649534,-3.522029386247393
1328,Car,0.013840330143892073,0.05943904049978138,0.7199836025206787,0.16354254717588332,0.043194479659764445,51.65260762523659,1.3936487311367545,1.152851493347614,19.57989033444735,70.52660609307212,-4.122107536225257
1329,Car,0.0,0.0002643405086711376,0.9020652671366622,0.09767039235466658,0.0,61.62179966142996,-0.7984753531584128,1.501000370050547,76.05970859439586,85.68747389805961,-19.55001347968961
1330,None,0.09177385928700914,0.01759729405335042,0.3697571092268901,0.16257869287248447,0.35829304456026584,90.03655614711909,8.907285981796708,0.3740225441759782,-0.21724341281791548,110.37594209738963,4.069258146705733
1331,Truck,0.026925539192081818,0.0058344508824636964,0.018139046167229965,0.9409541553822618,0.008146808375962752,44.58399611104684,22.562511409632176,1.5218069380433892,16.53214434871074,112.70151480551394,-24.07675629656628
1332,Car,0.0,0.03514231612783503,0.7739693711184649,0.12479496412754817,0.0660933486261519,75.92949739985285,-17.30307348739973,1.415724600730051,57.47603652264222,18.082461097316536,17.058587044469828
1333,None,0.36967499166377193,0.19782623351109374,0.24310727946256064,0.008898018577945907,0.18049347678462785,79.45326691487506,-3.638613497640253,0.4154957073687514,0.996947750948882,90.3001269881746,-4.381989072204196
1334,Pedestrian,0.8725072134706711,0.0709392739110676,0.040281945800712,0.0,0.01627156681754928,26.76550685899259,-6.3556784008864815,1.8346171545064462,5.50048127379832,6.733613878484291,14.897947436586987
1335,Truck,0.019727906971725703,0.02326670669160742,0.11559863474338758,0.8414067515932793,0.0,,,,33.275539248654475,93.95733799892986,-29.044151334115522
1336,None,0.36251512925471263,0.13076614621867388,0.1514990204531009,0.17354408507693528,0.18167561899657744,63.34846959693723,7.421864016043823,0.012184046329581588,-0.2322994096037827,104.15616782241908,-1.398279502286198
1337,Pedestrian,0.8648604949045516,0.1351395050954483,0.0,0.0,0.0,9.96996293459025,2.2466745733601408,1.4923526419767985,5.991029983231298,16.38332191899694,-27.24608658513118
1338,Car,0.0,0.0,0.919028529465665,0.08097147053433493,0.0,71.42678950946055,25.328401550679096,1.3888995042216734,25.03034277559365,81.51048868841691,10.462963773163363
1339,None,0.06082762700750668,0.029352114473147946,0.2024545014287037,0.17791385296122553,0.5294519041294161,85.40739975553059,-2.222055944196571,0.12297645701392601,0.22178240028299445,83.1164863388328,1.6667964023375426
1340,None,0.189921617440142,0.20814825173761325,0.02528198955213513,0.18139369814223869,0.39525444312787106,90.35437496753835,-4.662607050744896,0.28032473392326246,-0.6573161769545406,82.90453725473616,0.5821838297161488
1341,None,0.2713519286239003,0.25531915810827366,0.05934153291681252,0.17628710490984703,0.23770027544116648,88.15029865131167,7.313477647088892,0.17723424434713103,-0.059199160710943666,92.96896337489517,2.433869236251903
1342,None,0.18759802991890867,0.21123298240612687,0.2435265658947942,0.0606147096978321,0.2970277120823383,92.22738412768953,7.7343431122930255,0.3686251502803988,0.9225847830198688,117.89592345388185,2.1170379454535375
1343,Car,0.021981320189327705,0.01435091850404848,0.797941581729422,0.14713887528386502,0.018587304293336653,62.40178394203658,-24.14549708801369,1.754144132846301,69.90688739613648,60.16187984255581,4.712917142169035
1344,None,0.19247348247028018,0.09666270607504171,0.04215536274857373,0.3402750301160646,0.32843341859003977,69.1139681863904,-3.77743634551154,0.17653858922159038,0.202102072457782,118.95990932066458,3.3265622637973262
1345,Cyclist,0.1397854453328009,0.8247804182794319,0.02031094471962605,0.015123191668140969,0.0,25.858186098910117,3.069671688661673,2.186889836845494,11.83531671010628,18.13369798888513,6.1108024002348
1346,Pedestrian,,,,,,16.98502919584935,-9.713681210446548,1.4783485813376154,3.93516092369832,19.778590231406852,17.225461394582602
1347,Truck,0.038457094473665514,0.007359873975808497,0.0021868434574594626,0.9402336880889633,0.0117625000041032,84.24799089729332,2.775456668461281,1.5339869164019309,50.600592391868005,10.696424564958615,18.698517836127944
1348,Car,0.03074717761457768,0.07724982405178143,0.8027214420133019,0.007854328332544529,0.08142722798779453,57.38477301856491,5.934203637127155,2.9136346551328605,33.18771129869547,78.57553504199394,-27.878595525515777
1349,None,0.38166075505345026,0.09472124711068673,0.3016669434588683,0.15544877107332555,0.06650228330366927,60.74556348686473,7.043185678298272,0.253058477423258,-0.7649377809900579,96.50013855600517,-1.6812555691923992
1350,None,0.4092281843527274,0.09114268865099112,0.010403650169650792,0.24913612288441567,0.24008935394221503,84.35864278110236,-5.358913566185064,0.2797423188817872,-0.5195969482921003,115.82209144056418,-1.1684419123738654
1351,None,0.1039900711559123,0.20976062487024044,0.33072828146965166,0.053693081825440477,0.30182794067875507,61.63952140766006,-0.8050445869950842,0.3174238670947855,0.36537875819232934,115.90540042976629,3.4611205098708773
1352,None,0.22379080561504777,0.4030938591126583,0.09370859004813357,0.06472248777940784,0.21468425744475253,82.60195720843521,-5.3278094741887845,0.1326164770400089,0.8589831384796378,90.27530633432845,4.280510370851857
1353,Pedestrian,0.818283173503381,0.0667986269548384,0.01698004295182718,0.09793815658995335,0.0,9.521641832550133,2.3376970272965885,0.5926186637137173,3.608292245300957,19.96390985954484,-9.862629763964307
1354,Cyclist,0.011823833169420664,0.9099573615259019,0.038826383334099594,0.003597713019029991,0.035794708951547925,36.70566595906307,-12.641903370424096,2.599396240755582,16.721804106572876,38.724173974771965,-22.619264992205856
1355,Car,0.035538864657815666,0.040259470541029095,0.794420689095025,0.12305125044406211,0.006729725262068115,13.411406732185489,4.195128193786771,2.3775171155302135,37.136846642315376,26.51136764792859,2.0808963719028837
1356,Car,0.007259805380048799,0.0,0.9658185807913814,0.026921613828569873,0.0,69.54206754830165,-21.857028648685958,1.3168523611277205,24.21305066662724,64.08850880193198,5.1792841848750495
1357,None,,,,,,65.59437015943091,-8.903060861466624,0.24114206654372755,-0.4292026772354054,113.91016646220199,2.0456439608658936
1358,None,0.24775597054192866,0.08940548577438599,0.42377083034539625,0.18516826095119865,0.05389945238709048,54.31524417305551,2.5399779046391515,0.28462175189937866,-0.9776858432219573,88.0280616869749,-0.9429047111764746
1359,Truck,0.0,0.0,0.1598748166451808,0.8401251833548191,0.0,44.7942474771481,23.813155820996666,2.952464291594076,14.493766304608746,109.68175868231538,-25.365072198359933
1360,Cyclist,0.05752051460763445,0.8215797419229788,0.056390221689454054,0.03314088537206307,0.031368636407869466,5.125917205318587,2.459705303823759,1.5518292507137545,26.88271264434983,15.225394202673229,-18.207256584596912
1361,Car,0.0,0.018262205150775472,0.828592363952411,0.1531454308968136,0.0,14.70288401231709,-4.160474751911195,2.7258390546533393,41.28069579975873,38.57872624343187,-22.965584208619017
1362,Car,0.014589994098000464,0.0,0.7527735123265632,0.2079487353684669,0.024687758206969484,49.55818150450618,-27.102269092439073,2.3693136800783594,57.72147484444998,65.43044538581793,1.391628418969768
1363,Pedestrian,0.8631510872773481,0.12251765024850994,0.006603397013602931,0.0,0.0077278654605390015,20.596944188967438,-7.077302777201352,1.1592237650683228,5.584153393045407,9.81514772477509,-9.657878109156819
1364,None,0.33423933487624563,0.06529391684134725,0.19934074385352873,0.2899015784932861,0.11122442593559234,,,,,,
1365,Pedestrian,0.9156798234203455,0.015277500073861468,0.0,0.0,0.06904267650579314,22.814338925079706,6.1905354180029075,1.0120904118162273,1.7543663075085936,9.26859531560575,-17.984713897026797
1366,Truck,0.0,0.0,0.18117943724466537,0.8188205627553347,0.0,84.41705866416903,-9.68201020304698,2.1059031157544332,33.72585539398227,60.7856463537729,0.6423511747327703
1367,None,0.2604884628382421,0.5559564259978846,0.020542571179625446,0.03094031137132333,0.13207222861292442,91.14774377032295,8.021797233195894,0.3414886172879605,0.7835322826686515,83.68066338162686,4.652169766606585
1368,Car,0.012195069082618259,0.0,0.8599858562082464,0.11011348572090505,0.017705588988230464,20.39786202207916,6.204893877907749,1.2290489326572915,58.41804858742203,76.36527103419925,15.473728587061387
1369,Car,0.046662925047428264,0.00633960880984567,0.8185088069914273,0.083024081876175,0.04546457727512376,15.886835321661497,-6.67279087470345,1.953168862224541,73.84287332020578,29.41519456736091,16.37647660648723
1370,None,0.03649173505559817,0.03953567659859352,0.3091433442715677,0.3462560951790243,0.26857314889521616,92.12827887509519,9.974990233191335,0.32408570959066196,-0.5223698459736414,82.3082678486104,-4.227069614859151
1371,Pedestrian,,,,,,14.565643553115448,-4.88443563813274,2.450527915909509,1.6731796586891639,23.60075815738154,13.613266724549636
1372,Truck,0.0,0.023643344756230943,0.10226239105658184,0.8740641098615308,3.015432565638429e-05,56.490992441519964,-5.911315709467783,2.003573960586919,,,
1373,Car,0.06891802190486475,0.09636945261586374,0.7824107937780188,0.0,0.05230173170125262,67.5544539511523,27.209676637499562,1.9579689908748463,33.77249185512937,33.71859819777447,15.649995266141197
1374,Truck,0.0,0.0,0.1699998332954843,0.8283465292061277,0.0016536374983878966,,,,39.580787232174785,44.271675785216445,19.048671698484213
1375,Cyclist,0.001638789918583203,0.8734899306194244,0.04250741526583209,0.0525969819630342,0.02976688223312605,36.644444183912604,-1.8149505119360239,1.8896192887966672,21.085635024595675,26.66407725268114,-1.6836679150610536
1376,None,0.22581810263450322,0.03537110966936059,0.19679464071979152,0.13463776478537404,0.40737838219097067,99.78377168811781,5.442527101080714,0.12483073707467046,0.3938330906027574,92.12065827244305,-2.7866918737228263
1377,None,0.3457221481978883,0.18028349934434715,0.20988923366766912,0.09456604435818423,0.16953907443191102,60.164678212083075,-4.523818103886974,0.31181387475893285,0.44065660265899886,96.90699283846438,-1.466521407946745
1378,Truck,0.004279750381022978,0.018276630106788896,0.15808100585742507,0.819362613654763,0.0,26.989949477779273,6.94857731997527,2.6105058128171144,54.62339454404157,14.826871479517688,31.559541323034797
1379,None,0.24638685103547328,0.2735771698394609,0.2824610785968992,0.13225240012978595,0.06532250039838056,55.95281622765937,-9.349602481356765,0.266486585798386,-0.7465431963486209,104.47432000886448,0.97740078257912
1380,Car,0.04729719468813228,0.020801602794601037,0.902032339527659,0.007850003316576315,0.0220188596730315,9.067857037252246,4.7165131823902176,1.8604937315509067,22.057994231510435,71.22523714503774,-8.864288952922944
1381,None,0.18907873755926863,0.2145112908808044,0.2636862837012944,0.2034028721520542,0.12932081570657847,50.477638830848456,1.455671353848679,0.23659919053696982,0.8034185972054542,111.90415717733543,-4.430058154797333
1382,None,0.16520669946212654,0.08272321237101825,0.20249225742867183,0.14088519555069196,0.4086926351874915,72.34606459184195,-1.6261864899684042,0.378309309093903,-0.01708834910684276,113.30935143130046,2.319445357122386
1383,Truck,0.0,0.026373535444190736,0.0,0.9529893952946263,0.02063706926118286,58.2412248013099,-22.62353532158073,0.9181143610982054,25.969084229726214,101.3387351069469,-0.7591863610391805
1384,Car,0.0,0.03575699561070446,0.8097327794142853,0.09655925655190298,0.0579509684231072,,,,32.58425121942449,80.14393277940619,-28.03729577248789
1385,Car,0.014880475614188446,0.0,0.879189201583435,0.06589097566476117,0.040039347137615394,23.61281931388959,-3.2233856656723123,1.496067868799245,,,
1386,Cyclist,0.11039035849648099,0.8386349221518901,0.0035039922540939664,0.032515149304671025,0.014955577792864003,32.741218722101884,-14.964913909711306,2.9140824055507117,11.233042310224635,10.028291610952158,-21.89076044939548
1387,None,0.06953346184403385,0.1049909808409154,0.4761622051774427,0.12374535878038957,0.22556799335721847,56.755325354947416,8.350082611213146,0.33365470719332835,0.09299683705131456,86.01986430946803,-2.82516706862269
1388,Car,0.0,0.03480706529178021,0.870327550881284,0.07220893851367699,0.022656445313258857,10.027876509099334,5.652716535354177,1.319749106663395,37.52284574298195,63.84769584316538,30.548740066031282
1389,None,0.10382425561754859,0.005749345860500203,0.5749186764361975,0.25436441399119764,0.06114330809455615,69.29615182777812,-8.490194379560798,0.26801429144793054,0.14847032178799058,118.98161009007083,-4.008497918555286
1390,Truck,0.0,0.008824446558348766,0.09800088659196143,0.8532313402285924,0.03994332662109745,22.659488738822894,-10.853630145800919,1.151817820650246,17.927371350314015,65.17896049754965,-6.874439220404814
1391,Truck,0.0,0.010984464678947098,0.17564847555264868,0.8011294167695945,0.012237642998809906,8.941191103342145,4.219385051688541,1.2023889099548954,13.651113093967156,54.203255220929684,9.657134151802882
1392,Pedestrian,0.8287746426022085,0.09950469577927648,0.03150921832479455,0.0,0.0402114432937205,18.978161352035073,-2.3621683179250317,1.212010678564517,4.299705250240318,5.608621144939522,21.09332417293641
1393,Cyclist,0.039758587297931414,0.8744914263346638,0.03687154805917087,0.04887843830823386,0.0,11.168894130470056,-2.397847760917484,1.5666305723542213,21.669518414201736,25.924674379757505,-32.959662803169444
1394,Truck,0.0,0.0,0.11476946065182722,0.8768971089004317,0.008333430447740943,75.83319066645117,10.014501928365773,0.897883544899129,34.80087959313966,103.24268675689936,-19.887988577963252
1395,None,0.12396502300792896,0.0631612576688435,0.14785458047823619,0.49343385598064493,0.17158528286434646,,,,-0.6389281748569224,98.99028493585024,-1.0667568890658408
1396,None,0.20441800761465284,0.11974110897535112,0.21588347555602963,0.28356856328088537,0.17638884457308104,77.77118767110537,-4.359177474749389,0.46432088169127483,-0.4945279861347678,94.18557385121052,3.945378612561285
1397,None,0.20682048088079036,0.1434629124262933,0.41747973237743397,0.11893562952935399,0.11330124478612848,53.03340701890919,-8.511262076938035,0.2803412632120421,-0.8066049725058881,92.25795584371163,1.7435448740764405
1398,Pedestrian,0.9080277132963857,0.045955764263229254,0.014274458465702083,0.02419203696898646,0.00755002700569655,27.433650602710056,-2.9826043276947627,2.10280031256103,2.4173507615688252,17.773579178503667,17.84161458610147
1399,None,0.19052741053244185,0.17964226129194838,0.09805704224771933,0.38363142046390114,0.1481418654639892,60.69121889347471,0.6538671923741131,0.04790075830028534,0.8880148078064445,108.90818850427831,-2.8546522177338653
1400,Car,0.02309804804984791,0.0,0.8372797944644875,0.10638294856063649,0.03323920892502805,22.59204750060525,6.02612862639394,2.7467915437537083,20.79062849462746,63.2174434564792,28.628152631010213
1401,None,0.3577771597140829,0.10926443387656587,0.018572973815523874,0.32100130055226916,0.19338413204155824,53.76535756306426,-8.598941206619514,0.31078525293561077,-0.9170454261000798,98.41911337747796,-0.6423169209396544
1402,None,0.11904102126270713,0.26621851409220354,0.07375817152938706,0.4696204967227446,0.07136179639295766,79.7553689079841,-3.446542072533873,0.2481169984605025,0.14854824045097081,96.31267233118638,3.492596872684503
1403,Car,,,,,,53.24931398354448,8.391398935828805,1.682910497963949,23.09708979100959,60.86698655930341,-10.677059126666057
1404,None,0.043288718145790134,0.2757170584598712,0.19485690209388679,0.38563459127889727,0.10050273002155453,62.80652995547277,1.0541168529236504,0.2549907374319953,-0.7684579304108379,88.45046425979872,-4.026622004360344
1405,None,0.38562925824380934,0.19990575388857101,0.11696563338545474,0.09171012409952622,0.20578923038263863,73.50324608458953,9.96072915958148,0.1780234178283817,-0.13510651437089694,83.22803285428381,2.741721452899953
1406,None,0.5331755119359967,0.09937949263808639,0.20589285432034365,0.06893093995281446,0.09262120115275892,82.68257098662146,1.9407479518896125,0.31908445031181715,-0.25342112158761676,82.02517011457965,0.8763651468820877
1407,None,0.19688350718288822,0.062468901852815895,0.31252985597782296,0.31721128948584454,0.1109064455006283,69.29589887980114,3.8179777445526177,0.3940764893072934,0.6425607742455808,113.44987451999921,1.676534275778808
1408,None,0.13117545101261538,0.3830493356117069,0.08717583144921034,0.2166101890327592,0.18198919289370824,,,,-0.6499401185522178,117.16339282031902,1.055651059542459
1409,Truck,0.000588290197186012,0.0,0.17690447831031694,0.8225072314924969,0.0,91.62114137649621,19.263419135441033,1.5445414142552,42.39414599383023,72.87018242923845,-24.985084071742136
1410,None,0.11913579092107417,0.3192664424844953,0.25603468261235296,0.13305153715128276,0.1725115468307948,84.77483754503186,-2.0177879722048093,0.14048666495408313,0.3615846539991703,115.83164010307527,2.5494196961434366
1411,None,,,,,,65.02906868028212,5.566618765262401,0.21939614265473562,-0.3904157317040844,102.17750305975603,-1.9770732226092527
1412,None,0.12025474686141963,0.049645195790121895,0.34429813593106334,0.09075415673483639,0.3950477646825587,99.88625490529802,-2.1688795294817513,0.43242674707138545,0.7955204472339337,83.66401996395797,-3.246873698747559
1413,None,0.3241288420657539,0.02802449336020475,0.029384560611402415,0.3155668491288374,0.3028952548338015,77.73390470090443,8.998058319220885,0.026919020983474984,-0.5349871551865333,94.94710680689528,-4.1070887703493595
1414,None,0.1702810488546962,0.14919979266659478,0.3578491713344591,0.31622127823055285,0.006448708913697134,86.4567465870733,4.087219396360876,0.1398055055420579,0.15884114452588638,97.87462296954293,3.6542212410807586
1415,None,0.37240328968540337,0.03941431129410412,0.07985675054307588,0.4364670294744234,0.07185861900299322,57.81094303902507,0.5186298872188555,0.27536607283597475,0.7565563158463666,98.72719265079442,-2.666396299193934
1416,None,0.17407904084616505,0.05360434402442873,0.055288810787133734,0.6120863521234624,0.10494145221881011,87.37597474204931,0.44202917894141436,0.10237364197847981,0.19091702834200652,116.80474916760949,2.4214442555117044
1417,Pedestrian,0.8511671729726635,0.13140958650859008,0.0,0.017423240518746497,0.0,24.818813959097447,0.041087585656834597,1.128158384608776,1.3624264517118077,27.552914778182437,2.1195834292654543
1418,Pedestrian,0.8244696752828241,0.06291269374940137,0.04291240335398966,0.027113512090171547,0.042591715523613335,,,,3.17420211239797,12.558826082178072,-4.943350461586785
1419,None,0.05180173733224589,0.1353462063586508,0.383020772824356,0.13330270128588323,0.29652858219886424,77.06365233611591,0.7983105212535548,0.11010800467212523,0.08714460988525086,84.80572907405849,-1.5391127614048683
1420,None,0.35097865707557385,0.15101743405900225,0.08744045412437486,0.35937559930171814,0.051187855439330986,85.14965921115501,0.13055905079522034,0.1530407548761662,0.2729670742760868,115.17129269718058,0.5586786767872862
1421,Pedestrian,0.7980616310364441,0.126550617206004,0.0,0.0,0.07538775175755194,22.24827513202412,-3.168967278125266,2.050776959463722,4.979910538759291,7.567194196113225,25.82324667695045
1422,None,0.2851953285914595,0.12117388580398963,0.11821877926206756,0.2644365050117995,0.2109755013306838,59.02474660419564,-5.134158463674387,0.12784131310369035,0.45964583766214795,85.34779170328613,-4.071541218760933
1423,None,0.26111387083658366,0.27344858378256587,0.06780683005838416,0.2860696480214108,0.11156106730105551,52.8787744507542,-8.658250856636712,0.27559862256535206,-0.4488315589263159,111.70483752829621,-3.7136482810100055
1424,Pedestrian,0.8137426821095699,0.0454247187289424,0.03620049259266847,0.0399965820286408,0.0646355245401784,11.49641932851476,-2.1327449928040494,2.415166980475864,0.7637212156672193,8.72799852652535,-0.8179834934221603
1425,None,0.25475114892909323,0.2352506581245083,0.13848535219045807,0.05330616842975897,0.3182066723261815,63.161856938477655,-0.7138196638401162,0.31232979693995516,-0.9938372034613834,88.56562643663796,-4.037294570812204
1426,None,0.12111001699529535,0.26495177573238526,0.3867832750710902,0.12323465100844476,0.10392028119278433,89.63595559171651,-0.5008052601536566,0.16973451110985233,-0.8175449572075435,114.64468613289762,4.580690553381048
1427,Cyclist,0.0396644457865357,0.9033770215841276,0.014346629491752402,0.031826012893426764,0.010785890244157664,16.998024566195294,6.389423737331741,3.02531005704534,19.745005720409065,11.668904868629008,17.901445872645816
1428,None,0.3317801024894024,0.27175710300345035,0.27235506891589567,0.058458824823826604,0.06564890076742494,64.32789725430217,-1.5042052500655991,0.42860631303889446,-0.9095494138446216,112.07466293304505,-4.454785110485174
1429,Cyclist,0.0,0.8570293073885173,0.05105214374000761,0.05854244923331956,0.03337609963815531,37.30011491972842,-8.17772306073797,2.285342219901199,21.72282209395271,8.110509575094339,-5.707269306648136
1430,None,0.0,0.0,0.32266174187731206,0.12165632208792174,0.5556819360347662,50.09221584591208,7.482382841961957,0.039406149850988836,-0.6970504635663473,82.49103242043824,2.5977069752117776
1431,Truck,0.03413856989574992,0.06408873159455483,0.0,0.8644292934815941,0.03734340502810097,96.95260437963417,-10.275233664293054,2.412069981395277,39.66275006267931,33.089101667086666,-2.596505169632775
1432,None,0.03175179421290568,0.1697990328648678,0.14648023839160865,0.3913940190513352,0.26057491547928263,70.22557893910769,6.329183681204171,0.10914526237105476,0.31411770888416224,88.81120671187699,-4.345924541590893
1433,Cyclist,0.023256255276689883,0.9189886576243073,0.003444066713582767,0.01300134733776676,0.04130967304765326,21.96252931535287,11.08486404164163,2.7994974189594206,16.10693828025751,21.115547973483444,21.046429326753206
1434,Pedestrian,0.8977161461713434,0.0,0.04409909460356934,0.028360614004591986,0.029824145220495132,27.00826428407627,-8.465797160017193,1.3357550533312912,4.427860304177291,8.835756646822169,-25.196781587761834
1435,None,0.206319790539124,0.15279546035436584,0.4319698398363767,0.06281358114958044,0.14610132812055296,69.94279632195818,1.0131809274656547,0.3533633806245195,-0.2982059051276331,109.19011559048435,1.8461902651927184
1436,Cyclist,0.021779069295821855,0.9425142653008116,0.019553710586819102,0.0063951348288451325,0.009757819987702282,31.974020933425543,12.157512816015352,1.8467017764803049,24.19913500679934,34.75547454759337,-6.516504359081856
1437,Cyclist,0.03977015332411876,0.860590813478285,0.0644274724970513,0.02329298122641242,0.011918579474132551,7.653801166515298,1.9357520900914806,2.0629049695099595,27.776525366049423,15.851749061178754,-22.28756152527697
1438,Car,0.0,0.0,0.8959006744201079,0.07715140281169834,0.026947922768193685,4.5725462225238545,2.305674671233858,2.4921879547473504,63.69751197581241,43.2514832722813,28.129020800257045
1439,Pedestrian,0.9263321799245804,0.004254534082396368,0.01409172314393086,0.027363242322265446,0.027958320526826976,9.136352522035383,-3.9729487013909965,2.2425664885464682,4.271110680412805,20.96186327212022,-27.86152058489067
1440,Truck,0.005536091472119811,0.006206530792000344,0.05023401127354412,0.8936652116140361,0.04435815484829969,9.97450881152578,-2.1336359477320705,1.4327712910357133,58.82247000592727,50.056952413559934,-23.268827542773078
1441,None,0.6114599624124171,0.08359608462070559,0.11071542012072691,0.1259874141652928,0.06824111868085768,87.93029256390014,3.2499852252526225,0.41957281273045544,0.27714446100812484,86.43568603638396,4.191473232088299
1442,None,0.21674372558037236,0.12846491793923326,0.16752634460554672,0.056159626834257854,0.43110538504058976,56.40247424118404,-9.655336344882542,0.29070484794922824,0.10886164865459436,112.53389940799502,1.2230314046751412
1443,Pedestrian,0.7576297365472329,0.09927157187778281,0.046170805692582584,0.02411783542576602,0.07281005045663569,18.09919852442711,5.036429701544876,1.121989835987271,6.509626286188087,17.757753179693346,-18.204178156931945
1444,Car,0.035717119771360266,0.0,0.8589050955124538,0.08078822135210974,0.02458956336407622,,,,75.08375276808547,17.220161780350608,5.090288413130628
1445,Car,0.01437518084098303,0.0,0.917928532657467,0.06769628650154998,0.0,68.66492888753164,14.834240276447217,2.086328691103921,59.643329701909,43.3596472892645,-1.6323914698036144
1446,Car,0.0,0.02850020850144642,0.8345222746297095,0.12888151333831696,0.008096003530527161,24.470389529182476,-8.921037626944614,1.693177824249247,68.31974933883484,48.541628960153524,1.7333928676320474
1447,Car,0.01337664572121804,0.01671429091003205,0.8670404583516641,0.04326642673336149,0.05960217828372428,61.532217886091054,-1.5903933727476407,2.9033596592427413,23.080407945265986,21.146830614225067,-25.637597477354834
1448,None,0.1252306391204203,0.07585994942191454,0.2604159040939384,0.1287989576437056,0.4096945497200212,73.71105725013655,7.470091684538968,0.4168189382823551,-0.7400066287436011,89.76564498264283,-4.704027267878697
1449,Cyclist,0.052534258478490206,0.8614068709073996,0.022210168470765936,0.0334679163820353,0.030380785761308954,35.21755647179279,-15.85819519737859,2.6535703934742028,24.22625360355256,25.54358688074269,-24.042344548726614
1450,None,0.018719193260851797,0.4309167345790003,0.1219971690961802,0.13580442871293275,0.29256247435103505,94.44264443350872,-6.162620557700505,0.13776233893246648,0.9777415659593827,116.2883940212219,0.5209798698739743
1451,None,0.12679111366911264,0.15353437746459464,0.43643420016742446,0.08092415330979617,0.20231615538907202,98.76058602803023,-0.7338686279964275,0.36108718570719156,-0.8611990066152886,81.8705899894707,-3.778885571202142
1452,Car,0.0,0.041746909542069804,0.8089637326380534,0.1460894332881633,0.0031999245317132726,71.95075585937606,33.45278256442519,2.3844454432080697,69.96962342269128,78.05753349506566,-23.010449734563647
1453,Car,0.010550026177846464,0.0,0.8479623732820092,0.14148760054014436,0.0,36.391890645828894,5.961298456552197,1.883844268790522,69.73042045599244,75.80934912734466,25.262053066596977
1454,Cyclist,0.11713947182373283,0.8233341382257339,0.029800639678637775,0.0,0.02972575027189555,16.61230722519121,-2.5102627341390042,1.9767983688292423,29.064517987736068,26.13107301833468,10.771152331191468
1455,Cyclist,0.02058016689455422,0.8028895068165467,0.01931399901379714,0.0895200808297408,0.06769624644536115,13.91402839610058,2.4502207507123748,1.686855441136484,20.056118773185705,19.19572793800005,-15.08569676385976
1456,Pedestrian,0.8981180283940225,0.022790374136048654,0.0,0.032314275378466734,0.0467773220914621,18.327764528851432,2.8998151587094902,1.6655691470657505,5.369314076800265,26.388136901184104,-19.061268310288874
1457,Pedestrian,0.8774389541328966,0.12256104586710345,0.0,0.0,0.0,17.21030276140564,0.2706602496274353,1.7016405072981724,3.712792953634887,12.542580769309273,-6.850888017079677
1458,Truck,0.001961202199986891,0.025425450581694212,0.17835142960633035,0.7636567597136928,0.030605157898295637,71.28382176781275,15.818950958532614,1.6909105449422936,40.95105436762336,56.029663162416426,-21.969402406759485
1459,Cyclist,0.019973883946716817,0.9349261097120152,0.0034082977141147827,0.03823445986677711,0.0034572487603760447,34.32554669061679,-15.945540719809554,1.334958892656462,14.881311038097115,21.185059276586436,-4.4786191161642925
1460,None,0.08142559302052961,0.04962227908758575,0.6653296295013733,0.1075889494737812,0.0960335489167301,55.62563246190777,2.994973975421967,0.11920397925596932,0.5844351841879531,103.07726351228209,-0.8451142999371068
1461,Pedestrian,0.8849338031219682,0.10709294298683734,0.004029629098773241,0.003943624792421224,0.0,24.84644169678588,0.7869816797047133,1.7757421688731747,3.2277882622118272,22.73184794484132,-22.22026406886382
1462,Car,0.0,0.02065325191329819,0.8008858463917472,0.150265406184755,0.02819549551019973,77.15683007143899,-23.320851915144846,1.8085116176315337,19.955103950201064,89.60191452860983,5.412798853842773
1463,Car,0.017701088168772656,0.0,0.7672166250145868,0.16666541712285018,0.04841686969379042,39.95943096410106,4.366893854113513,1.7456464912050749,70.11071819143248,42.19280278405045,18.4037709237835
1464,Car,0.021807770251347735,0.08048983756094776,0.8559094483563234,0.02702299193207062,0.014769951899310555,19.733271523970732,-6.741330753118355,2.064792663193983,43.088495854205085,98.71674597615588,28.305666967938155
1465,Car,0.0,0.0010635219956106508,0.9480618264317121,0.050874651572677426,0.0,44.44521669255833,-15.629357188066237,2.1616589733360483,21.77664889019228,78.36768831755565,-9.830231415551856
1466,Truck,0.0006881766976694161,0.04399049883330776,0.004088894146940357,0.9434369298746941,0.007795500447388405,60.656696585187035,-7.908779805659997,1.7167558719189862,13.732754112141139,14.343059138154649,-18.50064509716662
1467,Car,0.014893820480233095,0.0232070508039404,0.8505290667257966,0.1113700619900298,0.0,48.81832711734839,-16.67333221086862,2.1644106850172413,31.017889110675927,83.36176847557674,1.3454778169748876
1468,Cyclist,0.027553128896729173,0.9108908027836383,0.0,0.027565226207186613,0.03399084211244595,5.4018094207998715,0.9210196011676727,2.579974917903059,13.64258789886061,29.415978902792503,-18.432985859244198
1469,None,0.19379115966142713,0.5277883915803462,0.10573650511868801,0.08204833326082678,0.09063561037871193,71.27059952959092,-1.4824051811188355,0.4682598108321064,-0.6137924770605232,104.31771484059769,3.8375806588689336
1470,Truck,0.08155349687686708,0.037621613578933566,0.11090716795883032,0.721845174068433,0.04807254751693617,73.02858924158348,-28.149761426834427,1.2050301843517712,40.38705645363497,57.789184589484556,-26.290207140075676
1471,None,0.20263347753822536,0.4065335523202099,0.08173368732408363,0.16160759959826337,0.14749168321921777,66.7521499832446,6.606198831699309,0.3368512523384445,0.40935296702069035,100.38487356230232,-3.1102610920287743
1472,None,,,,,,54.69190766754359,2.417223727953207,0.4190959564643938,0.3767386505341632,88.03754880589373,-3.0497828533930327
1473,Pedestrian,0.9099662594539444,0.08082651511565211,0.0,0.009207225430403485,0.0,29.110236819245156,-2.9131791378026795,0.7284826605584073,2.249915429815948,7.503274938335278,10.494135578879884
1474,Cyclist,0.016673986527127604,0.9191242640587819,0.050335634913088886,0.0138661145010018,0.0,28.48527423462841,13.591008892852237,1.0966337795729413,16.89010105596153,39.39623574513967,28.6138796659291
1475,None,0.02231229268711359,0.13898757551606292,0.043093846851356435,0.6178542161797522,0.17775206876571487,73.85804764538261,-4.813446002636339,0.18821948906314445,0.7195232057343943,105.11169912801361,0.828409419940833
1476,None,0.21106315915852109,0.25823492882691707,0.03174845219226865,0.17264540556594102,0.3263080542563521,53.9359795687682,-7.3955785492015735,0.04217779691028484,-0.46627845838734805,107.34531760388418,-3.6730911154334467
1477,Car,0.01276575606443308,0.05560044392220164,0.7719250783177521,0.15222951895001346,0.007479202745599682,44.19744649364304,6.611509398454272,2.873096994318326,,,
1478,Truck,0.006544822895563313,0.03882225343568637,0.0,0.9329851669909539,0.02164775667779634,74.27355110621137,-28.17961811368945,1.370851761938566,27.899847588368125,55.19144483948905,0.9351435297743027
1479,Truck,0.03150136206473654,0.005957373041361073,0.005804639684875237,0.9567366252090271,0.0,35.70788311386682,-0.04946567355023121,1.8439613861866793,50.66162686201364,12.449699272805494,22.96966024983341
1480,None,0.01422827680673663,0.12640921151637383,0.3032803417215126,0.11833245136931032,0.43774971858606676,61.319607259161195,-1.8506273955515145,0.09373713685682034,0.7275702730903955,115.1013741820662,1.7008887049270704
1481,None,0.025455080720319958,0.08944888919146572,0.45721637601505577,0.28087794754666284,0.1470017065264958,99.30509216137696,4.980237055280458,0.3949763191735274,-0.04737598098109963,117.82437401913155,-2.2993392844819347
1482,Car,0.0,0.0,0.9380279231324334,0.05921153854346581,0.0027605383241008363,71.02659508852045,-27.309270367600146,1.8944326855691127,71.6854541184986,80.07795089546191,-19.49063328169423
1483,None,0.2598660505343501,0.2074883673043226,0.1454517196270302,0.15102427453270603,0.2361695880015911,96.1523841419663,-9.959506580355127,0.2753673413289425,,,
1484,None,0.15349118447342505,0.043359034228407894,0.2243500474029836,0.3542404312152022,0.22455930267998123,54.51635038918387,9.096612794866076,0.15272006618770356,,,
1485,Pedestrian,0.9173434557973711,0.02624198811983646,0.009436295840973694,0.0,0.04697826024181881,9.39269044000535,-2.371993179854491,0.7743110997893728,3.421896737640192,20.682688493999645,-6.0922207201181005
1486,Cyclist,0.0,0.9203186204309707,0.04510832825323734,0.030763884042210154,0.0038091672735818343,,,,21.370982740815563,11.969057418562578,-13.974716273137822
1487,Pedestrian,0.8097936229451412,0.09599919487143602,0.036759410385682985,0.025689206698076287,0.03175856509966367,24.497912354609547,7.3601831233522494,2.550487411021875,3.1486956101947534,21.517730592480035,-9.535447608791287
1488,None,0.09782573891194571,0.02035232831926405,0.2452710098736322,0.2608122026187941,0.375738720276364,56.06961627429357,-9.689298740321039,0.3659011664991434,-0.04743318792925222,84.07982208880551,-2.929748187360338
1489,Car,0.0,0.014634063565781454,0.8280401009777183,0.15732583545650022,0.0,37.104803262091,18.94140091552119,2.7551749290840415,43.169324965299,96.3684204880729,32.86129983886887
1490,Cyclist,0.043961133697533024,0.7139641417504804,0.08136592464940265,0.10758333202414647,0.053125467878437554,7.838749716904916,1.9836901992966027,1.4423591426325733,15.283355054084836,38.52412967469653,19.42841748922765
1491,Cyclist,0.1190421356725263,0.8744932334833595,0.0,0.006464630844114094,0.0,35.40495843101146,-9.289980510765398,2.504739091079951,10.614979067082775,39.83482508297748,-8.232221267629665
1492,None,0.12508094023665076,0.46561821419158694,0.19530519470129543,0.010313183602241838,0.20368246726822498,66.29202334989877,4.102644313165772,0.21719809803670737,-0.40924480964927845,117.5103868009773,0.7478693726397347
1493,Car,0.0,0.0,0.9473175897767635,0.02785764827039156,0.02482476195284489,11.719657542858197,-3.1385229935959598,1.9252080396555962,79.5061404202883,57.89179538350223,1.6510129553441684
1494,Pedestrian,,,,,,18.722738096747953,-0.7126900901944347,2.3528081334134505,,,
1495,Truck,0.02010128378867261,0.0011769693593983803,0.05791930975504811,0.9208024370968809,0.0,81.90080986741282,-27.37115757603616,2.0780892981691546,25.316534694827432,119.08049179924268,8.60778172502135
1496,Car,0.012878723051300459,0.05389739706435394,0.8017562544778166,0.13146762540652898,0.0,70.3484977472624,14.826187651887727,1.7843839606721696,38.45374249057142,73.88584792245194,-8.36282352158771
1497,Pedestrian,0.8699527140324922,0.01840684994644085,0.04019877954055423,0.013150549867510656,0.058291106613002144,22.48704788619701,0.08970302429861854,1.7352947629699758,1.758085377301121,15.579191304424516,-0.5714630236353626
1498,None,0.4759544156394176,0.03487371558006282,0.043513625638403754,0.18921298237052675,0.2564452607715891,83.30204020773422,0.6338824711880715,0.12468422487134939,,,
1499,None,0.1764207041518715,0.5341788524630354,0.17073593627987363,0.048152079872561454,0.07051242723265799,68.12342846770252,8.397957384775928,0.247934806541309,-0.9036640632970339,103.96060328531536,1.028689360667185
1500,None,0.0689318366082513,0.07299825054550035,0.1438269904767683,0.5676420464977114,0.1466008758717686,99.33760056731754,0.799188637561123,0.481399499525532,-0.4201303745612648,107.99880440719045,4.868216169994465
1501,Truck,0.029442161486387796,0.016151588555202587,0.08042873026130502,0.8724976655271582,0.0014798541699463925,24.94101322770395,12.599332598203809,1.7833590691381525,21.143420454096162,42.152907486437925,-21.628348435739515
1502,Cyclist,0.08762384608928775,0.8508031378902307,0.0,0.028601251353866434,0.03297176466661513,16.065413872920868,4.068412783454174,1.0891786810372428,23.935027264398485,27.226911248871588,-5.951676720799016
1503,Cyclist,0.14715579817955246,0.7646197441205215,0.03131407098230169,0.043083130432001696,0.013827256285622706,35.25629795083437,0.32582071642922983,2.0125007340177543,,,
1504,None,0.23502871810652937,0.3273261029210721,0.07085484479576883,0.31360099623629656,0.053189337940333155,52.75196968647868,-3.226509714013699,0.12937947836493646,0.4752768428339129,115.38185147480233,0.892534982118697
1505,Car,0.010925239847822395,0.029157298320960163,0.8415641126167103,0.10302139716719003,0.015331952047317165,15.946192677534142,-1.6499815233252355,1.6199106559906167,65.24908083960214,11.096921929420667,4.928402551092031
1506,None,0.07528898441595863,0.14430111065985898,0.048787876563560685,0.09003926125638831,0.6415827671042333,83.29753405716451,-6.041649084099266,0.11932967731434391,0.9598770925716025,118.98734331945269,-2.510190161893142
1507,Truck,0.0141207331830404,0.0,0.1790590563848399,0.8068202104321197,0.0,51.38265731353037,24.944057915155266,2.4361672645930272,,,
1508,Pedestrian,0.8661536979972948,0.127353334420968,0.006268926769834087,0.0,0.00022404081190310063,21.927636127096957,8.494894190624006,2.0711197206280145,2.9872961926426087,26.460894940607986,-2.8938180759186833
1509,None,0.21253994651483818,0.2971227008908336,0.13790136222024554,0.03948797303310723,0.3129480173409755,92.74602875754886,-9.851128228956528,0.13066274592219695,0.8820361533043648,107.19160720530157,-0.43411213718151487
1510,Car,0.0027687678913367467,0.0,0.8525140030290935,0.12086296626521399,0.023854262814355563,44.08371067797175,-0.4983204170300099,1.7306483564340271,76.93906115871468,82.96311641312364,11.789644099575227
1511,Car,0.03822765526380389,0.0,0.9169910803242797,0.04478126441191646,0.0,63.696554180648484,-30.378690960491728,0.9855066167536404,68.67167530416371,76.3932773310997,-3.540590357458189
1512,None,0.10235629528732519,0.30233983850340884,0.28350521757343633,0.02619213835066066,0.28560651028516904,74.64743110927401,-3.8290580567765797,0.07290958992880092,0.26978815585350624,109.61894020789742,-3.3966032516000944
1513,Cyclist,0.09140693070601703,0.7998557541588064,0.0,0.029228817642653726,0.07950849749252287,23.460372281083355,6.175427012501558,1.102247924867082,26.164841373623336,25.995659426590493,17.116339135232376
1514,None,0.12506789304531515,0.10522559316769603,0.31164152822483593,0.3293022590218226,0.12876272654033033,82.85221370363504,8.718356081768768,0.17407467382348174,0.4766049412045308,101.22363726084339,-0.7116056037925889
1515,None,0.0824079045486042,0.34261365645560143,0.0815325144985651,0.21272395832158833,0.28072196617564094,80.02991619733788,-7.5177694501028665,0.3091418901477242,-0.8283670586591332,93.56685196283149,0.09014291447072331
1516,Pedestrian,0.9810248597457947,0.012962874068366844,0.0043253633746782654,0.001686902811160228,0.0,25.166415890933894,-10.585387740374893,1.786155102972509,2.5643310058410633,26.662960997746538,26.796945532144
1517,None,0.280341420671605,0.06752274600549138,0.08469118871150587,0.2773756772929448,0.29006896731845294,83.2781774789791,-9.541960831224692,0.22784871305647691,0.2553904942935723,102.22809262781087,1.5086162711369777
1518,Car,0.020364781795581828,0.032422378835371676,0.8293962131662888,0.08046814058039539,0.03734848562236238,67.8333961773561,-0.27722235104722226,2.7339429238685393,,,
1519,Car,0.05120706554217234,0.022767389481696508,0.7777218010653952,0.08202935414695124,0.06627438976378466,77.52895038671568,-3.9864215360127857,2.873164142814805,72.17691233369642,35.373791437812756,-13.08467206739374
1520,None,0.14170070571851812,0.18480415453504342,0.25529662829181127,0.2107458861904828,0.20745262526414443,,,,-0.7100441091464864,116.52729370678105,-2.778550720826869
1521,None,0.22805260039727956,0.4515749869578705,0.1340368719724244,0.0876822862911124,0.0986532543813131,73.5510339215655,-5.546666644385356,0.2585565535256569,-0.41414628063384007,104.70397294931203,1.9398366406994718
1522,Truck,0.0,0.0046971172397860216,0.18165930766052044,0.8059305075200515,0.0077130675796420215,50.27654299325373,22.55495739363586,1.3086201623413962,56.39664951666184,54.370752050097494,-9.89532282692387
1523,Car,0.0,0.0,0.8128815718629507,0.16986421347322342,0.017254214663825693,26.800839256425835,8.286428663532838,3.0016355331148565,68.63713080846495,98.38067624359859,18.029076010358693
1524,Cyclist,0.05345864389352083,0.8794648980111308,0.01994034923404149,0.006086325130005157,0.041049783731301706,17.10830496201322,2.7079819077764555,1.7222067029188033,12.48669298963661,22.14733447689176,-16.390133204625883
1525,None,0.2723388204233372,0.09948796196856914,0.045781114077110205,0.24842289228087966,0.3339692112501038,68.30035944197107,-0.8216635466090061,0.15911447606633272,-0.87286804095061,112.29552693789256,-3.268330528466624
1526,Car,0.0,0.0,0.8621360420912872,0.13786395790871278,0.0,35.453669175738405,-6.4883955405749285,2.2046859243211463,23.501843841967208,16.957993663306553,32.80455563877987
1527,Pedestrian,0.865850559446651,0.07950902261967456,0.00860199410399298,0.03846132396169553,0.007577099867985971,27.57345335486005,-8.287542575810441,1.9937087380881062,4.7870003550619336,26.836747689326465,12.713415231181044
1528,Pedestrian,0.812808604725288,0.0726322778214889,0.028061673009643576,0.06583862911299466,0.020658815330584883,,,,3.691333879550262,10.249657069866728,12.484336511572067
1529,Pedestrian,0.8670292190247448,0.09933174615074632,0.03363903482450889,0.0,0.0,22.560489804323677,-10.743022012033924,1.9202942745698923,5.048830873255935,15.58675884079866,-19.63974940431718
1530,Car,0.0,0.0,0.9120609055266976,0.0879390944733023,0.0,28.245222945558066,-15.623334026920658,1.2392010903162904,34.531666971271015,77.16402636147063,-13.702107761606332
1531,None,0.18087505789863803,0.11537459801273198,0.2895402910047172,0.18957609672555434,0.22463395635835864,92.82475540617651,7.577384703730079,0.28090972652461904,0.05916090087629011,94.37020506811452,-2.2264391597038857
1532,None,0.1605697022457903,0.11371845986308589,0.22299547551064608,0.3258288504223689,0.1768875119581088,61.732245114870764,-0.4032270219805323,0.15982069036878227,-0.31173075131831696,112.58707719861081,4.507924777837376
1533,Pedestrian,0.9158265914643713,0.002350321639785547,0.020216754651627814,0.041595351211594814,0.02001098103262047,27.8463837745489,9.621401187043361,0.8606269388877121,5.319374462805494,7.508963680454692,22.419988911262124
1534,Car,0.00435285138192152,0.0,0.8332085116803661,0.16243863693771227,0.0,9.330446128995169,-1.5606455573473372,1.9322163655326767,68.49392804658176,92.46085913351979,-25.90622589740962
1535,None,0.21660178117274637,0.0908965984379893,0.3362972771788229,0.13519623295782396,0.22100811025261746,75.76375501538725,9.92714923429585,0.07983102176653772,-0.5741983179712371,98.1330547336277,-3.294260904982319
1536,Cyclist,0.016134708245999274,0.8662262967144908,0.07479278998779426,0.021487488770022087,0.021358716281693713,8.22856817471396,2.4510589142574712,1.5507888155276706,11.261015216166909,5.463524579248195,20.95610041794569
1537,Car,0.011329593314310191,0.0078022795787780035,0.7637210394092359,0.2166257355593315,0.000521352138344573,13.018810180088462,-6.843562207004352,1.595134442501326,28.333563823396872,89.22678073864405,25.84986001320923
1538,Car,0.061007052182070975,0.08434831480497856,0.7749477679093911,0.039442111644862575,0.040254753458696696,7.29272654111862,-0.055228604310074814,1.6625372733763202,67.43758461628529,52.959882580147344,31.828957972967128
1539,Car,0.0,0.0,0.8937031260853598,0.10200104582690249,0.004295828087737704,59.07211700439473,-8.534601227783376,2.939652774524944,34.64806082692511,87.50664547521181,2.6447502982651985
1540,Car,0.014715252074596653,0.0,0.8937169868045445,0.08055301339909351,0.011014747721765443,62.15598126088113,19.63488485887584,1.887183893530389,58.57426177097066,28.772203526528656,18.644081706784487
1541,Truck,0.004050430266487522,0.05783397983033239,0.10705651382317768,0.8252932017684077,0.005765874311594716,72.31448247872252,-33.5005978018158,2.3142508068475713,51.42771518654995,84.1193318453649,-8.973856462118833
1542,Truck,0.030663998184911407,0.01984596300575329,0.15096823916020533,0.7688211489272345,0.029700650721895518,,,,13.711219764464092,67.89996107956435,-23.373395393203914
1543,Pedestrian,0.8384187845924549,0.14582461293686552,0.0,0.001840719071297127,0.0139158833993826,11.8190998174457,4.747340698989537,2.2703143090040667,2.5576992779283616,27.09248593847713,-7.804758322928499
1544,None,0.16144897724231655,0.29362921854830953,0.22483954738943726,0.14349288110411337,0.17658937571582323,79.15501326875763,-6.309916402097329,0.32451165424042194,0.8627601771659328,86.4375964024801,2.1201174850676257
1545,None,0.2809747288707928,0.10587071470203095,0.27604964722367137,0.004060369622380706,0.3330445395811243,67.05658855294915,7.60788053075386,0.4969902922674651,-0.9528420988868063,88.7729002792817,0.8995198309761339
1546,None,0.3085665583996973,0.0011914967477974657,0.2306424396495068,0.2635376330336298,0.1960618721693688,65.90300352429428,-7.205345943352324,0.3971340730252311,-0.9557203365111477,102.85684857397003,-2.5332268976662164
1547,Pedestrian,0.8759951502330191,0.041011793991784416,0.0694360834716462,0.0,0.013556972303550302,10.122366247462391,3.564631640316152,1.2428964359887753,5.934712352046737,11.835750969110935,-17.780934969955617
1548,Pedestrian,0.91280028622758,0.08719971377242001,0.0,0.0,0.0,26.863257002866884,3.7726161949254364,0.6230842462202782,5.744216837296491,14.59051776777078,28.63952624517481
1549,None,0.0888561203192196,0.11027605692709368,0.430717564143454,0.12448506748970076,0.2456651911205319,80.85022778306285,-1.492002924373569,0.055944671492386744,-0.7434130150583897,109.05463444796972,0.27924945782026
1550,None,0.14561811995652071,0.21531186184352782,0.2777984582553911,0.1630525760582245,0.19821898388633583,60.57216346253372,-4.951711409185209,0.31847775207872225,0.07870360335646698,80.41526293210185,1.7694312920694113
1551,Car,0.0,0.0002695707565994779,0.8654005037913781,0.13432992545202246,0.0,28.572482622360482,-0.6610182173238393,2.6153063556463905,23.30369925399017,15.188465041888252,1.7872037563387158
1552,Truck,0.0,0.03977147650532284,0.12586021774091163,0.8343683057537656,0.0,10.150360420573925,3.990016398028052,1.0156861118987588,16.26557521208304,73.87788115421272,-4.601106928438046
1553,Cyclist,0.12562627802220222,0.874086994465469,0.0,0.0,0.0002867275123287545,27.088081813696636,7.862666977481797,2.4520644701483447,20.49941374468001,7.441198712833502,15.3513041942245
1554,None,0.15679500131515528,0.40045785675870293,0.13738253990212693,0.12411572688467966,0.18124887513933513,72.21928439199718,4.115754661194444,0.25224249549387295,-0.6680936104237909,116.07635375282558,-2.7260163517007108
1555,None,0.19830376430953287,0.32629650999137655,0.13009970066710422,0.05648650791576348,0.2888135171162229,87.46903300131756,3.906210796424954,0.2752318742268116,-0.6202304347263974,113.09756933516228,-1.878626862281012
1556,Cyclist,0.11820508827884511,0.8817949117211549,0.0,0.0,0.0,37.51473896589605,0.44116010428060076,1.3964894479596723,15.728526917424821,29.875038968535268,22.99363567842197
1557,None,0.405949312851561,0.20097255133346117,0.14230155659025648,0.1739167308167312,0.07685984840799025,70.04046441706413,-6.7714694341431,0.03419123795591689,0.5274029719878779,116.75808240283138,1.9883305315981143
1558,Pedestrian,0.9030407323580675,0.04283623200501612,0.04414002848237957,0.0028933875109879,0.007089619643548869,16.089907500020878,4.802658548295186,2.271525755205198,2.580632309017264,24.109702867711203,9.44460310094062
1559,None,0.08742306011010005,0.12835425427656028,0.13344917498021533,0.18553757309101923,0.465235937542105,65.36426136678519,-0.9955881306853058,0.10444486313322754,-0.016176424449809712,101.88626212844315,-4.629119217387768
1560,Cyclist,0.09611237760223168,0.7611216902651011,0.04569212932024864,0.038136409713048325,0.05893739309937025,19.44808914628667,2.774576218154809,1.1707148409922665,22.47541637994379,28.19390193122682,-24.640320413063428
1561,None,0.23561418946281404,0.14865478614874542,0.10387114050967665,0.14178182916966128,0.37007805470910266,83.08137068423127,3.095687342551276,0.0032977867097915836,0.6342026403503189,106.1648146135207,-2.722176153511655
1562,None,0.07264614244078632,0.07806742747890213,0.31724713462872045,0.25295208365273275,0.2790872117988584,67.48505542847099,4.126995211864031,0.23678926016794938,0.7808338452204513,84.52191392612207,-4.8191229311451345
1563,Cyclist,0.1496054063709318,0.8418979059643185,0.0,0.0,0.008496687664749761,5.931142513272557,0.02261853950173667,2.070058130656017,23.46276114139379,18.42641510684564,-6.024067119733012
1564,None,0.003910005560639795,0.07956476380926408,0.4625911045332281,0.15246347572558774,0.3014706503712803,89.9688349093326,-2.216332297737427,0.02441058317709166,0.34244204686001667,112.56883683328414,-1.0113391933886828
1565,Truck,0.05024701346129741,0.06944401372997293,0.0,0.8579746179166947,0.022334354892035085,77.85816711319592,-2.270438365778239,2.493801979307434,14.72081209105776,25.35507553361754,15.9359051160722
1566,None,0.3011004768526765,0.5039896753889661,0.1118819261524468,0.07828989456890552,0.004738027037005216,58.244421118125636,2.3851829387291197,0.31932060000768786,0.3382121193222314,100.62839754108512,4.1262084308474964
1567,Truck,,,,,,35.513432121198704,-13.700136067655404,1.8027107405325042,46.25440425917153,54.84406646238877,25.753222041498418
1568,Pedestrian,0.8381166340834537,0.09344518268311926,0.04259823550145971,0.016469447137556686,0.009370500594410632,8.618146446390215,1.533836351608068,0.5383644355672297,2.282341244162656,26.930513020443414,-25.82962790711533
1569,None,0.0,0.5065082647067024,0.32511293227399635,0.08696571692850527,0.08141308609079595,,,,0.713450671610339,119.53739389096432,-3.781925677615783
1570,Pedestrian,0.8329848487988262,0.0,0.09130868913798347,0.050077096191229936,0.025629365871960293,28.39602131197715,6.344112231795038,0.7603190257337571,2.2511517494663424,6.557790639737012,-4.003886183229651
1571,None,0.32092496481625393,0.26630193514659767,0.04067761452101804,0.26149587700327803,0.11059960851285246,66.52072354762905,4.667530586813422,0.04234517900455331,0.35897532410136934,113.73919793448677,-2.985500436687211
1572,None,0.2517010184532077,0.369032135279522,0.14315067998461117,0.03689553959262028,0.19922062669003873,90.45699701582348,-8.755213857518807,0.4173263722501359,-0.008193333808056424,95.24258154353568,0.7060211338971412
1573,None,0.17879328025140406,0.13160781250028286,0.2717546674245436,0.2293028206955247,0.1885414191282447,91.19671456090839,-2.766514710728412,0.05405682877970419,0.8771411300048804,97.67362222288315,-2.8283034300538623
1574,None,0.2961762317786051,0.05350845607145501,0.22266642893039934,0.32322971255615635,0.10441917066338409,93.6524137893486,7.297007932993452,0.44006840073014186,0.9046085471465206,112.7585579126951,-0.8436557304763124
1575,Pedestrian,0.8859893858526777,0.08725592095755827,0.002183993192153787,0.023288273613217333,0.001282426384392882,20.592984191985945,-4.788810719662175,2.11239161144615,1.1168647028797198,15.186777636373339,22.808298168641482
1576,None,0.06049369591753238,0.3048191188268949,0.20302476178740891,0.08971908906134476,0.3419433344068191,98.84888356902695,-4.197482503642673,0.20459897786858522,-0.7783262686151629,88.66262682237625,0.4846606509020104
1577,None,0.23818863945532662,0.4026509186101893,0.17059269016493414,0.12347671486576933,0.0650910369037806,72.399748579342,2.399473205007517,0.094481230995904,-0.6029303732991784,80.21896879934832,0.24250583585574503
1578,None,0.15803808466262653,0.14656978246516617,0.4164110984025068,0.2134833320980057,0.06549770237169493,67.05648628261957,-3.7415804032276556,0.2156836449007728,-0.8312127339762378,108.42328014049362,4.2624026163213475
1579,Cyclist,0.05120998309897777,0.7603312744449717,0.04674931895413733,0.058448328497348254,0.083261095004565,38.00374057737148,5.144631761563821,1.5238580094304957,23.535823441747315,6.917794532277647,19.13331383151562
1580,Car,0.014419237689021551,0.0,0.9192672417327991,0.03707372341957911,0.02923979715860025,25.578150836886454,8.075183909670777,2.9148972340520176,49.61641116962652,78.19527844462984,-17.688652053371012
1581,Pedestrian,0.822793477143583,0.03466896727188519,0.08355552667637736,0.05377641441501948,0.00520561449313515,17.611967267864898,4.556591208826769,0.5925043635875127,5.546961115493596,25.98358732736614,8.91894278318891
1582,None,0.38007435279335144,0.08920329683931577,0.22869531709615376,0.0922423862207203,0.2097846470504587,87.98264592269223,-3.181333279546717,0.28183224034788656,0.6690830309537381,103.9722951719464,-2.565931739588824
1583,Truck,0.061666669801334964,0.010926175069212186,0.0,0.9274071551294528,0.0,86.10249924102706,-31.066595140844157,2.773075860023769,22.167404357408035,46.858633347455225,23.648098790349852
1584,Car,0.01760358907087837,0.0,0.9455570303104062,0.0028647322197858857,0.03397464839892957,39.06496182998201,3.1293479147943937,2.4606663377795504,62.28585298587466,71.55189946572814,-26.870392612336026
1585,Pedestrian,0.9362260267001317,0.0,0.009557328890681636,0.043633096767805135,0.010583547641381542,,,,,,
1586,Pedestrian,0.937557551151114,0.04248103599693459,0.006004610565215293,0.0,0.013956802286736037,15.482249402058128,4.910267979478419,2.4140390073339613,3.8603351077325536,16.297485165519948,9.962069132109043
1587,Truck,0.0,0.005409838604697258,0.16709915356082622,0.8274910078344766,0.0,79.2109772079075,16.008651408025337,2.391790761435781,26.601623538070623,11.0866696069756,-15.869955461084073
1588,None,,,,,,92.6137659745846,-9.033023369756402,0.11218024991921588,,,
1589,None,,,,,,61.56284281576293,-3.312971176908528,0.12062131681894056,0.49886099855087074,83.24056578743496,1.9732160810209267
1590,Pedestrian,0.9199113281377518,0.0,0.0384278061593834,0.0,0.04166086570286487,22.564618861273516,1.4325259075298122,2.0689548498514427,1.6162618347854996,10.736980791724202,-8.041202328651604
1591,None,0.2623301325789733,0.3184153050803527,0.2775750499099627,0.09105531096503425,0.05062420146567706,52.22352544859472,-5.371100632681118,0.17012899979877172,-0.5504693407750956,83.34181858243537,0.23676972062978763
1592,None,0.32730619074418915,0.24897002620306952,0.18695925622675105,0.09864426777519046,0.13812025905079978,92.11430838809817,-6.383037865543302,0.0815116397506016,-0.6114894506749584,84.12923262452871,3.3762901996416623
1593,Cyclist,0.11151249711939148,0.8489248779363622,0.024658240819757662,0.006089890263649637,0.008814493860839018,36.70507337752899,-8.369496862969157,2.3814589517895985,11.775506708958519,17.172586950182012,17.712261846456467
1594,Cyclist,,,,,,5.76256481917593,-0.17851063066235867,2.058862250095955,29.56488611220051,21.78675493093411,18.922217116451023
1595,Cyclist,0.040441051639647896,0.8727937395651285,0.021176336275516617,0.04869629543948933,0.016892577080217668,23.3256822500725,-0.5592676316219263,1.4484525093420264,22.750914023854396,33.19553217598014,-14.33486133446053
1596,Car,0.0,0.011795266391725998,0.8131240016895853,0.1750807319186886,0.0,15.55432080204091,-5.735855990862916,1.5758949300139988,26.27381926656796,45.16338139860494,31.119642264783018
1597,None,0.34332983794189453,0.2312229980255276,0.193362887027551,0.12006255633008632,0.11202172067494075,93.0439074546145,4.714252202660658,0.11922128086004768,-0.4205790803620044,111.22651113362977,-0.09911578863168735
1598,None,0.30842814014148345,0.10994934258160448,0.31415356363124436,0.07997155246554183,0.18749740118012595,89.88991431432866,2.357728343897474,0.1446838592687415,-0.6342016898135971,90.10293601192551,2.172688689824964
1599,None,0.17937836850325745,0.25757657579525883,0.07487917209932683,0.09396453241202907,0.39420135119012784,90.1109404305493,-6.912304195448311,0.4566061719889816,-0.07811711031474466,117.16931982240766,2.6123983173770764
1600,Truck,0.07139512571387209,0.010407394069970785,0.10737235358763242,0.8108251266285248,0.0,48.89280002096427,-18.633301235139143,2.9069740793531174,20.10362520345309,35.43504993985727,2.4812870604762987
1601,None,0.22475872095201171,0.0,0.3026886257293175,0.24604818320210015,0.22650447011657068,87.28884108467977,5.481219495370464,0.4541386649258785,-0.7289309819313141,84.88380222136472,-1.406893909458764
1602,Car,0.010312513855125688,0.04511132929063684,0.8027917438185358,0.1340196901017371,0.007764722933964653,21.96268748376394,-6.123913304956539,2.7861144309320514,27.84566867808489,42.6981137405275,-5.109783244170383
1603,Cyclist,0.08914314824287448,0.9077685548388628,0.0,0.0,0.0030882969182627978,35.80711193118747,-5.830434556202254,3.003288382264594,11.320631312077118,10.104462458393435,12.34785522625777
1604,Cyclist,0.046430422747431456,0.8088020739376972,0.029492413624879695,0.04899008246081027,0.06628500722918135,4.735798654031118,-2.205939038769689,2.224129442030416,15.758931993167174,20.89532652769909,12.771979272679618
1605,Pedestrian,0.927662889854192,0.041383679291944635,0.0,0.011193311094828337,0.019760119759035133,21.110894648058988,-8.383062744713804,1.8392850540192136,3.611220409471559,13.689430602688931,-10.521196958093498
1606,Pedestrian,0.8993819296776492,0.0,0.045055804230269655,0.02747546889238364,0.02808679719969766,14.394837596924916,-1.5001637680465008,1.773050300126034,2.913253822250735,13.30492615030575,17.9192618594189
1607,Pedestrian,0.904472964074928,0.02238644998856867,0.0,0.04216372477845624,0.030976861158047073,,,,5.889174051867983,5.998134426472354,-7.855191702028525
1608,Truck,0.013517157364448954,0.014262135845529109,0.14238832184894132,0.8117180975606616,0.018114287380419106,,,,35.11963769995545,55.24602167389697,17.699927231466788
1609,Pedestrian,0.8639434147594701,0.026584375365418144,0.05535979162514859,0.020602291786606646,0.03351012646335648,,,,3.30378102548549,23.22794799019523,-0.6762760618073671
1610,None,0.19206001817364415,0.27071473763385745,0.4421225975475127,0.0652918853348767,0.02981076131010904,63.44601382317706,-1.1571315660284434,0.04780496959637043,0.7802840897512389,112.70249011504498,-3.4265752943905934
1611,None,0.32182384789419277,0.07389309824683532,0.1607259209583211,0.1886583785821788,0.25489875431847187,78.15704344759581,0.877154193717196,0.379803172633972,0.32577188856619954,119.19235207696184,3.2828839252449953
1612,Truck,0.006269951669953892,0.0,0.18293189016168207,0.8107981581683641,0.0,19.17666223118401,3.632383843309151,1.5905524484600624,58.0020346189278,116.35068205080633,22.279086207252966
1613,None,0.04111618286553604,0.13401615948701198,0.15557550510636145,0.11651576584324753,0.552776386697843,82.22535392255865,-1.6602083983249099,0.1459886744484622,0.6138257636097886,81.78930544647447,-1.200910662761694
1614,Truck,,,,,,94.9504472360466,-2.6158495351724236,1.5465809449583077,51.459036773026725,96.44708911966369,-7.45396203485045
1615,None,0.16581685777010524,0.2136933882794425,0.16432430027171246,0.28147754914829853,0.17468790453044136,52.30574945036325,-5.938101473760133,0.47233187546697225,-0.03468961637309298,86.76286955655114,-0.7837993896504667
1616,Pedestrian,0.8009662476826674,0.14554556587276712,0.03817315817194095,0.0,0.015315028272624546,11.48466548740908,-2.2449698144605956,1.7144745330857871,3.77620410130733,7.821542428636124,-19.48567351937614
1617,None,0.2573292894498045,0.20122641440314684,0.185191601389532,0.14495801609302789,0.21129467866448876,58.734204531474454,6.81907789270543,0.16377746818012429,-0.230284404211619,90.52019375897461,3.9425081378173754
1618,None,0.4201793695971909,0.018356392111665225,0.15814643961925365,0.22133564459386998,0.18198215407802026,89.96683064827812,-7.712749500165357,0.039145475569142385,0.5306875113918339,84.92943571645046,1.4143746693601864
1619,None,0.20298919339351226,0.0874169503569728,0.32002338090263766,0.2332679726719317,0.15630250267494544,88.89851046623028,8.885303394027119,0.4489832461390329,-0.3520147240556277,99.98445475784985,-3.4163881571943033
1620,Cyclist,0.0693584478763394,0.9208665449818126,0.0,0.009775007141848063,0.0,12.864165116849458,-3.6970908958367548,1.1879646351468744,29.36321490407371,33.18669810873299,18.75434756387486
1621,None,0.08861114515982921,0.11233005310017485,0.29835406523234637,0.37239015511319884,0.1283145813944507,68.19056994945137,-4.675499493468804,0.12971456871152598,-0.6663823470193087,86.99167504691823,-4.896066596729684
1622,None,0.2368611427233424,0.30648002489365467,0.06632634791998457,0.0758929073438764,0.314439577119142,93.62432576291963,4.043739913659547,0.1503052914355823,0.5085705062616575,109.34495696530415,-3.5116808846856227
1623,Cyclist,0.049785327951167795,0.8473778341747743,0.0410641185842838,0.032875122919159096,0.028897596370615043,30.763371442396696,-6.967623728599124,1.4409637520993896,10.777280638025056,22.822038045418623,-21.2971610855996
1624,Cyclist,0.07930492746551276,0.9182976662302171,0.0023974063042699048,0.0,0.0,22.236844284707413,9.910696911869882,1.4240588498917701,15.628042874321798,38.512452644079104,10.775209098640106
1625,None,0.3561024629521246,0.05029208995276379,0.05674156458381617,0.36054113042882674,0.1763227520824686,77.65835271255395,-4.122070286654285,0.3000284628267406,0.6110603078269419,102.37945030506046,4.336785863468288
1626,None,0.44403120369873755,0.19007021482496744,0.02581140395880031,0.12636435119941958,0.21372282631807515,79.74530171311072,7.715447824938924,0.3952230433459478,0.9674672612476878,97.55948917693766,3.4245057118624693
1627,None,0.23519996540171498,0.25512861382575686,0.26676856190413084,0.23622779179903927,0.006675067069358136,86.96372515775816,-2.2315458204266854,0.3147444746616173,0.9708449819178901,111.84432168374875,2.88940003069027
1628,Pedestrian,0.9208885740178809,0.0,0.04207092312373871,0.014781247263925466,0.02225925559445497,26.298794989459743,5.137766192439058,0.9941899763031916,3.574275660677622,5.952067901734544,-14.77290414789065
1629,None,0.19772582168503444,0.2980082642091868,0.3088009836313356,0.06787754285627726,0.12758738761816596,69.51061205311066,-4.26881564276596,0.32454783211754945,-0.9910621281416998,116.09519649842235,-0.6677696360950751
1630,None,0.11273083767825137,0.20857501353646943,0.2619228208003309,0.07574860528117866,0.34102272270376965,98.50698215974977,-9.691250238752055,0.49917339069431144,0.6653480343819969,93.39809471069822,0.083413280865555
1631,None,0.12511548971702247,0.11754130216353668,0.1653568773906439,0.2108030211826362,0.3811833095461608,54.04729578894505,-1.5114855712098763,0.027462711558197184,0.9184869358451484,106.35035230592527,-2.246095502491464
1632,Cyclist,0.04967757209112269,0.8421804635694052,0.009833422800450183,0.05357234443293628,0.04473619710608551,,,,22.61121213099473,13.920639674581508,2.656302161622464
1633,None,0.16836715820692874,0.1911557669081067,0.24475569671916375,0.3957213781658007,0.0,63.25290428187618,3.99320754609864,0.4795748871795788,-0.06871213172702095,119.6591760599764,4.316743982341787
1634,Car,0.04770755383341918,0.006443260095102118,0.8631311548766314,0.002789923739772147,0.07992810745507516,25.58014225916316,-6.880271338286669,2.109997772790729,39.48342790490076,71.36564166321669,-2.8276207032850205
1635,None,0.28366581780910605,0.215650592552232,0.16994267538451896,0.2193377396108598,0.11140317464328317,95.27179904817383,-7.191196145461651,0.08458092262987077,-0.01722236800509447,117.02855124030884,4.069642293499605
1636,Cyclist,0.06740021382335305,0.9030848687931343,0.009781483572656085,0.0105649408620771,0.00916849294877949,24.607396854681575,6.967648125720129,1.7756216696170093,12.806390729323747,12.40903935544304,8.384883820486774
1637,Car,0.007815245616351787,0.0,0.8618637617397117,0.13032099264393665,0.0,64.53473793272693,-1.2349220662145408,1.4763670346686109,46.709061953074915,31.106276894621637,29.566595643772473
1638,Cyclist,0.14467261030302345,0.8288233864990888,0.018801921753910975,0.007702081443976813,0.0,16.60266364293928,-5.499387905195474,1.1022927996714698,16.187701406910904,32.82961989370411,-30.81309199603494
1639,Pedestrian,,,,,,10.756885352540602,-1.5299444530113862,0.7487346921782319,,,
1640,None,0.18483135295774594,0.17208760882495075,0.210529627466587,0.18333805917500118,0.24921335157571523,55.47558726186304,3.356457084772595,0.1402184085590426,0.21024223690657595,114.35514253418904,0.6665301000515136
1641,Car,0.044248011283929925,0.0517532532165527,0.8259993892879092,0.002203387487960473,0.07579595872364767,58.46566607199768,-15.285057458073707,2.334915341114977,36.82857253596917,82.79243412404146,19.08053088281966
1642,Car,0.0,0.0,0.8591540873351944,0.14084591266480564,0.0,50.5833831643676,26.646514524967852,1.263046070484245,68.71942511845015,52.80806011643045,-25.4438041077728
1643,Pedestrian,0.7981536598015436,0.14075732068019534,0.041183555645809326,0.0,0.01990546387245166,24.227815584860164,-5.276719839955104,1.2280293861527298,6.9461873636594245,23.221258058964796,-14.503781401351292
1644,Pedestrian,0.9592803837357098,0.026976580957377323,0.0003435284789838847,0.0,0.013399506827928969,16.995054794315546,-8.201200596174319,1.1934118274079892,3.528790046853158,20.65454936603658,-4.788441351414428
1645,Car,0.0,0.0,0.8865722223652787,0.09177828114838514,0.021649496486336302,22.601329142262976,0.5221793471792063,2.023189337731932,28.145277889446238,62.89897062280092,-6.278612751985946
1646,None,0.0904633845416975,0.35003529215858203,0.07163947991378201,0.037629613717498366,0.45023222966844006,63.768878590578645,9.800930807028301,0.19899809782725286,,,
1647,Pedestrian,0.8759524030052043,0.028106539398467564,0.05284673142573889,0.036877738931399895,0.006216587239189432,9.26999171723578,5.425646210397822,0.5428781212568402,2.67401858159215,29.945063442529975,22.79935327231842
1648,None,0.25131900837533205,0.15819645133353696,0.20529408723639136,0.19134680894121384,0.19384364411352567,,,,0.8800397592857194,118.65900077810707,-1.95346151703631
1649,Pedestrian,0.9010922239942756,0.09647960862069244,0.0024281673850320546,0.0,0.0,22.26135341978113,-3.3054584059211054,2.1323152870761715,2.14782110096373,25.498890203531552,-15.10693216327984
1650,None,0.08537185502041134,0.052636728830830884,0.10202408519725048,0.415758373837424,0.34420895711408334,65.54317914279088,5.054955985626954,0.006112121715755536,-0.7167654860541928,85.1507726359979,-2.230413331025214
1651,None,0.237682202719543,0.15307581232477638,0.07917461115511977,0.1905849301145953,0.33948244368596564,71.62149398200846,5.17072359080605,0.29222669105335336,0.7258378492224609,114.6275428109061,-2.964916876979019
1652,None,0.018947013594785494,0.16716744051017146,0.3108330652529634,0.146690749455684,0.35636173118639564,99.1527619678746,1.5627576919878745,0.4807386523090929,-0.1569908123078685,95.84165471864519,-4.526425197210957
1653,Pedestrian,0.9214493972589775,0.06507983902737542,0.0049188019575034944,0.0,0.008551961756143412,5.770543121827147,1.6178799547372549,0.8419789990250707,1.4075069328430092,19.80417955352768,11.56074299682769
1654,Pedestrian,0.8389060305507179,0.050774291019676364,0.009958162417871511,0.08349228200620615,0.016869234005528297,5.874618222984139,-2.183600387071357,1.0002186376700473,4.762648207616428,8.539806577360554,10.772196187297718
1655,None,0.424028108446467,0.12542011179523363,0.2758660387216177,0.13632739485075882,0.03835834618592294,81.65860911347653,8.431727844497665,0.24820537445274166,-0.29179855267491606,115.45463079745677,2.8633975263218385
1656,None,0.33352209666795046,0.1321413555779285,0.22505943309908866,0.25412569025345505,0.05515142440157729,71.25875783066454,0.11318074143658663,0.32379965615546996,-0.555546795280794,87.7023370078575,-1.1553445653347163
1657,None,0.19631524486615584,0.07875544191147228,0.3780892018954429,0.27508555508965676,0.07175455623727223,62.826010006540734,-2.2341209348494084,0.3515496249809217,-0.0275019020015006,118.46422292382647,0.19903528294004147
1658,Truck,0.0,0.0,0.0944991146966159,0.905500885303384,0.0,79.93446348559134,-29.70396319738362,1.8841003119574136,56.799897877240205,21.653938672315345,15.13106611219287
1659,None,0.07175000001606636,0.31383326095015907,0.2928185391350007,0.19175942276159877,0.12983877713717515,58.20322750962091,-9.856989871544815,0.04026271567071826,-0.9330276984650046,95.994105552565,4.857803316719528
1660,None,0.19704609112211746,0.06697367210485602,0.4598697476206054,0.12256208686311991,0.15354840228930136,58.67598492476276,-3.0888863309284798,0.08412863436825696,0.09698647732436627,114.09760382821135,4.852252910473494
1661,Pedestrian,0.9269815822170097,0.013369099665002963,0.026745957623254546,0.005077838901814362,0.02782552159291843,26.557411853520037,12.05600053343004,1.5317738707359547,5.098886825435038,12.25155820082755,-4.482976038711405
1662,Pedestrian,0.8870706885850275,0.11292931141497246,0.0,0.0,0.0,23.4879579794159,-1.4666036022422617,1.9665686870929153,2.7547469913290126,27.28600344920441,-0.6708721581131145
1663,Cyclist,0.07830749272067317,0.9040701111536678,0.01623054956548262,0.001136124249136178,0.00025572231104024,27.98847475288964,-1.7598131814702218,1.990088741393869,20.339253935527907,31.213348438461033,3.068457083337893
1664,Cyclist,0.050883867134521435,0.9445591203573614,0.0045570125081171925,0.0,0.0,14.578605227129925,-2.4908454956243626,2.806091528100247,13.274750918461772,6.5410918050723,28.194001191996673
1665,Car,0.05676014898287445,0.018981492800125604,0.8811693481817927,0.03598986914270815,0.007099140892499366,10.808129465576563,2.092097573847072,2.246018738083074,30.618630471508293,96.54803289783516,-13.055972568552718
1666,Cyclist,0.04289725734584597,0.9280845429425095,0.0,0.029018199711644453,0.0,9.203228100377467,1.419794576308575,2.8953715191684215,16.37398387053244,36.28660846126839,-17.061840657494162
1667,Truck,0.0,0.00826668399887628,0.1675086602739956,0.8242246557271282,0.0,59.98041950936099,30.057931891800916,1.8186705839280988,25.54877465321154,100.78250064763996,3.1504555787841872
1668,Pedestrian,0.9372907142064747,0.01934726613919794,0.02244140354390044,0.01238299739210233,0.008537618718324464,5.025139523825789,0.745937120711124,2.2395243102383984,4.288827431345994,9.500580368963933,-1.271347203749789
1669,Cyclist,0.11777610937162322,0.7336819830187633,0.06478907661609404,0.041072710203089925,0.04268012079042953,10.539065277549184,-2.609575922843769,2.7914590881621755,26.32904634205637,24.21050114255408,-0.41753242873714336
1670,None,0.2749974352841343,0.07493623651135232,0.2907762888941386,0.011450963756095996,0.34783907555427884,77.76511794435612,7.4087889322793785,0.2405730757073365,-0.7423895937185834,113.43988967379742,-0.7770786831619736
1671,Car,0.005088818980735343,0.025722338596122774,0.8355756458420793,0.10958193081408754,0.024031265766975028,30.239817055818442,-7.045410101975115,1.3336289409234983,26.04981726485334,83.86922870748855,-14.421617136414254
1672,Pedestrian,0.8204209439659799,0.10040132465954618,0.05522014308768668,0.023957588286787276,0.0,22.199873195377602,8.86408359110522,1.8240055979679197,3.5454227979416553,5.784612682400059,4.387864468572973
1673,None,0.06234218624365318,0.04785388673742949,0.47543804794519623,0.17053257820777673,0.2438333008659442,79.78998387109074,7.967061676348582,0.32628527436695204,0.7327393505281516,85.15605004653791,-4.883480862210461
1674,None,0.3204734816160709,0.08460739095218761,0.13313510892943406,0.0857732972358857,0.37601072126642165,50.627126034841694,-4.869256771379156,0.193745244273892,0.2080361850780219,102.32002467761006,-0.9350343156123042
1675,Car,0.02603470105362609,0.03414577174531956,0.8672420165788346,0.028717190041911467,0.04386032058030814,44.80867102865228,-15.309870677962447,1.9386367522753587,40.807010685128674,10.375269840325746,-23.754111834621035
1676,None,0.12155612299638209,0.4488177865200877,0.2290158412845457,0.08836549247539127,0.11224475672359326,79.13720244242052,-1.4751347212091872,0.0020487671563012566,0.7358429846833168,97.14851156254781,-0.7853147282596282
1677,Car,0.008736368725070097,0.03358589220409487,0.8807821993705567,0.07689553970027836,0.0,73.73530722988808,16.691380402650232,1.7458540378278253,27.721953423455936,22.62329645404167,1.0537366644674468
1678,None,0.15699095428579724,0.11445428312818295,0.14593017189603766,0.528646660089692,0.053977930600290096,60.339130980807695,-5.139277192521252,0.16865128843219823,0.3953973906810708,94.08126087354427,-3.9579945702922092
1679,None,0.14895497211803613,0.13226816310238163,0.5255456100951353,0.13630357410057045,0.056927680583876566,73.25344200357742,-8.599215029361593,0.462606353348399,0.2423925715737898,105.74508047722709,-1.013943990919306
1680,Pedestrian,0.9171148853958652,0.06928331171458182,0.0036955048817855288,0.009906298007767444,0.0,14.66804143375432,0.8487159807724082,2.3643972937075626,,,
1681,Cyclist,0.007218274478838339,0.9187749622178596,0.0,0.04567057977404636,0.028336183529255706,22.100268813438543,4.458547730833061,1.4375113547425045,,,
1682,None,0.1657216411681222,0.2152872550056376,0.21429932437603716,0.08379260802878294,0.32089917142142016,70.26394694382604,-0.2844563076773525,0.01383727743356733,,,
1683,Car,0.027220751644287722,0.020707769001904127,0.8471292878607796,0.10494219149302848,0.0,63.995361194675446,4.755379654637143,1.7379091157376272,49.66883426621079,69.29608226877326,-13.228045965351516
1684,None,0.30338068418289843,0.28547657795833886,0.20681262789540192,0.010165241055624297,0.19416486890773657,99.89664668840865,3.7856169640894084,0.34214911131824427,-0.812223791557634,117.97977500944083,-3.945285970314062
1685,Pedestrian,0.7788630330652867,0.04840535765576005,0.06330391233354475,0.06870265760118316,0.040725039344225354,21.31042267077393,-0.07296916757523292,1.9679394282391636,3.0023485506903445,20.250430306816913,13.360393062859284
1686,None,0.04529854939859425,0.3064284394048785,0.22287685985080197,0.07199184113752169,0.35340431020820345,87.74203006183942,-3.9962143595710575,0.4720570739534227,-0.2711057578436826,104.1429586310474,-0.733143959636104
1687,None,0.06184663601439532,0.45026325104985454,0.11582587748516635,0.3647181488562139,0.007346086594370053,55.37538912185958,-9.894219892458358,0.11973401925803157,0.42719451884996285,111.74238500367727,-4.302340392633579
1688,None,0.2721578671493881,0.17240479781564144,0.06396958135128449,0.06821575061764731,0.4232520030660386,86.22337878075213,2.2179358865171555,0.4031505956681839,0.25908135523095366,118.50962527865903,-4.080384473008384
1689,Car,0.0,0.02481707282567657,0.8878728876142048,0.07043313679009308,0.01687690277002547,50.52246068704609,-6.916030785279305,1.1098734943835278,38.01250502605867,39.16139493329621,-9.761176753136962
1690,Car,0.012127146748919258,0.0077751652251811885,0.7900245390308368,0.16952244875237163,0.020550700242691095,47.34803998406507,16.479377552858868,2.594898890562704,56.43183569725453,75.83585763082003,-17.652512281114426
1691,None,0.31953319883590553,0.24962211721040523,0.1043990740995594,0.18199019963098778,0.1444554102231419,93.40442148190427,6.291019215396652,0.1294494577971757,-0.17331351119523264,90.65853699288984,-3.3202853282507316
1692,Car,0.02582575124768432,0.021351200076656158,0.8983717062245843,0.029084527620308484,0.02536681483076666,47.45247051060656,-21.139810660257105,1.4723656093942092,42.973918047516364,54.026306518526695,-21.80693160152124
1693,None,0.12241172195202706,0.1985078625431471,0.34963170944659944,0.05040031761582142,0.2790483884424051,86.25793829711627,4.229963174269834,0.17333879682881992,-0.7981681112622139,96.60874571200424,3.5756475748005574
1694,Pedestrian,0.8372186294651451,0.13832625836110124,0.015810716027669727,0.00864439614608384,0.0,22.243411213330866,-12.719818442758658,0.5391837351644201,1.8759121633578062,16.920101706098293,-13.215025940864557
1695,Car,0.0179628311783408,0.020140956034297615,0.7787605297611156,0.15775176355576578,0.025383919470480187,,,,70.91071108963337,95.28109411547605,-24.20416525554608
1696,Car,0.043948318185849274,0.0,0.8235743283749352,0.1324773534392155,0.0,7.446781090571453,3.010554042917402,2.584501569959609,52.00356316775996,75.8322683897305,5.90373730336395
1697,Truck,0.0060951636479720656,0.015220649374009514,0.012137647807229474,0.9665465391707889,0.0,47.87779372759924,-15.124863376648804,1.467058711167794,25.663496637349617,71.08275801358654,28.48861172808652
1698,Car,0.015362394906006506,0.03284046535670167,0.7636019629620147,0.16475437503802412,0.023440801737253145,49.08193392571852,2.345404259620957,1.0901861851604746,43.91481442843556,38.94443287742278,-23.59342523735584
1699,None,0.5598352146406166,0.20226152387944732,0.025124412060446116,0.09527839383042486,0.11750045558906518,71.90657424006932,-2.6929835663149104,0.31816199791014926,,,
1700,Truck,0.0,0.0,0.19754266695554543,0.8024573330444545,0.0,71.86458536549046,1.3803265467934565,2.84760969103719,29.28708258774004,24.45413524348701,-28.406867533605247
1701,None,0.13646355206059196,0.1753887436230335,0.07861588555907434,0.3648614161206358,0.2446704026366646,51.851404863988634,-1.128218929373336,0.12360292726830108,0.9721666228926416,93.9395292087701,2.079657083933802
1702,Car,0.001642351442082913,0.021465018513958514,0.8317020055704739,0.12588724173452923,0.019303382738955318,49.53539162865481,-3.6486820201539354,2.590811183265884,48.36232623496577,15.448636361537915,-18.302720377459167
1703,Cyclist,0.09925739958088604,0.746951814111141,0.09819969676194942,0.0423058229018742,0.013285266644149193,19.306236931684936,1.0764175222751287,1.5104650317161494,27.54678042894543,34.25093570011244,-0.16506318479924897
1704,None,0.011773313821897278,0.4673702767643186,0.09277132008357232,0.11064027957613735,0.31744480975407446,66.01956594575174,2.3972253431534654,0.05733991262100435,0.29773458613328363,90.96824529161003,3.8031219674981713
1705,None,0.2423189137331428,0.1336212037197787,0.07641547002976683,0.2574254001773379,0.29021901233997377,84.55587663256651,-4.839129966231239,0.4160113325887576,0.5503730321337901,99.0861940927139,-2.7089071501804476
1706,Car,0.057730085136708124,0.0045357541750066606,0.8534235198384911,0.030704863027340046,0.05360577782245416,67.19296537028566,37.90042887009749,2.736819322915068,78.15335043865451,88.03334030285295,21.877521124630096
1707,Pedestrian,0.9272987234052491,0.039746984054999074,0.018251225453017248,0.01470306708673453,0.0,25.57271744748603,-11.597380320967321,0.7193588737899164,5.207445564011996,9.103552990691997,-19.734161417474557
1708,Car,0.03496943144656102,0.010953103584361556,0.7861892488108293,0.15791039937089357,0.009977816787354507,18.46195094435978,-6.863835616982608,2.3757940795092267,33.61622620295646,63.36660593510086,-9.942269860600994
1709,Pedestrian,0.9233097912113264,0.02391337665891529,0.004341468567936098,0.02834442769659943,0.020090935865222728,28.896219452706397,-2.361081712510421,0.8898246010279586,3.3902191695979043,28.210788456233523,4.559434542821436
1710,Car,0.004108537596784783,0.06789036067711995,0.8452792961885434,0.08272180553755183,0.0,4.951867840099944,-1.1533455921760816,1.1842500457520264,59.77325207454632,64.03489484537225,22.395065551246887
1711,Cyclist,0.13282656620317773,0.845084674834599,0.022088758962223183,0.0,0.0,37.49554086873458,-3.292035002558966,1.2276834187855235,19.64410088994807,35.605494365746786,-26.370757226125452
1712,Truck,0.006086074564691841,0.0,0.13864438571608548,0.8422817909412595,0.012987748777963232,88.29857808126397,-45.90963505003236,2.557621772865404,52.363178169511194,42.6852600213087,-26.087690857343603
1713,None,0.30224715013901626,0.28310658816344714,0.24026285623519536,0.0,0.17438340546234118,90.06363985697337,7.448345727835587,0.3047792897520437,0.3599449745561103,100.46243599143038,4.317908039847158
1714,Truck,0.01586697198900451,0.0,0.1931989396471898,0.7671087325388889,0.023825355824916773,22.477517861003143,-6.622891894883777,2.593545181890111,17.185366303427035,103.01128935807864,-22.20127987392018
1715,Truck,0.0008385107652498753,0.0,0.035143713043843866,0.9640177761909062,0.0,56.54680752059343,-20.066016067986,2.074338913191705,,,
1716,Car,0.0,0.0,0.8732698354427897,0.0987268695934449,0.02800329496376539,29.034671544466747,12.409019556079434,2.798051045001318,56.767398919931345,83.59540145505194,-18.867535463803584
1717,None,0.16866978971807142,0.048396253752676456,0.10610508088957825,0.3034068561250361,0.37342201951463777,74.29312511584719,-3.5629320041767105,0.0038069416701341785,-0.19816755154852284,96.91221629274546,1.1199400658004333
1718,Car,0.0,0.01847859015354844,0.890953415887046,0.09056799395940564,0.0,38.136618954229625,8.923730758890496,2.9376345180376324,27.670360915985164,62.97422898637404,-21.24066537484431
1719,None,0.25610905124767036,0.12557442778202207,0.18491470316333047,0.12042611640040723,0.3129757014065698,73.10375385179046,3.9300924009391878,0.3349019099614245,0.17070057800847382,111.94435047112134,0.7161326779439801
1720,None,0.36399367283426853,0.2873591714064218,0.09503524885093133,0.08576080695466186,0.1678510999537165,92.28254707721797,-0.7599463676412803,0.1616271571789763,0.21636665561531188,102.99658155652455,2.067263427209661
1721,Pedestrian,0.8266876711645101,0.1319895913460063,0.0,0.023292634639639872,0.018030102849843712,14.94175457944229,7.246200579267399,2.3822954381511763,2.2512814112357087,6.017263000942367,20.628204732299036
1722,None,0.18978911498771156,0.2454285924782261,0.01443827225029951,0.16671315087188207,0.38363086941188074,,,,-0.1618419991559057,106.40911360648249,3.9136503789975325
1723,None,0.25908852315724756,0.23651152900319786,0.17264927096939392,0.18118109435581034,0.1505695825143504,79.18721280210795,8.086989334671198,0.26490859447104276,-0.6386280946033995,108.53841147641397,1.4869358893513898
1724,None,0.21938880430767455,0.02044517134150746,0.2210482964657059,0.2118066400443925,0.3273110878407196,,,,0.08550455549952996,119.40691611064221,1.0977872675721576
1725,None,0.19621795619885046,0.157554781700876,0.395851189064087,0.16568221389653176,0.08469385913965471,94.31661114480264,8.17670744638328,0.43063925612499804,-0.10029526036143221,107.17221937510351,1.665654573594722
1726,Truck,0.0,0.031312142488759416,0.17401464416496285,0.7946732133462777,0.0,79.99470854731027,22.429603467993196,1.0970705557668672,12.490148364556276,45.22530368737579,4.978360079384298
1727,None,0.047219893158568484,0.1453702041871066,0.18646887368070947,0.2618233090944275,0.3591177198791878,82.39794254437777,2.831915556445976,0.3641720795390153,0.8001175955043245,98.5704245369817,0.18186473012181903
1728,None,0.07994008089686527,0.21952781337567437,0.21997027759815846,0.050462225788675236,0.43009960234062666,99.69539432752569,8.74328018957291,0.3582783985854908,0.19596967812238297,112.65985471638265,3.975545051093343
1729,None,0.19865417150338782,0.14301175465371835,0.33369209797585525,0.20285836149271333,0.12178361437432526,70.74545180557845,6.658475081978374,0.20073436558200874,0.050619915699436246,117.43312505352924,-1.7261102704133204
1730,None,0.34605216363497115,0.33720138411568873,0.10001242929448603,0.11358016448861355,0.10315385846624035,69.61089493373073,-8.52758881413143,0.059455050937508414,-0.30604952311539657,100.96341041950774,-4.992556851109189
1731,Cyclist,0.03743764677868349,0.7815915209272629,0.035009418448612516,0.08164176681468911,0.06431964703075209,11.328480994741406,-2.69865887947366,1.2146331982083847,18.521857800894715,21.126053553730312,-1.8199844104201401
1732,Truck,0.0,0.0,0.1988900548933013,0.7884692411260773,0.012640703980621441,65.70904662657183,-8.410890962716925,1.2076960064773938,,,
1733,None,0.1114469731074458,0.14705263151677778,0.20413060476284708,0.18433050543950663,0.3530392851734228,63.21959886709027,-5.64423190956572,0.3564284162045159,-0.9518700947830423,94.96901687672928,-1.9490573884901332
1734,None,0.1871313890115548,0.08815330476224384,0.08165745094611175,0.2523838515088977,0.39067400377119194,57.22225430057222,8.208850450567745,0.33822470397285825,0.7520453198393309,113.26916845202558,-1.545655677005513
1735,Pedestrian,0.807073809112809,0.11339843267571895,0.039810440975468424,0.025196721436145274,0.014520595799858427,27.423291436418758,6.35386263557331,0.8050312500867924,5.527444585543407,17.585465005413134,21.98113179014705
1736,Cyclist,0.10138262236752535,0.864806953914182,0.033810423718292584,0.0,0.0,12.350405811343185,-2.9599871559636517,1.0577844655746707,12.35022876532688,40.148110059705196,-7.108727334544908
1737,Car,0.0,0.0,0.8163183276694476,0.18133690761042626,0.002344764720126227,28.020456207181613,8.801889834327701,2.0996551628803584,76.09162512263009,35.997467029403936,-9.17549975920713
1738,None,0.07647856603064417,0.19135360303057822,0.19628963361078114,0.17294473836918575,0.36293345895881074,60.490946346428046,8.496388300940477,0.36856126238695536,0.7302133958758581,117.19480581440484,2.9367004822375495
1739,None,,,,,,95.02807175011446,-9.22544126242584,0.30758789859138974,0.3753162782059345,91.38889714868584,-4.627778295505101
1740,Car,0.004987776256558573,0.014131942734227293,0.82347036857857,0.15740991243064406,0.0,6.305216415213904,3.5202718403299014,1.4897904165973683,33.38731150164305,66.99569521649958,12.202550865898456
1741,Cyclist,0.12185925805349329,0.8009315644894823,0.0,0.06435667890443765,0.012852498552586817,14.886185377762459,2.5562197697196933,1.9102394215928362,27.027110215522647,22.106511294478395,11.316464321257541
1742,Car,0.03217375002396947,0.0,0.8939971858887098,0.059263426903693274,0.01456563718362739,38.69455341873661,14.917250083669572,1.2543806144744516,60.54188010888575,71.93555083310966,10.408778259462965
1743,Car,0.009168700250085015,0.0,0.8815490983432454,0.10831579461443008,0.0009664067922396885,73.97497271697425,10.546933299106382,2.157521414276798,54.16926735468333,73.31520913225091,10.954782370542532
1744,None,0.07014392066895818,0.34596362031071776,0.17893126960163908,0.12200956457322766,0.2829516248454574,54.03063043335215,-4.518803113776453,0.23101660645737715,0.1379021812446115,107.84290492672022,-4.114801526661727
1745,Truck,0.0,0.0,0.12374418860978999,0.87625581139021,0.0,51.75623767683793,-18.444501952877747,1.9695908123994228,17.922026608965883,109.73883954039326,25.195155052439887
1746,Car,0.01875969302508138,0.055595608103253265,0.8377339935869473,0.034132177219043526,0.05377852806567451,54.7863833876396,-19.688725844432927,2.3542779558412077,22.203139876474317,51.42475042244917,-24.676594575552624
1747,None,0.42490683528601964,0.18275456866572268,0.011174320704056927,0.14621606012268248,0.23494821522151824,55.75758376473505,-5.054343704740543,0.10985687694653773,-0.06330910319044603,118.18662157267983,1.5808880029098713
1748,None,0.07113882267097665,0.24349406347703548,0.2243408124693336,0.25117546636335386,0.2098508350193004,51.41851095260737,-5.048626001367074,0.12510719753567795,-0.3370244930074173,101.80573551191654,3.3158646700422807
1749,Pedestrian,0.8553346042432394,0.11196458438251342,0.03270081137424718,0.0,0.0,19.72386979691056,-2.642900537006148,0.568779975623078,4.588431822226409,16.837037030094095,11.217387211185894
1750,Car,0.0,0.0,0.7669599222987915,0.20487903642702104,0.028161041274187254,51.06368659798823,6.378272616998237,1.252208388975256,38.48660557012215,88.622939529386,-4.604687696104466
1751,None,0.34457346228286,0.1685630795128492,0.16572243761823846,0.11651783686215259,0.20462318372389976,99.95813060764308,-4.29221870716376,0.02388613264172168,-0.3465213395117801,106.30325735818491,-3.953480131854854
1752,Car,0.0,0.00022200398854667103,0.807322213100194,0.177320404016733,0.015135378894526446,27.135563625046885,8.308078270270528,2.9068886699454435,78.42378332118142,34.54215559282359,24.954457988703982
1753,None,0.13248753027087093,0.13708571537472655,0.17639075821207764,0.18170589804041876,0.3723300981019059,58.343731732933094,7.488326547305601,0.12028487673625837,,,
1754,None,0.193844599385843,0.26862177700957096,0.08384862416644992,0.18162091458344135,0.272064084854695,68.70199197868529,-1.3645132839749312,0.48616619356428453,-0.35702809127494906,105.91703558666148,0.39324336265111626
1755,None,0.2264275627618839,0.2141847863816552,0.0801103892379068,0.28067718560041893,0.19860007601813526,77.78304628435077,3.1236685570276137,0.4056213491076819,0.9096246644134129,114.98583601592354,-3.3063872220457613
1756,Cyclist,0.1346317831727154,0.8653682168272846,0.0,0.0,0.0,34.78801983420892,6.7323585829216555,1.1994915202225975,18.838704032507472,34.03552812271371,20.10199764228551
1757,Truck,0.01830014600111584,0.012836336348543587,0.16464177266846244,0.8021143685549486,0.0021073764269296776,46.69689334675487,1.2368024792931538,1.0811508290378935,12.163713580836353,49.944276719901545,-30.311451166281298
1758,None,0.05546642266216489,0.18292107308430086,0.2043030672011471,0.23218778795477682,0.3251216490976103,90.23615904214344,-0.9314059868458191,0.4374402951510555,0.40915376299970485,89.67004739095019,-4.601380265891778
1759,Car,0.0,0.0,0.8928889694171849,0.1071110305828151,0.0,43.45067888110494,-14.320094731718745,2.944758385377897,57.458554094121496,38.46046761901317,-24.07402270202064
1760,Pedestrian,0.8494996004918863,0.1496067110352623,0.000893688472851364,0.0,0.0,15.770274440186592,8.634885218219969,0.6781658911680348,1.9188314928972414,9.5345878115155,-14.402172602232032
1761,Pedestrian,0.7360535908463942,0.14848580573456732,0.00589548694468949,0.05760248789334782,0.05196262858100115,19.71789050559608,-9.38955526016175,1.0672428387440112,2.4422117767089,11.710325074643862,-0.2390088628657725
1762,None,0.19622101841480213,0.11195186096664868,0.19522166732254004,0.2664611780528079,0.23014427524320125,99.69957116026382,1.5885143797178074,0.46372916190611346,-0.420972408297986,80.55004302310113,-0.6083159220181802
1763,None,0.11519013239239605,0.23639138272373947,0.5037338239959818,0.07852675924694151,0.06615790164094115,,,,-0.2124517391697418,102.25987673293594,-2.848169578132125
1764,Truck,0.0,0.0,0.11195846405428982,0.864406893834269,0.02363464211144119,54.027774810479826,8.248383040962668,1.925948936736719,47.786683552683336,86.81941289978988,-7.8793150212316245
1765,None,0.24522001266875396,0.31408224988051087,0.1172031895865568,0.07521092527030271,0.24828362259387562,61.36903617879692,8.471999102857922,0.15090055141971503,0.05080705024365728,87.62054891603401,1.8669162937787265
1766,Pedestrian,0.8897812371892531,0.0,0.01613722578008451,0.032076066919341624,0.06200547011132078,11.614064054110614,3.626203393093242,1.8626133621032521,4.976148745697337,12.402016711779565,-22.618474824863053
1767,None,0.08615381121059963,0.35776612633494137,0.24544944981828654,0.24492050399943718,0.06571010863673528,,,,-0.25866148558497604,86.42639351314445,2.2462615215797257
1768,None,0.1528946411722606,0.19997478311967465,0.21535284542865213,0.24177419030274216,0.19000353997667047,69.14781444089789,3.9174939718089146,0.2985073753509302,-0.37459949758483213,119.14432514397076,-0.16664796969306472
1769,Pedestrian,0.9389605774334551,0.019707207879750013,0.0,0.0413322146867949,0.0,16.789274900855535,-2.0927392733058716,1.5595893918285013,5.295259023239609,9.923963388133323,-26.08732312507911
1770,Truck,0.005343029969747428,0.0,0.1997918728427632,0.7948650971874892,0.0,25.79257421167112,9.364542062413117,1.6785511437342824,58.06969586280614,50.14231891986127,-20.426608863468186
1771,None,0.12651340098171696,0.15769095267892377,0.19927311664672456,0.13572661100487765,0.380795918687757,51.57583135647493,-7.552028832380488,0.0022570239639372325,-0.1272181450394736,101.83206647166864,1.8364673196727654
1772,Cyclist,0.023142549811568165,0.8932835557539925,0.02724409702479416,0.030916745512088502,0.025413051897556636,30.23812001604965,1.6950411348529384,2.350426959031852,25.987752558923145,29.66981260828325,-4.617555797713582
1773,Truck,0.0,0.026172600429027255,0.19788251197676798,0.7461351804239795,0.029809707170225255,23.730587591457514,-10.988846627975107,1.5215242371086468,56.878734057282195,73.37958568557838,-3.9128296532339926
1774,None,0.0742123752131055,0.43865807039410326,0.18671536595279425,0.24785388849119092,0.052560299948806115,84.0506134431769,-5.250583216849614,0.16007232363949364,0.2050932793604754,85.0723192822547,2.4347812350496536
1775,None,0.06820671483244087,0.32873818119519826,0.23740723506277728,0.2522429111444494,0.1134049577651342,86.9060004560153,9.700236529239621,0.3717203620270432,-0.1779884738125972,109.4264156054634,1.8712439054623502
1776,None,0.12345999080452147,0.24451019153950249,0.10504645301715566,0.367956229424922,0.1590271352138984,77.62294245671305,-6.815259946838541,0.385164041424134,0.054562780079604245,81.82354658109873,0.0009042261711140753
1777,None,0.29393121408818607,0.18480283291459199,0.1622412474164916,0.32520765942498076,0.03381704615574972,55.89431170746184,0.34292018717138006,0.42842786905582203,-0.668659291684834,94.92787394827641,4.883873602098822
1778,None,,,,,,73.60756069378056,-4.68763920597528,0.1681045061081975,,,
1779,Car,0.0,0.0,0.7870770587281963,0.21292294127180356,0.0,52.51834581138854,-23.79770238432809,2.640561751373816,31.18063083752695,20.38400134865003,-11.524521651679205
1780,None,0.34003173586770513,0.07291957171909921,0.39484932212801993,0.0465894284850336,0.14560994180014208,74.50350260741016,-4.098983911783371,0.154810819382585,-0.42708530448737836,86.7800398072499,2.6556026257131213
1781,None,0.2648561277853198,0.2705195251891439,0.2225921965806664,0.02826646090768249,0.21376568953718741,65.54620139929344,-3.89330675227143,0.34985321397526853,-0.9400957852726715,81.94100920315479,0.7011900104822661
1782,Pedestrian,0.8644930332184829,0.11792364557543293,0.0,0.004435979229946072,0.01314734197613811,9.186217399268607,1.9420142628783879,1.570248200926516,2.9697546470425666,19.354312608598804,1.87404573613549
1783,None,0.03383010900698474,0.2667215772519146,0.11457697060000065,0.36222608404604495,0.22264525909505506,54.37162612071052,9.176824545498615,0.3756316647880121,-0.590287132946105,93.36509748709898,-3.5551509808664017
1784,None,0.42291751305563813,0.13423058912796842,0.09554108323474396,0.2791170764456741,0.06819373813597551,74.54629114113554,-7.877025030214853,0.28770361950782114,-0.42105296155129657,113.50989696785955,1.769188527146782
1785,None,0.13595706956755896,0.0680073245808396,0.2754551391421361,0.29232871296760815,0.22825175374185724,61.963276655979946,6.4618718256527465,0.008778739914477585,0.5518158957050139,92.07119799370372,2.27912358161098
1786,Truck,0.0,0.01829554252128841,0.13153697831842237,0.8456750193116399,0.004492459848649459,84.27709600379856,-25.5968825421796,1.80194152190393,57.59694984722104,74.80855634803778,20.382775084752918
1787,Pedestrian,0.7834582848981347,0.10385431488485558,0.040004795675682756,0.0368681946768283,0.03581440986449871,28.276891828553495,6.989483966758896,1.1235847596256,3.6695787622623146,17.02458634574967,27.057318876738748
1788,Pedestrian,0.8997057825166338,0.061968325289073395,0.023039508907882943,0.0,0.015286383286409697,11.576406446322563,6.35884497622661,0.7460488120213444,2.2070595877942374,12.927168639567897,-10.15160852785986
1789,Car,0.021462368601355118,0.0,0.8829619246697356,0.034429836488016945,0.061145870240892415,,,,57.63540208721113,25.853345007898234,11.673562916230576
1790,Truck,0.0,0.0,0.17795624719819342,0.8171228509481695,0.00492090185363714,85.0765704439375,-11.020972279328296,1.6442599493767351,15.18086900251734,56.98077009447403,11.269790540702477
1791,None,0.18711872379205413,0.12013187719434229,0.5840603761793544,0.07506564381981772,0.033623379014431576,80.9417131741846,5.77929696959281,0.3638325688324869,,,
1792,None,0.1388996680868851,0.314906553484492,0.03391167905783389,0.14213819070707073,0.37014390866371844,98.31720538311862,4.67438429345648,0.17200145799013078,-0.03543881506118218,107.17417123247131,-3.2272448209307605
1793,None,0.3158647373691037,0.09374777765541001,0.21835131530213786,0.1956245396463634,0.17641163002698507,64.22354469435255,0.819838763073605,0.23150026431458265,-0.4732068358386545,83.67564973082035,0.40981474589221545
1794,Car,0.008595296389011948,0.03258522557196838,0.7460952098781752,0.17951601278517929,0.0332082553756652,66.69596320453942,-12.386752796943142,1.7287411633793535,30.965690567919523,23.80059852717016,2.985651033249821
1795,Car,0.0,0.0,0.900485130131151,0.05944166181399588,0.04007320805485314,64.596966736804,5.773494569315028,1.4572022614211841,,,
1796,Pedestrian,0.9139147176578512,0.05575167412221722,0.0,0.0,0.030333608219931592,17.157716929612416,-5.679291288469144,0.8647820533055391,,,
1797,None,0.19151285668602339,0.2593392076735722,0.30707397718611246,0.10325657304952575,0.1388173854047663,89.23101957981254,-4.853167259184117,0.37153062888544885,0.05116692561132563,93.01768388184136,3.7277445964492024
1798,Car,0.0,0.0,0.8174639925437902,0.1825360074562097,0.0,52.38324805497343,6.296953007569836,1.5434625913594817,62.717390748486345,95.46984094599551,18.60496513038178
1799,Cyclist,0.06553183863049097,0.83862081212846,0.0,0.04514814807196125,0.05069920116908793,30.378918256101098,5.623231070203217,1.2705933072417215,14.28173994051263,13.836434634788139,23.48939353464766
1800,Car,0.0729469213394143,0.015436811322648812,0.7720891092690002,0.08716600890002299,0.05236114916891378,8.972327378998205,-3.2231383946042467,2.5459969726515617,47.23473738450608,76.5520096039575,-27.31763517115973
1801,None,0.11223956745524995,0.12833815800301243,0.19494206752876558,0.1210035253953546,0.4434766816176175,78.19430168673145,3.3107959747021205,0.25436923813415274,0.46545529084339154,81.24332750288988,1.317743926397636
1802,Pedestrian,0.8001713897502678,0.12921099888593013,0.04224922777190053,0.028368383591901587,0.0,18.9944428858085,-5.194044955882208,1.3277643239590458,2.2668116229996063,18.381858092664373,0.23515494393826267
1803,Cyclist,,,,,,23.371010997273554,3.9746016787699725,2.634002136613405,22.59771641378801,17.316136199740306,-21.01536823043649
1804,Cyclist,0.04442095758098268,0.8582887800783232,0.0694850079062136,0.02780525443448048,0.0,14.530228899286397,3.7838429406030936,2.2289373530715473,12.446554271633387,6.488076881931966,3.5509392856491697
1805,Pedestrian,0.825177235348499,0.106474537067361,0.05917555031160521,0.0,0.009172677272534877,18.740320689458592,1.6524296249618444,2.182708278070084,2.561504436295311,20.773063563773743,-27.439813076205482
1806,Pedestrian,0.8199314476316337,0.13280770594233324,0.006247307868809763,0.03923679338885317,0.0017767451683700947,14.940465999284172,2.8377008989212658,0.8588942476651152,2.4943762766292426,16.59696504374459,12.913031845145438
1807,Pedestrian,0.796972374726415,0.08185115506800533,0.04154398835707723,0.04965108070630092,0.02998140114220166,18.059625654218816,-9.94926442695901,1.6710089282060285,1.0462378074462892,23.709580998177394,-12.49732177718074
1808,None,0.4269730776286998,0.2696942465179581,0.06672047593106595,0.1607100420748574,0.07590215784741866,73.18683552438372,0.0698315141869692,0.4641224906481277,0.003963955108621464,94.52651921173204,2.1041186038341317
1809,Truck,0.03466352122530555,0.012746364793437442,0.0876394482802541,0.8609657952009659,0.0039848705000369985,20.195547128010006,11.727714888705105,1.192816439964055,48.2058757750669,61.33761367578639,-23.512799289007138
1810,Car,0.0,0.0,0.809187823890677,0.19081217610932297,0.0,11.9088046438232,-3.6211836181315964,2.467881948515142,44.95784700513532,88.25559756640448,-20.032691859889344
1811,Pedestrian,0.9566209117186101,0.043379088281389935,0.0,0.0,0.0,5.902408285245016,0.016306252012256255,1.767560381012487,5.991276194027941,23.00148790305274,23.419091249592412
1812,Car,0.0,0.008532168860452766,0.8672012425730571,0.10842679251778713,0.015839796048703055,26.764548950094223,-10.855624163211148,1.5920936881957881,25.630028390159808,79.88802214779655,-24.196813471632293
1813,Pedestrian,0.7853363795325152,0.1164780452589606,0.04574509872062023,0.03470160300655555,0.017738873481348286,15.755965413156574,0.2102116334966047,2.2683651773976248,3.1669818801112966,22.429827014380287,25.218519753841697
1814,None,0.18761514988831324,0.14006486712281507,0.14756200359580365,0.14240613250297174,0.3823518468900963,90.17162073509864,5.138407255046092,0.4966216077884096,-0.7507350963645463,102.93886879806921,2.639916740667151
1815,Cyclist,0.10615659541033334,0.877826428956649,0.006017166730453639,0.009999808902563998,0.0,22.568477565896046,12.731857244910708,2.5046543712063047,29.236926731582887,5.655440927533821,-19.516887668946534
1816,Car,0.0,0.017007105648064017,0.8919214887949047,0.0910714055570312,0.0,10.32559997480302,0.6067822826859051,1.2012345969895821,49.886709566371486,50.4800789164443,14.730667214501368
1817,Pedestrian,,,,,,7.146147990101102,3.5737277657126274,0.7839751148004885,3.7665887141098304,23.828002701285403,26.719099136047568
1818,Car,0.026089119367241852,0.014166238689656116,0.8374745845831115,0.06789124234144339,0.054378815018547,32.93313430114764,10.855060441309472,1.8959416473947022,,,
1819,Cyclist,0.12711074105286818,0.8728892589471319,0.0,0.0,0.0,26.178387974569524,14.483716576391544,1.3012672261824108,18.219904013850694,31.99779975106329,-20.561023475279583
1820,None,0.2300429984881187,0.2877046937196095,0.32521616982513846,0.0982685980396084,0.05876753992752492,63.05257694167042,-4.694869430996338,0.08494320732970112,0.14950660682902628,118.58408528071703,1.0769527227254816
1821,Car,,,,,,74.31660727432393,-25.626990125197885,1.6310269206502825,72.1551750446337,68.06889144022654,-11.57129578204581
1822,None,0.04880631466278928,0.2640875918980353,0.09620505972075398,0.529629777981938,0.06127125573648348,76.18967963409145,9.737416191029144,0.3984055644030435,,,
1823,Pedestrian,0.8850667896041841,0.06074884893071783,0.020293918105209075,0.009153277707128643,0.024737165652760577,16.32984616032147,-9.24267666829067,2.5205887011049684,1.1301015892304629,16.773579924137792,-28.86613914016092
1824,Car,0.0,0.0,0.8551303738079389,0.10838331223152768,0.0364863139605334,66.4500868259567,36.279372857899055,2.2486238448376894,78.75903275887063,13.763224166855585,-4.624212221336409
1825,None,0.08162829511502781,0.33252775086353226,0.19750208093543667,0.03666208235200534,0.35167979073399774,92.7921631978466,3.844364515145193,0.07648265718085612,0.7288457451235861,104.35566187394015,0.45511444786040656
1826,Pedestrian,0.720486203629633,0.15788944351504502,0.0,0.036294385432202154,0.0853299674231197,24.58261609180322,-4.668127391652566,0.5776011980156862,3.168374403550909,7.319320343151795,-21.11095733171884
1827,None,0.15467186844056738,0.3673651776066408,0.15538273646553252,0.16271511573876749,0.15986510174849194,70.89350087583327,9.537148912670276,0.06036026770630892,-0.44988935276860964,85.36157421625238,3.3894568824098705
1828,Car,0.012000940369557319,0.014390300794698347,0.7766089044835628,0.18561135782067426,0.011388496531507376,,,,33.41742795285856,20.163129233766693,-29.631739674117085
1829,Pedestrian,,,,,,12.808259577041902,-5.447012292659561,0.7960092515470989,4.150511381612957,17.707922662197845,-29.207984643214594
1830,Car,0.018490219297417176,0.0,0.7711751051614839,0.2103346755410989,0.0,24.66383684730906,-4.362302894500867,2.296487546713353,67.7460690891858,36.258987168710654,8.959649843408116
1831,Truck,0.0,0.0,0.1473189817264716,0.8526810182735285,0.0,66.0613887155095,-37.63720289411183,1.9001918718076365,56.32026985965875,85.30583954395668,17.589866557853792
1832,None,0.1630546117388575,0.07817704705514839,0.6678538873967451,0.012046738164052242,0.07886771564519693,87.95165698686023,-3.2369324898685985,0.49291777020930067,0.7906882675686875,82.54657141069892,-3.2369154057091585
1833,None,0.42488571119433727,0.32358133476755097,0.0302855679741615,0.02867417020837571,0.19257321585557452,99.5740609153267,1.314383563847164,0.45697335242984655,0.13144740315731296,99.20579520189756,-2.6428503330666144
1834,Car,0.0,0.0,0.8710850843413063,0.11730904114218976,0.011605874516503847,38.36975977040985,22.067212608729047,2.2045716601485497,67.81656844378453,50.45910481377074,11.959250930214937
1835,Truck,0.06141396653591304,0.057522629014318316,0.08611102551677693,0.7678249280574979,0.02712745087549378,24.115085207496666,-1.74125172368359,1.667099773714697,22.462301682696587,22.910588949015086,-5.822794040414304
1836,None,0.15458739304579153,0.20145255742000487,0.10383814423139767,0.23051844226778795,0.30960346303501807,,,,-0.25235101810395566,80.99822954998017,0.6254496302199968
1837,Car,0.0,0.01913767260151732,0.9808623273984827,0.0,0.0,25.354148459882104,-5.479093337590386,1.6937233901748936,56.592662754064285,83.95013219495986,31.362787994207395
1838,None,0.6198951707167922,0.09043618850296338,0.10031596588011182,0.18935267490013258,0.0,,,,0.6665325072453785,104.8389534491984,-4.596272424430142
1839,Car,0.0,0.0,0.8013260328372598,0.18055465131783419,0.018119315844905948,64.74205098105882,-24.260780016206144,2.2789116712467923,62.034386627872024,92.61497139043178,0.27455302827022976
1840,Pedestrian,0.8192136909955543,0.13499030823264482,0.022573308732966518,0.02322269203883423,0.0,6.6451863747346165,2.225974160870765,1.4539728796190219,4.094078192138126,27.17158483083791,-25.620531981544588
1841,None,0.3763340125760157,0.29690696569078334,0.11953106981404679,0.08432499885182983,0.12290295306732459,86.27510901058324,3.315541387003641,0.45166072340936897,-0.4456884990683634,105.64641554817553,3.8213777969154776
1842,None,0.2546345156079024,0.10752809561690256,0.1317123455032539,0.05928427829288675,0.44684076497905434,63.655827043164365,-3.10221587442129,0.33970530621556383,0.16623095143193334,80.4013379571332,-2.361074382012366
1843,None,0.4065415208238374,0.3753789186582816,0.054156209717187445,0.08341948537144546,0.08050386542924816,63.451781390226955,1.3558772375520451,0.34640977996459976,0.2404210646823901,111.57507806301919,0.4539191620806182
1844,Cyclist,0.06405610064360476,0.8949333756128625,0.01591145639507156,0.019870942451509326,0.005228124896951964,27.383447004460066,-4.528707574431889,2.6229882030959315,25.19673384329059,10.35568671921329,9.803208241170148
1845,Pedestrian,0.87395037467658,0.10736341774750019,0.0,0.003216581651477654,0.0154696259244422,24.6023158793848,13.162165467634301,2.1407507368968965,6.076296730671993,8.607851577993722,11.78730440870323
1846,Car,0.0,0.0,0.8027126129873099,0.19728738701269016,0.0,22.041657543415777,12.563358506126102,2.235426832549766,42.96025354588843,60.94882988965995,-11.935788031465792
1847,Car,0.004224837401976454,0.0,0.8176356459800698,0.17813951661795394,0.0,69.94335444280365,19.387487078021966,1.3762937573035452,47.1828587785812,33.9293130217463,2.1217489626354658
1848,Truck,0.07236508473616925,0.0,0.025687598655849197,0.9019473166079816,0.0,,,,,,
1849,Car,0.0,0.030377668592769788,0.847894610507012,0.014090288044932885,0.10763743285528528,39.56831365587165,-13.194070999405294,1.130142348265203,50.74153373486663,68.67708469439158,10.83364554486103
1850,Pedestrian,0.8206798116251448,0.10383893543560314,0.010936519614647838,0.03014409856133066,0.03440063476327348,17.849705659839664,3.263715989969078,1.0491827758506271,5.951333491581279,18.429595804892664,33.98377605256864
1851,None,0.07288721732877197,0.33922395442705205,0.07754198202684214,0.20940005668396436,0.3009467895333695,,,,-0.5538997551408258,96.95497586616486,-4.528456466658906
1852,Car,0.056499131429421645,0.03915585681503411,0.8236399407667293,0.05932101101802028,0.021384059970794598,66.68446967285382,8.461207929973641,1.0735096941067659,62.238373794608115,19.643572111240623,25.27695393290842
1853,Car,0.026275227869386165,0.0,0.9186582313602649,0.04792009734287244,0.007146443427476519,22.57689577559904,-9.625820854876395,1.519067857682094,38.62268210840622,52.83498480271451,26.784429179702244
1854,Truck,0.0071447509188435655,0.054958371359776485,0.07815315785327773,0.854059960600518,0.005683759267584238,13.336067717667078,4.770014696444344,2.7015126570513996,38.03043775467794,10.28613510088279,24.295830657312873
1855,None,0.11379571692646213,0.314947673418397,0.14949338081172972,0.21563343185493167,0.20612979698847947,73.09266665963415,1.4386416238347302,0.1784334996336508,-0.8667377731802297,104.39923057788774,-1.2086563851800571
1856,Cyclist,0.14856238845677022,0.7669816203841912,0.042095095044318555,0.030889665120979418,0.011471230993740844,35.64856488651269,-13.455321190729377,1.6614773953857387,27.45175078990324,26.31713584842672,15.763662818240995
1857,Truck,0.0,0.0,0.1457123051754121,0.8542876948245879,0.0,18.309982410773472,3.3126978810368124,2.2470820289883444,57.056794393742535,66.43975892162393,27.279386094859067
1858,Car,0.04103923968465318,0.03907568294822586,0.7307680545006596,0.1793357720985169,0.009781250767944505,13.315364640101395,-2.9396439250497877,1.6875496709120228,37.04145262628437,39.6857002217131,13.174322644211749
1859,Pedestrian,0.8290658207744707,0.12551032401090165,0.016041474047142807,0.0,0.0293823811674849,17.151260714286476,-4.53502651686734,2.3298984875980544,4.435373632371613,4.696294613154575,19.430939914304275
1860,Car,0.0,0.0,0.8940962821870462,0.0843407619324378,0.02156295588051617,,,,69.22485318852608,96.97830268643898,28.649129134385934
1861,None,0.19664465385038138,0.1913252713139449,0.2366730814176766,0.16397410664110482,0.2113828867768922,52.48086506265414,-3.3812849302873094,0.17697228177993468,-0.27524949523067255,98.16470149855613,0.46997346445602695
1862,Cyclist,0.06352474423511674,0.9364752557648833,0.0,0.0,0.0,10.58407764162186,-1.2522499367563036,1.743070733085543,13.702065485434375,38.25503163749992,-3.908570607970989
1863,Cyclist,0.05833255742533943,0.9335728815517665,0.0032292475012080197,0.0,0.004865313521686069,30.96295895557844,4.862356536656796,1.2018063217758579,22.130635257385894,6.304704404535102,11.70775297336861
1864,Pedestrian,0.9166534256506922,0.06909613903413007,0.010580111093223928,0.0,0.003670324221953933,,,,3.0961486755805208,14.903232055198956,31.456219903938738
1865,None,0.014450543390937426,0.14468801473708764,0.15431419974664481,0.19552907838470304,0.4910181637406271,62.81133607446158,-3.0292600601944404,0.2344586819879022,-0.9414403466397114,110.96036899920662,3.463859941684465
1866,Cyclist,0.032305304660859034,0.8513487829616763,0.002827759104381627,0.06508045199087434,0.04843770128220865,21.546653085849613,-9.315875363428379,2.936616883854482,24.931345734304823,17.440003003521312,0.6350947944748078
1867,Car,0.0,0.014408809408828988,0.7987890256910037,0.18005282124933308,0.00674934365083427,17.76626047898789,-8.771650884927123,1.2241940697531606,22.834721244160782,69.4656633085104,20.045940673123862
1868,Car,0.0,0.04402738814305161,0.8387240296005286,0.11724858225641979,0.0,29.97805051927908,6.147138709951561,1.705426134156279,53.26411368149665,59.79045174471367,26.44062966878464
1869,None,0.1677883528497449,0.04602132454004846,0.44412505731757324,0.14246083429002693,0.19960443100260647,68.80314040288238,-9.970906309822409,0.03202610274101947,-0.016228729690624943,101.46872793550817,2.9942610467569395
1870,Car,0.0,0.0,0.8871909672052753,0.11280903279472469,0.0,,,,22.3832072037024,22.331220256623602,23.047979481191287
1871,None,0.1654426144041454,0.1285761367460643,0.4637085098082386,0.12138865879398056,0.12088408024757115,52.91779029654508,3.03410757054583,0.4925906291985205,-0.4919586652324044,99.73556249964552,-4.502184440213392
1872,Pedestrian,0.9067772002084125,0.004004860675039561,0.0,0.029836478925187825,0.05938146019136017,13.01216920599452,-7.290669955727528,0.5617160586495323,6.26815848268416,15.86344373430106,6.809937913815373
1873,Cyclist,,,,,,25.53969163771262,14.316349521128187,1.6735325707183413,16.482779834116233,36.60537520508996,-18.60869313916059
1874,Car,0.0,0.010197964981673928,0.7679852573640724,0.16727779755839317,0.054538980095860494,33.5879321944297,-7.628429759356017,2.0649942276843736,53.63556872422327,52.88744372192455,25.408571960645023
1875,None,0.22036758974936785,0.05027671080771237,0.2689658717585709,0.30783884513023335,0.1525509825541155,58.02154814495809,-8.031127365500828,0.2898682812820215,-0.7555564102979135,100.09257821521456,1.870681172647907
1876,None,0.07260009690140307,0.24155004202378938,0.1504963170886696,0.33596965830651937,0.19938388567961862,,,,0.4688220618174903,90.46816280912381,3.776782503720556
1877,Car,0.0,0.0120037604133204,0.8324949339058173,0.14501319328013973,0.010488112400722685,52.13941465655526,-18.791407559608807,1.1503755486009553,72.88361174743996,55.33565375503414,3.935388978949259
1878,Pedestrian,0.9188479167783794,0.023616185955329595,0.0241570608677548,0.009973242885744596,0.023405593512791534,27.452916539796018,7.267534518887376,0.9813732349112108,2.5224401864901282,27.222729303542987,-33.06965758596279
1879,None,0.057435087594985605,0.1492215331059273,0.13336332150303476,0.3948552935373035,0.2651247642587489,93.73956687961055,-5.785254603797972,0.4125728562039043,0.3320617297719992,95.77551297203038,-1.3256561856234939
1880,None,0.14741155960412708,0.14408806736220467,0.2633774200419517,0.23167649372237265,0.213446459269344,82.51318496573087,-5.9147153075375165,0.345759360050017,-0.5965633309003955,109.8900752160771,-1.3713190719116986
1881,Cyclist,0.014632922746255196,0.9760190219057074,0.0,0.0,0.009348055348037336,11.873077594675086,-0.5275794409574954,2.967790775091831,18.983842260461497,38.44714910090514,-11.517692212590442
1882,Car,0.003867496543241563,0.032761667875007866,0.8596886703229989,0.0845197659827819,0.0191623992759697,40.14137386409094,7.258192182311402,2.3701011429306926,48.19262225324301,93.15337415604672,4.023200753930592
1883,Truck,0.009233107710942335,0.012646235126741937,0.16174955062414273,0.816371106538173,0.0,11.041079605399617,-3.5558960280862517,1.3287196811261452,52.89282171107123,40.374906016236096,-6.1813015808217076
1884,None,0.5056201297309082,0.006025659088355548,0.13238009013810575,0.17952785310182762,0.17644626794080287,73.76605523268947,8.749691323753229,0.3609823190327786,-0.33483510697687,83.72509972471494,3.2098291105286876
1885,Truck,0.011507235779406424,0.0,0.13650853032295981,0.8410676762973949,0.01091655760023909,84.86429716867242,48.37619325609851,2.1602183001482222,24.604092449929258,58.80760441576451,1.23506041390057
1886,Car,0.0,0.0,0.8655641055979397,0.11922010991891213,0.015215784483148136,25.4306406965298,-6.545382496158901,1.3447087257971317,24.375746659096702,90.40063104187936,7.8100374106218755
1887,Cyclist,0.036636369367365,0.9312548312819852,0.005252722068578695,0.0008488455140641958,0.026007231768006955,17.612828963903077,-7.165891821039524,2.7433985254589115,15.79671601990894,35.72307161152718,-19.710523059842885
1888,Pedestrian,0.987017648480201,0.0,0.0,0.0,0.012982351519798974,6.219770249506708,0.6204539634047119,2.045356017782071,4.4429436542316925,17.444524207967547,17.390164246771043
1889,Pedestrian,0.7347218543352916,0.16408658738328993,0.033641557540757185,0.009616626035315708,0.05793337470534573,14.864217775932355,4.036817048179157,2.2741393212835157,5.745466430668012,29.9443425815532,6.505811529055881
1890,None,0.05689269461430969,0.4168587459734633,0.2704259562097457,0.043496152772969233,0.21232645042951206,91.00863287120481,-0.6669099886701524,0.28059359975419707,,,
1891,Pedestrian,0.8212530787952581,0.1345857072892272,0.01242906644884876,0.014232420524791825,0.017499726941874225,21.69243751532002,4.049724513737281,1.454985588323392,2.4432529912385785,16.970499987410864,11.117672546126506
1892,None,0.1654975892283141,0.2366830821670551,0.04790502850034474,0.3993126752762709,0.1506016248280151,76.41803467247843,7.813810482844087,0.029559736417135052,0.6832550556380259,81.50060987702784,1.3918121932213552
1893,Cyclist,0.13798977158122488,0.8461650824994768,0.01584514591929839,0.0,0.0,27.131837076969795,-2.9208050376240244,1.1260697439627632,28.365605837001475,23.844349956835174,1.824844092192366
1894,Cyclist,0.10547960413435722,0.8717214918053255,0.003311326277039237,0.0,0.019487577783278184,20.297129726063442,-3.3187052286077425,2.369158623612525,14.769789688759396,26.421402457605417,4.859762789011196
1895,Pedestrian,0.8699168675560459,0.09724370546065374,0.0,0.0328394269833002,0.0,7.635198816084966,-2.081211058999293,1.341996432060209,5.434091826062666,16.739561229968462,-11.51959415582156
1896,Car,0.0,0.0,0.8737788319121638,0.12622116808783626,0.0,29.517783748442493,-7.6828521281336375,3.018312424446092,50.09082243578883,77.89771856713264,19.274210997877386
1897,Pedestrian,0.834369837333056,0.035310117332953334,0.0,0.07010807323235849,0.06021197210163216,14.844359169627548,-3.2364313073852293,1.0812060451485561,2.7137390670034987,29.397329877804978,16.687152327713736
1898,Pedestrian,0.7424001644554462,0.1547538638320146,0.03416387826905634,0.04251884473863068,0.026163248704852027,10.460109696479499,1.853724847888361,1.511080790728251,4.950114954578166,15.5124910911508,6.30592253985619
1899,Car,0.009391674202374982,0.10541585084693716,0.8596938920050715,0.0,0.025498582945616428,50.643530578007756,13.679254611002271,2.8375601566343267,40.659172764898095,22.681831499485753,-6.642084139700534
1900,None,0.2576846945246642,0.391626858685458,0.13364289277131772,0.0,0.21704555401856002,52.93507463157323,-7.793705266417539,0.13512649426885187,-0.6315300179375478,100.87398399551468,0.079032654955288
1901,None,0.20329926660535586,0.21589983829302567,0.252450276672929,0.08468376367339349,0.243666854755296,51.35776784454715,-1.8506772647358218,0.17149623328462305,-0.9748275696923727,106.43409915217896,-1.5363876407542176
1902,None,0.12852803188335304,0.05144574970482445,0.23856569877111272,0.22900469912908178,0.3524558205116281,71.3516895536286,-0.8911974984481148,0.18601300671568016,-0.3533489146892481,105.47261602363595,-2.973628844811931
1903,None,,,,,,69.09795884258462,-2.5557985422306295,0.14581531092591238,0.541934120524872,96.81819457152127,3.139731787612435
1904,Cyclist,0.13481467588088145,0.8333367924355441,0.017572863475901094,0.0032281424014097295,0.011047525806263541,23.16400424777572,8.689549159675682,1.2856969206094693,27.880999068209466,4.944812914992653,-19.84799654428537
1905,Car,0.0,0.0,0.8221923800386893,0.17780761996131067,0.0,65.45881120917656,-3.307927159313674,1.1977080320938798,65.49703630866121,34.317335093194956,20.59550677525371
1906,None,0.1892990828623358,0.24180159934282996,0.37933747187715683,0.07473892746170976,0.11482291845596757,86.93962726875638,-6.047935594395854,0.1425871335829178,-0.5580246138502916,97.63629527962945,-1.4438994641294922
1907,Cyclist,0.07015925447309884,0.8590561319469402,0.04908783584602827,0.0191857021342913,0.0025110755996413108,32.2931325978172,0.8068704062268064,2.768303684101178,,,
1908,None,0.11102811262057175,0.11361257729752565,0.13617587645150162,0.3129785202320052,0.3262049133983958,85.69866040361904,1.5234640165908075,0.3052444013500032,0.050614277816154685,88.73108799224421,-4.875603231552567
1909,Pedestrian,0.84382341024666,0.11271811027705257,0.0,0.005873657502623135,0.03758482197366439,25.815111613989266,-4.111180991511274,0.5610223679244134,5.661381232404325,12.296152676885677,-28.61883018811736
1910,Car,0.0,0.0,0.8905550236319725,0.10944497636802751,0.0,17.45930794747326,-1.7747716292983702,1.7398506298727632,61.91300606633277,58.528085745278005,15.866387354747657
1911,None,0.18919440223618395,0.17046347639644588,0.32995174290414214,0.14408661815989177,0.16630376030333618,88.8221745991801,0.052765419809961855,0.24058108379971754,0.33717578030575446,119.6741751453383,-1.4804729925493234
1912,Cyclist,0.10518772649588999,0.8365021238921183,0.01366944590052169,0.0028501105768613203,0.04179059313460873,27.599296517638017,2.3385454017510043,1.8182175913917107,24.90888556896368,18.61369950821016,20.923843776204105
1913,None,0.024370052524668676,0.27924621724080556,0.1463210036401029,0.24587545454906562,0.3041872720453572,75.67319856315112,-3.6581128830253418,0.010220349201605028,-0.6768121633451958,103.31416577680652,2.6955402050773944
1914,None,0.10283528325181483,0.3381090476665751,0.18289583165778417,0.32886206046020766,0.04729777696361815,58.10703120192255,9.67194990592164,0.31161138127030513,-0.46287492397942054,94.88319076366444,-4.441005297471239
1915,None,0.2658631942161338,0.09871382785279073,0.19139979812657099,0.17593075134536623,0.2680924284591383,58.52928906177107,4.796753191025855,0.17084329457785663,-0.8445740702483961,103.53683049073075,-4.065799024653551
1916,None,,,,,,97.16781350084872,0.8561435887701219,0.009863583492692729,-0.8572969761650295,108.84681699500923,2.0149248082777635
1917,Car,0.0,0.05526641122509427,0.8689204607201269,0.03263124772703244,0.04318188032774647,61.415053403616064,-12.259102877408427,1.8955777705774233,59.98128792765062,36.738252947315786,-5.279322407556988
1918,None,0.11788310512745939,0.3136679955335372,0.33406844188253454,0.10974765550078959,0.1246328019556794,55.88304405210693,4.084703357777659,0.4596477662787782,-0.7665943983694998,102.28909999722785,-4.535995776570143
1919,Cyclist,0.056224210749869184,0.8899884962635078,0.03570060662883168,0.0,0.018086686357791412,36.666992511547576,10.493878210619291,1.4418270243225892,20.141309863262496,15.764171444714945,-27.07133352420276
1920,None,0.12827424076959734,0.11868259832351105,0.24195982434947721,0.35038301490663454,0.16070032165078005,51.32078268525247,0.5946695920697813,0.37360710351527854,-0.7346116234244426,93.65806550880416,-4.214442083048398
1921,None,0.2747377442571451,0.20199365645679795,0.16441274298993985,0.1914143325974724,0.16744152369864457,,,,-0.5068930387714556,92.83418120264471,-0.6774423950796669
1922,Pedestrian,0.7945498287435815,0.05807264344026828,0.03620022750084325,0.017530452082141604,0.09364684823316535,25.01335176629807,-10.44798310752231,2.220298173875685,5.0476582325710995,6.0921223337031805,-17.0373356211479
1923,Pedestrian,0.8519208387400301,0.13376273565990202,0.014316425600067779,0.0,0.0,23.670368623213037,11.220146141275311,1.9603496039884367,,,
1924,Car,0.0027354679584013033,0.007223622962446539,0.7809175833475547,0.20912332573159756,0.0,38.961885272414555,8.754845161696071,1.3391660146722812,51.37547059485307,13.929694895511073,-19.528796693003066
1925,None,0.3067880814349515,0.05052888462524249,0.01763695883272075,0.47469426986646485,0.1503518052406205,99.09196638800091,3.6761472726984223,0.390055508115487,0.008062993157821108,82.85165026243583,2.902917269389233
1926,Cyclist,0.03156294447790872,0.8337102806778675,0.03678454361273194,0.09109766496443106,0.006844566267060827,37.55880001192848,10.585575413600461,1.7791714903506803,18.818661222432315,14.514628266218518,25.897588552648504
1927,Car,,,,,,65.35998796280994,-5.2516842106594,1.196893839733247,71.73073669877066,12.916791411777409,21.11795691135986
1928,None,0.17842374845368375,0.02853127299023226,0.5411003434604887,0.2181509331215334,0.03379370197406194,62.15167768351935,3.9140942009224204,0.23994373252006618,0.29739491855211053,102.3474693412767,1.1307202988204637
1929,None,,,,,,89.11935698747912,-4.433597251433867,0.361723503405625,0.9912922748962152,88.48820584828538,-4.417644087093995
1930,Cyclist,0.06517214339906226,0.8994625364109791,0.0,0.017882429959584386,0.017482890230374422,15.057428838913069,4.491804058528718,1.8502694622772977,24.738035965249164,7.865238456740209,-16.57833437935058
1931,None,,,,,,72.42656629642123,0.04922151374755046,0.18818819809339565,-0.2650991114897836,82.99893364764036,-2.090810802999581
1932,None,0.2180769969941881,0.05594823907740068,0.17616365309129417,0.17691965610285945,0.37289145473425755,50.498960502932874,3.893615751009996,0.3578061042402919,-0.48226010180600576,117.09873842327303,3.7567558313024865
1933,None,0.10316411030861554,0.37881672117579707,0.22730382425499468,0.2657205505344183,0.02499479372617457,50.6682376335746,2.6705317278658214,0.20284096205779223,-0.40746093316731913,85.09102070344413,-0.9857533582579157
1934,None,0.13478889751083029,0.32505702111892987,0.23151804618919936,0.0705331014524959,0.2381029337285446,67.35385691757172,-2.8384706527041708,0.28274480756366094,-0.6206777418624998,108.67850807738964,-4.924994495694838
1935,Car,0.00902604582866126,0.0405143529577594,0.7398821295701103,0.19821956636652735,0.012357905276941757,19.49597127575164,2.397732679581432,1.5051377078029708,44.17920575729006,37.986622671018814,-19.819953919215
1936,Pedestrian,0.8280934419110416,0.11614090036274642,0.029696327841409405,0.0017201741752800367,0.02434915570952251,,,,4.256509136317022,12.07154949242419,-4.339823996548945
1937,None,0.17781828997715998,0.01749126613030692,0.08127819864237062,0.6213493870331347,0.10206285821702785,53.29467194348175,-4.983937059888424,0.36096437335184195,0.08356191518588019,109.02365329030914,1.8357987061432848
1938,None,0.42899020075635913,0.10684931694996962,0.04873181880353344,0.33222445525726974,0.08320420823286807,59.72920164169051,1.7808661930242877,0.37077141039290196,0.9872730816790525,97.36650882254304,-1.8819491239003714
1939,Truck,0.0,0.030879215597365468,0.1469449733269556,0.8221758110756789,0.0,9.46757151022503,1.3057023514269521,2.227903947234491,47.882648989273655,61.79299725803333,-12.43006978168315
1940,None,0.0,0.3701297322415088,0.23817426050361748,0.21998663699125318,0.17170937026362051,78.83036749610517,8.596279202480886,0.15393316804331908,-0.8279103053629693,83.53112653601713,2.1295993600450682
1941,Car,0.03253755265461988,0.029674754531315465,0.7326299369008084,0.16816970107105564,0.0369880548422006,24.13713171344689,-13.055288704901223,1.754768010337314,78.41405172233168,66.62219691798056,9.81496542475499
1942,Pedestrian,0.8944338852359481,0.0767068652884655,0.02445947085261307,0.004399778622973275,0.0,,,,3.316012299148484,16.756181435260665,-10.476655288338321
1943,Cyclist,0.108045776653553,0.7804781565829013,0.05134992345805732,0.029829270775103497,0.030296872530384867,6.8612637046209315,2.8687975545826223,2.5734519586612477,22.728048081633652,16.179112355336216,-26.573593330195173
1944,Pedestrian,0.847601978242358,0.018502916974939363,0.052709106676012876,0.08118599810668989,0.0,5.747992098211225,0.7379517517258327,2.04761529379039,1.3218104514725018,27.675397040193264,-5.632148976082679
1945,None,0.08107297477264533,0.07173397428543565,0.42400852319202387,0.24933753609122788,0.17384699165866718,72.61116272299925,-6.7760515334159805,0.24972587203642788,,,
1946,Cyclist,0.024652026444763157,0.9253483575911222,0.04608376093788494,0.0,0.00391585502622952,25.34364486890455,-11.055217422149198,2.8064829680622063,22.308530669743153,28.335773475507565,-18.059150975424945
1947,Car,0.06099190285040752,0.024976273326962086,0.8262172298127812,0.08781459400984919,0.0,24.996273763536948,6.958884480641001,2.7733384602300633,44.91268072092869,92.11983451844168,20.875290576177054
1948,Car,0.0,0.0,0.9308123440138,0.034486046250030385,0.03470160973616959,7.252995667884673,-1.0990094346542132,2.620126812539886,38.65807586293012,97.693129088847,20.834811504637056
1949,Car,0.07302750508112507,0.03097743725241109,0.8482209285733705,0.005488017428351257,0.042286111664742054,75.59069094698252,-11.982115455423104,1.5877330760321804,43.081087265582525,72.88004475445877,1.7535471809297931
1950,Car,0.04380391764639413,0.014826858407961135,0.8636826583108722,0.048911748016159905,0.028774817618612693,60.465036317351014,-9.72694763145987,2.1091016887734733,,,
1951,None,0.3984033390546379,0.3974240192918624,0.03389948594177735,0.023349663949729184,0.14692349176199318,66.06612221075636,-9.255107394731354,0.06903070984168014,0.27993940156736774,87.24351586777694,-1.1850147604486052
1952,Pedestrian,0.7618049575157988,0.07477912508064821,0.0536942769293851,0.0763038898399377,0.033417750634230164,7.987448410572973,-4.072885916704734,2.0359590570645505,3.4712256941767885,8.233296163631485,10.997290076721148
1953,Pedestrian,0.8872663557369166,0.06294986606681217,0.025830096006265856,0.0017571026166081293,0.022196579573397275,25.343170336823754,-5.912092256473651,1.224282938687105,3.452752673772104,6.401132577810156,23.39759437015985
1954,Car,,,,,,41.03518676174411,-17.030673682493536,1.8762525231722018,70.5074614684303,93.73793155321763,28.234988594502816
1955,Pedestrian,0.8517189689803395,0.09527954171573848,0.01343011395782027,0.030960602164775267,0.008610773181326402,20.28893686531998,-8.414708779288036,1.7811093769569808,3.954974171315044,20.148062113076122,-17.43679425286932
1956,Car,0.008131848173362034,0.00840522294762481,0.8520269829196132,0.13143594595940003,0.0,35.5024299043826,7.431849377698413,2.777525393017782,73.2796210600827,70.10803091914786,-5.54239692640734
1957,Car,0.02873871316316775,0.03863576244740818,0.8184757647537639,0.11414975963566004,0.0,,,,28.54666876586326,78.55442015571674,-20.324897060570876
1958,None,0.18786928726475371,0.240054641620254,0.05650737445370462,0.07234003479697874,0.44322866186430887,52.65824130969032,-9.308672756796259,0.013726274030680163,-0.06578838269800835,84.2978804907938,4.96743594890906
1959,Truck,0.0086979473711307,0.0,0.14893514326720714,0.842366909361662,0.0,11.603507689609465,4.595605030488534,2.648873266415743,33.30611713327351,114.49192410307592,24.159812600785955
1960,Pedestrian,0.872837649231765,0.08709309349551338,0.023211139659772475,0.015125013076643042,0.0017331045363061983,14.927039629908409,0.27043899027010265,1.867122322129849,3.5036501310830364,21.174619934720635,-19.105518967076314
1961,Car,0.020416826188124355,0.0,0.9541470517550042,0.009821709363841953,0.015614412693029312,22.31681451469414,3.2564108276789314,2.5427756156659944,47.13927487848235,90.99945902677341,25.37667871781423
1962,Car,0.011087771968769537,0.008260008484465968,0.8864121890717195,0.08403916311566172,0.010200867359383348,55.35455614906651,-30.714992423060973,2.7485286369439694,73.49512934413274,43.00832312355462,5.844578960327948
1963,None,0.11237546118797317,0.17822972426174266,0.002636294967388683,0.1768713976812286,0.5298871219016669,,,,0.11620337245818924,113.45249644891793,-2.843762436707875
1964,Truck,0.0,0.0,0.19311613888147683,0.8068838611185232,0.0,75.33951825569464,2.393527101456176,2.557960739303695,23.567701970979083,66.2502867942724,7.105336310334929
1965,Car,0.0,0.01653902428230804,0.8874990481784161,0.07242146281003381,0.02354046472924218,36.00267197433812,10.18689428079242,2.8459162524806527,53.91263318915535,34.82000755737959,-20.329849760927885
1966,None,0.11386980286835272,0.038441814932538725,0.07620300786903005,0.5139193295382054,0.257566044791873,55.065959098159496,3.480897155886682,0.2020662013588515,-0.5301658400929246,108.80224992332373,-4.482411469689871
1967,Car,0.0,0.0,0.838392217578826,0.16160778242117396,0.0,39.56569578367087,-4.650910616594058,1.709840832207147,36.05613035588347,25.662890246595694,20.12451455945974
1968,Pedestrian,0.8352402348494737,0.013776312952750676,0.021245206598567292,0.03236777166185799,0.09737047393735021,12.181796873698524,1.654639187239179,0.5237423325297975,3.4624826705782064,21.136474134466354,24.33150298994359
1969,None,0.054228263487672776,0.39632526269383045,0.22164684677722304,0.2603173590351344,0.06748226800613931,75.15844167224567,1.6893502282607251,0.11024106253995641,0.604749394292696,103.09279321232925,0.22963562064052567
1970,None,0.18231593504391844,0.31759763701986937,0.07226439107292701,0.3565958717749457,0.07122616508833941,89.04741144837638,-1.7295517065864665,0.18385451280206727,0.18915197125701866,113.12054855954364,0.6134155027990795
1971,None,0.1326453268179441,0.29117296316383695,0.17561386491219827,0.31719271921549563,0.08337512589052493,75.91846015074681,4.552407404547189,0.44616438184409307,-0.834644283503283,92.81418620018617,0.4630115041365901
1972,None,0.09577666707765313,0.1406115561819607,0.5608308147762474,0.13362918845706326,0.06915177350707548,90.99233306072873,-3.3359741207999942,0.4059904777379618,-0.06295512655043223,100.91781308584137,-3.2234045172859815
1973,None,0.11425802030856168,0.18782065142837504,0.16566392886764678,0.2510762801001589,0.28118111929525763,88.42876145393426,4.444432006828585,0.05093872088870066,0.6319009961304547,106.17200725935976,1.8102790492772778
1974,Car,0.0,0.0,0.8343363665116803,0.16566363348831972,0.0,69.41560196129085,13.921196065930504,0.7761647404354228,54.799153564040566,34.734293117762725,23.736029609949338
1975,None,0.21313722299421384,0.1453291579163937,0.4197715774484797,0.056044570738347475,0.1657174709025652,65.65114744212012,-9.699358621305835,0.3159033659129265,0.2597430311281881,103.0381964974358,-3.6228405851977854
1976,Car,0.015882196784538328,0.045707280982389915,0.8705807630865927,0.0678297591464792,0.0,11.652691748876457,-0.9626514346615698,1.9476200829137085,41.31692512985659,30.39405894015357,-14.27470982342186
1977,Car,0.0,0.0,0.7842851895388618,0.20339067441609224,0.012324136045045895,,,,53.17726161460494,65.59337335033294,-1.4222532174975089
1978,None,0.19211001344232875,0.14562299725505912,0.02524591058454347,0.20842577463230527,0.42859530408576335,66.4758836536009,4.237480407967812,0.08256477344083313,-0.2040676445841203,100.32963914794081,0.6963306107088441
1979,None,0.09398339128322021,0.7743429238113305,0.0,0.042426250936601816,0.08924743396884748,69.84879877601482,6.5417909754859735,0.3582535421070882,0.6248409264333326,99.45457673933291,-1.3190859188119832
1980,Car,0.042438449013001665,0.0,0.7210744208564125,0.18703082745737074,0.049456302673215276,65.7942447781568,-30.60381525923418,1.6867832322914322,27.144607054074562,46.839962599970576,-2.745525147679414
1981,None,,,,,,97.34432307771485,4.288673122723928,0.35362626429170885,0.9315736432765644,80.01292926723255,-4.235185898839722
1982,None,0.03749044645582312,0.20796115546361937,0.480971348351086,0.13841521658055528,0.13516183314891628,72.5380686547067,-7.401686506231138,0.15809133665668873,-0.36133433629533473,82.76054589105932,4.254450558977982
1983,None,0.2989809439726099,0.12930298347590802,0.2276508075526789,0.26696146671918697,0.0771037982796162,81.57296185012234,-5.7278449576831765,0.29759659375960373,-0.23113103792685363,115.50922068356135,3.2941572474708067
1984,None,0.22581316506964366,0.22861738291874717,0.08138770643016031,0.15516189032717623,0.3090198552542726,62.96243046518441,-1.7309168488442417,0.4407583988023499,-0.3297796143433336,106.86091936704938,1.1184506092405444
1985,Car,,,,,,21.80651749306978,-0.4092829714845049,2.2513316795142084,31.141327900777515,40.03138299651797,-2.800971358679274
1986,None,0.24314586479895445,0.16451897653611505,0.06872118381337472,0.30615897762450806,0.21745499722704772,83.25911078673144,-1.0450680862583255,0.034166440616941574,,,
1987,None,0.3934615259240411,0.13855565409909562,0.1589135193493291,0.10034074217049728,0.2087285584570369,52.09052251984385,-3.4115489229532887,0.44569321214144975,0.5816641350757665,96.6948731417474,3.029278507387348
1988,None,0.26137565878056906,0.32281219737407263,0.03495638695077586,0.3486599405668629,0.03219581632771974,69.01664419657305,-0.46809762522999065,0.17624363288012745,0.10316912557541547,85.27013718364543,4.150272064226053
1989,Car,0.04514912111949479,0.05902186664149459,0.7798673887061854,0.11350303017445992,0.0024585933583653485,26.999722921172033,15.379934627613274,2.874794626785018,21.553003839534945,55.35701927815827,2.903750474338036
1990,Truck,0.031173137773386598,0.01110909463908668,0.0,0.8590962341606926,0.09862153342683413,92.37516484676387,3.7847195397795343,1.5019854732330506,48.36404588262683,88.13243976182845,6.134961693001455
1991,None,0.09563940765785248,0.20216755067203865,0.2934026059225653,0.19753949574649246,0.2112509400010511,97.90253854938807,6.167285578042442,0.14791131803458635,0.9340886657619936,103.406897058627,-3.268948605892994
1992,Pedestrian,0.7880199958685202,0.10240628643676514,0.03395928846011939,0.0530462421276773,0.022568187106917933,23.697205114252633,-4.848029962265185,0.6535256487193932,2.628482701557997,27.405746294634717,9.013418655758354
1993,None,0.24617725369812757,0.05510695122911571,0.20081601373070904,0.4611110376358921,0.036788743706155515,95.62205444040276,-1.260902442398848,0.24238817482391917,-0.44219436139510315,84.5974649724395,-2.380204770926465
1994,Truck,0.025461495592823593,0.01145799004033433,0.15115587273210324,0.8119246416347389,0.0,58.27730778722625,-11.533796227128626,2.6469011570796255,59.23920172406542,54.691816019359166,13.306676388527233
1995,None,0.06886393843564062,0.1682758352567679,0.16330556352857387,0.23801707532665736,0.36153758745236036,76.27141515712096,9.733534993266538,0.39840994662163937,0.21317197861921477,89.95206850629566,2.347529434197652
1996,Pedestrian,,,,,,4.915703173445857,2.7599586144949093,1.8373222672693992,6.570983547939688,5.591828854318195,-10.051061241124156
1997,Pedestrian,0.852706135210567,0.14589312584590236,0.0,0.0,0.00140073894353062,25.8367147533933,-12.681775687894005,1.9337348912831303,2.4813271012329556,19.218834012930344,-14.24490917519579
1998,Car,0.012731911937410004,0.04183491970251409,0.8785695936350756,0.06298714197395022,0.0038764327510501973,24.141476217975807,-6.402318334492495,1.6487636679931483,51.21850691281858,23.157148099773398,-17.453920830549666
1999,Cyclist,0.06286858647627225,0.9304485035555348,0.0,0.006682909968193079,0.0,23.813441676612744,-8.640111018841079,2.7502922453243808,27.251028488735386,29.267200112478502,20.188943594569476
